decision_time,session_id,segment_id,valid,state_id,state_age_minutes,flow_available,flow_pressure,absorption,response_z5,vwap_available,recovery_active,recovery_failed_now,recovery_failures,reference_available,reference_residual_z,minutes_remaining,minutes_from_segment_open,state_0,state_1,state_2,state_3,state_4
2025-01-06 13:00:00+00:00,2025-01-06,2025-01-06:1,False,-1,0,False,,,,False,0,0,0,False,,480.0,0.0,,,,,
2025-01-06 13:05:00+00:00,2025-01-06,2025-01-06:1,False,-1,0,True,0.1262135922330097,,,False,0,0,0,False,,475.0,5.0,,,,,
2025-01-06 13:10:00+00:00,2025-01-06,2025-01-06:1,False,-1,0,True,-0.2155688622754491,,,False,0,0,0,False,,470.0,10.0,,,,,
2025-01-06 13:15:00+00:00,2025-01-06,2025-01-06:1,False,-1,0,True,-0.39344262295081966,,,False,0,0,0,False,,465.0,15.0,,,,,
2025-01-06 13:20:00+00:00,2025-01-06,2025-01-06:1,False,-1,0,True,-0.4666666666666667,,,False,0,0,0,False,,460.0,20.0,,,,,
2025-01-06 13:25:00+00:00,2025-01-06,2025-01-06:1,False,-1,0,True,0.04142011834319527,,,False,0,0,0,False,,455.0,25.0,,,,,
2025-01-06 13:30:00+00:00,2025-01-06,2025-01-06:1,False,-1,0,True,0.41706161137440756,,,False,0,0,0,False,,450.0,30.0,,,,,
2025-01-06 13:35:00+00:00,2025-01-06,2025-01-06:1,False,-1,0,True,0.8414322250639387,,,False,0,0,0,False,,445.0,35.0,,,,,
2025-01-06 13:40:00+00:00,2025-01-06,2025-01-06:1,False,-1,0,True,0.8839285714285714,,,False,0,0,0,False,,440.0,40.0,,,,,
2025-01-06 13:45:00+00:00,2025-01-06,2025-01-06:1,False,-1,0,True,0.5924764890282131,,,False,0,0,0,False,,435.0,45.0,,,,,
2025-01-06 13:50:00+00:00,2025-01-06,2025-01-06:1,False,-1,0,True,0.7192982456140351,,,False,0,0,0,False,,430.0,50.0,,,,,
2025-01-06 13:55:00+00:00,2025-01-06,2025-01-06:1,False,-1,0,True,0.6666666666666666,,,False,0,0,0,False,,425.0,55.0,,,,,
2025-01-06 14:00:00+00:00,2025-01-06,2025-01-06:1,False,-1,0,True,0.6479591836734694,,,False,0,0,0,False,,420.0,60.0,,,,,
2025-01-06 14:05:00+00:00,2025-01-06,2025-01-06:1,True,0,5,True,0.30994152046783624,0.30994152046783624,-0.4566639612342289,True,0,0,0,False,,415.0,65.0,1.0,0.0,0.0,0.0,0.0
2025-01-06 14:10:00+00:00,2025-01-06,2025-01-06:1,True,0,10,True,0.501577287066246,0.501577287066246,-2.275291701131957,True,0,0,0,False,,410.0,70.0,1.0,0.0,0.0,0.0,0.0
2025-01-06 14:15:00+00:00,2025-01-06,2025-01-06:1,True,0,15,True,0.4010989010989011,0.4010989010989011,0.0,True,0,0,0,False,,405.0,75.0,1.0,0.0,0.0,0.0,0.0
2025-01-06 14:20:00+00:00,2025-01-06,2025-01-06:1,True,0,20,True,0.5214723926380368,0.2728013617530027,0.6479124169456367,True,0,0,0,False,,400.0,80.0,1.0,0.0,0.0,0.0,0.0
2025-01-06 14:25:00+00:00,2025-01-06,2025-01-06:1,True,3,5,True,0.20647773279352227,0.20647773279352227,-0.4188980259038214,True,0,0,0,False,,395.0,85.0,0.0,0.0,0.0,1.0,0.0
2025-01-06 14:30:00+00:00,2025-01-06,2025-01-06:1,True,0,5,True,0.2084592145015106,0.10220686250658732,0.7127445848730771,True,0,0,0,False,,390.0,90.0,1.0,0.0,0.0,0.0,0.0
2025-01-06 14:35:00+00:00,2025-01-06,2025-01-06:1,True,0,10,True,0.45819397993311034,0.32162542690588836,0.3539050334780481,True,0,0,0,False,,385.0,95.0,1.0,0.0,0.0,0.0,0.0
2025-01-06 14:40:00+00:00,2025-01-06,2025-01-06:1,True,0,15,True,0.37209302325581395,0.37209302325581395,-1.0414614249476812,True,0,0,0,False,,380.0,100.0,1.0,0.0,0.0,0.0,0.0
2025-01-06 14:45:00+00:00,2025-01-06,2025-01-06:1,True,0,20,True,-0.12540192926045016,0.12540192926045016,0.511823693127142,True,0,0,0,False,,375.0,105.0,1.0,0.0,0.0,0.0,0.0
2025-01-06 14:50:00+00:00,2025-01-06,2025-01-06:1,True,3,5,True,-0.09302325581395349,0.009729249082888795,-2.257712806636952,True,0,0,0,False,,370.0,110.0,0.0,0.0,0.0,1.0,0.0
2025-01-06 14:55:00+00:00,2025-01-06,2025-01-06:1,True,0,5,True,-0.4406779661016949,0.4406779661016949,0.7767190906363275,True,0,0,0,False,,365.0,115.0,1.0,0.0,0.0,0.0,0.0
2025-01-06 15:00:00+00:00,2025-01-06,2025-01-06:1,True,0,10,True,-0.4774774774774775,0.4774774774774775,0.15768019077274403,True,0,0,0,False,,360.0,120.0,1.0,0.0,0.0,0.0,0.0
2025-01-06 15:05:00+00:00,2025-01-06,2025-01-06:1,True,3,5,True,-0.3153153153153153,0.12494548883690687,-0.9256955862762546,True,0,0,0,True,-0.2106726705841163,355.0,125.0,0.0,0.0,0.0,1.0,0.0
2025-01-06 15:10:00+00:00,2025-01-06,2025-01-06:1,True,0,5,True,-0.39661016949152544,0.39661016949152544,0.6230658901722744,True,0,0,0,True,0.0,350.0,130.0,1.0,0.0,0.0,0.0,0.0
2025-01-06 15:15:00+00:00,2025-01-06,2025-01-06:1,True,3,5,True,-0.2971246006389776,0.11468259527451341,-0.9519833102596349,True,0,0,0,True,0.0,345.0,135.0,0.0,0.0,0.0,1.0,0.0
2025-01-06 15:20:00+00:00,2025-01-06,2025-01-06:1,True,0,5,True,-0.24912280701754386,0.24912280701754386,0.3202621069907997,True,0,0,0,True,0.0,340.0,140.0,1.0,0.0,0.0,0.0,0.0
2025-01-06 15:25:00+00:00,2025-01-06,2025-01-06:1,True,0,10,True,0.0855614973262032,0.0855614973262032,-0.32895498021333486,True,0,0,0,True,0.0,335.0,145.0,1.0,0.0,0.0,0.0,0.0
2025-01-06 15:30:00+00:00,2025-01-06,2025-01-06:1,True,3,5,True,0.11217183770883055,0.11217183770883055,-1.537069964685087,True,0,0,0,True,-2.577744695405571,330.0,150.0,0.0,0.0,0.0,1.0,0.0
2025-01-06 15:35:00+00:00,2025-01-06,2025-01-06:1,True,0,5,True,0.4793650793650794,0.3265278222572303,0.38394731823387185,True,0,0,0,True,0.310429559089831,325.0,155.0,1.0,0.0,0.0,0.0,0.0
2025-01-06 15:40:00+00:00,2025-01-06,2025-01-06:1,True,0,10,True,-0.17751479289940827,0.17751479289940827,0.9977477448873884,True,0,0,0,True,-0.892412712788664,320.0,160.0,1.0,0.0,0.0,0.0,0.0
2025-01-06 15:45:00+00:00,2025-01-06,2025-01-06:1,True,0,15,True,-0.19218241042345277,0.1286702885478651,-0.40119174556438425,True,0,0,0,True,0.0,315.0,165.0,1.0,0.0,0.0,0.0,0.0
2025-01-06 15:50:00+00:00,2025-01-06,2025-01-06:1,True,0,20,True,0.34759358288770054,0.17815670284773083,0.6683704159374523,True,0,0,0,True,0.6435902830887029,310.0,170.0,1.0,0.0,0.0,0.0,0.0
2025-01-06 15:55:00+00:00,2025-01-06,2025-01-06:1,True,0,25,True,0.042682926829268296,0.042682926829268296,0.0,True,0,0,0,True,1.0287735734381054,305.0,175.0,1.0,0.0,0.0,0.0,0.0
2025-01-06 16:00:00+00:00,2025-01-06,2025-01-06:1,True,1,5,True,0.26384364820846906,0.06568970431729265,1.3904144803560679,True,0,0,0,True,1.0363537649940349,300.0,180.0,0.0,1.0,0.0,0.0,0.0
2025-01-06 16:05:00+00:00,2025-01-06,2025-01-06:1,True,0,5,True,0.13245033112582782,0.13245033112582782,-1.4439801016740477,True,0,0,0,True,-0.6979845599573006,295.0,185.0,1.0,0.0,0.0,0.0,0.0
2025-01-06 16:10:00+00:00,2025-01-06,2025-01-06:1,True,0,10,True,0.12290502793296089,0.12290502793296089,-0.9121197274372053,True,0,0,0,True,-1.0197808570826363,290.0,190.0,1.0,0.0,0.0,0.0,0.0
2025-01-06 16:15:00+00:00,2025-01-06,2025-01-06:1,True,0,15,True,0.06382978723404255,0.06382978723404255,-0.4400616626769486,True,0,0,0,True,-0.3464018498502666,285.0,195.0,1.0,0.0,0.0,0.0,0.0
2025-01-06 16:20:00+00:00,2025-01-06,2025-01-06:1,True,0,20,True,-0.013123359580052493,0.013123359580052493,0.4400616626769486,True,0,0,0,True,-0.3904618525924423,280.0,200.0,1.0,0.0,0.0,0.0,0.0
2025-01-06 16:25:00+00:00,2025-01-06,2025-01-06:1,True,0,25,True,0.4244604316546763,0.4244604316546763,-0.20221128121915907,True,0,0,0,True,0.0,275.0,205.0,1.0,0.0,0.0,0.0,0.0
2025-01-06 16:30:00+00:00,2025-01-06,2025-01-06:1,True,3,5,True,0.3956043956043956,0.3956043956043956,-2.2283983252550685,True,0,0,0,True,-0.8304750227020499,270.0,210.0,0.0,0.0,0.0,1.0,0.0
2025-01-06 16:35:00+00:00,2025-01-06,2025-01-06:1,True,4,5,True,0.07650273224043716,0.03717831045208042,0.7216009168814311,True,1,0,0,True,0.0,265.0,215.0,0.0,0.0,0.0,0.0,1.0
2025-01-06 16:40:00+00:00,2025-01-06,2025-01-06:1,True,3,5,True,0.2787878787878788,0.2787878787878788,-0.1851595367268337,True,1,0,0,True,-0.8280586216094916,260.0,220.0,0.0,0.0,0.0,1.0,0.0
2025-01-06 16:45:00+00:00,2025-01-06,2025-01-06:1,True,3,10,True,-0.2099644128113879,0.14522115749801234,-0.3686802489822649,True,1,0,0,True,0.824394098685892,255.0,225.0,0.0,0.0,0.0,1.0,0.0
2025-01-06 16:50:00+00:00,2025-01-06,2025-01-06:1,True,3,15,True,0.041916167664670656,0.041916167664670656,-1.095548278839142,True,0,1,1,True,0.0,250.0,230.0,0.0,0.0,0.0,1.0,0.0
2025-01-06 16:55:00+00:00,2025-01-06,2025-01-06:1,True,3,20,True,0.07017543859649122,0.07017543859649122,-0.3624284204163827,True,0,0,1,True,-0.32689414735993527,245.0,235.0,0.0,0.0,0.0,1.0,0.0
2025-01-06 17:00:00+00:00,2025-01-06,2025-01-06:1,True,3,25,True,0.13855421686746988,0.13855421686746988,-0.7192737781919729,True,0,0,1,True,0.0,240.0,240.0,0.0,0.0,0.0,1.0,0.0
2025-01-06 17:05:00+00:00,2025-01-06,2025-01-06:1,True,4,5,True,0.36423841059602646,0.2534273624972933,0.3627313839006532,True,1,0,1,True,0.0,235.0,245.0,0.0,0.0,0.0,0.0,1.0
2025-01-06 17:10:00+00:00,2025-01-06,2025-01-06:1,True,3,5,True,0.07913669064748201,0.07913669064748201,-1.136418541622317,True,0,1,2,True,-0.358077631041878,230.0,250.0,0.0,0.0,0.0,1.0,0.0
2025-01-06 17:15:00+00:00,2025-01-06,2025-01-06:1,True,4,5,True,0.08266666666666667,0.08266666666666667,0.0,True,0,0,2,True,0.8767722861109392,225.0,255.0,0.0,0.0,0.0,0.0,1.0
2025-01-06 17:20:00+00:00,2025-01-06,2025-01-06:1,True,3,5,True,-0.1540983606557377,0.1039760027229824,-0.3934309746169305,True,0,0,2,True,-2.2854197030633805,220.0,260.0,0.0,0.0,0.0,1.0,0.0
2025-01-06 17:25:00+00:00,2025-01-06,2025-01-06:1,True,0,5,True,0.040293040293040296,0.027008927423880825,0.4000112999134198,True,0,0,2,True,0.383718321692796,215.0,265.0,1.0,0.0,0.0,0.0,0.0
2025-01-06 17:30:00+00:00,2025-01-06,2025-01-06:1,True,0,10,True,-0.06109324758842444,0.06109324758842444,1.216645113614284,True,0,0,2,True,0.0,210.0,270.0,1.0,0.0,0.0,0.0,0.0
2025-01-06 17:35:00+00:00,2025-01-06,2025-01-06:1,True,0,15,True,-0.4201954397394137,0.2694294265297574,-0.44441344786518044,True,0,0,2,True,-1.3515425177746094,205.0,275.0,1.0,0.0,0.0,0.0,0.0
2025-01-06 17:40:00+00:00,2025-01-06,2025-01-06:1,True,0,20,True,0.0055248618784530384,0.0055248618784530384,-1.2533977489845,True,0,0,2,True,0.934227523190635,200.0,280.0,1.0,0.0,0.0,0.0,0.0
2025-01-06 17:45:00+00:00,2025-01-06,2025-01-06:1,True,0,25,True,-0.4819277108433735,0.4819277108433735,0.4160081980272469,True,0,0,2,True,0.6341553095318528,195.0,285.0,1.0,0.0,0.0,0.0,0.0
2025-01-06 17:50:00+00:00,2025-01-06,2025-01-06:1,True,0,30,True,-0.18110236220472442,0.18110236220472442,0.8162084226057924,True,0,0,2,True,0.6114295049448023,190.0,290.0,1.0,0.0,0.0,0.0,0.0
2025-01-06 17:55:00+00:00,2025-01-06,2025-01-06:1,True,1,5,True,-0.33544303797468356,0.33544303797468356,1.240766817432127,True,0,0,2,True,0.30339714675703455,185.0,295.0,0.0,1.0,0.0,0.0,0.0
2025-01-06 18:00:00+00:00,2025-01-06,2025-01-06:1,True,0,5,True,-0.28065395095367845,0.22713977060022325,-0.21155686164304005,True,0,0,2,True,-1.2816683026239957,180.0,300.0,1.0,0.0,0.0,0.0,0.0
2025-01-06 18:05:00+00:00,2025-01-06,2025-01-06:1,True,0,10,True,0.2653061224489796,0.2653061224489796,-0.750739721779745,True,0,0,2,True,0.0,175.0,305.0,1.0,0.0,0.0,0.0,0.0
2025-01-06 18:10:00+00:00,2025-01-06,2025-01-06:1,True,0,15,True,0.27147766323024053,0.18812299330484816,0.3667838956494994,True,0,0,2,True,0.8201537237244702,170.0,310.0,1.0,0.0,0.0,0.0,0.0
2025-01-06 18:15:00+00:00,2025-01-06,2025-01-06:1,True,1,5,True,0.0035335689045936395,5.338432492471391e-05,4.192546498182097,True,0,0,2,True,0.06600083512037125,165.0,315.0,0.0,1.0,0.0,0.0,0.0
2025-01-06 18:20:00+00:00,2025-01-06,2025-01-06:1,True,2,5,True,0.057692307692307696,0.057692307692307696,-0.5444236218110631,True,0,0,2,True,1.157465737733133,160.0,320.0,0.0,0.0,1.0,0.0,0.0
2025-01-06 18:25:00+00:00,2025-01-06,2025-01-06:1,True,1,5,True,-0.04504504504504504,0.04504504504504504,0.5253088889014094,True,0,0,2,True,0.5873131923842181,155.0,325.0,0.0,1.0,0.0,0.0,0.0
2025-01-06 18:30:00+00:00,2025-01-06,2025-01-06:1,True,2,5,True,0.21613832853025935,0.16610531185291783,0.26329661661469,True,0,0,2,True,1.03266824049692,150.0,330.0,0.0,0.0,1.0,0.0,0.0
2025-01-06 18:35:00+00:00,2025-01-06,2025-01-06:1,True,2,10,True,0.47989276139410186,0.47989276139410186,-0.9418948627384827,True,0,0,2,True,2.1061409407395844,145.0,335.0,0.0,0.0,1.0,0.0,0.0
2025-01-06 18:40:00+00:00,2025-01-06,2025-01-06:1,True,1,5,True,0.5885714285714285,0.03551613491700817,2.8077111953584106,True,0,0,2,True,1.5907909746578262,140.0,340.0,0.0,1.0,0.0,0.0,0.0
2025-01-06 18:45:00+00:00,2025-01-06,2025-01-06:1,True,1,10,True,0.6081424936386769,0.32947781864878506,0.6129001855808928,True,0,0,2,True,-0.8778140507135962,135.0,345.0,0.0,1.0,0.0,0.0,0.0
2025-01-06 18:50:00+00:00,2025-01-06,2025-01-06:1,True,1,15,True,0.5290858725761773,0.08832050640245671,1.7901784324600705,True,0,0,2,True,0.4790778670783573,130.0,350.0,0.0,1.0,0.0,0.0,0.0
2025-01-06 18:55:00+00:00,2025-01-06,2025-01-06:1,True,2,5,True,0.7863013698630137,0.7863013698630137,-0.19502398436318055,True,0,0,2,True,-0.0324130934961824,125.0,355.0,0.0,0.0,1.0,0.0,0.0
2025-01-06 19:00:00+00:00,2025-01-06,2025-01-06:1,True,2,10,True,0.5069252077562327,0.5069252077562327,0.0,True,0,0,2,True,-0.4328866145141728,120.0,360.0,0.0,0.0,1.0,0.0,0.0
2025-01-06 19:05:00+00:00,2025-01-06,2025-01-06:1,True,1,5,True,0.6384180790960452,0.23970841356109981,0.9795701239162561,True,0,0,2,True,1.3142312314832827,115.0,365.0,0.0,1.0,0.0,0.0,0.0
2025-01-06 19:10:00+00:00,2025-01-06,2025-01-06:1,True,2,5,True,0.8248175182481752,0.6798179775052038,0.19333708966832963,True,0,0,2,True,0.38613403346035263,110.0,370.0,0.0,0.0,1.0,0.0,0.0
2025-01-06 19:15:00+00:00,2025-01-06,2025-01-06:1,True,2,10,True,0.7487437185929648,0.7487437185929648,0.0,True,0,0,2,True,0.934775043186718,105.0,375.0,0.0,0.0,1.0,0.0,0.0
2025-01-06 19:20:00+00:00,2025-01-06,2025-01-06:1,True,0,5,True,0.719626168224299,0.719626168224299,-0.8358561376916217,True,0,0,2,True,-0.4672577858228866,100.0,380.0,1.0,0.0,0.0,0.0,0.0
2025-01-06 19:25:00+00:00,2025-01-06,2025-01-06:1,True,1,5,True,0.7041095890410959,0.11179571942240533,1.8402607381207694,True,0,0,2,True,-2.1875661077825406,95.0,385.0,0.0,1.0,0.0,0.0,0.0
2025-01-06 19:30:00+00:00,2025-01-06,2025-01-06:1,True,1,10,True,0.5283582089552239,0.35158798264522406,0.40731449355625865,True,0,0,2,True,0.5206450657762725,90.0,390.0,0.0,1.0,0.0,0.0,0.0
2025-01-06 19:35:00+00:00,2025-01-06,2025-01-06:1,True,1,15,True,0.4325068870523416,0.11840040065961326,1.2955261436719783,True,0,0,2,True,-0.9656281746253194,85.0,395.0,0.0,1.0,0.0,0.0,0.0
2025-01-06 19:40:00+00:00,2025-01-06,2025-01-06:1,True,0,5,True,0.6699029126213593,0.6699029126213593,-1.495866337301914,True,0,0,2,True,-0.7298226841083993,80.0,400.0,1.0,0.0,0.0,0.0,0.0
2025-01-06 19:45:00+00:00,2025-01-06,2025-01-06:1,True,0,10,True,0.45671641791044776,0.36217072217987983,0.23194695966423323,True,0,0,2,True,0.4610666312203926,75.0,405.0,1.0,0.0,0.0,0.0,0.0
2025-01-06 19:50:00+00:00,2025-01-06,2025-01-06:1,True,2,5,True,0.38786279683377306,0.38786279683377306,-0.23663249631207572,True,0,0,2,True,-0.05999086421357016,70.0,410.0,0.0,0.0,1.0,0.0,0.0
2025-01-06 19:55:00+00:00,2025-01-06,2025-01-06:1,True,0,5,True,0.1926605504587156,0.1926605504587156,-0.2354068940381926,True,0,0,2,True,1.0527716348829772,65.0,415.0,1.0,0.0,0.0,0.0,0.0
2025-01-06 20:00:00+00:00,2025-01-06,2025-01-06:1,True,0,10,True,0.6193181818181818,0.43454537605258103,0.35431879411814976,True,0,0,2,True,-0.6933964195677947,60.0,420.0,1.0,0.0,0.0,0.0,0.0
2025-01-06 20:05:00+00:00,2025-01-06,2025-01-06:1,True,0,15,True,0.5921787709497207,0.0704582870618183,2.12878770542471,True,0,0,2,True,0.0,55.0,425.0,1.0,0.0,0.0,0.0,0.0
2025-01-06 20:10:00+00:00,2025-01-06,2025-01-06:1,True,2,5,True,0.4256410256410256,0.4256410256410256,-0.49298352965127423,True,0,0,2,True,-0.5511723420432328,50.0,430.0,0.0,0.0,1.0,0.0,0.0
2025-01-06 20:15:00+00:00,2025-01-06,2025-01-06:1,True,0,5,True,0.3561253561253561,0.3561253561253561,0.0,True,0,0,2,True,0.45849272728134394,45.0,435.0,1.0,0.0,0.0,0.0,0.0
2025-01-06 20:20:00+00:00,2025-01-06,2025-01-06:1,True,1,5,True,0.20270270270270271,0.09614922475107641,0.7458389777892159,True,0,0,2,True,0.0,40.0,440.0,0.0,1.0,0.0,0.0,0.0
2025-01-06 20:25:00+00:00,2025-01-06,2025-01-06:1,True,2,5,True,0.2247557003257329,0.2247557003257329,-0.5392560370980785,True,0,0,2,True,0.0,35.0,445.0,0.0,0.0,1.0,0.0,0.0
2025-01-06 20:30:00+00:00,2025-01-06,2025-01-06:1,True,2,10,True,0.4838709677419355,0.4838709677419355,0.0,True,0,0,2,True,0.0981461991673602,30.0,450.0,0.0,0.0,1.0,0.0,0.0
2025-01-06 20:35:00+00:00,2025-01-06,2025-01-06:1,True,0,5,True,0.3695090439276486,0.2740923378521392,0.2987101671353941,True,0,0,2,True,-0.5727923324073182,25.0,455.0,1.0,0.0,0.0,0.0,0.0
2025-01-06 20:40:00+00:00,2025-01-06,2025-01-06:1,True,0,10,True,0.24260355029585798,0.24260355029585798,0.0,True,0,0,2,True,0.5969571665455367,20.0,460.0,1.0,0.0,0.0,0.0,0.0
2025-01-06 20:45:00+00:00,2025-01-06,2025-01-06:1,True,0,15,True,0.5347432024169184,0.5347432024169184,-1.3635464624711398,True,0,0,2,True,-1.5244912902824173,15.0,465.0,1.0,0.0,0.0,0.0,0.0
2025-01-06 20:50:00+00:00,2025-01-06,2025-01-06:1,True,0,20,True,0.6617210682492581,0.6617210682492581,0.0,True,0,0,2,True,0.0,10.0,470.0,1.0,0.0,0.0,0.0,0.0
2025-01-06 20:55:00+00:00,2025-01-06,2025-01-06:1,True,0,25,True,0.6666666666666666,0.29954587298310525,0.8000225998280138,True,0,0,2,True,0.8944524583745042,5.0,475.0,1.0,0.0,0.0,0.0,0.0
2025-01-06 21:00:00+00:00,2025-01-06,2025-01-06:1,True,0,30,True,0.4780600461893764,0.3180456664818067,0.4075413664863915,True,0,0,2,True,1.822580398213452,0.0,480.0,1.0,0.0,0.0,0.0,0.0
2025-01-07 13:00:00+00:00,2025-01-07,2025-01-07:1,False,-1,0,False,,,,False,0,0,0,False,,480.0,0.0,,,,,
2025-01-07 13:05:00+00:00,2025-01-07,2025-01-07:1,False,-1,0,True,0.1232876712328767,,,False,0,0,0,False,,475.0,5.0,,,,,
2025-01-07 13:10:00+00:00,2025-01-07,2025-01-07:1,False,-1,0,True,0.1393939393939394,,,False,0,0,0,False,,470.0,10.0,,,,,
2025-01-07 13:15:00+00:00,2025-01-07,2025-01-07:1,False,-1,0,True,-0.2842809364548495,,,False,0,0,0,False,,465.0,15.0,,,,,
2025-01-07 13:20:00+00:00,2025-01-07,2025-01-07:1,False,-1,0,True,-0.16149068322981366,,,False,0,0,0,False,,460.0,20.0,,,,,
2025-01-07 13:25:00+00:00,2025-01-07,2025-01-07:1,False,-1,0,True,-0.48476454293628807,,,False,0,0,0,False,,455.0,25.0,,,,,
2025-01-07 13:30:00+00:00,2025-01-07,2025-01-07:1,False,-1,0,True,-0.6605504587155964,,,False,0,0,0,False,,450.0,30.0,,,,,
2025-01-07 13:35:00+00:00,2025-01-07,2025-01-07:1,False,-1,0,True,-0.9745222929936306,,,False,0,0,0,False,,445.0,35.0,,,,,
2025-01-07 13:40:00+00:00,2025-01-07,2025-01-07:1,False,-1,0,True,-0.9725400457665904,,,False,0,0,0,False,,440.0,40.0,,,,,
2025-01-07 13:45:00+00:00,2025-01-07,2025-01-07:1,False,-1,0,True,-0.967654986522911,,,False,0,0,0,False,,435.0,45.0,,,,,
2025-01-07 13:50:00+00:00,2025-01-07,2025-01-07:1,False,-1,0,True,-0.9411764705882353,,,False,0,0,0,False,,430.0,50.0,,,,,
2025-01-07 13:55:00+00:00,2025-01-07,2025-01-07:1,False,-1,0,True,-0.90633608815427,,,False,0,0,0,False,,425.0,55.0,,,,,
2025-01-07 14:00:00+00:00,2025-01-07,2025-01-07:1,False,-1,0,True,-0.8300653594771242,,,False,0,0,0,False,,420.0,60.0,,,,,
2025-01-07 14:05:00+00:00,2025-01-07,2025-01-07:1,True,3,5,True,-0.8894009216589862,0.245172312925121,-1.28858683295236,True,0,0,0,False,,415.0,65.0,0.0,0.0,0.0,1.0,0.0
2025-01-07 14:10:00+00:00,2025-01-07,2025-01-07:1,True,4,5,True,-0.6358695652173914,0.6358695652173914,0.21748045585930806,True,1,0,0,False,,410.0,70.0,0.0,0.0,0.0,0.0,1.0
2025-01-07 14:15:00+00:00,2025-01-07,2025-01-07:1,True,3,5,True,-0.8603351955307262,0.44195705030246357,-0.6661093694601405,True,1,0,0,False,,405.0,75.0,0.0,0.0,0.0,1.0,0.0
2025-01-07 14:20:00+00:00,2025-01-07,2025-01-07:1,True,4,5,True,-0.7655860349127181,0.7655860349127181,0.0,True,1,0,0,False,,400.0,80.0,0.0,0.0,0.0,0.0,1.0
2025-01-07 14:25:00+00:00,2025-01-07,2025-01-07:1,True,0,5,True,-0.8253521126760563,0.8253521126760563,0.22196691434674115,True,1,0,0,False,,395.0,85.0,1.0,0.0,0.0,0.0,0.0
2025-01-07 14:30:00+00:00,2025-01-07,2025-01-07:1,True,3,5,True,-0.8045112781954887,0.3892511757506676,-0.7260101539586843,True,0,1,1,False,,390.0,90.0,0.0,0.0,0.0,1.0,0.0
2025-01-07 14:35:00+00:00,2025-01-07,2025-01-07:1,True,0,5,True,-0.40372670807453415,0.3036490220082655,-0.28486568234112963,True,0,0,1,False,,385.0,95.0,1.0,0.0,0.0,0.0,0.0
2025-01-07 14:40:00+00:00,2025-01-07,2025-01-07:1,True,0,10,True,-0.16083916083916083,0.16083916083916083,0.8892093936424845,True,0,0,1,False,,380.0,100.0,1.0,0.0,0.0,0.0,0.0
2025-01-07 14:45:00+00:00,2025-01-07,2025-01-07:1,True,0,15,True,-0.3465346534653465,0.3465346534653465,0.6579099604264407,True,0,0,1,False,,375.0,105.0,1.0,0.0,0.0,0.0,0.0
2025-01-07 14:50:00+00:00,2025-01-07,2025-01-07:1,True,0,20,True,-0.46438746438746437,0.32720031203799665,-0.3501466979335373,True,0,0,1,False,,370.0,110.0,1.0,0.0,0.0,0.0,0.0
2025-01-07 14:55:00+00:00,2025-01-07,2025-01-07:1,True,0,25,True,-0.40816326530612246,0.1927356233360484,-0.750347831866032,True,0,0,1,False,,365.0,115.0,1.0,0.0,0.0,0.0,0.0
2025-01-07 15:00:00+00:00,2025-01-07,2025-01-07:1,True,0,30,True,-0.42382271468144045,0.42382271468144045,0.38611399571581717,True,0,0,1,False,,360.0,120.0,1.0,0.0,0.0,0.0,0.0
2025-01-07 15:05:00+00:00,2025-01-07,2025-01-07:1,True,0,35,True,-0.5154929577464789,0.14266001621003868,-1.2846593518711804,True,0,0,1,True,-1.915057092477428,355.0,125.0,1.0,0.0,0.0,0.0,0.0
2025-01-07 15:10:00+00:00,2025-01-07,2025-01-07:1,True,0,40,True,-0.19047619047619047,0.19047619047619047,0.4014085350564068,True,0,0,1,True,-2.0756903350305996e-06,350.0,130.0,1.0,0.0,0.0,0.0,0.0
2025-01-07 15:15:00+00:00,2025-01-07,2025-01-07:1,True,0,45,True,-0.5529411764705883,0.5529411764705883,0.0,True,0,0,1,True,0.0,345.0,135.0,1.0,0.0,0.0,0.0,0.0
2025-01-07 15:20:00+00:00,2025-01-07,2025-01-07:1,True,3,5,True,-0.44072948328267475,0.18344169568422522,-0.8765343883219471,True,0,0,1,True,-0.9799952384520357,340.0,140.0,0.0,0.0,0.0,1.0,0.0
2025-01-07 15:25:00+00:00,2025-01-07,2025-01-07:1,True,0,5,True,-0.12025316455696203,0.12025316455696203,0.4636121738293422,True,0,0,1,True,-0.017353463561344,335.0,145.0,1.0,0.0,0.0,0.0,0.0
2025-01-07 15:30:00+00:00,2025-01-07,2025-01-07:1,True,3,5,True,0.23114355231143552,0.23114355231143552,-2.094217007884544,True,0,0,1,True,-3.6818670091293044,330.0,150.0,0.0,0.0,0.0,1.0,0.0
2025-01-07 15:35:00+00:00,2025-01-07,2025-01-07:1,True,0,5,True,0.026143790849673203,0.007906027078209721,1.1959863288207613,True,0,0,1,True,-0.877885555210976,325.0,155.0,1.0,0.0,0.0,0.0,0.0
2025-01-07 15:40:00+00:00,2025-01-07,2025-01-07:1,True,0,10,True,0.21142857142857144,0.04314563693069319,1.589305919290569,True,0,0,1,True,0.9297278527023632,320.0,160.0,1.0,0.0,0.0,0.0,0.0
2025-01-07 15:45:00+00:00,2025-01-07,2025-01-07:1,True,0,15,True,0.43356643356643354,0.291328792919921,0.39759253184440496,True,0,0,1,True,0.8890439285503393,315.0,165.0,1.0,0.0,0.0,0.0,0.0
2025-01-07 15:50:00+00:00,2025-01-07,2025-01-07:1,True,0,20,True,0.4318840579710145,0.4318840579710145,0.0,True,0,0,1,True,0.0,310.0,170.0,1.0,0.0,0.0,0.0,0.0
2025-01-07 15:55:00+00:00,2025-01-07,2025-01-07:1,True,0,25,True,0.38596491228070173,0.38596491228070173,-0.8411382671188166,True,0,0,1,True,0.0,305.0,175.0,1.0,0.0,0.0,0.0,0.0
2025-01-07 16:00:00+00:00,2025-01-07,2025-01-07:1,True,1,5,True,0.4271604938271605,0.18183912468387642,0.854037440501715,True,0,0,1,True,0.9548428861445266,300.0,180.0,0.0,1.0,0.0,0.0,0.0
2025-01-07 16:05:00+00:00,2025-01-07,2025-01-07:1,True,1,10,True,0.2916666666666667,0.07913573209571573,1.3044470917217303,True,0,0,1,True,0.0,295.0,185.0,0.0,1.0,0.0,0.0,0.0
2025-01-07 16:10:00+00:00,2025-01-07,2025-01-07:1,True,0,5,True,0.18439716312056736,0.18439716312056736,-1.1353651243014888,True,0,0,1,True,-0.35282283721754837,290.0,190.0,1.0,0.0,0.0,0.0,0.0
2025-01-07 16:15:00+00:00,2025-01-07,2025-01-07:1,True,0,10,True,0.13705583756345177,0.06983972552713834,0.6741854347486458,True,0,0,1,True,0.0,285.0,195.0,1.0,0.0,0.0,0.0,0.0
2025-01-07 16:20:00+00:00,2025-01-07,2025-01-07:1,True,0,15,True,0.4817073170731707,0.4817073170731707,-0.22475252752760552,True,0,0,1,True,-1.0051238593360943,280.0,200.0,1.0,0.0,0.0,0.0,0.0
2025-01-07 16:25:00+00:00,2025-01-07,2025-01-07:1,True,0,20,True,0.19745222929936307,0.19745222929936307,-0.8539000006565819,True,0,0,1,True,0.0,275.0,205.0,1.0,0.0,0.0,0.0,0.0
2025-01-07 16:30:00+00:00,2025-01-07,2025-01-07:1,True,0,25,True,0.46540880503144655,0.46540880503144655,0.0,True,0,0,1,True,0.820325277080068,270.0,210.0,1.0,0.0,0.0,0.0,0.0
2025-01-07 16:35:00+00:00,2025-01-07,2025-01-07:1,True,0,30,True,0.31722054380664655,0.31722054380664655,0.0,True,0,0,1,True,0.0,265.0,215.0,1.0,0.0,0.0,0.0,0.0
2025-01-07 16:40:00+00:00,2025-01-07,2025-01-07:1,True,0,35,True,0.3263157894736842,0.06680145398988088,1.5861407452454432,True,0,0,1,True,1.3157900423097686,260.0,220.0,1.0,0.0,0.0,0.0,0.0
2025-01-07 16:45:00+00:00,2025-01-07,2025-01-07:1,True,0,40,True,0.39520958083832336,0.14311472336712408,1.0157696386629294,True,0,0,1,True,0.0,255.0,225.0,1.0,0.0,0.0,0.0,0.0
2025-01-07 16:50:00+00:00,2025-01-07,2025-01-07:1,True,0,45,True,-0.02976190476190476,0.02976190476190476,0.0,True,0,0,1,True,0.0,250.0,230.0,1.0,0.0,0.0,0.0,0.0
2025-01-07 16:55:00+00:00,2025-01-07,2025-01-07:1,True,1,5,True,0.2927536231884058,0.1749764127140348,0.5146801984439983,True,0,0,1,True,1.1508599103938617,245.0,235.0,0.0,1.0,0.0,0.0,0.0
2025-01-07 17:00:00+00:00,2025-01-07,2025-01-07:1,True,1,10,True,0.4723926380368098,0.05958700872417012,2.0703729241443085,True,0,0,1,True,1.3195267704216844,240.0,240.0,0.0,1.0,0.0,0.0,0.0
2025-01-07 17:05:00+00:00,2025-01-07,2025-01-07:1,True,1,15,True,0.22397476340694006,0.03129633431207966,1.9680324060885608,True,0,0,1,True,1.1001635604833417,235.0,245.0,0.0,1.0,0.0,0.0,0.0
2025-01-07 17:10:00+00:00,2025-01-07,2025-01-07:1,True,2,5,True,0.009584664536741214,0.009584664536741214,0.0,True,0,0,1,True,1.0740410396183493,230.0,250.0,0.0,0.0,1.0,0.0,0.0
2025-01-07 17:15:00+00:00,2025-01-07,2025-01-07:1,True,2,10,True,0.4373401534526854,0.4373401534526854,-0.9644302079861887,True,0,0,1,True,0.0,225.0,255.0,0.0,0.0,1.0,0.0,0.0
2025-01-07 17:20:00+00:00,2025-01-07,2025-01-07:1,True,1,5,True,0.22424242424242424,0.14149299527869652,0.4604775051985855,True,0,0,1,True,0.15037400968496195,220.0,260.0,0.0,1.0,0.0,0.0,0.0
2025-01-07 17:25:00+00:00,2025-01-07,2025-01-07:1,True,2,5,True,0.0035587188612099642,0.0035587188612099642,0.0,True,0,0,1,True,0.0,215.0,265.0,0.0,0.0,1.0,0.0,0.0
2025-01-07 17:30:00+00:00,2025-01-07,2025-01-07:1,True,1,5,True,0.4319526627218935,0.12298844700657963,1.2562255810222085,True,0,0,1,True,1.6854034765451744,210.0,270.0,0.0,1.0,0.0,0.0,0.0
2025-01-07 17:35:00+00:00,2025-01-07,2025-01-07:1,True,0,5,True,0.4586894586894587,0.2767851665867539,0.5051317871138441,True,0,0,1,True,1.9084901723184904,205.0,275.0,1.0,0.0,0.0,0.0,0.0
2025-01-07 17:40:00+00:00,2025-01-07,2025-01-07:1,True,1,5,True,0.36507936507936506,0.13479542350381435,0.9963565208863103,True,0,0,1,True,-1.1139604552619065,200.0,280.0,0.0,1.0,0.0,0.0,0.0
2025-01-07 17:45:00+00:00,2025-01-07,2025-01-07:1,True,1,10,True,-0.16510903426791276,0.16510903426791276,0.4895040148520545,True,0,0,1,True,-0.7621966789132908,195.0,285.0,0.0,1.0,0.0,0.0,0.0
2025-01-07 17:50:00+00:00,2025-01-07,2025-01-07:1,True,1,15,True,-0.0038022813688212928,0.0038022813688212928,0.7162705342688122,True,0,0,1,True,1.6880580762280804,190.0,290.0,0.0,1.0,0.0,0.0,0.0
2025-01-07 17:55:00+00:00,2025-01-07,2025-01-07:1,True,2,5,True,-0.039755351681957186,0.0163454334972772,-0.8887959040163914,True,0,0,1,True,-0.9937040297506027,185.0,295.0,0.0,0.0,1.0,0.0,0.0
2025-01-07 18:00:00+00:00,2025-01-07,2025-01-07:1,True,0,5,True,0.49528301886792453,0.49528301886792453,-0.6606348130132915,True,0,0,1,True,0.00028169162718840585,180.0,300.0,1.0,0.0,0.0,0.0,0.0
2025-01-07 18:05:00+00:00,2025-01-07,2025-01-07:1,True,1,5,True,0.46365914786967416,0.09103533105874384,1.6279020026118045,True,0,0,1,True,1.5600426593781516,175.0,305.0,0.0,1.0,0.0,0.0,0.0
2025-01-07 18:10:00+00:00,2025-01-07,2025-01-07:1,True,1,10,True,0.4608695652173913,0.035824766578170665,2.5544756060908216,True,0,0,1,True,1.4367588096119865,170.0,310.0,0.0,1.0,0.0,0.0,0.0
2025-01-07 18:15:00+00:00,2025-01-07,2025-01-07:1,True,1,15,True,0.62,0.11729227145872183,1.6650506115177675,True,0,0,1,True,0.45189894855372137,165.0,315.0,0.0,1.0,0.0,0.0,0.0
2025-01-07 18:20:00+00:00,2025-01-07,2025-01-07:1,True,1,20,True,0.4561933534743202,0.19686913091398064,0.840377542515039,True,0,0,1,True,0.9395706559139235,160.0,320.0,0.0,1.0,0.0,0.0,0.0
2025-01-07 18:25:00+00:00,2025-01-07,2025-01-07:1,True,2,5,True,0.4295774647887324,0.4295774647887324,-0.8301920187672711,True,0,0,1,True,-0.9281828941706999,155.0,325.0,0.0,0.0,1.0,0.0,0.0
2025-01-07 18:30:00+00:00,2025-01-07,2025-01-07:1,True,2,10,True,-0.06493506493506493,0.04322344777619482,-0.4070046489631535,True,0,0,1,True,0.0,150.0,330.0,0.0,0.0,1.0,0.0,0.0
2025-01-07 18:35:00+00:00,2025-01-07,2025-01-07:1,True,2,15,True,0.3401360544217687,0.3401360544217687,0.0,True,0,0,1,True,1.3887873013992642,145.0,335.0,0.0,0.0,1.0,0.0,0.0
2025-01-07 18:40:00+00:00,2025-01-07,2025-01-07:1,True,0,5,True,0.12852664576802508,0.12852664576802508,-0.4009184076034536,True,0,0,1,True,-0.8964808128322909,140.0,340.0,1.0,0.0,0.0,0.0,0.0
2025-01-07 18:45:00+00:00,2025-01-07,2025-01-07:1,True,0,10,True,0.07865168539325842,0.05215383403114825,0.410831360267589,True,0,0,1,True,0.0,135.0,345.0,1.0,0.0,0.0,0.0,0.0
2025-01-07 18:50:00+00:00,2025-01-07,2025-01-07:1,True,0,15,True,0.25925925925925924,0.05052781690853309,1.6353045475309518,True,0,0,1,True,1.8283260660968723,130.0,350.0,1.0,0.0,0.0,0.0,0.0
2025-01-07 18:55:00+00:00,2025-01-07,2025-01-07:1,True,0,20,True,0.00558659217877095,0.00558659217877095,0.0,True,0,0,1,True,0.0,125.0,355.0,1.0,0.0,0.0,0.0,0.0
2025-01-07 19:00:00+00:00,2025-01-07,2025-01-07:1,True,1,5,True,-0.2260061919504644,0.2260061919504644,1.7177800875773137,True,0,0,1,True,0.4603420238300795,120.0,360.0,0.0,1.0,0.0,0.0,0.0
2025-01-07 19:05:00+00:00,2025-01-07,2025-01-07:1,True,2,5,True,0.16943521594684385,0.16943521594684385,-0.851192282558767,True,0,0,1,True,-0.9516619028636584,115.0,365.0,0.0,0.0,1.0,0.0,0.0
2025-01-07 19:10:00+00:00,2025-01-07,2025-01-07:1,True,1,5,True,-0.24571428571428572,0.24571428571428572,0.46920065401933336,True,0,0,1,True,0.0,110.0,370.0,0.0,1.0,0.0,0.0,0.0
2025-01-07 19:15:00+00:00,2025-01-07,2025-01-07:1,True,2,5,True,-0.2646239554317549,0.16067211723099623,-0.4989440326130868,True,0,0,1,True,-0.4777249069868045,105.0,375.0,0.0,0.0,1.0,0.0,0.0
2025-01-07 19:20:00+00:00,2025-01-07,2025-01-07:1,True,1,5,True,0.10997442455242967,0.038376104845037035,1.0528128384472675,True,0,0,1,True,0.6854476962479337,100.0,380.0,0.0,1.0,0.0,0.0,0.0
2025-01-07 19:25:00+00:00,2025-01-07,2025-01-07:1,True,0,5,True,0.2631578947368421,0.2631578947368421,-0.5098155492652677,True,0,0,1,True,-1.1399822241435316,95.0,385.0,1.0,0.0,0.0,0.0,0.0
2025-01-07 19:30:00+00:00,2025-01-07,2025-01-07:1,True,0,10,True,0.2684563758389262,0.2684563758389262,0.0,True,0,0,1,True,0.5477251170337477,90.0,390.0,1.0,0.0,0.0,0.0,0.0
2025-01-07 19:35:00+00:00,2025-01-07,2025-01-07:1,True,0,15,True,-0.13761467889908258,0.13761467889908258,1.0093091874983913,True,0,0,1,True,0.0,85.0,395.0,1.0,0.0,0.0,0.0,0.0
2025-01-07 19:40:00+00:00,2025-01-07,2025-01-07:1,True,0,20,True,0.1761006289308176,0.10512429079696625,0.515912214950071,True,0,0,1,True,0.0,80.0,400.0,1.0,0.0,0.0,0.0,0.0
2025-01-07 19:45:00+00:00,2025-01-07,2025-01-07:1,True,2,5,True,0.16875,0.16875,0.0,True,0,0,1,True,-0.6575510661513752,75.0,405.0,0.0,0.0,1.0,0.0,0.0
2025-01-07 19:50:00+00:00,2025-01-07,2025-01-07:1,True,0,5,True,0.3470790378006873,0.3470790378006873,-1.0577926668106903,True,0,0,1,True,-1.1826481545430638,70.0,410.0,1.0,0.0,0.0,0.0,0.0
2025-01-07 19:55:00+00:00,2025-01-07,2025-01-07:1,True,0,10,True,0.22437673130193905,0.07713625514488663,1.067753069936163,True,0,0,1,True,-0.7205336553732791,65.0,415.0,1.0,0.0,0.0,0.0,0.0
2025-01-07 20:00:00+00:00,2025-01-07,2025-01-07:1,True,1,5,True,0.5909090909090909,0.12802371693219425,1.5294466477967732,True,0,0,1,True,0.0,60.0,420.0,0.0,1.0,0.0,0.0,0.0
2025-01-07 20:05:00+00:00,2025-01-07,2025-01-07:1,True,0,5,True,0.5555555555555556,0.5555555555555556,-0.5032986004523078,True,0,0,1,True,-0.6393132190110931,55.0,425.0,1.0,0.0,0.0,0.0,0.0
2025-01-07 20:10:00+00:00,2025-01-07,2025-01-07:1,True,1,5,True,0.6426512968299711,0.04774757645894359,2.5996739596432468,True,0,0,1,True,0.4994192081217934,50.0,430.0,0.0,1.0,0.0,0.0,0.0
2025-01-07 20:15:00+00:00,2025-01-07,2025-01-07:1,True,1,10,True,0.696,0.24759026453770147,1.0335744396116175,True,0,0,1,True,-0.6216745037828011,45.0,435.0,0.0,1.0,0.0,0.0,0.0
2025-01-07 20:20:00+00:00,2025-01-07,2025-01-07:1,True,1,15,True,0.6353591160220995,0.0932086839504703,1.9193494832943465,True,0,0,1,True,1.0729489793086011,40.0,440.0,0.0,1.0,0.0,0.0,0.0
2025-01-07 20:25:00+00:00,2025-01-07,2025-01-07:1,True,2,5,True,0.5217391304347826,0.32126219264479117,0.48491012359367885,True,0,0,1,True,-0.45205393825246715,35.0,445.0,0.0,0.0,1.0,0.0,0.0
2025-01-07 20:30:00+00:00,2025-01-07,2025-01-07:1,True,2,10,True,0.43952802359882004,0.43952802359882004,-0.9414802050636342,True,0,0,1,True,1.052606868994868,30.0,450.0,0.0,0.0,1.0,0.0,0.0
2025-01-07 20:35:00+00:00,2025-01-07,2025-01-07:1,True,2,15,True,0.6820512820512821,0.6820512820512821,-0.9438464801237793,True,0,0,1,True,0.5311097731343717,25.0,455.0,0.0,0.0,1.0,0.0,0.0
2025-01-07 20:40:00+00:00,2025-01-07,2025-01-07:1,True,0,5,True,0.036211699164345405,0.036211699164345405,0.0,True,0,0,1,True,-0.5437454154161091,20.0,460.0,1.0,0.0,0.0,0.0,0.0
2025-01-07 20:45:00+00:00,2025-01-07,2025-01-07:1,True,0,10,True,0.05389221556886228,0.021085481769644195,0.9384013080362383,True,0,0,1,True,0.0,15.0,465.0,1.0,0.0,0.0,0.0,0.0
2025-01-07 20:50:00+00:00,2025-01-07,2025-01-07:1,True,0,15,True,0.19708029197080293,0.19708029197080293,-0.8271778782874286,True,0,0,1,True,0.0,10.0,470.0,1.0,0.0,0.0,0.0,0.0
2025-01-07 20:55:00+00:00,2025-01-07,2025-01-07:1,True,3,5,True,0.3081081081081081,0.3081081081081081,-0.42612794064719156,True,0,0,1,True,-1.3572326157087868,5.0,475.0,0.0,0.0,0.0,1.0,0.0
2025-01-07 21:00:00+00:00,2025-01-07,2025-01-07:1,True,0,5,True,0.36627906976744184,0.36627906976744184,0.0,True,0,0,1,True,0.34273535680948036,0.0,480.0,1.0,0.0,0.0,0.0,0.0
2025-01-08 13:00:00+00:00,2025-01-08,2025-01-08:1,False,-1,0,False,,,,False,0,0,0,False,,480.0,0.0,,,,,
2025-01-08 13:05:00+00:00,2025-01-08,2025-01-08:1,False,-1,0,True,0.0547945205479452,,,False,0,0,0,False,,475.0,5.0,,,,,
2025-01-08 13:10:00+00:00,2025-01-08,2025-01-08:1,False,-1,0,True,-0.10179640718562874,,,False,0,0,0,False,,470.0,10.0,,,,,
2025-01-08 13:15:00+00:00,2025-01-08,2025-01-08:1,False,-1,0,True,0.029900332225913623,,,False,0,0,0,False,,465.0,15.0,,,,,
2025-01-08 13:20:00+00:00,2025-01-08,2025-01-08:1,False,-1,0,True,-0.38170347003154576,,,False,0,0,0,False,,460.0,20.0,,,,,
2025-01-08 13:25:00+00:00,2025-01-08,2025-01-08:1,False,-1,0,True,-0.34408602150537637,,,False,0,0,0,False,,455.0,25.0,,,,,
2025-01-08 13:30:00+00:00,2025-01-08,2025-01-08:1,False,-1,0,True,-0.038348082595870206,,,False,0,0,0,False,,450.0,30.0,,,,,
2025-01-08 13:35:00+00:00,2025-01-08,2025-01-08:1,False,-1,0,True,-0.5766016713091922,,,False,0,0,0,False,,445.0,35.0,,,,,
2025-01-08 13:40:00+00:00,2025-01-08,2025-01-08:1,False,-1,0,True,-0.5482093663911846,,,False,0,0,0,False,,440.0,40.0,,,,,
2025-01-08 13:45:00+00:00,2025-01-08,2025-01-08:1,False,-1,0,True,-0.5795795795795796,,,False,0,0,0,False,,435.0,45.0,,,,,
2025-01-08 13:50:00+00:00,2025-01-08,2025-01-08:1,False,-1,0,True,-0.28654970760233917,,,False,0,0,0,False,,430.0,50.0,,,,,
2025-01-08 13:55:00+00:00,2025-01-08,2025-01-08:1,False,-1,0,True,-0.3738601823708207,,,False,0,0,0,False,,425.0,55.0,,,,,
2025-01-08 14:00:00+00:00,2025-01-08,2025-01-08:1,False,-1,0,True,-0.50997150997151,,,False,0,0,0,False,,420.0,60.0,,,,,
2025-01-08 14:05:00+00:00,2025-01-08,2025-01-08:1,True,4,5,True,-0.2155688622754491,0.2155688622754491,0.3672639852005615,True,1,0,0,False,,415.0,65.0,0.0,0.0,0.0,0.0,1.0
2025-01-08 14:10:00+00:00,2025-01-08,2025-01-08:1,True,3,5,True,-0.4627831715210356,0.14637406214325166,-1.151093217666403,True,0,1,1,False,,410.0,70.0,0.0,0.0,0.0,1.0,0.0
2025-01-08 14:15:00+00:00,2025-01-08,2025-01-08:1,True,4,5,True,-0.4392523364485981,0.4392523364485981,1.479665023363987,True,1,0,1,False,,405.0,75.0,0.0,0.0,0.0,0.0,1.0
2025-01-08 14:20:00+00:00,2025-01-08,2025-01-08:1,True,4,10,True,-0.3333333333333333,0.3333333333333333,0.36991625584176097,True,1,0,1,False,,400.0,80.0,0.0,0.0,0.0,0.0,1.0
2025-01-08 14:25:00+00:00,2025-01-08,2025-01-08:1,True,0,5,True,-0.4730878186968839,0.3236636195933425,-0.3795762691194157,True,1,0,1,False,,395.0,85.0,1.0,0.0,0.0,0.0,0.0
2025-01-08 14:30:00+00:00,2025-01-08,2025-01-08:1,True,0,10,True,-0.6090651558073654,0.6090651558073654,0.748564118174862,True,1,0,1,False,,390.0,90.0,1.0,0.0,0.0,0.0,0.0
2025-01-08 14:35:00+00:00,2025-01-08,2025-01-08:1,True,0,15,True,-0.3943217665615142,0.3943217665615142,0.5198796550981082,True,0,0,1,False,,385.0,95.0,1.0,0.0,0.0,0.0,0.0
2025-01-08 14:40:00+00:00,2025-01-08,2025-01-08:1,True,2,5,True,-0.3716216216216216,0.31152651806298026,-0.1763917256281212,True,0,0,1,False,,380.0,100.0,0.0,0.0,1.0,0.0,0.0
2025-01-08 14:45:00+00:00,2025-01-08,2025-01-08:1,True,1,5,True,-0.6012084592145015,0.6012084592145015,0.7355797507658098,True,0,0,1,False,,375.0,105.0,0.0,1.0,0.0,0.0,0.0
2025-01-08 14:50:00+00:00,2025-01-08,2025-01-08:1,True,0,5,True,-0.7487179487179487,0.36890983890351803,-0.7078100669566963,True,0,0,1,False,,370.0,110.0,1.0,0.0,0.0,0.0,0.0
2025-01-08 14:55:00+00:00,2025-01-08,2025-01-08:1,True,0,10,True,-0.5417661097852029,0.36732519110358697,-0.3885868415220252,True,0,0,1,False,,365.0,115.0,1.0,0.0,0.0,0.0,0.0
2025-01-08 15:00:00+00:00,2025-01-08,2025-01-08:1,True,0,15,True,-0.7686375321336761,0.3468530734014508,-0.7957182380672667,True,0,0,1,False,,360.0,120.0,1.0,0.0,0.0,0.0,0.0
2025-01-08 15:05:00+00:00,2025-01-08,2025-01-08:1,True,3,5,True,-0.6040100250626567,0.08018473257934644,-2.0192576656735937,True,0,0,1,True,-1.5801674315450474,355.0,125.0,0.0,0.0,0.0,1.0,0.0
2025-01-08 15:10:00+00:00,2025-01-08,2025-01-08:1,True,3,10,True,-0.5308641975308642,0.031965157919876544,-2.80985974539707,True,0,0,1,True,-2.9638280892917286,350.0,130.0,0.0,0.0,0.0,1.0,0.0
2025-01-08 15:15:00+00:00,2025-01-08,2025-01-08:1,True,3,15,True,-0.4878048780487805,0.1581781376714474,-1.1261936342866088,True,0,0,1,True,-0.8394151740307985,345.0,135.0,0.0,0.0,0.0,1.0,0.0
2025-01-08 15:20:00+00:00,2025-01-08,2025-01-08:1,True,3,20,True,-0.6858638743455497,0.22516480332639988,-1.11384658082114,True,0,0,1,True,-0.5911753023564823,340.0,140.0,0.0,0.0,0.0,1.0,0.0
2025-01-08 15:25:00+00:00,2025-01-08,2025-01-08:1,True,4,5,True,-0.20743034055727555,0.20743034055727555,0.36290002558711376,True,1,0,1,True,0.8114691262491995,335.0,145.0,0.0,0.0,0.0,0.0,1.0
2025-01-08 15:30:00+00:00,2025-01-08,2025-01-08:1,True,4,10,True,-0.3805774278215223,0.3805774278215223,0.0,True,1,0,1,True,1.88874707435003,330.0,150.0,0.0,0.0,0.0,0.0,1.0
2025-01-08 15:35:00+00:00,2025-01-08,2025-01-08:1,True,4,15,True,-0.4793650793650794,0.4793650793650794,0.0,True,1,0,1,True,1.0718354398307164,325.0,155.0,0.0,0.0,0.0,0.0,1.0
2025-01-08 15:40:00+00:00,2025-01-08,2025-01-08:1,True,3,5,True,-0.6821917808219178,0.3272004095231118,-0.7347379655377919,True,1,0,1,True,0.0,320.0,160.0,0.0,0.0,0.0,1.0,0.0
2025-01-08 15:45:00+00:00,2025-01-08,2025-01-08:1,True,3,10,True,-0.5083798882681564,0.3476338000894672,-0.3800793525321292,True,0,1,2,True,0.0,315.0,165.0,0.0,0.0,0.0,1.0,0.0
2025-01-08 15:50:00+00:00,2025-01-08,2025-01-08:1,True,0,5,True,-0.3198992443324937,0.21462814805266256,-0.39909909795488285,True,0,0,2,True,0.0,310.0,170.0,1.0,0.0,0.0,0.0,0.0
2025-01-08 15:55:00+00:00,2025-01-08,2025-01-08:1,True,0,10,True,-0.15432098765432098,0.15432098765432098,0.399593839800082,True,0,0,2,True,1.5360719214607623,305.0,175.0,1.0,0.0,0.0,0.0,0.0
2025-01-08 16:00:00+00:00,2025-01-08,2025-01-08:1,True,3,5,True,-0.12345679012345678,0.024966023939243163,-1.5983753592015495,True,0,0,2,True,-1.5616113910840723,300.0,180.0,0.0,0.0,0.0,1.0,0.0
2025-01-08 16:05:00+00:00,2025-01-08,2025-01-08:1,True,4,5,True,-0.33532934131736525,0.33532934131736525,0.7774016935179876,True,1,0,2,True,0.0,295.0,185.0,0.0,0.0,0.0,0.0,1.0
2025-01-08 16:10:00+00:00,2025-01-08,2025-01-08:1,True,0,5,True,-0.21407624633431085,0.17550525806404058,-0.1986632399110334,True,1,0,2,True,0.8884490181428399,290.0,190.0,1.0,0.0,0.0,0.0,0.0
2025-01-08 16:15:00+00:00,2025-01-08,2025-01-08:1,True,0,10,True,-0.12666666666666668,0.10179699608142445,-0.21857836841228748,True,1,0,2,True,0.4887560901808677,285.0,195.0,1.0,0.0,0.0,0.0,0.0
2025-01-08 16:20:00+00:00,2025-01-08,2025-01-08:1,True,0,15,True,-0.08978328173374613,0.08978328173374613,0.21075898264864493,True,1,0,2,True,0.0,280.0,200.0,1.0,0.0,0.0,0.0,0.0
2025-01-08 16:25:00+00:00,2025-01-08,2025-01-08:1,True,0,20,True,-0.03076923076923077,0.03076923076923077,2.385032235870195,True,1,0,2,True,0.0,275.0,205.0,1.0,0.0,0.0,0.0,0.0
2025-01-08 16:30:00+00:00,2025-01-08,2025-01-08:1,True,2,5,True,0.16363636363636364,0.16363636363636364,-0.6920729359158365,True,0,0,2,True,-0.7737610650478332,270.0,210.0,0.0,0.0,1.0,0.0,0.0
2025-01-08 16:35:00+00:00,2025-01-08,2025-01-08:1,True,0,5,True,0.04054054054054054,0.04054054054054054,-1.076088505333181,True,0,0,2,True,-0.5006749385652024,265.0,215.0,1.0,0.0,0.0,0.0,0.0
2025-01-08 16:40:00+00:00,2025-01-08,2025-01-08:1,True,1,5,True,-0.43050847457627117,0.43050847457627117,1.7853878410359785,True,0,0,2,True,0.5453114550080135,260.0,220.0,0.0,1.0,0.0,0.0,0.0
2025-01-08 16:45:00+00:00,2025-01-08,2025-01-08:1,True,0,5,True,-0.02127659574468085,0.006501891248819402,-1.1855145813347026,True,0,0,2,True,-0.9928746655300466,255.0,225.0,1.0,0.0,0.0,0.0,0.0
2025-01-08 16:50:00+00:00,2025-01-08,2025-01-08:1,True,1,5,True,0.1639871382636656,0.060245728096674424,1.0013563326299586,True,0,0,2,True,0.37318347157639276,250.0,230.0,0.0,1.0,0.0,0.0,0.0
2025-01-08 16:55:00+00:00,2025-01-08,2025-01-08:1,True,0,5,True,-0.08960573476702509,0.04586478798503435,-0.6697216456653187,True,0,0,2,True,-0.7487715628553401,245.0,235.0,1.0,0.0,0.0,0.0,0.0
2025-01-08 17:00:00+00:00,2025-01-08,2025-01-08:1,True,0,10,True,-0.11572700296735905,0.08255110788295024,-0.337816403732885,True,0,0,2,True,-1.5107608853203425,240.0,240.0,1.0,0.0,0.0,0.0,0.0
2025-01-08 17:05:00+00:00,2025-01-08,2025-01-08:1,True,0,15,True,-0.49700598802395207,0.49700598802395207,0.4867818839904368,True,0,0,2,True,0.7256515885460431,235.0,245.0,1.0,0.0,0.0,0.0,0.0
2025-01-08 17:10:00+00:00,2025-01-08,2025-01-08:1,True,0,20,True,-0.26245847176079734,0.26245847176079734,0.0,True,0,0,2,True,0.0,230.0,250.0,1.0,0.0,0.0,0.0,0.0
2025-01-08 17:15:00+00:00,2025-01-08,2025-01-08:1,True,0,25,True,-0.26005361930294907,0.18826653470971003,-0.3230291412355421,True,0,0,2,True,-0.5007344672850005,225.0,255.0,1.0,0.0,0.0,0.0,0.0
2025-01-08 17:20:00+00:00,2025-01-08,2025-01-08:1,True,3,5,True,-0.26253687315634217,0.08287101338768725,-1.15310619790414,True,0,0,2,True,-0.7366925267986334,220.0,260.0,0.0,0.0,0.0,1.0,0.0
2025-01-08 17:25:00+00:00,2025-01-08,2025-01-08:1,True,0,5,True,-0.09841269841269841,0.09841269841269841,0.41044016207476147,True,0,0,2,True,0.9177721030951979,215.0,265.0,1.0,0.0,0.0,0.0,0.0
2025-01-08 17:30:00+00:00,2025-01-08,2025-01-08:1,True,0,10,True,-0.5055555555555555,0.3384186210075025,-0.4013742817727021,True,0,0,2,True,0.7243484889966632,210.0,270.0,1.0,0.0,0.0,0.0,0.0
2025-01-08 17:35:00+00:00,2025-01-08,2025-01-08:1,True,0,15,True,-0.40821917808219177,0.40821917808219177,0.4143027473615695,True,0,0,2,True,0.642256769282935,205.0,275.0,1.0,0.0,0.0,0.0,0.0
2025-01-08 17:40:00+00:00,2025-01-08,2025-01-08:1,True,3,5,True,-0.12432432432432433,0.0507566098466727,-0.8958518171077943,True,0,0,2,True,0.0,200.0,280.0,0.0,0.0,0.0,1.0,0.0
2025-01-08 17:45:00+00:00,2025-01-08,2025-01-08:1,True,3,10,True,-0.5202492211838006,0.24764604265293175,-0.7423074889587846,True,0,0,2,True,0.1982350044002366,195.0,285.0,0.0,0.0,0.0,1.0,0.0
2025-01-08 17:50:00+00:00,2025-01-08,2025-01-08:1,True,3,15,True,-0.4013605442176871,0.08283706517806404,-1.5779845278039004,True,0,0,2,True,-2.3523204477427333,190.0,290.0,0.0,0.0,0.0,1.0,0.0
2025-01-08 17:55:00+00:00,2025-01-08,2025-01-08:1,True,4,5,True,-0.3151515151515151,0.3151515151515151,1.2200494784902054,True,1,0,2,True,0.545622713962833,185.0,295.0,0.0,0.0,0.0,0.0,1.0
2025-01-08 18:00:00+00:00,2025-01-08,2025-01-08:1,True,0,5,True,-0.36082474226804123,0.28488797079441786,-0.23629634390951818,True,1,0,2,True,1.5851240634490535,180.0,300.0,1.0,0.0,0.0,0.0,0.0
2025-01-08 18:05:00+00:00,2025-01-08,2025-01-08:1,True,3,5,True,-0.45609065155807366,0.16686299325994242,-1.0055185109695686,True,0,1,3,True,-2.2484077431623235,175.0,305.0,0.0,0.0,0.0,1.0,0.0
2025-01-08 18:10:00+00:00,2025-01-08,2025-01-08:1,True,3,10,True,-0.06818181818181818,0.03226104769774958,-0.7483173848806426,True,0,0,3,True,-1.115525694226912,170.0,310.0,0.0,0.0,0.0,1.0,0.0
2025-01-08 18:15:00+00:00,2025-01-08,2025-01-08:1,True,0,5,True,-0.19424460431654678,0.19424460431654678,0.7276068751082961,True,0,0,3,True,0.0,165.0,315.0,1.0,0.0,0.0,0.0,0.0
2025-01-08 18:20:00+00:00,2025-01-08,2025-01-08:1,True,0,10,True,-0.6050632911392405,0.17726958186244698,-1.2276614307505613,True,0,0,3,True,-1.0980537650051623,160.0,320.0,1.0,0.0,0.0,0.0,0.0
2025-01-08 18:25:00+00:00,2025-01-08,2025-01-08:1,True,3,5,True,-0.5810055865921788,0.3751267590425724,-0.43749637931609725,True,0,0,3,True,0.7726392784394742,155.0,325.0,0.0,0.0,0.0,1.0,0.0
2025-01-08 18:30:00+00:00,2025-01-08,2025-01-08:1,True,0,5,True,-0.765,0.765,2.073966386784574,True,0,0,3,True,0.17400987247827923,150.0,330.0,1.0,0.0,0.0,0.0,0.0
2025-01-08 18:35:00+00:00,2025-01-08,2025-01-08:1,True,0,10,True,-0.8153846153846154,0.20750430883376256,-1.3685078177195522,True,0,0,3,True,-1.3114613606392822,145.0,335.0,1.0,0.0,0.0,0.0,0.0
2025-01-08 18:40:00+00:00,2025-01-08,2025-01-08:1,True,0,15,True,-0.7923250564334086,0.7923250564334086,0.6927616169027516,True,0,0,3,True,-1.1617965507001164,140.0,340.0,1.0,0.0,0.0,0.0,0.0
2025-01-08 18:45:00+00:00,2025-01-08,2025-01-08:1,True,3,5,True,-0.8157181571815718,0.050250058078698256,-2.787057196956978,True,0,0,3,True,-0.6560051946934677,135.0,345.0,0.0,0.0,0.0,1.0,0.0
2025-01-08 18:50:00+00:00,2025-01-08,2025-01-08:1,True,4,5,True,-0.7855361596009975,0.7855361596009975,0.0,True,0,0,3,True,-0.648221034914574,130.0,350.0,0.0,0.0,0.0,0.0,1.0
2025-01-08 18:55:00+00:00,2025-01-08,2025-01-08:1,True,3,5,True,-0.8584905660377359,0.2656823844267379,-1.1728741395516489,True,0,0,3,True,0.0,125.0,355.0,0.0,0.0,0.0,1.0,0.0
2025-01-08 19:00:00+00:00,2025-01-08,2025-01-08:1,True,3,10,True,-0.7662337662337663,0.42896056662334364,-0.580122305623898,True,0,0,3,True,-0.01832927902435972,120.0,360.0,0.0,0.0,0.0,1.0,0.0
2025-01-08 19:05:00+00:00,2025-01-08,2025-01-08:1,True,3,15,True,-0.48125,0.19653107048060522,-0.8955663472980736,True,0,0,3,True,-0.6675157436392601,115.0,365.0,0.0,0.0,0.0,1.0,0.0
2025-01-08 19:10:00+00:00,2025-01-08,2025-01-08:1,True,4,5,True,-0.43034055727554177,0.31893962825555,-0.29957505713335664,True,0,0,3,True,0.0,110.0,370.0,0.0,0.0,0.0,0.0,1.0
2025-01-08 19:15:00+00:00,2025-01-08,2025-01-08:1,True,4,10,True,-0.6666666666666666,0.6666666666666666,0.3018069796426053,True,1,0,3,True,0.0,105.0,375.0,0.0,0.0,0.0,0.0,1.0
2025-01-08 19:20:00+00:00,2025-01-08,2025-01-08:1,True,3,5,True,-0.5109717868338558,0.2794508903910025,-0.6034878050668983,True,1,0,3,True,-0.0509547481074377,100.0,380.0,0.0,0.0,0.0,1.0,0.0
2025-01-08 19:25:00+00:00,2025-01-08,2025-01-08:1,True,3,10,True,-0.5070821529745042,0.3694102873139809,-0.3167651118008515,True,0,1,4,True,0.6466364119392043,95.0,385.0,0.0,0.0,0.0,1.0,0.0
2025-01-08 19:30:00+00:00,2025-01-08,2025-01-08:1,True,0,5,True,-0.5212121212121212,0.5212121212121212,0.32703002994091246,True,0,0,4,True,-0.08681038899807764,90.0,390.0,1.0,0.0,0.0,0.0,0.0
2025-01-08 19:35:00+00:00,2025-01-08,2025-01-08:1,True,0,10,True,-0.5115681233933161,0.5115681233933161,0.0,True,0,0,4,True,0.06897570751274754,85.0,395.0,1.0,0.0,0.0,0.0,0.0
2025-01-08 19:40:00+00:00,2025-01-08,2025-01-08:1,True,0,15,True,-0.3159851301115242,0.3159851301115242,1.7485773898333208,True,0,0,4,True,0.8574251420882332,80.0,400.0,1.0,0.0,0.0,0.0,0.0
2025-01-08 19:45:00+00:00,2025-01-08,2025-01-08:1,True,0,20,True,-0.06918238993710692,0.0454617622109325,-0.41987476789834655,True,0,0,4,True,-0.8537962254645551,75.0,405.0,1.0,0.0,0.0,0.0,0.0
2025-01-08 19:50:00+00:00,2025-01-08,2025-01-08:1,True,1,5,True,-0.24375,0.24375,1.2743049913613569,True,0,0,4,True,0.949810861582859,70.0,410.0,0.0,1.0,0.0,0.0,0.0
2025-01-08 19:55:00+00:00,2025-01-08,2025-01-08:1,True,1,10,True,0.2540192926045016,0.16347661061699034,0.4407402934961975,True,0,0,4,True,-0.3140763254381659,65.0,415.0,0.0,1.0,0.0,0.0,0.0
2025-01-08 20:00:00+00:00,2025-01-08,2025-01-08:1,True,1,15,True,0.3878787878787879,0.16998405385015752,0.8249882566719707,True,0,0,4,True,2.50408884251868,60.0,420.0,0.0,1.0,0.0,0.0,0.0
2025-01-08 20:05:00+00:00,2025-01-08,2025-01-08:1,True,1,20,True,0.029315960912052116,0.012853794670674974,0.8244930358730096,True,0,0,4,True,1.626347529799558,55.0,425.0,0.0,1.0,0.0,0.0,0.0
2025-01-08 20:10:00+00:00,2025-01-08,2025-01-08:1,True,1,25,True,0.0728862973760933,0.04767478729473472,0.42449796677609636,True,0,0,4,True,0.2484828378461929,50.0,430.0,0.0,1.0,0.0,0.0,0.0
2025-01-08 20:15:00+00:00,2025-01-08,2025-01-08:1,True,1,30,True,-0.1568627450980392,0.1568627450980392,0.41028155671094313,True,0,0,4,True,0.0,45.0,435.0,0.0,1.0,0.0,0.0,0.0
2025-01-08 20:20:00+00:00,2025-01-08,2025-01-08:1,True,2,5,True,-0.18867924528301888,0.12465591375278072,-0.4144912067176111,True,0,0,4,True,-0.926830514296496,40.0,440.0,0.0,0.0,1.0,0.0,0.0
2025-01-08 20:25:00+00:00,2025-01-08,2025-01-08:1,True,2,10,True,-0.017421602787456445,0.017421602787456445,0.0,True,0,0,4,True,0.9268305142965726,35.0,445.0,0.0,0.0,1.0,0.0,0.0
2025-01-08 20:30:00+00:00,2025-01-08,2025-01-08:1,True,1,5,True,0.3712737127371274,0.1625940320911815,0.8256830673358603,True,0,0,4,True,0.0,30.0,450.0,0.0,1.0,0.0,0.0,0.0
2025-01-08 20:35:00+00:00,2025-01-08,2025-01-08:1,True,1,10,True,0.03296703296703297,0.01403112523983628,0.8542299678233595,True,0,0,4,True,0.9550581382352449,25.0,455.0,0.0,1.0,0.0,0.0,0.0
2025-01-08 20:40:00+00:00,2025-01-08,2025-01-08:1,True,1,15,True,-0.14906832298136646,0.14906832298136646,0.4426113584294125,True,0,0,4,True,-0.9897090850588782,20.0,460.0,0.0,1.0,0.0,0.0,0.0
2025-01-08 20:45:00+00:00,2025-01-08,2025-01-08:1,True,1,20,True,0.06923076923076923,0.044470855740530724,0.4426113584281546,True,0,0,4,True,-0.9897090850588782,15.0,465.0,0.0,1.0,0.0,0.0,0.0
2025-01-08 20:50:00+00:00,2025-01-08,2025-01-08:1,True,0,5,True,0.06086956521739131,0.06086956521739131,-1.6476518004648677,True,0,0,4,True,-0.054021833597120456,10.0,470.0,1.0,0.0,0.0,0.0,0.0
2025-01-08 20:55:00+00:00,2025-01-08,2025-01-08:1,True,1,5,True,0.25696594427244585,0.04941700365033977,1.6486489951384453,True,0,0,4,True,1.228830408054652,5.0,475.0,0.0,1.0,0.0,0.0,0.0
2025-01-08 21:00:00+00:00,2025-01-08,2025-01-08:1,True,1,10,True,0.46987951807228917,0.11579751663719816,1.4006331976808712,True,0,0,4,True,1.3666802429686025,0.0,480.0,0.0,1.0,0.0,0.0,0.0
2025-01-09 13:00:00+00:00,2025-01-09,2025-01-09:1,False,-1,0,False,,,,False,0,0,0,False,,480.0,0.0,,,,,
2025-01-09 13:05:00+00:00,2025-01-09,2025-01-09:1,False,-1,0,True,-0.10344827586206896,,,False,0,0,0,False,,475.0,5.0,,,,,
2025-01-09 13:10:00+00:00,2025-01-09,2025-01-09:1,False,-1,0,True,0.1419753086419753,,,False,0,0,0,False,,470.0,10.0,,,,,
2025-01-09 13:15:00+00:00,2025-01-09,2025-01-09:1,False,-1,0,True,0.27218934911242604,,,False,0,0,0,False,,465.0,15.0,,,,,
2025-01-09 13:20:00+00:00,2025-01-09,2025-01-09:1,False,-1,0,True,0.25461254612546125,,,False,0,0,0,False,,460.0,20.0,,,,,
2025-01-09 13:25:00+00:00,2025-01-09,2025-01-09:1,False,-1,0,True,0.006622516556291391,,,False,0,0,0,False,,455.0,25.0,,,,,
2025-01-09 13:30:00+00:00,2025-01-09,2025-01-09:1,False,-1,0,True,-0.06832298136645963,,,False,0,0,0,False,,450.0,30.0,,,,,
2025-01-09 13:35:00+00:00,2025-01-09,2025-01-09:1,False,-1,0,True,0.17985611510791366,,,False,0,0,0,False,,445.0,35.0,,,,,
2025-01-09 13:40:00+00:00,2025-01-09,2025-01-09:1,False,-1,0,True,-0.10476190476190476,,,False,0,0,0,False,,440.0,40.0,,,,,
2025-01-09 13:45:00+00:00,2025-01-09,2025-01-09:1,False,-1,0,True,0.3475609756097561,,,False,0,0,0,False,,435.0,45.0,,,,,
2025-01-09 13:50:00+00:00,2025-01-09,2025-01-09:1,False,-1,0,True,0.3408450704225352,,,False,0,0,0,False,,430.0,50.0,,,,,
2025-01-09 13:55:00+00:00,2025-01-09,2025-01-09:1,False,-1,0,True,0.24745762711864408,,,False,0,0,0,False,,425.0,55.0,,,,,
2025-01-09 14:00:00+00:00,2025-01-09,2025-01-09:1,False,-1,0,True,0.41210374639769454,,,False,0,0,0,False,,420.0,60.0,,,,,
2025-01-09 14:05:00+00:00,2025-01-09,2025-01-09:1,True,1,5,True,0.20114942528735633,0.0786837436265228,0.9386114684598036,True,0,0,0,False,,415.0,65.0,0.0,1.0,0.0,0.0,0.0
2025-01-09 14:10:00+00:00,2025-01-09,2025-01-09:1,True,1,10,True,0.3803680981595092,0.18280254413159197,0.7327328867283813,True,0,0,0,False,,410.0,70.0,0.0,1.0,0.0,0.0,0.0
2025-01-09 14:15:00+00:00,2025-01-09,2025-01-09:1,True,2,5,True,-0.013333333333333334,0.003275651282442189,-1.4037504512617642,True,0,0,0,False,,405.0,75.0,0.0,0.0,1.0,0.0,0.0
2025-01-09 14:20:00+00:00,2025-01-09,2025-01-09:1,True,2,10,True,0.07507507507507508,0.07507507507507508,-1.0649225637295372,True,0,0,0,False,,400.0,80.0,0.0,0.0,1.0,0.0,0.0
2025-01-09 14:25:00+00:00,2025-01-09,2025-01-09:1,True,0,5,True,-0.22615803814713897,0.18996552492456187,-0.17439143079277974,True,0,0,0,False,,395.0,85.0,1.0,0.0,0.0,0.0,0.0
2025-01-09 14:30:00+00:00,2025-01-09,2025-01-09:1,True,0,10,True,0.0035087719298245615,0.0035087719298245615,0.0,True,0,0,0,False,,390.0,90.0,1.0,0.0,0.0,0.0,0.0
2025-01-09 14:35:00+00:00,2025-01-09,2025-01-09:1,True,3,5,True,-0.38922155688622756,0.26379103118399677,-0.38899149530013255,True,0,0,0,False,,385.0,95.0,0.0,0.0,0.0,1.0,0.0
2025-01-09 14:40:00+00:00,2025-01-09,2025-01-09:1,True,4,5,True,-0.2538860103626943,0.2538860103626943,1.1335503866740362,True,0,0,0,False,,380.0,100.0,0.0,0.0,0.0,0.0,1.0
2025-01-09 14:45:00+00:00,2025-01-09,2025-01-09:1,True,0,5,True,-0.3064516129032258,0.14772925490398567,-0.7296786334164413,True,0,0,0,False,,375.0,105.0,1.0,0.0,0.0,0.0,0.0
2025-01-09 14:50:00+00:00,2025-01-09,2025-01-09:1,True,0,10,True,-0.12048192771084337,0.058020133163448395,-0.7307096903588608,True,0,0,0,False,,370.0,110.0,1.0,0.0,0.0,0.0,0.0
2025-01-09 14:55:00+00:00,2025-01-09,2025-01-09:1,True,0,15,True,0.38333333333333336,0.38333333333333336,0.0,True,0,0,0,False,,365.0,115.0,1.0,0.0,0.0,0.0,0.0
2025-01-09 15:00:00+00:00,2025-01-09,2025-01-09:1,True,0,20,True,0.232,0.232,-0.4128415336673588,True,0,0,0,False,,360.0,120.0,1.0,0.0,0.0,0.0,0.0
2025-01-09 15:05:00+00:00,2025-01-09,2025-01-09:1,True,3,5,True,0.2,0.2,-1.6121135934018593,True,0,0,0,True,-1.389806248002128,355.0,125.0,0.0,0.0,0.0,1.0,0.0
2025-01-09 15:10:00+00:00,2025-01-09,2025-01-09:1,True,4,5,True,0.450261780104712,0.30413093119828205,0.39237084377395565,True,1,0,0,True,0.877367879067515,350.0,130.0,0.0,0.0,0.0,0.0,1.0
2025-01-09 15:15:00+00:00,2025-01-09,2025-01-09:1,True,4,10,True,0.31958762886597936,0.31958762886597936,0.0,True,1,0,0,True,-0.37048446051454803,345.0,135.0,0.0,0.0,0.0,0.0,1.0
2025-01-09 15:20:00+00:00,2025-01-09,2025-01-09:1,True,0,5,True,0.5966386554621849,0.08630009246107347,1.9334809934317652,True,0,0,0,True,0.0,340.0,140.0,1.0,0.0,0.0,0.0,0.0
2025-01-09 15:25:00+00:00,2025-01-09,2025-01-09:1,True,0,10,True,0.4153846153846154,0.4153846153846154,-0.7114694917906589,True,0,0,0,True,-1.9068087908699007,335.0,145.0,1.0,0.0,0.0,0.0,0.0
2025-01-09 15:30:00+00:00,2025-01-09,2025-01-09:1,True,3,5,True,0.5422343324250681,0.5422343324250681,-2.7168561370446875,True,0,0,0,True,-3.037537503758624,330.0,150.0,0.0,0.0,0.0,1.0,0.0
2025-01-09 15:35:00+00:00,2025-01-09,2025-01-09:1,True,0,5,True,0.8100263852242744,0.10471411983357796,2.045832852783638,True,0,0,0,True,0.2182976073275914,325.0,155.0,1.0,0.0,0.0,0.0,0.0
2025-01-09 15:40:00+00:00,2025-01-09,2025-01-09:1,True,1,5,True,0.6097560975609756,0.1165946372991134,1.654355756576223,True,0,0,0,True,0.43586790895758043,320.0,160.0,0.0,1.0,0.0,0.0,0.0
2025-01-09 15:45:00+00:00,2025-01-09,2025-01-09:1,True,1,10,True,0.6898876404494382,0.02275260237965012,3.4118492152339166,True,0,0,0,True,0.7515908455995899,315.0,165.0,0.0,1.0,0.0,0.0,0.0
2025-01-09 15:50:00+00:00,2025-01-09,2025-01-09:1,True,2,5,True,0.5906432748538012,0.46425690278992765,0.24077417050717756,True,0,0,0,True,-0.5383874124786439,310.0,170.0,0.0,0.0,1.0,0.0,0.0
2025-01-09 15:55:00+00:00,2025-01-09,2025-01-09:1,True,1,5,True,0.35774647887323946,0.19685656745803512,0.5973491963785464,True,0,0,0,True,-0.6255781620526248,305.0,175.0,0.0,1.0,0.0,0.0,0.0
2025-01-09 16:00:00+00:00,2025-01-09,2025-01-09:1,True,1,10,True,-0.09271523178807947,0.09271523178807947,0.7106073830871702,True,0,0,0,True,0.7944832069484499,300.0,180.0,0.0,1.0,0.0,0.0,0.0
2025-01-09 16:05:00+00:00,2025-01-09,2025-01-09:1,True,2,5,True,0.05362776025236593,0.0420110944460308,0.2441331122831673,True,0,0,0,True,0.4559256625015674,295.0,185.0,0.0,0.0,1.0,0.0,0.0
2025-01-09 16:10:00+00:00,2025-01-09,2025-01-09:1,True,2,10,True,-0.01107011070110701,0.008661100619449096,-0.24540693995660798,True,0,0,0,True,0.09103451097748103,290.0,190.0,0.0,0.0,1.0,0.0,0.0
2025-01-09 16:15:00+00:00,2025-01-09,2025-01-09:1,True,0,5,True,0.36585365853658536,0.36585365853658536,0.0,True,0,0,0,True,1.032849275224773,285.0,195.0,1.0,0.0,0.0,0.0,0.0
2025-01-09 16:20:00+00:00,2025-01-09,2025-01-09:1,True,1,5,True,0.29260450160771706,0.10353209116193363,1.0389402491372628,True,0,0,0,True,0.0893157271392412,280.0,200.0,0.0,1.0,0.0,0.0,0.0
2025-01-09 16:25:00+00:00,2025-01-09,2025-01-09:1,True,0,5,True,0.44623655913978494,0.44623655913978494,0.0,True,0,0,0,True,0.5810621560670274,275.0,205.0,1.0,0.0,0.0,0.0,0.0
2025-01-09 16:30:00+00:00,2025-01-09,2025-01-09:1,True,0,10,True,0.5953757225433526,0.5953757225433526,0.0,True,0,0,0,True,0.0,270.0,210.0,1.0,0.0,0.0,0.0,0.0
2025-01-09 16:35:00+00:00,2025-01-09,2025-01-09:1,True,0,15,True,0.5606936416184971,0.5606936416184971,-0.3172882863743948,True,0,0,0,True,-0.8464847115525983,265.0,215.0,1.0,0.0,0.0,0.0,0.0
2025-01-09 16:40:00+00:00,2025-01-09,2025-01-09:1,True,0,20,True,0.7329545454545454,0.37433966674590535,0.6719201031997196,True,0,0,0,True,0.7512295131016236,260.0,220.0,1.0,0.0,0.0,0.0,0.0
2025-01-09 16:45:00+00:00,2025-01-09,2025-01-09:1,True,1,5,True,0.6384180790960452,0.10022302952782447,1.8515953672710104,True,0,0,0,True,0.8280586216073924,255.0,225.0,0.0,1.0,0.0,0.0,0.0
2025-01-09 16:50:00+00:00,2025-01-09,2025-01-09:1,True,2,5,True,0.4819277108433735,0.4819277108433735,0.0,True,0,0,0,True,-2.983297942474599,250.0,230.0,0.0,0.0,1.0,0.0,0.0
2025-01-09 16:55:00+00:00,2025-01-09,2025-01-09:1,True,1,5,True,0.6160458452722063,0.07167702774935505,2.1511510826507094,True,0,0,0,True,0.9620240101353041,245.0,235.0,0.0,1.0,0.0,0.0,0.0
2025-01-09 17:00:00+00:00,2025-01-09,2025-01-09:1,True,1,10,True,0.3981191222570533,0.1677012751370388,0.864566990176208,True,0,0,0,True,0.9666152805668232,240.0,240.0,0.0,1.0,0.0,0.0,0.0
2025-01-09 17:05:00+00:00,2025-01-09,2025-01-09:1,True,1,15,True,0.2646048109965636,0.07484840874364099,1.262772582294666,True,0,0,0,True,0.9412151113770485,235.0,245.0,0.0,1.0,0.0,0.0,0.0
2025-01-09 17:10:00+00:00,2025-01-09,2025-01-09:1,True,2,5,True,0.10920770877944326,0.07058072947643258,0.4364945003885874,True,0,0,0,True,0.8074316049525848,230.0,250.0,0.0,0.0,1.0,0.0,0.0
2025-01-09 17:15:00+00:00,2025-01-09,2025-01-09:1,True,2,10,True,0.34591194968553457,0.34591194968553457,0.0,True,0,0,0,True,0.0,225.0,255.0,0.0,0.0,1.0,0.0,0.0
2025-01-09 17:20:00+00:00,2025-01-09,2025-01-09:1,True,2,15,True,0.2911392405063291,0.2911392405063291,-0.4412702935241958,True,0,0,0,True,-0.1835602010977253,220.0,260.0,0.0,0.0,1.0,0.0,0.0
2025-01-09 17:25:00+00:00,2025-01-09,2025-01-09:1,True,0,5,True,0.28651685393258425,0.28651685393258425,-0.43192738373697276,True,0,0,0,True,0.9658189913822532,215.0,265.0,1.0,0.0,0.0,0.0,0.0
2025-01-09 17:30:00+00:00,2025-01-09,2025-01-09:1,True,0,10,True,-0.0778816199376947,0.0778816199376947,0.4372009931633651,True,0,0,0,True,-0.7847661193258982,210.0,270.0,1.0,0.0,0.0,0.0,0.0
2025-01-09 17:35:00+00:00,2025-01-09,2025-01-09:1,True,0,15,True,0.2676056338028169,0.17310497442653638,0.4356161820385474,True,0,0,0,True,-0.2017683903207115,205.0,275.0,1.0,0.0,0.0,0.0,0.0
2025-01-09 17:40:00+00:00,2025-01-09,2025-01-09:1,True,0,20,True,-0.2,0.05444604321035922,-1.301107188122499,True,0,0,0,True,0.0,200.0,280.0,1.0,0.0,0.0,0.0,0.0
2025-01-09 17:45:00+00:00,2025-01-09,2025-01-09:1,True,0,25,True,-0.4906832298136646,0.3136671191865279,-0.44746647287090646,True,0,0,0,True,0.0,195.0,285.0,1.0,0.0,0.0,0.0,0.0
2025-01-09 17:50:00+00:00,2025-01-09,2025-01-09:1,True,0,30,True,0.07945205479452055,0.07945205479452055,0.0,True,0,0,0,True,0.6242347258194048,190.0,290.0,1.0,0.0,0.0,0.0,0.0
2025-01-09 17:55:00+00:00,2025-01-09,2025-01-09:1,True,0,35,True,0.23322683706070288,0.23322683706070288,0.0,True,0,0,0,True,-0.4964999308278437,185.0,295.0,1.0,0.0,0.0,0.0,0.0
2025-01-09 18:00:00+00:00,2025-01-09,2025-01-09:1,True,3,5,True,0.2634032634032634,0.2634032634032634,-1.1154766805977445,True,0,0,0,True,-2.332143584783437,180.0,300.0,0.0,0.0,0.0,1.0,0.0
2025-01-09 18:05:00+00:00,2025-01-09,2025-01-09:1,True,4,5,True,0.7030812324929971,0.24614989369046705,1.0495317620193914,True,0,0,0,True,1.9498796677989831,175.0,305.0,0.0,0.0,0.0,0.0,1.0
2025-01-09 18:10:00+00:00,2025-01-09,2025-01-09:1,True,0,5,True,0.7928994082840237,0.7928994082840237,-0.5144636986180448,True,0,0,0,True,0.0,170.0,310.0,1.0,0.0,0.0,0.0,0.0
2025-01-09 18:15:00+00:00,2025-01-09,2025-01-09:1,True,0,10,True,0.5944444444444444,0.5944444444444444,0.0,True,0,0,0,True,-2.2444048777039893,165.0,315.0,1.0,0.0,0.0,0.0,0.0
2025-01-09 18:20:00+00:00,2025-01-09,2025-01-09:1,True,3,5,True,0.6219178082191781,0.6219178082191781,-1.8419100207958239,True,0,0,0,True,-0.7377802352609091,160.0,320.0,0.0,0.0,0.0,1.0,0.0
2025-01-09 18:25:00+00:00,2025-01-09,2025-01-09:1,True,4,5,True,0.6560509554140127,0.6560509554140127,0.0,True,0,0,0,True,0.26162781713434574,155.0,325.0,0.0,0.0,0.0,0.0,1.0
2025-01-09 18:30:00+00:00,2025-01-09,2025-01-09:1,True,0,5,True,0.5112359550561798,0.2064428957458045,0.9068073949669914,True,0,0,0,True,0.0,150.0,330.0,1.0,0.0,0.0,0.0,0.0
2025-01-09 18:35:00+00:00,2025-01-09,2025-01-09:1,True,0,10,True,0.6204819277108434,0.16068931900393904,1.351023673759773,True,0,0,0,True,1.24494122343788,145.0,335.0,1.0,0.0,0.0,0.0,0.0
2025-01-09 18:40:00+00:00,2025-01-09,2025-01-09:1,True,0,15,True,0.5258358662613982,0.5258358662613982,0.0,True,0,0,0,True,1.0091639944914097,140.0,340.0,1.0,0.0,0.0,0.0,0.0
2025-01-09 18:45:00+00:00,2025-01-09,2025-01-09:1,True,1,5,True,0.3992932862190813,0.07141802816879357,1.7211458672160358,True,0,0,0,True,0.0,135.0,345.0,0.0,1.0,0.0,0.0,0.0
2025-01-09 18:50:00+00:00,2025-01-09,2025-01-09:1,True,1,10,True,-0.17714285714285713,0.17714285714285713,0.4147932773577528,True,0,0,0,True,0.0,130.0,350.0,0.0,1.0,0.0,0.0,0.0
2025-01-09 18:55:00+00:00,2025-01-09,2025-01-09:1,True,1,15,True,0.36182336182336183,0.06545573019674378,1.7097821026989093,True,0,0,0,True,2.1283932491880124,125.0,355.0,0.0,1.0,0.0,0.0,0.0
2025-01-09 19:00:00+00:00,2025-01-09,2025-01-09:1,True,2,5,True,0.20579710144927535,0.20579710144927535,-0.8086349958135141,True,0,0,0,True,-0.9040814098134226,120.0,360.0,0.0,0.0,1.0,0.0,0.0
2025-01-09 19:05:00+00:00,2025-01-09,2025-01-09:1,True,0,5,True,-0.033707865168539325,0.0095333919847418,-1.2629306165336913,True,0,0,0,True,0.0,115.0,365.0,1.0,0.0,0.0,0.0,0.0
2025-01-09 19:10:00+00:00,2025-01-09,2025-01-09:1,True,0,10,True,-0.2996632996632997,0.08258439680610205,-1.2888387478811378,True,0,0,0,True,0.0,110.0,370.0,1.0,0.0,0.0,0.0,0.0
2025-01-09 19:15:00+00:00,2025-01-09,2025-01-09:1,True,3,5,True,-0.32507739938080493,0.09041100196385504,-1.2796973427841098,True,0,0,0,True,0.7297983102322637,105.0,375.0,0.0,0.0,0.0,1.0,0.0
2025-01-09 19:20:00+00:00,2025-01-09,2025-01-09:1,True,4,5,True,0.10903426791277258,0.07041886698301279,0.4372009931645019,True,0,0,0,True,0.0,100.0,380.0,0.0,0.0,0.0,0.0,1.0
2025-01-09 19:25:00+00:00,2025-01-09,2025-01-09:1,True,3,5,True,-0.19230769230769232,0.0802137275807202,-0.8744019863277612,True,0,0,0,True,-0.9776111405434686,95.0,385.0,0.0,0.0,0.0,1.0,0.0
2025-01-09 19:30:00+00:00,2025-01-09,2025-01-09:1,True,4,5,True,-0.4900662251655629,0.4900662251655629,0.6532710848542095,True,0,0,0,True,0.7035528777652142,90.0,390.0,0.0,0.0,0.0,0.0,1.0
2025-01-09 19:35:00+00:00,2025-01-09,2025-01-09:1,True,4,10,True,-0.24277456647398843,0.24277456647398843,0.4099527322226935,True,0,0,0,True,0.0,85.0,395.0,0.0,0.0,0.0,0.0,1.0
2025-01-09 19:40:00+00:00,2025-01-09,2025-01-09:1,True,0,5,True,-0.2768361581920904,0.09953556042697422,-1.0229108729775478,True,0,0,0,True,-0.9149192987595398,80.0,400.0,1.0,0.0,0.0,0.0,0.0
2025-01-09 19:45:00+00:00,2025-01-09,2025-01-09:1,True,0,10,True,-0.09508196721311475,0.026522455132232305,-1.276747594698312,True,0,0,0,True,-0.9516314706200618,75.0,405.0,1.0,0.0,0.0,0.0,0.0
2025-01-09 19:50:00+00:00,2025-01-09,2025-01-09:1,True,3,5,True,0.0748663101604278,0.0748663101604278,-0.4401369113331815,True,0,0,0,True,-0.8161738865903841,70.0,410.0,0.0,0.0,0.0,1.0,0.0
2025-01-09 19:55:00+00:00,2025-01-09,2025-01-09:1,True,0,5,True,0.23809523809523808,0.15423952117550727,0.4341640272473058,True,0,0,0,True,0.0,65.0,415.0,1.0,0.0,0.0,0.0,0.0
2025-01-09 20:00:00+00:00,2025-01-09,2025-01-09:1,True,4,5,True,0.1002710027100271,0.1002710027100271,0.0,True,0,0,0,True,0.28749693323975545,60.0,420.0,0.0,0.0,0.0,0.0,1.0
2025-01-09 20:05:00+00:00,2025-01-09,2025-01-09:1,True,3,5,True,0.362962962962963,0.362962962962963,-0.9091864302619256,True,0,0,0,True,0.6355236735306197,55.0,425.0,0.0,0.0,0.0,1.0,0.0
2025-01-09 20:10:00+00:00,2025-01-09,2025-01-09:1,True,0,5,True,0.3765182186234818,0.15472885688459675,0.8892921608402935,True,0,0,0,True,0.0,50.0,430.0,1.0,0.0,0.0,0.0,0.0
2025-01-09 20:15:00+00:00,2025-01-09,2025-01-09:1,True,0,10,True,0.14450867052023122,0.05836960548921011,0.9065442089534279,True,0,0,0,True,0.0,45.0,435.0,1.0,0.0,0.0,0.0,0.0
2025-01-09 20:20:00+00:00,2025-01-09,2025-01-09:1,True,0,15,True,0.18042813455657492,0.18042813455657492,-0.47898142088714724,True,0,0,0,True,-0.8317543531518374,40.0,440.0,1.0,0.0,0.0,0.0,0.0
2025-01-09 20:25:00+00:00,2025-01-09,2025-01-09:1,True,0,20,True,-0.11585365853658537,0.05941751744166384,-0.6677387410068152,True,0,0,0,True,-0.9954061440656908,35.0,445.0,1.0,0.0,0.0,0.0,0.0
2025-01-09 20:30:00+00:00,2025-01-09,2025-01-09:1,True,1,5,True,-0.3746130030959752,0.3746130030959752,2.2222997258304815,True,0,0,0,True,3.975370602669447,30.0,450.0,0.0,1.0,0.0,0.0,0.0
2025-01-09 20:35:00+00:00,2025-01-09,2025-01-09:1,True,1,10,True,-0.23809523809523808,0.23809523809523808,1.4355162349169515,True,0,0,0,True,0.0,25.0,455.0,0.0,1.0,0.0,0.0,0.0
2025-01-09 20:40:00+00:00,2025-01-09,2025-01-09:1,True,2,5,True,-0.36809815950920244,0.16281601230700904,-0.8157288359714808,True,0,0,0,True,0.0,20.0,460.0,0.0,0.0,1.0,0.0,0.0
2025-01-09 20:45:00+00:00,2025-01-09,2025-01-09:1,True,1,5,True,0.0036900369003690036,0.0017050100819311102,0.7720654342283624,True,0,0,0,True,0.0,15.0,465.0,0.0,1.0,0.0,0.0,0.0
2025-01-09 20:50:00+00:00,2025-01-09,2025-01-09:1,True,1,10,True,-0.19245283018867926,0.19245283018867926,0.7816880413364914,True,0,0,0,True,-0.5461108709529329,10.0,470.0,0.0,1.0,0.0,0.0,0.0
2025-01-09 20:55:00+00:00,2025-01-09,2025-01-09:1,True,2,5,True,-0.27419354838709675,0.27419354838709675,0.0,True,0,0,0,True,-0.3721239018559403,5.0,475.0,0.0,0.0,1.0,0.0,0.0
2025-01-09 21:00:00+00:00,2025-01-09,2025-01-09:1,True,0,5,True,-0.52,0.07361270575709256,-1.9550111681707374,True,0,0,0,True,-0.8743075737597115,0.0,480.0,1.0,0.0,0.0,0.0,0.0
2025-01-10 13:00:00+00:00,2025-01-10,2025-01-10:1,False,-1,0,False,,,,False,0,0,0,False,,480.0,0.0,,,,,
2025-01-10 13:05:00+00:00,2025-01-10,2025-01-10:1,False,-1,0,True,0.15759312320916904,,,False,0,0,0,False,,475.0,5.0,,,,,
2025-01-10 13:10:00+00:00,2025-01-10,2025-01-10:1,False,-1,0,True,-0.20504731861198738,,,False,0,0,0,False,,470.0,10.0,,,,,
2025-01-10 13:15:00+00:00,2025-01-10,2025-01-10:1,False,-1,0,True,-0.2413793103448276,,,False,0,0,0,False,,465.0,15.0,,,,,
2025-01-10 13:20:00+00:00,2025-01-10,2025-01-10:1,False,-1,0,True,-0.22875816993464052,,,False,0,0,0,False,,460.0,20.0,,,,,
2025-01-10 13:25:00+00:00,2025-01-10,2025-01-10:1,False,-1,0,True,-0.3147632311977716,,,False,0,0,0,False,,455.0,25.0,,,,,
2025-01-10 13:30:00+00:00,2025-01-10,2025-01-10:1,False,-1,0,True,-0.19553072625698323,,,False,0,0,0,False,,450.0,30.0,,,,,
2025-01-10 13:35:00+00:00,2025-01-10,2025-01-10:1,False,-1,0,True,-0.35233160621761656,,,False,0,0,0,False,,445.0,35.0,,,,,
2025-01-10 13:40:00+00:00,2025-01-10,2025-01-10:1,False,-1,0,True,0.109717868338558,,,False,0,0,0,False,,440.0,40.0,,,,,
2025-01-10 13:45:00+00:00,2025-01-10,2025-01-10:1,False,-1,0,True,0.25161290322580643,,,False,0,0,0,False,,435.0,45.0,,,,,
2025-01-10 13:50:00+00:00,2025-01-10,2025-01-10:1,False,-1,0,True,0.19883040935672514,,,False,0,0,0,False,,430.0,50.0,,,,,
2025-01-10 13:55:00+00:00,2025-01-10,2025-01-10:1,False,-1,0,True,0.13898305084745763,,,False,0,0,0,False,,425.0,55.0,,,,,
2025-01-10 14:00:00+00:00,2025-01-10,2025-01-10:1,False,-1,0,True,0.40809968847352024,,,False,0,0,0,False,,420.0,60.0,,,,,
2025-01-10 14:05:00+00:00,2025-01-10,2025-01-10:1,True,0,5,True,0.4801223241590214,0.09938833842613792,1.5750061263097126,True,0,0,0,False,,415.0,65.0,1.0,0.0,0.0,0.0,0.0
2025-01-10 14:10:00+00:00,2025-01-10,2025-01-10:1,True,0,10,True,0.5627009646302251,0.20093682333765212,1.0297577938266078,True,0,0,0,False,,410.0,70.0,1.0,0.0,0.0,0.0,0.0
2025-01-10 14:15:00+00:00,2025-01-10,2025-01-10:1,True,0,15,True,0.5286195286195287,0.5286195286195287,-1.0380504279064304,True,0,0,0,False,,405.0,75.0,1.0,0.0,0.0,0.0,0.0
2025-01-10 14:20:00+00:00,2025-01-10,2025-01-10:1,True,0,20,True,0.5531914893617021,0.5531914893617021,-2.011306315177576,True,0,0,0,False,,400.0,80.0,1.0,0.0,0.0,0.0,0.0
2025-01-10 14:25:00+00:00,2025-01-10,2025-01-10:1,True,3,5,True,0.5930521091811415,0.5930521091811415,-1.3967322861665568,True,0,0,0,False,,395.0,85.0,0.0,0.0,0.0,1.0,0.0
2025-01-10 14:30:00+00:00,2025-01-10,2025-01-10:1,True,0,5,True,0.5561497326203209,0.06862460106918306,2.0923864746556435,True,0,0,0,False,,390.0,90.0,1.0,0.0,0.0,0.0,0.0
2025-01-10 14:35:00+00:00,2025-01-10,2025-01-10:1,True,0,10,True,0.24503311258278146,0.24503311258278146,0.0,True,0,0,0,False,,385.0,95.0,1.0,0.0,0.0,0.0,0.0
2025-01-10 14:40:00+00:00,2025-01-10,2025-01-10:1,True,3,5,True,0.2804878048780488,0.2804878048780488,-0.9259339568543781,True,0,0,0,False,,380.0,100.0,0.0,0.0,0.0,1.0,0.0
2025-01-10 14:45:00+00:00,2025-01-10,2025-01-10:1,True,0,5,True,0.48520710059171596,0.17366353626930633,1.0274560837212103,True,0,0,0,False,,375.0,105.0,1.0,0.0,0.0,0.0,0.0
2025-01-10 14:50:00+00:00,2025-01-10,2025-01-10:1,True,0,10,True,0.0658682634730539,0.0658682634730539,-0.11600543861964514,True,0,0,0,False,,370.0,110.0,1.0,0.0,0.0,0.0,0.0
2025-01-10 14:55:00+00:00,2025-01-10,2025-01-10:1,True,1,5,True,0.04100946372239748,0.009657513999166662,1.446066597444903,True,0,0,0,False,,365.0,115.0,0.0,1.0,0.0,0.0,0.0
2025-01-10 15:00:00+00:00,2025-01-10,2025-01-10:1,True,1,10,True,0.06666666666666667,0.03184446427009838,0.738841517244162,True,0,0,0,False,,360.0,120.0,0.0,1.0,0.0,0.0,0.0
2025-01-10 15:05:00+00:00,2025-01-10,2025-01-10:1,True,2,5,True,0.14040114613180515,0.14040114613180515,-0.5312431533436784,True,0,0,0,True,-0.4311849143996767,355.0,125.0,0.0,0.0,1.0,0.0,0.0
2025-01-10 15:10:00+00:00,2025-01-10,2025-01-10:1,True,2,10,True,0.0055248618784530384,0.0055248618784530384,-0.2656480508027131,True,0,0,0,True,-0.594007099685184,350.0,130.0,0.0,0.0,1.0,0.0,0.0
2025-01-10 15:15:00+00:00,2025-01-10,2025-01-10:1,True,1,5,True,-0.16666666666666666,0.16666666666666666,0.8041908953213964,True,0,0,0,True,1.1988170058839414,345.0,135.0,0.0,1.0,0.0,0.0,0.0
2025-01-10 15:20:00+00:00,2025-01-10,2025-01-10:1,True,0,5,True,0.14893617021276595,0.14893617021276595,-1.516004491321365,True,0,0,0,True,-1.1200689208563677,340.0,140.0,1.0,0.0,0.0,0.0,0.0
2025-01-10 15:25:00+00:00,2025-01-10,2025-01-10:1,True,3,5,True,0.5119047619047619,0.5119047619047619,-1.6861745935338073,True,0,0,0,True,-0.8859121650104211,335.0,145.0,0.0,0.0,0.0,1.0,0.0
2025-01-10 15:30:00+00:00,2025-01-10,2025-01-10:1,True,4,5,True,0.11229946524064172,0.030360662370742315,1.30802133034341,True,1,0,0,True,3.2890933552742045,330.0,150.0,0.0,0.0,0.0,0.0,1.0
2025-01-10 15:35:00+00:00,2025-01-10,2025-01-10:1,True,0,5,True,-0.5897435897435898,0.44481417084135516,-0.2820312474468275,True,1,0,0,True,-1.2612820821403405,325.0,155.0,1.0,0.0,0.0,0.0,0.0
2025-01-10 15:40:00+00:00,2025-01-10,2025-01-10:1,True,0,10,True,-0.056179775280898875,0.0371189294407351,-0.4144297546794308,True,1,0,0,True,-0.22358134145719405,320.0,160.0,1.0,0.0,0.0,0.0,0.0
2025-01-10 15:45:00+00:00,2025-01-10,2025-01-10:1,True,0,15,True,-0.19344262295081968,0.19344262295081968,1.71201716109666,True,0,0,0,True,1.2760622502867178,315.0,165.0,1.0,0.0,0.0,0.0,0.0
2025-01-10 15:50:00+00:00,2025-01-10,2025-01-10:1,True,0,20,True,-0.0196078431372549,0.00836017535470885,-0.8524502439375403,True,0,0,0,True,-1.2707577952525415,310.0,170.0,1.0,0.0,0.0,0.0,0.0
2025-01-10 15:55:00+00:00,2025-01-10,2025-01-10:1,True,0,25,True,-0.11178247734138973,0.11178247734138973,0.4362597628074541,True,0,0,0,True,-0.6503376569921163,305.0,175.0,1.0,0.0,0.0,0.0,0.0
2025-01-10 16:00:00+00:00,2025-01-10,2025-01-10:1,True,0,30,True,-0.3512064343163539,0.3512064343163539,1.1470307068731742,True,0,0,0,True,1.2217003743609085,300.0,180.0,1.0,0.0,0.0,0.0,0.0
2025-01-10 16:05:00+00:00,2025-01-10,2025-01-10:1,True,0,35,True,-0.15789473684210525,0.04958023755778496,-1.158336270484752,True,0,0,0,True,-0.9712944906032684,295.0,185.0,1.0,0.0,0.0,0.0,0.0
2025-01-10 16:10:00+00:00,2025-01-10,2025-01-10:1,True,0,40,True,0.022727272727272728,0.022727272727272728,-0.5720555179343153,True,0,0,0,True,-1.2226380037354903,290.0,190.0,1.0,0.0,0.0,0.0,0.0
2025-01-10 16:15:00+00:00,2025-01-10,2025-01-10:1,True,0,45,True,-0.01910828025477707,0.01910828025477707,0.2840650567425056,True,0,0,0,True,0.0,285.0,195.0,1.0,0.0,0.0,0.0,0.0
2025-01-10 16:20:00+00:00,2025-01-10,2025-01-10:1,True,0,50,True,0.17133956386292834,0.17133956386292834,-0.5574322774201894,True,0,0,0,True,0.6232282325838037,280.0,200.0,1.0,0.0,0.0,0.0,0.0
2025-01-10 16:25:00+00:00,2025-01-10,2025-01-10:1,True,0,55,True,0.32732732732732733,0.1849875053593114,0.5706723870316627,True,0,0,0,True,0.06347166768022719,275.0,205.0,1.0,0.0,0.0,0.0,0.0
2025-01-10 16:30:00+00:00,2025-01-10,2025-01-10:1,True,0,60,True,0.2053872053872054,0.06340030116497689,1.1754283926846225,True,0,0,0,True,0.7759831844988457,270.0,210.0,1.0,0.0,0.0,0.0,0.0
2025-01-10 16:35:00+00:00,2025-01-10,2025-01-10:1,True,1,5,True,0.15555555555555556,0.030231386914105714,1.6381222517949252,True,0,0,0,True,0.7325905420928631,265.0,215.0,0.0,1.0,0.0,0.0,0.0
2025-01-10 16:40:00+00:00,2025-01-10,2025-01-10:1,True,1,10,True,0.43730886850152906,0.02368840861474882,2.915653897831528,True,0,0,0,True,0.0,260.0,220.0,0.0,1.0,0.0,0.0,0.0
2025-01-10 16:45:00+00:00,2025-01-10,2025-01-10:1,True,1,15,True,0.09385113268608414,0.04838682887203587,0.6624821861256297,True,0,0,0,True,0.1362016091251986,255.0,225.0,0.0,1.0,0.0,0.0,0.0
2025-01-10 16:50:00+00:00,2025-01-10,2025-01-10:1,True,2,5,True,-0.16149068322981366,0.16149068322981366,0.16539961444162057,True,0,0,0,True,-0.7396895626874391,250.0,230.0,0.0,0.0,1.0,0.0,0.0
2025-01-10 16:55:00+00:00,2025-01-10,2025-01-10:1,True,2,10,True,0.061855670103092786,0.061855670103092786,-0.1594024154780511,True,0,0,0,True,0.0,245.0,235.0,0.0,0.0,1.0,0.0,0.0
2025-01-10 17:00:00+00:00,2025-01-10,2025-01-10:1,True,1,5,True,-0.2126984126984127,0.2126984126984127,2.8088063860058274,True,0,0,0,True,2.1491528717923116,240.0,240.0,0.0,1.0,0.0,0.0,0.0
2025-01-10 17:05:00+00:00,2025-01-10,2025-01-10:1,True,2,5,True,-0.17901234567901234,0.07470234251325815,-0.8739433231432445,True,0,0,0,True,0.0,235.0,245.0,0.0,0.0,1.0,0.0,0.0
2025-01-10 17:10:00+00:00,2025-01-10,2025-01-10:1,True,0,5,True,-0.2826747720364742,0.15645728386369173,-0.5915139952043849,True,0,0,0,True,0.0,230.0,250.0,1.0,0.0,0.0,0.0,0.0
2025-01-10 17:15:00+00:00,2025-01-10,2025-01-10:1,True,0,10,True,-0.04905660377358491,0.0154529247424945,-1.155176521308059,True,0,0,0,True,-0.015251578415097986,225.0,255.0,1.0,0.0,0.0,0.0,0.0
2025-01-10 17:20:00+00:00,2025-01-10,2025-01-10:1,True,0,15,True,-0.5680473372781065,0.5680473372781065,1.8257896145091492,True,0,0,0,True,0.6804316151089433,220.0,260.0,1.0,0.0,0.0,0.0,0.0
2025-01-10 17:25:00+00:00,2025-01-10,2025-01-10:1,True,0,20,True,-0.515358361774744,0.15910708248427244,-1.1752850564982553,True,0,0,0,True,0.0,215.0,265.0,1.0,0.0,0.0,0.0,0.0
2025-01-10 17:30:00+00:00,2025-01-10,2025-01-10:1,True,0,25,True,-0.4968944099378882,0.4968944099378882,0.5881806789727638,True,0,0,0,True,0.0,210.0,270.0,1.0,0.0,0.0,0.0,0.0
2025-01-10 17:35:00+00:00,2025-01-10,2025-01-10:1,True,0,30,True,-0.31189710610932475,0.12686106912540848,-0.8995808015354753,True,0,0,0,True,-0.6705079411617214,205.0,275.0,1.0,0.0,0.0,0.0,0.0
2025-01-10 17:40:00+00:00,2025-01-10,2025-01-10:1,True,3,5,True,-0.25925925925925924,0.09636859088694134,-0.9896482341825922,True,0,0,0,True,-1.4752804836306368,200.0,280.0,0.0,0.0,0.0,1.0,0.0
2025-01-10 17:45:00+00:00,2025-01-10,2025-01-10:1,True,0,5,True,-0.6507042253521127,0.25018219305119627,-0.9558657753869979,True,0,0,0,True,-0.6258220585652784,195.0,285.0,1.0,0.0,0.0,0.0,0.0
2025-01-10 17:50:00+00:00,2025-01-10,2025-01-10:1,True,4,5,True,-0.2403560830860534,0.17310842048772784,-0.3282033970823484,True,0,0,0,True,-0.7338851063224872,190.0,290.0,0.0,0.0,0.0,0.0,1.0
2025-01-10 17:55:00+00:00,2025-01-10,2025-01-10:1,True,4,10,True,-0.4140127388535032,0.4140127388535032,0.0,True,0,0,0,True,0.0,185.0,295.0,0.0,0.0,0.0,0.0,1.0
2025-01-10 18:00:00+00:00,2025-01-10,2025-01-10:1,True,4,15,True,-0.051094890510948905,0.051094890510948905,0.0,True,0,0,0,True,1.4954269287382005,180.0,300.0,0.0,0.0,0.0,0.0,1.0
2025-01-10 18:05:00+00:00,2025-01-10,2025-01-10:1,True,4,20,True,-0.3743016759776536,0.3743016759776536,0.8479175691722597,True,0,0,0,True,-0.9480006619954708,175.0,305.0,0.0,0.0,0.0,0.0,1.0
2025-01-10 18:10:00+00:00,2025-01-10,2025-01-10:1,True,0,5,True,0.1393188854489164,0.1393188854489164,-0.8995236834797204,True,0,0,0,True,-0.8654949118572403,170.0,310.0,1.0,0.0,0.0,0.0,0.0
2025-01-10 18:15:00+00:00,2025-01-10,2025-01-10:1,True,0,10,True,0.13953488372093023,0.05820158838423223,0.8744019863263565,True,0,0,0,True,-0.7465580379393496,165.0,315.0,1.0,0.0,0.0,0.0,0.0
2025-01-10 18:20:00+00:00,2025-01-10,2025-01-10:1,True,0,15,True,-0.1513353115727003,0.09404930118646256,-0.4756788558689824,True,0,0,0,True,-0.15578790577288154,160.0,320.0,1.0,0.0,0.0,0.0,0.0
2025-01-10 18:25:00+00:00,2025-01-10,2025-01-10:1,True,0,20,True,-0.08978328173374613,0.08978328173374613,0.5110364411562575,True,0,0,0,True,0.14074527857859923,155.0,325.0,1.0,0.0,0.0,0.0,0.0
2025-01-10 18:30:00+00:00,2025-01-10,2025-01-10:1,True,0,25,True,0.01694915254237288,0.01694915254237288,0.0,True,0,0,0,True,1.9944733288494207,150.0,330.0,1.0,0.0,0.0,0.0,0.0
2025-01-10 18:35:00+00:00,2025-01-10,2025-01-10:1,True,0,30,True,0.07987220447284345,0.07987220447284345,-0.4946150940100528,True,0,0,0,True,-3.3179789187149247,145.0,335.0,1.0,0.0,0.0,0.0,0.0
2025-01-10 18:40:00+00:00,2025-01-10,2025-01-10:1,True,0,35,True,0.4318840579710145,0.18698142009088684,0.8371479137807075,True,0,0,0,True,0.7550351256397505,140.0,340.0,1.0,0.0,0.0,0.0,0.0
2025-01-10 18:45:00+00:00,2025-01-10,2025-01-10:1,True,0,40,True,0.26843657817109146,0.09322328226393126,1.0576171779254055,True,0,0,0,True,0.7608333921003387,135.0,345.0,1.0,0.0,0.0,0.0,0.0
2025-01-10 18:50:00+00:00,2025-01-10,2025-01-10:1,True,0,45,True,0.13099041533546327,0.13099041533546327,-1.1650153518339421,True,0,0,0,True,1.598457454312962,130.0,350.0,1.0,0.0,0.0,0.0,0.0
2025-01-10 18:55:00+00:00,2025-01-10,2025-01-10:1,True,1,5,True,0.3146417445482866,0.03264354450627926,2.2657875545509905,True,0,0,0,True,1.2192623353357357,125.0,355.0,0.0,1.0,0.0,0.0,0.0
2025-01-10 19:00:00+00:00,2025-01-10,2025-01-10:1,True,0,5,True,0.3746130030959752,0.3746130030959752,-2.7190717183595,True,0,0,0,True,-1.520007299486171,120.0,360.0,1.0,0.0,0.0,0.0,0.0
2025-01-10 19:05:00+00:00,2025-01-10,2025-01-10:1,True,0,10,True,0.37583892617449666,0.37583892617449666,-1.5964610417217187,True,0,0,0,True,-0.8872972164474076,115.0,365.0,1.0,0.0,0.0,0.0,0.0
2025-01-10 19:10:00+00:00,2025-01-10,2025-01-10:1,True,4,5,True,0.21543408360128619,0.21543408360128619,0.0,True,0,0,0,True,-2.2385813619051325,110.0,370.0,0.0,0.0,0.0,0.0,1.0
2025-01-10 19:15:00+00:00,2025-01-10,2025-01-10:1,True,4,10,True,0.3096774193548387,0.26650959966835325,0.15012090874401432,True,0,0,0,True,0.6713611135913172,105.0,375.0,0.0,0.0,0.0,0.0,1.0
2025-01-10 19:20:00+00:00,2025-01-10,2025-01-10:1,True,0,5,True,0.43258426966292135,0.1867111107204199,0.8402145906772186,True,0,0,0,True,-1.0897523885900644,100.0,380.0,1.0,0.0,0.0,0.0,0.0
2025-01-10 19:25:00+00:00,2025-01-10,2025-01-10:1,True,0,10,True,0.31007751937984496,0.10317954662478235,1.1003516869498196,True,0,0,0,True,0.0,95.0,385.0,1.0,0.0,0.0,0.0,0.0
2025-01-10 19:30:00+00:00,2025-01-10,2025-01-10:1,True,0,15,True,0.23972602739726026,0.23972602739726026,-0.5448728898439277,True,0,0,0,True,0.0,90.0,390.0,1.0,0.0,0.0,0.0,0.0
2025-01-10 19:35:00+00:00,2025-01-10,2025-01-10:1,True,0,20,True,0.5208333333333334,0.39643860126083347,0.27290891565949904,True,0,0,0,True,0.0,85.0,395.0,1.0,0.0,0.0,0.0,0.0
2025-01-10 19:40:00+00:00,2025-01-10,2025-01-10:1,True,0,25,True,0.38557993730407525,0.38557993730407525,-0.28879413032684514,True,0,0,0,True,-0.6457633069137593,80.0,400.0,1.0,0.0,0.0,0.0,0.0
2025-01-10 19:45:00+00:00,2025-01-10,2025-01-10:1,True,1,5,True,0.4301994301994302,0.13520883326731173,1.1574283960391636,True,0,0,0,True,0.0,75.0,405.0,0.0,1.0,0.0,0.0,0.0
2025-01-10 19:50:00+00:00,2025-01-10,2025-01-10:1,True,1,10,True,0.02030456852791878,0.015066503692546225,0.298371930118867,True,0,0,0,True,0.6671799183236035,70.0,410.0,0.0,1.0,0.0,0.0,0.0
2025-01-10 19:55:00+00:00,2025-01-10,2025-01-10:1,True,0,5,True,0.31343283582089554,0.31343283582089554,0.0,True,0,0,0,True,-0.6770420501348288,65.0,415.0,1.0,0.0,0.0,0.0,0.0
2025-01-10 20:00:00+00:00,2025-01-10,2025-01-10:1,True,0,10,True,0.6410256410256411,0.6410256410256411,-0.7419175137531664,True,0,0,0,True,-1.1203652773480655,60.0,420.0,1.0,0.0,0.0,0.0,0.0
2025-01-10 20:05:00+00:00,2025-01-10,2025-01-10:1,True,0,15,True,0.49101796407185627,0.41783309811214525,0.16139864785413363,True,0,0,0,True,0.7217966961567868,55.0,425.0,1.0,0.0,0.0,0.0,0.0
2025-01-10 20:10:00+00:00,2025-01-10,2025-01-10:1,True,0,20,True,-0.07216494845360824,0.026959729653000444,-0.9846101912479377,True,0,0,0,True,-1.4677702126470002,50.0,430.0,1.0,0.0,0.0,0.0,0.0
2025-01-10 20:15:00+00:00,2025-01-10,2025-01-10:1,True,0,25,True,-0.21282798833819241,0.15132179630154685,-0.34107560239031565,True,0,0,0,True,-2.2880046972364743,45.0,435.0,1.0,0.0,0.0,0.0,0.0
2025-01-10 20:20:00+00:00,2025-01-10,2025-01-10:1,True,0,30,True,-0.05426356589147287,0.05426356589147287,1.709596814503581,True,0,0,0,True,2.995064002691492,40.0,440.0,1.0,0.0,0.0,0.0,0.0
2025-01-10 20:25:00+00:00,2025-01-10,2025-01-10:1,True,0,35,True,0.03806228373702422,0.014092937553176846,0.9935500745210378,True,0,0,0,True,0.0,35.0,445.0,1.0,0.0,0.0,0.0,0.0
2025-01-10 20:30:00+00:00,2025-01-10,2025-01-10:1,True,0,40,True,-0.23841059602649006,0.08874014063179599,-0.9882820499116335,True,0,0,0,True,0.6842309430732142,30.0,450.0,1.0,0.0,0.0,0.0,0.0
2025-01-10 20:35:00+00:00,2025-01-10,2025-01-10:1,True,0,45,True,-0.09034267912772585,0.09034267912772585,0.0,True,0,0,0,True,0.0,25.0,455.0,1.0,0.0,0.0,0.0,0.0
2025-01-10 20:40:00+00:00,2025-01-10,2025-01-10:1,True,0,50,True,0.1906158357771261,0.1906158357771261,-0.33891072601408545,True,0,0,0,True,-1.515654843344757,20.0,460.0,1.0,0.0,0.0,0.0,0.0
2025-01-10 20:45:00+00:00,2025-01-10,2025-01-10:1,True,0,55,True,-0.3256484149855908,0.3256484149855908,0.34015464216263314,True,0,0,0,True,-0.051890534251746,15.0,465.0,1.0,0.0,0.0,0.0,0.0
2025-01-10 20:50:00+00:00,2025-01-10,2025-01-10:1,True,0,60,True,-0.011560693641618497,0.00824114378168762,-0.33847172229869005,True,0,0,0,True,-0.055245766673324294,10.0,470.0,1.0,0.0,0.0,0.0,0.0
2025-01-10 20:55:00+00:00,2025-01-10,2025-01-10:1,True,0,65,True,0.0429042904290429,0.0429042904290429,-0.3422586247960028,True,0,0,0,True,0.0,5.0,475.0,1.0,0.0,0.0,0.0,0.0
2025-01-10 21:00:00+00:00,2025-01-10,2025-01-10:1,True,0,70,True,0.13286713286713286,0.13286713286713286,-0.7260195378026592,True,0,0,0,True,0.1138131137055496,0.0,480.0,1.0,0.0,0.0,0.0,0.0
2025-01-13 13:00:00+00:00,2025-01-13,2025-01-13:1,False,-1,0,False,,,,False,0,0,0,False,,480.0,0.0,,,,,
2025-01-13 13:05:00+00:00,2025-01-13,2025-01-13:1,False,-1,0,True,0.3265822784810127,,,False,0,0,0,False,,475.0,5.0,,,,,
2025-01-13 13:10:00+00:00,2025-01-13,2025-01-13:1,False,-1,0,True,-0.367816091954023,,,False,0,0,0,False,,470.0,10.0,,,,,
2025-01-13 13:15:00+00:00,2025-01-13,2025-01-13:1,False,-1,0,True,-0.31794871794871793,,,False,0,0,0,False,,465.0,15.0,,,,,
2025-01-13 13:20:00+00:00,2025-01-13,2025-01-13:1,False,-1,0,True,-0.1295843520782396,,,False,0,0,0,False,,460.0,20.0,,,,,
2025-01-13 13:25:00+00:00,2025-01-13,2025-01-13:1,False,-1,0,True,-0.3110367892976589,,,False,0,0,0,False,,455.0,25.0,,,,,
2025-01-13 13:30:00+00:00,2025-01-13,2025-01-13:1,False,-1,0,True,0.47757255936675463,,,False,0,0,0,False,,450.0,30.0,,,,,
2025-01-13 13:35:00+00:00,2025-01-13,2025-01-13:1,False,-1,0,True,0.5327102803738317,,,False,0,0,0,False,,445.0,35.0,,,,,
2025-01-13 13:40:00+00:00,2025-01-13,2025-01-13:1,False,-1,0,True,0.7492537313432835,,,False,0,0,0,False,,440.0,40.0,,,,,
2025-01-13 13:45:00+00:00,2025-01-13,2025-01-13:1,False,-1,0,True,0.7323943661971831,,,False,0,0,0,False,,435.0,45.0,,,,,
2025-01-13 13:50:00+00:00,2025-01-13,2025-01-13:1,False,-1,0,True,0.7929411764705883,,,False,0,0,0,False,,430.0,50.0,,,,,
2025-01-13 13:55:00+00:00,2025-01-13,2025-01-13:1,False,-1,0,True,0.7633802816901408,,,False,0,0,0,False,,425.0,55.0,,,,,
2025-01-13 14:00:00+00:00,2025-01-13,2025-01-13:1,False,-1,0,True,0.6707317073170732,,,False,0,0,0,False,,420.0,60.0,,,,,
2025-01-13 14:05:00+00:00,2025-01-13,2025-01-13:1,True,0,5,True,0.4415954415954416,0.4415954415954416,0.0,True,0,0,0,False,,415.0,65.0,1.0,0.0,0.0,0.0,0.0
2025-01-13 14:10:00+00:00,2025-01-13,2025-01-13:1,True,0,10,True,0.4140127388535032,0.4140127388535032,0.0,True,0,0,0,False,,410.0,70.0,1.0,0.0,0.0,0.0,0.0
2025-01-13 14:15:00+00:00,2025-01-13,2025-01-13:1,True,0,15,True,0.16455696202531644,0.16455696202531644,0.0,True,0,0,0,False,,405.0,75.0,1.0,0.0,0.0,0.0,0.0
2025-01-13 14:20:00+00:00,2025-01-13,2025-01-13:1,True,0,20,True,0.05791505791505792,0.040865121699844784,0.34870048932633174,True,0,0,0,False,,400.0,80.0,1.0,0.0,0.0,0.0,0.0
2025-01-13 14:25:00+00:00,2025-01-13,2025-01-13:1,True,0,25,True,0.3111111111111111,0.3111111111111111,0.0,True,0,0,0,False,,395.0,85.0,1.0,0.0,0.0,0.0,0.0
2025-01-13 14:30:00+00:00,2025-01-13,2025-01-13:1,True,0,30,True,-0.011764705882352941,0.011764705882352941,0.0,True,0,0,0,False,,390.0,90.0,1.0,0.0,0.0,0.0,0.0
2025-01-13 14:35:00+00:00,2025-01-13,2025-01-13:1,True,0,35,True,0.36486486486486486,0.10066727373904097,1.2877062925734455,True,0,0,0,False,,385.0,95.0,1.0,0.0,0.0,0.0,0.0
2025-01-13 14:40:00+00:00,2025-01-13,2025-01-13:1,True,0,40,True,-0.06666666666666667,0.04340044293901904,-0.4292354308574677,True,0,0,0,False,,380.0,100.0,1.0,0.0,0.0,0.0,0.0
2025-01-13 14:45:00+00:00,2025-01-13,2025-01-13:1,True,0,45,True,-0.028169014084507043,0.005649990072634642,-1.6065687943997766,True,0,0,0,False,,375.0,105.0,1.0,0.0,0.0,0.0,0.0
2025-01-13 14:50:00+00:00,2025-01-13,2025-01-13:1,True,0,50,True,-0.2297734627831715,0.2297734627831715,0.0,True,0,0,0,False,,370.0,110.0,1.0,0.0,0.0,0.0,0.0
2025-01-13 14:55:00+00:00,2025-01-13,2025-01-13:1,True,0,55,True,0.05813953488372093,0.05813953488372093,0.0,True,0,0,0,False,,365.0,115.0,1.0,0.0,0.0,0.0,0.0
2025-01-13 15:00:00+00:00,2025-01-13,2025-01-13:1,True,0,60,True,0.007518796992481203,0.007518796992481203,-0.5365835624397941,True,0,0,0,False,,360.0,120.0,1.0,0.0,0.0,0.0,0.0
2025-01-13 15:05:00+00:00,2025-01-13,2025-01-13:1,True,4,5,True,-0.21301775147928995,0.21301775147928995,0.5648563010451659,True,0,0,0,True,-0.7965053804870266,355.0,125.0,0.0,0.0,0.0,0.0,1.0
2025-01-13 15:10:00+00:00,2025-01-13,2025-01-13:1,True,0,5,True,-0.15669515669515668,0.15669515669515668,0.0,True,0,0,0,True,0.5661952441494554,350.0,130.0,1.0,0.0,0.0,0.0,0.0
2025-01-13 15:15:00+00:00,2025-01-13,2025-01-13:1,True,0,10,True,-0.15932203389830507,0.08913474257714331,-0.5807783379636786,True,0,0,0,True,1.2986598435424412,345.0,135.0,1.0,0.0,0.0,0.0,0.0
2025-01-13 15:20:00+00:00,2025-01-13,2025-01-13:1,True,0,15,True,-0.4254742547425474,0.13663764891646513,-1.135871916805293,True,0,0,0,True,0.0,340.0,140.0,1.0,0.0,0.0,0.0,0.0
2025-01-13 15:25:00+00:00,2025-01-13,2025-01-13:1,True,3,5,True,0.2822085889570552,0.2822085889570552,-0.5746510946636778,True,0,0,0,True,0.0,335.0,145.0,0.0,0.0,0.0,1.0,0.0
2025-01-13 15:30:00+00:00,2025-01-13,2025-01-13:1,True,3,10,True,0.2578947368421053,0.2578947368421053,-0.5652385203051639,True,0,0,0,True,1.2639117549037415,330.0,150.0,0.0,0.0,0.0,1.0,0.0
2025-01-13 15:35:00+00:00,2025-01-13,2025-01-13:1,True,3,15,True,0.17557251908396945,0.17557251908396945,-1.0559169616604596,True,0,0,0,True,-1.180551052435591,325.0,155.0,0.0,0.0,0.0,1.0,0.0
2025-01-13 15:40:00+00:00,2025-01-13,2025-01-13:1,True,4,5,True,-0.04693140794223827,0.04693140794223827,0.47913670746103315,True,1,0,0,True,-3.214146745188813,320.0,160.0,0.0,0.0,0.0,0.0,1.0
2025-01-13 15:45:00+00:00,2025-01-13,2025-01-13:1,True,3,5,True,-0.2692307692307692,0.11580381913366788,-0.8436713449920049,True,0,1,1,True,-0.4716266195170298,315.0,165.0,0.0,0.0,0.0,1.0,0.0
2025-01-13 15:50:00+00:00,2025-01-13,2025-01-13:1,True,0,5,True,0.02425876010781671,0.010307710763218717,0.8558855607616322,True,0,0,1,True,0.5037969434124828,310.0,170.0,1.0,0.0,0.0,0.0,0.0
2025-01-13 15:55:00+00:00,2025-01-13,2025-01-13:1,True,0,10,True,0.16408668730650156,0.16408668730650156,-0.8694862890434496,True,0,0,1,True,-0.9721152239012104,305.0,175.0,1.0,0.0,0.0,0.0,0.0
2025-01-13 16:00:00+00:00,2025-01-13,2025-01-13:1,True,0,15,True,0.24745762711864408,0.1615537542732788,0.42640143271081365,True,0,0,1,True,0.43539756908617017,300.0,180.0,1.0,0.0,0.0,0.0,0.0
2025-01-13 16:05:00+00:00,2025-01-13,2025-01-13:1,True,0,20,True,0.34459459459459457,0.34459459459459457,-1.6603840375358816,True,0,0,1,True,0.0,295.0,185.0,1.0,0.0,0.0,0.0,0.0
2025-01-13 16:10:00+00:00,2025-01-13,2025-01-13:1,True,0,25,True,-0.04225352112676056,0.04225352112676056,1.5469009044249271,True,0,0,1,True,-0.852656489179736,290.0,190.0,1.0,0.0,0.0,0.0,0.0
2025-01-13 16:15:00+00:00,2025-01-13,2025-01-13:1,True,0,30,True,-0.4897959183673469,0.4897959183673469,0.390875647898048,True,0,0,1,True,0.0,285.0,195.0,1.0,0.0,0.0,0.0,0.0
2025-01-13 16:20:00+00:00,2025-01-13,2025-01-13:1,True,0,35,True,-0.4701492537313433,0.31892947266032823,-0.3880802159207507,True,0,0,1,True,-0.435352752736931,280.0,200.0,1.0,0.0,0.0,0.0,0.0
2025-01-13 16:25:00+00:00,2025-01-13,2025-01-13:1,True,0,40,True,-0.3486005089058524,0.3486005089058524,0.0,True,0,0,1,True,0.4789141951487982,275.0,205.0,1.0,0.0,0.0,0.0,0.0
2025-01-13 16:30:00+00:00,2025-01-13,2025-01-13:1,True,0,45,True,-0.7066666666666667,0.7066666666666667,0.3852631217188359,True,0,0,1,True,0.0,270.0,210.0,1.0,0.0,0.0,0.0,0.0
2025-01-13 16:35:00+00:00,2025-01-13,2025-01-13:1,True,0,50,True,-0.6373626373626373,0.4245771897449804,-0.4062449569355439,True,0,0,1,True,-0.37656543223566047,265.0,215.0,1.0,0.0,0.0,0.0,0.0
2025-01-13 16:40:00+00:00,2025-01-13,2025-01-13:1,True,0,55,True,-0.3440514469453376,0.3440514469453376,0.0,True,0,0,1,True,-0.3793121874152234,260.0,220.0,1.0,0.0,0.0,0.0,0.0
2025-01-13 16:45:00+00:00,2025-01-13,2025-01-13:1,True,0,60,True,-0.5706214689265536,0.5706214689265536,0.9507881387303508,True,0,0,1,True,1.063013455199272,255.0,225.0,1.0,0.0,0.0,0.0,0.0
2025-01-13 16:50:00+00:00,2025-01-13,2025-01-13:1,True,0,65,True,-0.3628808864265928,0.3628808864265928,0.0,True,0,0,1,True,0.0,250.0,230.0,1.0,0.0,0.0,0.0,0.0
2025-01-13 16:55:00+00:00,2025-01-13,2025-01-13:1,True,0,70,True,-0.20588235294117646,0.20588235294117646,0.4817209398738851,True,0,0,1,True,0.0,245.0,235.0,1.0,0.0,0.0,0.0,0.0
2025-01-13 17:00:00+00:00,2025-01-13,2025-01-13:1,True,0,75,True,0.022364217252396165,0.022364217252396165,-0.9816277598262162,True,0,0,1,True,0.0,240.0,240.0,1.0,0.0,0.0,0.0,0.0
2025-01-13 17:05:00+00:00,2025-01-13,2025-01-13:1,True,0,80,True,0.033210332103321034,0.033210332103321034,-0.5079542230479016,True,0,0,1,True,-0.6692903937244656,235.0,245.0,1.0,0.0,0.0,0.0,0.0
2025-01-13 17:10:00+00:00,2025-01-13,2025-01-13:1,True,0,85,True,-0.3504823151125402,0.3504823151125402,1.3261764732324572,True,0,0,1,True,-0.13491869461041262,230.0,250.0,1.0,0.0,0.0,0.0,0.0
2025-01-13 17:15:00+00:00,2025-01-13,2025-01-13:1,True,0,90,True,-0.1972318339100346,0.1972318339100346,0.0,True,0,0,1,True,0.0,225.0,255.0,1.0,0.0,0.0,0.0,0.0
2025-01-13 17:20:00+00:00,2025-01-13,2025-01-13:1,True,1,5,True,-0.24203821656050956,0.24203821656050956,2.2220672393284806,True,0,0,1,True,0.24447312331693352,220.0,260.0,0.0,1.0,0.0,0.0,0.0
2025-01-13 17:25:00+00:00,2025-01-13,2025-01-13:1,True,0,5,True,-0.24923076923076923,0.06570262688551749,-1.333240343596778,True,0,0,1,True,-0.9937386795415827,215.0,265.0,1.0,0.0,0.0,0.0,0.0
2025-01-13 17:30:00+00:00,2025-01-13,2025-01-13:1,True,0,10,True,0.08943089430894309,0.07155881527487822,0.22294649359385552,True,0,0,1,True,0.9970470300421648,210.0,270.0,1.0,0.0,0.0,0.0,0.0
2025-01-13 17:35:00+00:00,2025-01-13,2025-01-13:1,True,0,15,True,0.25348189415041783,0.25348189415041783,-0.42151796529723407,True,0,0,1,True,-1.4138142362130193,205.0,275.0,1.0,0.0,0.0,0.0,0.0
2025-01-13 17:40:00+00:00,2025-01-13,2025-01-13:1,True,0,20,True,0.1794871794871795,0.1794871794871795,-1.240766817431973,True,0,0,1,True,-1.614385898375849,200.0,280.0,1.0,0.0,0.0,0.0,0.0
2025-01-13 17:45:00+00:00,2025-01-13,2025-01-13:1,True,3,5,True,0.2012012012012012,0.2012012012012012,-2.6207523542669486,True,0,0,1,True,0.7087775843445612,195.0,285.0,0.0,0.0,0.0,1.0,0.0
2025-01-13 17:50:00+00:00,2025-01-13,2025-01-13:1,True,3,10,True,-0.19471947194719472,0.027667085722580156,-1.951316451765425,True,0,0,1,True,1.4904547917636044,190.0,290.0,0.0,0.0,0.0,1.0,0.0
2025-01-13 17:55:00+00:00,2025-01-13,2025-01-13:1,True,3,15,True,0.13402061855670103,0.13402061855670103,-1.5393999045452262,True,0,0,1,True,0.7649339624705865,185.0,295.0,0.0,0.0,0.0,1.0,0.0
2025-01-13 18:00:00+00:00,2025-01-13,2025-01-13:1,True,3,20,True,0.3669064748201439,0.3669064748201439,-1.1876334652080145,True,0,0,1,True,-1.13812678309784,180.0,300.0,0.0,0.0,0.0,1.0,0.0
2025-01-13 18:05:00+00:00,2025-01-13,2025-01-13:1,True,4,5,True,0.6160990712074303,0.31829207305362456,0.6604383505160122,True,1,0,1,True,0.5222825009757002,175.0,305.0,0.0,0.0,0.0,0.0,1.0
2025-01-13 18:10:00+00:00,2025-01-13,2025-01-13:1,True,4,10,True,0.5421686746987951,0.2005848418336467,0.9943398524224857,True,1,0,1,True,1.6751312415075017,170.0,310.0,0.0,0.0,0.0,0.0,1.0
2025-01-13 18:15:00+00:00,2025-01-13,2025-01-13:1,True,3,5,True,0.42857142857142855,0.42857142857142855,-2.2989545354631233,True,0,1,2,True,-0.5454973199854481,165.0,315.0,0.0,0.0,0.0,1.0,0.0
2025-01-13 18:20:00+00:00,2025-01-13,2025-01-13:1,True,4,5,True,0.4603174603174603,0.15619735681224978,1.080796067131251,True,1,0,2,True,0.0,160.0,320.0,0.0,0.0,0.0,0.0,1.0
2025-01-13 18:25:00+00:00,2025-01-13,2025-01-13:1,True,0,5,True,0.5310344827586206,0.5310344827586206,0.0,True,1,0,2,True,0.684982070854323,155.0,325.0,1.0,0.0,0.0,0.0,0.0
2025-01-13 18:30:00+00:00,2025-01-13,2025-01-13:1,True,0,10,True,0.5358166189111748,0.2997072019990252,0.5809859689063003,True,1,0,2,True,0.0,150.0,330.0,1.0,0.0,0.0,0.0,0.0
2025-01-13 18:35:00+00:00,2025-01-13,2025-01-13:1,True,0,15,True,0.6201780415430267,0.6201780415430267,-0.30149682755271434,True,1,0,2,True,0.0,145.0,335.0,1.0,0.0,0.0,0.0,0.0
2025-01-13 18:40:00+00:00,2025-01-13,2025-01-13:1,True,0,20,True,0.7224669603524229,0.2917745147543557,0.9066903951095343,True,1,0,2,True,0.15243743488339073,140.0,340.0,1.0,0.0,0.0,0.0,0.0
2025-01-13 18:45:00+00:00,2025-01-13,2025-01-13:1,True,0,25,True,0.41274238227146814,0.41274238227146814,-0.6397253746050452,True,0,0,2,True,-0.5543527984534401,135.0,345.0,1.0,0.0,0.0,0.0,0.0
2025-01-13 18:50:00+00:00,2025-01-13,2025-01-13:1,True,0,30,True,0.4734042553191489,0.4734042553191489,-0.3375784306094697,True,0,0,2,True,-0.75484831858047,130.0,350.0,1.0,0.0,0.0,0.0,0.0
2025-01-13 18:55:00+00:00,2025-01-13,2025-01-13:1,True,0,35,True,0.38133333333333336,0.38133333333333336,-0.34448871878699544,True,0,0,2,True,0.77030019269172,125.0,355.0,1.0,0.0,0.0,0.0,0.0
2025-01-13 19:00:00+00:00,2025-01-13,2025-01-13:1,True,0,40,True,0.12312312312312312,0.08740047609778094,0.3426841257163166,True,0,0,2,True,1.5325299998257136,120.0,360.0,1.0,0.0,0.0,0.0,0.0
2025-01-13 19:05:00+00:00,2025-01-13,2025-01-13:1,True,0,45,True,0.2742382271468144,0.06856208055633048,1.3862575504505308,True,0,0,2,True,2.324824587847849,115.0,365.0,1.0,0.0,0.0,0.0,0.0
2025-01-13 19:10:00+00:00,2025-01-13,2025-01-13:1,True,0,50,True,0.24444444444444444,0.24444444444444444,-1.3595358591794493,True,0,0,2,True,-0.9265639837442116,110.0,370.0,1.0,0.0,0.0,0.0,0.0
2025-01-13 19:15:00+00:00,2025-01-13,2025-01-13:1,True,0,55,True,0.17567567567567569,0.08943236864407547,0.6751568612199131,True,0,0,2,True,-0.5994265943246457,105.0,375.0,1.0,0.0,0.0,0.0,0.0
2025-01-13 19:20:00+00:00,2025-01-13,2025-01-13:1,True,0,60,True,-0.059490084985835696,0.04097205180104216,-0.37291948889529497,True,0,0,2,True,-1.457897601082058,100.0,380.0,1.0,0.0,0.0,0.0,0.0
2025-01-13 19:25:00+00:00,2025-01-13,2025-01-13:1,True,0,65,True,0.09714285714285714,0.06719386864110208,0.36860064620818955,True,0,0,2,True,0.824216101471862,95.0,385.0,1.0,0.0,0.0,0.0,0.0
2025-01-13 19:30:00+00:00,2025-01-13,2025-01-13:1,True,0,70,True,-0.061488673139158574,0.061488673139158574,0.0,True,0,0,2,True,0.0,90.0,390.0,1.0,0.0,0.0,0.0,0.0
2025-01-13 19:35:00+00:00,2025-01-13,2025-01-13:1,True,0,75,True,-0.011494252873563218,0.011494252873563218,0.7684348226945488,True,0,0,2,True,1.7182724998230092,85.0,395.0,1.0,0.0,0.0,0.0,0.0
2025-01-13 19:40:00+00:00,2025-01-13,2025-01-13:1,True,0,80,True,0.3402777777777778,0.3402777777777778,-2.0638212831471425,True,0,0,2,True,0.0,80.0,400.0,1.0,0.0,0.0,0.0,0.0
2025-01-13 19:45:00+00:00,2025-01-13,2025-01-13:1,True,0,85,True,0.1551155115511551,0.054474439210998905,1.0464384888337879,True,0,0,2,True,0.779969198434096,75.0,405.0,1.0,0.0,0.0,0.0,0.0
2025-01-13 19:50:00+00:00,2025-01-13,2025-01-13:1,True,0,90,True,0.2925170068027211,0.2925170068027211,-0.34699879432802594,True,0,0,2,True,-1.3197081521754042,70.0,410.0,1.0,0.0,0.0,0.0,0.0
2025-01-13 19:55:00+00:00,2025-01-13,2025-01-13:1,True,0,95,True,0.19607843137254902,0.19607843137254902,0.0,True,0,0,2,True,0.0,65.0,415.0,1.0,0.0,0.0,0.0,0.0
2025-01-13 20:00:00+00:00,2025-01-13,2025-01-13:1,True,0,100,True,0.4258064516129032,0.20872142646473363,0.712984428938022,True,0,0,2,True,0.25997562063834306,60.0,420.0,1.0,0.0,0.0,0.0,0.0
2025-01-13 20:05:00+00:00,2025-01-13,2025-01-13:1,True,0,105,True,-0.029411764705882353,0.014533591714030828,-0.7049321143487725,True,0,0,2,True,0.5591124205110236,55.0,425.0,1.0,0.0,0.0,0.0,0.0
2025-01-13 20:10:00+00:00,2025-01-13,2025-01-13:1,True,0,110,True,0.11428571428571428,0.11428571428571428,-1.4669613777772645,True,0,0,2,True,-1.6401126805371913,50.0,430.0,1.0,0.0,0.0,0.0,0.0
2025-01-13 20:15:00+00:00,2025-01-13,2025-01-13:1,True,3,5,True,0.4006734006734007,0.4006734006734007,-0.4043174979072839,True,0,0,2,True,0.0,45.0,435.0,0.0,0.0,0.0,1.0,0.0
2025-01-13 20:20:00+00:00,2025-01-13,2025-01-13:1,True,0,5,True,0.0783132530120482,0.052153302450159866,0.40652934265954704,True,0,0,2,True,0.0,40.0,440.0,1.0,0.0,0.0,0.0,0.0
2025-01-13 20:25:00+00:00,2025-01-13,2025-01-13:1,True,0,10,True,0.18352059925093633,0.12130859851746312,0.41398921887838236,True,0,0,2,True,-0.9257080353641022,35.0,445.0,1.0,0.0,0.0,0.0,0.0
2025-01-13 20:30:00+00:00,2025-01-13,2025-01-13:1,True,0,15,True,0.25,0.1651192005259906,0.4147932773565051,True,0,0,2,True,1.5303837693755924,30.0,450.0,1.0,0.0,0.0,0.0,0.0
2025-01-13 20:35:00+00:00,2025-01-13,2025-01-13:1,True,0,20,True,0.4470588235294118,0.30055785746608416,0.3970499094511367,True,0,0,2,True,0.0,25.0,455.0,1.0,0.0,0.0,0.0,0.0
2025-01-13 20:40:00+00:00,2025-01-13,2025-01-13:1,True,0,25,True,-0.017543859649122806,0.017543859649122806,0.0,True,0,0,2,True,1.0651832633963638,20.0,460.0,1.0,0.0,0.0,0.0,0.0
2025-01-13 20:45:00+00:00,2025-01-13,2025-01-13:1,True,0,30,True,0.2727272727272727,0.2727272727272727,-0.47192324006311104,True,0,0,2,True,-1.0552524449430685,15.0,465.0,1.0,0.0,0.0,0.0,0.0
2025-01-13 20:50:00+00:00,2025-01-13,2025-01-13:1,True,1,5,True,0.35602094240837695,0.03658717813975681,2.275291701132459,True,0,0,2,True,0.40900297163918264,10.0,470.0,0.0,1.0,0.0,0.0,0.0
2025-01-13 20:55:00+00:00,2025-01-13,2025-01-13:1,True,1,10,True,0.29692832764505117,0.1874210459966162,0.4601331199096907,True,0,0,2,True,0.0,5.0,475.0,0.0,1.0,0.0,0.0,0.0
2025-01-13 21:00:00+00:00,2025-01-13,2025-01-13:1,True,0,5,True,0.15950920245398773,0.15950920245398773,-1.341830323943072,True,0,0,2,True,-0.4724141461229138,0.0,480.0,1.0,0.0,0.0,0.0,0.0
2025-01-14 13:00:00+00:00,2025-01-14,2025-01-14:1,False,-1,0,False,,,,False,0,0,0,False,,480.0,0.0,,,,,
2025-01-14 13:05:00+00:00,2025-01-14,2025-01-14:1,False,-1,0,True,0.07857142857142857,,,False,0,0,0,False,,475.0,5.0,,,,,
2025-01-14 13:10:00+00:00,2025-01-14,2025-01-14:1,False,-1,0,True,0.19444444444444445,,,False,0,0,0,False,,470.0,10.0,,,,,
2025-01-14 13:15:00+00:00,2025-01-14,2025-01-14:1,False,-1,0,True,-0.020289855072463767,,,False,0,0,0,False,,465.0,15.0,,,,,
2025-01-14 13:20:00+00:00,2025-01-14,2025-01-14:1,False,-1,0,True,-0.10097719869706841,,,False,0,0,0,False,,460.0,20.0,,,,,
2025-01-14 13:25:00+00:00,2025-01-14,2025-01-14:1,False,-1,0,True,-0.46808510638297873,,,False,0,0,0,False,,455.0,25.0,,,,,
2025-01-14 13:30:00+00:00,2025-01-14,2025-01-14:1,False,-1,0,True,-0.024943310657596373,,,False,0,0,0,False,,450.0,30.0,,,,,
2025-01-14 13:35:00+00:00,2025-01-14,2025-01-14:1,False,-1,0,True,0.9018087855297158,,,False,0,0,0,False,,445.0,35.0,,,,,
2025-01-14 13:40:00+00:00,2025-01-14,2025-01-14:1,False,-1,0,True,0.9581589958158996,,,False,0,0,0,False,,440.0,40.0,,,,,
2025-01-14 13:45:00+00:00,2025-01-14,2025-01-14:1,False,-1,0,True,0.9344262295081968,,,False,0,0,0,False,,435.0,45.0,,,,,
2025-01-14 13:50:00+00:00,2025-01-14,2025-01-14:1,False,-1,0,True,0.817258883248731,,,False,0,0,0,False,,430.0,50.0,,,,,
2025-01-14 13:55:00+00:00,2025-01-14,2025-01-14:1,False,-1,0,True,0.8443396226415094,,,False,0,0,0,False,,425.0,55.0,,,,,
2025-01-14 14:00:00+00:00,2025-01-14,2025-01-14:1,False,-1,0,True,0.7225433526011561,,,False,0,0,0,False,,420.0,60.0,,,,,
2025-01-14 14:05:00+00:00,2025-01-14,2025-01-14:1,True,2,5,True,0.8145363408521303,0.8145363408521303,-0.2664192608224109,True,0,0,0,False,,415.0,65.0,0.0,0.0,1.0,0.0,0.0
2025-01-14 14:10:00+00:00,2025-01-14,2025-01-14:1,True,1,5,True,0.8191780821917808,0.4763619691396157,0.5421234941774926,True,0,0,0,False,,410.0,70.0,0.0,1.0,0.0,0.0,0.0
2025-01-14 14:15:00+00:00,2025-01-14,2025-01-14:1,True,0,5,True,0.6602739726027397,0.6602739726027397,-0.2693895426832906,True,0,0,0,False,,405.0,75.0,1.0,0.0,0.0,0.0,0.0
2025-01-14 14:20:00+00:00,2025-01-14,2025-01-14:1,True,1,5,True,0.7478991596638656,0.33297321683046005,0.809206098795523,True,0,0,0,False,,400.0,80.0,0.0,1.0,0.0,0.0,0.0
2025-01-14 14:25:00+00:00,2025-01-14,2025-01-14:1,True,1,10,True,0.8909090909090909,0.12847710519299235,1.9364916731034651,True,0,0,0,False,,395.0,85.0,0.0,1.0,0.0,0.0,0.0
2025-01-14 14:30:00+00:00,2025-01-14,2025-01-14:1,True,1,15,True,0.9082125603864735,0.4165063720272556,0.7795766880718407,True,0,0,0,False,,390.0,90.0,0.0,1.0,0.0,0.0,0.0
2025-01-14 14:35:00+00:00,2025-01-14,2025-01-14:1,True,1,20,True,0.865546218487395,0.24307243955921654,1.2700012700022552,True,0,0,0,False,,385.0,95.0,0.0,1.0,0.0,0.0,0.0
2025-01-14 14:40:00+00:00,2025-01-14,2025-01-14:1,True,1,25,True,0.8990384615384616,0.5386050292397981,0.5123432981858356,True,0,0,0,False,,380.0,100.0,0.0,1.0,0.0,0.0,0.0
2025-01-14 14:45:00+00:00,2025-01-14,2025-01-14:1,True,1,30,True,0.7687861271676301,0.043843325156325025,2.864190325398721,True,0,0,0,False,,375.0,105.0,0.0,1.0,0.0,0.0,0.0
2025-01-14 14:50:00+00:00,2025-01-14,2025-01-14:1,True,1,35,True,0.7926267281105991,0.25778410654334794,1.1232299639866248,True,0,0,0,False,,370.0,110.0,0.0,1.0,0.0,0.0,0.0
2025-01-14 14:55:00+00:00,2025-01-14,2025-01-14:1,True,1,40,True,0.8321995464852607,0.1366523831920308,1.8066318992505486,True,0,0,0,False,,365.0,115.0,0.0,1.0,0.0,0.0,0.0
2025-01-14 15:00:00+00:00,2025-01-14,2025-01-14:1,True,2,5,True,0.826530612244898,0.6248175828266366,0.27977721532658556,True,0,0,0,False,,360.0,120.0,0.0,0.0,1.0,0.0,0.0
2025-01-14 15:05:00+00:00,2025-01-14,2025-01-14:1,True,2,10,True,0.8632911392405064,0.5008608758232398,0.544423621811084,True,0,0,0,True,-0.023606530184130257,355.0,125.0,0.0,0.0,1.0,0.0,0.0
2025-01-14 15:10:00+00:00,2025-01-14,2025-01-14:1,True,2,15,True,0.8979591836734694,0.5102424957031423,0.5652385203061703,True,0,0,0,True,0.631955877453894,350.0,130.0,0.0,0.0,1.0,0.0,0.0
2025-01-14 15:15:00+00:00,2025-01-14,2025-01-14:1,True,1,5,True,0.8173913043478261,0.2621416969195177,1.1372327473854238,True,0,0,0,True,0.6401237929516537,345.0,135.0,0.0,1.0,0.0,0.0,0.0
2025-01-14 15:20:00+00:00,2025-01-14,2025-01-14:1,True,2,5,True,0.7755610972568578,0.7755610972568578,0.0,True,0,0,0,True,0.6440207618169072,340.0,140.0,0.0,0.0,1.0,0.0,0.0
2025-01-14 15:25:00+00:00,2025-01-14,2025-01-14:1,True,2,10,True,0.591715976331361,0.5085367242352261,0.15148931644808877,True,0,0,0,True,-0.028379086926936862,335.0,145.0,0.0,0.0,1.0,0.0,0.0
2025-01-14 15:30:00+00:00,2025-01-14,2025-01-14:1,True,0,5,True,0.9085714285714286,0.9085714285714286,-2.565359326957061,True,0,0,0,True,-4.049165535380031,330.0,150.0,1.0,0.0,0.0,0.0,0.0
2025-01-14 15:35:00+00:00,2025-01-14,2025-01-14:1,True,0,10,True,0.9510022271714922,0.8287824864698057,0.1375586643764616,True,0,0,0,True,-0.5795067271198148,325.0,155.0,1.0,0.0,0.0,0.0,0.0
2025-01-14 15:40:00+00:00,2025-01-14,2025-01-14:1,True,0,15,True,0.8446601941747572,0.2283675835557473,1.3079778700879148,True,0,0,0,True,-0.024701101094225502,320.0,160.0,1.0,0.0,0.0,0.0,0.0
2025-01-14 15:45:00+00:00,2025-01-14,2025-01-14:1,True,0,20,True,0.8383371824480369,0.223229173476931,1.3232214577367616,True,0,0,0,True,-1.7752878772711222,315.0,165.0,1.0,0.0,0.0,0.0,0.0
2025-01-14 15:50:00+00:00,2025-01-14,2025-01-14:1,True,1,5,True,0.6458333333333334,0.17349210362933482,1.314409386431045,True,0,0,0,True,3.6049872218978853,310.0,170.0,0.0,1.0,0.0,0.0,0.0
2025-01-14 15:55:00+00:00,2025-01-14,2025-01-14:1,True,0,5,True,0.5692307692307692,0.5692307692307692,0.0,True,0,0,0,True,0.0,305.0,175.0,1.0,0.0,0.0,0.0,0.0
2025-01-14 16:00:00+00:00,2025-01-14,2025-01-14:1,True,1,5,True,0.6780045351473923,0.39433702199316184,0.5419480474925144,True,0,0,0,True,-0.4507129443738658,300.0,180.0,0.0,1.0,0.0,0.0,0.0
2025-01-14 16:05:00+00:00,2025-01-14,2025-01-14:1,True,2,5,True,0.8281622911694511,0.5957649982541035,0.32936284792886655,True,0,0,0,True,-0.9819702896406346,295.0,185.0,0.0,0.0,1.0,0.0,0.0
2025-01-14 16:10:00+00:00,2025-01-14,2025-01-14:1,True,1,5,True,0.8696741854636592,0.2143902965727966,1.4003204723890876,True,0,0,0,True,0.7635971903160904,290.0,190.0,0.0,1.0,0.0,0.0,0.0
2025-01-14 16:15:00+00:00,2025-01-14,2025-01-14:1,True,1,10,True,0.902676399026764,0.43323726785236505,0.7340785864600499,True,0,0,0,True,0.04011099005536137,285.0,195.0,0.0,1.0,0.0,0.0,0.0
2025-01-14 16:20:00+00:00,2025-01-14,2025-01-14:1,True,1,15,True,0.8587570621468926,0.3796674144729139,0.8161904228385212,True,0,0,0,True,0.03390122698253579,280.0,200.0,0.0,1.0,0.0,0.0,0.0
2025-01-14 16:25:00+00:00,2025-01-14,2025-01-14:1,True,2,5,True,0.7042606516290727,0.7042606516290727,0.0,True,0,0,0,True,-0.9136239899961415,275.0,205.0,0.0,0.0,1.0,0.0,0.0
2025-01-14 16:30:00+00:00,2025-01-14,2025-01-14:1,True,2,10,True,0.7383177570093458,0.7383177570093458,-0.9982321004091683,True,0,0,0,True,0.04051710363618714,270.0,210.0,0.0,0.0,1.0,0.0,0.0
2025-01-14 16:35:00+00:00,2025-01-14,2025-01-14:1,True,1,5,True,0.7188328912466844,0.37883502953057063,0.640528080375947,True,0,0,0,True,0.0,265.0,215.0,0.0,1.0,0.0,0.0,0.0
2025-01-14 16:40:00+00:00,2025-01-14,2025-01-14:1,True,0,5,True,0.53315649867374,0.53315649867374,-0.22604645029382553,True,0,0,0,True,-1.1343821263854712,260.0,220.0,1.0,0.0,0.0,0.0,0.0
2025-01-14 16:45:00+00:00,2025-01-14,2025-01-14:1,True,0,10,True,0.5142857142857142,0.1492618187747901,1.2370770384805745,True,0,0,0,True,1.0058866732537308,255.0,225.0,1.0,0.0,0.0,0.0,0.0
2025-01-14 16:50:00+00:00,2025-01-14,2025-01-14:1,True,0,15,True,0.5370919881305638,0.5370919881305638,-0.2313084908030195,True,0,0,0,True,0.09463669552431583,250.0,230.0,1.0,0.0,0.0,0.0,0.0
2025-01-14 16:55:00+00:00,2025-01-14,2025-01-14:1,True,0,20,True,0.6657534246575343,0.6657534246575343,-0.5829084293609624,True,0,0,0,True,-0.7721662306557964,245.0,235.0,1.0,0.0,0.0,0.0,0.0
2025-01-14 17:00:00+00:00,2025-01-14,2025-01-14:1,True,1,5,True,0.556786703601108,0.3113720209115024,0.5811938226980435,True,0,0,0,True,0.10767995205216152,240.0,240.0,0.0,1.0,0.0,0.0,0.0
2025-01-14 17:05:00+00:00,2025-01-14,2025-01-14:1,True,0,5,True,0.6987012987012987,0.38616698746641,0.592953438363489,True,0,0,0,True,0.6629420978364966,235.0,245.0,1.0,0.0,0.0,0.0,0.0
2025-01-14 17:10:00+00:00,2025-01-14,2025-01-14:1,True,2,5,True,0.7440476190476191,0.7440476190476191,0.0,True,0,0,0,True,0.0,230.0,250.0,0.0,0.0,1.0,0.0,0.0
2025-01-14 17:15:00+00:00,2025-01-14,2025-01-14:1,True,0,5,True,0.6549707602339181,0.6549707602339181,-0.6482715343062787,True,0,0,0,True,-0.7247896092934631,225.0,255.0,1.0,0.0,0.0,0.0,0.0
2025-01-14 17:20:00+00:00,2025-01-14,2025-01-14:1,True,0,10,True,0.7481840193704601,0.2583304062189837,1.0634095530630305,True,0,0,0,True,0.14668529743230097,220.0,260.0,1.0,0.0,0.0,0.0,0.0
2025-01-14 17:25:00+00:00,2025-01-14,2025-01-14:1,True,1,5,True,0.8486997635933806,0.5897377701256596,0.3640275077389816,True,0,0,0,True,0.0,215.0,265.0,0.0,1.0,0.0,0.0,0.0
2025-01-14 17:30:00+00:00,2025-01-14,2025-01-14:1,True,0,5,True,0.7406483790523691,0.7406483790523691,0.0,True,0,0,0,True,0.8674278377600708,210.0,270.0,1.0,0.0,0.0,0.0,0.0
2025-01-14 17:35:00+00:00,2025-01-14,2025-01-14:1,True,0,10,True,0.674074074074074,0.29609967508234,0.822643869277694,True,0,0,0,True,0.0,205.0,275.0,1.0,0.0,0.0,0.0,0.0
2025-01-14 17:40:00+00:00,2025-01-14,2025-01-14:1,True,1,5,True,0.575,0.11181991007156077,1.6374804094241722,True,0,0,0,True,0.0,200.0,280.0,0.0,1.0,0.0,0.0,0.0
2025-01-14 17:45:00+00:00,2025-01-14,2025-01-14:1,True,1,10,True,0.6190476190476191,0.24035116804199247,0.9460811446375964,True,0,0,0,True,-1.8599626547982073,195.0,285.0,0.0,1.0,0.0,0.0,0.0
2025-01-14 17:50:00+00:00,2025-01-14,2025-01-14:1,True,1,15,True,0.4155844155844156,0.1575693238318061,0.9698202471876121,True,0,0,0,True,2.16858399866715,190.0,290.0,0.0,1.0,0.0,0.0,0.0
2025-01-14 17:55:00+00:00,2025-01-14,2025-01-14:1,True,2,5,True,0.23684210526315788,0.23684210526315788,0.0,True,0,0,0,True,0.0,185.0,295.0,0.0,0.0,1.0,0.0,0.0
2025-01-14 18:00:00+00:00,2025-01-14,2025-01-14:1,True,1,5,True,0.4723618090452261,0.17556369612045555,0.9897433186115325,True,0,0,0,True,-0.7658803362696608,180.0,300.0,0.0,1.0,0.0,0.0,0.0
2025-01-14 18:05:00+00:00,2025-01-14,2025-01-14:1,True,1,10,True,0.7545454545454545,0.46583943517741266,0.4822745059401301,True,0,0,0,True,2.156797158194514,175.0,305.0,0.0,1.0,0.0,0.0,0.0
2025-01-14 18:10:00+00:00,2025-01-14,2025-01-14:1,True,1,15,True,0.7937649880095923,0.5019501107351724,0.4582866988129214,True,0,0,0,True,-1.024760211732577,170.0,310.0,0.0,1.0,0.0,0.0,0.0
2025-01-14 18:15:00+00:00,2025-01-14,2025-01-14:1,True,1,20,True,0.5142857142857142,0.091882149978543,1.7222721979882254,True,0,0,0,True,0.0,165.0,315.0,0.0,1.0,0.0,0.0,0.0
2025-01-14 18:20:00+00:00,2025-01-14,2025-01-14:1,True,1,25,True,0.673352435530086,0.4461539442869889,0.4116048118973231,True,0,0,0,True,0.0,160.0,320.0,0.0,1.0,0.0,0.0,0.0
2025-01-14 18:25:00+00:00,2025-01-14,2025-01-14:1,True,2,5,True,0.5097493036211699,0.5097493036211699,0.0,True,0,0,0,True,0.0,155.0,325.0,0.0,0.0,1.0,0.0,0.0
2025-01-14 18:30:00+00:00,2025-01-14,2025-01-14:1,True,1,5,True,0.49878345498783455,0.14248511987552187,1.2529344712941166,True,0,0,0,True,2.3730530524325766,150.0,330.0,0.0,1.0,0.0,0.0,0.0
2025-01-14 18:35:00+00:00,2025-01-14,2025-01-14:1,True,2,5,True,-0.054313099041533544,0.054313099041533544,0.0,True,0,0,0,True,0.8991127544116544,145.0,335.0,0.0,0.0,1.0,0.0,0.0
2025-01-14 18:40:00+00:00,2025-01-14,2025-01-14:1,True,1,5,True,0.4405144694533762,0.20087627603825103,0.7852541161940203,True,0,0,0,True,-0.4389703958547131,140.0,340.0,0.0,1.0,0.0,0.0,0.0
2025-01-14 18:45:00+00:00,2025-01-14,2025-01-14:1,True,1,10,True,0.1782477341389728,0.09932729122556862,0.5847539781117461,True,0,0,0,True,-0.8716997634475255,135.0,345.0,0.0,1.0,0.0,0.0,0.0
2025-01-14 18:50:00+00:00,2025-01-14,2025-01-14:1,True,1,15,True,0.5072463768115942,0.12903030129452933,1.368949565339797,True,0,0,0,True,1.3011405217494327,130.0,350.0,0.0,1.0,0.0,0.0,0.0
2025-01-14 18:55:00+00:00,2025-01-14,2025-01-14:1,True,1,20,True,0.5687103594080338,0.04408063358555095,2.5573507318127753,True,0,0,0,True,0.18755506240505188,125.0,355.0,0.0,1.0,0.0,0.0,0.0
2025-01-14 19:00:00+00:00,2025-01-14,2025-01-14:1,True,1,25,True,0.4692737430167598,0.12070369136188765,1.357847561400328,True,0,0,0,True,0.4530886498421387,120.0,360.0,0.0,1.0,0.0,0.0,0.0
2025-01-14 19:05:00+00:00,2025-01-14,2025-01-14:1,True,2,5,True,0.3037974683544304,0.2324253925902183,0.2677919754176149,True,0,0,0,True,0.8965841811777772,115.0,365.0,0.0,0.0,1.0,0.0,0.0
2025-01-14 19:10:00+00:00,2025-01-14,2025-01-14:1,True,1,5,True,0.29153605015673983,0.12791314503590206,0.8238121901601848,True,0,0,0,True,0.4960759617172131,110.0,370.0,0.0,1.0,0.0,0.0,0.0
2025-01-14 19:15:00+00:00,2025-01-14,2025-01-14:1,True,2,5,True,0.1419141914191419,0.1419141914191419,-0.9238818759433528,True,0,0,0,True,-0.16221183334979186,105.0,375.0,0.0,0.0,1.0,0.0,0.0
2025-01-14 19:20:00+00:00,2025-01-14,2025-01-14:1,True,2,10,True,0.0989010989010989,0.07582960974536179,0.26563150354313164,True,0,0,0,True,0.0,100.0,380.0,0.0,0.0,1.0,0.0,0.0
2025-01-14 19:25:00+00:00,2025-01-14,2025-01-14:1,True,1,5,True,0.4988399071925754,0.2951379216598461,0.5248424388744949,True,0,0,0,True,0.5867916853992405,95.0,385.0,0.0,1.0,0.0,0.0,0.0
2025-01-14 19:30:00+00:00,2025-01-14,2025-01-14:1,True,0,5,True,0.7068965517241379,0.4157225042180574,0.530866354628515,True,0,0,0,True,0.0,90.0,390.0,1.0,0.0,0.0,0.0,0.0
2025-01-14 19:35:00+00:00,2025-01-14,2025-01-14:1,True,1,5,True,0.5366568914956011,0.18322517457330403,1.0746430959475521,True,0,0,0,True,0.14146751928297258,85.0,395.0,0.0,1.0,0.0,0.0,0.0
2025-01-14 19:40:00+00:00,2025-01-14,2025-01-14:1,True,0,5,True,-0.10424710424710425,0.042704835417954244,-0.8924519278254271,True,0,0,0,True,0.0939662262520488,80.0,400.0,1.0,0.0,0.0,0.0,0.0
2025-01-14 19:45:00+00:00,2025-01-14,2025-01-14:1,True,0,10,True,0.11182108626198083,0.11182108626198083,-0.6618883744905073,True,0,0,0,True,0.0,75.0,405.0,1.0,0.0,0.0,0.0,0.0
2025-01-14 19:50:00+00:00,2025-01-14,2025-01-14:1,True,0,15,True,-0.006060606060606061,0.006060606060606061,0.23363069406712858,True,0,0,0,True,0.7836211703483192,70.0,410.0,1.0,0.0,0.0,0.0,0.0
2025-01-14 19:55:00+00:00,2025-01-14,2025-01-14:1,True,0,20,True,0.1610738255033557,0.1610738255033557,-0.5268512343872462,True,0,0,0,True,-0.5890375870606157,65.0,415.0,1.0,0.0,0.0,0.0,0.0
2025-01-14 20:00:00+00:00,2025-01-14,2025-01-14:1,True,0,25,True,-0.12457912457912458,0.12457912457912458,0.0,True,0,0,0,True,0.0,60.0,420.0,1.0,0.0,0.0,0.0,0.0
2025-01-14 20:05:00+00:00,2025-01-14,2025-01-14:1,True,3,5,True,0.13802816901408452,0.13802816901408452,-0.28954977398085796,True,0,0,0,True,-0.07187975192850823,55.0,425.0,0.0,0.0,0.0,1.0,0.0
2025-01-14 20:10:00+00:00,2025-01-14,2025-01-14:1,True,0,5,True,-0.011764705882352941,0.011764705882352941,1.112912503346166,True,0,0,0,True,0.0,50.0,430.0,1.0,0.0,0.0,0.0,0.0
2025-01-14 20:15:00+00:00,2025-01-14,2025-01-14:1,True,0,10,True,-0.08517350157728706,0.08517350157728706,0.5915139952052069,True,0,0,0,True,-0.041964823471516616,45.0,435.0,1.0,0.0,0.0,0.0,0.0
2025-01-14 20:20:00+00:00,2025-01-14,2025-01-14:1,True,0,15,True,0.22535211267605634,0.12494330552292195,0.589804045582477,True,0,0,0,True,0.0,40.0,440.0,1.0,0.0,0.0,0.0,0.0
2025-01-14 20:25:00+00:00,2025-01-14,2025-01-14:1,True,0,20,True,-0.19672131147540983,0.14549491340571574,-0.3016469380072617,True,0,0,0,True,-0.7397278810784963,35.0,445.0,1.0,0.0,0.0,0.0,0.0
2025-01-14 20:30:00+00:00,2025-01-14,2025-01-14:1,True,0,25,True,-0.04643962848297214,0.04643962848297214,0.0,True,0,0,0,True,-0.04023744790786876,30.0,450.0,1.0,0.0,0.0,0.0,0.0
2025-01-14 20:35:00+00:00,2025-01-14,2025-01-14:1,True,1,5,True,0.1526479750778816,0.06356074939709673,0.8761383219751809,True,0,0,0,True,-0.01533611896156197,25.0,455.0,0.0,1.0,0.0,0.0,0.0
2025-01-14 20:40:00+00:00,2025-01-14,2025-01-14:1,True,0,5,True,0.17880794701986755,0.17880794701986755,-1.0234252558898616,True,0,0,0,True,-0.9153793768255,20.0,460.0,1.0,0.0,0.0,0.0,0.0
2025-01-14 20:45:00+00:00,2025-01-14,2025-01-14:1,True,0,10,True,0.2569444444444444,0.2569444444444444,-0.4168368877397525,True,0,0,0,True,0.0,15.0,465.0,1.0,0.0,0.0,0.0,0.0
2025-01-14 20:50:00+00:00,2025-01-14,2025-01-14:1,True,0,15,True,0.47181008902077154,0.3841048581963303,0.2056609673190104,True,0,0,0,True,0.0,10.0,470.0,1.0,0.0,0.0,0.0,0.0
2025-01-14 20:55:00+00:00,2025-01-14,2025-01-14:1,True,0,20,True,0.3875338753387534,0.16697590504604626,0.8419537443556898,True,0,0,0,True,1.8826658062898025,5.0,475.0,1.0,0.0,0.0,0.0,0.0
2025-01-14 21:00:00+00:00,2025-01-14,2025-01-14:1,True,0,25,True,0.37669376693766937,0.37669376693766937,0.0,True,0,0,0,True,-0.1668511935003636,0.0,480.0,1.0,0.0,0.0,0.0,0.0
2025-01-15 13:00:00+00:00,2025-01-15,2025-01-15:1,False,-1,0,False,,,,False,0,0,0,False,,480.0,0.0,,,,,
2025-01-15 13:05:00+00:00,2025-01-15,2025-01-15:1,False,-1,0,True,-0.1393939393939394,,,False,0,0,0,False,,475.0,5.0,,,,,
2025-01-15 13:10:00+00:00,2025-01-15,2025-01-15:1,False,-1,0,True,-0.3252279635258359,,,False,0,0,0,False,,470.0,10.0,,,,,
2025-01-15 13:15:00+00:00,2025-01-15,2025-01-15:1,False,-1,0,True,-0.3875,,,False,0,0,0,False,,465.0,15.0,,,,,
2025-01-15 13:20:00+00:00,2025-01-15,2025-01-15:1,False,-1,0,True,-0.4228571428571429,,,False,0,0,0,False,,460.0,20.0,,,,,
2025-01-15 13:25:00+00:00,2025-01-15,2025-01-15:1,False,-1,0,True,-0.43169398907103823,,,False,0,0,0,False,,455.0,25.0,,,,,
2025-01-15 13:30:00+00:00,2025-01-15,2025-01-15:1,False,-1,0,True,0.022857142857142857,,,False,0,0,0,False,,450.0,30.0,,,,,
2025-01-15 13:35:00+00:00,2025-01-15,2025-01-15:1,False,-1,0,True,-0.03508771929824561,,,False,0,0,0,False,,445.0,35.0,,,,,
2025-01-15 13:40:00+00:00,2025-01-15,2025-01-15:1,False,-1,0,True,0.24550898203592814,,,False,0,0,0,False,,440.0,40.0,,,,,
2025-01-15 13:45:00+00:00,2025-01-15,2025-01-15:1,False,-1,0,True,-0.005405405405405406,,,False,0,0,0,False,,435.0,45.0,,,,,
2025-01-15 13:50:00+00:00,2025-01-15,2025-01-15:1,False,-1,0,True,-0.43537414965986393,,,False,0,0,0,False,,430.0,50.0,,,,,
2025-01-15 13:55:00+00:00,2025-01-15,2025-01-15:1,False,-1,0,True,-0.03773584905660377,,,False,0,0,0,False,,425.0,55.0,,,,,
2025-01-15 14:00:00+00:00,2025-01-15,2025-01-15:1,False,-1,0,True,-0.25133689839572193,,,False,0,0,0,False,,420.0,60.0,,,,,
2025-01-15 14:05:00+00:00,2025-01-15,2025-01-15:1,True,0,5,True,-0.12181303116147309,0.12181303116147309,0.5094883398755697,True,0,0,0,False,,415.0,65.0,1.0,0.0,0.0,0.0,0.0
2025-01-15 14:10:00+00:00,2025-01-15,2025-01-15:1,True,0,10,True,-0.2686084142394822,0.2686084142394822,0.740007339720002,True,0,0,0,False,,410.0,70.0,1.0,0.0,0.0,0.0,0.0
2025-01-15 14:15:00+00:00,2025-01-15,2025-01-15:1,True,0,15,True,-0.33727810650887574,0.2048428639433877,-0.49866466402916576,True,0,0,0,False,,405.0,75.0,1.0,0.0,0.0,0.0,0.0
2025-01-15 14:20:00+00:00,2025-01-15,2025-01-15:1,True,2,5,True,-0.3993610223642173,0.20944311172583158,-0.6454136663313784,True,0,0,0,False,,400.0,80.0,0.0,0.0,1.0,0.0,0.0
2025-01-15 14:25:00+00:00,2025-01-15,2025-01-15:1,True,0,5,True,-0.532051282051282,0.41012489417945863,-0.2602781462681822,True,0,0,0,False,,395.0,85.0,1.0,0.0,0.0,0.0,0.0
2025-01-15 14:30:00+00:00,2025-01-15,2025-01-15:1,True,0,10,True,-0.5584415584415584,0.25442199931667775,-0.7861556697934156,True,0,0,0,False,,390.0,90.0,1.0,0.0,0.0,0.0,0.0
2025-01-15 14:35:00+00:00,2025-01-15,2025-01-15:1,True,0,15,True,0.1568627450980392,0.11944928553899341,0.2724792954395272,True,0,0,0,False,,385.0,95.0,1.0,0.0,0.0,0.0,0.0
2025-01-15 14:40:00+00:00,2025-01-15,2025-01-15:1,True,3,5,True,-0.3782991202346041,0.23918017381717627,-0.45846807279869656,True,0,0,0,False,,380.0,100.0,0.0,0.0,0.0,1.0,0.0
2025-01-15 14:45:00+00:00,2025-01-15,2025-01-15:1,True,3,10,True,0.05454545454545454,0.05454545454545454,-0.30809425731821977,True,0,0,0,False,,375.0,105.0,0.0,0.0,0.0,1.0,0.0
2025-01-15 14:50:00+00:00,2025-01-15,2025-01-15:1,True,0,5,True,0.46706586826347307,0.1725856859759996,0.9955764498175632,True,0,0,0,False,,370.0,110.0,1.0,0.0,0.0,0.0,0.0
2025-01-15 14:55:00+00:00,2025-01-15,2025-01-15:1,True,0,10,True,0.4612794612794613,0.22824706460097904,0.7035754070709134,True,0,0,0,False,,365.0,115.0,1.0,0.0,0.0,0.0,0.0
2025-01-15 15:00:00+00:00,2025-01-15,2025-01-15:1,True,1,5,True,0.38461538461538464,0.13818542569439138,1.023647386254646,True,0,0,0,False,,360.0,120.0,0.0,1.0,0.0,0.0,0.0
2025-01-15 15:05:00+00:00,2025-01-15,2025-01-15:1,True,1,10,True,0.4405144694533762,0.11269088433331537,1.363294759210514,True,0,0,0,True,1.0178777615606556,355.0,125.0,0.0,1.0,0.0,0.0,0.0
2025-01-15 15:10:00+00:00,2025-01-15,2025-01-15:1,True,2,5,True,0.28939828080229224,0.28939828080229224,-0.35729480050483664,True,0,0,0,True,0.28472922787314825,350.0,130.0,0.0,0.0,1.0,0.0,0.0
2025-01-15 15:15:00+00:00,2025-01-15,2025-01-15:1,True,1,5,True,-0.09152542372881356,0.09152542372881356,0.7245880268643018,True,0,0,0,True,-0.5265725764946081,345.0,135.0,0.0,1.0,0.0,0.0,0.0
2025-01-15 15:20:00+00:00,2025-01-15,2025-01-15:1,True,2,5,True,0.24183006535947713,0.24183006535947713,0.0,True,0,0,0,True,0.0,340.0,140.0,0.0,0.0,1.0,0.0,0.0
2025-01-15 15:25:00+00:00,2025-01-15,2025-01-15:1,True,2,10,True,-0.12080536912751678,0.12080536912751678,0.0,True,0,0,0,True,0.0,335.0,145.0,0.0,0.0,1.0,0.0,0.0
2025-01-15 15:30:00+00:00,2025-01-15,2025-01-15:1,True,3,5,True,0.6949152542372882,0.6949152542372882,-17.569037544835403,True,0,0,0,True,-39.554822730374546,330.0,150.0,0.0,0.0,0.0,1.0,0.0
2025-01-15 15:35:00+00:00,2025-01-15,2025-01-15:1,True,4,5,True,0.977728285077951,0.3780549492069973,0.9501922509879301,True,1,0,0,True,0.5163420061476428,325.0,155.0,0.0,0.0,0.0,0.0,1.0
2025-01-15 15:40:00+00:00,2025-01-15,2025-01-15:1,True,0,5,True,0.9773755656108597,0.3555981042420981,1.0110698126757154,True,1,0,0,True,-0.03332635807156019,320.0,160.0,1.0,0.0,0.0,0.0,0.0
2025-01-15 15:45:00+00:00,2025-01-15,2025-01-15:1,True,0,10,True,0.9781659388646288,0.47537830291497624,0.7215684130387167,True,0,0,0,True,0.48404280659127313,315.0,165.0,1.0,0.0,0.0,0.0,0.0
2025-01-15 15:50:00+00:00,2025-01-15,2025-01-15:1,True,0,15,True,0.9741602067183462,0.5105860678022781,0.6460165548989008,True,0,0,0,True,0.19854690364368835,310.0,170.0,1.0,0.0,0.0,0.0,0.0
2025-01-15 15:55:00+00:00,2025-01-15,2025-01-15:1,True,0,20,True,0.9776785714285714,0.44303396175170445,0.791534526740529,True,0,0,0,True,0.2781571050358479,305.0,175.0,1.0,0.0,0.0,0.0,0.0
2025-01-15 16:00:00+00:00,2025-01-15,2025-01-15:1,True,1,5,True,0.977116704805492,0.33485136567845925,1.0709193482891277,True,0,0,0,True,0.3192864614927196,300.0,180.0,0.0,1.0,0.0,0.0,0.0
2025-01-15 16:05:00+00:00,2025-01-15,2025-01-15:1,True,1,10,True,0.9748743718592965,0.5919031935998428,0.49896551613311707,True,0,0,0,True,-0.07076661978683407,295.0,185.0,0.0,1.0,0.0,0.0,0.0
2025-01-15 16:10:00+00:00,2025-01-15,2025-01-15:1,True,1,15,True,0.9708454810495627,0.5491853273403722,0.5697313646829265,True,0,0,0,True,0.15924475754337622,290.0,190.0,0.0,1.0,0.0,0.0,0.0
2025-01-15 16:15:00+00:00,2025-01-15,2025-01-15:1,True,1,20,True,0.9767981438515081,0.6373444028099873,0.4269698493426508,True,0,0,0,True,-0.07645930813720846,285.0,195.0,0.0,1.0,0.0,0.0,0.0
2025-01-15 16:20:00+00:00,2025-01-15,2025-01-15:1,True,2,5,True,0.9319371727748691,0.7011098872219667,0.28460076867227924,True,0,0,0,True,0.22763569312217377,280.0,200.0,0.0,0.0,1.0,0.0,0.0
2025-01-15 16:25:00+00:00,2025-01-15,2025-01-15:1,True,2,10,True,0.9411764705882353,0.7602487881144968,0.21348492467132468,True,0,0,0,True,0.08732374195812027,275.0,205.0,0.0,0.0,1.0,0.0,0.0
2025-01-15 16:30:00+00:00,2025-01-15,2025-01-15:1,True,2,15,True,0.9504950495049505,0.9504950495049505,-0.07118608540518245,True,0,0,0,True,-0.3183538520361873,270.0,210.0,0.0,0.0,1.0,0.0,0.0
2025-01-15 16:35:00+00:00,2025-01-15,2025-01-15:1,True,1,5,True,0.9589442815249267,0.123158159177832,2.0523635962424414,True,0,0,0,True,1.931950187015163,265.0,215.0,0.0,1.0,0.0,0.0,0.0
2025-01-15 16:40:00+00:00,2025-01-15,2025-01-15:1,True,1,10,True,0.8,0.27891440864016176,1.0537067719804067,True,0,0,0,True,-0.3621139003112488,260.0,220.0,0.0,1.0,0.0,0.0,0.0
2025-01-15 16:45:00+00:00,2025-01-15,2025-01-15:1,True,2,5,True,0.7422222222222222,0.7422222222222222,-0.3311577079113607,True,0,0,0,True,0.7404911461628223,255.0,225.0,0.0,0.0,1.0,0.0,0.0
2025-01-15 16:50:00+00:00,2025-01-15,2025-01-15:1,True,2,10,True,0.7528735632183908,0.6362864415950197,0.16824846115282463,True,0,0,0,True,0.0,250.0,230.0,0.0,0.0,1.0,0.0,0.0
2025-01-15 16:55:00+00:00,2025-01-15,2025-01-15:1,True,1,5,True,0.7653333333333333,0.161031150999556,1.5587136380332982,True,0,0,0,True,-1.525084780737752,245.0,235.0,0.0,1.0,0.0,0.0,0.0
2025-01-15 17:00:00+00:00,2025-01-15,2025-01-15:1,True,2,5,True,0.7617866004962779,0.5153214170301142,0.39087564789694035,True,0,0,0,True,0.3977888200832622,240.0,240.0,0.0,0.0,1.0,0.0,0.0
2025-01-15 17:05:00+00:00,2025-01-15,2025-01-15:1,True,1,5,True,0.7300275482093664,0.15224866033835238,1.567567163243496,True,0,0,0,True,0.36924892703969175,235.0,245.0,0.0,1.0,0.0,0.0,0.0
2025-01-15 17:10:00+00:00,2025-01-15,2025-01-15:1,True,1,10,True,0.41214057507987223,0.12854204798959687,1.1651084202848037,True,0,0,0,True,0.0,230.0,250.0,0.0,1.0,0.0,0.0,0.0
2025-01-15 17:15:00+00:00,2025-01-15,2025-01-15:1,True,2,5,True,0.6597938144329897,0.6597938144329897,0.0,True,0,0,0,True,0.0,225.0,255.0,0.0,0.0,1.0,0.0,0.0
2025-01-15 17:20:00+00:00,2025-01-15,2025-01-15:1,True,1,5,True,0.5705128205128205,0.32441333911409037,0.5645172007282597,True,0,0,0,True,0.4624539940177124,220.0,260.0,0.0,1.0,0.0,0.0,0.0
2025-01-15 17:25:00+00:00,2025-01-15,2025-01-15:1,True,1,10,True,0.7242990654205608,0.4149785636083197,0.5569775159388017,True,0,0,0,True,0.0,215.0,265.0,0.0,1.0,0.0,0.0,0.0
2025-01-15 17:30:00+00:00,2025-01-15,2025-01-15:1,True,1,15,True,0.21052631578947367,0.14502036257264828,0.3727364968390924,True,0,0,0,True,-0.3769242582859904,210.0,270.0,0.0,1.0,0.0,0.0,0.0
2025-01-15 17:35:00+00:00,2025-01-15,2025-01-15:1,True,1,20,True,0.28205128205128205,0.0347499539631784,2.093910658441559,True,0,0,0,True,0.6190806527317083,205.0,275.0,0.0,1.0,0.0,0.0,0.0
2025-01-15 17:40:00+00:00,2025-01-15,2025-01-15:1,True,2,5,True,0.6352583586626139,0.6352583586626139,-0.9474956579907116,True,0,0,0,True,-0.23991376046118496,200.0,280.0,0.0,0.0,1.0,0.0,0.0
2025-01-15 17:45:00+00:00,2025-01-15,2025-01-15:1,True,2,10,True,0.25609756097560976,0.25609756097560976,-0.5575342423878614,True,0,0,0,True,0.0,195.0,285.0,0.0,0.0,1.0,0.0,0.0
2025-01-15 17:50:00+00:00,2025-01-15,2025-01-15:1,True,0,5,True,0.13580246913580246,0.13580246913580246,0.0,True,0,0,0,True,-0.21101399772376328,190.0,290.0,1.0,0.0,0.0,0.0,0.0
2025-01-15 17:55:00+00:00,2025-01-15,2025-01-15:1,True,0,10,True,0.37888198757763975,0.37888198757763975,-1.4436652003283201,True,0,0,0,True,0.18135001758374705,185.0,295.0,1.0,0.0,0.0,0.0,0.0
2025-01-15 18:00:00+00:00,2025-01-15,2025-01-15:1,True,0,15,True,-0.30991735537190085,0.30991735537190085,1.3431712230919806,True,0,0,0,True,1.501711080128669,180.0,300.0,1.0,0.0,0.0,0.0,0.0
2025-01-15 18:05:00+00:00,2025-01-15,2025-01-15:1,True,0,20,True,-0.9137931034482759,0.7757082109649818,-0.1638277493143674,True,0,0,0,True,0.9653190908792917,175.0,305.0,1.0,0.0,0.0,0.0,0.0
2025-01-15 18:10:00+00:00,2025-01-15,2025-01-15:1,True,0,25,True,-0.9556650246305419,0.9556650246305419,0.15943961323834827,True,0,0,0,True,-1.0695534405216665,170.0,310.0,1.0,0.0,0.0,0.0,0.0
2025-01-15 18:15:00+00:00,2025-01-15,2025-01-15:1,True,3,5,True,-0.9049773755656109,0.131580809905766,-1.9282887571389327,True,0,0,0,True,-0.5901548834762724,165.0,315.0,0.0,0.0,0.0,1.0,0.0
2025-01-15 18:20:00+00:00,2025-01-15,2025-01-15:1,True,3,10,True,-0.9407008086253369,0.6821139897697762,-0.32142835427517974,True,0,0,0,True,-0.49646201279678015,160.0,320.0,0.0,0.0,0.0,1.0,0.0
2025-01-15 18:25:00+00:00,2025-01-15,2025-01-15:1,True,3,15,True,-0.7027863777089783,0.10281776610033101,-1.922094813164162,True,0,0,0,True,0.0,155.0,325.0,0.0,0.0,0.0,1.0,0.0
2025-01-15 18:30:00+00:00,2025-01-15,2025-01-15:1,True,3,20,True,-0.8369304556354916,0.1487834901910847,-1.7272488161594166,True,0,0,0,True,-1.8512359790609276,150.0,330.0,0.0,0.0,0.0,1.0,0.0
2025-01-15 18:35:00+00:00,2025-01-15,2025-01-15:1,True,3,25,True,-0.7845433255269321,0.22824642238151982,-1.234675952348927,True,0,0,0,True,0.9182355568002271,145.0,335.0,0.0,0.0,0.0,1.0,0.0
2025-01-15 18:40:00+00:00,2025-01-15,2025-01-15:1,True,4,5,True,-0.8944723618090452,0.8944723618090452,0.31025964434201897,True,0,0,0,True,0.34688082771183126,140.0,340.0,0.0,0.0,0.0,0.0,1.0
2025-01-15 18:45:00+00:00,2025-01-15,2025-01-15:1,True,3,5,True,-0.718562874251497,0.280920811956544,-0.9391803877128428,True,0,0,0,True,-0.24179239988726323,135.0,345.0,0.0,0.0,0.0,1.0,0.0
2025-01-15 18:50:00+00:00,2025-01-15,2025-01-15:1,True,3,10,True,-0.6912751677852349,0.03298827087371398,-3.042385891048634,True,0,0,0,True,-2.7211926664680193,130.0,350.0,0.0,0.0,0.0,1.0,0.0
2025-01-15 18:55:00+00:00,2025-01-15,2025-01-15:1,True,3,15,True,-0.668997668997669,0.224908895551643,-1.0900851642663318,True,0,0,0,True,0.15870210204883475,125.0,355.0,0.0,0.0,0.0,1.0,0.0
2025-01-15 19:00:00+00:00,2025-01-15,2025-01-15:1,True,3,20,True,-0.4910941475826972,0.10233920493300164,-1.5683430215492264,True,0,0,0,True,-1.6056744233015017,120.0,360.0,0.0,0.0,0.0,1.0,0.0
2025-01-15 19:05:00+00:00,2025-01-15,2025-01-15:1,True,3,25,True,-0.6074270557029178,0.31611191996758115,-0.6531357670947634,True,0,0,0,True,0.0,115.0,365.0,0.0,0.0,0.0,1.0,0.0
2025-01-15 19:10:00+00:00,2025-01-15,2025-01-15:1,True,4,5,True,-0.49244712990936557,0.49244712990936557,1.029783232192587,True,0,0,0,True,-0.7675551030921457,110.0,370.0,0.0,0.0,0.0,0.0,1.0
2025-01-15 19:15:00+00:00,2025-01-15,2025-01-15:1,True,4,10,True,-0.20512820512820512,0.20512820512820512,0.3411316588634966,True,0,0,0,True,-0.3813967892469396,105.0,375.0,0.0,0.0,0.0,0.0,1.0
2025-01-15 19:20:00+00:00,2025-01-15,2025-01-15:1,True,3,5,True,-0.5301204819277109,0.3855653004265447,-0.31839373493699136,True,0,0,0,True,0.7119500349271389,100.0,380.0,0.0,0.0,0.0,1.0,0.0
2025-01-15 19:25:00+00:00,2025-01-15,2025-01-15:1,True,0,5,True,-0.2733333333333333,0.2733333333333333,0.9393754610117988,True,0,0,0,True,0.15520155779055256,95.0,385.0,1.0,0.0,0.0,0.0,0.0
2025-01-15 19:30:00+00:00,2025-01-15,2025-01-15:1,True,1,5,True,-0.2,0.2,2.0730220292706774,True,0,0,0,True,0.6622025966159031,90.0,390.0,0.0,1.0,0.0,0.0,0.0
2025-01-15 19:35:00+00:00,2025-01-15,2025-01-15:1,True,1,10,True,-0.3212121212121212,0.3212121212121212,1.25670624459341,True,0,0,0,True,0.7025201476643365,85.0,395.0,0.0,1.0,0.0,0.0,0.0
2025-01-15 19:40:00+00:00,2025-01-15,2025-01-15:1,True,2,5,True,-0.6024096385542169,0.6024096385542169,0.0,True,0,0,0,True,0.1409129266148812,80.0,400.0,0.0,0.0,1.0,0.0,0.0
2025-01-15 19:45:00+00:00,2025-01-15,2025-01-15:1,True,2,10,True,-0.02631578947368421,0.02631578947368421,0.0,True,0,0,0,True,0.32862239494938345,75.0,405.0,0.0,0.0,1.0,0.0,0.0
2025-01-15 19:50:00+00:00,2025-01-15,2025-01-15:1,True,2,15,True,-0.0778816199376947,0.04297185571120007,-0.5946445976615853,True,0,0,0,True,-0.8810323984286343,70.0,410.0,0.0,0.0,1.0,0.0,0.0
2025-01-15 19:55:00+00:00,2025-01-15,2025-01-15:1,True,0,5,True,-0.12121212121212122,0.03280824481044119,-1.306862228660645,True,0,0,0,True,-4.2553101564525795,65.0,415.0,1.0,0.0,0.0,0.0,0.0
2025-01-15 20:00:00+00:00,2025-01-15,2025-01-15:1,True,0,10,True,-0.26627218934911245,0.26627218934911245,0.43540876426894504,True,0,0,0,True,-0.15730353369940364,60.0,420.0,1.0,0.0,0.0,0.0,0.0
2025-01-15 20:05:00+00:00,2025-01-15,2025-01-15:1,True,3,5,True,-0.07432432432432433,0.03062523308394585,-0.8866139982761101,True,0,0,0,True,-1.652107641623866,55.0,425.0,0.0,0.0,0.0,1.0,0.0
2025-01-15 20:10:00+00:00,2025-01-15,2025-01-15:1,True,0,5,True,0.0763888888888889,0.03698498283830687,0.7253252911824432,True,0,0,0,True,0.16967195328096538,50.0,430.0,1.0,0.0,0.0,0.0,0.0
2025-01-15 20:15:00+00:00,2025-01-15,2025-01-15:1,True,3,5,True,0.06264501160092807,0.06264501160092807,-0.5801309232001399,True,0,0,0,True,-1.636096127201465,45.0,435.0,0.0,0.0,0.0,1.0,0.0
2025-01-15 20:20:00+00:00,2025-01-15,2025-01-15:1,True,0,5,True,-0.14074074074074075,0.14074074074074075,1.021930571702412,True,0,0,0,True,0.6528874933189873,40.0,440.0,1.0,0.0,0.0,0.0,0.0
2025-01-15 20:25:00+00:00,2025-01-15,2025-01-15:1,True,0,10,True,-0.109717868338558,0.035269175149973325,-1.1349028804439085,True,0,0,0,True,0.651865750235872,35.0,445.0,1.0,0.0,0.0,0.0,0.0
2025-01-15 20:30:00+00:00,2025-01-15,2025-01-15:1,True,0,15,True,0.3865979381443299,0.3865979381443299,-0.2890368270358402,True,0,0,0,True,1.2926119865078127,30.0,450.0,1.0,0.0,0.0,0.0,0.0
2025-01-15 20:35:00+00:00,2025-01-15,2025-01-15:1,True,0,20,True,0.5227882037533512,0.16618092768108336,1.146099297293744,True,0,0,0,True,0.8264785319590933,25.0,455.0,1.0,0.0,0.0,0.0,0.0
2025-01-15 20:40:00+00:00,2025-01-15,2025-01-15:1,True,0,25,True,0.5911949685534591,0.5911949685534591,-0.43720099316328637,True,0,0,0,True,0.11903103819857488,20.0,460.0,1.0,0.0,0.0,0.0,0.0
2025-01-15 20:45:00+00:00,2025-01-15,2025-01-15:1,True,0,30,True,0.8542141230068337,0.6341095976076953,0.29796008549080044,True,0,0,0,True,0.0,15.0,465.0,1.0,0.0,0.0,0.0,0.0
2025-01-15 20:50:00+00:00,2025-01-15,2025-01-15:1,True,0,35,True,0.7077922077922078,0.2832760606931181,0.9157286571443571,True,0,0,0,True,0.8389752449010506,10.0,470.0,1.0,0.0,0.0,0.0,0.0
2025-01-15 20:55:00+00:00,2025-01-15,2025-01-15:1,True,1,5,True,0.7469879518072289,0.407476692107603,0.6060653224674959,True,0,0,0,True,0.6776016299203628,5.0,475.0,0.0,1.0,0.0,0.0,0.0
2025-01-15 21:00:00+00:00,2025-01-15,2025-01-15:1,True,1,10,True,0.8246575342465754,0.2950767184218994,1.0277328051719612,True,0,0,0,True,0.5859093002073644,0.0,480.0,0.0,1.0,0.0,0.0,0.0
2025-01-16 13:00:00+00:00,2025-01-16,2025-01-16:1,False,-1,0,False,,,,False,0,0,0,False,,480.0,0.0,,,,,
2025-01-16 13:05:00+00:00,2025-01-16,2025-01-16:1,False,-1,0,True,0.21243523316062177,,,False,0,0,0,False,,475.0,5.0,,,,,
2025-01-16 13:10:00+00:00,2025-01-16,2025-01-16:1,False,-1,0,True,-0.023255813953488372,,,False,0,0,0,False,,470.0,10.0,,,,,
2025-01-16 13:15:00+00:00,2025-01-16,2025-01-16:1,False,-1,0,True,0.003134796238244514,,,False,0,0,0,False,,465.0,15.0,,,,,
2025-01-16 13:20:00+00:00,2025-01-16,2025-01-16:1,False,-1,0,True,-0.02027027027027027,,,False,0,0,0,False,,460.0,20.0,,,,,
2025-01-16 13:25:00+00:00,2025-01-16,2025-01-16:1,False,-1,0,True,0.02681992337164751,,,False,0,0,0,False,,455.0,25.0,,,,,
2025-01-16 13:30:00+00:00,2025-01-16,2025-01-16:1,False,-1,0,True,0.5280373831775701,,,False,0,0,0,False,,450.0,30.0,,,,,
2025-01-16 13:35:00+00:00,2025-01-16,2025-01-16:1,False,-1,0,True,0.7298850574712644,,,False,0,0,0,False,,445.0,35.0,,,,,
2025-01-16 13:40:00+00:00,2025-01-16,2025-01-16:1,False,-1,0,True,0.5105740181268882,,,False,0,0,0,False,,440.0,40.0,,,,,
2025-01-16 13:45:00+00:00,2025-01-16,2025-01-16:1,False,-1,0,True,0.323943661971831,,,False,0,0,0,False,,435.0,45.0,,,,,
2025-01-16 13:50:00+00:00,2025-01-16,2025-01-16:1,False,-1,0,True,0.371900826446281,,,False,0,0,0,False,,430.0,50.0,,,,,
2025-01-16 13:55:00+00:00,2025-01-16,2025-01-16:1,False,-1,0,True,0.30158730158730157,,,False,0,0,0,False,,425.0,55.0,,,,,
2025-01-16 14:00:00+00:00,2025-01-16,2025-01-16:1,False,-1,0,True,-0.014598540145985401,,,False,0,0,0,False,,420.0,60.0,,,,,
2025-01-16 14:05:00+00:00,2025-01-16,2025-01-16:1,True,0,5,True,0.46938775510204084,0.2949474426850724,0.464632016722873,True,0,0,0,False,,415.0,65.0,1.0,0.0,0.0,0.0,0.0
2025-01-16 14:10:00+00:00,2025-01-16,2025-01-16:1,True,0,10,True,-0.2693333333333333,0.2693333333333333,0.14898704879034505,True,0,0,0,False,,410.0,70.0,1.0,0.0,0.0,0.0,0.0
2025-01-16 14:15:00+00:00,2025-01-16,2025-01-16:1,True,0,15,True,0.042682926829268296,0.020550387882249267,0.7309191844005138,True,0,0,0,False,,405.0,75.0,1.0,0.0,0.0,0.0,0.0
2025-01-16 14:20:00+00:00,2025-01-16,2025-01-16:1,True,0,20,True,0.007712082262210797,0.007712082262210797,-1.3242862666637196,True,0,0,0,False,,400.0,80.0,1.0,0.0,0.0,0.0,0.0
2025-01-16 14:25:00+00:00,2025-01-16,2025-01-16:1,True,0,25,True,-0.23353293413173654,0.23353293413173654,1.5302368281491612,True,0,0,0,False,,395.0,85.0,1.0,0.0,0.0,0.0,0.0
2025-01-16 14:30:00+00:00,2025-01-16,2025-01-16:1,True,0,30,True,0.2898550724637681,0.2898550724637681,-0.7606589740927214,True,0,0,0,False,,390.0,90.0,1.0,0.0,0.0,0.0,0.0
2025-01-16 14:35:00+00:00,2025-01-16,2025-01-16:1,True,0,35,True,0.07125307125307126,0.07125307125307126,-0.5614899250751612,True,0,0,0,False,,385.0,95.0,1.0,0.0,0.0,0.0,0.0
2025-01-16 14:40:00+00:00,2025-01-16,2025-01-16:1,True,0,40,True,0.26875,0.26875,-0.5481582377200651,True,0,0,0,False,,380.0,100.0,1.0,0.0,0.0,0.0,0.0
2025-01-16 14:45:00+00:00,2025-01-16,2025-01-16:1,True,0,45,True,0.06289308176100629,0.0374288504684131,0.5189943598150125,True,0,0,0,False,,375.0,105.0,1.0,0.0,0.0,0.0,0.0
2025-01-16 14:50:00+00:00,2025-01-16,2025-01-16:1,True,1,5,True,0.5111111111111111,0.09954918150483232,1.635935196615016,True,0,0,0,False,,370.0,110.0,0.0,1.0,0.0,0.0,0.0
2025-01-16 14:55:00+00:00,2025-01-16,2025-01-16:1,True,0,5,True,0.1044776119402985,0.1044776119402985,-1.8393908469230713,True,0,0,0,False,,365.0,115.0,1.0,0.0,0.0,0.0,0.0
2025-01-16 15:00:00+00:00,2025-01-16,2025-01-16:1,True,0,10,True,0.37748344370860926,0.37748344370860926,-0.6592590293440483,True,0,0,0,False,,360.0,120.0,1.0,0.0,0.0,0.0,0.0
2025-01-16 15:05:00+00:00,2025-01-16,2025-01-16:1,True,0,15,True,0.1375,0.1375,0.0,True,0,0,0,True,-0.5145930030564926,355.0,125.0,1.0,0.0,0.0,0.0,0.0
2025-01-16 15:10:00+00:00,2025-01-16,2025-01-16:1,True,0,20,True,0.05844155844155844,0.05844155844155844,0.0,True,0,0,0,True,0.0,350.0,130.0,1.0,0.0,0.0,0.0,0.0
2025-01-16 15:15:00+00:00,2025-01-16,2025-01-16:1,True,3,5,True,0.17006802721088435,0.17006802721088435,-0.8825178326538142,True,0,0,0,True,0.5251652379522579,345.0,135.0,0.0,0.0,0.0,1.0,0.0
2025-01-16 15:20:00+00:00,2025-01-16,2025-01-16:1,True,4,5,True,0.021671826625386997,0.01712025524256956,0.23575082518374044,True,1,0,0,True,-0.5510710533476438,340.0,140.0,0.0,0.0,0.0,0.0,1.0
2025-01-16 15:25:00+00:00,2025-01-16,2025-01-16:1,True,3,5,True,0.08985507246376812,0.08985507246376812,-0.7388415172441424,True,1,0,0,True,0.55069995238514,335.0,145.0,0.0,0.0,0.0,1.0,0.0
2025-01-16 15:30:00+00:00,2025-01-16,2025-01-16:1,True,3,10,True,0.15567282321899736,0.15567282321899736,-0.6099285718982299,True,0,1,1,True,-2.4549151467311683,330.0,150.0,0.0,0.0,0.0,1.0,0.0
2025-01-16 15:35:00+00:00,2025-01-16,2025-01-16:1,True,0,5,True,0.2268370607028754,0.08797278628816456,0.9472044455571246,True,0,0,1,True,0.5295033822146847,325.0,155.0,1.0,0.0,0.0,0.0,0.0
2025-01-16 15:40:00+00:00,2025-01-16,2025-01-16:1,True,0,10,True,-0.06593406593406594,0.031892621665552894,-0.7262805544062235,True,0,0,1,True,0.5214938319428281,320.0,160.0,1.0,0.0,0.0,0.0,0.0
2025-01-16 15:45:00+00:00,2025-01-16,2025-01-16:1,True,0,15,True,-0.02564102564102564,0.02564102564102564,0.24521928009146368,True,0,0,1,True,0.01634219757404482,315.0,165.0,1.0,0.0,0.0,0.0,0.0
2025-01-16 15:50:00+00:00,2025-01-16,2025-01-16:1,True,0,20,True,0.06301369863013699,0.04827027515994096,0.26653619123881156,True,0,0,1,True,-0.6333918134550633,310.0,170.0,1.0,0.0,0.0,0.0,0.0
2025-01-16 15:55:00+00:00,2025-01-16,2025-01-16:1,True,0,25,True,-0.0037174721189591076,0.002830359496736366,-0.2726401651439686,True,0,0,1,True,-1.2629329901002724,305.0,175.0,1.0,0.0,0.0,0.0,0.0
2025-01-16 16:00:00+00:00,2025-01-16,2025-01-16:1,True,0,30,True,0.28780487804878047,0.28780487804878047,0.0,True,0,0,1,True,0.6109905320711987,300.0,180.0,1.0,0.0,0.0,0.0,0.0
2025-01-16 16:05:00+00:00,2025-01-16,2025-01-16:1,True,0,35,True,0.19471947194719472,0.19471947194719472,0.0,True,0,0,1,True,-0.6217462382077932,295.0,185.0,1.0,0.0,0.0,0.0,0.0
2025-01-16 16:10:00+00:00,2025-01-16,2025-01-16:1,True,0,40,True,0.2126984126984127,0.1629520521143283,0.26641926082169803,True,0,0,1,True,0.635996069683155,290.0,190.0,1.0,0.0,0.0,0.0,0.0
2025-01-16 16:15:00+00:00,2025-01-16,2025-01-16:1,True,0,45,True,0.1404494382022472,0.1404494382022472,-1.6197652025392044,True,0,0,1,True,-1.8109525502331882,285.0,195.0,1.0,0.0,0.0,0.0,0.0
2025-01-16 16:20:00+00:00,2025-01-16,2025-01-16:1,True,0,50,True,-0.16463414634146342,0.16463414634146342,1.0454354064135551,True,0,0,1,True,1.799817549130105,280.0,200.0,1.0,0.0,0.0,0.0,0.0
2025-01-16 16:25:00+00:00,2025-01-16,2025-01-16:1,True,0,55,True,0.4028985507246377,0.4028985507246377,-1.0472557107897682,True,0,0,1,True,-1.7513064339586526,275.0,205.0,1.0,0.0,0.0,0.0,0.0
2025-01-16 16:30:00+00:00,2025-01-16,2025-01-16:1,True,0,60,True,0.0893371757925072,0.0893371757925072,-0.5222644032552685,True,0,0,1,True,-1.1403067101188036,270.0,210.0,1.0,0.0,0.0,0.0,0.0
2025-01-16 16:35:00+00:00,2025-01-16,2025-01-16:1,True,3,5,True,0.31189710610932475,0.31189710610932475,-0.48168147234435676,True,0,0,1,True,-1.0770725156641667,265.0,215.0,0.0,0.0,0.0,1.0,0.0
2025-01-16 16:40:00+00:00,2025-01-16,2025-01-16:1,True,0,5,True,-0.05263157894736842,0.05263157894736842,0.7078848600933906,True,0,0,1,True,1.0624377652430383,260.0,220.0,1.0,0.0,0.0,0.0,0.0
2025-01-16 16:45:00+00:00,2025-01-16,2025-01-16:1,True,0,10,True,0.33112582781456956,0.2936551154058017,0.12009244570090907,True,0,0,1,True,-0.5292416082523679,255.0,225.0,1.0,0.0,0.0,0.0,0.0
2025-01-16 16:50:00+00:00,2025-01-16,2025-01-16:1,True,3,5,True,0.4423076923076923,0.4423076923076923,-1.2186283520019718,True,0,0,1,True,-0.45669677767574707,250.0,230.0,0.0,0.0,0.0,1.0,0.0
2025-01-16 16:55:00+00:00,2025-01-16,2025-01-16:1,True,0,5,True,0.4597402597402597,0.14268321450381538,1.1700347875680337,True,0,0,1,True,0.37619927995472224,245.0,235.0,1.0,0.0,0.0,0.0,0.0
2025-01-16 17:00:00+00:00,2025-01-16,2025-01-16:1,True,0,10,True,-0.07291666666666667,0.07291666666666667,1.154700538379612,True,0,0,1,True,0.07463028986136197,240.0,240.0,1.0,0.0,0.0,0.0,0.0
2025-01-16 17:05:00+00:00,2025-01-16,2025-01-16:1,True,2,5,True,-0.32666666666666666,0.32666666666666666,0.0,True,0,0,1,True,0.6626787369768794,235.0,245.0,0.0,0.0,1.0,0.0,0.0
2025-01-16 17:10:00+00:00,2025-01-16,2025-01-16:1,True,0,5,True,-0.30030959752321984,0.1785374660658049,-0.52001546114174,True,0,0,1,True,-0.5813949602310893,230.0,250.0,1.0,0.0,0.0,0.0,0.0
2025-01-16 17:15:00+00:00,2025-01-16,2025-01-16:1,True,0,10,True,-0.45066666666666666,0.45066666666666666,0.0,True,0,0,1,True,-0.5869701272341404,225.0,255.0,1.0,0.0,0.0,0.0,0.0
2025-01-16 17:20:00+00:00,2025-01-16,2025-01-16:1,True,0,15,True,-0.26143790849673204,0.19895874646675712,-0.27309931265677867,True,0,0,1,True,-1.1290806610960709,220.0,260.0,1.0,0.0,0.0,0.0,0.0
2025-01-16 17:25:00+00:00,2025-01-16,2025-01-16:1,True,0,20,True,-0.17845117845117844,0.10200909373174244,-0.5592530901885215,True,0,0,1,True,1.1399861741625859,215.0,265.0,1.0,0.0,0.0,0.0,0.0
2025-01-16 17:30:00+00:00,2025-01-16,2025-01-16:1,True,3,5,True,-0.011428571428571429,0.003718281613654612,-1.1228548558701568,True,0,0,1,True,0.6276949466491879,210.0,270.0,0.0,0.0,0.0,1.0,0.0
2025-01-16 17:35:00+00:00,2025-01-16,2025-01-16:1,True,3,10,True,-0.009523809523809525,0.006707886061741406,-0.35051107043703383,True,0,0,1,True,-0.1477410314694247,205.0,275.0,0.0,0.0,0.0,1.0,0.0
2025-01-16 17:40:00+00:00,2025-01-16,2025-01-16:1,True,4,5,True,0.2226148409893993,0.2226148409893993,0.0,True,0,0,1,True,-0.8471436862306778,200.0,280.0,0.0,0.0,0.0,0.0,1.0
2025-01-16 17:45:00+00:00,2025-01-16,2025-01-16:1,True,3,5,True,0.087248322147651,0.087248322147651,-0.399503749879018,True,0,0,1,True,0.8933175419955577,195.0,285.0,0.0,0.0,0.0,1.0,0.0
2025-01-16 17:50:00+00:00,2025-01-16,2025-01-16:1,True,3,10,True,-0.09859154929577464,0.04056608922960992,-0.8880530740462722,True,0,0,1,True,0.0,190.0,290.0,0.0,0.0,0.0,1.0,0.0
2025-01-16 17:55:00+00:00,2025-01-16,2025-01-16:1,True,4,5,True,-0.5105740181268882,0.5105740181268882,0.4514417510350358,True,1,0,1,True,0.0,185.0,295.0,0.0,0.0,0.0,0.0,1.0
2025-01-16 18:00:00+00:00,2025-01-16,2025-01-16:1,True,3,5,True,0.0782608695652174,0.0782608695652174,-2.0099609296356165,True,0,1,2,True,-0.3444158277953631,180.0,300.0,0.0,0.0,0.0,1.0,0.0
2025-01-16 18:05:00+00:00,2025-01-16,2025-01-16:1,True,4,5,True,0.1661631419939577,0.1661631419939577,0.0,True,0,0,2,True,-1.0842919993364617,175.0,305.0,0.0,0.0,0.0,0.0,1.0
2025-01-16 18:10:00+00:00,2025-01-16,2025-01-16:1,True,3,5,True,0.59,0.59,-0.46214138597735704,True,0,0,2,True,-1.0333795542613384,170.0,310.0,0.0,0.0,0.0,1.0,0.0
2025-01-16 18:15:00+00:00,2025-01-16,2025-01-16:1,True,3,10,True,0.5693069306930693,0.5693069306930693,-1.4945655208771156,True,0,0,2,True,-2.171179809354024,165.0,315.0,0.0,0.0,0.0,1.0,0.0
2025-01-16 18:20:00+00:00,2025-01-16,2025-01-16:1,True,3,15,True,0.6330749354005168,0.6330749354005168,-0.7907614046152922,True,0,0,2,True,-1.326147191027885,160.0,320.0,0.0,0.0,0.0,1.0,0.0
2025-01-16 18:25:00+00:00,2025-01-16,2025-01-16:1,True,4,5,True,0.19047619047619047,0.0340945158290171,1.720390657151573,True,1,0,2,True,2.376238088692921,155.0,325.0,0.0,0.0,0.0,0.0,1.0
2025-01-16 18:30:00+00:00,2025-01-16,2025-01-16:1,True,0,5,True,0.580952380952381,0.580952380952381,-0.748120173813707,True,1,0,2,True,0.0,150.0,330.0,1.0,0.0,0.0,0.0,0.0
2025-01-16 18:35:00+00:00,2025-01-16,2025-01-16:1,True,0,10,True,-0.09444444444444444,0.09444444444444444,0.8785675045047623,True,1,0,2,True,-1.5716293303142144,145.0,335.0,1.0,0.0,0.0,0.0,0.0
2025-01-16 18:40:00+00:00,2025-01-16,2025-01-16:1,True,0,15,True,0.053003533568904596,0.01358908984200748,1.3610913291472049,True,1,0,2,True,0.0,140.0,340.0,1.0,0.0,0.0,0.0,0.0
2025-01-16 18:45:00+00:00,2025-01-16,2025-01-16:1,True,0,20,True,-0.3993993993993994,0.14591794412984566,-1.0069174800191163,True,0,1,3,True,0.7505119776844658,135.0,345.0,1.0,0.0,0.0,0.0,0.0
2025-01-16 18:50:00+00:00,2025-01-16,2025-01-16:1,True,0,25,True,-0.23030303030303031,0.03724694592832973,-1.82182601184483,True,0,0,3,True,-1.851694002573425,130.0,350.0,1.0,0.0,0.0,0.0,0.0
2025-01-16 18:55:00+00:00,2025-01-16,2025-01-16:1,True,3,5,True,-0.13486005089058525,0.01775126977980452,-2.027780530411819,True,0,0,3,True,-1.3951554182931982,125.0,355.0,0.0,0.0,0.0,1.0,0.0
2025-01-16 19:00:00+00:00,2025-01-16,2025-01-16:1,True,4,5,True,0.051194539249146756,0.051194539249146756,0.0,True,0,0,3,True,-1.168751080468968,120.0,360.0,0.0,0.0,0.0,0.0,1.0
2025-01-16 19:05:00+00:00,2025-01-16,2025-01-16:1,True,0,5,True,0.46701846965699206,0.11574736425468611,1.3949588847842904,True,0,0,3,True,1.3190933062131844,115.0,365.0,1.0,0.0,0.0,0.0,0.0
2025-01-16 19:10:00+00:00,2025-01-16,2025-01-16:1,True,3,5,True,0.18032786885245902,0.18032786885245902,-0.5553416471902382,True,0,0,3,True,-0.6208908369279211,110.0,370.0,0.0,0.0,0.0,1.0,0.0
2025-01-16 19:15:00+00:00,2025-01-16,2025-01-16:1,True,3,10,True,0.2677595628415301,0.2677595628415301,-0.5548207701195171,True,0,0,3,True,0.939793301497995,105.0,375.0,0.0,0.0,0.0,1.0,0.0
2025-01-16 19:20:00+00:00,2025-01-16,2025-01-16:1,True,3,15,True,0.21739130434782608,0.21739130434782608,-0.8377124294993366,True,0,0,3,True,-0.10825600100963788,100.0,380.0,0.0,0.0,0.0,1.0,0.0
2025-01-16 19:25:00+00:00,2025-01-16,2025-01-16:1,True,0,5,True,0.1552346570397112,0.03846426881225272,1.3952081609287437,True,0,0,3,True,0.6239560581194727,95.0,385.0,1.0,0.0,0.0,0.0,0.0
2025-01-16 19:30:00+00:00,2025-01-16,2025-01-16:1,True,0,10,True,0.2542372881355932,0.2542372881355932,-0.5652146088664277,True,0,0,3,True,0.3500038657277933,90.0,390.0,1.0,0.0,0.0,0.0,0.0
2025-01-16 19:35:00+00:00,2025-01-16,2025-01-16:1,True,0,15,True,-0.07216494845360824,0.05447679511881155,-0.28117961617038967,True,0,0,3,True,0.3721606557910363,85.0,395.0,1.0,0.0,0.0,0.0,0.0
2025-01-16 19:40:00+00:00,2025-01-16,2025-01-16:1,True,0,20,True,0.10497237569060773,0.059533304950451976,0.5671613238647023,True,0,0,3,True,0.1855728482020235,80.0,400.0,1.0,0.0,0.0,0.0,0.0
2025-01-16 19:45:00+00:00,2025-01-16,2025-01-16:1,True,0,25,True,0.06761565836298933,0.06761565836298933,-1.0856562366400333,True,0,0,3,True,-0.4332376440632445,75.0,405.0,1.0,0.0,0.0,0.0,0.0
2025-01-16 19:50:00+00:00,2025-01-16,2025-01-16:1,True,0,30,True,-0.5040871934604905,0.5040871934604905,0.5154521950490862,True,0,0,3,True,0.0,70.0,410.0,1.0,0.0,0.0,0.0,0.0
2025-01-16 19:55:00+00:00,2025-01-16,2025-01-16:1,True,0,35,True,-0.002770083102493075,0.002770083102493075,0.8084587175607344,True,0,0,3,True,1.2051790996442615,65.0,415.0,1.0,0.0,0.0,0.0,0.0
2025-01-16 20:00:00+00:00,2025-01-16,2025-01-16:1,True,0,40,True,-0.3274336283185841,0.10745723923363577,-1.1141923790504236,True,0,0,3,True,0.6228524748917974,60.0,420.0,1.0,0.0,0.0,0.0,0.0
2025-01-16 20:05:00+00:00,2025-01-16,2025-01-16:1,True,0,45,True,-0.14201183431952663,0.14201183431952663,0.7433057470769288,True,0,0,3,True,0.6648328714113555,55.0,425.0,1.0,0.0,0.0,0.0,0.0
2025-01-16 20:10:00+00:00,2025-01-16,2025-01-16:1,True,0,50,True,-0.24057971014492754,0.17720106143902198,-0.3057664415321343,True,0,0,3,True,-1.3674290970081344,50.0,430.0,1.0,0.0,0.0,0.0,0.0
2025-01-16 20:15:00+00:00,2025-01-16,2025-01-16:1,True,0,55,True,-0.06501547987616099,0.018657450034576875,-1.248379861497286,True,0,0,3,True,-0.36808495893318327,45.0,435.0,1.0,0.0,0.0,0.0,0.0
2025-01-16 20:20:00+00:00,2025-01-16,2025-01-16:1,True,3,5,True,-0.10028653295128939,0.028843931895679385,-1.2461317803434766,True,0,0,3,True,0.0,40.0,440.0,0.0,0.0,0.0,1.0,0.0
2025-01-16 20:25:00+00:00,2025-01-16,2025-01-16:1,True,3,10,True,-0.3492537313432836,0.13492848128842172,-0.9510538121270817,True,0,0,3,True,-1.4177473161183172,35.0,445.0,0.0,0.0,0.0,1.0,0.0
2025-01-16 20:30:00+00:00,2025-01-16,2025-01-16:1,True,3,15,True,-0.39154929577464787,0.17547412637603488,-0.802619818656858,True,0,0,3,True,-0.19872526361000845,30.0,450.0,0.0,0.0,0.0,1.0,0.0
2025-01-16 20:35:00+00:00,2025-01-16,2025-01-16:1,True,3,20,True,-0.4360655737704918,0.05148123727434253,-2.1365752140792296,True,0,0,3,True,-0.21593577437438094,25.0,455.0,0.0,0.0,0.0,1.0,0.0
2025-01-16 20:40:00+00:00,2025-01-16,2025-01-16:1,True,4,5,True,-0.5620915032679739,0.47546686050935644,-0.16736746827313506,True,0,0,3,True,1.6733609597604753,20.0,460.0,0.0,0.0,0.0,0.0,1.0
2025-01-16 20:45:00+00:00,2025-01-16,2025-01-16:1,True,3,5,True,-0.628808864265928,0.15348331757990466,-1.4102354572707418,True,0,0,3,True,0.0,15.0,465.0,0.0,0.0,0.0,1.0,0.0
2025-01-16 20:50:00+00:00,2025-01-16,2025-01-16:1,True,4,5,True,-0.5692307692307692,0.5692307692307692,0.3866435609745177,True,1,0,3,True,-0.8645612854016065,10.0,470.0,0.0,0.0,0.0,0.0,1.0
2025-01-16 20:55:00+00:00,2025-01-16,2025-01-16:1,True,3,5,True,-0.42857142857142855,0.2022817772784407,-0.750795756192559,True,0,1,4,True,0.633954106594447,5.0,475.0,0.0,0.0,0.0,1.0,0.0
2025-01-16 21:00:00+00:00,2025-01-16,2025-01-16:1,True,4,5,True,-0.6763005780346821,0.6763005780346821,1.136332179973688,True,1,0,4,True,0.4234859999065474,0.0,480.0,0.0,0.0,0.0,0.0,1.0
2025-01-17 13:00:00+00:00,2025-01-17,2025-01-17:1,False,-1,0,False,,,,False,0,0,0,False,,480.0,0.0,,,,,
2025-01-17 13:05:00+00:00,2025-01-17,2025-01-17:1,False,-1,0,True,-0.09219858156028368,,,False,0,0,0,False,,475.0,5.0,,,,,
2025-01-17 13:10:00+00:00,2025-01-17,2025-01-17:1,False,-1,0,True,0.0,,,False,0,0,0,False,,470.0,10.0,,,,,
2025-01-17 13:15:00+00:00,2025-01-17,2025-01-17:1,False,-1,0,True,-0.03205128205128205,,,False,0,0,0,False,,465.0,15.0,,,,,
2025-01-17 13:20:00+00:00,2025-01-17,2025-01-17:1,False,-1,0,True,0.25773195876288657,,,False,0,0,0,False,,460.0,20.0,,,,,
2025-01-17 13:25:00+00:00,2025-01-17,2025-01-17:1,False,-1,0,True,0.2168284789644013,,,False,0,0,0,False,,455.0,25.0,,,,,
2025-01-17 13:30:00+00:00,2025-01-17,2025-01-17:1,False,-1,0,True,-0.07733333333333334,,,False,0,0,0,False,,450.0,30.0,,,,,
2025-01-17 13:35:00+00:00,2025-01-17,2025-01-17:1,False,-1,0,True,0.3314917127071823,,,False,0,0,0,False,,445.0,35.0,,,,,
2025-01-17 13:40:00+00:00,2025-01-17,2025-01-17:1,False,-1,0,True,0.4444444444444444,,,False,0,0,0,False,,440.0,40.0,,,,,
2025-01-17 13:45:00+00:00,2025-01-17,2025-01-17:1,False,-1,0,True,-0.06338028169014084,,,False,0,0,0,False,,435.0,45.0,,,,,
2025-01-17 13:50:00+00:00,2025-01-17,2025-01-17:1,False,-1,0,True,0.1390728476821192,,,False,0,0,0,False,,430.0,50.0,,,,,
2025-01-17 13:55:00+00:00,2025-01-17,2025-01-17:1,False,-1,0,True,0.45348837209302323,,,False,0,0,0,False,,425.0,55.0,,,,,
2025-01-17 14:00:00+00:00,2025-01-17,2025-01-17:1,False,-1,0,True,0.5483870967741935,,,False,0,0,0,False,,420.0,60.0,,,,,
2025-01-17 14:05:00+00:00,2025-01-17,2025-01-17:1,True,0,5,True,0.7183908045977011,0.3656413745529182,0.6753607149846126,True,0,0,0,False,,415.0,65.0,1.0,0.0,0.0,0.0,0.0
2025-01-17 14:10:00+00:00,2025-01-17,2025-01-17:1,True,0,10,True,0.6676384839650146,0.17624513427725072,1.3318710009967218,True,0,0,0,False,,410.0,70.0,1.0,0.0,0.0,0.0,0.0
2025-01-17 14:15:00+00:00,2025-01-17,2025-01-17:1,True,1,5,True,0.5031446540880503,0.24871716972875565,0.7045613250972692,True,0,0,0,False,,405.0,75.0,0.0,1.0,0.0,0.0,0.0
2025-01-17 14:20:00+00:00,2025-01-17,2025-01-17:1,True,2,5,True,0.48825065274151436,0.48825065274151436,-0.534846338736689,True,0,0,0,False,,400.0,80.0,0.0,0.0,1.0,0.0,0.0
2025-01-17 14:25:00+00:00,2025-01-17,2025-01-17:1,True,1,5,True,0.2271186440677966,0.13256180658969563,0.538423540540012,True,0,0,0,False,,395.0,85.0,0.0,1.0,0.0,0.0,0.0
2025-01-17 14:30:00+00:00,2025-01-17,2025-01-17:1,True,0,5,True,-0.152317880794702,0.05106996805177541,-1.0927730430141465,True,0,0,0,False,,390.0,90.0,1.0,0.0,0.0,0.0,0.0
2025-01-17 14:35:00+00:00,2025-01-17,2025-01-17:1,True,0,10,True,-0.0915032679738562,0.04990697781487023,-0.6062138582542816,True,0,0,0,False,,385.0,95.0,1.0,0.0,0.0,0.0,0.0
2025-01-17 14:40:00+00:00,2025-01-17,2025-01-17:1,True,3,5,True,0.14285714285714285,0.14285714285714285,-1.3909528656712968,True,0,0,0,False,,380.0,100.0,0.0,0.0,0.0,1.0,0.0
2025-01-17 14:45:00+00:00,2025-01-17,2025-01-17:1,True,4,5,True,0.358600583090379,0.358600583090379,0.0,True,0,0,0,False,,375.0,105.0,0.0,0.0,0.0,0.0,1.0
2025-01-17 14:50:00+00:00,2025-01-17,2025-01-17:1,True,4,10,True,0.23692307692307693,0.23692307692307693,0.0,True,0,0,0,False,,370.0,110.0,0.0,0.0,0.0,0.0,1.0
2025-01-17 14:55:00+00:00,2025-01-17,2025-01-17:1,True,4,15,True,0.2129032258064516,0.07564804913262137,1.0347460716959787,True,1,0,0,False,,365.0,115.0,0.0,0.0,0.0,0.0,1.0
2025-01-17 15:00:00+00:00,2025-01-17,2025-01-17:1,True,3,5,True,0.022950819672131147,0.022950819672131147,-2.4920927582626238,True,0,1,1,False,,360.0,120.0,0.0,0.0,0.0,1.0,0.0
2025-01-17 15:05:00+00:00,2025-01-17,2025-01-17:1,True,3,10,True,-0.0029850746268656717,0.0008105171720530996,-1.30370749820075,True,0,0,1,True,1.9434523925029619,355.0,125.0,0.0,0.0,0.0,1.0,0.0
2025-01-17 15:10:00+00:00,2025-01-17,2025-01-17:1,True,0,5,True,0.16447368421052633,0.03216598232843065,1.6318411383173559,True,0,0,1,True,-0.5357520024894072,350.0,130.0,1.0,0.0,0.0,0.0,0.0
2025-01-17 15:15:00+00:00,2025-01-17,2025-01-17:1,True,0,10,True,0.04983388704318937,0.0329702288067881,0.4130902184279263,True,0,0,1,True,0.9236978092450796,345.0,135.0,1.0,0.0,0.0,0.0,0.0
2025-01-17 15:20:00+00:00,2025-01-17,2025-01-17:1,True,0,15,True,0.08355795148247978,0.055308949019191436,0.4126056986756059,True,0,0,1,True,-0.4904145624594349,340.0,140.0,1.0,0.0,0.0,0.0,0.0
2025-01-17 15:25:00+00:00,2025-01-17,2025-01-17:1,True,0,20,True,0.2708333333333333,0.2708333333333333,-0.8499699874657751,True,0,0,1,True,-0.9502953354027084,335.0,145.0,1.0,0.0,0.0,0.0,0.0
2025-01-17 15:30:00+00:00,2025-01-17,2025-01-17:1,True,1,5,True,0.17318435754189945,0.005941107489712183,3.372461115551393,True,0,0,1,True,5.184912924013467,330.0,150.0,0.0,1.0,0.0,0.0,0.0
2025-01-17 15:35:00+00:00,2025-01-17,2025-01-17:1,True,1,10,True,-0.43157894736842106,0.43157894736842106,0.6573074556620148,True,0,0,1,True,-0.734892076488847,325.0,155.0,0.0,1.0,0.0,0.0,0.0
2025-01-17 15:40:00+00:00,2025-01-17,2025-01-17:1,True,1,15,True,-0.2664756446991404,0.2664756446991404,0.3343647275526127,True,0,0,1,True,0.7476622600858389,320.0,160.0,0.0,1.0,0.0,0.0,0.0
2025-01-17 15:45:00+00:00,2025-01-17,2025-01-17:1,True,1,20,True,0.0764872521246459,0.054986578317965294,0.3300349631834552,True,0,0,1,True,0.7379806126298462,315.0,165.0,0.0,1.0,0.0,0.0,0.0
2025-01-17 15:50:00+00:00,2025-01-17,2025-01-17:1,True,1,25,True,-0.3799392097264438,0.3799392097264438,0.6562445689724058,True,0,0,1,True,0.4233705058215638,310.0,170.0,0.0,1.0,0.0,0.0,0.0
2025-01-17 15:55:00+00:00,2025-01-17,2025-01-17:1,True,2,5,True,-0.17532467532467533,0.17532467532467533,0.33525929287600026,True,0,0,1,True,0.0,305.0,175.0,0.0,0.0,1.0,0.0,0.0
2025-01-17 16:00:00+00:00,2025-01-17,2025-01-17:1,True,0,5,True,-0.4161490683229814,0.20987797361355207,-0.6845172495931441,True,0,0,1,True,-1.0690333107144518,300.0,180.0,1.0,0.0,0.0,0.0,0.0
2025-01-17 16:05:00+00:00,2025-01-17,2025-01-17:1,True,0,10,True,0.04142011834319527,0.04142011834319527,-0.7252606233407924,True,0,0,1,True,0.8108660275957891,295.0,185.0,1.0,0.0,0.0,0.0,0.0
2025-01-17 16:10:00+00:00,2025-01-17,2025-01-17:1,True,0,15,True,-0.22178988326848248,0.15279598971964697,-0.3726268308237294,True,0,0,1,True,-0.36277120237384575,290.0,190.0,1.0,0.0,0.0,0.0,0.0
2025-01-17 16:15:00+00:00,2025-01-17,2025-01-17:1,True,0,20,True,-0.1076923076923077,0.1076923076923077,0.0,True,0,0,1,True,0.0,285.0,195.0,1.0,0.0,0.0,0.0,0.0
2025-01-17 16:20:00+00:00,2025-01-17,2025-01-17:1,True,3,5,True,-0.002364066193853428,0.00041276322264471285,-1.745264261150053,True,0,0,1,True,0.0,280.0,200.0,0.0,0.0,0.0,1.0,0.0
2025-01-17 16:25:00+00:00,2025-01-17,2025-01-17:1,True,3,10,True,0.12101910828025478,0.12101910828025478,-1.3284430233098605,True,0,0,1,True,-0.7426222260901018,275.0,205.0,0.0,0.0,0.0,1.0,0.0
2025-01-17 16:30:00+00:00,2025-01-17,2025-01-17:1,True,4,5,True,0.07418397626112759,0.07418397626112759,0.0,True,0,0,1,True,-0.7460588271625196,270.0,210.0,0.0,0.0,0.0,0.0,1.0
2025-01-17 16:35:00+00:00,2025-01-17,2025-01-17:1,True,4,10,True,-0.2681564245810056,0.2681564245810056,0.8701834584371871,True,1,0,1,True,1.9457893659614134,265.0,215.0,0.0,0.0,0.0,0.0,1.0
2025-01-17 16:40:00+00:00,2025-01-17,2025-01-17:1,True,3,5,True,0.1342281879194631,0.1342281879194631,-0.8116389903544471,True,0,1,2,True,0.0,260.0,220.0,0.0,0.0,0.0,1.0,0.0
2025-01-17 16:45:00+00:00,2025-01-17,2025-01-17:1,True,4,5,True,0.27710843373493976,0.18209601796863717,0.41987476789843337,True,1,0,2,True,-1.5074601487721628,255.0,225.0,0.0,0.0,0.0,0.0,1.0
2025-01-17 16:50:00+00:00,2025-01-17,2025-01-17:1,True,3,5,True,0.44477611940298506,0.44477611940298506,-1.220871129886036,True,0,1,3,True,0.0,250.0,230.0,0.0,0.0,0.0,1.0,0.0
2025-01-17 16:55:00+00:00,2025-01-17,2025-01-17:1,True,0,5,True,0.38028169014084506,0.38028169014084506,0.0,True,0,0,3,True,-0.3476483647290665,245.0,235.0,1.0,0.0,0.0,0.0,0.0
2025-01-17 17:00:00+00:00,2025-01-17,2025-01-17:1,True,0,10,True,0.2631578947368421,0.2631578947368421,0.0,True,0,0,3,True,0.8686981858242395,240.0,240.0,1.0,0.0,0.0,0.0,0.0
2025-01-17 17:05:00+00:00,2025-01-17,2025-01-17:1,True,0,15,True,0.40175953079178883,0.2667343710000402,0.4096004295017059,True,0,0,3,True,0.5522571769303188,235.0,245.0,1.0,0.0,0.0,0.0,0.0
2025-01-17 17:10:00+00:00,2025-01-17,2025-01-17:1,True,0,20,True,0.01282051282051282,0.01282051282051282,0.0,True,0,0,3,True,-0.549304507187915,230.0,250.0,1.0,0.0,0.0,0.0,0.0
2025-01-17 17:15:00+00:00,2025-01-17,2025-01-17:1,True,0,25,True,0.015873015873015872,0.010430620767022215,0.41987476789722217,True,0,0,3,True,-1.4829605350888306,225.0,255.0,1.0,0.0,0.0,0.0,0.0
2025-01-17 17:20:00+00:00,2025-01-17,2025-01-17:1,True,0,30,True,0.21641791044776118,0.21641791044776118,-0.8495366609067295,True,0,0,3,True,0.0,220.0,260.0,1.0,0.0,0.0,0.0,0.0
2025-01-17 17:25:00+00:00,2025-01-17,2025-01-17:1,True,0,35,True,-0.22085889570552147,0.22085889570552147,0.4437177348868229,True,0,0,3,True,0.0,215.0,265.0,1.0,0.0,0.0,0.0,0.0
2025-01-17 17:30:00+00:00,2025-01-17,2025-01-17:1,True,0,40,True,-0.40057636887608067,0.166031686707381,-0.8807257782460132,True,0,0,3,True,-0.9846813548486448,210.0,270.0,1.0,0.0,0.0,0.0,0.0
2025-01-17 17:35:00+00:00,2025-01-17,2025-01-17:1,True,0,45,True,-0.16666666666666666,0.16666666666666666,0.8587782018661121,True,0,0,3,True,-0.9601432184824672,205.0,275.0,1.0,0.0,0.0,0.0,0.0
2025-01-17 17:40:00+00:00,2025-01-17,2025-01-17:1,True,0,50,True,0.18562874251497005,0.0764252547630517,0.8874354697750748,True,0,0,3,True,-0.07468314090132502,200.0,280.0,1.0,0.0,0.0,0.0,0.0
2025-01-17 17:45:00+00:00,2025-01-17,2025-01-17:1,True,0,55,True,-0.1891891891891892,0.1891891891891892,0.0,True,0,0,3,True,-0.4255773922656574,195.0,285.0,1.0,0.0,0.0,0.0,0.0
2025-01-17 17:50:00+00:00,2025-01-17,2025-01-17:1,True,1,5,True,-0.09558823529411764,0.09558823529411764,1.4374101223804556,True,0,0,3,True,0.0,190.0,290.0,0.0,1.0,0.0,0.0,0.0
2025-01-17 17:55:00+00:00,2025-01-17,2025-01-17:1,True,2,5,True,-0.46408839779005523,0.28786293426396425,-0.4775906024053985,True,0,0,3,True,-0.4933277715612542,185.0,295.0,0.0,0.0,1.0,0.0,0.0
2025-01-17 18:00:00+00:00,2025-01-17,2025-01-17:1,True,2,10,True,0.026455026455026454,0.026455026455026454,0.0,True,0,0,3,True,0.6033867257193963,180.0,300.0,0.0,0.0,1.0,0.0,0.0
2025-01-17 18:05:00+00:00,2025-01-17,2025-01-17:1,True,1,5,True,-0.0033444816053511705,0.0033444816053511705,1.6525112559011523,True,0,0,3,True,-0.01837129475589355,175.0,305.0,0.0,1.0,0.0,0.0,0.0
2025-01-17 18:10:00+00:00,2025-01-17,2025-01-17:1,True,0,5,True,0.1977077363896848,0.1977077363896848,-1.600446629924728,True,0,0,3,True,-4.089951381570652,170.0,310.0,1.0,0.0,0.0,0.0,0.0
2025-01-17 18:15:00+00:00,2025-01-17,2025-01-17:1,True,0,10,True,-0.2,0.2,0.5973231063098003,True,0,0,3,True,-0.8904367134916775,165.0,315.0,1.0,0.0,0.0,0.0,0.0
2025-01-17 18:20:00+00:00,2025-01-17,2025-01-17:1,True,0,15,True,-0.3963254593175853,0.18421320983049128,-0.7661419048141647,True,0,0,3,True,0.0,160.0,320.0,1.0,0.0,0.0,0.0,0.0
2025-01-17 18:25:00+00:00,2025-01-17,2025-01-17:1,True,0,20,True,-0.45,0.2687919653435227,-0.51530986539722,True,0,0,3,True,0.7681785923384837,155.0,325.0,1.0,0.0,0.0,0.0,0.0
2025-01-17 18:30:00+00:00,2025-01-17,2025-01-17:1,True,0,25,True,-0.7211538461538461,0.5132165347861618,-0.34015464216365177,True,0,0,3,True,0.7606089027378797,150.0,330.0,1.0,0.0,0.0,0.0,0.0
2025-01-17 18:35:00+00:00,2025-01-17,2025-01-17:1,True,3,5,True,-0.5283018867924528,0.37470084665087716,-0.3435399102648231,True,0,0,3,True,0.0,145.0,335.0,0.0,0.0,0.0,1.0,0.0
2025-01-17 18:40:00+00:00,2025-01-17,2025-01-17:1,True,0,5,True,-0.3149847094801223,0.22356401282781482,-0.342826312405951,True,0,0,3,True,1.1339208228701145,140.0,340.0,1.0,0.0,0.0,0.0,0.0
2025-01-17 18:45:00+00:00,2025-01-17,2025-01-17:1,True,3,5,True,-0.35646687697160884,0.25446355493216405,-0.3370837007052041,True,0,0,3,True,-0.7537420688840302,135.0,345.0,0.0,0.0,0.0,1.0,0.0
2025-01-17 18:50:00+00:00,2025-01-17,2025-01-17:1,True,3,10,True,-0.5964391691394659,0.4244266498683502,-0.34023805769724086,True,0,0,3,True,0.0,130.0,350.0,0.0,0.0,0.0,1.0,0.0
2025-01-17 18:55:00+00:00,2025-01-17,2025-01-17:1,True,3,15,True,-0.689119170984456,0.051193684363804025,-2.5997980461315127,True,0,0,3,True,-0.7266656448664405,125.0,355.0,0.0,0.0,0.0,1.0,0.0
2025-01-17 19:00:00+00:00,2025-01-17,2025-01-17:1,True,3,20,True,-0.6768802228412256,0.3518437314965426,-0.6543072014209886,True,0,0,3,True,-0.7315376902724888,120.0,360.0,0.0,0.0,0.0,1.0,0.0
2025-01-17 19:05:00+00:00,2025-01-17,2025-01-17:1,True,4,5,True,-0.8637469586374696,0.8637469586374696,0.33686751745247073,True,1,0,3,True,-0.7532586684353213,115.0,365.0,0.0,0.0,0.0,0.0,1.0
2025-01-17 19:10:00+00:00,2025-01-17,2025-01-17:1,True,3,5,True,-0.7815533980582524,0.10565552236235709,-2.00109946213214,True,0,1,4,True,-0.7457657378457017,110.0,370.0,0.0,0.0,0.0,1.0,0.0
2025-01-17 19:15:00+00:00,2025-01-17,2025-01-17:1,True,3,10,True,-0.5573333333333333,0.18653517590540938,-1.0945436729245737,True,0,0,4,True,0.0,105.0,375.0,0.0,0.0,0.0,1.0,0.0
2025-01-17 19:20:00+00:00,2025-01-17,2025-01-17:1,True,3,15,True,-0.7142857142857143,0.3353269802764913,-0.7561769260463583,True,0,0,4,True,0.0,100.0,380.0,0.0,0.0,0.0,1.0,0.0
2025-01-17 19:25:00+00:00,2025-01-17,2025-01-17:1,True,3,20,True,-0.7784090909090909,0.33595574261887234,-0.8402727768807491,True,0,0,4,True,0.9394535243725992,95.0,385.0,0.0,0.0,0.0,1.0,0.0
2025-01-17 19:30:00+00:00,2025-01-17,2025-01-17:1,True,4,5,True,-0.8842105263157894,0.8842105263157894,0.806403761404327,True,1,0,4,True,1.1755738681919872,90.0,390.0,0.0,0.0,0.0,0.0,1.0
2025-01-17 19:35:00+00:00,2025-01-17,2025-01-17:1,True,3,5,True,-0.7837837837837838,0.5290757366116525,-0.39300160531563855,True,1,0,4,True,0.0,85.0,395.0,0.0,0.0,0.0,1.0,0.0
2025-01-17 19:40:00+00:00,2025-01-17,2025-01-17:1,True,3,10,True,-0.8465011286681715,0.3770872296609806,-0.8086349958121685,True,0,1,5,True,0.0,80.0,400.0,0.0,0.0,0.0,1.0,0.0
2025-01-17 19:45:00+00:00,2025-01-17,2025-01-17:1,True,0,5,True,-0.9146067415730337,0.9146067415730337,0.8306975860870354,True,0,0,5,True,-1.0085534533879184,75.0,405.0,1.0,0.0,0.0,0.0,0.0
2025-01-17 19:50:00+00:00,2025-01-17,2025-01-17:1,True,3,5,True,-0.8482384823848238,0.17205974600763888,-1.5953200484744763,True,0,0,5,True,-0.5696329002610928,70.0,410.0,0.0,0.0,0.0,1.0,0.0
2025-01-17 19:55:00+00:00,2025-01-17,2025-01-17:1,True,3,10,True,-0.9215686274509803,0.11818207443123299,-2.053850809054684,True,0,0,5,True,-0.2847516594558537,65.0,415.0,0.0,0.0,0.0,1.0,0.0
2025-01-17 20:00:00+00:00,2025-01-17,2025-01-17:1,True,3,15,True,-0.8158567774936062,0.055821800261509305,-2.6820743430020024,True,0,0,5,True,0.0,60.0,420.0,0.0,0.0,0.0,1.0,0.0
2025-01-17 20:05:00+00:00,2025-01-17,2025-01-17:1,True,3,20,True,-0.8211009174311926,0.11318955635761892,-1.9815821188457028,True,0,0,5,True,0.13411468560752965,55.0,425.0,0.0,0.0,0.0,1.0,0.0
2025-01-17 20:10:00+00:00,2025-01-17,2025-01-17:1,True,4,5,True,-0.925531914893617,0.925531914893617,0.4920805465545473,True,1,0,5,True,-0.7335503683362301,50.0,430.0,0.0,0.0,0.0,0.0,1.0
2025-01-17 20:15:00+00:00,2025-01-17,2025-01-17:1,True,3,5,True,-0.7830188679245284,0.1869605415320101,-1.4322592059275832,True,0,1,6,True,0.0,45.0,435.0,0.0,0.0,0.0,1.0,0.0
2025-01-17 20:20:00+00:00,2025-01-17,2025-01-17:1,True,4,5,True,-0.5540540540540541,0.5540540540540541,0.3212350456058058,True,1,0,6,True,0.10168632475912195,40.0,440.0,0.0,0.0,0.0,0.0,1.0
2025-01-17 20:25:00+00:00,2025-01-17,2025-01-17:1,True,3,5,True,-0.47692307692307695,0.25354062455348275,-0.6318311487309657,True,1,0,6,True,-0.4999905328348281,35.0,445.0,0.0,0.0,0.0,1.0,0.0
2025-01-17 20:30:00+00:00,2025-01-17,2025-01-17:1,True,4,5,True,-0.41935483870967744,0.41935483870967744,1.246901182263565,True,1,0,6,True,0.0,30.0,450.0,0.0,0.0,0.0,0.0,1.0
2025-01-17 20:35:00+00:00,2025-01-17,2025-01-17:1,True,0,5,True,-0.32710280373831774,0.32710280373831774,1.1676219232224567,True,1,0,6,True,-0.6213236226099816,25.0,455.0,1.0,0.0,0.0,0.0,0.0
2025-01-17 20:40:00+00:00,2025-01-17,2025-01-17:1,True,0,10,True,-0.288135593220339,0.288135593220339,0.9994383842303435,True,1,0,6,True,0.0,20.0,460.0,1.0,0.0,0.0,0.0,0.0
2025-01-17 20:45:00+00:00,2025-01-17,2025-01-17:1,True,2,5,True,0.06810035842293907,0.05916684051614465,0.14062121778313147,True,0,0,6,True,-0.6288772040855559,15.0,465.0,0.0,0.0,1.0,0.0,0.0
2025-01-17 20:50:00+00:00,2025-01-17,2025-01-17:1,True,2,10,True,0.391304347826087,0.391304347826087,-0.2840488702382065,True,0,0,6,True,0.6351525827846467,10.0,470.0,0.0,0.0,1.0,0.0,0.0
2025-01-17 20:55:00+00:00,2025-01-17,2025-01-17:1,True,1,5,True,0.648,0.08353069559532496,2.0486765201281125,True,0,0,6,True,1.2215946567761877,5.0,475.0,0.0,1.0,0.0,0.0,0.0
2025-01-17 21:00:00+00:00,2025-01-17,2025-01-17:1,True,1,10,True,0.5193370165745856,0.28113305075680994,0.6137249824759424,True,0,0,6,True,1.3595511778357505,0.0,480.0,0.0,1.0,0.0,0.0,0.0
2025-01-20 13:00:00+00:00,2025-01-20,2025-01-20:1,False,-1,0,False,,,,False,0,0,0,False,,480.0,0.0,,,,,
2025-01-20 13:05:00+00:00,2025-01-20,2025-01-20:1,False,-1,0,True,0.0,,,False,0,0,0,False,,475.0,5.0,,,,,
2025-01-20 13:10:00+00:00,2025-01-20,2025-01-20:1,False,-1,0,True,-0.26515151515151514,,,False,0,0,0,False,,470.0,10.0,,,,,
2025-01-20 13:15:00+00:00,2025-01-20,2025-01-20:1,False,-1,0,True,-0.6162790697674418,,,False,0,0,0,False,,465.0,15.0,,,,,
2025-01-20 13:20:00+00:00,2025-01-20,2025-01-20:1,False,-1,0,True,-0.5760869565217391,,,False,0,0,0,False,,460.0,20.0,,,,,
2025-01-20 13:25:00+00:00,2025-01-20,2025-01-20:1,False,-1,0,True,-0.5317919075144508,,,False,0,0,0,False,,455.0,25.0,,,,,
2025-01-20 13:30:00+00:00,2025-01-20,2025-01-20:1,False,-1,0,True,-0.56,,,False,0,0,0,False,,450.0,30.0,,,,,
2025-01-20 13:35:00+00:00,2025-01-20,2025-01-20:1,False,-1,0,True,-0.6705882352941176,,,False,0,0,0,False,,445.0,35.0,,,,,
2025-01-20 13:40:00+00:00,2025-01-20,2025-01-20:1,False,-1,0,True,-0.61,,,False,0,0,0,False,,440.0,40.0,,,,,
2025-01-20 13:45:00+00:00,2025-01-20,2025-01-20:1,False,-1,0,True,-0.5178082191780822,,,False,0,0,0,False,,435.0,45.0,,,,,
2025-01-20 13:50:00+00:00,2025-01-20,2025-01-20:1,False,-1,0,True,-0.6692111959287532,,,False,0,0,0,False,,430.0,50.0,,,,,
2025-01-20 13:55:00+00:00,2025-01-20,2025-01-20:1,False,-1,0,True,-0.5763546798029556,,,False,0,0,0,False,,425.0,55.0,,,,,
2025-01-20 14:00:00+00:00,2025-01-20,2025-01-20:1,False,-1,0,True,-0.15492957746478872,,,False,0,0,0,False,,420.0,60.0,,,,,
2025-01-20 14:05:00+00:00,2025-01-20,2025-01-20:1,True,4,5,True,-0.45985401459854014,0.40465862204714415,-0.12786527641172063,True,0,0,0,False,,415.0,65.0,0.0,0.0,0.0,0.0,1.0
2025-01-20 14:10:00+00:00,2025-01-20,2025-01-20:1,True,0,5,True,-0.20930232558139536,0.20930232558139536,2.2704762771742995,True,0,0,0,False,,410.0,70.0,1.0,0.0,0.0,0.0,0.0
2025-01-20 14:15:00+00:00,2025-01-20,2025-01-20:1,True,0,10,True,-0.4,0.24329280811132087,-0.49719885751158555,True,0,0,0,False,,405.0,75.0,1.0,0.0,0.0,0.0,0.0
2025-01-20 14:20:00+00:00,2025-01-20,2025-01-20:1,True,0,15,True,-0.65625,0.5077379939622284,-0.2565762592941206,True,0,0,0,False,,400.0,80.0,1.0,0.0,0.0,0.0,0.0
2025-01-20 14:25:00+00:00,2025-01-20,2025-01-20:1,True,0,20,True,-0.6676557863501483,0.3083868432594644,-0.7724177713408229,True,0,0,0,False,,395.0,85.0,1.0,0.0,0.0,0.0,0.0
2025-01-20 14:30:00+00:00,2025-01-20,2025-01-20:1,True,0,25,True,-0.7205479452054795,0.7205479452054795,0.255376959227382,True,0,0,0,False,,390.0,90.0,1.0,0.0,0.0,0.0,0.0
2025-01-20 14:35:00+00:00,2025-01-20,2025-01-20:1,True,0,30,True,-0.5789473684210527,0.4447336567309397,-0.2637359938350736,True,0,0,0,False,,385.0,95.0,1.0,0.0,0.0,0.0,0.0
2025-01-20 14:40:00+00:00,2025-01-20,2025-01-20:1,True,3,5,True,-0.6708860759493671,0.5022256727997948,-0.28954977398172194,True,0,0,0,False,,380.0,100.0,0.0,0.0,0.0,1.0,0.0
2025-01-20 14:45:00+00:00,2025-01-20,2025-01-20:1,True,3,10,True,-0.39664804469273746,0.22134461799579733,-0.5833285057532892,True,0,0,0,False,,375.0,105.0,0.0,0.0,0.0,1.0,0.0
2025-01-20 14:50:00+00:00,2025-01-20,2025-01-20:1,True,3,15,True,-0.627906976744186,0.258160723839723,-0.8888096777116228,True,0,0,0,False,,370.0,110.0,0.0,0.0,0.0,1.0,0.0
2025-01-20 14:55:00+00:00,2025-01-20,2025-01-20:1,True,3,20,True,-0.4713375796178344,0.3455457054688099,-0.31044964448139917,True,0,0,0,False,,365.0,115.0,0.0,0.0,0.0,1.0,0.0
2025-01-20 15:00:00+00:00,2025-01-20,2025-01-20:1,True,0,5,True,-0.22142857142857142,0.22142857142857142,0.9099983951511595,True,0,0,0,False,,360.0,120.0,1.0,0.0,0.0,0.0,0.0
2025-01-20 15:05:00+00:00,2025-01-20,2025-01-20:1,True,3,5,True,-0.32298136645962733,0.11327344871975285,-1.047789836935363,True,0,0,0,True,0.0,355.0,125.0,0.0,0.0,0.0,1.0,0.0
2025-01-20 15:10:00+00:00,2025-01-20,2025-01-20:1,True,4,5,True,-0.48951048951048953,0.48951048951048953,0.0,True,0,0,0,True,0.0,350.0,130.0,0.0,0.0,0.0,0.0,1.0
2025-01-20 15:15:00+00:00,2025-01-20,2025-01-20:1,True,3,5,True,-0.43902439024390244,0.27168398146006273,-0.4799154121964436,True,0,0,0,True,1.0731234851180296,345.0,135.0,0.0,0.0,0.0,1.0,0.0
2025-01-20 15:20:00+00:00,2025-01-20,2025-01-20:1,True,0,5,True,-0.6359338061465721,0.6359338061465721,0.46971212416707064,True,0,0,0,True,1.0503082394933918,340.0,140.0,1.0,0.0,0.0,0.0,0.0
2025-01-20 15:25:00+00:00,2025-01-20,2025-01-20:1,True,0,10,True,-0.8181818181818182,0.20853548098834152,-1.3669753841528909,True,0,0,0,True,0.0,335.0,145.0,1.0,0.0,0.0,0.0,0.0
2025-01-20 15:30:00+00:00,2025-01-20,2025-01-20:1,True,3,5,True,-0.11462450592885376,0.00025788180632417974,-6.096915534290916,True,0,0,0,True,-12.001822458872743,330.0,150.0,0.0,0.0,0.0,1.0,0.0
2025-01-20 15:35:00+00:00,2025-01-20,2025-01-20:1,True,4,5,True,0.8852459016393442,0.22822411597155823,1.3555373504246566,True,1,0,0,True,0.8774856431813485,325.0,155.0,0.0,0.0,0.0,0.0,1.0
2025-01-20 15:40:00+00:00,2025-01-20,2025-01-20:1,True,0,5,True,0.8114143920595533,0.24376986799451167,1.2025542716554143,True,1,0,0,True,1.7926620653689371,320.0,160.0,1.0,0.0,0.0,0.0,0.0
2025-01-20 15:45:00+00:00,2025-01-20,2025-01-20:1,True,0,10,True,0.774869109947644,0.46227058815778316,0.5165437164133319,True,1,0,0,True,-0.939103342219596,315.0,165.0,1.0,0.0,0.0,0.0,0.0
2025-01-20 15:50:00+00:00,2025-01-20,2025-01-20:1,True,0,15,True,0.7622739018087855,0.27718197776516534,1.0116316923671929,True,1,0,0,True,0.0,310.0,170.0,1.0,0.0,0.0,0.0,0.0
2025-01-20 15:55:00+00:00,2025-01-20,2025-01-20:1,True,0,20,True,0.657608695652174,0.39813474665209403,0.5018195595563937,True,1,0,0,True,-0.2196478492043062,305.0,175.0,1.0,0.0,0.0,0.0,0.0
2025-01-20 16:00:00+00:00,2025-01-20,2025-01-20:1,True,1,5,True,0.8465473145780051,0.24031432957219095,1.2592183213985464,True,0,0,0,True,0.0,300.0,180.0,0.0,1.0,0.0,0.0,0.0
2025-01-20 16:05:00+00:00,2025-01-20,2025-01-20:1,True,1,10,True,0.8082191780821918,0.48598776709818214,0.5086498287356281,True,0,0,0,True,0.5686877968982452,295.0,185.0,0.0,1.0,0.0,0.0,0.0
2025-01-20 16:10:00+00:00,2025-01-20,2025-01-20:1,True,1,15,True,0.9070904645476773,0.25718490732802324,1.2604468755892868,True,0,0,0,True,0.5636889791683323,290.0,190.0,0.0,1.0,0.0,0.0,0.0
2025-01-20 16:15:00+00:00,2025-01-20,2025-01-20:1,True,1,20,True,0.7851662404092071,0.36856877942595534,0.7562681253534467,True,0,0,0,True,0.7383262298293304,285.0,195.0,0.0,1.0,0.0,0.0,0.0
2025-01-20 16:20:00+00:00,2025-01-20,2025-01-20:1,True,1,25,True,0.7984084880636605,0.48168175802333607,0.5053367133590636,True,0,0,0,True,0.0,280.0,200.0,0.0,1.0,0.0,0.0,0.0
2025-01-20 16:25:00+00:00,2025-01-20,2025-01-20:1,True,2,5,True,0.4264705882352941,0.4264705882352941,-0.2554475606096733,True,0,0,0,True,0.5711981102081036,275.0,205.0,0.0,0.0,1.0,0.0,0.0
2025-01-20 16:30:00+00:00,2025-01-20,2025-01-20:1,True,1,5,True,0.7203166226912929,0.4303509246496437,0.5150898893923465,True,0,0,0,True,0.5758880036012489,270.0,210.0,0.0,1.0,0.0,0.0,0.0
2025-01-20 16:35:00+00:00,2025-01-20,2025-01-20:1,True,2,5,True,0.6913946587537092,0.42868217625535804,0.4779950057204799,True,0,0,0,True,-0.37361242521693794,265.0,215.0,0.0,0.0,1.0,0.0,0.0
2025-01-20 16:40:00+00:00,2025-01-20,2025-01-20:1,True,1,5,True,0.5654450261780105,0.3495066039749375,0.4810906210709962,True,0,0,0,True,0.0,260.0,220.0,0.0,1.0,0.0,0.0,0.0
2025-01-20 16:45:00+00:00,2025-01-20,2025-01-20:1,True,0,5,True,0.4110787172011662,0.4110787172011662,-1.726572509795269,True,0,0,0,True,0.0,255.0,225.0,1.0,0.0,0.0,0.0,0.0
2025-01-20 16:50:00+00:00,2025-01-20,2025-01-20:1,True,0,10,True,0.057803468208092484,0.057803468208092484,-0.4810906210695413,True,0,0,0,True,-2.6621550916167522,250.0,230.0,1.0,0.0,0.0,0.0,0.0
2025-01-20 16:55:00+00:00,2025-01-20,2025-01-20:1,True,0,15,True,0.22627737226277372,0.22627737226277372,0.0,True,0,0,0,True,-0.5979669804221945,245.0,235.0,1.0,0.0,0.0,0.0,0.0
2025-01-20 17:00:00+00:00,2025-01-20,2025-01-20:1,True,0,20,True,0.248,0.15425141200309578,0.474844929430486,True,0,0,0,True,1.0617855409776573,240.0,240.0,1.0,0.0,0.0,0.0,0.0
2025-01-20 17:05:00+00:00,2025-01-20,2025-01-20:1,True,0,25,True,0.19205298013245034,0.19205298013245034,0.0,True,0,0,0,True,0.650917375147455,235.0,245.0,1.0,0.0,0.0,0.0,0.0
2025-01-20 17:10:00+00:00,2025-01-20,2025-01-20:1,True,4,5,True,0.3237822349570201,0.3237822349570201,0.0,True,0,0,0,True,0.0,230.0,250.0,0.0,0.0,0.0,0.0,1.0
2025-01-20 17:15:00+00:00,2025-01-20,2025-01-20:1,True,0,5,True,0.5032258064516129,0.19361231511357166,0.9551812048092867,True,0,0,0,True,1.0679250523903396,225.0,255.0,1.0,0.0,0.0,0.0,0.0
2025-01-20 17:20:00+00:00,2025-01-20,2025-01-20:1,True,1,5,True,0.5911949685534591,0.06166283233289634,2.260464502940315,True,0,0,0,True,1.5802075959627728,220.0,260.0,0.0,1.0,0.0,0.0,0.0
2025-01-20 17:25:00+00:00,2025-01-20,2025-01-20:1,True,2,5,True,0.5728155339805825,0.5728155339805825,0.0,True,0,0,0,True,-1.4839184866483428,215.0,265.0,0.0,0.0,1.0,0.0,0.0
2025-01-20 17:30:00+00:00,2025-01-20,2025-01-20:1,True,1,5,True,0.7506925207756233,0.14921734181381305,1.6155922285176456,True,0,0,0,True,0.0,210.0,270.0,0.0,1.0,0.0,0.0,0.0
2025-01-20 17:35:00+00:00,2025-01-20,2025-01-20:1,True,1,10,True,0.7563451776649747,0.10679902636538531,1.9575490461340448,True,0,0,0,True,1.2420733027404385,205.0,275.0,0.0,1.0,0.0,0.0,0.0
2025-01-20 17:40:00+00:00,2025-01-20,2025-01-20:1,True,2,5,True,0.6770538243626062,0.6770538243626062,-0.3726268308237171,True,0,0,0,True,0.0,200.0,280.0,0.0,0.0,1.0,0.0,0.0
2025-01-20 17:45:00+00:00,2025-01-20,2025-01-20:1,True,1,5,True,0.5256410256410257,0.027079819412136722,2.9658297396553426,True,0,0,0,True,5.0899008222696915,195.0,285.0,0.0,1.0,0.0,0.0,0.0
2025-01-20 17:50:00+00:00,2025-01-20,2025-01-20:1,True,2,5,True,0.533678756476684,0.533678756476684,-0.3384991100661698,True,0,0,0,True,0.7569070204311391,190.0,290.0,0.0,0.0,1.0,0.0,0.0
2025-01-20 17:55:00+00:00,2025-01-20,2025-01-20:1,True,2,10,True,0.8097686375321337,0.8097686375321337,-0.4829448464827791,True,0,0,0,True,-0.8931057166974744,185.0,295.0,0.0,0.0,1.0,0.0,0.0
2025-01-20 18:00:00+00:00,2025-01-20,2025-01-20:1,True,1,5,True,0.15450643776824036,0.05903876649180603,0.962041476552549,True,0,0,0,True,1.62613337334916,180.0,300.0,0.0,1.0,0.0,0.0,0.0
2025-01-20 18:05:00+00:00,2025-01-20,2025-01-20:1,True,0,5,True,-0.7315068493150685,0.2403552460461353,-1.1129885630031573,True,0,0,0,True,-0.49191907851128264,175.0,305.0,1.0,0.0,0.0,0.0,0.0
2025-01-20 18:10:00+00:00,2025-01-20,2025-01-20:1,True,3,5,True,-0.7265822784810126,0.027163580515250314,-3.2864746053806058,True,0,0,0,True,-0.21580868069917447,170.0,310.0,0.0,0.0,0.0,1.0,0.0
2025-01-20 18:15:00+00:00,2025-01-20,2025-01-20:1,True,4,5,True,-0.6495956873315364,0.6495956873315364,0.0,True,0,0,0,True,0.0,165.0,315.0,0.0,0.0,0.0,0.0,1.0
2025-01-20 18:20:00+00:00,2025-01-20,2025-01-20:1,True,3,5,True,-0.4880546075085324,0.21008044388762015,-0.8429367767270827,True,0,0,0,True,-1.0608036243744643,160.0,320.0,0.0,0.0,0.0,1.0,0.0
2025-01-20 18:25:00+00:00,2025-01-20,2025-01-20:1,True,3,10,True,-0.3898305084745763,0.09233155757156071,-1.440326065748237,True,0,0,0,True,-0.10963505636431961,155.0,325.0,0.0,0.0,0.0,1.0,0.0
2025-01-20 18:30:00+00:00,2025-01-20,2025-01-20:1,True,3,15,True,-0.37404580152671757,0.1085994703304348,-1.2367117236556526,True,0,0,0,True,-0.9769013291420252,150.0,330.0,0.0,0.0,0.0,1.0,0.0
2025-01-20 18:35:00+00:00,2025-01-20,2025-01-20:1,True,4,5,True,-0.28187919463087246,0.28187919463087246,0.0,True,0,0,0,True,0.4419089555719652,145.0,335.0,0.0,0.0,0.0,0.0,1.0
2025-01-20 18:40:00+00:00,2025-01-20,2025-01-20:1,True,3,5,True,-0.2953020134228188,0.1301414280130445,-0.8193768400495438,True,0,0,0,True,-0.9294499286092051,140.0,340.0,0.0,0.0,0.0,1.0,0.0
2025-01-20 18:45:00+00:00,2025-01-20,2025-01-20:1,True,4,5,True,-0.4965034965034965,0.4062321470746482,-0.20066573874764124,True,0,0,0,True,-0.44870223259493935,135.0,345.0,0.0,0.0,0.0,0.0,1.0
2025-01-20 18:50:00+00:00,2025-01-20,2025-01-20:1,True,3,5,True,-0.6458333333333334,0.42428903262691414,-0.4201265688423495,True,0,0,0,True,0.0,130.0,350.0,0.0,0.0,0.0,1.0,0.0
2025-01-20 18:55:00+00:00,2025-01-20,2025-01-20:1,True,3,10,True,-0.5044776119402985,0.2658873429382166,-0.6404507657982114,True,0,0,0,True,-0.44957679696027997,125.0,355.0,0.0,0.0,0.0,1.0,0.0
2025-01-20 19:00:00+00:00,2025-01-20,2025-01-20:1,True,3,15,True,-0.37566137566137564,0.2455830973241115,-0.4250527690293932,True,0,0,0,True,0.4860859078266083,120.0,360.0,0.0,0.0,0.0,1.0,0.0
2025-01-20 19:05:00+00:00,2025-01-20,2025-01-20:1,True,4,5,True,-0.547486033519553,0.48834106222265594,-0.11432289207703172,True,0,0,0,True,1.0383371415680502,115.0,365.0,0.0,0.0,0.0,0.0,1.0
2025-01-20 19:10:00+00:00,2025-01-20,2025-01-20:1,True,4,10,True,-0.23389830508474577,0.23389830508474577,0.0,True,0,0,0,True,-0.6314546518603119,110.0,370.0,0.0,0.0,0.0,0.0,1.0
2025-01-20 19:15:00+00:00,2025-01-20,2025-01-20:1,True,3,5,True,-0.7230769230769231,0.171560593282548,-1.4385790929902538,True,0,0,0,True,-0.6433521285883368,105.0,375.0,0.0,0.0,0.0,1.0,0.0
2025-01-20 19:20:00+00:00,2025-01-20,2025-01-20:1,True,4,5,True,-0.40716612377850164,0.40716612377850164,0.0,True,0,0,0,True,1.321533083537504,100.0,380.0,0.0,0.0,0.0,0.0,1.0
2025-01-20 19:25:00+00:00,2025-01-20,2025-01-20:1,True,4,10,True,-0.46540880503144655,0.46540880503144655,0.0,True,0,0,0,True,-0.6585902216194974,95.0,385.0,0.0,0.0,0.0,0.0,1.0
2025-01-20 19:30:00+00:00,2025-01-20,2025-01-20:1,True,0,5,True,-0.27761194029850744,0.27761194029850744,0.30942463037077167,True,0,0,0,True,0.0,90.0,390.0,1.0,0.0,0.0,0.0,0.0
2025-01-20 19:35:00+00:00,2025-01-20,2025-01-20:1,True,0,10,True,-0.40063091482649843,0.40063091482649843,0.0,True,0,0,0,True,0.7318835219444005,85.0,395.0,1.0,0.0,0.0,0.0,0.0
2025-01-20 19:40:00+00:00,2025-01-20,2025-01-20:1,True,3,5,True,-0.6867469879518072,0.13278048817616833,-1.643268639156769,True,0,0,0,True,0.0048563544053852326,80.0,400.0,0.0,0.0,0.0,1.0,0.0
2025-01-20 19:45:00+00:00,2025-01-20,2025-01-20:1,True,0,5,True,-0.6983240223463687,0.6983240223463687,0.0,True,0,0,0,True,-0.7770535400917054,75.0,405.0,1.0,0.0,0.0,0.0,0.0
2025-01-20 19:50:00+00:00,2025-01-20,2025-01-20:1,True,0,10,True,-0.6726190476190477,0.6726190476190477,0.3871036015977383,True,0,0,0,True,0.8655899675075391,70.0,410.0,1.0,0.0,0.0,0.0,0.0
2025-01-20 19:55:00+00:00,2025-01-20,2025-01-20:1,True,0,15,True,-0.6655518394648829,0.6655518394648829,0.0,True,0,0,0,True,0.9132203328903096,65.0,415.0,1.0,0.0,0.0,0.0,0.0
2025-01-20 20:00:00+00:00,2025-01-20,2025-01-20:1,True,3,5,True,-0.6058823529411764,0.39664280752523023,-0.42364968362913324,True,0,0,0,True,0.0,60.0,420.0,0.0,0.0,0.0,1.0,0.0
2025-01-20 20:05:00+00:00,2025-01-20,2025-01-20:1,True,0,5,True,-0.7017994858611826,0.7017994858611826,3.093148487797959,True,0,0,0,True,5.1873677124120725,55.0,425.0,1.0,0.0,0.0,0.0,0.0
2025-01-20 20:10:00+00:00,2025-01-20,2025-01-20:1,True,2,5,True,-0.6143250688705234,0.6143250688705234,0.1621882682791777,True,0,0,0,True,-0.6454648493993614,50.0,430.0,0.0,0.0,1.0,0.0,0.0
2025-01-20 20:15:00+00:00,2025-01-20,2025-01-20:1,True,2,10,True,-0.5352941176470588,0.5352941176470588,0.16418602704630914,True,0,0,0,True,1.468524469726752,45.0,435.0,0.0,0.0,1.0,0.0,0.0
2025-01-20 20:20:00+00:00,2025-01-20,2025-01-20:1,True,1,5,True,-0.17133956386292834,0.17133956386292834,0.9989032507471454,True,0,0,0,True,0.0,40.0,440.0,0.0,1.0,0.0,0.0,0.0
2025-01-20 20:25:00+00:00,2025-01-20,2025-01-20:1,True,2,5,True,-0.12195121951219512,0.08656120259676042,-0.34276941649445913,True,0,0,0,True,-0.7664557158895483,35.0,445.0,0.0,0.0,1.0,0.0,0.0
2025-01-20 20:30:00+00:00,2025-01-20,2025-01-20:1,True,1,5,True,-0.21613832853025935,0.21613832853025935,2.006483434740974,True,0,0,0,True,1.725628213772792,30.0,450.0,0.0,1.0,0.0,0.0,0.0
2025-01-20 20:35:00+00:00,2025-01-20,2025-01-20:1,True,0,5,True,0.16666666666666666,0.16666666666666666,-2.340920608874705,True,0,0,0,True,-0.8003153038451927,25.0,455.0,1.0,0.0,0.0,0.0,0.0
2025-01-20 20:40:00+00:00,2025-01-20,2025-01-20:1,True,1,5,True,-0.21481481481481482,0.21481481481481482,1.866125377473502,True,0,0,0,True,0.38618506951252973,20.0,460.0,0.0,1.0,0.0,0.0,0.0
2025-01-20 20:45:00+00:00,2025-01-20,2025-01-20:1,True,0,5,True,0.07453416149068323,0.07453416149068323,-0.24583600083961368,True,0,0,0,True,0.0,15.0,465.0,1.0,0.0,0.0,0.0,0.0
2025-01-20 20:50:00+00:00,2025-01-20,2025-01-20:1,True,0,10,True,0.18429003021148035,0.18429003021148035,-0.966336355361664,True,0,0,0,True,-0.10044682303246259,10.0,470.0,1.0,0.0,0.0,0.0,0.0
2025-01-20 20:55:00+00:00,2025-01-20,2025-01-20:1,True,0,15,True,-0.2558139534883721,0.201244783866798,-0.23992843879846276,True,0,0,0,True,0.44034838585775676,5.0,475.0,1.0,0.0,0.0,0.0,0.0
2025-01-20 21:00:00+00:00,2025-01-20,2025-01-20:1,True,0,20,True,-0.28338762214983715,0.2225876879475692,-0.2414945229463292,True,0,0,0,True,0.0,0.0,480.0,1.0,0.0,0.0,0.0,0.0
2025-01-21 13:00:00+00:00,2025-01-21,2025-01-21:1,False,-1,0,False,,,,False,0,0,0,False,,480.0,0.0,,,,,
2025-01-21 13:05:00+00:00,2025-01-21,2025-01-21:1,False,-1,0,True,0.06017191977077364,,,False,0,0,0,False,,475.0,5.0,,,,,
2025-01-21 13:10:00+00:00,2025-01-21,2025-01-21:1,False,-1,0,True,0.16759776536312848,,,False,0,0,0,False,,470.0,10.0,,,,,
2025-01-21 13:15:00+00:00,2025-01-21,2025-01-21:1,False,-1,0,True,0.01466275659824047,,,False,0,0,0,False,,465.0,15.0,,,,,
2025-01-21 13:20:00+00:00,2025-01-21,2025-01-21:1,False,-1,0,True,-0.18666666666666668,,,False,0,0,0,False,,460.0,20.0,,,,,
2025-01-21 13:25:00+00:00,2025-01-21,2025-01-21:1,False,-1,0,True,-0.4594594594594595,,,False,0,0,0,False,,455.0,25.0,,,,,
2025-01-21 13:30:00+00:00,2025-01-21,2025-01-21:1,False,-1,0,True,0.3147751605995717,,,False,0,0,0,False,,450.0,30.0,,,,,
2025-01-21 13:35:00+00:00,2025-01-21,2025-01-21:1,False,-1,0,True,0.871313672922252,,,False,0,0,0,False,,445.0,35.0,,,,,
2025-01-21 13:40:00+00:00,2025-01-21,2025-01-21:1,False,-1,0,True,0.7791044776119403,,,False,0,0,0,False,,440.0,40.0,,,,,
2025-01-21 13:45:00+00:00,2025-01-21,2025-01-21:1,False,-1,0,True,0.739612188365651,,,False,0,0,0,False,,435.0,45.0,,,,,
2025-01-21 13:50:00+00:00,2025-01-21,2025-01-21:1,False,-1,0,True,0.6948228882833788,,,False,0,0,0,False,,430.0,50.0,,,,,
2025-01-21 13:55:00+00:00,2025-01-21,2025-01-21:1,False,-1,0,True,0.7475083056478405,,,False,0,0,0,False,,425.0,55.0,,,,,
2025-01-21 14:00:00+00:00,2025-01-21,2025-01-21:1,False,-1,0,True,0.7393364928909952,,,False,0,0,0,False,,420.0,60.0,,,,,
2025-01-21 14:05:00+00:00,2025-01-21,2025-01-21:1,True,1,5,True,0.7348066298342542,0.28661136548634747,0.9414802050624966,True,0,0,0,False,,415.0,65.0,0.0,1.0,0.0,0.0,0.0
2025-01-21 14:10:00+00:00,2025-01-21,2025-01-21:1,True,1,10,True,0.49171270718232046,0.07544636352467086,1.8744726305509065,True,0,0,0,False,,410.0,70.0,0.0,1.0,0.0,0.0,0.0
2025-01-21 14:15:00+00:00,2025-01-21,2025-01-21:1,True,2,5,True,0.5786516853932584,0.5786516853932584,0.0,True,0,0,0,False,,405.0,75.0,0.0,0.0,1.0,0.0,0.0
2025-01-21 14:20:00+00:00,2025-01-21,2025-01-21:1,True,2,10,True,0.08446866485013624,0.08446866485013624,-0.4472767746486001,True,0,0,0,False,,400.0,80.0,0.0,0.0,1.0,0.0,0.0
2025-01-21 14:25:00+00:00,2025-01-21,2025-01-21:1,True,2,15,True,0.23076923076923078,0.23076923076923078,0.0,True,0,0,0,False,,395.0,85.0,0.0,0.0,1.0,0.0,0.0
2025-01-21 14:30:00+00:00,2025-01-21,2025-01-21:1,True,2,20,True,0.18125,0.18125,-0.47363973731103226,True,0,0,0,False,,390.0,90.0,0.0,0.0,1.0,0.0,0.0
2025-01-21 14:35:00+00:00,2025-01-21,2025-01-21:1,True,0,5,True,0.167192429022082,0.10417840335183752,0.4730405723180246,True,0,0,0,False,,385.0,95.0,1.0,0.0,0.0,0.0,0.0
2025-01-21 14:40:00+00:00,2025-01-21,2025-01-21:1,True,0,10,True,0.2982456140350877,0.04250073790941337,1.9483959168497273,True,0,0,0,False,,380.0,100.0,1.0,0.0,0.0,0.0,0.0
2025-01-21 14:45:00+00:00,2025-01-21,2025-01-21:1,True,0,15,True,0.25,0.25,-0.4971988575123223,True,0,0,0,False,,375.0,105.0,1.0,0.0,0.0,0.0,0.0
2025-01-21 14:50:00+00:00,2025-01-21,2025-01-21:1,True,0,20,True,0.3797909407665505,0.3797909407665505,-0.9564144928683947,True,0,0,0,False,,370.0,110.0,1.0,0.0,0.0,0.0,0.0
2025-01-21 14:55:00+00:00,2025-01-21,2025-01-21:1,True,1,5,True,0.16853932584269662,0.04231389785684349,1.3820535237268898,True,0,0,0,False,,365.0,115.0,0.0,1.0,0.0,0.0,0.0
2025-01-21 15:00:00+00:00,2025-01-21,2025-01-21:1,True,0,5,True,-0.03323262839879154,0.008552927099282393,-1.3572586012501748,True,0,0,0,False,,360.0,120.0,1.0,0.0,0.0,0.0,0.0
2025-01-21 15:05:00+00:00,2025-01-21,2025-01-21:1,True,0,10,True,0.2074074074074074,0.13682145294839007,0.4160081980272276,True,0,0,0,True,-0.40012625350153963,355.0,125.0,1.0,0.0,0.0,0.0,0.0
2025-01-21 15:10:00+00:00,2025-01-21,2025-01-21:1,True,0,15,True,-0.30742049469964666,0.30742049469964666,0.8548910513498361,True,0,0,0,True,-0.9557972520858903,350.0,130.0,1.0,0.0,0.0,0.0,0.0
2025-01-21 15:15:00+00:00,2025-01-21,2025-01-21:1,True,0,20,True,-0.37677053824362605,0.24157413545732814,-0.4444599451670448,True,0,0,0,True,-0.40766154661704507,345.0,135.0,1.0,0.0,0.0,0.0,0.0
2025-01-21 15:20:00+00:00,2025-01-21,2025-01-21:1,True,0,25,True,-0.44666666666666666,0.44666666666666666,0.45559166398522327,True,0,0,0,True,1.0187339306532022,340.0,140.0,1.0,0.0,0.0,0.0,0.0
2025-01-21 15:25:00+00:00,2025-01-21,2025-01-21:1,True,0,30,True,-0.5798816568047337,0.234777496343541,-0.9041858011765606,True,0,0,0,True,0.0,335.0,145.0,1.0,0.0,0.0,0.0,0.0
2025-01-21 15:30:00+00:00,2025-01-21,2025-01-21:1,True,1,5,True,-0.6494845360824743,0.6494845360824743,7.099483758197495,True,0,0,0,True,17.412112478588107,330.0,150.0,0.0,1.0,0.0,0.0,0.0
2025-01-21 15:35:00+00:00,2025-01-21,2025-01-21:1,True,0,5,True,-0.9730458221024259,0.22815174309301056,-1.4504202272449673,True,0,0,0,True,0.0,325.0,155.0,1.0,0.0,0.0,0.0,0.0
2025-01-21 15:40:00+00:00,2025-01-21,2025-01-21:1,True,0,10,True,-0.9665871121718377,0.33005796553570754,-1.0745031339927111,True,0,0,0,True,-0.40044367494052147,320.0,160.0,1.0,0.0,0.0,0.0,0.0
2025-01-21 15:45:00+00:00,2025-01-21,2025-01-21:1,True,0,15,True,-0.961352657004831,0.47356097534997477,-0.7080606302877008,True,0,0,0,True,0.0,315.0,165.0,1.0,0.0,0.0,0.0,0.0
2025-01-21 15:50:00+00:00,2025-01-21,2025-01-21:1,True,0,20,True,-0.9325301204819277,0.5476462771795658,-0.5322718528441827,True,0,0,0,True,-0.7934640303132806,310.0,170.0,1.0,0.0,0.0,0.0,0.0
2025-01-21 15:55:00+00:00,2025-01-21,2025-01-21:1,True,0,25,True,-0.9458413926499033,0.661652055416384,-0.3573350722333505,True,0,0,0,True,-0.39951275612928466,305.0,175.0,1.0,0.0,0.0,0.0,0.0
2025-01-21 16:00:00+00:00,2025-01-21,2025-01-21:1,True,3,5,True,-0.9629629629629629,0.19806464016401637,-1.5814215081081824,True,0,0,0,True,-0.5108417219680698,300.0,180.0,0.0,0.0,0.0,1.0,0.0
2025-01-21 16:05:00+00:00,2025-01-21,2025-01-21:1,True,4,5,True,-0.8298969072164949,0.5824707699059027,-0.35402248114154666,True,0,0,0,True,-0.39580916669725535,295.0,185.0,0.0,0.0,0.0,0.0,1.0
2025-01-21 16:10:00+00:00,2025-01-21,2025-01-21:1,True,4,10,True,-0.8479809976247031,0.8479809976247031,0.0,True,0,0,0,True,-0.3198534182200727,290.0,190.0,0.0,0.0,0.0,0.0,1.0
2025-01-21 16:15:00+00:00,2025-01-21,2025-01-21:1,True,3,5,True,-0.7994987468671679,0.27960081396976566,-1.050622043327975,True,0,0,0,True,0.43556537428742315,285.0,195.0,0.0,0.0,0.0,1.0,0.0
2025-01-21 16:20:00+00:00,2025-01-21,2025-01-21:1,True,4,5,True,-0.8263473053892215,0.6948373671394589,-0.17333733765691609,True,0,0,0,True,0.0,280.0,200.0,0.0,0.0,0.0,0.0,1.0
2025-01-21 16:25:00+00:00,2025-01-21,2025-01-21:1,True,3,5,True,-0.87409200968523,0.437054048894521,-0.6931287752255175,True,0,0,0,True,-0.037048387823320345,275.0,205.0,0.0,0.0,0.0,1.0,0.0
2025-01-21 16:30:00+00:00,2025-01-21,2025-01-21:1,True,3,10,True,-0.7677053824362606,0.38248055130206343,-0.6967282372237813,True,0,0,0,True,0.0,270.0,210.0,0.0,0.0,0.0,1.0,0.0
2025-01-21 16:35:00+00:00,2025-01-21,2025-01-21:1,True,3,15,True,-0.8169642857142857,0.024095066185029365,-3.523588283043333,True,0,0,0,True,-0.6783773785465886,265.0,215.0,0.0,0.0,0.0,1.0,0.0
2025-01-21 16:40:00+00:00,2025-01-21,2025-01-21:1,True,4,5,True,-0.6615384615384615,0.2937255389649232,-0.8119223343977386,True,0,0,0,True,0.7285829222410473,260.0,220.0,0.0,0.0,0.0,0.0,1.0
2025-01-21 16:45:00+00:00,2025-01-21,2025-01-21:1,True,4,10,True,-0.7876543209876543,0.5291884801397932,-0.3977146510999013,True,0,0,0,True,-0.8893169955069907,255.0,225.0,0.0,0.0,0.0,0.0,1.0
2025-01-21 16:50:00+00:00,2025-01-21,2025-01-21:1,True,4,15,True,-0.6724565756823822,0.6724565756823822,1.1404707829913325,True,1,0,0,True,-0.19428344477860898,250.0,230.0,0.0,0.0,0.0,0.0,1.0
2025-01-21 16:55:00+00:00,2025-01-21,2025-01-21:1,True,3,5,True,-0.7493333333333333,0.23318570335537403,-1.1673487761147674,True,0,1,1,True,-0.8700904056146009,245.0,235.0,0.0,0.0,0.0,1.0,0.0
2025-01-21 17:00:00+00:00,2025-01-21,2025-01-21:1,True,4,5,True,-0.7537688442211056,0.7537688442211056,0.0,True,0,0,1,True,-0.8991127544119863,240.0,240.0,0.0,0.0,0.0,0.0,1.0
2025-01-21 17:05:00+00:00,2025-01-21,2025-01-21:1,True,0,5,True,-0.5027932960893855,0.5027932960893855,1.0069647470651737,True,0,0,1,True,0.37411947578475546,235.0,245.0,1.0,0.0,0.0,0.0,0.0
2025-01-21 17:10:00+00:00,2025-01-21,2025-01-21:1,True,0,10,True,-0.5028248587570622,0.17794779191285703,-1.0387517127307062,True,0,0,1,True,-0.9290877765640773,230.0,250.0,1.0,0.0,0.0,0.0,0.0
2025-01-21 17:15:00+00:00,2025-01-21,2025-01-21:1,True,0,15,True,-0.5399515738498789,0.14537912690110236,-1.3121344590755757,True,0,0,1,True,0.0,225.0,255.0,1.0,0.0,0.0,0.0,0.0
2025-01-21 17:20:00+00:00,2025-01-21,2025-01-21:1,True,4,5,True,-0.49144254278728605,0.49144254278728605,0.0,True,0,0,1,True,1.0462407304503722,220.0,260.0,0.0,0.0,0.0,0.0,1.0
2025-01-21 17:25:00+00:00,2025-01-21,2025-01-21:1,True,3,5,True,-0.12302839116719243,0.033894077253621584,-1.2891748643946161,True,0,0,1,True,1.7056843991735655,215.0,265.0,0.0,0.0,0.0,1.0,0.0
2025-01-21 17:30:00+00:00,2025-01-21,2025-01-21:1,True,3,10,True,-0.12142857142857143,0.023177195855420454,-1.6561573424227727,True,0,0,1,True,-1.851640199546358,210.0,270.0,0.0,0.0,0.0,1.0,0.0
2025-01-21 17:35:00+00:00,2025-01-21,2025-01-21:1,True,4,5,True,-0.1111111111111111,0.1111111111111111,1.4243913010111398,True,1,0,1,True,-0.45952741605943326,205.0,275.0,0.0,0.0,0.0,0.0,1.0
2025-01-21 17:40:00+00:00,2025-01-21,2025-01-21:1,True,4,10,True,0.0711864406779661,0.0711864406779661,-0.189388696662094,True,1,0,1,True,-1.7127853083746483,200.0,280.0,0.0,0.0,0.0,0.0,1.0
2025-01-21 17:45:00+00:00,2025-01-21,2025-01-21:1,True,3,5,True,-0.07100591715976332,0.016357489266786755,-1.4680773622501713,True,0,1,2,True,0.0,195.0,285.0,0.0,0.0,0.0,1.0,0.0
2025-01-21 17:50:00+00:00,2025-01-21,2025-01-21:1,True,4,5,True,0.36741214057507987,0.17634556996687362,0.7340386811255548,True,1,0,2,True,0.0,190.0,290.0,0.0,0.0,0.0,0.0,1.0
2025-01-21 17:55:00+00:00,2025-01-21,2025-01-21:1,True,0,5,True,0.07534246575342465,0.07534246575342465,0.0,True,1,0,2,True,-0.8112428065889428,185.0,295.0,1.0,0.0,0.0,0.0,0.0
2025-01-21 18:00:00+00:00,2025-01-21,2025-01-21:1,True,0,10,True,0.41304347826086957,0.41304347826086957,-0.347620099739715,True,1,0,2,True,-1.1453204176634582,180.0,300.0,1.0,0.0,0.0,0.0,0.0
2025-01-21 18:05:00+00:00,2025-01-21,2025-01-21:1,True,0,15,True,0.9117647058823529,0.5478619227814641,0.5093586693790586,True,1,0,2,True,0.03439084780294737,175.0,305.0,1.0,0.0,0.0,0.0,0.0
2025-01-21 18:10:00+00:00,2025-01-21,2025-01-21:1,True,0,20,True,0.8720379146919431,0.8720379146919431,-0.7872958216222324,True,0,1,3,True,-1.1456247367694452,170.0,310.0,1.0,0.0,0.0,0.0,0.0
2025-01-21 18:15:00+00:00,2025-01-21,2025-01-21:1,True,0,25,True,0.8947368421052632,0.4838582731678369,0.6147376040700043,True,0,0,3,True,0.0,165.0,315.0,1.0,0.0,0.0,0.0,0.0
2025-01-21 18:20:00+00:00,2025-01-21,2025-01-21:1,True,0,30,True,0.8559556786703602,0.629709832255431,0.30695946798422397,True,0,0,3,True,0.0,160.0,320.0,1.0,0.0,0.0,0.0,0.0
2025-01-21 18:25:00+00:00,2025-01-21,2025-01-21:1,True,0,35,True,0.84,0.4369356725658121,0.6536159099436635,True,0,0,3,True,0.7307648029057446,155.0,325.0,1.0,0.0,0.0,0.0,0.0
2025-01-21 18:30:00+00:00,2025-01-21,2025-01-21:1,True,1,5,True,0.702247191011236,0.20093817149869925,1.2512882097373241,True,0,0,3,True,0.23078732207301975,150.0,330.0,0.0,1.0,0.0,0.0,0.0
2025-01-21 18:35:00+00:00,2025-01-21,2025-01-21:1,True,2,5,True,0.5581395348837209,0.5581395348837209,0.0,True,0,0,3,True,0.16263939043043374,145.0,335.0,0.0,0.0,1.0,0.0,0.0
2025-01-21 18:40:00+00:00,2025-01-21,2025-01-21:1,True,2,10,True,0.5609756097560976,0.5609756097560976,-0.34172897087945747,True,0,0,3,True,-0.764129208767513,140.0,340.0,0.0,0.0,1.0,0.0,0.0
2025-01-21 18:45:00+00:00,2025-01-21,2025-01-21:1,True,1,5,True,0.5827338129496403,0.2023376494168354,1.0577926668105762,True,0,0,3,True,-0.09305268704710665,135.0,345.0,0.0,1.0,0.0,0.0,0.0
2025-01-21 18:50:00+00:00,2025-01-21,2025-01-21:1,True,0,5,True,0.8489702517162472,0.8489702517162472,-1.3922637527751127,True,0,0,3,True,-0.7782990984546344,130.0,350.0,1.0,0.0,0.0,0.0,0.0
2025-01-21 18:55:00+00:00,2025-01-21,2025-01-21:1,True,0,10,True,0.6707616707616708,0.6707616707616708,0.0,True,0,0,3,True,0.0,125.0,355.0,1.0,0.0,0.0,0.0,0.0
2025-01-21 19:00:00+00:00,2025-01-21,2025-01-21:1,True,0,15,True,0.367816091954023,0.18148298741724872,0.706421147053908,True,0,0,3,True,0.7898028527768344,120.0,360.0,1.0,0.0,0.0,0.0,0.0
2025-01-21 19:05:00+00:00,2025-01-21,2025-01-21:1,True,0,20,True,0.7105263157894737,0.7105263157894737,0.0,True,0,0,3,True,-0.4960591758949821,115.0,365.0,1.0,0.0,0.0,0.0,0.0
2025-01-21 19:10:00+00:00,2025-01-21,2025-01-21:1,True,0,25,True,0.7265415549597856,0.7265415549597856,0.0,True,0,0,3,True,-0.8920114480570736,110.0,370.0,1.0,0.0,0.0,0.0,0.0
2025-01-21 19:15:00+00:00,2025-01-21,2025-01-21:1,True,0,30,True,0.42776203966005666,0.18810996936375354,0.821540323622314,True,0,0,3,True,0.3714535755487131,105.0,375.0,1.0,0.0,0.0,0.0,0.0
2025-01-21 19:20:00+00:00,2025-01-21,2025-01-21:1,True,0,35,True,0.6464088397790055,0.6464088397790055,0.0,True,0,0,3,True,0.0,100.0,380.0,1.0,0.0,0.0,0.0,0.0
2025-01-21 19:25:00+00:00,2025-01-21,2025-01-21:1,True,0,40,True,0.47435897435897434,0.47435897435897434,-0.40714756626701737,True,0,0,3,True,-0.9104096350466511,95.0,385.0,1.0,0.0,0.0,0.0,0.0
2025-01-21 19:30:00+00:00,2025-01-21,2025-01-21:1,True,0,45,True,0.6591478696741855,0.6591478696741855,-1.3473620951272105,True,0,0,3,True,-0.4493615454330885,90.0,390.0,1.0,0.0,0.0,0.0,0.0
2025-01-21 19:35:00+00:00,2025-01-21,2025-01-21:1,True,0,50,True,0.7163461538461539,0.45536011871284787,0.4530749296237358,True,0,0,3,True,-1.61548531006978,85.0,395.0,1.0,0.0,0.0,0.0,0.0
2025-01-21 19:40:00+00:00,2025-01-21,2025-01-21:1,True,0,55,True,0.28488372093023256,0.047510389131497854,1.7911326945962822,True,0,0,3,True,-0.5655665553436127,80.0,400.0,1.0,0.0,0.0,0.0,0.0
2025-01-21 19:45:00+00:00,2025-01-21,2025-01-21:1,True,0,60,True,0.2669039145907473,0.10573050396592183,0.9259952819149592,True,0,0,3,True,0.0,75.0,405.0,1.0,0.0,0.0,0.0,0.0
2025-01-21 19:50:00+00:00,2025-01-21,2025-01-21:1,True,0,65,True,-0.2255892255892256,0.1378113220823707,-0.4928302412138699,True,0,0,3,True,0.0,70.0,410.0,1.0,0.0,0.0,0.0,0.0
2025-01-21 19:55:00+00:00,2025-01-21,2025-01-21:1,True,0,70,True,0.15757575757575756,0.15757575757575756,-0.521430149609044,True,0,0,3,True,-1.1659532600437077,65.0,415.0,1.0,0.0,0.0,0.0,0.0
2025-01-21 20:00:00+00:00,2025-01-21,2025-01-21:1,True,1,5,True,0.18272425249169436,0.10793959663459815,0.5264064192231281,True,0,0,3,True,0.0,60.0,420.0,0.0,1.0,0.0,0.0,0.0
2025-01-21 20:05:00+00:00,2025-01-21,2025-01-21:1,True,0,5,True,0.07526881720430108,0.07526881720430108,-2.5608561925028437,True,0,0,3,True,-2.2904994108137564,55.0,425.0,1.0,0.0,0.0,0.0,0.0
2025-01-21 20:10:00+00:00,2025-01-21,2025-01-21:1,True,0,10,True,0.4583333333333333,0.04032550762588498,2.430612509133877,True,0,0,3,True,1.0870029594763175,50.0,430.0,1.0,0.0,0.0,0.0,0.0
2025-01-21 20:15:00+00:00,2025-01-21,2025-01-21:1,True,0,15,True,0.06432748538011696,0.06432748538011696,0.0,True,0,0,3,True,-0.9938426506667968,45.0,435.0,1.0,0.0,0.0,0.0,0.0
2025-01-21 20:20:00+00:00,2025-01-21,2025-01-21:1,True,0,20,True,0.13183279742765272,0.13183279742765272,-0.43988122325345946,True,0,0,3,True,0.0,40.0,440.0,1.0,0.0,0.0,0.0,0.0
2025-01-21 20:25:00+00:00,2025-01-21,2025-01-21:1,True,0,25,True,-0.0030959752321981426,0.0019941576537989996,-0.43988122325345946,True,0,0,3,True,-0.9836043172204967,35.0,445.0,1.0,0.0,0.0,0.0,0.0
2025-01-21 20:30:00+00:00,2025-01-21,2025-01-21:1,True,0,30,True,-0.16083916083916083,0.16083916083916083,0.45209290058779356,True,0,0,3,True,0.5373521140501928,30.0,450.0,1.0,0.0,0.0,0.0,0.0
2025-01-21 20:35:00+00:00,2025-01-21,2025-01-21:1,True,0,35,True,0.208955223880597,0.208955223880597,-0.45559166398408796,True,0,0,3,True,-1.0187339306506633,25.0,455.0,1.0,0.0,0.0,0.0,0.0
2025-01-21 20:40:00+00:00,2025-01-21,2025-01-21:1,True,0,40,True,0.36200716845878134,0.36200716845878134,0.0,True,0,0,3,True,0.5351989736214479,20.0,460.0,1.0,0.0,0.0,0.0,0.0
2025-01-21 20:45:00+00:00,2025-01-21,2025-01-21:1,True,0,45,True,-0.1760797342192691,0.11114146039169197,-0.46013311991113903,True,0,0,3,True,0.5446596355444531,15.0,465.0,1.0,0.0,0.0,0.0,0.0
2025-01-21 20:50:00+00:00,2025-01-21,2025-01-21:1,True,0,50,True,0.14782608695652175,0.14782608695652175,-0.45209290058772683,True,0,0,3,True,-0.5033968855186162,10.0,470.0,1.0,0.0,0.0,0.0,0.0
2025-01-21 20:55:00+00:00,2025-01-21,2025-01-21:1,True,0,55,True,-0.15,0.15,2.2363838732383576,True,0,0,3,True,1.500852880174495,5.0,475.0,1.0,0.0,0.0,0.0,0.0
2025-01-21 21:00:00+00:00,2025-01-21,2025-01-21:1,True,0,60,True,-0.17964071856287425,0.04896275099078705,-1.2998990230646663,True,0,0,3,True,1.4759287361828757,0.0,480.0,1.0,0.0,0.0,0.0,0.0
2025-01-22 13:00:00+00:00,2025-01-22,2025-01-22:1,False,-1,0,False,,,,False,0,0,0,False,,480.0,0.0,,,,,
2025-01-22 13:05:00+00:00,2025-01-22,2025-01-22:1,False,-1,0,True,0.11178247734138973,,,False,0,0,0,False,,475.0,5.0,,,,,
2025-01-22 13:10:00+00:00,2025-01-22,2025-01-22:1,False,-1,0,True,0.28440366972477066,,,False,0,0,0,False,,470.0,10.0,,,,,
2025-01-22 13:15:00+00:00,2025-01-22,2025-01-22:1,False,-1,0,True,0.21568627450980393,,,False,0,0,0,False,,465.0,15.0,,,,,
2025-01-22 13:20:00+00:00,2025-01-22,2025-01-22:1,False,-1,0,True,0.06756756756756757,,,False,0,0,0,False,,460.0,20.0,,,,,
2025-01-22 13:25:00+00:00,2025-01-22,2025-01-22:1,False,-1,0,True,-0.032640949554896145,,,False,0,0,0,False,,455.0,25.0,,,,,
2025-01-22 13:30:00+00:00,2025-01-22,2025-01-22:1,False,-1,0,True,-0.013192612137203167,,,False,0,0,0,False,,450.0,30.0,,,,,
2025-01-22 13:35:00+00:00,2025-01-22,2025-01-22:1,False,-1,0,True,0.47368421052631576,,,False,0,0,0,False,,445.0,35.0,,,,,
2025-01-22 13:40:00+00:00,2025-01-22,2025-01-22:1,False,-1,0,True,0.5714285714285714,,,False,0,0,0,False,,440.0,40.0,,,,,
2025-01-22 13:45:00+00:00,2025-01-22,2025-01-22:1,False,-1,0,True,0.7885057471264367,,,False,0,0,0,False,,435.0,45.0,,,,,
2025-01-22 13:50:00+00:00,2025-01-22,2025-01-22:1,False,-1,0,True,0.7203791469194313,,,False,0,0,0,False,,430.0,50.0,,,,,
2025-01-22 13:55:00+00:00,2025-01-22,2025-01-22:1,False,-1,0,True,0.6324324324324324,,,False,0,0,0,False,,425.0,55.0,,,,,
2025-01-22 14:00:00+00:00,2025-01-22,2025-01-22:1,False,-1,0,True,0.4206128133704735,,,False,0,0,0,False,,420.0,60.0,,,,,
2025-01-22 14:05:00+00:00,2025-01-22,2025-01-22:1,True,0,5,True,0.6831683168316832,0.2719956997258438,0.920955010398573,True,0,0,0,False,,415.0,65.0,1.0,0.0,0.0,0.0,0.0
2025-01-22 14:10:00+00:00,2025-01-22,2025-01-22:1,True,1,5,True,0.00684931506849315,0.0009747182613514781,1.9497554697322934,True,0,0,0,False,,410.0,70.0,0.0,1.0,0.0,0.0,0.0
2025-01-22 14:15:00+00:00,2025-01-22,2025-01-22:1,True,0,5,True,0.12374581939799331,0.12374581939799331,-1.6762044794883322,True,0,0,0,False,,405.0,75.0,1.0,0.0,0.0,0.0,0.0
2025-01-22 14:20:00+00:00,2025-01-22,2025-01-22:1,True,0,10,True,0.162534435261708,0.162534435261708,0.0,True,0,0,0,False,,400.0,80.0,1.0,0.0,0.0,0.0,0.0
2025-01-22 14:25:00+00:00,2025-01-22,2025-01-22:1,True,0,15,True,0.5031446540880503,0.10626968930165996,1.5548976097247904,True,0,0,0,False,,395.0,85.0,1.0,0.0,0.0,0.0,0.0
2025-01-22 14:30:00+00:00,2025-01-22,2025-01-22:1,True,0,20,True,0.25874125874125875,0.25874125874125875,-1.0334661563623706,True,0,0,0,False,,390.0,90.0,1.0,0.0,0.0,0.0,0.0
2025-01-22 14:35:00+00:00,2025-01-22,2025-01-22:1,True,0,25,True,-0.09333333333333334,0.010811008279772126,-2.15561241432528,True,0,0,0,False,,385.0,95.0,1.0,0.0,0.0,0.0,0.0
2025-01-22 14:40:00+00:00,2025-01-22,2025-01-22:1,True,4,5,True,0.38328530259365995,0.14990309047903844,0.9387906054227908,True,1,0,0,False,,380.0,100.0,0.0,0.0,0.0,0.0,1.0
2025-01-22 14:45:00+00:00,2025-01-22,2025-01-22:1,True,0,5,True,0.18831168831168832,0.10173528188921621,0.6157243424324925,True,0,0,0,False,,375.0,105.0,1.0,0.0,0.0,0.0,0.0
2025-01-22 14:50:00+00:00,2025-01-22,2025-01-22:1,True,0,10,True,0.2706552706552707,0.2706552706552707,-1.1847858338613946,True,0,0,0,False,,370.0,110.0,1.0,0.0,0.0,0.0,0.0
2025-01-22 14:55:00+00:00,2025-01-22,2025-01-22:1,True,4,5,True,-0.08823529411764706,0.08823529411764706,0.14313798399872107,True,1,0,0,False,,365.0,115.0,0.0,0.0,0.0,0.0,1.0
2025-01-22 15:00:00+00:00,2025-01-22,2025-01-22:1,True,0,5,True,0.23659305993690852,0.23659305993690852,-0.1401989543730713,True,1,0,0,False,,360.0,120.0,1.0,0.0,0.0,0.0,0.0
2025-01-22 15:05:00+00:00,2025-01-22,2025-01-22:1,True,0,10,True,0.07033639143730887,0.07033639143730887,-1.1819333034081705,True,0,1,1,True,-0.47400086320574514,355.0,125.0,1.0,0.0,0.0,0.0,0.0
2025-01-22 15:10:00+00:00,2025-01-22,2025-01-22:1,True,3,5,True,-0.09508196721311475,0.06877565277906172,-0.32388953407889537,True,0,0,1,True,-1.448478030804348,350.0,130.0,0.0,0.0,0.0,1.0,0.0
2025-01-22 15:15:00+00:00,2025-01-22,2025-01-22:1,True,3,10,True,0.13245033112582782,0.13245033112582782,-1.3305434117903332,True,0,0,1,True,-1.4875927578877832,345.0,135.0,0.0,0.0,0.0,1.0,0.0
2025-01-22 15:20:00+00:00,2025-01-22,2025-01-22:1,True,3,15,True,0.058823529411764705,0.058823529411764705,-0.6763417899014094,True,0,0,1,True,0.7561731091206415,340.0,140.0,0.0,0.0,0.0,1.0,0.0
2025-01-22 15:25:00+00:00,2025-01-22,2025-01-22:1,True,4,5,True,0.305993690851735,0.305993690851735,-0.17583623265777462,True,0,0,1,True,-0.7863635382605052,335.0,145.0,0.0,0.0,0.0,0.0,1.0
2025-01-22 15:30:00+00:00,2025-01-22,2025-01-22:1,True,3,5,True,0.459954233409611,0.459954233409611,-2.3733378576313138,True,0,0,1,True,-4.169742329685708,330.0,150.0,0.0,0.0,0.0,1.0,0.0
2025-01-22 15:35:00+00:00,2025-01-22,2025-01-22:1,True,4,5,True,0.532133676092545,0.28437288964191026,0.6266083599908177,True,1,0,1,True,-1.4011388882091278,325.0,155.0,0.0,0.0,0.0,0.0,1.0
2025-01-22 15:40:00+00:00,2025-01-22,2025-01-22:1,True,4,10,True,0.5104477611940299,0.5104477611940299,-0.30536346756173477,True,1,0,1,True,0.6828134713150316,320.0,160.0,0.0,0.0,0.0,0.0,1.0
2025-01-22 15:45:00+00:00,2025-01-22,2025-01-22:1,True,3,5,True,0.27419354838709675,0.27419354838709675,-1.2427505450181324,True,0,1,2,True,0.0,315.0,165.0,0.0,0.0,0.0,1.0,0.0
2025-01-22 15:50:00+00:00,2025-01-22,2025-01-22:1,True,4,5,True,0.2727272727272727,0.2727272727272727,0.0,True,0,0,2,True,0.9430087666626107,310.0,170.0,0.0,0.0,0.0,0.0,1.0
2025-01-22 15:55:00+00:00,2025-01-22,2025-01-22:1,True,3,5,True,0.4182825484764543,0.4182825484764543,-3.08300997323247,True,0,0,2,True,-0.1560421101226797,305.0,175.0,0.0,0.0,0.0,1.0,0.0
2025-01-22 16:00:00+00:00,2025-01-22,2025-01-22:1,True,3,10,True,0.48936170212765956,0.48936170212765956,-0.7362599636872885,True,0,0,2,True,2.7588314922188406,300.0,180.0,0.0,0.0,0.0,1.0,0.0
2025-01-22 16:05:00+00:00,2025-01-22,2025-01-22:1,True,4,5,True,0.5594202898550724,0.18854644535593895,1.0875566798565126,True,1,0,2,True,-0.4768478282704813,295.0,185.0,0.0,0.0,0.0,0.0,1.0
2025-01-22 16:10:00+00:00,2025-01-22,2025-01-22:1,True,0,5,True,0.43103448275862066,0.09819552083286215,1.479227491683767,True,1,0,2,True,-0.4142031859111676,290.0,190.0,1.0,0.0,0.0,0.0,0.0
2025-01-22 16:15:00+00:00,2025-01-22,2025-01-22:1,True,0,10,True,0.3002754820936639,0.3002754820936639,-0.421918526712764,True,1,0,2,True,0.41983245087885657,285.0,195.0,1.0,0.0,0.0,0.0,0.0
2025-01-22 16:20:00+00:00,2025-01-22,2025-01-22:1,True,3,5,True,0.3170731707317073,0.3170731707317073,-2.407854370025871,True,0,1,3,True,0.07072597535802279,280.0,200.0,0.0,0.0,0.0,1.0,0.0
2025-01-22 16:25:00+00:00,2025-01-22,2025-01-22:1,True,0,5,True,0.007194244604316547,0.003715685150382296,0.6607182565889713,True,0,0,3,True,-0.051547953218835936,275.0,205.0,1.0,0.0,0.0,0.0,0.0
2025-01-22 16:30:00+00:00,2025-01-22,2025-01-22:1,True,0,10,True,0.1497005988023952,0.051279061704763276,1.0713547764775848,True,0,0,3,True,-0.36069878010254947,270.0,210.0,1.0,0.0,0.0,0.0,0.0
2025-01-22 16:35:00+00:00,2025-01-22,2025-01-22:1,True,0,15,True,0.23841059602649006,0.23841059602649006,-0.6329586122132562,True,0,0,3,True,0.3817168333607578,265.0,215.0,1.0,0.0,0.0,0.0,0.0
2025-01-22 16:40:00+00:00,2025-01-22,2025-01-22:1,True,0,20,True,0.18210862619808307,0.18210862619808307,0.0,True,0,0,3,True,0.6964776027786032,260.0,220.0,1.0,0.0,0.0,0.0,0.0
2025-01-22 16:45:00+00:00,2025-01-22,2025-01-22:1,True,3,5,True,-0.3575757575757576,0.1409529171901058,-0.9309213350105655,True,0,0,3,True,-0.6913007152411424,255.0,225.0,0.0,0.0,0.0,1.0,0.0
2025-01-22 16:50:00+00:00,2025-01-22,2025-01-22:1,True,0,5,True,0.045714285714285714,0.033617341325355106,0.30736880203504574,True,0,0,3,True,0.3420032216736517,250.0,230.0,1.0,0.0,0.0,0.0,0.0
2025-01-22 16:55:00+00:00,2025-01-22,2025-01-22:1,True,0,10,True,0.08125,0.08125,-0.6226819004743345,True,0,0,3,True,-0.6840714583612099,245.0,235.0,1.0,0.0,0.0,0.0,0.0
2025-01-22 17:00:00+00:00,2025-01-22,2025-01-22:1,True,0,15,True,0.030985915492957747,0.013258923128466993,0.8488619928763979,True,0,0,3,True,0.0,240.0,240.0,1.0,0.0,0.0,0.0,0.0
2025-01-22 17:05:00+00:00,2025-01-22,2025-01-22:1,True,0,20,True,-0.10909090909090909,0.10909090909090909,0.0,True,0,0,3,True,0.3724876332414641,235.0,245.0,1.0,0.0,0.0,0.0,0.0
2025-01-22 17:10:00+00:00,2025-01-22,2025-01-22:1,True,0,25,True,0.0196078431372549,0.01792143204784933,0.08993232851948202,True,0,0,3,True,-0.4021895998865235,230.0,250.0,1.0,0.0,0.0,0.0,0.0
2025-01-22 17:15:00+00:00,2025-01-22,2025-01-22:1,True,0,30,True,0.36774193548387096,0.36774193548387096,-0.5264321748522169,True,0,0,3,True,0.3923793761716142,225.0,255.0,1.0,0.0,0.0,0.0,0.0
2025-01-22 17:20:00+00:00,2025-01-22,2025-01-22:1,True,0,35,True,0.15263157894736842,0.09860016841907417,0.4369540670967936,True,0,0,3,True,0.48852949853671734,220.0,260.0,1.0,0.0,0.0,0.0,0.0
2025-01-22 17:25:00+00:00,2025-01-22,2025-01-22:1,True,0,40,True,0.5585106382978723,0.44071770184916426,0.23686912769604795,True,0,0,3,True,0.0,215.0,265.0,1.0,0.0,0.0,0.0,0.0
2025-01-22 17:30:00+00:00,2025-01-22,2025-01-22:1,True,0,45,True,0.33126934984520123,0.33126934984520123,-1.2486367012387176,True,0,0,3,True,1.1168146172686648,210.0,270.0,1.0,0.0,0.0,0.0,0.0
2025-01-22 17:35:00+00:00,2025-01-22,2025-01-22:1,True,3,5,True,0.057803468208092484,0.057803468208092484,-1.2230488080582078,True,0,0,3,True,-0.5469640549245819,205.0,275.0,0.0,0.0,0.0,1.0,0.0
2025-01-22 17:40:00+00:00,2025-01-22,2025-01-22:1,True,3,10,True,-0.2072072072072072,0.16107589143900267,-0.2518436642794402,True,0,0,3,True,0.5631395530314639,200.0,280.0,0.0,0.0,0.0,1.0,0.0
2025-01-22 17:45:00+00:00,2025-01-22,2025-01-22:1,True,3,15,True,-0.06857142857142857,0.05285197154567173,-0.26038093867231,True,0,0,3,True,0.0,195.0,285.0,0.0,0.0,0.0,1.0,0.0
2025-01-22 17:50:00+00:00,2025-01-22,2025-01-22:1,True,4,5,True,-0.12413793103448276,0.12413793103448276,0.808303273625509,True,1,0,3,True,-0.6024736887535129,190.0,290.0,0.0,0.0,0.0,0.0,1.0
2025-01-22 17:55:00+00:00,2025-01-22,2025-01-22:1,True,4,10,True,-0.18151815181518152,0.18151815181518152,0.0,True,1,0,3,True,0.615485445317059,185.0,295.0,0.0,0.0,0.0,0.0,1.0
2025-01-22 18:00:00+00:00,2025-01-22,2025-01-22:1,True,0,5,True,0.3681462140992167,0.27502196445014404,0.2916292149747882,True,1,0,3,True,0.12234342329570429,180.0,300.0,1.0,0.0,0.0,0.0,0.0
2025-01-22 18:05:00+00:00,2025-01-22,2025-01-22:1,True,0,10,True,-0.5230769230769231,0.390994321825312,-0.29103549600864637,True,1,0,3,True,-0.07022027994274795,175.0,305.0,1.0,0.0,0.0,0.0,0.0
2025-01-22 18:10:00+00:00,2025-01-22,2025-01-22:1,True,0,15,True,-0.3630573248407643,0.20098481602518758,-0.5913313784260021,True,0,1,4,True,-0.6611285796936572,170.0,310.0,1.0,0.0,0.0,0.0,0.0
2025-01-22 18:15:00+00:00,2025-01-22,2025-01-22:1,True,0,20,True,0.04871060171919771,0.04871060171919771,-0.6444456243785495,True,0,0,4,True,0.0,165.0,315.0,1.0,0.0,0.0,0.0,0.0
2025-01-22 18:20:00+00:00,2025-01-22,2025-01-22:1,True,0,25,True,-0.3546325878594249,0.3546325878594249,0.9841423940210497,True,0,0,4,True,0.7335364308561217,160.0,320.0,1.0,0.0,0.0,0.0,0.0
2025-01-22 18:25:00+00:00,2025-01-22,2025-01-22:1,True,0,30,True,-0.17166212534059946,0.12352936063094895,-0.329049291603824,True,0,0,4,True,0.5242397683127834,155.0,325.0,1.0,0.0,0.0,0.0,0.0
2025-01-22 18:30:00+00:00,2025-01-22,2025-01-22:1,True,0,35,True,-0.1639871382636656,0.1639871382636656,0.0,True,0,0,4,True,0.2678235279221695,150.0,330.0,1.0,0.0,0.0,0.0,0.0
2025-01-22 18:35:00+00:00,2025-01-22,2025-01-22:1,True,0,40,True,0.41786743515850144,0.2594318761835043,0.4766700928382594,True,0,0,4,True,1.8662894358466957,145.0,335.0,1.0,0.0,0.0,0.0,0.0
2025-01-22 18:40:00+00:00,2025-01-22,2025-01-22:1,True,0,45,True,0.3765432098765432,0.3765432098765432,0.0,True,0,0,4,True,-0.7717689668336654,140.0,340.0,1.0,0.0,0.0,0.0,0.0
2025-01-22 18:45:00+00:00,2025-01-22,2025-01-22:1,True,1,5,True,0.36585365853658536,0.1324658620448623,1.0159084460943586,True,0,0,4,True,-0.8309849669403923,135.0,345.0,0.0,1.0,0.0,0.0,0.0
2025-01-22 18:50:00+00:00,2025-01-22,2025-01-22:1,True,0,5,True,0.3355263157894737,0.3355263157894737,-0.5178627406767103,True,0,0,4,True,-1.1579762911674698,130.0,350.0,1.0,0.0,0.0,0.0,0.0
2025-01-22 18:55:00+00:00,2025-01-22,2025-01-22:1,True,1,5,True,0.013513513513513514,0.004738816874630175,1.0479026857357743,True,0,0,4,True,1.4822489199919449,125.0,355.0,0.0,1.0,0.0,0.0,0.0
2025-01-22 19:00:00+00:00,2025-01-22,2025-01-22:1,True,0,5,True,-0.26285714285714284,0.0964772830245865,-1.0023031299874852,True,0,0,4,True,0.0,120.0,360.0,1.0,0.0,0.0,0.0,0.0
2025-01-22 19:05:00+00:00,2025-01-22,2025-01-22:1,True,1,5,True,0.08206686930091185,0.01793928314237786,1.5205414970076594,True,0,0,4,True,-0.9373249409099405,115.0,365.0,0.0,1.0,0.0,0.0,0.0
2025-01-22 19:10:00+00:00,2025-01-22,2025-01-22:1,True,2,5,True,-0.3583815028901734,0.3583815028901734,0.0,True,0,0,4,True,0.0,110.0,370.0,0.0,0.0,1.0,0.0,0.0
2025-01-22 19:15:00+00:00,2025-01-22,2025-01-22:1,True,1,5,True,-0.17391304347826086,0.17391304347826086,1.4823094748770518,True,0,0,4,True,-0.8864718374523609,105.0,375.0,0.0,1.0,0.0,0.0,0.0
2025-01-22 19:20:00+00:00,2025-01-22,2025-01-22:1,True,1,10,True,0.0641025641025641,0.03949986793391335,0.4841870362703903,True,0,0,4,True,-1.082675126924749,100.0,380.0,0.0,1.0,0.0,0.0,0.0
2025-01-22 19:25:00+00:00,2025-01-22,2025-01-22:1,True,0,5,True,0.22178988326848248,0.22178988326848248,-1.894859172518116,True,0,0,4,True,0.8257160829665445,95.0,385.0,1.0,0.0,0.0,0.0,0.0
2025-01-22 19:30:00+00:00,2025-01-22,2025-01-22:1,True,1,5,True,0.34579439252336447,0.03458627168331402,2.3023875259942312,True,0,0,4,True,1.482155494340854,90.0,390.0,0.0,1.0,0.0,0.0,0.0
2025-01-22 19:35:00+00:00,2025-01-22,2025-01-22:1,True,2,5,True,-0.14018691588785046,0.14018691588785046,0.0,True,0,0,4,True,0.0,85.0,395.0,0.0,0.0,1.0,0.0,0.0
2025-01-22 19:40:00+00:00,2025-01-22,2025-01-22:1,True,1,5,True,-0.2691029900332226,0.2691029900332226,0.9209550103984778,True,0,0,4,True,1.403196899456659,80.0,400.0,0.0,1.0,0.0,0.0,0.0
2025-01-22 19:45:00+00:00,2025-01-22,2025-01-22:1,True,1,10,True,-0.3033033033033033,0.3033033033033033,1.733428549380986,True,0,0,4,True,1.0358117549872772,75.0,405.0,0.0,1.0,0.0,0.0,0.0
2025-01-22 19:50:00+00:00,2025-01-22,2025-01-22:1,True,0,5,True,-0.0410958904109589,0.012285015296789664,-1.2075278753695646,True,0,0,4,True,0.5664071773791669,70.0,410.0,1.0,0.0,0.0,0.0,0.0
2025-01-22 19:55:00+00:00,2025-01-22,2025-01-22:1,True,1,5,True,-0.08024691358024691,0.08024691358024691,0.9906689693998756,True,0,0,4,True,-0.12859310497297086,65.0,415.0,0.0,1.0,0.0,0.0,0.0
2025-01-22 20:00:00+00:00,2025-01-22,2025-01-22:1,True,0,5,True,0.19718309859154928,0.19718309859154928,-0.6031431714905809,True,0,0,4,True,0.8991127544143903,60.0,420.0,1.0,0.0,0.0,0.0,0.0
2025-01-22 20:05:00+00:00,2025-01-22,2025-01-22:1,True,0,10,True,0.08814589665653495,0.08814589665653495,-0.20235156772475285,True,0,0,4,True,-0.5163645307187265,55.0,425.0,1.0,0.0,0.0,0.0,0.0
2025-01-22 20:10:00+00:00,2025-01-22,2025-01-22:1,True,0,15,True,0.009584664536741214,0.007888888448019242,0.19470913328988398,True,0,0,4,True,1.3061485736262686,50.0,430.0,1.0,0.0,0.0,0.0,0.0
2025-01-22 20:15:00+00:00,2025-01-22,2025-01-22:1,True,0,20,True,0.19230769230769232,0.1299902751484568,0.39163701228765485,True,0,0,4,True,-0.8757269819788722,45.0,435.0,1.0,0.0,0.0,0.0,0.0
2025-01-22 20:20:00+00:00,2025-01-22,2025-01-22:1,True,0,25,True,0.40524781341107874,0.40524781341107874,-0.1937980630635805,True,0,0,4,True,-2.2261347626801182,40.0,440.0,1.0,0.0,0.0,0.0,0.0
2025-01-22 20:25:00+00:00,2025-01-22,2025-01-22:1,True,0,30,True,0.0136986301369863,0.0136986301369863,-1.4572710734021346,True,0,0,4,True,-0.3651395820783614,35.0,445.0,1.0,0.0,0.0,0.0,0.0
2025-01-22 20:30:00+00:00,2025-01-22,2025-01-22:1,True,0,35,True,0.07301587301587302,0.07301587301587302,0.0,True,0,0,4,True,0.0,30.0,450.0,1.0,0.0,0.0,0.0,0.0
2025-01-22 20:35:00+00:00,2025-01-22,2025-01-22:1,True,0,40,True,0.5689655172413793,0.5689655172413793,-0.1481074059360622,True,0,0,4,True,-0.9626843122093134,25.0,455.0,1.0,0.0,0.0,0.0,0.0
2025-01-22 20:40:00+00:00,2025-01-22,2025-01-22:1,True,0,45,True,0.660574412532637,0.660574412532637,-0.28904961750224234,True,0,0,4,True,1.292669187212491,20.0,460.0,1.0,0.0,0.0,0.0,0.0
2025-01-22 20:45:00+00:00,2025-01-22,2025-01-22:1,True,0,50,True,0.41114058355437666,0.22997804783420495,0.580951348284374,True,0,0,4,True,0.3853384469992212,15.0,465.0,1.0,0.0,0.0,0.0,0.0
2025-01-22 20:50:00+00:00,2025-01-22,2025-01-22:1,True,0,55,True,0.4727272727272727,0.4727272727272727,0.0,True,0,0,4,True,0.0,10.0,470.0,1.0,0.0,0.0,0.0,0.0
2025-01-22 20:55:00+00:00,2025-01-22,2025-01-22:1,True,0,60,True,0.34782608695652173,0.18975719596188623,0.6059572657933576,True,0,0,4,True,0.6774808188859651,5.0,475.0,1.0,0.0,0.0,0.0,0.0
2025-01-22 21:00:00+00:00,2025-01-22,2025-01-22:1,True,0,65,True,0.33557046979865773,0.33557046979865773,-1.186625278896753,True,0,0,4,True,0.0,0.0,480.0,1.0,0.0,0.0,0.0,0.0
2025-01-23 13:00:00+00:00,2025-01-23,2025-01-23:1,False,-1,0,False,,,,False,0,0,0,False,,480.0,0.0,,,,,
2025-01-23 13:05:00+00:00,2025-01-23,2025-01-23:1,False,-1,0,True,-0.18032786885245902,,,False,0,0,0,False,,475.0,5.0,,,,,
2025-01-23 13:10:00+00:00,2025-01-23,2025-01-23:1,False,-1,0,True,-0.3167259786476868,,,False,0,0,0,False,,470.0,10.0,,,,,
2025-01-23 13:15:00+00:00,2025-01-23,2025-01-23:1,False,-1,0,True,0.13360323886639677,,,False,0,0,0,False,,465.0,15.0,,,,,
2025-01-23 13:20:00+00:00,2025-01-23,2025-01-23:1,False,-1,0,True,-0.27586206896551724,,,False,0,0,0,False,,460.0,20.0,,,,,
2025-01-23 13:25:00+00:00,2025-01-23,2025-01-23:1,False,-1,0,True,-0.06070287539936102,,,False,0,0,0,False,,455.0,25.0,,,,,
2025-01-23 13:30:00+00:00,2025-01-23,2025-01-23:1,False,-1,0,True,-0.16932907348242812,,,False,0,0,0,False,,450.0,30.0,,,,,
2025-01-23 13:35:00+00:00,2025-01-23,2025-01-23:1,False,-1,0,True,0.3396825396825397,,,False,0,0,0,False,,445.0,35.0,,,,,
2025-01-23 13:40:00+00:00,2025-01-23,2025-01-23:1,False,-1,0,True,0.40522875816993464,,,False,0,0,0,False,,440.0,40.0,,,,,
2025-01-23 13:45:00+00:00,2025-01-23,2025-01-23:1,False,-1,0,True,0.3837837837837838,,,False,0,0,0,False,,435.0,45.0,,,,,
2025-01-23 13:50:00+00:00,2025-01-23,2025-01-23:1,False,-1,0,True,0.4444444444444444,,,False,0,0,0,False,,430.0,50.0,,,,,
2025-01-23 13:55:00+00:00,2025-01-23,2025-01-23:1,False,-1,0,True,0.44871794871794873,,,False,0,0,0,False,,425.0,55.0,,,,,
2025-01-23 14:00:00+00:00,2025-01-23,2025-01-23:1,False,-1,0,True,0.48125,,,False,0,0,0,False,,420.0,60.0,,,,,
2025-01-23 14:05:00+00:00,2025-01-23,2025-01-23:1,True,3,5,True,0.38591549295774646,0.38591549295774646,-0.7991372169588322,True,0,0,0,False,,415.0,65.0,0.0,0.0,0.0,1.0,0.0
2025-01-23 14:10:00+00:00,2025-01-23,2025-01-23:1,True,4,5,True,0.46357615894039733,0.17932747565562807,0.9497570768866916,True,1,0,0,False,,410.0,70.0,0.0,0.0,0.0,0.0,1.0
2025-01-23 14:15:00+00:00,2025-01-23,2025-01-23:1,True,4,10,True,-0.0027247956403269754,0.0027247956403269754,1.2390187112604378,True,1,0,0,False,,405.0,75.0,0.0,0.0,0.0,0.0,1.0
2025-01-23 14:20:00+00:00,2025-01-23,2025-01-23:1,True,0,5,True,-0.4057507987220447,0.2197997725126009,-0.613022167906108,True,1,0,0,False,,400.0,80.0,1.0,0.0,0.0,0.0,0.0
2025-01-23 14:25:00+00:00,2025-01-23,2025-01-23:1,True,0,10,True,-0.44537815126050423,0.44537815126050423,0.9052317076000079,True,1,0,0,False,,395.0,85.0,1.0,0.0,0.0,0.0,0.0
2025-01-23 14:30:00+00:00,2025-01-23,2025-01-23:1,True,0,15,True,-0.4805194805194805,0.4805194805194805,0.0,True,1,0,0,False,,390.0,90.0,1.0,0.0,0.0,0.0,0.0
2025-01-23 14:35:00+00:00,2025-01-23,2025-01-23:1,True,0,20,True,-0.33568904593639576,0.12903889095425014,-0.9560714337483066,True,0,0,0,False,,385.0,95.0,1.0,0.0,0.0,0.0,0.0
2025-01-23 14:40:00+00:00,2025-01-23,2025-01-23:1,True,0,25,True,-0.37669376693766937,0.37669376693766937,0.0,True,0,0,0,False,,380.0,100.0,1.0,0.0,0.0,0.0,0.0
2025-01-23 14:45:00+00:00,2025-01-23,2025-01-23:1,True,0,30,True,-0.24067796610169492,0.24067796610169492,0.3473312217977958,True,0,0,0,False,,375.0,105.0,1.0,0.0,0.0,0.0,0.0
2025-01-23 14:50:00+00:00,2025-01-23,2025-01-23:1,True,0,35,True,-0.11036789297658862,0.07632475850645687,-0.3688218924582822,True,0,0,0,False,,370.0,110.0,1.0,0.0,0.0,0.0,0.0
2025-01-23 14:55:00+00:00,2025-01-23,2025-01-23:1,True,3,5,True,0.112,0.112,-0.8475142406205374,True,0,0,0,False,,365.0,115.0,0.0,0.0,0.0,1.0,0.0
2025-01-23 15:00:00+00:00,2025-01-23,2025-01-23:1,True,3,10,True,0.30491803278688523,0.30491803278688523,-0.8817225359651085,True,0,0,0,False,,360.0,120.0,0.0,0.0,0.0,1.0,0.0
2025-01-23 15:05:00+00:00,2025-01-23,2025-01-23:1,True,3,15,True,-0.051470588235294115,0.012232132241017454,-1.436944262662323,True,0,0,0,True,0.0,355.0,125.0,0.0,0.0,0.0,1.0,0.0
2025-01-23 15:10:00+00:00,2025-01-23,2025-01-23:1,True,4,5,True,0.3468208092485549,0.21329703928916996,0.486122501826333,True,1,0,0,True,-0.5162962835247586,350.0,130.0,0.0,0.0,0.0,0.0,1.0
2025-01-23 15:15:00+00:00,2025-01-23,2025-01-23:1,True,4,10,True,0.3501259445843829,0.2125864860653543,0.4989440326117281,True,1,0,0,True,0.5331780936115157,345.0,135.0,0.0,0.0,0.0,0.0,1.0
2025-01-23 15:20:00+00:00,2025-01-23,2025-01-23:1,True,3,5,True,-0.25773195876288657,0.0939357405985638,-1.0093091874988342,True,0,1,1,True,1.1284419767844442,340.0,140.0,0.0,0.0,0.0,1.0,0.0
2025-01-23 15:25:00+00:00,2025-01-23,2025-01-23:1,True,4,5,True,0.17192982456140352,0.17192982456140352,0.0,True,0,0,1,True,0.0,335.0,145.0,0.0,0.0,0.0,0.0,1.0
2025-01-23 15:30:00+00:00,2025-01-23,2025-01-23:1,True,3,5,True,0.3285024154589372,0.3285024154589372,-8.407707629427176,True,0,0,1,True,-14.700165263584829,330.0,150.0,0.0,0.0,0.0,1.0,0.0
2025-01-23 15:35:00+00:00,2025-01-23,2025-01-23:1,True,4,5,True,0.6624040920716112,0.11778665768918373,1.72700077829431,True,1,0,1,True,1.5446764549844483,325.0,155.0,0.0,0.0,0.0,0.0,1.0
2025-01-23 15:40:00+00:00,2025-01-23,2025-01-23:1,True,0,5,True,0.36716417910447763,0.15183667866469222,0.8830036418224648,True,1,0,1,True,0.49361404187337615,320.0,160.0,1.0,0.0,0.0,0.0,0.0
2025-01-23 15:45:00+00:00,2025-01-23,2025-01-23:1,True,0,10,True,0.028409090909090908,0.022833283485756188,0.21848992288596703,True,1,0,1,True,0.5377666604331685,315.0,165.0,1.0,0.0,0.0,0.0,0.0
2025-01-23 15:50:00+00:00,2025-01-23,2025-01-23:1,True,0,15,True,0.24924924924924924,0.11836290888799665,0.7446979929545896,True,1,0,1,True,0.17025356152540877,310.0,170.0,1.0,0.0,0.0,0.0,0.0
2025-01-23 15:55:00+00:00,2025-01-23,2025-01-23:1,True,0,20,True,0.02564102564102564,0.00904977762243846,1.0414534475488024,True,1,0,1,True,0.0,305.0,175.0,1.0,0.0,0.0,0.0,0.0
2025-01-23 16:00:00+00:00,2025-01-23,2025-01-23:1,True,2,5,True,-0.17302052785923755,0.09396991526411938,-0.6104355649430985,True,0,0,1,True,-0.9099836127312683,300.0,180.0,0.0,0.0,1.0,0.0,0.0
2025-01-23 16:05:00+00:00,2025-01-23,2025-01-23:1,True,2,10,True,-0.09859154929577464,0.08046780397349322,-0.20312839721304193,True,0,0,1,True,0.0,295.0,185.0,0.0,0.0,1.0,0.0,0.0
2025-01-23 16:10:00+00:00,2025-01-23,2025-01-23:1,True,0,5,True,0.022653721682847898,0.022653721682847898,-0.4035379161244175,True,0,0,1,True,0.2682124146697447,290.0,190.0,1.0,0.0,0.0,0.0,0.0
2025-01-23 16:15:00+00:00,2025-01-23,2025-01-23:1,True,0,10,True,0.06493506493506493,0.029057183494165868,0.8041220364834359,True,0,0,1,True,0.18658012560203371,285.0,195.0,1.0,0.0,0.0,0.0,0.0
2025-01-23 16:20:00+00:00,2025-01-23,2025-01-23:1,True,0,15,True,0.24661246612466126,0.24661246612466126,-0.5023791622759365,True,0,0,1,True,0.25915881297433807,280.0,200.0,1.0,0.0,0.0,0.0,0.0
2025-01-23 16:25:00+00:00,2025-01-23,2025-01-23:1,True,0,20,True,0.3240223463687151,0.19606246774006778,0.5023791622759411,True,0,0,1,True,0.6740123743975522,275.0,205.0,1.0,0.0,0.0,0.0,0.0
2025-01-23 16:30:00+00:00,2025-01-23,2025-01-23:1,True,0,25,True,-0.13898305084745763,0.13898305084745763,0.4054071307643495,True,0,0,1,True,0.1476399567928144,270.0,210.0,1.0,0.0,0.0,0.0,0.0
2025-01-23 16:35:00+00:00,2025-01-23,2025-01-23:1,True,0,30,True,-0.40253164556962023,0.40253164556962023,0.0,True,0,0,1,True,0.0,265.0,215.0,1.0,0.0,0.0,0.0,0.0
2025-01-23 16:40:00+00:00,2025-01-23,2025-01-23:1,True,1,5,True,-0.18151815181518152,0.18151815181518152,0.3600070171549878,True,0,0,1,True,0.0,260.0,220.0,0.0,1.0,0.0,0.0,0.0
2025-01-23 16:45:00+00:00,2025-01-23,2025-01-23:1,True,0,5,True,-0.20958083832335328,0.0834334817862708,-0.9210598389866701,True,0,0,1,True,0.17231473533305605,255.0,225.0,1.0,0.0,0.0,0.0,0.0
2025-01-23 16:50:00+00:00,2025-01-23,2025-01-23:1,True,0,10,True,-0.2727272727272727,0.14737447355228314,-0.6154955081650427,True,0,0,1,True,-1.1750208304964007,250.0,230.0,1.0,0.0,0.0,0.0,0.0
2025-01-23 16:55:00+00:00,2025-01-23,2025-01-23:1,True,0,15,True,-0.23076923076923078,0.23076923076923078,0.0,True,0,0,1,True,-1.1603216128201168,245.0,235.0,1.0,0.0,0.0,0.0,0.0
2025-01-23 17:00:00+00:00,2025-01-23,2025-01-23:1,True,3,5,True,-0.36533333333333334,0.09484984039528531,-1.348515165166777,True,0,0,1,True,1.0051238593331377,240.0,240.0,0.0,0.0,0.0,1.0,0.0
2025-01-23 17:05:00+00:00,2025-01-23,2025-01-23:1,True,3,10,True,-0.1503267973856209,0.09456997910379387,-0.463471493451655,True,0,0,1,True,-0.30272457815773707,235.0,245.0,0.0,0.0,0.0,1.0,0.0
2025-01-23 17:10:00+00:00,2025-01-23,2025-01-23:1,True,4,5,True,0.05573770491803279,0.05573770491803279,0.0,True,0,0,1,True,-0.2825288352429389,230.0,250.0,0.0,0.0,0.0,0.0,1.0
2025-01-23 17:15:00+00:00,2025-01-23,2025-01-23:1,True,0,5,True,0.0728476821192053,0.029520859470189474,0.9032736008133234,True,0,0,1,True,1.0098905868512353,225.0,255.0,1.0,0.0,0.0,0.0,0.0
2025-01-23 17:20:00+00:00,2025-01-23,2025-01-23:1,True,0,10,True,-0.3633440514469453,0.3633440514469453,0.0,True,0,0,1,True,0.0,220.0,260.0,1.0,0.0,0.0,0.0,0.0
2025-01-23 17:25:00+00:00,2025-01-23,2025-01-23:1,True,0,15,True,-0.04153354632587859,0.04153354632587859,0.47298451710803624,True,0,0,1,True,0.0,215.0,265.0,1.0,0.0,0.0,0.0,0.0
2025-01-23 17:30:00+00:00,2025-01-23,2025-01-23:1,True,0,20,True,0.2413793103448276,0.2413793103448276,-0.46431750235792224,True,0,0,1,True,0.0,210.0,270.0,1.0,0.0,0.0,0.0,0.0
2025-01-23 17:35:00+00:00,2025-01-23,2025-01-23:1,True,0,25,True,0.1838006230529595,0.11170591767097622,0.49798191683194404,True,0,0,1,True,1.1135214176018737,205.0,275.0,1.0,0.0,0.0,0.0,0.0
2025-01-23 17:40:00+00:00,2025-01-23,2025-01-23:1,True,1,5,True,-0.31693989071038253,0.31693989071038253,0.4937627495996091,True,0,0,1,True,1.5765629263406593,200.0,280.0,0.0,1.0,0.0,0.0,0.0
2025-01-23 17:45:00+00:00,2025-01-23,2025-01-23:1,True,0,5,True,-0.02702702702702703,0.01049350213906058,-0.9460811446363487,True,0,0,1,True,0.0,195.0,285.0,1.0,0.0,0.0,0.0,0.0
2025-01-23 17:50:00+00:00,2025-01-23,2025-01-23:1,True,0,10,True,-0.17543859649122806,0.17543859649122806,0.4747693352362553,True,0,0,1,True,0.0,190.0,290.0,1.0,0.0,0.0,0.0,0.0
2025-01-23 17:55:00+00:00,2025-01-23,2025-01-23:1,True,0,15,True,0.11182108626198083,0.11182108626198083,-1.5024556995272247,True,0,0,1,True,-0.5621626914975467,185.0,295.0,1.0,0.0,0.0,0.0,0.0
2025-01-23 18:00:00+00:00,2025-01-23,2025-01-23:1,True,0,20,True,-0.3301204819277108,0.3301204819277108,1.0357254813554275,True,0,0,1,True,1.739227832132825,180.0,300.0,1.0,0.0,0.0,0.0,0.0
2025-01-23 18:05:00+00:00,2025-01-23,2025-01-23:1,True,0,25,True,0.1972318339100346,0.03441188012221073,1.7459780015554658,True,0,0,1,True,2.272580692641689,175.0,305.0,1.0,0.0,0.0,0.0,0.0
2025-01-23 18:10:00+00:00,2025-01-23,2025-01-23:1,True,0,30,True,0.4301994301994302,0.4301994301994302,0.0,True,0,0,1,True,0.0,170.0,310.0,1.0,0.0,0.0,0.0,0.0
2025-01-23 18:15:00+00:00,2025-01-23,2025-01-23:1,True,0,35,True,0.5075987841945289,0.5075987841945289,-1.6308829789145174,True,0,0,1,True,0.670109828826465,165.0,315.0,1.0,0.0,0.0,0.0,0.0
2025-01-23 18:20:00+00:00,2025-01-23,2025-01-23:1,True,0,40,True,0.4362745098039216,0.05902999047296241,2.0002260270106245,True,0,0,1,True,0.2817761488955515,160.0,320.0,1.0,0.0,0.0,0.0,0.0
2025-01-23 18:25:00+00:00,2025-01-23,2025-01-23:1,True,1,5,True,0.4235294117647059,0.18994183094227549,0.801905088597214,True,0,0,1,True,-0.6116412033064224,155.0,325.0,0.0,1.0,0.0,0.0,0.0
2025-01-23 18:30:00+00:00,2025-01-23,2025-01-23:1,True,1,10,True,-0.10738255033557047,0.10738255033557047,1.6464192475905957,True,0,0,1,True,1.2667326603176352,150.0,330.0,0.0,1.0,0.0,0.0,0.0
2025-01-23 18:35:00+00:00,2025-01-23,2025-01-23:1,True,2,5,True,-0.028938906752411574,0.013135218977506505,-0.7898898498420298,True,0,0,1,True,-0.5583145942344977,145.0,335.0,0.0,0.0,1.0,0.0,0.0
2025-01-23 18:40:00+00:00,2025-01-23,2025-01-23:1,True,1,5,True,-0.16025641025641027,0.16025641025641027,1.1806801802483426,True,0,0,1,True,-0.8800270475765007,140.0,340.0,0.0,1.0,0.0,0.0,0.0
2025-01-23 18:45:00+00:00,2025-01-23,2025-01-23:1,True,2,5,True,-0.28313253012048195,0.18939213323045068,-0.4020954476603792,True,0,0,1,True,0.0,135.0,345.0,0.0,0.0,1.0,0.0,0.0
2025-01-23 18:50:00+00:00,2025-01-23,2025-01-23:1,True,0,5,True,-0.4622356495468278,0.13910936709536903,-1.200814387606648,True,0,0,1,True,-1.790068399366345,130.0,350.0,1.0,0.0,0.0,0.0,0.0
2025-01-23 18:55:00+00:00,2025-01-23,2025-01-23:1,True,0,10,True,-0.5652173913043478,0.3820583739148053,-0.3916370122871037,True,0,0,1,True,0.0,125.0,355.0,1.0,0.0,0.0,0.0,0.0
2025-01-23 19:00:00+00:00,2025-01-23,2025-01-23:1,True,3,5,True,-0.4226190476190476,0.285669104671647,-0.3916370122871037,True,0,0,1,True,0.0,120.0,360.0,0.0,0.0,0.0,1.0,0.0
2025-01-23 19:05:00+00:00,2025-01-23,2025-01-23:1,True,3,10,True,-0.4789473684210526,0.1357997736070811,-1.260409165320736,True,0,0,1,True,-0.9394535243727554,115.0,365.0,0.0,0.0,0.0,1.0,0.0
2025-01-23 19:10:00+00:00,2025-01-23,2025-01-23:1,True,4,5,True,-0.3236994219653179,0.3236994219653179,0.4550583402261545,True,1,0,1,True,0.5575880016199631,110.0,370.0,0.0,0.0,0.0,0.0,1.0
2025-01-23 19:15:00+00:00,2025-01-23,2025-01-23:1,True,4,10,True,-0.35384615384615387,0.35384615384615387,0.4928302412138978,True,0,0,1,True,0.0,105.0,375.0,0.0,0.0,0.0,0.0,1.0
2025-01-23 19:20:00+00:00,2025-01-23,2025-01-23:1,True,3,5,True,-0.3524355300859599,0.21351693431507296,-0.5011515649939234,True,0,0,1,True,1.1206089663568168,100.0,380.0,0.0,0.0,0.0,1.0,0.0
2025-01-23 19:25:00+00:00,2025-01-23,2025-01-23:1,True,3,10,True,-0.41711229946524064,0.15875742320608358,-0.96597809178429,True,0,0,1,True,0.0,95.0,385.0,0.0,0.0,0.0,1.0,0.0
2025-01-23 19:30:00+00:00,2025-01-23,2025-01-23:1,True,3,15,True,-0.22408026755852842,0.04300198718667231,-1.6507579967131296,True,0,0,1,True,0.5595068116443255,90.0,390.0,0.0,0.0,0.0,1.0,0.0
2025-01-23 19:35:00+00:00,2025-01-23,2025-01-23:1,True,3,20,True,0.01730103806228374,0.01730103806228374,-1.155527765838396,True,0,0,1,True,1.0335354537200703,85.0,395.0,0.0,0.0,0.0,1.0,0.0
2025-01-23 19:40:00+00:00,2025-01-23,2025-01-23:1,True,3,25,True,-0.56656346749226,0.2746651462919394,-0.7240364027197403,True,0,0,1,True,-1.079329743110502,80.0,400.0,0.0,0.0,0.0,1.0,0.0
2025-01-23 19:45:00+00:00,2025-01-23,2025-01-23:1,True,3,30,True,-0.3627760252365931,0.11435441067188362,-1.1544831420607742,True,0,0,1,True,0.4933010527485797,75.0,405.0,0.0,0.0,0.0,1.0,0.0
2025-01-23 19:50:00+00:00,2025-01-23,2025-01-23:1,True,4,5,True,-0.48366013071895425,0.48366013071895425,0.9131934414380128,True,1,0,1,True,2.0419626116623704,70.0,410.0,0.0,0.0,0.0,0.0,1.0
2025-01-23 19:55:00+00:00,2025-01-23,2025-01-23:1,True,3,5,True,-0.23404255319148937,0.14800058867000768,-0.4582866988141924,True,1,0,1,True,-1.0247602117325065,65.0,415.0,0.0,0.0,0.0,1.0,0.0
2025-01-23 20:00:00+00:00,2025-01-23,2025-01-23:1,True,4,5,True,-0.38860103626943004,0.38860103626943004,0.0,True,1,0,1,True,-0.9631578042973074,60.0,420.0,0.0,0.0,0.0,0.0,1.0
2025-01-23 20:05:00+00:00,2025-01-23,2025-01-23:1,True,3,5,True,-0.1891891891891892,0.024190343446556746,-2.056793992998712,True,0,1,2,True,-0.49453486835307275,55.0,425.0,0.0,0.0,0.0,1.0,0.0
2025-01-23 20:10:00+00:00,2025-01-23,2025-01-23:1,True,4,5,True,0.06097560975609756,0.0269394748357923,0.8168812672056424,True,1,0,2,True,0.42732667567299043,50.0,430.0,0.0,0.0,0.0,0.0,1.0
2025-01-23 20:15:00+00:00,2025-01-23,2025-01-23:1,True,0,5,True,-0.09144542772861357,0.09144542772861357,0.7947194142395024,True,1,0,2,True,0.8885233166379082,45.0,435.0,1.0,0.0,0.0,0.0,0.0
2025-01-23 20:20:00+00:00,2025-01-23,2025-01-23:1,True,0,10,True,-0.14457831325301204,0.14457831325301204,0.38812149885326025,True,1,0,2,True,-0.44090790276187236,40.0,440.0,1.0,0.0,0.0,0.0,0.0
2025-01-23 20:25:00+00:00,2025-01-23,2025-01-23:1,True,0,15,True,0.050746268656716415,0.050746268656716415,0.0,True,1,0,2,True,-1.3133791320841908,35.0,445.0,1.0,0.0,0.0,0.0,0.0
2025-01-23 20:30:00+00:00,2025-01-23,2025-01-23:1,True,0,20,True,-0.3184713375796178,0.3184713375796178,0.0,True,1,0,2,True,0.38463526733682185,30.0,450.0,1.0,0.0,0.0,0.0,0.0
2025-01-23 20:35:00+00:00,2025-01-23,2025-01-23:1,True,0,25,True,-0.7086834733893558,0.48178506460277626,-0.38591089539374895,True,0,0,2,True,0.45818813763856164,25.0,455.0,1.0,0.0,0.0,0.0,0.0
2025-01-23 20:40:00+00:00,2025-01-23,2025-01-23:1,True,0,30,True,-0.5833333333333334,0.5833333333333334,0.0,True,0,0,2,True,0.0,20.0,460.0,1.0,0.0,0.0,0.0,0.0
2025-01-23 20:45:00+00:00,2025-01-23,2025-01-23:1,True,0,35,True,-0.5452054794520548,0.1872516003842507,-1.0687095809849576,True,0,0,2,True,-0.7965690904284728,15.0,465.0,1.0,0.0,0.0,0.0,0.0
2025-01-23 20:50:00+00:00,2025-01-23,2025-01-23:1,True,3,5,True,-0.1891891891891892,0.06998981982280753,-0.9943977150227448,True,0,0,2,True,0.0,10.0,470.0,0.0,0.0,0.0,1.0,0.0
2025-01-23 20:55:00+00:00,2025-01-23,2025-01-23:1,True,4,5,True,-0.05925925925925926,0.05925925925925926,0.0,True,0,0,2,True,1.1363665916694436,5.0,475.0,0.0,0.0,0.0,0.0,1.0
2025-01-23 21:00:00+00:00,2025-01-23,2025-01-23:1,True,3,5,True,-0.28654970760233917,0.08991457409903642,-1.1590519776906465,True,0,0,2,True,0.7874382789268979,0.0,480.0,0.0,0.0,0.0,1.0,0.0
2025-01-24 13:00:00+00:00,2025-01-24,2025-01-24:1,False,-1,0,False,,,,False,0,0,0,False,,480.0,0.0,,,,,
2025-01-24 13:05:00+00:00,2025-01-24,2025-01-24:1,False,-1,0,True,0.03536977491961415,,,False,0,0,0,False,,475.0,5.0,,,,,
2025-01-24 13:10:00+00:00,2025-01-24,2025-01-24:1,False,-1,0,True,-0.12857142857142856,,,False,0,0,0,False,,470.0,10.0,,,,,
2025-01-24 13:15:00+00:00,2025-01-24,2025-01-24:1,False,-1,0,True,-0.20851063829787234,,,False,0,0,0,False,,465.0,15.0,,,,,
2025-01-24 13:20:00+00:00,2025-01-24,2025-01-24:1,False,-1,0,True,0.14788732394366197,,,False,0,0,0,False,,460.0,20.0,,,,,
2025-01-24 13:25:00+00:00,2025-01-24,2025-01-24:1,False,-1,0,True,0.12318840579710146,,,False,0,0,0,False,,455.0,25.0,,,,,
2025-01-24 13:30:00+00:00,2025-01-24,2025-01-24:1,False,-1,0,True,0.480719794344473,,,False,0,0,0,False,,450.0,30.0,,,,,
2025-01-24 13:35:00+00:00,2025-01-24,2025-01-24:1,False,-1,0,True,0.8982300884955752,,,False,0,0,0,False,,445.0,35.0,,,,,
2025-01-24 13:40:00+00:00,2025-01-24,2025-01-24:1,False,-1,0,True,0.9232876712328767,,,False,0,0,0,False,,440.0,40.0,,,,,
2025-01-24 13:45:00+00:00,2025-01-24,2025-01-24:1,False,-1,0,True,0.8888888888888888,,,False,0,0,0,False,,435.0,45.0,,,,,
2025-01-24 13:50:00+00:00,2025-01-24,2025-01-24:1,False,-1,0,True,0.9120879120879121,,,False,0,0,0,False,,430.0,50.0,,,,,
2025-01-24 13:55:00+00:00,2025-01-24,2025-01-24:1,False,-1,0,True,0.9340659340659341,,,False,0,0,0,False,,425.0,55.0,,,,,
2025-01-24 14:00:00+00:00,2025-01-24,2025-01-24:1,False,-1,0,True,0.8766066838046273,,,False,0,0,0,False,,420.0,60.0,,,,,
2025-01-24 14:05:00+00:00,2025-01-24,2025-01-24:1,True,1,5,True,0.8730853391684902,0.2068500743902777,1.4400390524365134,True,0,0,0,False,,415.0,65.0,0.0,1.0,0.0,0.0,0.0
2025-01-24 14:10:00+00:00,2025-01-24,2025-01-24:1,True,1,10,True,0.8028169014084507,0.1880497478184884,1.4514201258942867,True,0,0,0,False,,410.0,70.0,0.0,1.0,0.0,0.0,0.0
2025-01-24 14:15:00+00:00,2025-01-24,2025-01-24:1,True,1,15,True,0.5170454545454546,0.04561569076965654,2.4278790373020853,True,0,0,0,False,,405.0,75.0,0.0,1.0,0.0,0.0,0.0
2025-01-24 14:20:00+00:00,2025-01-24,2025-01-24:1,True,2,5,True,0.6571428571428571,0.5147788998582074,0.24416394560631355,True,0,0,0,False,,400.0,80.0,0.0,0.0,1.0,0.0,0.0
2025-01-24 14:25:00+00:00,2025-01-24,2025-01-24:1,True,1,5,True,0.8055555555555556,0.2677836667615532,1.1013527295502488,True,0,0,0,False,,395.0,85.0,0.0,1.0,0.0,0.0,0.0
2025-01-24 14:30:00+00:00,2025-01-24,2025-01-24:1,True,2,5,True,0.7650130548302873,0.7650130548302873,0.0,True,0,0,0,False,,390.0,90.0,0.0,0.0,1.0,0.0,0.0
2025-01-24 14:35:00+00:00,2025-01-24,2025-01-24:1,True,1,5,True,0.6771084337349398,0.18715811829827977,1.285877616111424,True,0,0,0,False,,385.0,95.0,0.0,1.0,0.0,0.0,0.0
2025-01-24 14:40:00+00:00,2025-01-24,2025-01-24:1,True,1,10,True,0.4822888283378747,0.06177265269822533,2.0550824099492107,True,0,0,0,False,,380.0,100.0,0.0,1.0,0.0,0.0,0.0
2025-01-24 14:45:00+00:00,2025-01-24,2025-01-24:1,True,2,5,True,0.5143769968051118,0.5143769968051118,0.0,True,0,0,0,False,,375.0,105.0,0.0,0.0,1.0,0.0,0.0
2025-01-24 14:50:00+00:00,2025-01-24,2025-01-24:1,True,1,5,True,0.6628571428571428,0.11423246767471089,1.7583239339674372,True,0,0,0,False,,370.0,110.0,0.0,1.0,0.0,0.0,0.0
2025-01-24 14:55:00+00:00,2025-01-24,2025-01-24:1,True,0,5,True,0.692722371967655,0.692722371967655,-2.677479092202334,True,0,0,0,False,,365.0,115.0,1.0,0.0,0.0,0.0,0.0
2025-01-24 15:00:00+00:00,2025-01-24,2025-01-24:1,True,0,10,True,0.5873015873015873,0.5873015873015873,-0.5170066675482079,True,0,0,0,False,,360.0,120.0,1.0,0.0,0.0,0.0,0.0
2025-01-24 15:05:00+00:00,2025-01-24,2025-01-24:1,True,0,15,True,0.44410876132930516,0.44410876132930516,-1.0084480213662477,True,0,0,0,True,0.0,355.0,125.0,1.0,0.0,0.0,0.0,0.0
2025-01-24 15:10:00+00:00,2025-01-24,2025-01-24:1,True,4,5,True,0.6883116883116883,0.6883116883116883,0.0,True,0,0,0,True,-1.1356649807649923,350.0,130.0,0.0,0.0,0.0,0.0,1.0
2025-01-24 15:15:00+00:00,2025-01-24,2025-01-24:1,True,4,10,True,0.5885167464114832,0.36534410080156376,0.4767657309872315,True,0,0,0,True,0.0,345.0,135.0,0.0,0.0,0.0,0.0,1.0
2025-01-24 15:20:00+00:00,2025-01-24,2025-01-24:1,True,3,5,True,0.44297082228116713,0.44297082228116713,-1.3740960163729339,True,0,0,0,True,0.0,340.0,140.0,0.0,0.0,0.0,1.0,0.0
2025-01-24 15:25:00+00:00,2025-01-24,2025-01-24:1,True,3,10,True,0.6428571428571429,0.6428571428571429,-1.7256645042045393,True,0,0,0,True,0.0,335.0,145.0,0.0,0.0,0.0,1.0,0.0
2025-01-24 15:30:00+00:00,2025-01-24,2025-01-24:1,True,3,15,True,0.4782608695652174,0.4782608695652174,-0.4065293426583914,True,0,0,0,True,-1.8134189054086616,330.0,150.0,0.0,0.0,0.0,1.0,0.0
2025-01-24 15:35:00+00:00,2025-01-24,2025-01-24:1,True,3,20,True,0.6624685138539043,0.6624685138539043,-1.400989749152557,True,0,0,0,True,-0.8547105528450267,325.0,155.0,0.0,0.0,0.0,1.0,0.0
2025-01-24 15:40:00+00:00,2025-01-24,2025-01-24:1,True,3,25,True,0.6414565826330533,0.6414565826330533,-1.151123139118565,True,0,0,0,True,-0.3308780404026812,320.0,160.0,0.0,0.0,0.0,1.0,0.0
2025-01-24 15:45:00+00:00,2025-01-24,2025-01-24:1,True,3,30,True,0.6685714285714286,0.6685714285714286,-1.3463409259609942,True,0,0,0,True,-0.8601456660985446,315.0,165.0,0.0,0.0,0.0,1.0,0.0
2025-01-24 15:50:00+00:00,2025-01-24,2025-01-24:1,True,4,5,True,0.7074626865671642,0.08070999035081498,2.170822524509701,True,1,0,0,True,1.3016633778636497,310.0,170.0,0.0,0.0,0.0,0.0,1.0
2025-01-24 15:55:00+00:00,2025-01-24,2025-01-24:1,True,0,5,True,0.665158371040724,0.37277539815920074,0.5790490756714861,True,0,0,0,True,-0.8631953970049395,305.0,175.0,1.0,0.0,0.0,0.0,0.0
2025-01-24 16:00:00+00:00,2025-01-24,2025-01-24:1,True,3,5,True,0.5264797507788161,0.5264797507788161,-0.7669172013783675,True,0,0,0,True,-0.4844500237807073,300.0,180.0,0.0,0.0,0.0,1.0,0.0
2025-01-24 16:05:00+00:00,2025-01-24,2025-01-24:1,True,0,5,True,0.49710982658959535,0.13299581997988305,1.3184932817326884,True,0,0,0,True,0.875295678128282,295.0,185.0,1.0,0.0,0.0,0.0,0.0
2025-01-24 16:10:00+00:00,2025-01-24,2025-01-24:1,True,2,5,True,0.22816901408450704,0.22816901408450704,0.0,True,0,0,0,True,0.4330412086233436,290.0,190.0,0.0,0.0,1.0,0.0,0.0
2025-01-24 16:15:00+00:00,2025-01-24,2025-01-24:1,True,2,10,True,0.3391304347826087,0.3391304347826087,-0.4022907149110675,True,0,0,0,True,0.0,285.0,195.0,0.0,0.0,1.0,0.0,0.0
2025-01-24 16:20:00+00:00,2025-01-24,2025-01-24:1,True,0,5,True,-0.0028011204481792717,0.0015866698796901248,-0.5683820926145449,True,0,0,0,True,-2.1591043951544293,280.0,200.0,1.0,0.0,0.0,0.0,0.0
2025-01-24 16:25:00+00:00,2025-01-24,2025-01-24:1,True,0,10,True,0.12536443148688048,0.03985012931264284,1.1460992972940367,True,0,0,0,True,0.4312753794225521,275.0,205.0,1.0,0.0,0.0,0.0,0.0
2025-01-24 16:30:00+00:00,2025-01-24,2025-01-24:1,True,0,15,True,0.4985754985754986,0.4985754985754986,-1.177592756755013,True,0,0,0,True,-0.40391821673493666,270.0,210.0,1.0,0.0,0.0,0.0,0.0
2025-01-24 16:35:00+00:00,2025-01-24,2025-01-24:1,True,0,20,True,0.521505376344086,0.521505376344086,-0.6075292187386676,True,0,0,0,True,0.0,265.0,215.0,1.0,0.0,0.0,0.0,0.0
2025-01-24 16:40:00+00:00,2025-01-24,2025-01-24:1,True,3,5,True,0.08227848101265822,0.08227848101265822,-0.4510524092196787,True,0,0,0,True,-1.0085838484302545,260.0,220.0,0.0,0.0,0.0,1.0,0.0
2025-01-24 16:45:00+00:00,2025-01-24,2025-01-24:1,True,0,5,True,0.007352941176470588,0.004618110022500968,0.46511485788971,True,0,0,0,True,0.3351566690727572,255.0,225.0,1.0,0.0,0.0,0.0,0.0
2025-01-24 16:50:00+00:00,2025-01-24,2025-01-24:1,True,0,10,True,0.18624641833810887,0.18624641833810887,-0.49333822648092185,True,0,0,0,True,-1.1031378103105283,250.0,230.0,1.0,0.0,0.0,0.0,0.0
2025-01-24 16:55:00+00:00,2025-01-24,2025-01-24:1,True,3,5,True,-0.43884892086330934,0.16568355207360586,-0.9740755538045855,True,0,0,0,True,-1.0890495767639037,245.0,235.0,0.0,0.0,0.0,1.0,0.0
2025-01-24 17:00:00+00:00,2025-01-24,2025-01-24:1,True,3,10,True,-0.3447098976109215,0.21343519836104985,-0.47936992076648066,True,0,0,0,True,-1.607855593802285,240.0,240.0,0.0,0.0,0.0,1.0,0.0
2025-01-24 17:05:00+00:00,2025-01-24,2025-01-24:1,True,3,15,True,-0.2316715542521994,0.027983529233107596,-2.11370455874718,True,0,0,0,True,-1.0503082394934087,235.0,245.0,0.0,0.0,0.0,1.0,0.0
2025-01-24 17:10:00+00:00,2025-01-24,2025-01-24:1,True,3,20,True,0.09580838323353294,0.09580838323353294,-1.7562281598347749,True,0,0,0,True,0.0,230.0,250.0,0.0,0.0,0.0,1.0,0.0
2025-01-24 17:15:00+00:00,2025-01-24,2025-01-24:1,True,4,5,True,-0.05755395683453238,0.05755395683453238,1.0321038341694475,True,1,0,0,True,0.9231417332179963,225.0,255.0,0.0,0.0,0.0,0.0,1.0
2025-01-24 17:20:00+00:00,2025-01-24,2025-01-24:1,True,4,10,True,-0.0440251572327044,0.0440251572327044,1.627114682823617,True,1,0,0,True,-1.3276306102740356,220.0,260.0,0.0,0.0,0.0,0.0,1.0
2025-01-24 17:25:00+00:00,2025-01-24,2025-01-24:1,True,0,5,True,0.018518518518518517,0.012860093085273246,0.36464227527741294,True,1,0,0,True,1.2590341134403438,215.0,265.0,1.0,0.0,0.0,0.0,0.0
2025-01-24 17:30:00+00:00,2025-01-24,2025-01-24:1,True,3,5,True,0.16932907348242812,0.16932907348242812,-1.8923105782419394,True,0,1,1,True,0.7693336522728638,210.0,270.0,0.0,0.0,0.0,1.0,0.0
2025-01-24 17:35:00+00:00,2025-01-24,2025-01-24:1,True,0,5,True,0.2072072072072072,0.2072072072072072,-0.32208704373046015,True,0,0,1,True,-1.4404170489044659,205.0,275.0,1.0,0.0,0.0,0.0,0.0
2025-01-24 17:40:00+00:00,2025-01-24,2025-01-24:1,True,0,10,True,-0.36615384615384616,0.19668305657984278,-0.6214600064631635,True,0,0,1,True,0.0,200.0,280.0,1.0,0.0,0.0,0.0,0.0
2025-01-24 17:45:00+00:00,2025-01-24,2025-01-24:1,True,3,5,True,-0.5397727272727273,0.15534955878401466,-1.2454703798510243,True,0,0,1,True,-0.6962391083283331,195.0,285.0,0.0,0.0,0.0,1.0,0.0
2025-01-24 17:50:00+00:00,2025-01-24,2025-01-24:1,True,4,5,True,-0.35135135135135137,0.2581357802378324,-0.3083009973229795,True,0,0,1,True,-0.689381987545163,190.0,290.0,0.0,0.0,0.0,0.0,1.0
2025-01-24 17:55:00+00:00,2025-01-24,2025-01-24:1,True,4,10,True,-0.48633879781420764,0.48633879781420764,0.0,True,0,0,1,True,-1.1656177797514637,185.0,295.0,0.0,0.0,0.0,0.0,1.0
2025-01-24 18:00:00+00:00,2025-01-24,2025-01-24:1,True,3,5,True,0.09037900874635568,0.09037900874635568,-0.765871304279875,True,0,0,1,True,-1.2563027158546185,180.0,300.0,0.0,0.0,0.0,1.0,0.0
2025-01-24 18:05:00+00:00,2025-01-24,2025-01-24:1,True,3,10,True,0.7994987468671679,0.7994987468671679,-0.4246781518374476,True,0,0,1,True,0.9496092160693095,175.0,305.0,0.0,0.0,0.0,1.0,0.0
2025-01-24 18:10:00+00:00,2025-01-24,2025-01-24:1,True,4,5,True,0.8450704225352113,0.8450704225352113,0.0,True,0,0,1,True,-0.6342857757172184,170.0,310.0,0.0,0.0,0.0,0.0,1.0
2025-01-24 18:15:00+00:00,2025-01-24,2025-01-24:1,True,0,5,True,0.6803874092009685,0.10120818965407591,1.9054826763402386,True,0,0,1,True,0.6086841134630777,165.0,315.0,1.0,0.0,0.0,0.0,0.0
2025-01-24 18:20:00+00:00,2025-01-24,2025-01-24:1,True,0,10,True,0.851685393258427,0.851685393258427,0.0,True,0,0,1,True,0.0,160.0,320.0,1.0,0.0,0.0,0.0,0.0
2025-01-24 18:25:00+00:00,2025-01-24,2025-01-24:1,True,1,5,True,0.7325227963525835,0.1612845457304176,1.513324291889165,True,0,0,1,True,0.7919356120436084,155.0,325.0,0.0,1.0,0.0,0.0,0.0
2025-01-24 18:30:00+00:00,2025-01-24,2025-01-24:1,True,1,10,True,0.5485714285714286,0.29557967917656724,0.618379054143669,True,0,0,1,True,0.6913688004636335,150.0,330.0,0.0,1.0,0.0,0.0,0.0
2025-01-24 18:35:00+00:00,2025-01-24,2025-01-24:1,True,1,15,True,0.7668161434977578,0.2938515589121581,0.9591723258510858,True,0,0,1,True,1.42984968182505,145.0,335.0,0.0,1.0,0.0,0.0,0.0
2025-01-24 18:40:00+00:00,2025-01-24,2025-01-24:1,True,1,20,True,0.8360655737704918,0.12303100014107145,1.9162706902486357,True,0,0,1,True,-0.004312981449474201,140.0,340.0,0.0,1.0,0.0,0.0,0.0
2025-01-24 18:45:00+00:00,2025-01-24,2025-01-24:1,True,1,25,True,0.9073170731707317,0.4769055305217945,0.6431735515034822,True,0,0,1,True,-0.003818093605294802,135.0,345.0,0.0,1.0,0.0,0.0,0.0
2025-01-24 18:50:00+00:00,2025-01-24,2025-01-24:1,True,2,5,True,0.7995444191343963,0.7995444191343963,-0.32338680416984283,True,0,0,1,True,-0.7231148771501811,130.0,350.0,0.0,0.0,1.0,0.0,0.0
2025-01-24 18:55:00+00:00,2025-01-24,2025-01-24:1,True,1,5,True,0.8080808080808081,0.30706850336038966,0.967591202844083,True,0,0,1,True,0.0,125.0,355.0,0.0,1.0,0.0,0.0,0.0
2025-01-24 19:00:00+00:00,2025-01-24,2025-01-24:1,True,2,5,True,0.7682926829268293,0.5482965236428641,0.33735451596597693,True,0,0,1,True,0.7543476302164627,120.0,360.0,0.0,0.0,1.0,0.0,0.0
2025-01-24 19:05:00+00:00,2025-01-24,2025-01-24:1,True,2,10,True,0.540785498489426,0.540785498489426,-0.39478187949340193,True,0,0,1,True,-0.8694831646098381,115.0,365.0,0.0,0.0,1.0,0.0,0.0
2025-01-24 19:10:00+00:00,2025-01-24,2025-01-24:1,True,1,5,True,0.45646437994722955,0.210569344541378,0.7736956417744467,True,0,0,1,True,0.017634736228045834,110.0,370.0,0.0,1.0,0.0,0.0,0.0
2025-01-24 19:15:00+00:00,2025-01-24,2025-01-24:1,True,0,5,True,0.45907473309608543,0.45907473309608543,-0.41764482376427564,True,0,0,1,True,0.9338822163904943,105.0,375.0,1.0,0.0,0.0,0.0,0.0
2025-01-24 19:20:00+00:00,2025-01-24,2025-01-24:1,True,0,10,True,0.43884892086330934,0.43884892086330934,-0.4316431274494891,True,0,0,1,True,0.0,100.0,380.0,1.0,0.0,0.0,0.0,0.0
2025-01-24 19:25:00+00:00,2025-01-24,2025-01-24:1,True,0,15,True,0.3898305084745763,0.3898305084745763,0.0,True,0,0,1,True,0.9441732402096232,95.0,385.0,1.0,0.0,0.0,0.0,0.0
2025-01-24 19:30:00+00:00,2025-01-24,2025-01-24:1,True,0,20,True,0.5686274509803921,0.5686274509803921,0.0,True,0,0,1,True,-1.0818939004937524,90.0,390.0,1.0,0.0,0.0,0.0,0.0
2025-01-24 19:35:00+00:00,2025-01-24,2025-01-24:1,True,0,25,True,0.36283185840707965,0.09723898239207496,1.3167678424917275,True,0,0,1,True,0.8816329429491532,85.0,395.0,1.0,0.0,0.0,0.0,0.0
2025-01-24 19:40:00+00:00,2025-01-24,2025-01-24:1,True,0,30,True,0.3799392097264438,0.15762973271850325,0.8797624465078648,True,0,0,1,True,-0.13204631005351353,80.0,400.0,1.0,0.0,0.0,0.0,0.0
2025-01-24 19:45:00+00:00,2025-01-24,2025-01-24:1,True,1,5,True,0.5365079365079365,0.3429603635099943,0.44746647287090985,True,0,0,1,True,0.13570417514425728,75.0,405.0,0.0,1.0,0.0,0.0,0.0
2025-01-24 19:50:00+00:00,2025-01-24,2025-01-24:1,True,2,5,True,0.2915129151291513,0.2915129151291513,0.0,True,0,0,1,True,1.8712251814036407,70.0,410.0,0.0,0.0,1.0,0.0,0.0
2025-01-24 19:55:00+00:00,2025-01-24,2025-01-24:1,True,1,5,True,0.28776978417266186,0.19164246168734245,0.4065293426596444,True,0,0,1,True,0.9090272450352701,65.0,415.0,0.0,1.0,0.0,0.0,0.0
2025-01-24 20:00:00+00:00,2025-01-24,2025-01-24:1,True,1,10,True,0.5388888888888889,0.3591319649805714,0.40581949517672783,True,0,0,1,True,-1.6392930707335536,60.0,420.0,0.0,1.0,0.0,0.0,0.0
2025-01-24 20:05:00+00:00,2025-01-24,2025-01-24:1,True,0,5,True,0.48756218905472637,0.48756218905472637,-0.8246910171550401,True,0,0,1,True,0.0,55.0,425.0,1.0,0.0,0.0,0.0,0.0
2025-01-24 20:10:00+00:00,2025-01-24,2025-01-24:1,True,0,10,True,0.49214659685863876,0.21151214376066993,0.844494219059357,True,0,0,1,True,0.0,50.0,430.0,1.0,0.0,0.0,0.0,0.0
2025-01-24 20:15:00+00:00,2025-01-24,2025-01-24:1,True,1,5,True,0.5191256830601093,0.0960691573065486,1.687077697018864,True,0,0,1,True,1.4175449875238637,45.0,435.0,0.0,1.0,0.0,0.0,0.0
2025-01-24 20:20:00+00:00,2025-01-24,2025-01-24:1,True,1,10,True,0.00964630225080386,0.006427678867685099,0.40596116720010084,True,0,0,1,True,0.9077567660845834,40.0,440.0,0.0,1.0,0.0,0.0,0.0
2025-01-24 20:25:00+00:00,2025-01-24,2025-01-24:1,True,0,5,True,0.30718954248366015,0.30718954248366015,-0.7947194142396478,True,0,0,1,True,-1.3251055707951032,35.0,445.0,1.0,0.0,0.0,0.0,0.0
2025-01-24 20:30:00+00:00,2025-01-24,2025-01-24:1,True,1,5,True,0.10144927536231885,0.023370664012802984,1.4680773622505776,True,0,0,1,True,0.38522837746975114,30.0,450.0,0.0,1.0,0.0,0.0,0.0
2025-01-24 20:35:00+00:00,2025-01-24,2025-01-24:1,True,1,10,True,0.3016949152542373,0.20884294095280176,0.367833801606027,True,0,0,1,True,-0.4112506924066239,25.0,455.0,0.0,1.0,0.0,0.0,0.0
2025-01-24 20:40:00+00:00,2025-01-24,2025-01-24:1,True,2,5,True,0.41875,0.41875,-0.9480969448151663,True,0,0,1,True,0.8480036871490416,20.0,460.0,0.0,0.0,1.0,0.0,0.0
2025-01-24 20:45:00+00:00,2025-01-24,2025-01-24:1,True,1,5,True,0.6077170418006431,0.1382817246225063,1.4804162949277817,True,0,0,1,True,-0.41408650269227876,15.0,465.0,0.0,1.0,0.0,0.0,0.0
2025-01-24 20:50:00+00:00,2025-01-24,2025-01-24:1,True,0,5,True,0.616580310880829,0.616580310880829,-0.5630968171446299,True,0,0,1,True,-1.6788303480647533,10.0,470.0,1.0,0.0,0.0,0.0,0.0
2025-01-24 20:55:00+00:00,2025-01-24,2025-01-24:1,True,1,5,True,0.5045317220543807,0.017011656630206106,3.3897319228097995,True,0,0,1,True,3.209931052044664,5.0,475.0,0.0,1.0,0.0,0.0,0.0
2025-01-24 21:00:00+00:00,2025-01-24,2025-01-24:1,True,2,5,True,0.23809523809523808,0.23809523809523808,-0.3152496938224898,True,0,0,1,True,-0.7049197452730828,0.0,480.0,0.0,0.0,1.0,0.0,0.0
2025-01-27 13:00:00+00:00,2025-01-27,2025-01-27:1,False,-1,0,False,,,,False,0,0,0,False,,480.0,0.0,,,,,
2025-01-27 13:05:00+00:00,2025-01-27,2025-01-27:1,False,-1,0,True,0.0625,,,False,0,0,0,False,,475.0,5.0,,,,,
2025-01-27 13:10:00+00:00,2025-01-27,2025-01-27:1,False,-1,0,True,0.33126934984520123,,,False,0,0,0,False,,470.0,10.0,,,,,
2025-01-27 13:15:00+00:00,2025-01-27,2025-01-27:1,False,-1,0,True,0.18971061093247588,,,False,0,0,0,False,,465.0,15.0,,,,,
2025-01-27 13:20:00+00:00,2025-01-27,2025-01-27:1,False,-1,0,True,-0.11764705882352941,,,False,0,0,0,False,,460.0,20.0,,,,,
2025-01-27 13:25:00+00:00,2025-01-27,2025-01-27:1,False,-1,0,True,0.10652920962199312,,,False,0,0,0,False,,455.0,25.0,,,,,
2025-01-27 13:30:00+00:00,2025-01-27,2025-01-27:1,False,-1,0,True,-0.09473684210526316,,,False,0,0,0,False,,450.0,30.0,,,,,
2025-01-27 13:35:00+00:00,2025-01-27,2025-01-27:1,False,-1,0,True,0.4565826330532213,,,False,0,0,0,False,,445.0,35.0,,,,,
2025-01-27 13:40:00+00:00,2025-01-27,2025-01-27:1,False,-1,0,True,-0.009174311926605505,,,False,0,0,0,False,,440.0,40.0,,,,,
2025-01-27 13:45:00+00:00,2025-01-27,2025-01-27:1,False,-1,0,True,-0.09316770186335403,,,False,0,0,0,False,,435.0,45.0,,,,,
2025-01-27 13:50:00+00:00,2025-01-27,2025-01-27:1,False,-1,0,True,-0.23417721518987342,,,False,0,0,0,False,,430.0,50.0,,,,,
2025-01-27 13:55:00+00:00,2025-01-27,2025-01-27:1,False,-1,0,True,-0.14285714285714285,,,False,0,0,0,False,,425.0,55.0,,,,,
2025-01-27 14:00:00+00:00,2025-01-27,2025-01-27:1,False,-1,0,True,-0.01466275659824047,,,False,0,0,0,False,,420.0,60.0,,,,,
2025-01-27 14:05:00+00:00,2025-01-27,2025-01-27:1,True,0,5,True,-0.07272727272727272,0.07272727272727272,1.5909723509051796,True,0,0,0,False,,415.0,65.0,1.0,0.0,0.0,0.0,0.0
2025-01-27 14:10:00+00:00,2025-01-27,2025-01-27:1,True,1,5,True,-0.07163323782234957,0.07163323782234957,0.7769177213961753,True,0,0,0,False,,410.0,70.0,0.0,1.0,0.0,0.0,0.0
2025-01-27 14:15:00+00:00,2025-01-27,2025-01-27:1,True,0,5,True,0.022364217252396165,0.022364217252396165,-1.0896373833974027,True,0,0,0,False,,405.0,75.0,1.0,0.0,0.0,0.0,0.0
2025-01-27 14:20:00+00:00,2025-01-27,2025-01-27:1,True,1,5,True,-0.10437710437710437,0.10437710437710437,1.3487718052231135,True,0,0,0,False,,400.0,80.0,0.0,1.0,0.0,0.0,0.0
2025-01-27 14:25:00+00:00,2025-01-27,2025-01-27:1,True,2,5,True,-0.125,0.05105062739638996,-0.8954959029260108,True,0,0,0,False,,395.0,85.0,0.0,0.0,1.0,0.0,0.0
2025-01-27 14:30:00+00:00,2025-01-27,2025-01-27:1,True,1,5,True,0.22522522522522523,0.16606576554633465,0.30471701464927103,True,0,0,0,False,,390.0,90.0,0.0,1.0,0.0,0.0,0.0
2025-01-27 14:35:00+00:00,2025-01-27,2025-01-27:1,True,0,5,True,0.1793478260869565,0.1793478260869565,0.0,True,0,0,0,False,,385.0,95.0,1.0,0.0,0.0,0.0,0.0
2025-01-27 14:40:00+00:00,2025-01-27,2025-01-27:1,True,0,10,True,0.39490445859872614,0.27927501002174826,0.34644686333713487,True,0,0,0,False,,380.0,100.0,1.0,0.0,0.0,0.0,0.0
2025-01-27 14:45:00+00:00,2025-01-27,2025-01-27:1,True,0,15,True,0.13595166163141995,0.13595166163141995,-1.0587226354871084,True,0,0,0,False,,375.0,105.0,1.0,0.0,0.0,0.0,0.0
2025-01-27 14:50:00+00:00,2025-01-27,2025-01-27:1,True,0,20,True,0.11400651465798045,0.11400651465798045,-0.3646422752773217,True,0,0,0,False,,370.0,110.0,1.0,0.0,0.0,0.0,0.0
2025-01-27 14:55:00+00:00,2025-01-27,2025-01-27:1,True,0,25,True,0.19540229885057472,0.05836420698847285,1.2083576964789127,True,0,0,0,False,,365.0,115.0,1.0,0.0,0.0,0.0,0.0
2025-01-27 15:00:00+00:00,2025-01-27,2025-01-27:1,True,0,30,True,0.030864197530864196,0.030864197530864196,-0.4404986429847753,True,0,0,0,False,,360.0,120.0,1.0,0.0,0.0,0.0,0.0
2025-01-27 15:05:00+00:00,2025-01-27,2025-01-27:1,True,0,35,True,-0.310580204778157,0.310580204778157,0.0,True,0,0,0,True,-1.0030149930983976,355.0,125.0,1.0,0.0,0.0,0.0,0.0
2025-01-27 15:10:00+00:00,2025-01-27,2025-01-27:1,True,0,40,True,-0.2080536912751678,0.2080536912751678,1.3504435447663996,True,0,0,0,True,1.7777362039914002,350.0,130.0,1.0,0.0,0.0,0.0,0.0
2025-01-27 15:15:00+00:00,2025-01-27,2025-01-27:1,True,0,45,True,-0.30659025787965616,0.09343223449501392,-1.1882757824751335,True,0,0,0,True,0.8856884752095449,345.0,135.0,1.0,0.0,0.0,0.0,0.0
2025-01-27 15:20:00+00:00,2025-01-27,2025-01-27:1,True,0,50,True,0.3193717277486911,0.20920378901169656,0.42304687117147377,True,0,0,0,True,0.9459615616080116,340.0,140.0,1.0,0.0,0.0,0.0,0.0
2025-01-27 15:25:00+00:00,2025-01-27,2025-01-27:1,True,0,55,True,0.03951367781155015,0.025888885065005363,0.422833157152487,True,0,0,0,True,0.9454836825338122,335.0,145.0,1.0,0.0,0.0,0.0,0.0
2025-01-27 15:30:00+00:00,2025-01-27,2025-01-27:1,True,1,5,True,-0.05708245243128964,0.05708245243128964,14.062222041368445,True,0,0,0,True,29.74894410522174,330.0,150.0,0.0,1.0,0.0,0.0,0.0
2025-01-27 15:35:00+00:00,2025-01-27,2025-01-27:1,True,2,5,True,-0.9646464646464646,0.5153719659756038,-0.6268727723473363,True,0,0,0,True,-0.49893853530429577,325.0,155.0,0.0,0.0,1.0,0.0,0.0
2025-01-27 15:40:00+00:00,2025-01-27,2025-01-27:1,True,2,10,True,-0.9702233250620348,0.4701546038560803,-0.7244646920324159,True,0,0,0,True,-0.23142175695508047,320.0,160.0,0.0,0.0,1.0,0.0,0.0
2025-01-27 15:45:00+00:00,2025-01-27,2025-01-27:1,True,0,5,True,-0.974293059125964,0.315905903483317,-1.1262677449895937,True,0,0,0,True,-0.4578929524843194,315.0,165.0,1.0,0.0,0.0,0.0,0.0
2025-01-27 15:50:00+00:00,2025-01-27,2025-01-27:1,True,0,10,True,-0.9588100686498856,0.3141618697427832,-1.115784641994433,True,0,0,0,True,-0.19531914696350516,310.0,170.0,1.0,0.0,0.0,0.0,0.0
2025-01-27 15:55:00+00:00,2025-01-27,2025-01-27:1,True,0,15,True,-0.9653465346534653,0.3055021596224185,-1.1505302924175291,True,0,0,0,True,-0.17885114174746122,305.0,175.0,1.0,0.0,0.0,0.0,0.0
2025-01-27 16:00:00+00:00,2025-01-27,2025-01-27:1,True,4,5,True,-0.9633401221995926,0.6815060373114264,-0.3461014297246426,True,0,0,0,True,-0.28529969811445544,300.0,180.0,0.0,0.0,0.0,0.0,1.0
2025-01-27 16:05:00+00:00,2025-01-27,2025-01-27:1,True,3,5,True,-0.9423503325942351,0.4962065211652473,-0.6413848950212325,True,0,0,0,True,0.2166581596638309,295.0,185.0,0.0,0.0,0.0,1.0,0.0
2025-01-27 16:10:00+00:00,2025-01-27,2025-01-27:1,True,4,5,True,-0.9045643153526971,0.7429899054344311,-0.19677094988063576,True,0,0,0,True,-0.0680690653496569,290.0,190.0,0.0,0.0,0.0,0.0,1.0
2025-01-27 16:15:00+00:00,2025-01-27,2025-01-27:1,True,3,5,True,-0.9002770083102493,0.45171916117040023,-0.6896418410932811,True,0,0,0,True,0.14698625918708583,285.0,195.0,0.0,0.0,0.0,1.0,0.0
2025-01-27 16:20:00+00:00,2025-01-27,2025-01-27:1,True,3,10,True,-0.8595505617977528,0.4326074145263935,-0.6865789972596598,True,0,0,0,True,0.5422165313558717,280.0,200.0,0.0,0.0,0.0,1.0,0.0
2025-01-27 16:25:00+00:00,2025-01-27,2025-01-27:1,True,3,15,True,-0.7443946188340808,0.41310666595271317,-0.5888654651918158,True,0,0,0,True,-0.9069771202044224,275.0,205.0,0.0,0.0,0.0,1.0,0.0
2025-01-27 16:30:00+00:00,2025-01-27,2025-01-27:1,True,4,5,True,-0.5540983606557377,0.5023778349868544,-0.09798972137569872,True,0,0,0,True,0.19928349709054538,270.0,210.0,0.0,0.0,0.0,0.0,1.0
2025-01-27 16:35:00+00:00,2025-01-27,2025-01-27:1,True,3,5,True,-0.6381578947368421,0.11661882532497567,-1.699675023568098,True,0,0,0,True,-0.05126852401207168,265.0,215.0,0.0,0.0,0.0,1.0,0.0
2025-01-27 16:40:00+00:00,2025-01-27,2025-01-27:1,True,3,10,True,-0.6537467700258398,0.2815464947212659,-0.8424224729900969,True,0,0,0,True,0.6279046384591842,260.0,220.0,0.0,0.0,0.0,1.0,0.0
2025-01-27 16:45:00+00:00,2025-01-27,2025-01-27:1,True,4,5,True,-0.8140589569160998,0.8140589569160998,0.5168176819495429,True,1,0,0,True,-0.49007900026862455,255.0,225.0,0.0,0.0,0.0,0.0,1.0
2025-01-27 16:50:00+00:00,2025-01-27,2025-01-27:1,True,3,5,True,-0.7425742574257426,0.14440818384139475,-1.6374789760225155,True,0,1,1,True,1.126619785266183,250.0,230.0,0.0,0.0,0.0,1.0,0.0
2025-01-27 16:55:00+00:00,2025-01-27,2025-01-27:1,True,4,5,True,-0.48672566371681414,0.48672566371681414,0.0,True,0,0,1,True,-0.6247682365533774,245.0,235.0,0.0,0.0,0.0,0.0,1.0
2025-01-27 17:00:00+00:00,2025-01-27,2025-01-27:1,True,4,10,True,-0.624633431085044,0.624633431085044,0.1308816231337239,True,1,0,1,True,-0.09269819629701065,240.0,240.0,0.0,0.0,0.0,0.0,1.0
2025-01-27 17:05:00+00:00,2025-01-27,2025-01-27:1,True,0,5,True,-0.6290726817042607,0.6290726817042607,1.8722961318116693,True,1,0,1,True,0.5233226780922281,235.0,245.0,1.0,0.0,0.0,0.0,0.0
2025-01-27 17:10:00+00:00,2025-01-27,2025-01-27:1,True,0,10,True,-0.5817694369973191,0.40770548059679934,-0.35552916042428084,True,1,0,1,True,-2.2326378621835192,230.0,250.0,1.0,0.0,0.0,0.0,0.0
2025-01-27 17:15:00+00:00,2025-01-27,2025-01-27:1,True,0,15,True,-0.5544554455445545,0.2661923524551524,-0.7337672758958618,True,0,1,2,True,0.09311600144277425,225.0,255.0,1.0,0.0,0.0,0.0,0.0
2025-01-27 17:20:00+00:00,2025-01-27,2025-01-27:1,True,0,20,True,-0.784688995215311,0.22473031079570793,-1.2503863902407535,True,0,0,2,True,-0.5591897933434631,220.0,260.0,1.0,0.0,0.0,0.0,0.0
2025-01-27 17:25:00+00:00,2025-01-27,2025-01-27:1,True,0,25,True,-0.6414565826330533,0.33958305201342176,-0.6360229532968515,True,0,0,2,True,0.8533143352938072,215.0,265.0,1.0,0.0,0.0,0.0,0.0
2025-01-27 17:30:00+00:00,2025-01-27,2025-01-27:1,True,0,30,True,-0.75,0.75,1.5433910958548556,True,0,0,2,True,-0.6756346222369414,210.0,270.0,1.0,0.0,0.0,0.0,0.0
2025-01-27 17:35:00+00:00,2025-01-27,2025-01-27:1,True,3,5,True,-0.6482939632545932,0.33141370443827795,-0.6709767831827889,True,0,0,2,True,0.6001398794083415,205.0,275.0,0.0,0.0,0.0,1.0,0.0
2025-01-27 17:40:00+00:00,2025-01-27,2025-01-27:1,True,4,5,True,-0.1864406779661017,0.1864406779661017,0.0,True,0,0,2,True,-0.6004454107400456,200.0,280.0,0.0,0.0,0.0,0.0,1.0
2025-01-27 17:45:00+00:00,2025-01-27,2025-01-27:1,True,0,5,True,-0.568733153638814,0.3280607320118996,-0.5502126000334928,True,0,0,2,True,-0.1506980812537114,195.0,285.0,1.0,0.0,0.0,0.0,0.0
2025-01-27 17:50:00+00:00,2025-01-27,2025-01-27:1,True,0,10,True,-0.12052117263843648,0.12052117263843648,0.0,True,0,0,2,True,-0.6829821519237123,190.0,290.0,1.0,0.0,0.0,0.0,0.0
2025-01-27 17:55:00+00:00,2025-01-27,2025-01-27:1,True,0,15,True,-0.13924050632911392,0.1005342406764962,-0.32570432659180965,True,0,0,2,True,1.220155992553879,185.0,295.0,1.0,0.0,0.0,0.0,0.0
2025-01-27 18:00:00+00:00,2025-01-27,2025-01-27:1,True,0,20,True,-0.6454545454545455,0.6454545454545455,0.6559080236867157,True,0,0,2,True,0.27975880826173866,180.0,300.0,1.0,0.0,0.0,0.0,0.0
2025-01-27 18:05:00+00:00,2025-01-27,2025-01-27:1,True,0,25,True,-0.7514792899408284,0.7514792899408284,0.0,True,0,0,2,True,-0.5418473125699452,175.0,305.0,1.0,0.0,0.0,0.0,0.0
2025-01-27 18:10:00+00:00,2025-01-27,2025-01-27:1,True,0,30,True,-0.7853881278538812,0.5248027245117883,-0.403155596838699,True,0,0,2,True,0.0,170.0,310.0,1.0,0.0,0.0,0.0,0.0
2025-01-27 18:15:00+00:00,2025-01-27,2025-01-27:1,True,0,35,True,-0.6666666666666666,0.12274422100672536,-1.6921874846825573,True,0,0,2,True,-2.290837908734996,165.0,315.0,1.0,0.0,0.0,0.0,0.0
2025-01-27 18:20:00+00:00,2025-01-27,2025-01-27:1,True,3,5,True,-0.6857142857142857,0.09056493396879875,-2.024393951998923,True,0,0,2,True,0.0,160.0,320.0,0.0,0.0,0.0,1.0,0.0
2025-01-27 18:25:00+00:00,2025-01-27,2025-01-27:1,True,4,5,True,-0.6538461538461539,0.6538461538461539,0.8286808373346614,True,1,0,2,True,0.0,155.0,325.0,0.0,0.0,0.0,0.0,1.0
2025-01-27 18:30:00+00:00,2025-01-27,2025-01-27:1,True,4,10,True,-0.6112676056338028,0.6112676056338028,0.8409282057388439,True,1,0,2,True,0.940186316115828,150.0,330.0,0.0,0.0,0.0,0.0,1.0
2025-01-27 18:35:00+00:00,2025-01-27,2025-01-27:1,True,3,5,True,-0.5384615384615384,0.35153688363953955,-0.42640143271200553,True,1,0,2,True,-0.953462589247347,145.0,335.0,0.0,0.0,0.0,1.0,0.0
2025-01-27 18:40:00+00:00,2025-01-27,2025-01-27:1,True,4,5,True,-0.29411764705882354,0.29411764705882354,0.41309021842895466,True,1,0,2,True,0.923697809247379,140.0,340.0,0.0,0.0,0.0,0.0,1.0
2025-01-27 18:45:00+00:00,2025-01-27,2025-01-27:1,True,0,5,True,-0.1761006289308176,0.1761006289308176,1.2465020552773216,True,1,0,2,True,-0.6567157562083661,135.0,345.0,1.0,0.0,0.0,0.0,0.0
2025-01-27 18:50:00+00:00,2025-01-27,2025-01-27:1,True,2,5,True,-0.20504731861198738,0.09085196985224349,-0.8140092979250918,True,0,0,2,True,-0.9100900622373986,130.0,350.0,0.0,0.0,1.0,0.0,0.0
2025-01-27 18:55:00+00:00,2025-01-27,2025-01-27:1,True,0,5,True,-0.32608695652173914,0.1444819788118454,-0.814009297925092,True,0,0,2,True,0.4942024335608225,125.0,355.0,1.0,0.0,0.0,0.0,0.0
2025-01-27 19:00:00+00:00,2025-01-27,2025-01-27:1,True,0,10,True,-0.1540785498489426,0.1540785498489426,0.4199793574548374,True,0,0,2,True,0.9391023924156996,120.0,360.0,1.0,0.0,0.0,0.0,0.0
2025-01-27 19:05:00+00:00,2025-01-27,2025-01-27:1,True,0,15,True,-0.6411764705882353,0.6411764705882353,0.8378739295756936,True,0,0,2,True,0.0,115.0,365.0,1.0,0.0,0.0,0.0,0.0
2025-01-27 19:10:00+00:00,2025-01-27,2025-01-27:1,True,0,20,True,-0.4304635761589404,0.19698181528298986,-0.7817512957936994,True,0,0,2,True,-0.8740245194466286,110.0,370.0,1.0,0.0,0.0,0.0,0.0
2025-01-27 19:15:00+00:00,2025-01-27,2025-01-27:1,True,3,5,True,-0.40186915887850466,0.18722226855241356,-0.7638300473026186,True,0,0,2,True,0.0,105.0,375.0,0.0,0.0,0.0,1.0,0.0
2025-01-27 19:20:00+00:00,2025-01-27,2025-01-27:1,True,0,5,True,-0.375,0.375,0.8506212223874713,True,0,0,2,True,0.0,100.0,380.0,1.0,0.0,0.0,0.0,0.0
2025-01-27 19:25:00+00:00,2025-01-27,2025-01-27:1,True,0,10,True,0.08650519031141868,0.08650519031141868,-1.1783623414726008,True,0,0,2,True,0.0,95.0,385.0,1.0,0.0,0.0,0.0,0.0
2025-01-27 19:30:00+00:00,2025-01-27,2025-01-27:1,True,0,15,True,-0.1038961038961039,0.1038961038961039,0.20538508090520025,True,0,0,2,True,1.1608679770788966,90.0,390.0,1.0,0.0,0.0,0.0,0.0
2025-01-27 19:35:00+00:00,2025-01-27,2025-01-27:1,True,0,20,True,-0.0034602076124567475,0.0034602076124567475,1.1727851310337747,True,0,0,2,True,-0.1408176358488997,85.0,395.0,1.0,0.0,0.0,0.0,0.0
2025-01-27 19:40:00+00:00,2025-01-27,2025-01-27:1,True,0,25,True,-0.0440251572327044,0.01637870365162986,-0.9887792926713396,True,0,0,2,True,0.8843910852619046,80.0,400.0,1.0,0.0,0.0,0.0,0.0
2025-01-27 19:45:00+00:00,2025-01-27,2025-01-27:1,True,0,30,True,0.2459016393442623,0.11045075755690666,0.8003618272462796,True,0,0,2,True,2.8273021705231347,75.0,405.0,1.0,0.0,0.0,0.0,0.0
2025-01-27 19:50:00+00:00,2025-01-27,2025-01-27:1,True,0,35,True,0.140893470790378,0.09757634485426098,0.36736898276835406,True,0,0,2,True,0.07716017286380386,70.0,410.0,1.0,0.0,0.0,0.0,0.0
2025-01-27 19:55:00+00:00,2025-01-27,2025-01-27:1,True,0,40,True,0.47875354107648727,0.47875354107648727,0.0,True,0,0,2,True,1.6109449908954303,65.0,415.0,1.0,0.0,0.0,0.0,0.0
2025-01-27 20:00:00+00:00,2025-01-27,2025-01-27:1,True,1,5,True,0.6091954022988506,0.29570364462782045,0.7227813216733917,True,0,0,2,True,0.04184714503356697,60.0,420.0,0.0,1.0,0.0,0.0,0.0
2025-01-27 20:05:00+00:00,2025-01-27,2025-01-27:1,True,0,5,True,0.48366013071895425,0.33958877193252457,0.3536470595283347,True,0,0,2,True,-0.02019475766697586,55.0,425.0,1.0,0.0,0.0,0.0,0.0
2025-01-27 20:10:00+00:00,2025-01-27,2025-01-27:1,True,1,5,True,0.5290519877675841,0.362327662615201,0.37853775480805724,True,0,0,2,True,0.8464361518009639,50.0,430.0,0.0,1.0,0.0,0.0,0.0
2025-01-27 20:15:00+00:00,2025-01-27,2025-01-27:1,True,1,10,True,0.5677083333333334,0.1203743036395962,1.5510017040074153,True,0,0,2,True,0.0,45.0,435.0,0.0,1.0,0.0,0.0,0.0
2025-01-27 20:20:00+00:00,2025-01-27,2025-01-27:1,True,1,15,True,0.632183908045977,0.2994660144868801,0.7471794086105459,True,0,0,2,True,-0.4176859872597245,40.0,440.0,0.0,1.0,0.0,0.0,0.0
2025-01-27 20:25:00+00:00,2025-01-27,2025-01-27:1,True,2,5,True,0.40061162079510704,0.40061162079510704,-0.8168090971124009,True,0,0,2,True,-2.283050832228796,35.0,445.0,0.0,0.0,1.0,0.0,0.0
2025-01-27 20:30:00+00:00,2025-01-27,2025-01-27:1,True,2,10,True,-0.14556962025316456,0.14556962025316456,0.0,True,0,0,2,True,1.305310089459839,30.0,450.0,0.0,0.0,1.0,0.0,0.0
2025-01-27 20:35:00+00:00,2025-01-27,2025-01-27:1,True,2,15,True,0.40782122905027934,0.40782122905027934,0.0,True,0,0,2,True,-0.13072337070848258,25.0,455.0,0.0,0.0,1.0,0.0,0.0
2025-01-27 20:40:00+00:00,2025-01-27,2025-01-27:1,True,0,5,True,-0.1016949152542373,0.0676146775881457,-0.40815222073858143,True,0,0,2,True,0.09231326035507229,20.0,460.0,1.0,0.0,0.0,0.0,0.0
2025-01-27 20:45:00+00:00,2025-01-27,2025-01-27:1,True,0,10,True,-0.18536585365853658,0.18536585365853658,0.0,True,0,0,2,True,0.12002969008450176,15.0,465.0,1.0,0.0,0.0,0.0,0.0
2025-01-27 20:50:00+00:00,2025-01-27,2025-01-27:1,True,0,15,True,0.3123209169054441,0.3123209169054441,0.0,True,0,0,2,True,-1.0438227916235976,10.0,470.0,1.0,0.0,0.0,0.0,0.0
2025-01-27 20:55:00+00:00,2025-01-27,2025-01-27:1,True,0,20,True,0.41975308641975306,0.41975308641975306,-0.9398636765533748,True,0,0,2,True,-2.1015990703562215,5.0,475.0,1.0,0.0,0.0,0.0,0.0
2025-01-27 21:00:00+00:00,2025-01-27,2025-01-27:1,True,3,5,True,-0.019830028328611898,0.008159185085838128,-0.8880530740467739,True,0,0,2,True,-0.056083454623563005,0.0,480.0,0.0,0.0,0.0,1.0,0.0
2025-01-28 13:00:00+00:00,2025-01-28,2025-01-28:1,False,-1,0,False,,,,False,0,0,0,False,,480.0,0.0,,,,,
2025-01-28 13:05:00+00:00,2025-01-28,2025-01-28:1,False,-1,0,True,-0.1907514450867052,,,False,0,0,0,False,,475.0,5.0,,,,,
2025-01-28 13:10:00+00:00,2025-01-28,2025-01-28:1,False,-1,0,True,-0.10457516339869281,,,False,0,0,0,False,,470.0,10.0,,,,,
2025-01-28 13:15:00+00:00,2025-01-28,2025-01-28:1,False,-1,0,True,0.1945392491467577,,,False,0,0,0,False,,465.0,15.0,,,,,
2025-01-28 13:20:00+00:00,2025-01-28,2025-01-28:1,False,-1,0,True,0.281437125748503,,,False,0,0,0,False,,460.0,20.0,,,,,
2025-01-28 13:25:00+00:00,2025-01-28,2025-01-28:1,False,-1,0,True,-0.22699386503067484,,,False,0,0,0,False,,455.0,25.0,,,,,
2025-01-28 13:30:00+00:00,2025-01-28,2025-01-28:1,False,-1,0,True,0.17672413793103448,,,False,0,0,0,False,,450.0,30.0,,,,,
2025-01-28 13:35:00+00:00,2025-01-28,2025-01-28:1,False,-1,0,True,0.963882618510158,,,False,0,0,0,False,,445.0,35.0,,,,,
2025-01-28 13:40:00+00:00,2025-01-28,2025-01-28:1,False,-1,0,True,0.9646464646464646,,,False,0,0,0,False,,440.0,40.0,,,,,
2025-01-28 13:45:00+00:00,2025-01-28,2025-01-28:1,False,-1,0,True,0.9671361502347418,,,False,0,0,0,False,,435.0,45.0,,,,,
2025-01-28 13:50:00+00:00,2025-01-28,2025-01-28:1,False,-1,0,True,0.9519650655021834,,,False,0,0,0,False,,430.0,50.0,,,,,
2025-01-28 13:55:00+00:00,2025-01-28,2025-01-28:1,False,-1,0,True,0.952755905511811,,,False,0,0,0,False,,425.0,55.0,,,,,
2025-01-28 14:00:00+00:00,2025-01-28,2025-01-28:1,False,-1,0,True,0.973741794310722,,,False,0,0,0,False,,420.0,60.0,,,,,
2025-01-28 14:05:00+00:00,2025-01-28,2025-01-28:1,True,1,5,True,0.9504504504504504,0.5061060221711443,0.6301898532643008,True,0,0,0,False,,415.0,65.0,0.0,1.0,0.0,0.0,0.0
2025-01-28 14:10:00+00:00,2025-01-28,2025-01-28:1,True,1,10,True,0.9745547073791349,0.09959909762994551,2.280827551684317,True,0,0,0,False,,410.0,70.0,0.0,1.0,0.0,0.0,0.0
2025-01-28 14:15:00+00:00,2025-01-28,2025-01-28:1,True,2,5,True,0.9684684684684685,0.7048951847067966,0.3176668076531091,True,0,0,0,False,,405.0,75.0,0.0,0.0,1.0,0.0,0.0
2025-01-28 14:20:00+00:00,2025-01-28,2025-01-28:1,True,1,5,True,0.896640826873385,0.07157860439449937,2.527859157894472,True,0,0,0,False,,400.0,80.0,0.0,1.0,0.0,0.0,0.0
2025-01-28 14:25:00+00:00,2025-01-28,2025-01-28:1,True,1,10,True,0.9241516966067864,0.4917756082408468,0.6308537003389723,True,0,0,0,False,,395.0,85.0,0.0,1.0,0.0,0.0,0.0
2025-01-28 14:30:00+00:00,2025-01-28,2025-01-28:1,True,1,15,True,0.9428571428571428,0.36243434665318375,0.9560714337482287,True,0,0,0,False,,390.0,90.0,0.0,1.0,0.0,0.0,0.0
2025-01-28 14:35:00+00:00,2025-01-28,2025-01-28:1,True,1,20,True,0.8790697674418605,0.29950022108253416,1.0767491101868178,True,0,0,0,False,,385.0,95.0,0.0,1.0,0.0,0.0,0.0
2025-01-28 14:40:00+00:00,2025-01-28,2025-01-28:1,True,2,5,True,0.8159203980099502,0.8159203980099502,-0.7355270544026727,True,0,0,0,False,,380.0,100.0,0.0,0.0,1.0,0.0,0.0
2025-01-28 14:45:00+00:00,2025-01-28,2025-01-28:1,True,1,5,True,0.8363171355498721,0.11003459563717537,2.0282130677556847,True,0,0,0,False,,375.0,105.0,0.0,1.0,0.0,0.0,0.0
2025-01-28 14:50:00+00:00,2025-01-28,2025-01-28:1,True,2,5,True,0.8700696055684455,0.573963047357649,0.41600819802724764,True,0,0,0,False,,370.0,110.0,0.0,0.0,1.0,0.0,0.0
2025-01-28 14:55:00+00:00,2025-01-28,2025-01-28:1,True,2,10,True,0.8155619596541787,0.8155619596541787,-0.8397495357958015,True,0,0,0,False,,365.0,115.0,0.0,0.0,1.0,0.0,0.0
2025-01-28 15:00:00+00:00,2025-01-28,2025-01-28:1,True,2,15,True,0.7837837837837838,0.7837837837837838,0.0,True,0,0,0,False,,360.0,120.0,0.0,0.0,1.0,0.0,0.0
2025-01-28 15:05:00+00:00,2025-01-28,2025-01-28:1,True,1,5,True,0.7865168539325843,0.2273287999643193,1.2412167238287652,True,0,0,0,True,0.9251483230960243,355.0,125.0,0.0,1.0,0.0,0.0,0.0
2025-01-28 15:10:00+00:00,2025-01-28,2025-01-28:1,True,1,10,True,0.7542168674698795,0.4850970444218395,0.44133098677833965,True,0,0,0,True,0.9868460870134285,350.0,130.0,0.0,1.0,0.0,0.0,0.0
2025-01-28 15:15:00+00:00,2025-01-28,2025-01-28:1,True,1,15,True,0.7447916666666666,0.46705004085783447,0.4666681314147655,True,0,0,0,True,0.0,345.0,135.0,0.0,1.0,0.0,0.0,0.0
2025-01-28 15:20:00+00:00,2025-01-28,2025-01-28:1,True,0,5,True,0.6991150442477876,0.6991150442477876,-0.4894833078145093,True,0,0,0,True,1.0945179501278077,340.0,140.0,1.0,0.0,0.0,0.0,0.0
2025-01-28 15:25:00+00:00,2025-01-28,2025-01-28:1,True,1,5,True,0.6183206106870229,0.21844656742402718,1.0404656685050144,True,0,0,0,True,2.326551963031974,335.0,145.0,0.0,1.0,0.0,0.0,0.0
2025-01-28 15:30:00+00:00,2025-01-28,2025-01-28:1,True,1,10,True,0.5170731707317073,0.0686874166678776,2.0186183749992055,True,0,0,0,True,4.257699123997288,330.0,150.0,0.0,1.0,0.0,0.0,0.0
2025-01-28 15:35:00+00:00,2025-01-28,2025-01-28:1,True,2,5,True,0.08284023668639054,0.08284023668639054,-0.41971802997071256,True,0,0,0,True,-0.9385180463968075,325.0,155.0,0.0,0.0,1.0,0.0,0.0
2025-01-28 15:40:00+00:00,2025-01-28,2025-01-28:1,True,1,5,True,0.452991452991453,0.058659091350366364,2.044130684413438,True,0,0,0,True,-0.4669167127204234,320.0,160.0,0.0,1.0,0.0,0.0,0.0
2025-01-28 15:45:00+00:00,2025-01-28,2025-01-28:1,True,2,5,True,0.33962264150943394,0.33962264150943394,0.0,True,0,0,0,True,-0.41985659638775785,315.0,165.0,0.0,0.0,1.0,0.0,0.0
2025-01-28 15:50:00+00:00,2025-01-28,2025-01-28:1,True,1,5,True,0.2836676217765043,0.1323725250939381,0.7621830993417213,True,0,0,0,True,-0.41008272878215324,310.0,170.0,0.0,1.0,0.0,0.0,0.0
2025-01-28 15:55:00+00:00,2025-01-28,2025-01-28:1,True,2,5,True,0.17548746518105848,0.17548746518105848,-0.37204357579071407,True,0,0,0,True,-0.8319147260601318,305.0,175.0,0.0,0.0,1.0,0.0,0.0
2025-01-28 16:00:00+00:00,2025-01-28,2025-01-28:1,True,2,10,True,0.4,0.4,0.0,True,0,0,0,True,-1.3720649382942043,300.0,180.0,0.0,0.0,1.0,0.0,0.0
2025-01-28 16:05:00+00:00,2025-01-28,2025-01-28:1,True,2,15,True,0.13069908814589665,0.13069908814589665,-0.37551000968920306,True,0,0,0,True,-0.8396659078966627,295.0,185.0,0.0,0.0,1.0,0.0,0.0
2025-01-28 16:10:00+00:00,2025-01-28,2025-01-28:1,True,1,5,True,0.45098039215686275,0.06628288584897504,1.9174921303082677,True,0,0,0,True,1.2398268351642474,290.0,190.0,0.0,1.0,0.0,0.0,0.0
2025-01-28 16:15:00+00:00,2025-01-28,2025-01-28:1,True,0,5,True,0.2990353697749196,0.2990353697749196,-1.4497136816668592,True,0,0,0,True,0.4761503894017432,285.0,195.0,1.0,0.0,0.0,0.0,0.0
2025-01-28 16:20:00+00:00,2025-01-28,2025-01-28:1,True,0,10,True,0.10344827586206896,0.10344827586206896,-0.7248568408339446,True,0,0,0,True,0.4718206048000661,280.0,200.0,1.0,0.0,0.0,0.0,0.0
2025-01-28 16:25:00+00:00,2025-01-28,2025-01-28:1,True,0,15,True,0.3103448275862069,0.3103448275862069,0.0,True,0,0,0,True,0.4019256618556331,275.0,205.0,1.0,0.0,0.0,0.0,0.0
2025-01-28 16:30:00+00:00,2025-01-28,2025-01-28:1,True,3,5,True,-0.06273062730627306,0.014884229740646715,-1.4385475563831136,True,0,0,0,True,0.3950740041894761,270.0,210.0,0.0,0.0,0.0,1.0,0.0
2025-01-28 16:35:00+00:00,2025-01-28,2025-01-28:1,True,3,10,True,-0.4208955223880597,0.18108232122696985,-0.8434328962570089,True,0,0,0,True,0.0,265.0,215.0,0.0,0.0,0.0,1.0,0.0
2025-01-28 16:40:00+00:00,2025-01-28,2025-01-28:1,True,4,5,True,-0.10191082802547771,0.10191082802547771,0.0,True,0,0,0,True,0.5337871702335496,260.0,220.0,0.0,0.0,0.0,0.0,1.0
2025-01-28 16:45:00+00:00,2025-01-28,2025-01-28:1,True,3,5,True,-0.10749185667752444,0.06585359955471558,-0.4899810032243239,True,0,0,0,True,0.5926285011169855,255.0,225.0,0.0,0.0,0.0,1.0,0.0
2025-01-28 16:50:00+00:00,2025-01-28,2025-01-28:1,True,3,10,True,-0.26099706744868034,0.09705511212647665,-0.9892301880203748,True,0,0,0,True,1.6592202024477085,250.0,230.0,0.0,0.0,0.0,1.0,0.0
2025-01-28 16:55:00+00:00,2025-01-28,2025-01-28:1,True,4,5,True,-0.15934065934065933,0.15934065934065933,0.0,True,0,0,0,True,0.01991555261384008,245.0,235.0,0.0,0.0,0.0,0.0,1.0
2025-01-28 17:00:00+00:00,2025-01-28,2025-01-28:1,True,0,5,True,-0.08868501529051988,0.08868501529051988,1.2767084024081787,True,0,0,0,True,-0.5590111362870851,240.0,240.0,1.0,0.0,0.0,0.0,0.0
2025-01-28 17:05:00+00:00,2025-01-28,2025-01-28:1,True,0,10,True,0.025157232704402517,0.019456896605849056,0.2569438493888394,True,0,0,0,True,-1.1490878272612937,235.0,245.0,1.0,0.0,0.0,0.0,0.0
2025-01-28 17:10:00+00:00,2025-01-28,2025-01-28:1,True,0,15,True,-0.16326530612244897,0.033352006697138545,-1.5882585811711634,True,0,0,0,True,-0.5916833526796317,230.0,250.0,1.0,0.0,0.0,0.0,0.0
2025-01-28 17:15:00+00:00,2025-01-28,2025-01-28:1,True,0,20,True,-0.41578947368421054,0.41578947368421054,1.9365126057717958,True,0,0,0,True,2.352745969411944,225.0,255.0,1.0,0.0,0.0,0.0,0.0
2025-01-28 17:20:00+00:00,2025-01-28,2025-01-28:1,True,1,5,True,-0.23448275862068965,0.23448275862068965,1.594570823944407,True,0,0,0,True,1.018733930652795,220.0,260.0,0.0,1.0,0.0,0.0,0.0
2025-01-28 17:25:00+00:00,2025-01-28,2025-01-28:1,True,1,10,True,-0.2785714285714286,0.2785714285714286,1.319643669760768,True,0,0,0,True,1.967208634442506,215.0,265.0,0.0,1.0,0.0,0.0,0.0
2025-01-28 17:30:00+00:00,2025-01-28,2025-01-28:1,True,0,5,True,-0.15942028985507245,0.021934491314739145,-1.9834837034088957,True,0,0,0,True,0.3411104875110709,210.0,270.0,1.0,0.0,0.0,0.0,0.0
2025-01-28 17:35:00+00:00,2025-01-28,2025-01-28:1,True,0,10,True,-0.6629834254143646,0.6629834254143646,0.3891162587047154,True,0,0,0,True,0.40734950193442987,205.0,275.0,1.0,0.0,0.0,0.0,0.0
2025-01-28 17:40:00+00:00,2025-01-28,2025-01-28:1,True,0,15,True,-0.5921787709497207,0.27461599625234184,-0.7684348226943575,True,0,0,0,True,0.0,200.0,280.0,1.0,0.0,0.0,0.0,0.0
2025-01-28 17:45:00+00:00,2025-01-28,2025-01-28:1,True,0,20,True,-0.5826086956521739,0.26626609118036687,-0.7830196184542358,True,0,0,0,True,-0.8754425472910541,195.0,285.0,1.0,0.0,0.0,0.0,0.0
2025-01-28 17:50:00+00:00,2025-01-28,2025-01-28:1,True,0,25,True,-0.510752688172043,0.510752688172043,0.7809091633778361,True,0,0,0,True,0.047750634360677655,190.0,290.0,1.0,0.0,0.0,0.0,0.0
2025-01-28 17:55:00+00:00,2025-01-28,2025-01-28:1,True,4,5,True,-0.34293948126801155,0.34293948126801155,0.0,True,0,0,0,True,0.0,185.0,295.0,0.0,0.0,0.0,0.0,1.0
2025-01-28 18:00:00+00:00,2025-01-28,2025-01-28:1,True,3,5,True,-0.5126903553299492,0.11100847487352543,-1.5300655184756622,True,0,0,0,True,-0.3999639154364407,180.0,300.0,0.0,0.0,0.0,1.0,0.0
2025-01-28 18:05:00+00:00,2025-01-28,2025-01-28:1,True,4,5,True,-0.9455782312925171,0.7859175599029984,-0.1849447240253621,True,0,0,0,True,0.827097949996595,175.0,305.0,0.0,0.0,0.0,0.0,1.0
2025-01-28 18:10:00+00:00,2025-01-28,2025-01-28:1,True,3,5,True,-0.9393939393939394,0.11122876670955836,-2.133645880208417,True,0,0,0,True,0.4353568515929496,170.0,310.0,0.0,0.0,0.0,1.0,0.0
2025-01-28 18:15:00+00:00,2025-01-28,2025-01-28:1,True,3,10,True,-0.9335347432024169,0.3235476699369645,-1.059631720580214,True,0,0,0,True,-3.1592114111113916,165.0,315.0,0.0,0.0,0.0,1.0,0.0
2025-01-28 18:20:00+00:00,2025-01-28,2025-01-28:1,True,4,5,True,-0.893048128342246,0.7547744137387454,-0.16822155969183777,True,0,0,0,True,-0.3761548427519879,160.0,320.0,0.0,0.0,0.0,0.0,1.0
2025-01-28 18:25:00+00:00,2025-01-28,2025-01-28:1,True,3,5,True,-0.9130434782608695,0.27229417149061,-1.2099005060609627,True,0,0,0,True,-1.2241230061028938,155.0,325.0,0.0,0.0,0.0,1.0,0.0
2025-01-28 18:30:00+00:00,2025-01-28,2025-01-28:1,True,3,10,True,-0.9464285714285714,0.32383392737107813,-1.0724646872579593,True,0,0,0,True,-0.39968399069576294,150.0,330.0,0.0,0.0,0.0,1.0,0.0
2025-01-28 18:35:00+00:00,2025-01-28,2025-01-28:1,True,3,15,True,-0.8681318681318682,0.5255939851402186,-0.5018146016245373,True,0,0,0,True,-0.27243027388390584,145.0,335.0,0.0,0.0,0.0,1.0,0.0
2025-01-28 18:40:00+00:00,2025-01-28,2025-01-28:1,True,4,5,True,-0.9387755102040817,0.6744377342275841,-0.33069701994347395,True,0,0,0,True,0.7394610165481098,140.0,340.0,0.0,0.0,0.0,0.0,1.0
2025-01-28 18:45:00+00:00,2025-01-28,2025-01-28:1,True,3,5,True,-0.8910891089108911,0.33392266940346194,-0.9815349950335069,True,0,0,0,True,0.7315929903986926,135.0,345.0,0.0,0.0,0.0,1.0,0.0
2025-01-28 18:50:00+00:00,2025-01-28,2025-01-28:1,True,3,10,True,-0.8868894601542416,0.23977452966659218,-1.308021330344456,True,0,0,0,True,1.4624123053328777,130.0,350.0,0.0,0.0,0.0,1.0,0.0
2025-01-28 18:55:00+00:00,2025-01-28,2025-01-28:1,True,4,5,True,-0.8857142857142857,0.8857142857142857,1.552776755306336,True,1,0,0,True,1.3888457514990047,125.0,355.0,0.0,0.0,0.0,0.0,1.0
2025-01-28 19:00:00+00:00,2025-01-28,2025-01-28:1,True,3,5,True,-0.8457300275482094,0.4644881860473113,-0.5992640680719626,True,1,0,0,True,-0.6699975963419371,120.0,360.0,0.0,0.0,0.0,1.0,0.0
2025-01-28 19:05:00+00:00,2025-01-28,2025-01-28:1,True,3,10,True,-0.8076923076923077,0.44620815301189876,-0.5933956247506094,True,0,1,1,True,0.0,115.0,365.0,0.0,0.0,0.0,1.0,0.0
2025-01-28 19:10:00+00:00,2025-01-28,2025-01-28:1,True,0,5,True,-0.848314606741573,0.848314606741573,1.278383821941975,True,0,0,1,True,1.5880850706664933,110.0,370.0,1.0,0.0,0.0,0.0,0.0
2025-01-28 19:15:00+00:00,2025-01-28,2025-01-28:1,True,0,10,True,-0.8514588859416445,0.8514588859416445,0.829754606281354,True,0,0,1,True,0.8558559296500194,105.0,375.0,1.0,0.0,0.0,0.0,0.0
2025-01-28 19:20:00+00:00,2025-01-28,2025-01-28:1,True,0,15,True,-0.7771428571428571,0.13823438728428483,-1.726673487805335,True,0,0,1,True,-1.9304796468396916,100.0,380.0,1.0,0.0,0.0,0.0,0.0
2025-01-28 19:25:00+00:00,2025-01-28,2025-01-28:1,True,3,5,True,-0.5674157303370787,0.13907557786739416,-1.4060747345011526,True,0,0,1,True,-1.0870144952504623,95.0,385.0,0.0,0.0,0.0,1.0,0.0
2025-01-28 19:30:00+00:00,2025-01-28,2025-01-28:1,True,3,10,True,-0.5755813953488372,0.2527168025953767,-0.8231111478545938,True,0,0,1,True,0.18541212296456663,90.0,390.0,0.0,0.0,0.0,1.0,0.0
2025-01-28 19:35:00+00:00,2025-01-28,2025-01-28:1,True,0,5,True,-0.4368932038834951,0.4368932038834951,0.4210705709518196,True,0,0,1,True,0.9415424199729171,85.0,395.0,1.0,0.0,0.0,0.0,0.0
2025-01-28 19:40:00+00:00,2025-01-28,2025-01-28:1,True,0,10,True,-0.08626198083067092,0.08626198083067092,2.3801804440907457,True,0,0,1,True,-0.6732428666115737,80.0,400.0,1.0,0.0,0.0,0.0,0.0
2025-01-28 19:45:00+00:00,2025-01-28,2025-01-28:1,True,0,15,True,-0.20689655172413793,0.15820791529606976,-0.26830883066474426,True,0,0,1,True,-2.099848745154469,75.0,405.0,1.0,0.0,0.0,0.0,0.0
2025-01-28 19:50:00+00:00,2025-01-28,2025-01-28:1,True,0,20,True,-0.167192429022082,0.167192429022082,1.058380877719086,True,0,0,1,True,0.8874793457507143,70.0,410.0,1.0,0.0,0.0,0.0,0.0
2025-01-28 19:55:00+00:00,2025-01-28,2025-01-28:1,True,2,5,True,-0.21712538226299694,0.14585632227397158,-0.39785294197018356,True,0,0,1,True,-0.2965420744306413,65.0,415.0,0.0,0.0,1.0,0.0,0.0
2025-01-28 20:00:00+00:00,2025-01-28,2025-01-28:1,True,1,5,True,-0.23547400611620795,0.23547400611620795,1.08612249583889,True,0,0,1,True,1.3465768556969655,60.0,420.0,0.0,1.0,0.0,0.0,0.0
2025-01-28 20:05:00+00:00,2025-01-28,2025-01-28:1,True,2,5,True,-0.19135802469135801,0.19135802469135801,0.26871899498152196,True,0,0,1,True,-0.478677065645372,55.0,425.0,0.0,0.0,1.0,0.0,0.0
2025-01-28 20:10:00+00:00,2025-01-28,2025-01-28:1,True,0,5,True,-0.03180212014134275,0.027629831159412144,-0.14063693052892606,True,0,0,1,True,-0.6289474736191882,50.0,430.0,1.0,0.0,0.0,0.0,0.0
2025-01-28 20:15:00+00:00,2025-01-28,2025-01-28:1,True,0,10,True,-0.17721518987341772,0.1321492998244119,-0.2934324134337877,True,0,0,1,True,0.6561348232379068,45.0,435.0,1.0,0.0,0.0,0.0,0.0
2025-01-28 20:20:00+00:00,2025-01-28,2025-01-28:1,True,0,15,True,-0.125,0.125,0.0,True,0,0,1,True,0.14227572153267773,40.0,440.0,1.0,0.0,0.0,0.0,0.0
2025-01-28 20:25:00+00:00,2025-01-28,2025-01-28:1,True,1,5,True,-0.2897727272727273,0.2897727272727273,1.2089205268136902,True,0,0,1,True,0.6758071193385276,35.0,445.0,0.0,1.0,0.0,0.0,0.0
2025-01-28 20:30:00+00:00,2025-01-28,2025-01-28:1,True,0,5,True,-0.4179566563467492,0.2188034390368022,-0.6472039460551315,True,0,0,1,True,0.6286029566429548,30.0,450.0,1.0,0.0,0.0,0.0,0.0
2025-01-28 20:35:00+00:00,2025-01-28,2025-01-28:1,True,0,10,True,-0.6529968454258676,0.6529968454258676,0.33410104332920615,True,0,0,1,True,0.886895676846746,25.0,455.0,1.0,0.0,0.0,0.0,0.0
2025-01-28 20:40:00+00:00,2025-01-28,2025-01-28:1,True,0,15,True,-0.808,0.5736299240653902,-0.34257760172371676,True,0,0,1,True,-0.76602680502308,20.0,460.0,1.0,0.0,0.0,0.0,0.0
2025-01-28 20:45:00+00:00,2025-01-28,2025-01-28:1,True,0,20,True,-0.7457212713936431,0.7457212713936431,0.0,True,0,0,1,True,0.0,15.0,465.0,1.0,0.0,0.0,0.0,0.0
2025-01-28 20:50:00+00:00,2025-01-28,2025-01-28:1,True,0,25,True,-0.6081081081081081,0.6081081081081081,0.0,True,0,0,1,True,2.447474057001561,10.0,470.0,1.0,0.0,0.0,0.0,0.0
2025-01-28 20:55:00+00:00,2025-01-28,2025-01-28:1,True,0,30,True,-0.47989276139410186,0.47989276139410186,0.6881129375430283,True,0,0,1,True,0.0,5.0,475.0,1.0,0.0,0.0,0.0,0.0
2025-01-28 21:00:00+00:00,2025-01-28,2025-01-28:1,True,0,35,True,-0.2682926829268293,0.2682926829268293,0.0,True,0,0,1,True,-0.6050310077424008,0.0,480.0,1.0,0.0,0.0,0.0,0.0
2025-01-29 13:00:00+00:00,2025-01-29,2025-01-29:1,False,-1,0,False,,,,False,0,0,0,False,,480.0,0.0,,,,,
2025-01-29 13:05:00+00:00,2025-01-29,2025-01-29:1,False,-1,0,True,0.25073746312684364,,,False,0,0,0,False,,475.0,5.0,,,,,
2025-01-29 13:10:00+00:00,2025-01-29,2025-01-29:1,False,-1,0,True,0.3856655290102389,,,False,0,0,0,False,,470.0,10.0,,,,,
2025-01-29 13:15:00+00:00,2025-01-29,2025-01-29:1,False,-1,0,True,0.4619883040935672,,,False,0,0,0,False,,465.0,15.0,,,,,
2025-01-29 13:20:00+00:00,2025-01-29,2025-01-29:1,False,-1,0,True,0.10097719869706841,,,False,0,0,0,False,,460.0,20.0,,,,,
2025-01-29 13:25:00+00:00,2025-01-29,2025-01-29:1,False,-1,0,True,0.44385026737967914,,,False,0,0,0,False,,455.0,25.0,,,,,
2025-01-29 13:30:00+00:00,2025-01-29,2025-01-29:1,False,-1,0,True,0.4794520547945205,,,False,0,0,0,False,,450.0,30.0,,,,,
2025-01-29 13:35:00+00:00,2025-01-29,2025-01-29:1,False,-1,0,True,0.8142548596112311,,,False,0,0,0,False,,445.0,35.0,,,,,
2025-01-29 13:40:00+00:00,2025-01-29,2025-01-29:1,False,-1,0,True,0.8329113924050633,,,False,0,0,0,False,,440.0,40.0,,,,,
2025-01-29 13:45:00+00:00,2025-01-29,2025-01-29:1,False,-1,0,True,0.8907103825136612,,,False,0,0,0,False,,435.0,45.0,,,,,
2025-01-29 13:50:00+00:00,2025-01-29,2025-01-29:1,False,-1,0,True,0.9369369369369369,,,False,0,0,0,False,,430.0,50.0,,,,,
2025-01-29 13:55:00+00:00,2025-01-29,2025-01-29:1,False,-1,0,True,0.8215962441314554,,,False,0,0,0,False,,425.0,55.0,,,,,
2025-01-29 14:00:00+00:00,2025-01-29,2025-01-29:1,False,-1,0,True,0.8056265984654731,,,False,0,0,0,False,,420.0,60.0,,,,,
2025-01-29 14:05:00+00:00,2025-01-29,2025-01-29:1,True,0,5,True,0.7432098765432099,0.7432098765432099,-1.6248737788317509,True,0,0,0,False,,415.0,65.0,1.0,0.0,0.0,0.0,0.0
2025-01-29 14:10:00+00:00,2025-01-29,2025-01-29:1,True,0,10,True,0.7471264367816092,0.7471264367816092,-0.6161368881012896,True,0,0,0,False,,410.0,70.0,1.0,0.0,0.0,0.0,0.0
2025-01-29 14:15:00+00:00,2025-01-29,2025-01-29:1,True,0,15,True,0.6640419947506562,0.6640419947506562,0.0,True,0,0,0,False,,405.0,75.0,1.0,0.0,0.0,0.0,0.0
2025-01-29 14:20:00+00:00,2025-01-29,2025-01-29:1,True,0,20,True,0.45345345345345345,0.0722308640753193,1.8370251909939155,True,0,0,0,False,,400.0,80.0,1.0,0.0,0.0,0.0,0.0
2025-01-29 14:25:00+00:00,2025-01-29,2025-01-29:1,True,3,5,True,0.40384615384615385,0.40384615384615385,-2.311336464549984,True,0,0,0,False,,395.0,85.0,0.0,0.0,0.0,1.0,0.0
2025-01-29 14:30:00+00:00,2025-01-29,2025-01-29:1,True,4,5,True,0.6198347107438017,0.6198347107438017,-0.1227661430750811,True,0,0,0,False,,390.0,90.0,0.0,0.0,0.0,0.0,1.0
2025-01-29 14:35:00+00:00,2025-01-29,2025-01-29:1,True,0,5,True,0.6243386243386243,0.6243386243386243,0.0,True,0,0,0,False,,385.0,95.0,1.0,0.0,0.0,0.0,0.0
2025-01-29 14:40:00+00:00,2025-01-29,2025-01-29:1,True,0,10,True,0.71,0.41587786225792056,0.5348733532246532,True,0,0,0,False,,380.0,100.0,1.0,0.0,0.0,0.0,0.0
2025-01-29 14:45:00+00:00,2025-01-29,2025-01-29:1,True,0,15,True,0.3681159420289855,0.21159192164581495,0.5537384266312477,True,0,0,0,False,,375.0,105.0,1.0,0.0,0.0,0.0,0.0
2025-01-29 14:50:00+00:00,2025-01-29,2025-01-29:1,True,0,20,True,0.39285714285714285,0.39285714285714285,0.0,True,0,0,0,False,,370.0,110.0,1.0,0.0,0.0,0.0,0.0
2025-01-29 14:55:00+00:00,2025-01-29,2025-01-29:1,True,0,25,True,0.5727272727272728,0.42317627906184385,0.3026208119742539,True,0,0,0,False,,365.0,115.0,1.0,0.0,0.0,0.0,0.0
2025-01-29 15:00:00+00:00,2025-01-29,2025-01-29:1,True,0,30,True,0.2658959537572254,0.2658959537572254,-0.3026208119742572,True,0,0,0,False,,360.0,120.0,1.0,0.0,0.0,0.0,0.0
2025-01-29 15:05:00+00:00,2025-01-29,2025-01-29:1,True,0,35,True,-0.00684931506849315,0.002819933173979783,-0.8874354697748504,True,0,0,0,True,-0.777339154194534,355.0,125.0,1.0,0.0,0.0,0.0,0.0
2025-01-29 15:10:00+00:00,2025-01-29,2025-01-29:1,True,0,40,True,0.5769230769230769,0.5769230769230769,-0.30524288571449315,True,0,0,0,True,0.0,350.0,130.0,1.0,0.0,0.0,0.0,0.0
2025-01-29 15:15:00+00:00,2025-01-29,2025-01-29:1,True,0,45,True,0.30337078651685395,0.30337078651685395,0.0,True,0,0,0,True,-0.7041294762519316,345.0,135.0,1.0,0.0,0.0,0.0,0.0
2025-01-29 15:20:00+00:00,2025-01-29,2025-01-29:1,True,0,50,True,0.42618384401114207,0.112019984304087,1.3361935252216768,True,0,0,0,True,0.8965840536100776,340.0,140.0,1.0,0.0,0.0,0.0,0.0
2025-01-29 15:25:00+00:00,2025-01-29,2025-01-29:1,True,0,55,True,0.060240963855421686,0.027167821517461724,0.7963193430992331,True,0,0,0,True,0.8903120914851969,335.0,145.0,1.0,0.0,0.0,0.0,0.0
2025-01-29 15:30:00+00:00,2025-01-29,2025-01-29:1,True,3,5,True,0.4745308310991957,0.4745308310991957,-6.260817410343341,True,0,0,0,True,-13.680739033770479,330.0,150.0,0.0,0.0,0.0,1.0,0.0
2025-01-29 15:35:00+00:00,2025-01-29,2025-01-29:1,True,0,5,True,0.9509803921568627,0.5466363609995634,0.553709650783733,True,0,0,0,True,0.0,325.0,155.0,1.0,0.0,0.0,0.0,0.0
2025-01-29 15:40:00+00:00,2025-01-29,2025-01-29:1,True,0,10,True,0.9371069182389937,0.4848319688535261,0.6589950077717284,True,0,0,0,True,0.2665819127531054,320.0,160.0,1.0,0.0,0.0,0.0,0.0
2025-01-29 15:45:00+00:00,2025-01-29,2025-01-29:1,True,0,15,True,0.9357798165137615,0.31794322487711235,1.0795073813192038,True,0,0,0,True,0.48277037736795636,315.0,165.0,1.0,0.0,0.0,0.0,0.0
2025-01-29 15:50:00+00:00,2025-01-29,2025-01-29:1,True,0,20,True,0.9030612244897959,0.9030612244897959,-0.19571915597555867,True,0,0,0,True,0.8211762072123622,310.0,170.0,1.0,0.0,0.0,0.0,0.0
2025-01-29 15:55:00+00:00,2025-01-29,2025-01-29:1,True,0,25,True,0.9198218262806236,0.26577136108910154,1.2415435898174614,True,0,0,0,True,0.689521740603104,305.0,175.0,1.0,0.0,0.0,0.0,0.0
2025-01-29 16:00:00+00:00,2025-01-29,2025-01-29:1,True,1,5,True,0.8275862068965517,0.5634933854735037,0.3843576842228161,True,0,0,0,True,0.5782380154450725,300.0,180.0,0.0,1.0,0.0,0.0,0.0
2025-01-29 16:05:00+00:00,2025-01-29,2025-01-29:1,True,2,5,True,0.8903394255874674,0.8903394255874674,-0.38667417933611387,True,0,0,0,True,-1.0057627205907882,295.0,185.0,0.0,0.0,1.0,0.0,0.0
2025-01-29 16:10:00+00:00,2025-01-29,2025-01-29:1,True,1,5,True,0.8649789029535865,0.27548154147137455,1.1441844907409557,True,0,0,0,True,0.5523083902314071,290.0,190.0,0.0,1.0,0.0,0.0,0.0
2025-01-29 16:15:00+00:00,2025-01-29,2025-01-29:1,True,1,10,True,0.8685446009389671,0.16003987957046367,1.6913959068587636,True,0,0,0,True,0.9604656143438867,285.0,195.0,0.0,1.0,0.0,0.0,0.0
2025-01-29 16:20:00+00:00,2025-01-29,2025-01-29:1,True,2,5,True,0.9259259259259259,0.9259259259259259,-0.3710474733992189,True,0,0,0,True,0.07432016602685025,280.0,200.0,0.0,0.0,1.0,0.0,0.0
2025-01-29 16:25:00+00:00,2025-01-29,2025-01-29:1,True,1,5,True,0.863013698630137,0.4524503911286397,0.6457524399603042,True,0,0,0,True,0.6976933372572717,275.0,205.0,0.0,1.0,0.0,0.0,0.0
2025-01-29 16:30:00+00:00,2025-01-29,2025-01-29:1,True,2,5,True,0.8990825688073395,0.7459531677162552,0.1867120550506646,True,0,0,0,True,0.11458145049824482,270.0,210.0,0.0,0.0,1.0,0.0,0.0
2025-01-29 16:35:00+00:00,2025-01-29,2025-01-29:1,True,2,10,True,0.900497512437811,0.900497512437811,-0.26864708042803004,True,0,0,0,True,0.37508205263888705,265.0,215.0,0.0,0.0,1.0,0.0,0.0
2025-01-29 16:40:00+00:00,2025-01-29,2025-01-29:1,True,1,5,True,0.8263157894736842,0.3414310247806354,0.8838313307755538,True,0,0,0,True,-1.1293182492911107,260.0,220.0,0.0,1.0,0.0,0.0,0.0
2025-01-29 16:45:00+00:00,2025-01-29,2025-01-29:1,True,1,10,True,0.8119266055045872,0.43767703968624616,0.6179286626828594,True,0,0,0,True,0.8290382970017042,255.0,225.0,0.0,1.0,0.0,0.0,0.0
2025-01-29 16:50:00+00:00,2025-01-29,2025-01-29:1,True,2,5,True,0.6613756613756614,0.6613756613756614,-0.44079236752306955,True,0,0,0,True,-0.8914473576890803,250.0,230.0,0.0,0.0,1.0,0.0,0.0
2025-01-29 16:55:00+00:00,2025-01-29,2025-01-29:1,True,0,5,True,0.6826196473551638,0.6826196473551638,-0.5753223378478487,True,0,0,0,True,1.2864598564018899,245.0,235.0,1.0,0.0,0.0,0.0,0.0
2025-01-29 17:00:00+00:00,2025-01-29,2025-01-29:1,True,0,10,True,0.5580736543909348,0.42051842890338226,0.28300264616678683,True,0,0,0,True,0.41360693840848933,240.0,240.0,1.0,0.0,0.0,0.0,0.0
2025-01-29 17:05:00+00:00,2025-01-29,2025-01-29:1,True,0,15,True,0.6277602523659306,0.47063176611949104,0.2880823544978125,True,0,0,0,True,0.2316192847528212,235.0,245.0,1.0,0.0,0.0,0.0,0.0
2025-01-29 17:10:00+00:00,2025-01-29,2025-01-29:1,True,0,20,True,0.5287009063444109,0.39320710897727856,0.29608640961922156,True,0,0,0,True,-0.4310489841265574,230.0,250.0,1.0,0.0,0.0,0.0,0.0
2025-01-29 17:15:00+00:00,2025-01-29,2025-01-29:1,True,0,25,True,0.5619596541786743,0.4122687241377902,0.30975467781466204,True,0,0,0,True,0.0,225.0,255.0,1.0,0.0,0.0,0.0,0.0
2025-01-29 17:20:00+00:00,2025-01-29,2025-01-29:1,True,0,30,True,0.5240963855421686,0.196484887402082,0.9810900898237593,True,0,0,0,True,0.7312613776317407,220.0,260.0,1.0,0.0,0.0,0.0,0.0
2025-01-29 17:25:00+00:00,2025-01-29,2025-01-29:1,True,1,5,True,0.5347593582887701,0.2718776429497745,0.6764647251253708,True,0,0,0,True,0.0,215.0,265.0,0.0,1.0,0.0,0.0,0.0
2025-01-29 17:30:00+00:00,2025-01-29,2025-01-29:1,True,0,5,True,0.4088050314465409,0.4088050314465409,-1.012226272159133,True,0,0,0,True,0.0,210.0,270.0,1.0,0.0,0.0,0.0,0.0
2025-01-29 17:35:00+00:00,2025-01-29,2025-01-29:1,True,0,10,True,0.19148936170212766,0.19148936170212766,0.0,True,0,0,0,True,0.0,205.0,275.0,1.0,0.0,0.0,0.0,0.0
2025-01-29 17:40:00+00:00,2025-01-29,2025-01-29:1,True,0,15,True,0.13220338983050847,0.13220338983050847,-0.8128689621358046,True,0,0,0,True,-0.07794146402320826,200.0,280.0,1.0,0.0,0.0,0.0,0.0
2025-01-29 17:45:00+00:00,2025-01-29,2025-01-29:1,True,1,5,True,0.23780487804878048,0.012789911800057884,2.9227937777285953,True,0,0,0,True,0.9536951450998251,195.0,285.0,0.0,1.0,0.0,0.0,0.0
2025-01-29 17:50:00+00:00,2025-01-29,2025-01-29:1,True,0,5,True,0.30726256983240224,0.30726256983240224,-0.8177488031647026,True,0,0,0,True,0.0,190.0,290.0,1.0,0.0,0.0,0.0,0.0
2025-01-29 17:55:00+00:00,2025-01-29,2025-01-29:1,True,0,10,True,0.36694677871148457,0.36694677871148457,0.0,True,0,0,0,True,0.0,185.0,295.0,1.0,0.0,0.0,0.0,0.0
2025-01-29 18:00:00+00:00,2025-01-29,2025-01-29:1,True,0,15,True,0.4132762312633833,0.33282268120107456,0.21650635094589823,True,0,0,0,True,1.344840060594514,180.0,300.0,1.0,0.0,0.0,0.0,0.0
2025-01-29 18:05:00+00:00,2025-01-29,2025-01-29:1,True,0,20,True,0.6827195467422096,0.6827195467422096,-0.8468701103808494,True,0,0,0,True,-1.7439524324656905,175.0,305.0,1.0,0.0,0.0,0.0,0.0
2025-01-29 18:10:00+00:00,2025-01-29,2025-01-29:1,True,1,5,True,0.8623853211009175,0.10455020504928696,2.1100347918945443,True,0,0,0,True,0.7007154038396862,170.0,310.0,0.0,1.0,0.0,0.0,0.0
2025-01-29 18:15:00+00:00,2025-01-29,2025-01-29:1,True,0,5,True,0.8051948051948052,0.6764290025613895,0.17425674824252016,True,0,0,0,True,0.7792998692144693,165.0,315.0,1.0,0.0,0.0,0.0,0.0
2025-01-29 18:20:00+00:00,2025-01-29,2025-01-29:1,True,0,10,True,0.7857142857142857,0.7857142857142857,-0.695121567928472,True,0,0,0,True,-0.777169539256046,160.0,320.0,1.0,0.0,0.0,0.0,0.0
2025-01-29 18:25:00+00:00,2025-01-29,2025-01-29:1,True,0,15,True,0.8518518518518519,0.8518518518518519,0.0,True,0,0,0,True,-0.15123742527489706,155.0,325.0,1.0,0.0,0.0,0.0,0.0
2025-01-29 18:30:00+00:00,2025-01-29,2025-01-29:1,True,1,5,True,0.9047619047619048,0.31802542454225896,1.0455404894501683,True,0,0,0,True,-0.6593298437657925,150.0,330.0,0.0,1.0,0.0,0.0,0.0
2025-01-29 18:35:00+00:00,2025-01-29,2025-01-29:1,True,1,10,True,0.7093596059113301,0.3533063778942246,0.697026992967109,True,0,0,0,True,0.9166619608754759,145.0,335.0,0.0,1.0,0.0,0.0,0.0
2025-01-29 18:40:00+00:00,2025-01-29,2025-01-29:1,True,0,5,True,0.8164251207729468,0.5754887747009126,0.34971547796628843,True,0,0,0,True,0.9286789584421733,140.0,340.0,1.0,0.0,0.0,0.0,0.0
2025-01-29 18:45:00+00:00,2025-01-29,2025-01-29:1,True,1,5,True,0.7398843930635838,0.3753452443384861,0.678647694403989,True,0,0,0,True,-0.6675334498022405,135.0,345.0,0.0,1.0,0.0,0.0,0.0
2025-01-29 18:50:00+00:00,2025-01-29,2025-01-29:1,True,1,10,True,0.8157894736842105,0.5720653243682506,0.35490313544081853,True,0,0,0,True,-0.7935875362712296,130.0,350.0,0.0,1.0,0.0,0.0,0.0
2025-01-29 18:55:00+00:00,2025-01-29,2025-01-29:1,True,2,5,True,0.7,0.7,0.0,True,0,0,0,True,0.0,125.0,355.0,0.0,0.0,1.0,0.0,0.0
2025-01-29 19:00:00+00:00,2025-01-29,2025-01-29:1,True,1,5,True,0.7858880778588808,0.2631997477912062,1.093901146497954,True,0,0,0,True,-0.6810629683099234,120.0,360.0,0.0,1.0,0.0,0.0,0.0
2025-01-29 19:05:00+00:00,2025-01-29,2025-01-29:1,True,1,10,True,0.7620396600566572,0.25186534748511674,1.107103992323798,True,0,0,0,True,0.8251865950007027,115.0,365.0,0.0,1.0,0.0,0.0,0.0
2025-01-29 19:10:00+00:00,2025-01-29,2025-01-29:1,True,1,15,True,0.5729166666666666,0.3562019625492931,0.4752423922228034,True,0,0,0,True,-1.062674294799806,110.0,370.0,0.0,1.0,0.0,0.0,0.0
2025-01-29 19:15:00+00:00,2025-01-29,2025-01-29:1,True,1,20,True,0.4601226993865031,0.17776089834674377,0.951053812127331,True,0,0,0,True,0.0,105.0,375.0,0.0,1.0,0.0,0.0,0.0
2025-01-29 19:20:00+00:00,2025-01-29,2025-01-29:1,True,1,25,True,0.40350877192982454,0.1570166337130303,0.943846480123685,True,0,0,0,True,0.0,100.0,380.0,0.0,1.0,0.0,0.0,0.0
2025-01-29 19:25:00+00:00,2025-01-29,2025-01-29:1,True,1,30,True,0.4,0.24990787602511133,0.4703721930565882,True,0,0,0,True,0.0,95.0,385.0,0.0,1.0,0.0,0.0,0.0
2025-01-29 19:30:00+00:00,2025-01-29,2025-01-29:1,True,2,5,True,0.329153605015674,0.329153605015674,-1.432771807213737,True,0,0,0,True,-1.0679250523907013,90.0,390.0,0.0,0.0,1.0,0.0,0.0
2025-01-29 19:35:00+00:00,2025-01-29,2025-01-29:1,True,1,5,True,0.4411764705882353,0.27365121377018803,0.47759060240412654,True,0,0,0,True,0.0,85.0,395.0,0.0,1.0,0.0,0.0,0.0
2025-01-29 19:40:00+00:00,2025-01-29,2025-01-29:1,True,1,10,True,0.4906832298136646,0.11041016390148485,1.4915965725343165,True,0,0,0,True,1.3706222306665394,80.0,400.0,0.0,1.0,0.0,0.0,0.0
2025-01-29 19:45:00+00:00,2025-01-29,2025-01-29:1,True,1,15,True,0.4161073825503356,0.2412864380116259,0.5449585908776643,True,0,0,0,True,-1.2185644541284175,75.0,405.0,0.0,1.0,0.0,0.0,0.0
2025-01-29 19:50:00+00:00,2025-01-29,2025-01-29:1,True,1,20,True,0.5726027397260274,0.20620534254345388,1.021319696595158,True,0,0,0,True,0.0,70.0,410.0,0.0,1.0,0.0,0.0,0.0
2025-01-29 19:55:00+00:00,2025-01-29,2025-01-29:1,True,1,25,True,0.653179190751445,0.10250288847066182,1.8519605248137114,True,0,0,0,True,1.5820625876578562,65.0,415.0,0.0,1.0,0.0,0.0,0.0
2025-01-29 20:00:00+00:00,2025-01-29,2025-01-29:1,True,2,5,True,0.4315245478036176,0.4315245478036176,-0.47298451710817563,True,0,0,0,True,1.0576255325617991,60.0,420.0,0.0,0.0,1.0,0.0,0.0
2025-01-29 20:05:00+00:00,2025-01-29,2025-01-29:1,True,1,5,True,0.7289002557544757,0.024097010466790806,3.409449113484409,True,0,0,0,True,2.335926805880467,55.0,425.0,0.0,1.0,0.0,0.0,0.0
2025-01-29 20:10:00+00:00,2025-01-29,2025-01-29:1,True,1,10,True,0.7050147492625368,0.14867365793471177,1.5564650348202815,True,0,0,0,True,0.0,50.0,430.0,0.0,1.0,0.0,0.0,0.0
2025-01-29 20:15:00+00:00,2025-01-29,2025-01-29:1,True,2,5,True,0.7872340425531915,0.6531003140466837,0.18679485215237346,True,0,0,0,True,0.5335595176715768,45.0,435.0,0.0,0.0,1.0,0.0,0.0
2025-01-29 20:20:00+00:00,2025-01-29,2025-01-29:1,True,1,5,True,0.5259259259259259,0.06929966944231333,2.0267202413527303,True,0,0,0,True,1.3341676610989823,40.0,440.0,0.0,1.0,0.0,0.0,0.0
2025-01-29 20:25:00+00:00,2025-01-29,2025-01-29:1,True,2,5,True,0.32344213649851633,0.32344213649851633,-0.723582631587751,True,0,0,0,True,0.3177424977260368,35.0,445.0,0.0,0.0,1.0,0.0,0.0
2025-01-29 20:30:00+00:00,2025-01-29,2025-01-29:1,True,1,5,True,0.35973597359735976,0.0840776598623789,1.4536294617948167,True,0,0,0,True,0.33679403260535723,30.0,450.0,0.0,1.0,0.0,0.0,0.0
2025-01-29 20:35:00+00:00,2025-01-29,2025-01-29:1,True,2,5,True,-0.10508474576271186,0.06340975032146785,-0.5051494869494091,True,0,0,0,True,0.0,25.0,455.0,0.0,0.0,1.0,0.0,0.0
2025-01-29 20:40:00+00:00,2025-01-29,2025-01-29:1,True,2,10,True,-0.10204081632653061,0.10204081632653061,0.0,True,0,0,0,True,0.7266250009569669,20.0,460.0,0.0,0.0,1.0,0.0,0.0
2025-01-29 20:45:00+00:00,2025-01-29,2025-01-29:1,True,0,5,True,0.0,0.0,-2.450675882097272,True,0,0,0,True,0.0,15.0,465.0,1.0,0.0,0.0,0.0,0.0
2025-01-29 20:50:00+00:00,2025-01-29,2025-01-29:1,True,4,5,True,0.16981132075471697,0.1308703593883944,0.2604807325545729,True,0,0,0,True,0.1746655338095207,10.0,470.0,0.0,0.0,0.0,0.0,1.0
2025-01-29 20:55:00+00:00,2025-01-29,2025-01-29:1,True,3,5,True,0.17302052785923755,0.17302052785923755,-0.6998743864562085,True,0,0,0,True,-0.7249853344928129,5.0,475.0,0.0,0.0,0.0,1.0,0.0
2025-01-29 21:00:00+00:00,2025-01-29,2025-01-29:1,True,3,10,True,-0.05982905982905983,0.03287731496157639,-0.5987085881387604,True,0,0,0,True,0.0,0.0,480.0,0.0,0.0,0.0,1.0,0.0
2025-01-30 13:00:00+00:00,2025-01-30,2025-01-30:1,False,-1,0,False,,,,False,0,0,0,False,,480.0,0.0,,,,,
2025-01-30 13:05:00+00:00,2025-01-30,2025-01-30:1,False,-1,0,True,-0.06070287539936102,,,False,0,0,0,False,,475.0,5.0,,,,,
2025-01-30 13:10:00+00:00,2025-01-30,2025-01-30:1,False,-1,0,True,0.003389830508474576,,,False,0,0,0,False,,470.0,10.0,,,,,
2025-01-30 13:15:00+00:00,2025-01-30,2025-01-30:1,False,-1,0,True,-0.20666666666666667,,,False,0,0,0,False,,465.0,15.0,,,,,
2025-01-30 13:20:00+00:00,2025-01-30,2025-01-30:1,False,-1,0,True,-0.6213333333333333,,,False,0,0,0,False,,460.0,20.0,,,,,
2025-01-30 13:25:00+00:00,2025-01-30,2025-01-30:1,False,-1,0,True,-0.2958579881656805,,,False,0,0,0,False,,455.0,25.0,,,,,
2025-01-30 13:30:00+00:00,2025-01-30,2025-01-30:1,False,-1,0,True,-0.41904761904761906,,,False,0,0,0,False,,450.0,30.0,,,,,
2025-01-30 13:35:00+00:00,2025-01-30,2025-01-30:1,False,-1,0,True,-0.7686375321336761,,,False,0,0,0,False,,445.0,35.0,,,,,
2025-01-30 13:40:00+00:00,2025-01-30,2025-01-30:1,False,-1,0,True,-0.7852760736196319,,,False,0,0,0,False,,440.0,40.0,,,,,
2025-01-30 13:45:00+00:00,2025-01-30,2025-01-30:1,False,-1,0,True,-0.8405797101449275,,,False,0,0,0,False,,435.0,45.0,,,,,
2025-01-30 13:50:00+00:00,2025-01-30,2025-01-30:1,False,-1,0,True,-0.8369304556354916,,,False,0,0,0,False,,430.0,50.0,,,,,
2025-01-30 13:55:00+00:00,2025-01-30,2025-01-30:1,False,-1,0,True,-0.7227722772277227,,,False,0,0,0,False,,425.0,55.0,,,,,
2025-01-30 14:00:00+00:00,2025-01-30,2025-01-30:1,False,-1,0,True,-0.7589041095890411,,,False,0,0,0,False,,420.0,60.0,,,,,
2025-01-30 14:05:00+00:00,2025-01-30,2025-01-30:1,True,3,5,True,-0.7888888888888889,0.11321542942925013,-1.9413330268338953,True,0,0,0,False,,415.0,65.0,0.0,0.0,0.0,1.0,0.0
2025-01-30 14:10:00+00:00,2025-01-30,2025-01-30:1,True,4,5,True,-0.8663366336633663,0.8663366336633663,0.0,True,0,0,0,False,,410.0,70.0,0.0,0.0,0.0,0.0,1.0
2025-01-30 14:15:00+00:00,2025-01-30,2025-01-30:1,True,3,5,True,-0.8873239436619719,0.24422938023116164,-1.2901022617257591,True,0,0,0,False,,405.0,75.0,0.0,0.0,0.0,1.0,0.0
2025-01-30 14:20:00+00:00,2025-01-30,2025-01-30:1,True,3,10,True,-0.9330143540669856,0.5418993518998522,-0.5433402989871098,True,0,0,0,False,,400.0,80.0,0.0,0.0,0.0,1.0,0.0
2025-01-30 14:25:00+00:00,2025-01-30,2025-01-30:1,True,3,15,True,-0.8896882494004796,0.29823841788373345,-1.092977893150247,True,0,0,0,False,,395.0,85.0,0.0,0.0,0.0,1.0,0.0
2025-01-30 14:30:00+00:00,2025-01-30,2025-01-30:1,True,3,20,True,-0.9313984168865436,0.4429242600103344,-0.7432883460363157,True,0,0,0,False,,390.0,90.0,0.0,0.0,0.0,1.0,0.0
2025-01-30 14:35:00+00:00,2025-01-30,2025-01-30:1,True,3,25,True,-0.9718969555035128,0.42438637041071803,-0.8286054947206869,True,0,0,0,False,,385.0,95.0,0.0,0.0,0.0,1.0,0.0
2025-01-30 14:40:00+00:00,2025-01-30,2025-01-30:1,True,3,30,True,-0.9485981308411215,0.38406025019353396,-0.9041858011764449,True,0,0,0,False,,380.0,100.0,0.0,0.0,0.0,1.0,0.0
2025-01-30 14:45:00+00:00,2025-01-30,2025-01-30:1,True,3,35,True,-0.9343434343434344,0.1621267200627192,-1.7514658213008236,True,0,0,0,False,,375.0,105.0,0.0,0.0,0.0,1.0,0.0
2025-01-30 14:50:00+00:00,2025-01-30,2025-01-30:1,True,4,5,True,-0.8446601941747572,0.5464377272608568,-0.43551405657063574,True,0,0,0,False,,370.0,110.0,0.0,0.0,0.0,0.0,1.0
2025-01-30 14:55:00+00:00,2025-01-30,2025-01-30:1,True,4,10,True,-0.9441340782122905,0.5969470817310643,-0.4584397189171137,True,0,0,0,False,,365.0,115.0,0.0,0.0,0.0,0.0,1.0
2025-01-30 15:00:00+00:00,2025-01-30,2025-01-30:1,True,4,15,True,-0.8832116788321168,0.8832116788321168,0.0,True,0,0,0,False,,360.0,120.0,0.0,0.0,0.0,0.0,1.0
2025-01-30 15:05:00+00:00,2025-01-30,2025-01-30:1,True,4,20,True,-0.8512820512820513,0.8512820512820513,0.0,True,0,0,0,True,0.6865969689139589,355.0,125.0,0.0,0.0,0.0,0.0,1.0
2025-01-30 15:10:00+00:00,2025-01-30,2025-01-30:1,True,3,5,True,-0.7567567567567568,0.2889889567360443,-0.9626534011167868,True,0,0,0,True,1.076279221832724,350.0,130.0,0.0,0.0,0.0,1.0,0.0
2025-01-30 15:15:00+00:00,2025-01-30,2025-01-30:1,True,3,10,True,-0.6827956989247311,0.16048210637133742,-1.4480132421555143,True,0,0,0,True,0.645413064862681,345.0,135.0,0.0,0.0,0.0,1.0,0.0
2025-01-30 15:20:00+00:00,2025-01-30,2025-01-30:1,True,3,15,True,-0.6926829268292682,0.41305885414255517,-0.5169822706595529,True,0,0,0,True,0.0,340.0,140.0,0.0,0.0,0.0,1.0,0.0
2025-01-30 15:25:00+00:00,2025-01-30,2025-01-30:1,True,4,5,True,-0.60932944606414,0.60932944606414,0.5150416396713825,True,1,0,0,True,2.3033362350963276,335.0,145.0,0.0,0.0,0.0,0.0,1.0
2025-01-30 15:30:00+00:00,2025-01-30,2025-01-30:1,True,4,10,True,-0.6764705882352942,0.6764705882352942,0.2577260975246186,True,1,0,0,True,4.610344589129576,330.0,150.0,0.0,0.0,0.0,0.0,1.0
2025-01-30 15:35:00+00:00,2025-01-30,2025-01-30:1,True,3,5,True,-0.6576576576576577,0.1135741989966884,-1.7562281598351634,True,0,1,1,True,-0.9817613873470004,325.0,155.0,0.0,0.0,0.0,1.0,0.0
2025-01-30 15:40:00+00:00,2025-01-30,2025-01-30:1,True,4,5,True,-0.7303370786516854,0.7303370786516854,0.4174520319784177,True,1,0,1,True,-1.3829247406022678,320.0,160.0,0.0,0.0,0.0,0.0,1.0
2025-01-30 15:45:00+00:00,2025-01-30,2025-01-30:1,True,3,5,True,-0.7741935483870968,0.09218903511121597,-2.127980706395573,True,0,1,2,True,-0.4950777283743731,315.0,165.0,0.0,0.0,0.0,1.0,0.0
2025-01-30 15:50:00+00:00,2025-01-30,2025-01-30:1,True,4,5,True,-0.706855791962175,0.706855791962175,0.0,True,0,0,2,True,0.0,310.0,170.0,0.0,0.0,0.0,0.0,1.0
2025-01-30 15:55:00+00:00,2025-01-30,2025-01-30:1,True,3,5,True,-0.776566757493188,0.2123067421654987,-1.2968504852640064,True,0,0,2,True,-1.4245430180747203,305.0,175.0,0.0,0.0,0.0,1.0,0.0
2025-01-30 16:00:00+00:00,2025-01-30,2025-01-30:1,True,4,5,True,-0.6578171091445427,0.5321582052944858,-0.21198611955525182,True,0,0,2,True,0.47401537361194057,300.0,180.0,0.0,0.0,0.0,0.0,1.0
2025-01-30 16:05:00+00:00,2025-01-30,2025-01-30:1,True,4,10,True,-0.5799373040752351,0.5799373040752351,0.20567939929974619,True,1,0,2,True,1.0286006459426702,295.0,185.0,0.0,0.0,0.0,0.0,1.0
2025-01-30 16:10:00+00:00,2025-01-30,2025-01-30:1,True,4,15,True,-0.4434782608695652,0.4434782608695652,0.6094384696662444,True,1,0,2,True,0.0,290.0,190.0,0.0,0.0,0.0,0.0,1.0
2025-01-30 16:15:00+00:00,2025-01-30,2025-01-30:1,True,0,5,True,-0.5659340659340659,0.5659340659340659,1.2326042774231192,True,1,0,2,True,-0.3416778121178934,285.0,195.0,1.0,0.0,0.0,0.0,0.0
2025-01-30 16:20:00+00:00,2025-01-30,2025-01-30:1,True,0,10,True,-0.4888888888888889,0.4888888888888889,0.808355078308138,True,1,0,2,True,0.9037684525257969,280.0,200.0,1.0,0.0,0.0,0.0,0.0
2025-01-30 16:25:00+00:00,2025-01-30,2025-01-30:1,True,2,5,True,-0.47766323024054985,0.47766323024054985,0.0,True,1,0,2,True,0.0,275.0,205.0,0.0,0.0,1.0,0.0,0.0
2025-01-30 16:30:00+00:00,2025-01-30,2025-01-30:1,True,2,10,True,-0.5143603133159269,0.22323507873283108,-0.8346986375995986,True,0,0,2,True,-1.8664428943991647,270.0,210.0,0.0,0.0,1.0,0.0,0.0
2025-01-30 16:35:00+00:00,2025-01-30,2025-01-30:1,True,0,5,True,-0.30939226519337015,0.12378496754279665,-0.9160640109145177,True,0,0,2,True,0.2690906794783544,265.0,215.0,1.0,0.0,0.0,0.0,0.0
2025-01-30 16:40:00+00:00,2025-01-30,2025-01-30:1,True,0,10,True,-0.707936507936508,0.707936507936508,0.0,True,0,0,2,True,-1.0241907000729387,260.0,220.0,1.0,0.0,0.0,0.0,0.0
2025-01-30 16:45:00+00:00,2025-01-30,2025-01-30:1,True,0,15,True,-0.14450867052023122,0.14450867052023122,0.46856365976029896,True,0,0,2,True,0.0,255.0,225.0,1.0,0.0,0.0,0.0,0.0
2025-01-30 16:50:00+00:00,2025-01-30,2025-01-30:1,True,3,5,True,-0.10738255033557047,0.026660418449052422,-1.393217684885667,True,0,0,2,True,-1.0384431502854272,250.0,230.0,0.0,0.0,0.0,1.0,0.0
2025-01-30 16:55:00+00:00,2025-01-30,2025-01-30:1,True,4,5,True,-0.1,0.1,0.0,True,0,0,2,True,0.7758742913252363,245.0,235.0,0.0,0.0,0.0,0.0,1.0
2025-01-30 17:00:00+00:00,2025-01-30,2025-01-30:1,True,0,5,True,-0.24848484848484848,0.24848484848484848,0.9489723564314865,True,0,0,2,True,-1.060983348872974,240.0,240.0,1.0,0.0,0.0,0.0,0.0
2025-01-30 17:05:00+00:00,2025-01-30,2025-01-30:1,True,0,10,True,-0.34594594594594597,0.34594594594594597,0.450147848255161,True,0,0,2,True,-0.3585597003434412,235.0,245.0,1.0,0.0,0.0,0.0,0.0
2025-01-30 17:10:00+00:00,2025-01-30,2025-01-30:1,True,0,15,True,0.009950248756218905,0.009950248756218905,0.0,True,0,0,2,True,0.0,230.0,250.0,1.0,0.0,0.0,0.0,0.0
2025-01-30 17:15:00+00:00,2025-01-30,2025-01-30:1,True,0,20,True,-0.3941368078175896,0.3941368078175896,0.0,True,0,0,2,True,1.0459173675185263,225.0,255.0,1.0,0.0,0.0,0.0,0.0
2025-01-30 17:20:00+00:00,2025-01-30,2025-01-30:1,True,0,25,True,-0.24242424242424243,0.05874081304783702,-1.4175544920526968,True,0,0,2,True,-1.7580898267923477,220.0,260.0,1.0,0.0,0.0,0.0,0.0
2025-01-30 17:25:00+00:00,2025-01-30,2025-01-30:1,True,0,30,True,-0.255663430420712,0.255663430420712,0.4457052822806556,True,0,0,2,True,0.9966273091102784,215.0,265.0,1.0,0.0,0.0,0.0,0.0
2025-01-30 17:30:00+00:00,2025-01-30,2025-01-30:1,True,0,35,True,0.09202453987730061,0.09202453987730061,-0.4356161820385576,True,0,0,2,True,0.9740673951371377,210.0,270.0,1.0,0.0,0.0,0.0,0.0
2025-01-30 17:35:00+00:00,2025-01-30,2025-01-30:1,True,3,5,True,0.20727272727272728,0.20727272727272728,-0.8826619735542457,True,0,0,2,True,0.6428876706726122,205.0,275.0,0.0,0.0,0.0,1.0,0.0
2025-01-30 17:40:00+00:00,2025-01-30,2025-01-30:1,True,3,10,True,-0.16666666666666666,0.1059102579349836,-0.4534036974847613,True,0,0,2,True,0.0,200.0,280.0,0.0,0.0,0.0,1.0,0.0
2025-01-30 17:45:00+00:00,2025-01-30,2025-01-30:1,True,4,5,True,0.27488151658767773,0.27488151658767773,0.0,True,0,0,2,True,-1.5513318192106722,195.0,285.0,0.0,0.0,0.0,0.0,1.0
2025-01-30 17:50:00+00:00,2025-01-30,2025-01-30:1,True,0,5,True,-0.10626702997275204,0.10626702997275204,0.0,True,0,0,2,True,0.47427605228399905,190.0,290.0,1.0,0.0,0.0,0.0,0.0
2025-01-30 17:55:00+00:00,2025-01-30,2025-01-30:1,True,0,10,True,-0.33540372670807456,0.33540372670807456,0.8271778782885099,True,0,0,2,True,0.44345568039117245,185.0,295.0,1.0,0.0,0.0,0.0,0.0
2025-01-30 18:00:00+00:00,2025-01-30,2025-01-30:1,True,3,5,True,0.3957845433255269,0.3957845433255269,-2.2624733922995666,True,0,0,2,True,-2.606208447192904,180.0,300.0,0.0,0.0,0.0,1.0,0.0
2025-01-30 18:05:00+00:00,2025-01-30,2025-01-30:1,True,0,5,True,0.8677685950413223,0.44176065121700137,0.6751568612200904,True,0,0,2,True,0.7548483185828296,175.0,305.0,1.0,0.0,0.0,0.0,0.0
2025-01-30 18:10:00+00:00,2025-01-30,2025-01-30:1,True,0,10,True,0.9095022624434389,0.9095022624434389,-0.2921561133214581,True,0,0,2,True,0.04526258795696144,170.0,310.0,1.0,0.0,0.0,0.0,0.0
2025-01-30 18:15:00+00:00,2025-01-30,2025-01-30:1,True,0,15,True,0.8839907192575406,0.8839907192575406,-0.8701963848011218,True,0,0,2,True,0.5854046184501804,165.0,315.0,1.0,0.0,0.0,0.0,0.0
2025-01-30 18:20:00+00:00,2025-01-30,2025-01-30:1,True,0,20,True,0.8885941644562334,0.3759683424403574,0.8601356791512972,True,0,0,2,True,0.06350585543794203,160.0,320.0,1.0,0.0,0.0,0.0,0.0
2025-01-30 18:25:00+00:00,2025-01-30,2025-01-30:1,True,0,25,True,0.7802197802197802,0.24600049247930775,1.154242111627838,True,0,0,2,True,0.0,155.0,325.0,1.0,0.0,0.0,0.0,0.0
2025-01-30 18:30:00+00:00,2025-01-30,2025-01-30:1,True,1,5,True,0.792507204610951,0.1907327407348121,1.4243284117066324,True,0,0,2,True,-0.5862071493312515,150.0,330.0,0.0,1.0,0.0,0.0,0.0
2025-01-30 18:35:00+00:00,2025-01-30,2025-01-30:1,True,1,10,True,0.7142857142857143,0.2000203119149487,1.2728641213949683,True,0,0,2,True,0.0,145.0,335.0,0.0,1.0,0.0,0.0,0.0
2025-01-30 18:40:00+00:00,2025-01-30,2025-01-30:1,True,1,15,True,0.8854625550660793,0.1305183046821675,1.914596686869649,True,0,0,2,True,0.6333347098679482,140.0,340.0,0.0,1.0,0.0,0.0,0.0
2025-01-30 18:45:00+00:00,2025-01-30,2025-01-30:1,True,2,5,True,0.7486631016042781,0.4326617667418456,0.548332801146862,True,0,0,2,True,-1.1874813438001555,135.0,345.0,0.0,0.0,1.0,0.0,0.0
2025-01-30 18:50:00+00:00,2025-01-30,2025-01-30:1,True,2,10,True,0.7546296296296297,0.7546296296296297,-0.41911015796853723,True,0,0,2,True,-0.9371588032783245,130.0,350.0,0.0,0.0,1.0,0.0,0.0
2025-01-30 18:55:00+00:00,2025-01-30,2025-01-30:1,True,2,15,True,0.7466307277628033,0.7466307277628033,-1.6736976757699642,True,0,0,2,True,-3.191649107032114,125.0,355.0,0.0,0.0,1.0,0.0,0.0
2025-01-30 19:00:00+00:00,2025-01-30,2025-01-30:1,True,1,5,True,0.6830601092896175,0.0969142112466258,1.9527566964077534,True,0,0,2,True,0.0,120.0,360.0,0.0,1.0,0.0,0.0,0.0
2025-01-30 19:05:00+00:00,2025-01-30,2025-01-30:1,True,0,5,True,0.28859060402684567,0.28859060402684567,-1.2234016333693454,True,0,0,2,True,-1.5197828977765477,115.0,365.0,1.0,0.0,0.0,0.0,0.0
2025-01-30 19:10:00+00:00,2025-01-30,2025-01-30:1,True,0,10,True,-0.0072992700729927005,0.0072992700729927005,1.4487785939161322,True,0,0,2,True,0.03003137090216889,110.0,370.0,1.0,0.0,0.0,0.0,0.0
2025-01-30 19:15:00+00:00,2025-01-30,2025-01-30:1,True,0,15,True,0.23809523809523808,0.23809523809523808,-0.5746929785482922,True,0,0,2,True,0.5693805366079924,105.0,375.0,1.0,0.0,0.0,0.0,0.0
2025-01-30 19:20:00+00:00,2025-01-30,2025-01-30:1,True,0,20,True,-0.0033444816053511705,0.0033444816053511705,0.5530577031427693,True,0,0,2,True,0.6444533061545314,100.0,380.0,1.0,0.0,0.0,0.0,0.0
2025-01-30 19:25:00+00:00,2025-01-30,2025-01-30:1,True,1,5,True,0.04678362573099415,0.020805835690361065,0.8102997547656193,True,0,0,2,True,1.2079235558721282,95.0,385.0,0.0,1.0,0.0,0.0,0.0
2025-01-30 19:30:00+00:00,2025-01-30,2025-01-30:1,True,0,5,True,-0.38903394255874674,0.2975561551480165,-0.2680636317735338,True,0,0,2,True,0.571426574152704,90.0,390.0,1.0,0.0,0.0,0.0,0.0
2025-01-30 19:35:00+00:00,2025-01-30,2025-01-30:1,True,0,10,True,-0.5258358662613982,0.2316197859342937,-0.8198919491695431,True,0,0,2,True,-0.6399533205782506,85.0,395.0,1.0,0.0,0.0,0.0,0.0
2025-01-30 19:40:00+00:00,2025-01-30,2025-01-30:1,True,0,15,True,-0.3016949152542373,0.22858666198474079,-0.2775008892394151,True,0,0,2,True,-0.6205108521559721,80.0,400.0,1.0,0.0,0.0,0.0,0.0
2025-01-30 19:45:00+00:00,2025-01-30,2025-01-30:1,True,0,20,True,0.031007751937984496,0.02708834885613864,0.1351335318095485,True,0,0,2,True,-0.5844888730386292,75.0,405.0,1.0,0.0,0.0,0.0,0.0
2025-01-30 19:50:00+00:00,2025-01-30,2025-01-30:1,True,0,25,True,-0.2750809061488673,0.12577534083399453,-0.78256795233024,True,0,0,2,True,0.04364093457172723,70.0,410.0,1.0,0.0,0.0,0.0,0.0
2025-01-30 19:55:00+00:00,2025-01-30,2025-01-30:1,True,0,30,True,-0.282798833819242,0.282798833819242,1.1281539380073033,True,0,0,2,True,1.1211683975416944,65.0,415.0,1.0,0.0,0.0,0.0,0.0
2025-01-30 20:00:00+00:00,2025-01-30,2025-01-30:1,True,0,35,True,-0.10778443113772455,0.04628795818011069,-0.8452513796996868,True,0,0,2,True,0.0,60.0,420.0,1.0,0.0,0.0,0.0,0.0
2025-01-30 20:05:00+00:00,2025-01-30,2025-01-30:1,True,0,40,True,-0.030508474576271188,0.015162015714162405,-0.6992111659274437,True,0,0,2,True,0.5288790009251588,55.0,425.0,1.0,0.0,0.0,0.0,0.0
2025-01-30 20:10:00+00:00,2025-01-30,2025-01-30:1,True,0,45,True,0.19877675840978593,0.19877675840978593,-0.7372550569779016,True,0,0,2,True,0.0,50.0,430.0,1.0,0.0,0.0,0.0,0.0
2025-01-30 20:15:00+00:00,2025-01-30,2025-01-30:1,True,0,50,True,0.5549132947976878,0.4113582140062421,0.29934747412470375,True,0,0,2,True,0.0,45.0,435.0,1.0,0.0,0.0,0.0,0.0
2025-01-30 20:20:00+00:00,2025-01-30,2025-01-30:1,True,0,55,True,0.4744525547445255,0.25421922545083553,0.6239646359549947,True,0,0,2,True,0.1663914071178383,40.0,440.0,1.0,0.0,0.0,0.0,0.0
2025-01-30 20:25:00+00:00,2025-01-30,2025-01-30:1,True,3,5,True,0.7904191616766467,0.7904191616766467,-0.32396154420318535,True,0,0,2,True,0.7244000349341254,35.0,445.0,0.0,0.0,0.0,1.0,0.0
2025-01-30 20:30:00+00:00,2025-01-30,2025-01-30:1,True,0,5,True,0.6581632653061225,0.6581632653061225,-0.32388953407876564,True,0,0,2,True,0.37443340664473124,30.0,450.0,1.0,0.0,0.0,0.0,0.0
2025-01-30 20:35:00+00:00,2025-01-30,2025-01-30:1,True,0,10,True,0.6827586206896552,0.14937169719323443,1.5197035750950973,True,0,0,2,True,-0.8470757330877937,25.0,455.0,1.0,0.0,0.0,0.0,0.0
2025-01-30 20:40:00+00:00,2025-01-30,2025-01-30:1,True,1,5,True,0.6686390532544378,0.23011459933226117,1.066666939971139,True,0,0,2,True,-0.681468510609142,20.0,460.0,0.0,1.0,0.0,0.0,0.0
2025-01-30 20:45:00+00:00,2025-01-30,2025-01-30:1,True,0,5,True,0.7197802197802198,0.7197802197802198,-1.2011967029992077,True,0,0,2,True,-1.3429787411283811,15.0,465.0,1.0,0.0,0.0,0.0,0.0
2025-01-30 20:50:00+00:00,2025-01-30,2025-01-30:1,True,0,10,True,0.7844827586206896,0.4284165106577804,0.6049287162774183,True,0,0,2,True,1.6558564615899953,10.0,470.0,1.0,0.0,0.0,0.0,0.0
2025-01-30 20:55:00+00:00,2025-01-30,2025-01-30:1,True,0,15,True,0.5248618784530387,0.5248618784530387,-0.5815841505859451,True,0,0,2,True,0.8289532036454118,5.0,475.0,1.0,0.0,0.0,0.0,0.0
2025-01-30 21:00:00+00:00,2025-01-30,2025-01-30:1,True,1,5,True,0.5732647814910026,0.27803332893061733,0.7236067120795624,True,0,0,2,True,0.0,0.0,480.0,0.0,1.0,0.0,0.0,0.0
2025-01-31 13:00:00+00:00,2025-01-31,2025-01-31:1,False,-1,0,False,,,,False,0,0,0,False,,480.0,0.0,,,,,
2025-01-31 13:05:00+00:00,2025-01-31,2025-01-31:1,False,-1,0,True,-0.1437125748502994,,,False,0,0,0,False,,475.0,5.0,,,,,
2025-01-31 13:10:00+00:00,2025-01-31,2025-01-31:1,False,-1,0,True,-0.3492537313432836,,,False,0,0,0,False,,470.0,10.0,,,,,
2025-01-31 13:15:00+00:00,2025-01-31,2025-01-31:1,False,-1,0,True,0.020134228187919462,,,False,0,0,0,False,,465.0,15.0,,,,,
2025-01-31 13:20:00+00:00,2025-01-31,2025-01-31:1,False,-1,0,True,-0.3597560975609756,,,False,0,0,0,False,,460.0,20.0,,,,,
2025-01-31 13:25:00+00:00,2025-01-31,2025-01-31:1,False,-1,0,True,-0.1038961038961039,,,False,0,0,0,False,,455.0,25.0,,,,,
2025-01-31 13:30:00+00:00,2025-01-31,2025-01-31:1,False,-1,0,True,-0.5214105793450882,,,False,0,0,0,False,,450.0,30.0,,,,,
2025-01-31 13:35:00+00:00,2025-01-31,2025-01-31:1,False,-1,0,True,-0.9746835443037974,,,False,0,0,0,False,,445.0,35.0,,,,,
2025-01-31 13:40:00+00:00,2025-01-31,2025-01-31:1,False,-1,0,True,-0.9705882352941176,,,False,0,0,0,False,,440.0,40.0,,,,,
2025-01-31 13:45:00+00:00,2025-01-31,2025-01-31:1,False,-1,0,True,-0.9748110831234257,,,False,0,0,0,False,,435.0,45.0,,,,,
2025-01-31 13:50:00+00:00,2025-01-31,2025-01-31:1,False,-1,0,True,-0.9681093394077449,,,False,0,0,0,False,,430.0,50.0,,,,,
2025-01-31 13:55:00+00:00,2025-01-31,2025-01-31:1,False,-1,0,True,-0.9481865284974094,,,False,0,0,0,False,,425.0,55.0,,,,,
2025-01-31 14:00:00+00:00,2025-01-31,2025-01-31:1,False,-1,0,True,-0.944954128440367,,,False,0,0,0,False,,420.0,60.0,,,,,
2025-01-31 14:05:00+00:00,2025-01-31,2025-01-31:1,True,3,5,True,-0.8905472636815921,0.1784903921457902,-1.607301402506548,True,0,0,0,False,,415.0,65.0,0.0,0.0,0.0,1.0,0.0
2025-01-31 14:10:00+00:00,2025-01-31,2025-01-31:1,True,3,10,True,-0.8299120234604106,0.16496403341290652,-1.6155922285179394,True,0,0,0,False,,410.0,70.0,0.0,0.0,0.0,1.0,0.0
2025-01-31 14:15:00+00:00,2025-01-31,2025-01-31:1,True,4,5,True,-0.819718309859155,0.627919009355993,-0.2665495645204857,True,0,0,0,False,,405.0,75.0,0.0,0.0,0.0,0.0,1.0
2025-01-31 14:20:00+00:00,2025-01-31,2025-01-31:1,True,3,5,True,-0.6898395721925134,0.40989571510951495,-0.5205562925356061,True,0,0,0,False,,400.0,80.0,0.0,0.0,0.0,1.0,0.0
2025-01-31 14:25:00+00:00,2025-01-31,2025-01-31:1,True,4,5,True,-0.7673130193905817,0.7673130193905817,0.3894541839865815,True,1,0,0,False,,395.0,85.0,0.0,0.0,0.0,0.0,1.0
2025-01-31 14:30:00+00:00,2025-01-31,2025-01-31:1,True,3,5,True,-0.7609756097560976,0.08763090125592321,-2.1614676172909566,True,0,1,1,False,,390.0,90.0,0.0,0.0,0.0,1.0,0.0
2025-01-31 14:35:00+00:00,2025-01-31,2025-01-31:1,True,3,10,True,-0.6022408963585434,0.34067405190661587,-0.5697313646830585,True,0,0,1,False,,385.0,95.0,0.0,0.0,0.0,1.0,0.0
2025-01-31 14:40:00+00:00,2025-01-31,2025-01-31:1,True,4,5,True,-0.4647058823529412,0.4647058823529412,0.5854425962414902,True,1,0,1,False,,380.0,100.0,0.0,0.0,0.0,0.0,1.0
2025-01-31 14:45:00+00:00,2025-01-31,2025-01-31:1,True,3,5,True,-0.44410876132930516,0.17982779119835585,-0.9040698130027307,True,0,1,2,False,,375.0,105.0,0.0,0.0,0.0,1.0,0.0
2025-01-31 14:50:00+00:00,2025-01-31,2025-01-31:1,True,3,10,True,-0.3995584988962472,0.2156718824739643,-0.6166019946466931,True,0,0,2,False,,370.0,110.0,0.0,0.0,0.0,1.0,0.0
2025-01-31 14:55:00+00:00,2025-01-31,2025-01-31:1,True,4,5,True,-0.3074792243767313,0.22094940843151492,-0.3304737677746444,True,0,0,2,False,,365.0,115.0,0.0,0.0,0.0,0.0,1.0
2025-01-31 15:00:00+00:00,2025-01-31,2025-01-31:1,True,0,5,True,-0.03614457831325301,0.03614457831325301,1.2686121018223797,True,0,0,2,False,,360.0,120.0,1.0,0.0,0.0,0.0,0.0
2025-01-31 15:05:00+00:00,2025-01-31,2025-01-31:1,True,0,10,True,-0.4444444444444444,0.4444444444444444,0.0,True,0,0,2,True,0.0,355.0,125.0,1.0,0.0,0.0,0.0,0.0
2025-01-31 15:10:00+00:00,2025-01-31,2025-01-31:1,True,0,15,True,-0.3639344262295082,0.3639344262295082,0.9952668679857875,True,0,0,2,True,0.0,350.0,130.0,1.0,0.0,0.0,0.0,0.0
2025-01-31 15:15:00+00:00,2025-01-31,2025-01-31:1,True,1,5,True,-0.17073170731707318,0.17073170731707318,1.0982667972229705,True,0,0,2,True,0.0,345.0,135.0,0.0,1.0,0.0,0.0,0.0
2025-01-31 15:20:00+00:00,2025-01-31,2025-01-31:1,True,1,10,True,-0.11526479750778816,0.11526479750778816,0.3830213388860654,True,0,0,2,True,0.8564617505822258,340.0,140.0,0.0,1.0,0.0,0.0,0.0
2025-01-31 15:25:00+00:00,2025-01-31,2025-01-31:1,True,2,5,True,-0.1182108626198083,0.05481341804100105,-0.7685349823414804,True,0,0,2,True,-0.8592482318010755,335.0,145.0,0.0,0.0,1.0,0.0,0.0
2025-01-31 15:30:00+00:00,2025-01-31,2025-01-31:1,True,3,5,True,0.4691358024691358,0.4691358024691358,-5.390870661266833,True,0,0,2,True,-11.441012635637634,330.0,150.0,0.0,0.0,0.0,1.0,0.0
2025-01-31 15:35:00+00:00,2025-01-31,2025-01-31:1,True,0,5,True,0.9651162790697675,0.44763457092458914,0.7682713808667367,True,0,0,2,True,0.9024277613152693,325.0,155.0,1.0,0.0,0.0,0.0,0.0
2025-01-31 15:40:00+00:00,2025-01-31,2025-01-31:1,True,0,10,True,0.8135198135198135,0.2760128851260963,1.0809227323896398,True,0,0,2,True,0.0,320.0,160.0,1.0,0.0,0.0,0.0,0.0
2025-01-31 15:45:00+00:00,2025-01-31,2025-01-31:1,True,0,15,True,0.8082191780821918,0.1828648916046975,1.4860856988157622,True,0,0,2,True,0.2373563316385446,315.0,165.0,1.0,0.0,0.0,0.0,0.0
2025-01-31 15:50:00+00:00,2025-01-31,2025-01-31:1,True,0,20,True,0.9305210918114144,0.4912343829265432,0.6388233708080411,True,0,0,2,True,0.0,310.0,170.0,1.0,0.0,0.0,0.0,0.0
2025-01-31 15:55:00+00:00,2025-01-31,2025-01-31:1,True,1,5,True,0.8719211822660099,0.1328698309393497,1.881329098288157,True,0,0,2,True,0.2853599688891539,305.0,175.0,0.0,1.0,0.0,0.0,0.0
2025-01-31 16:00:00+00:00,2025-01-31,2025-01-31:1,True,1,10,True,0.7878787878787878,0.27536171348363986,1.0512587003897556,True,0,0,2,True,0.9402743664040984,300.0,180.0,0.0,1.0,0.0,0.0,0.0
2025-01-31 16:05:00+00:00,2025-01-31,2025-01-31:1,True,2,5,True,0.6967930029154519,0.6967930029154519,-0.31091556275885507,True,0,0,2,True,0.6952283335900847,295.0,185.0,0.0,0.0,1.0,0.0,0.0
2025-01-31 16:10:00+00:00,2025-01-31,2025-01-31:1,True,1,5,True,0.6647727272727273,0.10637808514205163,1.8324456297582943,True,0,0,2,True,0.45527477702311947,290.0,190.0,0.0,1.0,0.0,0.0,0.0
2025-01-31 16:15:00+00:00,2025-01-31,2025-01-31:1,True,2,5,True,0.5978835978835979,0.48909607119459186,0.2008371478459902,True,0,0,2,True,0.0,285.0,195.0,0.0,0.0,1.0,0.0,0.0
2025-01-31 16:20:00+00:00,2025-01-31,2025-01-31:1,True,2,10,True,0.4691358024691358,0.42443636413455504,0.10013019733221619,True,0,0,2,True,0.8821482673902299,280.0,200.0,0.0,0.0,1.0,0.0,0.0
2025-01-31 16:25:00+00:00,2025-01-31,2025-01-31:1,True,1,5,True,0.6786703601108033,0.30384506583639614,0.803617611558371,True,0,0,2,True,1.3589402434995885,275.0,205.0,0.0,1.0,0.0,0.0,0.0
2025-01-31 16:30:00+00:00,2025-01-31,2025-01-31:1,True,0,5,True,0.6992481203007519,0.6992481203007519,-0.9596185704971469,True,0,0,2,True,-0.41815142093049257,270.0,210.0,1.0,0.0,0.0,0.0,0.0
2025-01-31 16:35:00+00:00,2025-01-31,2025-01-31:1,True,2,5,True,0.6436170212765957,0.6436170212765957,0.0,True,0,0,2,True,0.030128080084580792,265.0,215.0,0.0,0.0,1.0,0.0,0.0
2025-01-31 16:40:00+00:00,2025-01-31,2025-01-31:1,True,1,5,True,0.263768115942029,0.011560326024782233,3.127491302785255,True,0,0,2,True,0.6290757997211728,260.0,220.0,0.0,1.0,0.0,0.0,0.0
2025-01-31 16:45:00+00:00,2025-01-31,2025-01-31:1,True,0,5,True,-0.18309859154929578,0.037285816197253484,-1.5914117678790416,True,0,0,2,True,-1.199466462643901,255.0,225.0,1.0,0.0,0.0,0.0,0.0
2025-01-31 16:50:00+00:00,2025-01-31,2025-01-31:1,True,0,10,True,0.22021660649819494,0.22021660649819494,-0.37002354532671433,True,0,0,2,True,0.27579926687481343,250.0,230.0,1.0,0.0,0.0,0.0,0.0
2025-01-31 16:55:00+00:00,2025-01-31,2025-01-31:1,True,0,15,True,0.20745920745920746,0.18304845050322652,0.12518385513851601,True,0,0,2,True,1.9594372684280486,245.0,235.0,1.0,0.0,0.0,0.0,0.0
2025-01-31 17:00:00+00:00,2025-01-31,2025-01-31:1,True,1,5,True,0.40641711229946526,0.15420976392974683,0.969066223381706,True,0,0,2,True,0.0,240.0,240.0,0.0,1.0,0.0,0.0,0.0
2025-01-31 17:05:00+00:00,2025-01-31,2025-01-31:1,True,1,10,True,0.07563025210084033,0.053545781375768105,0.3453193485803048,True,0,0,2,True,0.0,235.0,245.0,0.0,1.0,0.0,0.0,0.0
2025-01-31 17:10:00+00:00,2025-01-31,2025-01-31:1,True,0,5,True,0.01597444089456869,0.01597444089456869,-0.23747210081585013,True,0,0,2,True,-2.1240150407349425,230.0,250.0,1.0,0.0,0.0,0.0,0.0
2025-01-31 17:15:00+00:00,2025-01-31,2025-01-31:1,True,0,10,True,0.2037037037037037,0.08988944857443584,0.818085939098113,True,0,0,2,True,-0.055239465009270725,225.0,255.0,1.0,0.0,0.0,0.0,0.0
2025-01-31 17:20:00+00:00,2025-01-31,2025-01-31:1,True,0,15,True,-0.26479750778816197,0.09245991488744996,-1.0521902143165265,True,0,0,2,True,-1.6257027167689477,220.0,260.0,1.0,0.0,0.0,0.0,0.0
2025-01-31 17:25:00+00:00,2025-01-31,2025-01-31:1,True,0,20,True,-0.07641196013289037,0.03808581303917941,-0.6962973785497865,True,0,0,2,True,-1.2974735591589597,215.0,265.0,1.0,0.0,0.0,0.0,0.0
2025-01-31 17:30:00+00:00,2025-01-31,2025-01-31:1,True,0,25,True,-0.15789473684210525,0.15789473684210525,0.24376402119178375,True,0,0,2,True,0.5450729218535278,210.0,270.0,1.0,0.0,0.0,0.0,0.0
2025-01-31 17:35:00+00:00,2025-01-31,2025-01-31:1,True,0,30,True,0.17994100294985252,0.17994100294985252,-0.7204886325638962,True,0,0,2,True,-0.025304660745539016,205.0,275.0,1.0,0.0,0.0,0.0,0.0
2025-01-31 17:40:00+00:00,2025-01-31,2025-01-31:1,True,3,5,True,0.08759124087591241,0.08759124087591241,-1.5213179481855221,True,0,0,2,True,-0.5669617245899627,200.0,280.0,0.0,0.0,0.0,1.0,0.0
2025-01-31 17:45:00+00:00,2025-01-31,2025-01-31:1,True,4,5,True,0.2599388379204893,0.2599388379204893,-0.26123286212783525,True,0,0,2,True,-1.1682688753510004,195.0,285.0,0.0,0.0,0.0,0.0,1.0
2025-01-31 17:50:00+00:00,2025-01-31,2025-01-31:1,True,3,5,True,0.2012987012987013,0.2012987012987013,-0.5447658203874728,True,0,0,2,True,-0.00922855319897654,190.0,290.0,0.0,0.0,0.0,1.0,0.0
2025-01-31 17:55:00+00:00,2025-01-31,2025-01-31:1,True,4,5,True,0.3508771929824561,0.3508771929824561,-0.2731532709907026,True,0,0,2,True,0.016559174471235078,185.0,295.0,0.0,0.0,0.0,0.0,1.0
2025-01-31 18:00:00+00:00,2025-01-31,2025-01-31:1,True,0,5,True,0.11421911421911422,0.013369866649927052,2.1451152409280794,True,0,0,2,True,2.904091999168597,180.0,300.0,1.0,0.0,0.0,0.0,0.0
2025-01-31 18:05:00+00:00,2025-01-31,2025-01-31:1,True,0,10,True,-0.726984126984127,0.4205450460859537,-0.547353044979444,True,0,0,2,True,0.0,175.0,305.0,1.0,0.0,0.0,0.0,0.0
2025-01-31 18:10:00+00:00,2025-01-31,2025-01-31:1,True,0,15,True,-0.7959183673469388,0.7959183673469388,1.1039712503431867,True,0,0,2,True,-0.6247053324657627,170.0,310.0,1.0,0.0,0.0,0.0,0.0
2025-01-31 18:15:00+00:00,2025-01-31,2025-01-31:1,True,0,20,True,-0.7820823244552058,0.43320141003716284,-0.5907572391887903,True,0,0,2,True,-0.9907300087701476,165.0,315.0,1.0,0.0,0.0,0.0,0.0
2025-01-31 18:20:00+00:00,2025-01-31,2025-01-31:1,True,0,25,True,-0.30030959752321984,0.2605227687393829,-0.14212367289899444,True,0,0,2,True,-0.9533945814422886,160.0,320.0,1.0,0.0,0.0,0.0,0.0
2025-01-31 18:25:00+00:00,2025-01-31,2025-01-31:1,True,0,30,True,-0.13108614232209737,0.02847891075966034,-1.5266908420573584,True,0,0,2,True,1.0068607368469311,155.0,325.0,1.0,0.0,0.0,0.0,0.0
2025-01-31 18:30:00+00:00,2025-01-31,2025-01-31:1,True,0,35,True,-0.39634146341463417,0.3446941088795041,-0.13961873824975182,True,0,0,2,True,0.010460577435038091,150.0,330.0,1.0,0.0,0.0,0.0,0.0
2025-01-31 18:35:00+00:00,2025-01-31,2025-01-31:1,True,3,5,True,-0.7015590200445434,0.17792821440789652,-1.371924850959928,True,0,0,2,True,0.6135434453549284,145.0,335.0,0.0,0.0,0.0,1.0,0.0
2025-01-31 18:40:00+00:00,2025-01-31,2025-01-31:1,True,4,5,True,-0.4228571428571429,0.315861686009751,-0.29172998299636965,True,0,0,2,True,-0.0014713002316635397,140.0,340.0,0.0,0.0,0.0,0.0,1.0
2025-01-31 18:45:00+00:00,2025-01-31,2025-01-31:1,True,4,10,True,-0.3837837837837838,0.3837837837837838,0.0,True,0,0,2,True,0.0,135.0,345.0,0.0,0.0,0.0,0.0,1.0
2025-01-31 18:50:00+00:00,2025-01-31,2025-01-31:1,True,3,5,True,-0.2415902140672783,0.0553878492404781,-1.472882718643728,True,0,0,2,True,-0.04663560158741969,130.0,350.0,0.0,0.0,0.0,1.0,0.0
2025-01-31 18:55:00+00:00,2025-01-31,2025-01-31:1,True,4,5,True,-0.21875,0.21875,0.0,True,0,0,2,True,0.02855690631907114,125.0,355.0,0.0,0.0,0.0,0.0,1.0
2025-01-31 19:00:00+00:00,2025-01-31,2025-01-31:1,True,4,10,True,-0.11594202898550725,0.11594202898550725,0.6057118972316322,True,1,0,2,True,-0.6256990553815774,120.0,360.0,0.0,0.0,0.0,0.0,1.0
2025-01-31 19:05:00+00:00,2025-01-31,2025-01-31:1,True,3,5,True,-0.3869047619047619,0.06369947222801156,-1.8040022922052645,True,0,1,3,True,-0.08887802240720198,115.0,365.0,0.0,0.0,0.0,1.0,0.0
2025-01-31 19:10:00+00:00,2025-01-31,2025-01-31:1,True,3,10,True,-0.4222222222222222,0.28929395177569994,-0.3780884630243199,True,0,0,3,True,0.0,110.0,370.0,0.0,0.0,0.0,1.0,0.0
2025-01-31 19:15:00+00:00,2025-01-31,2025-01-31:1,True,4,5,True,-0.5,0.5,0.0,True,0,0,3,True,0.8385810138590074,105.0,375.0,0.0,0.0,0.0,0.0,1.0
2025-01-31 19:20:00+00:00,2025-01-31,2025-01-31:1,True,0,5,True,0.08463949843260188,0.038194166866922015,0.7957182380676918,True,0,0,3,True,0.8896400356265957,100.0,380.0,1.0,0.0,0.0,0.0,0.0
2025-01-31 19:25:00+00:00,2025-01-31,2025-01-31:1,True,0,10,True,-0.13119533527696792,0.08669507950354699,-0.4142901925414863,True,0,0,3,True,0.0,95.0,385.0,1.0,0.0,0.0,0.0,0.0
2025-01-31 19:30:00+00:00,2025-01-31,2025-01-31:1,True,0,15,True,-0.43312101910828027,0.43312101910828027,0.4269500003282828,True,0,0,3,True,0.0,90.0,390.0,1.0,0.0,0.0,0.0,0.0
2025-01-31 19:35:00+00:00,2025-01-31,2025-01-31:1,True,0,20,True,-0.7463414634146341,0.17462173364311753,-1.452561108812547,True,0,0,3,True,-0.8906845661872815,85.0,395.0,1.0,0.0,0.0,0.0,0.0
2025-01-31 19:40:00+00:00,2025-01-31,2025-01-31:1,True,3,5,True,-0.2693208430913349,0.06560704519979167,-1.4122203075950055,True,0,0,3,True,2.724857244526166,80.0,400.0,0.0,0.0,0.0,1.0,0.0
2025-01-31 19:45:00+00:00,2025-01-31,2025-01-31:1,True,3,10,True,-0.48823529411764705,0.1395794492282285,-1.2521634820691003,True,0,0,3,True,0.0,75.0,405.0,0.0,0.0,0.0,1.0,0.0
2025-01-31 19:50:00+00:00,2025-01-31,2025-01-31:1,True,3,15,True,-0.5446153846153846,0.35926907892322524,-0.41600819802735944,True,0,0,3,True,-1.4553828483257023,70.0,410.0,0.0,0.0,0.0,1.0,0.0
2025-01-31 19:55:00+00:00,2025-01-31,2025-01-31:1,True,3,20,True,-0.5875,0.10851493441657149,-1.688988438117556,True,0,0,3,True,-0.464321184710531,65.0,415.0,0.0,0.0,0.0,1.0,0.0
2025-01-31 20:00:00+00:00,2025-01-31,2025-01-31:1,True,3,25,True,-0.5135135135135135,0.22501992133386442,-0.8250874079576824,True,0,0,3,True,-0.6733433202040027,60.0,420.0,0.0,0.0,0.0,1.0,0.0
2025-01-31 20:05:00+00:00,2025-01-31,2025-01-31:1,True,4,5,True,-0.52,0.3408974510669849,-0.4222471095291352,True,0,0,3,True,0.0,55.0,425.0,0.0,0.0,0.0,0.0,1.0
2025-01-31 20:10:00+00:00,2025-01-31,2025-01-31:1,True,3,5,True,-0.7054263565891473,0.3052198338677866,-0.8377700973779039,True,0,0,3,True,-0.7450447439646942,50.0,430.0,0.0,0.0,0.0,1.0,0.0
2025-01-31 20:15:00+00:00,2025-01-31,2025-01-31:1,True,3,10,True,-0.5632183908045977,0.03284360309975784,-2.8419104630710046,True,0,0,3,True,-0.42364699876157136,45.0,435.0,0.0,0.0,0.0,1.0,0.0
2025-01-31 20:20:00+00:00,2025-01-31,2025-01-31:1,True,4,5,True,-0.6524590163934426,0.5374700911590511,-0.1938752130008582,True,0,0,3,True,2.601108932535484,40.0,440.0,0.0,0.0,0.0,0.0,1.0
2025-01-31 20:25:00+00:00,2025-01-31,2025-01-31:1,True,4,10,True,-0.41732283464566927,0.2908291002349745,-0.3611242958391114,True,0,0,3,True,1.125003912950438,35.0,445.0,0.0,0.0,0.0,0.0,1.0
2025-01-31 20:30:00+00:00,2025-01-31,2025-01-31:1,True,3,5,True,-0.3333333333333333,0.1954961862319227,-0.533602118843987,True,0,0,3,True,0.0,30.0,450.0,0.0,0.0,0.0,1.0,0.0
2025-01-31 20:35:00+00:00,2025-01-31,2025-01-31:1,True,4,5,True,-0.6284153005464481,0.6284153005464481,0.0,True,0,0,3,True,0.0,25.0,455.0,0.0,0.0,0.0,0.0,1.0
2025-01-31 20:40:00+00:00,2025-01-31,2025-01-31:1,True,3,5,True,-0.5730337078651685,0.08368090657046023,-1.9239337079393846,True,0,0,3,True,0.0,20.0,460.0,0.0,0.0,0.0,1.0,0.0
2025-01-31 20:45:00+00:00,2025-01-31,2025-01-31:1,True,4,5,True,-0.5104477611940299,0.5104477611940299,0.0,True,0,0,3,True,0.7825284687205074,15.0,465.0,0.0,0.0,0.0,0.0,1.0
2025-01-31 20:50:00+00:00,2025-01-31,2025-01-31:1,True,4,10,True,-0.6787564766839378,0.6787564766839378,0.0,True,0,0,3,True,-0.425238452134254,10.0,470.0,0.0,0.0,0.0,0.0,1.0
2025-01-31 20:55:00+00:00,2025-01-31,2025-01-31:1,True,3,5,True,-0.436046511627907,0.13461928695787725,-1.1752982178391942,True,0,0,3,True,0.7508704882651799,5.0,475.0,0.0,0.0,0.0,1.0,0.0
2025-01-31 21:00:00+00:00,2025-01-31,2025-01-31:1,True,4,5,True,-0.40458015267175573,0.40458015267175573,0.6644415104071454,True,1,0,3,True,-0.3325540414279578,0.0,480.0,0.0,0.0,0.0,0.0,1.0
2025-02-03 13:00:00+00:00,2025-02-03,2025-02-03:1,False,-1,0,False,,,,False,0,0,0,False,,480.0,0.0,,,,,
2025-02-03 13:05:00+00:00,2025-02-03,2025-02-03:1,False,-1,0,True,0.21084337349397592,,,False,0,0,0,False,,475.0,5.0,,,,,
2025-02-03 13:10:00+00:00,2025-02-03,2025-02-03:1,False,-1,0,True,0.04678362573099415,,,False,0,0,0,False,,470.0,10.0,,,,,
2025-02-03 13:15:00+00:00,2025-02-03,2025-02-03:1,False,-1,0,True,-0.02912621359223301,,,False,0,0,0,False,,465.0,15.0,,,,,
2025-02-03 13:20:00+00:00,2025-02-03,2025-02-03:1,False,-1,0,True,0.09433962264150944,,,False,0,0,0,False,,460.0,20.0,,,,,
2025-02-03 13:25:00+00:00,2025-02-03,2025-02-03:1,False,-1,0,True,0.14882506527415143,,,False,0,0,0,False,,455.0,25.0,,,,,
2025-02-03 13:30:00+00:00,2025-02-03,2025-02-03:1,False,-1,0,True,0.37244897959183676,,,False,0,0,0,False,,450.0,30.0,,,,,
2025-02-03 13:35:00+00:00,2025-02-03,2025-02-03:1,False,-1,0,True,0.61,,,False,0,0,0,False,,445.0,35.0,,,,,
2025-02-03 13:40:00+00:00,2025-02-03,2025-02-03:1,False,-1,0,True,0.2865853658536585,,,False,0,0,0,False,,440.0,40.0,,,,,
2025-02-03 13:45:00+00:00,2025-02-03,2025-02-03:1,False,-1,0,True,0.5060240963855421,,,False,0,0,0,False,,435.0,45.0,,,,,
2025-02-03 13:50:00+00:00,2025-02-03,2025-02-03:1,False,-1,0,True,0.39481268011527376,,,False,0,0,0,False,,430.0,50.0,,,,,
2025-02-03 13:55:00+00:00,2025-02-03,2025-02-03:1,False,-1,0,True,0.7313432835820896,,,False,0,0,0,False,,425.0,55.0,,,,,
2025-02-03 14:00:00+00:00,2025-02-03,2025-02-03:1,False,-1,0,True,0.5757575757575758,,,False,0,0,0,False,,420.0,60.0,,,,,
2025-02-03 14:05:00+00:00,2025-02-03,2025-02-03:1,True,0,5,True,0.5194805194805194,0.5194805194805194,-1.1613108047947742,True,0,0,0,False,,415.0,65.0,1.0,0.0,0.0,0.0,0.0
2025-02-03 14:10:00+00:00,2025-02-03,2025-02-03:1,True,4,5,True,0.07954545454545454,0.06537835021829654,0.1961374463182251,True,1,0,0,False,,410.0,70.0,0.0,0.0,0.0,0.0,1.0
2025-02-03 14:15:00+00:00,2025-02-03,2025-02-03:1,True,0,5,True,0.24233983286908078,0.24233983286908078,-1.176824677910383,True,0,1,1,False,,405.0,75.0,1.0,0.0,0.0,0.0,0.0
2025-02-03 14:20:00+00:00,2025-02-03,2025-02-03:1,True,0,10,True,-0.04815864022662889,0.039383825379355634,-0.20114535745556253,True,0,0,1,False,,400.0,80.0,1.0,0.0,0.0,0.0,0.0
2025-02-03 14:25:00+00:00,2025-02-03,2025-02-03:1,True,3,5,True,-0.14950166112956811,0.03586522932254274,-1.4275392203973123,True,0,0,1,False,,395.0,85.0,0.0,0.0,0.0,1.0,0.0
2025-02-03 14:30:00+00:00,2025-02-03,2025-02-03:1,True,3,10,True,-0.3157894736842105,0.06021025470069424,-1.6572330873704921,True,0,0,1,False,,390.0,90.0,0.0,0.0,0.0,1.0,0.0
2025-02-03 14:35:00+00:00,2025-02-03,2025-02-03:1,True,4,5,True,-0.16883116883116883,0.16883116883116883,1.5098120752778053,True,1,0,1,False,,385.0,95.0,0.0,0.0,0.0,0.0,1.0
2025-02-03 14:40:00+00:00,2025-02-03,2025-02-03:1,True,4,10,True,-0.4017094017094017,0.4017094017094017,0.0,True,1,0,1,False,,380.0,100.0,0.0,0.0,0.0,0.0,1.0
2025-02-03 14:45:00+00:00,2025-02-03,2025-02-03:1,True,0,5,True,-0.3619631901840491,0.3619631901840491,2.9110515714065737,True,0,0,1,False,,375.0,105.0,1.0,0.0,0.0,0.0,0.0
2025-02-03 14:50:00+00:00,2025-02-03,2025-02-03:1,True,1,5,True,-0.04823151125401929,0.04823151125401929,2.4274000372603486,True,0,0,1,False,,370.0,110.0,0.0,1.0,0.0,0.0,0.0
2025-02-03 14:55:00+00:00,2025-02-03,2025-02-03:1,True,2,5,True,-0.287292817679558,0.06517585722894668,-1.4834128538382148,True,0,0,1,False,,365.0,115.0,0.0,0.0,1.0,0.0,0.0
2025-02-03 15:00:00+00:00,2025-02-03,2025-02-03:1,True,1,5,True,-0.4,0.4,1.4388688596105987,True,0,0,1,False,,360.0,120.0,0.0,1.0,0.0,0.0,0.0
2025-02-03 15:05:00+00:00,2025-02-03,2025-02-03:1,True,2,5,True,0.42953020134228187,0.42953020134228187,-0.23666057381220368,True,0,0,1,True,-0.825339670967332,355.0,125.0,0.0,0.0,1.0,0.0,0.0
2025-02-03 15:10:00+00:00,2025-02-03,2025-02-03:1,True,2,10,True,0.41580756013745707,0.41580756013745707,-1.7805276290386172,True,0,0,1,True,-0.21613864330939508,350.0,130.0,0.0,0.0,1.0,0.0,0.0
2025-02-03 15:15:00+00:00,2025-02-03,2025-02-03:1,True,0,5,True,0.36283185840707965,0.18533034814802296,0.6717996286363367,True,0,0,1,True,-0.35027452027961686,345.0,135.0,1.0,0.0,0.0,0.0,0.0
2025-02-03 15:20:00+00:00,2025-02-03,2025-02-03:1,True,0,10,True,0.26345609065155806,0.2106322922930203,0.2237727925320957,True,0,0,1,True,0.34573674097397744,340.0,140.0,1.0,0.0,0.0,0.0,0.0
2025-02-03 15:25:00+00:00,2025-02-03,2025-02-03:1,True,0,15,True,0.3153846153846154,0.19891623750420886,0.46090907618110055,True,0,0,1,True,-0.8690683388774845,335.0,145.0,1.0,0.0,0.0,0.0,0.0
2025-02-03 15:30:00+00:00,2025-02-03,2025-02-03:1,True,1,5,True,0.21800947867298578,0.013430099048279916,2.787040156336068,True,0,0,1,True,3.3556983630106623,330.0,150.0,0.0,1.0,0.0,0.0,0.0
2025-02-03 15:35:00+00:00,2025-02-03,2025-02-03:1,True,1,10,True,-0.0625,0.0625,0.4695190304593421,True,0,0,1,True,-0.9510134740992798,325.0,155.0,0.0,1.0,0.0,0.0,0.0
2025-02-03 15:40:00+00:00,2025-02-03,2025-02-03:1,True,1,15,True,-0.44966442953020136,0.44966442953020136,0.7916953319584493,True,0,0,1,True,0.141720148953424,320.0,160.0,0.0,1.0,0.0,0.0,0.0
2025-02-03 15:45:00+00:00,2025-02-03,2025-02-03:1,True,2,5,True,-0.29815303430079154,0.050273901121529664,-1.7801208145461709,True,0,0,1,True,-0.7581849808551276,315.0,165.0,0.0,0.0,1.0,0.0,0.0
2025-02-03 15:50:00+00:00,2025-02-03,2025-02-03:1,True,0,5,True,0.20257234726688103,0.20257234726688103,-0.7755100013230287,True,0,0,1,True,-0.6458970997109618,310.0,170.0,1.0,0.0,0.0,0.0,0.0
2025-02-03 15:55:00+00:00,2025-02-03,2025-02-03:1,True,0,10,True,0.06711409395973154,0.03305564577191996,0.7082016891504296,True,0,0,1,True,0.7233266095558323,305.0,175.0,1.0,0.0,0.0,0.0,0.0
2025-02-03 16:00:00+00:00,2025-02-03,2025-02-03:1,True,0,15,True,-0.32558139534883723,0.27236251796666483,-0.17847852733743858,True,0,0,1,True,-0.06904334223712078,300.0,180.0,1.0,0.0,0.0,0.0,0.0
2025-02-03 16:05:00+00:00,2025-02-03,2025-02-03:1,True,0,20,True,-0.2827586206896552,0.19816598516339315,-0.35548861484996636,True,0,0,1,True,0.053669354216160405,295.0,185.0,1.0,0.0,0.0,0.0,0.0
2025-02-03 16:10:00+00:00,2025-02-03,2025-02-03:1,True,4,5,True,0.3046594982078853,0.1774720525559942,0.5403816075209963,True,0,0,1,True,-0.402776669403283,290.0,190.0,0.0,0.0,0.0,0.0,1.0
2025-02-03 16:15:00+00:00,2025-02-03,2025-02-03:1,True,0,5,True,0.34355828220858897,0.34355828220858897,0.0,True,0,0,1,True,0.0,285.0,195.0,1.0,0.0,0.0,0.0,0.0
2025-02-03 16:20:00+00:00,2025-02-03,2025-02-03:1,True,0,10,True,0.43157894736842106,0.3952674234978389,0.08788789674694393,True,0,0,1,True,0.042999410018197896,280.0,200.0,1.0,0.0,0.0,0.0,0.0
2025-02-03 16:25:00+00:00,2025-02-03,2025-02-03:1,True,0,15,True,0.39058171745152354,0.39058171745152354,-0.4350079924237553,True,0,0,1,True,0.43921578709372866,275.0,205.0,1.0,0.0,0.0,0.0,0.0
2025-02-03 16:30:00+00:00,2025-02-03,2025-02-03:1,True,0,20,True,0.29651162790697677,0.2700091078024677,0.09363074386183445,True,0,0,1,True,0.6280941241779892,270.0,210.0,1.0,0.0,0.0,0.0,0.0
2025-02-03 16:35:00+00:00,2025-02-03,2025-02-03:1,True,0,25,True,0.4175257731958763,0.3318832680850612,0.229562969654719,True,0,0,1,True,0.2566592026323366,265.0,215.0,1.0,0.0,0.0,0.0,0.0
2025-02-03 16:40:00+00:00,2025-02-03,2025-02-03:1,True,0,30,True,0.018404907975460124,0.008601687395144489,0.7606589740927081,True,0,0,1,True,0.6290538113803414,260.0,220.0,1.0,0.0,0.0,0.0,0.0
2025-02-03 16:45:00+00:00,2025-02-03,2025-02-03:1,True,0,35,True,0.023076923076923078,0.023076923076923078,-0.5382276789327357,True,0,0,1,True,0.5342137600204813,255.0,225.0,1.0,0.0,0.0,0.0,0.0
2025-02-03 16:50:00+00:00,2025-02-03,2025-02-03:1,True,0,40,True,0.03821656050955414,0.03821656050955414,-0.2724221659084849,True,0,0,1,True,0.6091544815473667,250.0,230.0,1.0,0.0,0.0,0.0,0.0
2025-02-03 16:55:00+00:00,2025-02-03,2025-02-03:1,True,0,45,True,-0.09138381201044386,0.012116197884946013,-2.0205251257282537,True,0,0,1,True,-0.6955966636120291,245.0,235.0,1.0,0.0,0.0,0.0,0.0
2025-02-03 17:00:00+00:00,2025-02-03,2025-02-03:1,True,0,50,True,-0.003236245954692557,0.003236245954692557,0.0,True,0,0,1,True,-1.2017938448542804,240.0,240.0,1.0,0.0,0.0,0.0,0.0
2025-02-03 17:05:00+00:00,2025-02-03,2025-02-03:1,True,3,5,True,-0.08465608465608465,0.029888817120551962,-1.0411125850706628,True,0,0,1,True,-0.5819996281117201,235.0,245.0,0.0,0.0,0.0,1.0,0.0
2025-02-03 17:10:00+00:00,2025-02-03,2025-02-03:1,True,3,10,True,-0.2140077821011673,0.12350443183656706,-0.5497353385788863,True,0,0,1,True,0.6642733777574915,230.0,250.0,0.0,0.0,0.0,1.0,0.0
2025-02-03 17:15:00+00:00,2025-02-03,2025-02-03:1,True,4,5,True,-0.3374233128834356,0.3374233128834356,0.8023100298377547,True,1,0,1,True,-0.5710457009240023,225.0,255.0,0.0,0.0,0.0,0.0,1.0
2025-02-03 17:20:00+00:00,2025-02-03,2025-02-03:1,True,4,10,True,-0.41694915254237286,0.41694915254237286,0.1409226400742802,True,1,0,1,True,0.33971147881789926,220.0,260.0,0.0,0.0,0.0,0.0,1.0
2025-02-03 17:25:00+00:00,2025-02-03,2025-02-03:1,True,0,5,True,-0.33112582781456956,0.2853732118120185,-0.14870060886395897,True,1,0,1,True,-1.0152024964476978,215.0,265.0,1.0,0.0,0.0,0.0,0.0
2025-02-03 17:30:00+00:00,2025-02-03,2025-02-03:1,True,3,5,True,-0.3890675241157556,0.054169324332794234,-1.9716381358961579,True,0,1,2,True,-0.585664770610084,210.0,270.0,0.0,0.0,0.0,1.0,0.0
2025-02-03 17:35:00+00:00,2025-02-03,2025-02-03:1,True,3,10,True,-0.18796992481203006,0.1463761740882424,-0.25010213264471653,True,0,0,2,True,-0.5592453699112555,205.0,275.0,0.0,0.0,0.0,1.0,0.0
2025-02-03 17:40:00+00:00,2025-02-03,2025-02-03:1,True,0,5,True,0.06031746031746032,0.06031746031746032,-0.1299294480118648,True,0,0,2,True,-0.5538387355308079,200.0,280.0,1.0,0.0,0.0,0.0,0.0
2025-02-03 17:45:00+00:00,2025-02-03,2025-02-03:1,True,0,10,True,-0.030470914127423823,0.030470914127423823,1.6847295925714876,True,0,0,2,True,0.0,195.0,285.0,1.0,0.0,0.0,0.0,0.0
2025-02-03 17:50:00+00:00,2025-02-03,2025-02-03:1,True,0,15,True,-0.3165266106442577,0.3165266106442577,0.4844126534790607,True,0,0,2,True,1.116519386423561,190.0,290.0,1.0,0.0,0.0,0.0,0.0
2025-02-03 17:55:00+00:00,2025-02-03,2025-02-03:1,True,0,20,True,0.10610932475884244,0.10610932475884244,-1.0970416816132433,True,0,0,2,True,-0.5451243942747431,185.0,295.0,1.0,0.0,0.0,0.0,0.0
2025-02-03 18:00:00+00:00,2025-02-03,2025-02-03:1,True,3,5,True,0.5074626865671642,0.5074626865671642,-2.91664374558344,True,0,0,2,True,-2.3042009306334674,180.0,300.0,0.0,0.0,0.0,1.0,0.0
2025-02-03 18:05:00+00:00,2025-02-03,2025-02-03:1,True,0,5,True,0.9561643835616438,0.38576340922800056,0.9077055955164334,True,0,0,2,True,-0.4833032029528215,175.0,305.0,1.0,0.0,0.0,0.0,0.0
2025-02-03 18:10:00+00:00,2025-02-03,2025-02-03:1,True,0,10,True,0.9585253456221198,0.7628183086873651,0.228376129754898,True,0,0,2,True,-0.026533934904137475,170.0,310.0,1.0,0.0,0.0,0.0,0.0
2025-02-03 18:15:00+00:00,2025-02-03,2025-02-03:1,True,4,5,True,0.9350348027842227,0.6595322677747486,0.34905285223043003,True,1,0,2,True,0.2601686351086506,165.0,315.0,0.0,0.0,0.0,0.0,1.0
2025-02-03 18:20:00+00:00,2025-02-03,2025-02-03:1,True,0,5,True,0.8723404255319149,0.2512000735431787,1.2449300166149544,True,1,0,2,True,2.0245441050051345,160.0,320.0,1.0,0.0,0.0,0.0,0.0
2025-02-03 18:25:00+00:00,2025-02-03,2025-02-03:1,True,0,10,True,0.8320987654320988,0.5401763497267661,0.43205548241509517,True,1,0,2,True,-0.9661054287329908,155.0,325.0,1.0,0.0,0.0,0.0,0.0
2025-02-03 18:30:00+00:00,2025-02-03,2025-02-03:1,True,1,5,True,0.8272138228941684,0.4203225453054282,0.6770408325204538,True,0,0,2,True,-0.006376982673336585,150.0,330.0,0.0,1.0,0.0,0.0,0.0
2025-02-03 18:35:00+00:00,2025-02-03,2025-02-03:1,True,2,5,True,0.8378378378378378,0.6631881071842967,0.23376589963517386,True,0,0,2,True,-0.008227620454920353,145.0,335.0,0.0,0.0,1.0,0.0,0.0
2025-02-03 18:40:00+00:00,2025-02-03,2025-02-03:1,True,1,5,True,0.896457765667575,0.040332850337011006,3.1012848999514393,True,0,0,2,True,1.3640276468519117,140.0,340.0,0.0,1.0,0.0,0.0,0.0
2025-02-03 18:45:00+00:00,2025-02-03,2025-02-03:1,True,1,10,True,0.8823529411764706,0.19789286573459564,1.494866333919874,True,0,0,2,True,0.4775175342751667,135.0,345.0,0.0,1.0,0.0,0.0,0.0
2025-02-03 18:50:00+00:00,2025-02-03,2025-02-03:1,True,1,15,True,0.7915492957746478,0.4142276174090938,0.6475765355950175,True,0,0,2,True,-0.514844154386529,130.0,350.0,0.0,1.0,0.0,0.0,0.0
2025-02-03 18:55:00+00:00,2025-02-03,2025-02-03:1,True,2,5,True,0.852054794520548,0.6824410840210479,0.22197463802456124,True,0,0,2,True,-0.49828279177250895,125.0,355.0,0.0,0.0,1.0,0.0,0.0
2025-02-03 19:00:00+00:00,2025-02-03,2025-02-03:1,True,2,10,True,0.7593582887700535,0.4781698238654575,0.46250777028111084,True,0,0,2,True,-0.5444743313914728,120.0,360.0,0.0,0.0,1.0,0.0,0.0
2025-02-03 19:05:00+00:00,2025-02-03,2025-02-03:1,True,2,15,True,0.812206572769953,0.47201524766581904,0.5427434183299753,True,0,0,2,True,0.0,115.0,365.0,0.0,0.0,1.0,0.0,0.0
2025-02-03 19:10:00+00:00,2025-02-03,2025-02-03:1,True,2,20,True,0.5191256830601093,0.5191256830601093,0.0,True,0,0,2,True,0.6082307233374155,110.0,370.0,0.0,0.0,1.0,0.0,0.0
2025-02-03 19:15:00+00:00,2025-02-03,2025-02-03:1,True,2,25,True,0.46131805157593125,0.46131805157593125,-0.2723365389479263,True,0,0,2,True,-0.6089630138445823,105.0,375.0,0.0,0.0,1.0,0.0,0.0
2025-02-03 19:20:00+00:00,2025-02-03,2025-02-03:1,True,0,5,True,0.33554817275747506,0.33554817275747506,-0.2786855626438237,True,0,0,2,True,0.0,100.0,380.0,1.0,0.0,0.0,0.0,0.0
2025-02-03 19:25:00+00:00,2025-02-03,2025-02-03:1,True,0,10,True,0.3625,0.3625,-0.57465109466219,True,0,0,2,True,0.0,95.0,385.0,1.0,0.0,0.0,0.0,0.0
2025-02-03 19:30:00+00:00,2025-02-03,2025-02-03:1,True,0,15,True,0.28434504792332266,0.28434504792332266,-0.6249534529629922,True,0,0,2,True,-0.698719201800227,90.0,390.0,1.0,0.0,0.0,0.0,0.0
2025-02-03 19:35:00+00:00,2025-02-03,2025-02-03:1,True,0,20,True,0.36486486486486486,0.04246426278937137,2.15086420513028,True,0,0,2,True,1.351942912234859,85.0,395.0,1.0,0.0,0.0,0.0,0.0
2025-02-03 19:40:00+00:00,2025-02-03,2025-02-03:1,True,0,25,True,0.5089514066496164,0.5089514066496164,-1.4314407089016967,True,0,0,2,True,-0.9626846223933696,80.0,400.0,1.0,0.0,0.0,0.0,0.0
2025-02-03 19:45:00+00:00,2025-02-03,2025-02-03:1,True,0,30,True,0.0165016501650165,0.0165016501650165,-0.4593953004000363,True,0,0,2,True,-0.7401138519720201,75.0,405.0,1.0,0.0,0.0,0.0,0.0
2025-02-03 19:50:00+00:00,2025-02-03,2025-02-03:1,True,0,35,True,0.11246200607902736,0.028344401696745083,1.3781859012014792,True,0,0,2,True,0.0,70.0,410.0,1.0,0.0,0.0,0.0,0.0
2025-02-03 19:55:00+00:00,2025-02-03,2025-02-03:1,True,1,5,True,-0.06624605678233439,0.06624605678233439,1.358486467576012,True,0,0,2,True,-0.8564326458991949,65.0,415.0,0.0,1.0,0.0,0.0,0.0
2025-02-03 20:00:00+00:00,2025-02-03,2025-02-03:1,True,1,10,True,0.16521739130434782,0.03334192119074648,1.600446629925335,True,0,0,2,True,-1.6913044513829993,60.0,420.0,0.0,1.0,0.0,0.0,0.0
2025-02-03 20:05:00+00:00,2025-02-03,2025-02-03:1,True,1,15,True,0.25157232704402516,0.16379582905282944,0.42910982343901716,True,0,0,2,True,1.9190374700451502,55.0,425.0,0.0,1.0,0.0,0.0,0.0
2025-02-03 20:10:00+00:00,2025-02-03,2025-02-03:1,True,2,5,True,-0.02735562310030395,0.02222678945271625,-0.20762381208638206,True,0,0,2,True,-0.46426095757279273,50.0,430.0,0.0,0.0,1.0,0.0,0.0
2025-02-03 20:15:00+00:00,2025-02-03,2025-02-03:1,True,2,10,True,-0.16551724137931034,0.023073551147444523,-1.9703883773350352,True,0,0,2,True,0.4405922353791636,45.0,435.0,0.0,0.0,1.0,0.0,0.0
2025-02-03 20:20:00+00:00,2025-02-03,2025-02-03:1,True,0,5,True,-0.4276094276094276,0.19408546883258973,-0.7899116036004702,True,0,0,2,True,-0.8831480209332595,40.0,440.0,1.0,0.0,0.0,0.0,0.0
2025-02-03 20:25:00+00:00,2025-02-03,2025-02-03:1,True,0,10,True,0.09570957095709572,0.09570957095709572,0.0,True,0,0,2,True,0.0,35.0,445.0,1.0,0.0,0.0,0.0,0.0
2025-02-03 20:30:00+00:00,2025-02-03,2025-02-03:1,True,3,5,True,-0.0738255033557047,0.02257485870645684,-1.1848674054017814,True,0,0,2,True,-0.8831480209332249,30.0,450.0,0.0,0.0,0.0,1.0,0.0
2025-02-03 20:35:00+00:00,2025-02-03,2025-02-03:1,True,4,5,True,0.0,0.0,1.281716541573356,True,0,0,2,True,1.4152978025985012,25.0,455.0,0.0,0.0,0.0,0.0,1.0
2025-02-03 20:40:00+00:00,2025-02-03,2025-02-03:1,True,4,10,True,-0.02,0.02,1.059930597777309,True,0,0,2,True,-0.3881742930299334,20.0,460.0,0.0,0.0,0.0,0.0,1.0
2025-02-03 20:45:00+00:00,2025-02-03,2025-02-03:1,True,0,5,True,-0.03728813559322034,0.007092573839088334,-1.659626896925018,True,0,0,2,True,-0.6232882825215137,15.0,465.0,1.0,0.0,0.0,0.0,0.0
2025-02-03 20:50:00+00:00,2025-02-03,2025-02-03:1,True,3,5,True,0.011976047904191617,0.011976047904191617,-1.605497127087232,True,0,0,2,True,0.0,10.0,470.0,0.0,0.0,0.0,1.0,0.0
2025-02-03 20:55:00+00:00,2025-02-03,2025-02-03:1,True,0,5,True,0.11551155115511551,0.05277810941793782,0.7832740245752067,True,0,0,2,True,1.3135904729706245,5.0,475.0,1.0,0.0,0.0,0.0,0.0
2025-02-03 21:00:00+00:00,2025-02-03,2025-02-03:1,True,0,10,True,0.08090614886731391,0.012126686032210874,1.8978813455932262,True,0,0,2,True,0.5191068499647513,0.0,480.0,1.0,0.0,0.0,0.0,0.0
2025-02-04 13:00:00+00:00,2025-02-04,2025-02-04:1,False,-1,0,False,,,,False,0,0,0,False,,480.0,0.0,,,,,
2025-02-04 13:05:00+00:00,2025-02-04,2025-02-04:1,False,-1,0,True,-0.07692307692307693,,,False,0,0,0,False,,475.0,5.0,,,,,
2025-02-04 13:10:00+00:00,2025-02-04,2025-02-04:1,False,-1,0,True,-0.02112676056338028,,,False,0,0,0,False,,470.0,10.0,,,,,
2025-02-04 13:15:00+00:00,2025-02-04,2025-02-04:1,False,-1,0,True,-0.08843537414965986,,,False,0,0,0,False,,465.0,15.0,,,,,
2025-02-04 13:20:00+00:00,2025-02-04,2025-02-04:1,False,-1,0,True,-0.41214057507987223,,,False,0,0,0,False,,460.0,20.0,,,,,
2025-02-04 13:25:00+00:00,2025-02-04,2025-02-04:1,False,-1,0,True,-0.5023923444976076,,,False,0,0,0,False,,455.0,25.0,,,,,
2025-02-04 13:30:00+00:00,2025-02-04,2025-02-04:1,False,-1,0,True,0.0023752969121140144,,,False,0,0,0,False,,450.0,30.0,,,,,
2025-02-04 13:35:00+00:00,2025-02-04,2025-02-04:1,False,-1,0,True,0.8852097130242825,,,False,0,0,0,False,,445.0,35.0,,,,,
2025-02-04 13:40:00+00:00,2025-02-04,2025-02-04:1,False,-1,0,True,0.9289099526066351,,,False,0,0,0,False,,440.0,40.0,,,,,
2025-02-04 13:45:00+00:00,2025-02-04,2025-02-04:1,False,-1,0,True,0.8512035010940919,,,False,0,0,0,False,,435.0,45.0,,,,,
2025-02-04 13:50:00+00:00,2025-02-04,2025-02-04:1,False,-1,0,True,0.9153439153439153,,,False,0,0,0,False,,430.0,50.0,,,,,
2025-02-04 13:55:00+00:00,2025-02-04,2025-02-04:1,False,-1,0,True,0.8921832884097035,,,False,0,0,0,False,,425.0,55.0,,,,,
2025-02-04 14:00:00+00:00,2025-02-04,2025-02-04:1,False,-1,0,True,0.7899761336515513,,,False,0,0,0,False,,420.0,60.0,,,,,
2025-02-04 14:05:00+00:00,2025-02-04,2025-02-04:1,True,1,5,True,0.6193548387096774,0.2577555934376231,0.8766665298502148,True,0,0,0,False,,415.0,65.0,0.0,1.0,0.0,0.0,0.0
2025-02-04 14:10:00+00:00,2025-02-04,2025-02-04:1,True,2,5,True,0.48633879781420764,0.48633879781420764,-1.1274698682612116,True,0,0,0,False,,410.0,70.0,0.0,0.0,1.0,0.0,0.0
2025-02-04 14:15:00+00:00,2025-02-04,2025-02-04:1,True,1,5,True,0.6098901098901099,0.3759601643106818,0.48379560142268274,True,0,0,0,False,,405.0,75.0,0.0,1.0,0.0,0.0,0.0
2025-02-04 14:20:00+00:00,2025-02-04,2025-02-04:1,True,2,5,True,0.7945619335347432,0.7945619335347432,-0.6396791566827509,True,0,0,0,False,,400.0,80.0,0.0,0.0,1.0,0.0,0.0
2025-02-04 14:25:00+00:00,2025-02-04,2025-02-04:1,True,1,5,True,0.8623853211009175,0.13291839175676215,1.869966834942015,True,0,0,0,False,,395.0,85.0,0.0,1.0,0.0,0.0,0.0
2025-02-04 14:30:00+00:00,2025-02-04,2025-02-04:1,True,1,10,True,0.7935779816513762,0.5825192800083681,0.3091895270719101,True,0,0,0,False,,390.0,90.0,0.0,1.0,0.0,0.0,0.0
2025-02-04 14:35:00+00:00,2025-02-04,2025-02-04:1,True,1,15,True,0.8903508771929824,0.16401226531317112,1.6916744155468595,True,0,0,0,False,,385.0,95.0,0.0,1.0,0.0,0.0,0.0
2025-02-04 14:40:00+00:00,2025-02-04,2025-02-04:1,True,1,20,True,0.9371428571428572,0.2326137280736783,1.3934564744466746,True,0,0,0,False,,380.0,100.0,0.0,1.0,0.0,0.0,0.0
2025-02-04 14:45:00+00:00,2025-02-04,2025-02-04:1,True,1,25,True,0.8691099476439791,0.436370739382572,0.6889774375751923,True,0,0,0,False,,375.0,105.0,0.0,1.0,0.0,0.0,0.0
2025-02-04 14:50:00+00:00,2025-02-04,2025-02-04:1,True,1,30,True,0.7884615384615384,0.3782501150013544,0.7345279704012926,True,0,0,0,False,,370.0,110.0,0.0,1.0,0.0,0.0,0.0
2025-02-04 14:55:00+00:00,2025-02-04,2025-02-04:1,True,2,5,True,0.774869109947644,0.774869109947644,0.0,True,0,0,0,False,,365.0,115.0,0.0,0.0,1.0,0.0,0.0
2025-02-04 15:00:00+00:00,2025-02-04,2025-02-04:1,True,1,5,True,0.7620137299771167,0.03324508805155587,3.1320575454507056,True,0,0,0,False,,360.0,120.0,0.0,1.0,0.0,0.0,0.0
2025-02-04 15:05:00+00:00,2025-02-04,2025-02-04:1,True,1,10,True,0.7064676616915423,0.3436714303731971,0.7205913718558359,True,0,0,0,True,0.0,355.0,125.0,0.0,1.0,0.0,0.0,0.0
2025-02-04 15:10:00+00:00,2025-02-04,2025-02-04:1,True,1,15,True,0.7231638418079096,0.30784560346246775,0.8540374405004346,True,0,0,0,True,0.0,350.0,130.0,0.0,1.0,0.0,0.0,0.0
2025-02-04 15:15:00+00:00,2025-02-04,2025-02-04:1,True,2,5,True,0.4886731391585761,0.4886731391585761,0.0,True,0,0,0,True,0.8101127410308775,345.0,135.0,0.0,0.0,1.0,0.0,0.0
2025-02-04 15:20:00+00:00,2025-02-04,2025-02-04:1,True,1,5,True,0.7388888888888889,0.1866177255479208,1.376085280193687,True,0,0,0,True,0.0,340.0,140.0,0.0,1.0,0.0,0.0,0.0
2025-02-04 15:25:00+00:00,2025-02-04,2025-02-04:1,True,1,10,True,0.6226415094339622,0.1808075474567095,1.2365377350270232,True,0,0,0,True,-0.3385669544973375,335.0,145.0,0.0,1.0,0.0,0.0,0.0
2025-02-04 15:30:00+00:00,2025-02-04,2025-02-04:1,True,3,5,True,0.7647058823529411,0.7647058823529411,-9.006903472750311,True,0,0,0,True,-21.290908342238943,330.0,150.0,0.0,0.0,0.0,1.0,0.0
2025-02-04 15:35:00+00:00,2025-02-04,2025-02-04:1,True,0,5,True,0.9712918660287081,0.2551976732093769,1.3365885721481587,True,0,0,0,True,0.37358786315875137,325.0,155.0,1.0,0.0,0.0,0.0,0.0
2025-02-04 15:40:00+00:00,2025-02-04,2025-02-04:1,True,0,10,True,0.9667458432304038,0.32697868389818896,1.0840406488255439,True,0,0,0,True,-0.2241556173473861,320.0,160.0,1.0,0.0,0.0,0.0,0.0
2025-02-04 15:45:00+00:00,2025-02-04,2025-02-04:1,True,1,5,True,0.9710144927536232,0.14846717506872711,1.877977503274997,True,0,0,0,True,0.6768757395562802,315.0,165.0,0.0,1.0,0.0,0.0,0.0
2025-02-04 15:50:00+00:00,2025-02-04,2025-02-04:1,True,1,10,True,0.9065420560747663,0.34103153736838426,0.9776624650652929,True,0,0,0,True,0.14115777292693074,310.0,170.0,0.0,1.0,0.0,0.0,0.0
2025-02-04 15:55:00+00:00,2025-02-04,2025-02-04:1,True,1,15,True,0.937984496124031,0.24170340589227107,1.3560220412033648,True,0,0,0,True,0.30313802049265387,305.0,175.0,0.0,1.0,0.0,0.0,0.0
2025-02-04 16:00:00+00:00,2025-02-04,2025-02-04:1,True,2,5,True,0.9120879120879121,0.9120879120879121,-0.39709235311878555,True,0,0,0,True,-0.1169828598760266,300.0,180.0,0.0,0.0,1.0,0.0,0.0
2025-02-04 16:05:00+00:00,2025-02-04,2025-02-04:1,True,1,5,True,0.8984547461368654,0.13640344095730836,1.885059366890792,True,0,0,0,True,0.46825602360135926,295.0,185.0,0.0,1.0,0.0,0.0,0.0
2025-02-04 16:10:00+00:00,2025-02-04,2025-02-04:1,True,2,5,True,0.9481641468682506,0.594837084960353,0.46624007670669,True,0,0,0,True,0.5841512539040018,290.0,190.0,0.0,0.0,1.0,0.0,0.0
2025-02-04 16:15:00+00:00,2025-02-04,2025-02-04:1,True,2,10,True,0.9356321839080459,0.9356321839080459,-0.4646792490235477,True,0,0,0,True,0.1264336821642667,285.0,195.0,0.0,0.0,1.0,0.0,0.0
2025-02-04 16:20:00+00:00,2025-02-04,2025-02-04:1,True,2,15,True,0.9373219373219374,0.8682028586944984,0.07660141075340861,True,0,0,0,True,0.0,280.0,200.0,0.0,0.0,1.0,0.0,0.0
2025-02-04 16:25:00+00:00,2025-02-04,2025-02-04:1,True,0,5,True,0.8062953995157385,0.8062953995157385,0.0,True,0,0,0,True,-0.33784499433916293,275.0,205.0,1.0,0.0,0.0,0.0,0.0
2025-02-04 16:30:00+00:00,2025-02-04,2025-02-04:1,True,0,10,True,0.8258706467661692,0.8258706467661692,-0.5974485706363971,True,0,0,0,True,0.0,270.0,210.0,1.0,0.0,0.0,0.0,0.0
2025-02-04 16:35:00+00:00,2025-02-04,2025-02-04:1,True,0,15,True,0.37142857142857144,0.37142857142857144,-0.5486313998606193,True,0,0,0,True,0.0,265.0,215.0,1.0,0.0,0.0,0.0,0.0
2025-02-04 16:40:00+00:00,2025-02-04,2025-02-04:1,True,3,5,True,0.4182825484764543,0.4182825484764543,-0.6795345745479632,True,0,0,0,True,0.0,260.0,220.0,0.0,0.0,0.0,1.0,0.0
2025-02-04 16:45:00+00:00,2025-02-04,2025-02-04:1,True,4,5,True,0.3253012048192771,0.24550575539086705,0.28143114668276864,True,0,0,0,True,-0.6292991749701737,255.0,225.0,0.0,0.0,0.0,0.0,1.0
2025-02-04 16:50:00+00:00,2025-02-04,2025-02-04:1,True,3,5,True,0.36454849498327757,0.36454849498327757,-0.2846822018388672,True,0,0,0,True,0.509735479097949,250.0,230.0,0.0,0.0,0.0,1.0,0.0
2025-02-04 16:55:00+00:00,2025-02-04,2025-02-04:1,True,3,10,True,0.29213483146067415,0.29213483146067415,-0.6442684961495228,True,0,0,0,True,-0.8491139454066554,245.0,235.0,0.0,0.0,0.0,1.0,0.0
2025-02-04 17:00:00+00:00,2025-02-04,2025-02-04:1,True,4,5,True,-0.20125786163522014,0.20125786163522014,0.0,True,0,0,0,True,0.0,240.0,240.0,0.0,0.0,0.0,0.0,1.0
2025-02-04 17:05:00+00:00,2025-02-04,2025-02-04:1,True,0,5,True,0.326984126984127,0.11621065616979766,1.0345070827530685,True,0,0,0,True,0.0,235.0,245.0,1.0,0.0,0.0,0.0,0.0
2025-02-04 17:10:00+00:00,2025-02-04,2025-02-04:1,True,0,10,True,0.3738601823708207,0.13546219029669307,1.0151893206086746,True,0,0,0,True,-1.4095158983645153,230.0,250.0,1.0,0.0,0.0,0.0,0.0
2025-02-04 17:15:00+00:00,2025-02-04,2025-02-04:1,True,0,15,True,0.5102040816326531,0.5102040816326531,0.0,True,0,0,0,True,-0.6506139225558129,225.0,255.0,1.0,0.0,0.0,0.0,0.0
2025-02-04 17:20:00+00:00,2025-02-04,2025-02-04:1,True,0,20,True,0.2875,0.2875,0.0,True,0,0,0,True,0.761496110174387,220.0,260.0,1.0,0.0,0.0,0.0,0.0
2025-02-04 17:25:00+00:00,2025-02-04,2025-02-04:1,True,2,5,True,0.31976744186046513,0.31976744186046513,0.0,True,0,0,0,True,-0.6715899470408024,215.0,265.0,0.0,0.0,1.0,0.0,0.0
2025-02-04 17:30:00+00:00,2025-02-04,2025-02-04:1,True,1,5,True,0.04318936877076412,0.029639232475876458,0.37649546647815296,True,0,0,0,True,0.1377746936324534,210.0,270.0,0.0,1.0,0.0,0.0,0.0
2025-02-04 17:35:00+00:00,2025-02-04,2025-02-04:1,True,0,5,True,-0.029239766081871343,0.013448300399190032,-0.7766769012228678,True,0,0,0,True,0.6481428331248683,205.0,275.0,1.0,0.0,0.0,0.0,0.0
2025-02-04 17:40:00+00:00,2025-02-04,2025-02-04:1,True,0,10,True,0.1262135922330097,0.1262135922330097,-0.3918492931916338,True,0,0,0,True,-0.8762016565117388,200.0,280.0,1.0,0.0,0.0,0.0,0.0
2025-02-04 17:45:00+00:00,2025-02-04,2025-02-04:1,True,0,15,True,0.1781609195402299,0.1781609195402299,0.0,True,0,0,0,True,0.9248129826694723,195.0,285.0,1.0,0.0,0.0,0.0,0.0
2025-02-04 17:50:00+00:00,2025-02-04,2025-02-04:1,True,0,20,True,-0.10850439882697947,0.07152290498617235,-0.4167729664868583,True,0,0,0,True,-0.9319326842488569,190.0,290.0,1.0,0.0,0.0,0.0,0.0
2025-02-04 17:55:00+00:00,2025-02-04,2025-02-04:1,True,3,5,True,-0.30939226519337015,0.09022435962947666,-1.2323104854321218,True,0,0,0,True,0.0,185.0,295.0,0.0,0.0,0.0,1.0,0.0
2025-02-04 18:00:00+00:00,2025-02-04,2025-02-04:1,True,0,5,True,-0.40096618357487923,0.40096618357487923,2.0386037236426264,True,0,0,0,True,2.4309511022427146,180.0,300.0,1.0,0.0,0.0,0.0,0.0
2025-02-04 18:05:00+00:00,2025-02-04,2025-02-04:1,True,0,10,True,-0.7588652482269503,0.363285185493536,-0.7366360622822152,True,0,0,0,True,0.8235841549692307,175.0,305.0,1.0,0.0,0.0,0.0,0.0
2025-02-04 18:10:00+00:00,2025-02-04,2025-02-04:1,True,0,15,True,-0.5645161290322581,0.5645161290322581,0.959269282598807,True,0,0,0,True,1.414772031696648,170.0,310.0,1.0,0.0,0.0,0.0,0.0
2025-02-04 18:15:00+00:00,2025-02-04,2025-02-04:1,True,0,20,True,-0.455470737913486,0.455470737913486,0.5779552680663437,True,0,0,0,True,1.7231296897997943,165.0,315.0,1.0,0.0,0.0,0.0,0.0
2025-02-04 18:20:00+00:00,2025-02-04,2025-02-04:1,True,0,25,True,-0.21212121212121213,0.21212121212121213,0.19233441799424,True,0,0,0,True,1.7202913321943623,160.0,320.0,1.0,0.0,0.0,0.0,0.0
2025-02-04 18:25:00+00:00,2025-02-04,2025-02-04:1,True,2,5,True,-0.3954802259887006,0.3954802259887006,0.0,True,0,0,0,True,0.0,155.0,325.0,0.0,0.0,1.0,0.0,0.0
2025-02-04 18:30:00+00:00,2025-02-04,2025-02-04:1,True,0,5,True,-0.4350282485875706,0.35986152867659543,-0.189691653370775,True,0,0,0,True,0.0,150.0,330.0,1.0,0.0,0.0,0.0,0.0
2025-02-04 18:35:00+00:00,2025-02-04,2025-02-04:1,True,0,10,True,-0.29015544041450775,0.11367232566538647,-0.9370968075237799,True,0,0,0,True,-0.0013833504366643475,145.0,335.0,1.0,0.0,0.0,0.0,0.0
2025-02-04 18:40:00+00:00,2025-02-04,2025-02-04:1,True,3,5,True,-0.0847457627118644,0.014480810636088965,-1.7668313789646308,True,0,0,0,True,-2.9599190012204715,140.0,340.0,0.0,0.0,0.0,1.0,0.0
2025-02-04 18:45:00+00:00,2025-02-04,2025-02-04:1,True,3,10,True,0.18518518518518517,0.18518518518518517,-1.0538961652690286,True,0,0,0,True,2.0620105334221224,135.0,345.0,0.0,0.0,0.0,1.0,0.0
2025-02-04 18:50:00+00:00,2025-02-04,2025-02-04:1,True,3,15,True,-0.2563380281690141,0.06865802330269634,-1.3173589980575036,True,0,0,0,True,-0.5355825946234061,130.0,350.0,0.0,0.0,0.0,1.0,0.0
2025-02-04 18:55:00+00:00,2025-02-04,2025-02-04:1,True,4,5,True,-0.2970027247956403,0.2076164777629748,-0.3580487923607981,True,0,0,0,True,-0.6210045267242972,125.0,355.0,0.0,0.0,0.0,0.0,1.0
2025-02-04 19:00:00+00:00,2025-02-04,2025-02-04:1,True,4,10,True,0.16065573770491803,0.06391635491800202,0.9216885263416881,True,0,0,0,True,0.08634252844420925,120.0,360.0,0.0,0.0,0.0,0.0,1.0
2025-02-04 19:05:00+00:00,2025-02-04,2025-02-04:1,True,4,15,True,0.3285024154589372,0.3285024154589372,0.0,True,0,0,0,True,0.08180180909634754,115.0,365.0,0.0,0.0,0.0,0.0,1.0
2025-02-04 19:10:00+00:00,2025-02-04,2025-02-04:1,True,3,5,True,0.23684210526315788,0.23684210526315788,-0.8517544749550907,True,0,0,0,True,-0.5441659731821938,110.0,370.0,0.0,0.0,0.0,1.0,0.0
2025-02-04 19:15:00+00:00,2025-02-04,2025-02-04:1,True,0,5,True,0.005847953216374269,0.0028230530928397635,0.7282727661445384,True,0,0,0,True,0.5428224704198175,105.0,375.0,1.0,0.0,0.0,0.0,0.0
2025-02-04 19:20:00+00:00,2025-02-04,2025-02-04:1,True,0,10,True,0.5379939209726444,0.16272727722082145,1.195771607140178,True,0,0,0,True,-0.534765319827138,100.0,380.0,1.0,0.0,0.0,0.0,0.0
2025-02-04 19:25:00+00:00,2025-02-04,2025-02-04:1,True,2,5,True,0.26975476839237056,0.26975476839237056,0.0,True,0,0,0,True,-0.45029095470939035,95.0,385.0,0.0,0.0,1.0,0.0,0.0
2025-02-04 19:30:00+00:00,2025-02-04,2025-02-04:1,True,0,5,True,0.3033033033033033,0.2688513138138709,0.1205748158077948,True,0,0,0,True,0.5392269690414909,90.0,390.0,1.0,0.0,0.0,0.0,0.0
2025-02-04 19:35:00+00:00,2025-02-04,2025-02-04:1,True,0,10,True,0.08235294117647059,0.08235294117647059,-0.12107307126549519,True,0,0,0,True,-0.8121828527845101,85.0,395.0,1.0,0.0,0.0,0.0,0.0
2025-02-04 19:40:00+00:00,2025-02-04,2025-02-04:1,True,1,5,True,0.2074468085106383,0.16186495202389456,0.24811260419386705,True,0,0,0,True,0.0,80.0,400.0,0.0,1.0,0.0,0.0,0.0
2025-02-04 19:45:00+00:00,2025-02-04,2025-02-04:1,True,1,10,True,0.3628808864265928,0.18995267277703956,0.6472996933653097,True,0,0,0,True,-0.723703058091858,75.0,405.0,0.0,1.0,0.0,0.0,0.0
2025-02-04 19:50:00+00:00,2025-02-04,2025-02-04:1,True,0,5,True,0.4375,0.29513430328610457,0.39364618768306225,True,0,0,0,True,0.8802196347429677,70.0,410.0,1.0,0.0,0.0,0.0,0.0
2025-02-04 19:55:00+00:00,2025-02-04,2025-02-04:1,True,0,10,True,0.49382716049382713,0.49382716049382713,-0.8058488327264786,True,0,0,0,True,-1.0278334082938456,65.0,415.0,1.0,0.0,0.0,0.0,0.0
2025-02-04 20:00:00+00:00,2025-02-04,2025-02-04:1,True,0,15,True,0.31843575418994413,0.31843575418994413,0.0,True,0,0,0,True,0.0,60.0,420.0,1.0,0.0,0.0,0.0,0.0
2025-02-04 20:05:00+00:00,2025-02-04,2025-02-04:1,True,1,5,True,0.3543307086614173,0.03768758379616742,2.240899984361705,True,0,0,0,True,0.5336935802763001,55.0,425.0,0.0,1.0,0.0,0.0,0.0
2025-02-04 20:10:00+00:00,2025-02-04,2025-02-04:1,True,1,10,True,0.5211267605633803,0.15548146433111834,1.2094667905136636,True,0,0,0,True,-0.9014833200381625,50.0,430.0,0.0,1.0,0.0,0.0,0.0
2025-02-04 20:15:00+00:00,2025-02-04,2025-02-04:1,True,1,15,True,0.30303030303030304,0.06304696710749991,1.569952852229591,True,0,0,0,True,0.9834503294510343,45.0,435.0,0.0,1.0,0.0,0.0,0.0
2025-02-04 20:20:00+00:00,2025-02-04,2025-02-04:1,True,1,20,True,0.48823529411764705,0.07770945851905788,1.8378204685015143,True,0,0,0,True,0.9781689998551264,40.0,440.0,0.0,1.0,0.0,0.0,0.0
2025-02-04 20:25:00+00:00,2025-02-04,2025-02-04:1,True,2,5,True,0.6623376623376623,0.5413334948015674,0.2017399595205523,True,0,0,0,True,-0.8423195318635247,35.0,445.0,0.0,0.0,1.0,0.0,0.0
2025-02-04 20:30:00+00:00,2025-02-04,2025-02-04:1,True,2,10,True,0.7610062893081762,0.7610062893081762,0.0,True,0,0,0,True,0.9081003280559683,30.0,450.0,0.0,0.0,1.0,0.0,0.0
2025-02-04 20:35:00+00:00,2025-02-04,2025-02-04:1,True,2,15,True,0.6752136752136753,0.4477333419694615,0.4108313602676281,True,0,0,0,True,-0.03744250532889507,25.0,455.0,0.0,0.0,1.0,0.0,0.0
2025-02-04 20:40:00+00:00,2025-02-04,2025-02-04:1,True,2,20,True,0.7458823529411764,0.7458823529411764,-0.3993687291745766,True,0,0,0,True,-0.8930156265220569,20.0,460.0,0.0,0.0,1.0,0.0,0.0
2025-02-04 20:45:00+00:00,2025-02-04,2025-02-04:1,True,1,5,True,0.823960880195599,0.2518658319542358,1.1852265204423544,True,0,0,0,True,0.0,15.0,465.0,0.0,1.0,0.0,0.0,0.0
2025-02-04 20:50:00+00:00,2025-02-04,2025-02-04:1,True,0,5,True,0.6735905044510386,0.6735905044510386,-1.5200460529403141,True,0,0,0,True,-1.2745973637408046,10.0,470.0,1.0,0.0,0.0,0.0,0.0
2025-02-04 20:55:00+00:00,2025-02-04,2025-02-04:1,True,0,10,True,0.39943342776203966,0.39943342776203966,-0.18661100795438923,True,0,0,0,True,0.0,5.0,475.0,1.0,0.0,0.0,0.0,0.0
2025-02-04 21:00:00+00:00,2025-02-04,2025-02-04:1,True,3,5,True,0.7043478260869566,0.7043478260869566,-2.184165046436459,True,0,0,0,True,-2.182709525734259,0.0,480.0,0.0,0.0,0.0,1.0,0.0
2025-02-05 13:00:00+00:00,2025-02-05,2025-02-05:1,False,-1,0,False,,,,False,0,0,0,False,,480.0,0.0,,,,,
2025-02-05 13:05:00+00:00,2025-02-05,2025-02-05:1,False,-1,0,True,-0.3161290322580645,,,False,0,0,0,False,,475.0,5.0,,,,,
2025-02-05 13:10:00+00:00,2025-02-05,2025-02-05:1,False,-1,0,True,-0.27927927927927926,,,False,0,0,0,False,,470.0,10.0,,,,,
2025-02-05 13:15:00+00:00,2025-02-05,2025-02-05:1,False,-1,0,True,0.09293680297397769,,,False,0,0,0,False,,465.0,15.0,,,,,
2025-02-05 13:20:00+00:00,2025-02-05,2025-02-05:1,False,-1,0,True,0.3565217391304348,,,False,0,0,0,False,,460.0,20.0,,,,,
2025-02-05 13:25:00+00:00,2025-02-05,2025-02-05:1,False,-1,0,True,0.034722222222222224,,,False,0,0,0,False,,455.0,25.0,,,,,
2025-02-05 13:30:00+00:00,2025-02-05,2025-02-05:1,False,-1,0,True,-0.2538860103626943,,,False,0,0,0,False,,450.0,30.0,,,,,
2025-02-05 13:35:00+00:00,2025-02-05,2025-02-05:1,False,-1,0,True,0.027777777777777776,,,False,0,0,0,False,,445.0,35.0,,,,,
2025-02-05 13:40:00+00:00,2025-02-05,2025-02-05:1,False,-1,0,True,-0.03536977491961415,,,False,0,0,0,False,,440.0,40.0,,,,,
2025-02-05 13:45:00+00:00,2025-02-05,2025-02-05:1,False,-1,0,True,-0.40718562874251496,,,False,0,0,0,False,,435.0,45.0,,,,,
2025-02-05 13:50:00+00:00,2025-02-05,2025-02-05:1,False,-1,0,True,-0.43023255813953487,,,False,0,0,0,False,,430.0,50.0,,,,,
2025-02-05 13:55:00+00:00,2025-02-05,2025-02-05:1,False,-1,0,True,0.1301775147928994,,,False,0,0,0,False,,425.0,55.0,,,,,
2025-02-05 14:00:00+00:00,2025-02-05,2025-02-05:1,False,-1,0,True,-0.10030395136778116,,,False,0,0,0,False,,420.0,60.0,,,,,
2025-02-05 14:05:00+00:00,2025-02-05,2025-02-05:1,True,0,5,True,0.053164556962025315,0.0442347282771119,0.18388176360047054,True,0,0,0,False,,415.0,65.0,1.0,0.0,0.0,0.0,0.0
2025-02-05 14:10:00+00:00,2025-02-05,2025-02-05:1,True,0,10,True,-0.2565789473684211,0.2565789473684211,0.36776352720095196,True,0,0,0,False,,410.0,70.0,1.0,0.0,0.0,0.0,0.0
2025-02-05 14:15:00+00:00,2025-02-05,2025-02-05:1,True,0,15,True,0.11801242236024845,0.11801242236024845,-0.1842119677971948,True,0,0,0,False,,405.0,75.0,1.0,0.0,0.0,0.0,0.0
2025-02-05 14:20:00+00:00,2025-02-05,2025-02-05:1,True,3,5,True,0.011235955056179775,0.011235955056179775,-1.946133433753327,True,0,0,0,False,,400.0,80.0,0.0,0.0,0.0,1.0,0.0
2025-02-05 14:25:00+00:00,2025-02-05,2025-02-05:1,True,0,5,True,-0.005847953216374269,0.005847953216374269,1.1393677888383018,True,0,0,0,False,,395.0,85.0,1.0,0.0,0.0,0.0,0.0
2025-02-05 14:30:00+00:00,2025-02-05,2025-02-05:1,True,0,10,True,0.313915857605178,0.08785892101808737,1.2733926228111174,True,0,0,0,False,,390.0,90.0,1.0,0.0,0.0,0.0,0.0
2025-02-05 14:35:00+00:00,2025-02-05,2025-02-05:1,True,0,15,True,0.45569620253164556,0.45569620253164556,-0.3253389276595459,True,0,0,0,False,,385.0,95.0,1.0,0.0,0.0,0.0,0.0
2025-02-05 14:40:00+00:00,2025-02-05,2025-02-05:1,True,0,20,True,0.35873015873015873,0.35873015873015873,0.0,True,0,0,0,False,,380.0,100.0,1.0,0.0,0.0,0.0,0.0
2025-02-05 14:45:00+00:00,2025-02-05,2025-02-05:1,True,0,25,True,0.42939481268011526,0.42939481268011526,0.0,True,0,0,0,False,,375.0,105.0,1.0,0.0,0.0,0.0,0.0
2025-02-05 14:50:00+00:00,2025-02-05,2025-02-05:1,True,1,5,True,0.6467661691542289,0.2929170903766708,0.7920952204022851,True,0,0,0,False,,370.0,110.0,0.0,1.0,0.0,0.0,0.0
2025-02-05 14:55:00+00:00,2025-02-05,2025-02-05:1,True,1,10,True,0.4946808510638298,0.054769543998814965,2.200778536291872,True,0,0,0,False,,365.0,115.0,0.0,1.0,0.0,0.0,0.0
2025-02-05 15:00:00+00:00,2025-02-05,2025-02-05:1,True,1,15,True,0.6888888888888889,0.17162485511719913,1.3897689737915642,True,0,0,0,False,,360.0,120.0,0.0,1.0,0.0,0.0,0.0
2025-02-05 15:05:00+00:00,2025-02-05,2025-02-05:1,True,2,5,True,0.6711590296495957,0.6711590296495957,-0.7040832538170437,True,0,0,0,True,-0.7871890086759554,355.0,125.0,0.0,0.0,1.0,0.0,0.0
2025-02-05 15:10:00+00:00,2025-02-05,2025-02-05:1,True,2,10,True,0.6767123287671233,0.6767123287671233,-0.8555934783377405,True,0,0,0,True,-1.1478991072020788,350.0,130.0,0.0,0.0,1.0,0.0,0.0
2025-02-05 15:15:00+00:00,2025-02-05,2025-02-05:1,True,1,5,True,0.7399527186761229,0.19138980210098971,1.3522740934357103,True,0,0,0,True,0.0,345.0,135.0,0.0,1.0,0.0,0.0,0.0
2025-02-05 15:20:00+00:00,2025-02-05,2025-02-05:1,True,1,10,True,0.7378917378917379,0.12802062209822299,1.75160575613067,True,0,0,0,True,0.9320587242915837,340.0,140.0,0.0,1.0,0.0,0.0,0.0
2025-02-05 15:25:00+00:00,2025-02-05,2025-02-05:1,True,1,15,True,0.8951965065502183,0.10077378054192336,2.184165046435861,True,0,0,0,True,-0.5339244160222999,335.0,145.0,0.0,1.0,0.0,0.0,0.0
2025-02-05 15:30:00+00:00,2025-02-05,2025-02-05:1,True,1,20,True,0.5219123505976095,0.00021287971942133757,7.804527633378335,True,0,0,0,True,15.873164103213142,330.0,150.0,0.0,1.0,0.0,0.0,0.0
2025-02-05 15:35:00+00:00,2025-02-05,2025-02-05:1,True,2,5,True,-0.7731343283582089,0.17589817997446922,-1.4805475040997171,True,0,0,0,True,-0.6652154369016415,325.0,155.0,0.0,0.0,1.0,0.0,0.0
2025-02-05 15:40:00+00:00,2025-02-05,2025-02-05:1,True,2,10,True,-0.835990888382688,0.5037329081716828,-0.5065715304639777,True,0,0,0,True,-0.13130826487654607,320.0,160.0,0.0,0.0,1.0,0.0,0.0
2025-02-05 15:45:00+00:00,2025-02-05,2025-02-05:1,True,2,15,True,-0.6410256410256411,0.35313740195765975,-0.5962122358486365,True,0,0,0,True,-1.023298587664133,315.0,165.0,0.0,0.0,1.0,0.0,0.0
2025-02-05 15:50:00+00:00,2025-02-05,2025-02-05:1,True,0,5,True,-0.553623188405797,0.1601791120611817,-1.2401916504985457,True,0,0,0,True,-0.7395074228374153,310.0,170.0,1.0,0.0,0.0,0.0,0.0
2025-02-05 15:55:00+00:00,2025-02-05,2025-02-05:1,True,0,10,True,-0.655328798185941,0.28847181564535884,-0.8205397032088728,True,0,0,0,True,0.0,305.0,175.0,1.0,0.0,0.0,0.0,0.0
2025-02-05 16:00:00+00:00,2025-02-05,2025-02-05:1,True,3,5,True,-0.6847545219638242,0.29879326899369035,-0.8293084857285254,True,0,0,0,True,0.3708780296808578,300.0,180.0,0.0,0.0,0.0,1.0,0.0
2025-02-05 16:05:00+00:00,2025-02-05,2025-02-05:1,True,4,5,True,-0.45066666666666666,0.45066666666666666,0.0,True,0,0,0,True,0.36871387453102455,295.0,185.0,0.0,0.0,0.0,0.0,1.0
2025-02-05 16:10:00+00:00,2025-02-05,2025-02-05:1,True,3,5,True,-0.3356401384083045,0.14729998099511263,-0.8235683749261501,True,0,0,0,True,-0.3683109740905717,290.0,190.0,0.0,0.0,0.0,1.0,0.0
2025-02-05 16:15:00+00:00,2025-02-05,2025-02-05:1,True,3,10,True,-0.4805194805194805,0.29293087609652174,-0.49493110634789383,True,0,0,0,True,-0.6984012755164716,285.0,195.0,0.0,0.0,0.0,1.0,0.0
2025-02-05 16:20:00+00:00,2025-02-05,2025-02-05:1,True,3,15,True,-0.436046511627907,0.2661523257564392,-0.493680117606884,True,0,0,0,True,0.36796743403705834,280.0,200.0,0.0,0.0,0.0,1.0,0.0
2025-02-05 16:25:00+00:00,2025-02-05,2025-02-05:1,True,3,20,True,-0.3850746268656716,0.2760813737631998,-0.33274149678078424,True,0,0,0,True,-0.36635598412833664,275.0,205.0,0.0,0.0,0.0,1.0,0.0
2025-02-05 16:30:00+00:00,2025-02-05,2025-02-05:1,True,3,25,True,-0.1386861313868613,0.04280712124081459,-1.175508859441824,True,0,0,0,True,-1.126507593370937,270.0,210.0,0.0,0.0,0.0,1.0,0.0
2025-02-05 16:35:00+00:00,2025-02-05,2025-02-05:1,True,3,30,True,-0.37267080745341613,0.12421807183745438,-1.0986568113677224,True,0,0,0,True,0.007969149153138169,265.0,215.0,0.0,0.0,0.0,1.0,0.0
2025-02-05 16:40:00+00:00,2025-02-05,2025-02-05:1,True,4,5,True,-0.17962466487935658,0.17962466487935658,0.7700420924346598,True,1,0,0,True,0.0,260.0,220.0,0.0,0.0,0.0,0.0,1.0
2025-02-05 16:45:00+00:00,2025-02-05,2025-02-05:1,True,3,5,True,-0.6707021791767555,0.3778085202163932,-0.5739376852079475,True,1,0,0,True,-0.8412552435088261,255.0,225.0,0.0,0.0,0.0,1.0,0.0
2025-02-05 16:50:00+00:00,2025-02-05,2025-02-05:1,True,4,5,True,-0.11235955056179775,0.0921137428447055,-0.19867985355957318,True,0,1,1,True,-0.8885233166378185,250.0,230.0,0.0,0.0,0.0,0.0,1.0
2025-02-05 16:55:00+00:00,2025-02-05,2025-02-05:1,True,3,5,True,-0.5638297872340425,0.20163266940080016,-1.0283048365966143,True,0,0,1,True,0.0,245.0,235.0,0.0,0.0,0.0,1.0,0.0
2025-02-05 17:00:00+00:00,2025-02-05,2025-02-05:1,True,4,5,True,-0.5195822454308094,0.42203879456823123,-0.20792787445882668,True,0,0,1,True,0.9298817234139575,240.0,240.0,0.0,0.0,0.0,0.0,1.0
2025-02-05 17:05:00+00:00,2025-02-05,2025-02-05:1,True,0,5,True,-0.4036144578313253,0.4036144578313253,0.4175419682464855,True,0,0,1,True,-0.9336522244608539,235.0,245.0,1.0,0.0,0.0,0.0,0.0
2025-02-05 17:10:00+00:00,2025-02-05,2025-02-05:1,True,3,5,True,-0.5659824046920822,0.15558573657900868,-1.2913660502909334,True,0,0,1,True,-0.9625274240971369,230.0,250.0,0.0,0.0,0.0,1.0,0.0
2025-02-05 17:15:00+00:00,2025-02-05,2025-02-05:1,True,4,5,True,-0.6341463414634146,0.6341463414634146,0.0,True,0,0,1,True,0.0,225.0,255.0,0.0,0.0,0.0,0.0,1.0
2025-02-05 17:20:00+00:00,2025-02-05,2025-02-05:1,True,3,5,True,-0.5389048991354467,0.1352987900156363,-1.382053523726974,True,0,0,1,True,-1.138069754286155,220.0,260.0,0.0,0.0,0.0,1.0,0.0
2025-02-05 17:25:00+00:00,2025-02-05,2025-02-05:1,True,3,10,True,-0.5882352941176471,0.3658714705955219,-0.4748449294306401,True,0,0,1,True,0.0,215.0,265.0,0.0,0.0,0.0,1.0,0.0
2025-02-05 17:30:00+00:00,2025-02-05,2025-02-05:1,True,3,15,True,-0.5512465373961218,0.13130992990656826,-1.434621739304148,True,0,0,1,True,0.0,210.0,270.0,0.0,0.0,0.0,1.0,0.0
2025-02-05 17:35:00+00:00,2025-02-05,2025-02-05:1,True,3,20,True,-0.3656957928802589,0.07491582428930883,-1.5854366803679794,True,0,0,1,True,0.0,205.0,275.0,0.0,0.0,0.0,1.0,0.0
2025-02-05 17:40:00+00:00,2025-02-05,2025-02-05:1,True,4,5,True,-0.5965909090909091,0.5965909090909091,0.0,True,0,0,1,True,0.816048347735685,200.0,280.0,0.0,0.0,0.0,0.0,1.0
2025-02-05 17:45:00+00:00,2025-02-05,2025-02-05:1,True,3,5,True,-0.6182336182336182,0.021780963039410826,-3.345830075843916,True,0,0,1,True,-2.3039002665830854,195.0,285.0,0.0,0.0,0.0,1.0,0.0
2025-02-05 17:50:00+00:00,2025-02-05,2025-02-05:1,True,3,10,True,-0.6768149882903981,0.16988763386482256,-1.3822607126232114,True,0,0,1,True,-1.0302763053499582,190.0,290.0,0.0,0.0,0.0,1.0,0.0
2025-02-05 17:55:00+00:00,2025-02-05,2025-02-05:1,True,3,15,True,-0.6276595744680851,0.24800997288024176,-0.9285289820346192,True,0,0,1,True,0.0,185.0,295.0,0.0,0.0,0.0,1.0,0.0
2025-02-05 18:00:00+00:00,2025-02-05,2025-02-05:1,True,4,5,True,-0.6584269662921348,0.5210818162758268,-0.2339465394108676,True,0,0,1,True,0.9437491015083185,180.0,300.0,0.0,0.0,0.0,0.0,1.0
2025-02-05 18:05:00+00:00,2025-02-05,2025-02-05:1,True,3,5,True,-0.9072164948453608,0.4359462375945083,-0.7328621874804925,True,0,0,1,True,0.43772763148890237,175.0,305.0,0.0,0.0,0.0,1.0,0.0
2025-02-05 18:10:00+00:00,2025-02-05,2025-02-05:1,True,3,10,True,-0.7314148681055156,0.3082811616167887,-0.8639686048304805,True,0,0,1,True,-0.9659462654119312,170.0,310.0,0.0,0.0,0.0,1.0,0.0
2025-02-05 18:15:00+00:00,2025-02-05,2025-02-05:1,True,3,15,True,-0.6062176165803109,0.3165915437591148,-0.6496265873264484,True,0,0,1,True,-1.501745834611732,165.0,315.0,0.0,0.0,0.0,1.0,0.0
2025-02-05 18:20:00+00:00,2025-02-05,2025-02-05:1,True,3,20,True,-0.5107033639143731,0.18004680596335046,-1.042572070284458,True,0,0,1,True,-0.4835124954676408,160.0,320.0,0.0,0.0,0.0,1.0,0.0
2025-02-05 18:25:00+00:00,2025-02-05,2025-02-05:1,True,4,5,True,-0.7842105263157895,0.7842105263157895,0.0,True,0,0,1,True,-0.9484823696776017,155.0,325.0,0.0,0.0,0.0,0.0,1.0
2025-02-05 18:30:00+00:00,2025-02-05,2025-02-05:1,True,4,10,True,-0.48923076923076925,0.48923076923076925,0.6394379590624817,True,1,0,1,True,0.4766089146191457,150.0,330.0,0.0,0.0,0.0,0.0,1.0
2025-02-05 18:35:00+00:00,2025-02-05,2025-02-05:1,True,3,5,True,-0.4258064516129032,0.2812033800224042,-0.4149067242307208,True,1,0,1,True,-0.44286359357657235,145.0,335.0,0.0,0.0,0.0,1.0,0.0
2025-02-05 18:40:00+00:00,2025-02-05,2025-02-05:1,True,0,5,True,-0.1696969696969697,0.1696969696969697,0.20506765741985378,True,1,0,1,True,2.7512713318672,140.0,340.0,1.0,0.0,0.0,0.0,0.0
2025-02-05 18:45:00+00:00,2025-02-05,2025-02-05:1,True,0,10,True,-0.05198776758409786,0.05198776758409786,0.0,True,1,0,1,True,-0.9102231766705464,135.0,345.0,1.0,0.0,0.0,0.0,0.0
2025-02-05 18:50:00+00:00,2025-02-05,2025-02-05:1,True,0,15,True,-0.265,0.265,1.2323104854326865,True,1,0,1,True,0.4278711749282164,130.0,350.0,1.0,0.0,0.0,0.0,0.0
2025-02-05 18:55:00+00:00,2025-02-05,2025-02-05:1,True,0,20,True,-0.4627831715210356,0.13550916825592896,-1.2282193319081607,True,0,0,1,True,-0.3461739111275757,125.0,355.0,1.0,0.0,0.0,0.0,0.0
2025-02-05 19:00:00+00:00,2025-02-05,2025-02-05:1,True,0,25,True,-0.5161290322580645,0.5161290322580645,0.0,True,0,0,1,True,-0.22608265884540749,120.0,360.0,1.0,0.0,0.0,0.0,0.0
2025-02-05 19:05:00+00:00,2025-02-05,2025-02-05:1,True,0,30,True,-0.7069408740359897,0.4707926155531767,-0.406529342658448,True,0,0,1,True,0.5447713805927905,115.0,365.0,1.0,0.0,0.0,0.0,0.0
2025-02-05 19:10:00+00:00,2025-02-05,2025-02-05:1,True,0,35,True,-0.29411764705882354,0.18972842437993678,-0.438386143056823,True,0,0,1,True,0.0,110.0,370.0,1.0,0.0,0.0,0.0,0.0
2025-02-05 19:15:00+00:00,2025-02-05,2025-02-05:1,True,0,40,True,-0.47058823529411764,0.1949973932720099,-0.8809972859672071,True,0,0,1,True,-0.6101042654982962,105.0,375.0,1.0,0.0,0.0,0.0,0.0
2025-02-05 19:20:00+00:00,2025-02-05,2025-02-05:1,True,4,5,True,-0.6097560975609756,0.6097560975609756,0.446331889200967,True,1,0,1,True,0.9980284447792666,100.0,380.0,0.0,0.0,0.0,0.0,1.0
2025-02-05 19:25:00+00:00,2025-02-05,2025-02-05:1,True,3,5,True,-0.7349397590361446,0.13136334831274984,-1.7218214003880072,True,0,1,2,True,0.6185655927856789,95.0,385.0,0.0,0.0,0.0,1.0,0.0
2025-02-05 19:30:00+00:00,2025-02-05,2025-02-05:1,True,4,5,True,-0.7486338797814208,0.7486338797814208,0.654147900341861,True,1,0,2,True,0.9751461150021061,90.0,390.0,0.0,0.0,0.0,0.0,1.0
2025-02-05 19:35:00+00:00,2025-02-05,2025-02-05:1,True,3,5,True,-0.8670076726342711,0.1363546330585977,-1.8497887385019367,True,0,1,3,True,0.11443507824329488,85.0,395.0,0.0,0.0,0.0,1.0,0.0
2025-02-05 19:40:00+00:00,2025-02-05,2025-02-05:1,True,3,10,True,-0.8369565217391305,0.16961908963257089,-1.5962168499672,True,0,0,3,True,0.8923123458412127,80.0,400.0,0.0,0.0,0.0,1.0,0.0
2025-02-05 19:45:00+00:00,2025-02-05,2025-02-05:1,True,3,15,True,-0.7142857142857143,0.4754579255380499,-0.40700464896334965,True,0,0,3,True,-0.7457843689392366,75.0,405.0,0.0,0.0,0.0,1.0,0.0
2025-02-05 19:50:00+00:00,2025-02-05,2025-02-05:1,True,4,5,True,-0.4473684210526316,0.4473684210526316,0.0,True,0,0,3,True,0.5404240107398695,70.0,410.0,0.0,0.0,0.0,0.0,1.0
2025-02-05 19:55:00+00:00,2025-02-05,2025-02-05:1,True,3,5,True,-0.7458033573141487,0.054105587845571956,-2.62352450149507,True,0,0,3,True,-0.45125993276723814,65.0,415.0,0.0,0.0,0.0,1.0,0.0
2025-02-05 20:00:00+00:00,2025-02-05,2025-02-05:1,True,4,5,True,-0.21708185053380782,0.1775942858637704,-0.2007728179717151,True,0,0,3,True,1.7957666760783373,60.0,420.0,0.0,0.0,0.0,0.0,1.0
2025-02-05 20:05:00+00:00,2025-02-05,2025-02-05:1,True,4,10,True,-0.5,0.3396665963193591,-0.3866435609744898,True,0,0,3,True,0.0,55.0,425.0,0.0,0.0,0.0,0.0,1.0
2025-02-05 20:10:00+00:00,2025-02-05,2025-02-05:1,True,4,15,True,-0.6819571865443425,0.6819571865443425,0.0,True,0,0,3,True,-0.3677931022153598,50.0,430.0,0.0,0.0,0.0,0.0,1.0
2025-02-05 20:15:00+00:00,2025-02-05,2025-02-05:1,True,3,5,True,-0.4375,0.3009718139163269,-0.37406008690742687,True,0,0,3,True,0.0,45.0,435.0,0.0,0.0,0.0,1.0,0.0
2025-02-05 20:20:00+00:00,2025-02-05,2025-02-05:1,True,3,10,True,-0.4424552429667519,0.30322926956193824,-0.37785012889106534,True,0,0,3,True,0.0,40.0,440.0,0.0,0.0,0.0,1.0,0.0
2025-02-05 20:25:00+00:00,2025-02-05,2025-02-05:1,True,0,5,True,-0.5950155763239875,0.5950155763239875,0.7720654342284443,True,0,0,3,True,0.8631953970075739,35.0,445.0,1.0,0.0,0.0,0.0,0.0
2025-02-05 20:30:00+00:00,2025-02-05,2025-02-05:1,True,0,10,True,-0.27058823529411763,0.27058823529411763,0.7669371117374106,True,0,0,3,True,0.857461758156101,30.0,450.0,1.0,0.0,0.0,0.0,0.0
2025-02-05 20:35:00+00:00,2025-02-05,2025-02-05:1,True,0,15,True,-0.5426997245179064,0.5426997245179064,0.777671419350812,True,0,0,3,True,-0.869463078912345,25.0,455.0,1.0,0.0,0.0,0.0,0.0
2025-02-05 20:40:00+00:00,2025-02-05,2025-02-05:1,True,0,20,True,-0.42028985507246375,0.18659262339624028,-0.8120168483780877,True,0,0,3,True,-1.4025566084201908,20.0,460.0,1.0,0.0,0.0,0.0,0.0
2025-02-05 20:45:00+00:00,2025-02-05,2025-02-05:1,True,0,25,True,-0.13915857605177995,0.13915857605177995,0.0,True,0,0,3,True,0.0,15.0,465.0,1.0,0.0,0.0,0.0,0.0
2025-02-05 20:50:00+00:00,2025-02-05,2025-02-05:1,True,1,5,True,0.02040816326530612,0.008503422600009991,0.8754662395958444,True,0,0,3,True,0.978801011869822,10.0,470.0,0.0,1.0,0.0,0.0,0.0
2025-02-05 20:55:00+00:00,2025-02-05,2025-02-05:1,True,0,5,True,0.13245033112582782,0.13245033112582782,-1.7602466507094945,True,0,0,3,True,0.0,5.0,475.0,1.0,0.0,0.0,0.0,0.0
2025-02-05 21:00:00+00:00,2025-02-05,2025-02-05:1,True,3,5,True,0.15432098765432098,0.15432098765432098,-1.3361789005807212,True,0,0,3,True,-0.995928950598865,0.0,480.0,0.0,0.0,0.0,1.0,0.0
2025-02-06 13:00:00+00:00,2025-02-06,2025-02-06:1,False,-1,0,False,,,,False,0,0,0,False,,480.0,0.0,,,,,
2025-02-06 13:05:00+00:00,2025-02-06,2025-02-06:1,False,-1,0,True,0.358974358974359,,,False,0,0,0,False,,475.0,5.0,,,,,
2025-02-06 13:10:00+00:00,2025-02-06,2025-02-06:1,False,-1,0,True,-0.024539877300613498,,,False,0,0,0,False,,470.0,10.0,,,,,
2025-02-06 13:15:00+00:00,2025-02-06,2025-02-06:1,False,-1,0,True,0.027522935779816515,,,False,0,0,0,False,,465.0,15.0,,,,,
2025-02-06 13:20:00+00:00,2025-02-06,2025-02-06:1,False,-1,0,True,0.16568047337278108,,,False,0,0,0,False,,460.0,20.0,,,,,
2025-02-06 13:25:00+00:00,2025-02-06,2025-02-06:1,False,-1,0,True,0.21341463414634146,,,False,0,0,0,False,,455.0,25.0,,,,,
2025-02-06 13:30:00+00:00,2025-02-06,2025-02-06:1,False,-1,0,True,0.33185840707964603,,,False,0,0,0,False,,450.0,30.0,,,,,
2025-02-06 13:35:00+00:00,2025-02-06,2025-02-06:1,False,-1,0,True,0.7905544147843943,,,False,0,0,0,False,,445.0,35.0,,,,,
2025-02-06 13:40:00+00:00,2025-02-06,2025-02-06:1,False,-1,0,True,0.8258575197889182,,,False,0,0,0,False,,440.0,40.0,,,,,
2025-02-06 13:45:00+00:00,2025-02-06,2025-02-06:1,False,-1,0,True,0.30491803278688523,,,False,0,0,0,False,,435.0,45.0,,,,,
2025-02-06 13:50:00+00:00,2025-02-06,2025-02-06:1,False,-1,0,True,0.437125748502994,,,False,0,0,0,False,,430.0,50.0,,,,,
2025-02-06 13:55:00+00:00,2025-02-06,2025-02-06:1,False,-1,0,True,0.5357142857142857,,,False,0,0,0,False,,425.0,55.0,,,,,
2025-02-06 14:00:00+00:00,2025-02-06,2025-02-06:1,False,-1,0,True,0.430939226519337,,,False,0,0,0,False,,420.0,60.0,,,,,
2025-02-06 14:05:00+00:00,2025-02-06,2025-02-06:1,True,0,5,True,0.6629834254143646,0.6629834254143646,-0.288730364316847,True,0,0,0,False,,415.0,65.0,1.0,0.0,0.0,0.0,0.0
2025-02-06 14:10:00+00:00,2025-02-06,2025-02-06:1,True,1,5,True,0.3593314763231198,0.05883129571297731,1.8095713415238084,True,0,0,0,False,,410.0,70.0,0.0,1.0,0.0,0.0,0.0
2025-02-06 14:15:00+00:00,2025-02-06,2025-02-06:1,True,0,5,True,0.5297619047619048,0.5297619047619048,-1.5808442479036942,True,0,0,0,False,,405.0,75.0,1.0,0.0,0.0,0.0,0.0
2025-02-06 14:20:00+00:00,2025-02-06,2025-02-06:1,True,0,10,True,0.43175487465181056,0.43175487465181056,-1.2480245940829866,True,0,0,0,False,,400.0,80.0,1.0,0.0,0.0,0.0,0.0
2025-02-06 14:25:00+00:00,2025-02-06,2025-02-06:1,True,0,15,True,0.6759776536312849,0.5086048212983832,0.2844886862465027,True,0,0,0,False,,395.0,85.0,1.0,0.0,0.0,0.0,0.0
2025-02-06 14:30:00+00:00,2025-02-06,2025-02-06:1,True,0,20,True,0.054878048780487805,0.021946924731071363,0.9164864021564186,True,0,0,0,False,,390.0,90.0,1.0,0.0,0.0,0.0,0.0
2025-02-06 14:35:00+00:00,2025-02-06,2025-02-06:1,True,0,25,True,0.16535433070866143,0.16535433070866143,-0.8966385870652571,True,0,0,0,False,,385.0,95.0,1.0,0.0,0.0,0.0,0.0
2025-02-06 14:40:00+00:00,2025-02-06,2025-02-06:1,True,4,5,True,0.5337423312883436,0.5337423312883436,0.0,True,0,0,0,False,,380.0,100.0,0.0,0.0,0.0,0.0,1.0
2025-02-06 14:45:00+00:00,2025-02-06,2025-02-06:1,True,0,5,True,0.4363143631436314,0.10193420773482648,1.4540354169657073,True,0,0,0,False,,375.0,105.0,1.0,0.0,0.0,0.0,0.0
2025-02-06 14:50:00+00:00,2025-02-06,2025-02-06:1,True,0,10,True,0.3167701863354037,0.3167701863354037,0.0,True,0,0,0,False,,370.0,110.0,1.0,0.0,0.0,0.0,0.0
2025-02-06 14:55:00+00:00,2025-02-06,2025-02-06:1,True,0,15,True,0.43037974683544306,0.43037974683544306,-0.8601276898449992,True,0,0,0,False,,365.0,115.0,1.0,0.0,0.0,0.0,0.0
2025-02-06 15:00:00+00:00,2025-02-06,2025-02-06:1,True,0,20,True,0.2864321608040201,0.09055060971866245,1.15159280428282,True,0,0,0,False,,360.0,120.0,1.0,0.0,0.0,0.0,0.0
2025-02-06 15:05:00+00:00,2025-02-06,2025-02-06:1,True,2,5,True,-0.18095238095238095,0.18095238095238095,0.08825454415519814,True,0,0,0,True,-0.4655737374185833,355.0,125.0,0.0,0.0,1.0,0.0,0.0
2025-02-06 15:10:00+00:00,2025-02-06,2025-02-06:1,True,0,5,True,0.24277456647398843,0.24277456647398843,-0.17882886852273275,True,0,0,0,True,-0.3998735063562029,350.0,130.0,1.0,0.0,0.0,0.0,0.0
2025-02-06 15:15:00+00:00,2025-02-06,2025-02-06:1,True,0,10,True,-0.03303303303303303,0.02751631097256484,-0.18272910668231931,True,0,0,0,True,-0.8171894080201154,345.0,135.0,1.0,0.0,0.0,0.0,0.0
2025-02-06 15:20:00+00:00,2025-02-06,2025-02-06:1,True,0,15,True,-0.19463087248322147,0.15677187246519825,-0.21631309598649648,True,0,0,0,True,0.06942183235379927,340.0,140.0,1.0,0.0,0.0,0.0,0.0
2025-02-06 15:25:00+00:00,2025-02-06,2025-02-06:1,True,0,20,True,-0.3916083916083916,0.18928602625049656,-0.727003101977897,True,0,0,0,True,-0.6469243506692326,335.0,145.0,1.0,0.0,0.0,0.0,0.0
2025-02-06 15:30:00+00:00,2025-02-06,2025-02-06:1,True,0,25,True,-0.7712031558185405,0.6762917820378556,-0.13132722222537455,True,0,0,0,True,0.09460617867152894,330.0,150.0,1.0,0.0,0.0,0.0,0.0
2025-02-06 15:35:00+00:00,2025-02-06,2025-02-06:1,True,3,5,True,-0.74,0.35763293628485787,-0.7271430434352822,True,0,0,0,True,-0.7160347980026732,325.0,155.0,0.0,0.0,0.0,1.0,0.0
2025-02-06 15:40:00+00:00,2025-02-06,2025-02-06:1,True,3,10,True,-0.8243243243243243,0.04517103982649682,-2.9041078802597835,True,0,0,0,True,-2.697352573761392,320.0,160.0,0.0,0.0,0.0,1.0,0.0
2025-02-06 15:45:00+00:00,2025-02-06,2025-02-06:1,True,4,5,True,-0.6729857819905213,0.492885370547925,-0.31144757020180774,True,0,0,0,True,-0.3873115000471764,315.0,165.0,0.0,0.0,0.0,0.0,1.0
2025-02-06 15:50:00+00:00,2025-02-06,2025-02-06:1,True,4,10,True,-0.48405797101449277,0.35920515672124737,-0.2983109819143419,True,0,0,0,True,0.0,310.0,170.0,0.0,0.0,0.0,0.0,1.0
2025-02-06 15:55:00+00:00,2025-02-06,2025-02-06:1,True,4,15,True,-0.29375,0.29375,1.2005851735197335,True,1,0,0,True,0.0,305.0,175.0,0.0,0.0,0.0,0.0,1.0
2025-02-06 16:00:00+00:00,2025-02-06,2025-02-06:1,True,4,20,True,-0.4583333333333333,0.4583333333333333,1.2427505450170528,True,1,0,0,True,-0.6947186744337543,300.0,180.0,0.0,0.0,0.0,0.0,1.0
2025-02-06 16:05:00+00:00,2025-02-06,2025-02-06:1,True,0,5,True,-0.28619528619528617,0.28619528619528617,2.9251156479373304,True,0,0,0,True,0.6981582371262042,295.0,185.0,1.0,0.0,0.0,0.0,0.0
2025-02-06 16:10:00+00:00,2025-02-06,2025-02-06:1,True,0,10,True,-0.3391304347826087,0.02424589200252534,-2.6381375956728914,True,0,0,0,True,-2.359621999168641,290.0,190.0,1.0,0.0,0.0,0.0,0.0
2025-02-06 16:15:00+00:00,2025-02-06,2025-02-06:1,True,0,15,True,0.07627118644067797,0.07627118644067797,-0.7501738554540047,True,0,0,0,True,-0.6217697165568399,285.0,195.0,1.0,0.0,0.0,0.0,0.0
2025-02-06 16:20:00+00:00,2025-02-06,2025-02-06:1,True,0,20,True,-0.4410958904109589,0.10278515940523933,-1.4566213115467581,True,0,0,0,True,-0.9849837882596683,280.0,200.0,1.0,0.0,0.0,0.0,0.0
2025-02-06 16:25:00+00:00,2025-02-06,2025-02-06:1,True,0,25,True,-0.04823151125401929,0.029624663201960454,-0.4874053372246375,True,0,0,0,True,0.42068591004767275,275.0,205.0,1.0,0.0,0.0,0.0,0.0
2025-02-06 16:30:00+00:00,2025-02-06,2025-02-06:1,True,3,5,True,-0.21179624664879357,0.06622142659743066,-1.1626206366167158,True,0,0,0,True,0.5199397551049938,270.0,210.0,0.0,0.0,0.0,1.0,0.0
2025-02-06 16:35:00+00:00,2025-02-06,2025-02-06:1,True,4,5,True,0.0,0.0,0.222852641140318,True,1,0,0,True,0.36609247363828845,265.0,215.0,0.0,0.0,0.0,0.0,1.0
2025-02-06 16:40:00+00:00,2025-02-06,2025-02-06:1,True,3,5,True,0.49714285714285716,0.49714285714285716,-0.4465085991033946,True,1,0,0,True,-0.8642626501786222,260.0,220.0,0.0,0.0,0.0,1.0,0.0
2025-02-06 16:45:00+00:00,2025-02-06,2025-02-06:1,True,3,10,True,0.255663430420712,0.255663430420712,-0.7041089318240299,True,0,1,1,True,0.060007748516865134,255.0,225.0,0.0,0.0,0.0,1.0,0.0
2025-02-06 16:50:00+00:00,2025-02-06,2025-02-06:1,True,0,5,True,0.45741324921135645,0.1789691229974375,0.9383739537850521,True,0,0,1,True,1.206103211494502,250.0,230.0,1.0,0.0,0.0,0.0,0.0
2025-02-06 16:55:00+00:00,2025-02-06,2025-02-06:1,True,3,5,True,0.21153846153846154,0.21153846153846154,-2.0345098249705096,True,0,0,1,True,-0.1362990619907371,245.0,235.0,0.0,0.0,0.0,1.0,0.0
2025-02-06 17:00:00+00:00,2025-02-06,2025-02-06:1,True,0,5,True,0.27764127764127766,0.17688791560370096,0.4508136254392952,True,0,0,1,True,0.5040249558326962,240.0,240.0,1.0,0.0,0.0,0.0,0.0
2025-02-06 17:05:00+00:00,2025-02-06,2025-02-06:1,True,3,5,True,0.35507246376811596,0.35507246376811596,-0.24509441241977012,True,0,0,1,True,-0.3954254561258518,235.0,245.0,0.0,0.0,0.0,1.0,0.0
2025-02-06 17:10:00+00:00,2025-02-06,2025-02-06:1,True,3,10,True,0.5013123359580053,0.5013123359580053,-1.2649968294720704,True,0,0,1,True,0.0,230.0,250.0,0.0,0.0,0.0,1.0,0.0
2025-02-06 17:15:00+00:00,2025-02-06,2025-02-06:1,True,0,5,True,0.4502923976608187,0.05026960426434275,2.1924965388629105,True,0,0,1,True,0.5447301445917593,225.0,255.0,1.0,0.0,0.0,0.0,0.0
2025-02-06 17:20:00+00:00,2025-02-06,2025-02-06:1,True,3,5,True,0.5128205128205128,0.5128205128205128,-0.9783873698742537,True,0,0,1,True,0.0,220.0,260.0,0.0,0.0,0.0,1.0,0.0
2025-02-06 17:25:00+00:00,2025-02-06,2025-02-06:1,True,0,5,True,0.5568862275449101,0.1878883953523313,1.086512814906633,True,0,0,1,True,0.6768646143440956,215.0,265.0,1.0,0.0,0.0,0.0,0.0
2025-02-06 17:30:00+00:00,2025-02-06,2025-02-06:1,True,1,5,True,0.26409495548961426,0.07639734131870286,1.2403608222883749,True,0,0,1,True,0.26538331186102526,210.0,270.0,0.0,1.0,0.0,0.0,0.0
2025-02-06 17:35:00+00:00,2025-02-06,2025-02-06:1,True,2,5,True,0.21865889212827988,0.21865889212827988,-0.3852003175615261,True,0,0,1,True,-0.8456097453307321,205.0,275.0,0.0,0.0,1.0,0.0,0.0
2025-02-06 17:40:00+00:00,2025-02-06,2025-02-06:1,True,1,5,True,0.46325878594249204,0.03258729225169263,2.6543634267151615,True,0,0,1,True,0.6446539142230246,200.0,280.0,0.0,1.0,0.0,0.0,0.0
2025-02-06 17:45:00+00:00,2025-02-06,2025-02-06:1,True,2,5,True,0.5290322580645161,0.5290322580645161,0.0,True,0,0,1,True,-0.3963454752282836,195.0,285.0,0.0,0.0,1.0,0.0,0.0
2025-02-06 17:50:00+00:00,2025-02-06,2025-02-06:1,True,2,10,True,0.20353982300884957,0.20353982300884957,-0.12453501608235501,True,0,0,1,True,-0.4416554734571913,190.0,290.0,0.0,0.0,1.0,0.0,0.0
2025-02-06 17:55:00+00:00,2025-02-06,2025-02-06:1,True,1,5,True,0.3502824858757062,0.15681053842392714,0.8037016164592683,True,0,0,1,True,1.1980876320201594,185.0,295.0,0.0,1.0,0.0,0.0,0.0
2025-02-06 18:00:00+00:00,2025-02-06,2025-02-06:1,True,2,5,True,0.5147392290249433,0.5147392290249433,-0.4161438491926468,True,0,0,1,True,-0.0787808518387159,180.0,300.0,0.0,0.0,1.0,0.0,0.0
2025-02-06 18:05:00+00:00,2025-02-06,2025-02-06:1,True,1,5,True,0.9148936170212766,0.3052383068479891,1.0977149875128458,True,0,0,1,True,0.6136413330006361,175.0,305.0,0.0,1.0,0.0,0.0,0.0
2025-02-06 18:10:00+00:00,2025-02-06,2025-02-06:1,True,1,10,True,0.8216867469879519,0.15018996087777084,1.6994583373024137,True,0,0,1,True,-0.4573187058480329,170.0,310.0,0.0,1.0,0.0,0.0,0.0
2025-02-06 18:15:00+00:00,2025-02-06,2025-02-06:1,True,1,15,True,0.83,0.13376887259178669,1.8253122214786948,True,0,0,1,True,1.5399525778724914,165.0,315.0,0.0,1.0,0.0,0.0,0.0
2025-02-06 18:20:00+00:00,2025-02-06,2025-02-06:1,True,2,5,True,0.7850746268656716,0.5727576551603961,0.3153160924678586,True,0,0,1,True,0.0,160.0,320.0,0.0,0.0,1.0,0.0,0.0
2025-02-06 18:25:00+00:00,2025-02-06,2025-02-06:1,True,2,10,True,0.7194029850746269,0.5227636617243824,0.31929220834402233,True,0,0,1,True,0.0,155.0,325.0,0.0,0.0,1.0,0.0,0.0
2025-02-06 18:30:00+00:00,2025-02-06,2025-02-06:1,True,2,15,True,0.783068783068783,0.5606922361819847,0.33404838130527476,True,0,0,1,True,1.3155270178844665,150.0,330.0,0.0,0.0,1.0,0.0,0.0
2025-02-06 18:35:00+00:00,2025-02-06,2025-02-06:1,True,2,20,True,0.7905236907730673,0.7905236907730673,-0.4898518253203972,True,0,0,1,True,-0.7302279868791739,145.0,335.0,0.0,0.0,1.0,0.0,0.0
2025-02-06 18:40:00+00:00,2025-02-06,2025-02-06:1,True,1,5,True,0.7507246376811594,0.1346153318144356,1.71861760642999,True,0,0,1,True,-0.41861079524437966,140.0,340.0,0.0,1.0,0.0,0.0,0.0
2025-02-06 18:45:00+00:00,2025-02-06,2025-02-06:1,True,2,5,True,0.47904191616766467,0.47904191616766467,0.0,True,0,0,1,True,0.2223653228572959,135.0,345.0,0.0,0.0,1.0,0.0,0.0
2025-02-06 18:50:00+00:00,2025-02-06,2025-02-06:1,True,1,5,True,0.7426900584795322,0.1265647002126592,1.7695251673919976,True,0,0,1,True,0.0,130.0,350.0,0.0,1.0,0.0,0.0,0.0
2025-02-06 18:55:00+00:00,2025-02-06,2025-02-06:1,True,1,10,True,0.7055555555555556,0.49931706503097184,0.3457442197169869,True,0,0,1,True,-1.0388167071854202,125.0,355.0,0.0,1.0,0.0,0.0,0.0
2025-02-06 19:00:00+00:00,2025-02-06,2025-02-06:1,True,1,15,True,0.8155619596541787,0.14226248276028697,1.7462035752529277,True,0,0,1,True,0.25471562682753757,120.0,360.0,0.0,1.0,0.0,0.0,0.0
2025-02-06 19:05:00+00:00,2025-02-06,2025-02-06:1,True,2,5,True,0.5162241887905604,0.42882889004035063,0.1854831638768799,True,0,0,1,True,-0.54141280326852,115.0,365.0,0.0,0.0,1.0,0.0,0.0
2025-02-06 19:10:00+00:00,2025-02-06,2025-02-06:1,True,2,10,True,0.5672514619883041,0.3891069137830985,0.37694855249665715,True,0,0,1,True,0.8428825874026735,110.0,370.0,0.0,0.0,1.0,0.0,0.0
2025-02-06 19:15:00+00:00,2025-02-06,2025-02-06:1,True,2,15,True,0.3816155988857939,0.26702338747807824,0.35707756820696973,True,0,0,1,True,0.32181092637363923,105.0,375.0,0.0,0.0,1.0,0.0,0.0
2025-02-06 19:20:00+00:00,2025-02-06,2025-02-06:1,True,1,5,True,0.6029776674937966,0.13494442089120157,1.497017163810303,True,0,0,1,True,1.6737160708806984,100.0,380.0,0.0,1.0,0.0,0.0,0.0
2025-02-06 19:25:00+00:00,2025-02-06,2025-02-06:1,True,2,5,True,0.7881136950904393,0.5658908807924034,0.3312410930624165,True,0,0,1,True,-1.1863030307921532,95.0,385.0,0.0,0.0,1.0,0.0,0.0
2025-02-06 19:30:00+00:00,2025-02-06,2025-02-06:1,True,1,5,True,0.5314861460957179,0.07855305302976658,1.9119029004820305,True,0,0,1,True,0.0,90.0,390.0,0.0,1.0,0.0,0.0,0.0
2025-02-06 19:35:00+00:00,2025-02-06,2025-02-06:1,True,1,10,True,0.6212121212121212,0.10979889960180658,1.7330220964762781,True,0,0,1,True,0.8039881315045588,85.0,395.0,0.0,1.0,0.0,0.0,0.0
2025-02-06 19:40:00+00:00,2025-02-06,2025-02-06:1,True,1,15,True,0.44473007712082263,0.20408060361264949,0.7789524983066435,True,0,0,1,True,0.0,80.0,400.0,0.0,1.0,0.0,0.0,0.0
2025-02-06 19:45:00+00:00,2025-02-06,2025-02-06:1,True,1,20,True,0.14285714285714285,0.0736225890420734,0.6628932349486569,True,0,0,1,True,0.7411371675860214,75.0,405.0,0.0,1.0,0.0,0.0,0.0
2025-02-06 19:50:00+00:00,2025-02-06,2025-02-06:1,True,1,25,True,0.42363112391930835,0.2175307524585656,0.6665228546658916,True,0,0,1,True,0.37763177499716605,70.0,410.0,0.0,1.0,0.0,0.0,0.0
2025-02-06 19:55:00+00:00,2025-02-06,2025-02-06:1,True,2,5,True,0.11278195488721804,0.11278195488721804,-1.3862575504510135,True,0,0,1,True,-3.09976611713081,65.0,415.0,0.0,0.0,1.0,0.0,0.0
2025-02-06 20:00:00+00:00,2025-02-06,2025-02-06:1,True,2,10,True,0.09433962264150944,0.09433962264150944,0.0,True,0,0,1,True,0.70399391624553,60.0,420.0,0.0,0.0,1.0,0.0,0.0
2025-02-06 20:05:00+00:00,2025-02-06,2025-02-06:1,True,0,5,True,-0.21630094043887146,0.11517314862521655,-0.6302340445518072,True,0,0,1,True,-0.7046230826772374,55.0,425.0,1.0,0.0,0.0,0.0,0.0
2025-02-06 20:10:00+00:00,2025-02-06,2025-02-06:1,True,0,10,True,0.22023809523809523,0.22023809523809523,-0.4684567377164434,True,0,0,1,True,-1.047501110051757,50.0,430.0,1.0,0.0,0.0,0.0,0.0
2025-02-06 20:15:00+00:00,2025-02-06,2025-02-06:1,True,0,15,True,0.06859205776173286,0.022939155416376904,1.0953314580094053,True,0,0,1,True,0.6997815994288566,45.0,435.0,1.0,0.0,0.0,0.0,0.0
2025-02-06 20:20:00+00:00,2025-02-06,2025-02-06:1,True,0,20,True,-0.014388489208633094,0.014388489208633094,1.2282465926551036,True,0,0,1,True,0.0,40.0,440.0,1.0,0.0,0.0,0.0,0.0
2025-02-06 20:25:00+00:00,2025-02-06,2025-02-06:1,True,0,25,True,0.05128205128205128,0.05128205128205128,-0.9928581604302674,True,0,0,1,True,0.0,35.0,445.0,1.0,0.0,0.0,0.0,0.0
2025-02-06 20:30:00+00:00,2025-02-06,2025-02-06:1,True,0,30,True,-0.023391812865497075,0.008925314540661878,-0.9634945139034818,True,0,0,1,True,0.0,30.0,450.0,1.0,0.0,0.0,0.0,0.0
2025-02-06 20:35:00+00:00,2025-02-06,2025-02-06:1,True,0,35,True,0.2138728323699422,0.2138728323699422,-0.68874658568724,True,0,0,1,True,-0.7700420924337763,25.0,455.0,1.0,0.0,0.0,0.0,0.0
2025-02-06 20:40:00+00:00,2025-02-06,2025-02-06:1,True,0,40,True,0.6762402088772846,0.6762402088772846,0.0,True,0,0,1,True,0.8070526294146152,20.0,460.0,1.0,0.0,0.0,0.0,0.0
2025-02-06 20:45:00+00:00,2025-02-06,2025-02-06:1,True,0,45,True,0.5,0.24209917955794427,0.725260623339996,True,0,0,1,True,0.37300904176634364,15.0,465.0,1.0,0.0,0.0,0.0,0.0
2025-02-06 20:50:00+00:00,2025-02-06,2025-02-06:1,True,3,5,True,0.6337209302325582,0.6337209302325582,-1.092773043014367,True,0,0,1,True,-0.4584227501557125,10.0,470.0,0.0,0.0,0.0,1.0,0.0
2025-02-06 20:55:00+00:00,2025-02-06,2025-02-06:1,True,0,5,True,0.36419753086419754,0.2537304263221144,0.36142399792157653,True,0,0,1,True,0.6564219447120108,5.0,475.0,1.0,0.0,0.0,0.0,0.0
2025-02-06 21:00:00+00:00,2025-02-06,2025-02-06:1,True,0,10,True,0.23893805309734514,0.16348238988857242,0.3794990488411768,True,0,0,1,True,0.0,0.0,480.0,1.0,0.0,0.0,0.0,0.0
2025-02-07 13:00:00+00:00,2025-02-07,2025-02-07:1,False,-1,0,False,,,,False,0,0,0,False,,480.0,0.0,,,,,
2025-02-07 13:05:00+00:00,2025-02-07,2025-02-07:1,False,-1,0,True,0.3110539845758355,,,False,0,0,0,False,,475.0,5.0,,,,,
2025-02-07 13:10:00+00:00,2025-02-07,2025-02-07:1,False,-1,0,True,0.20116618075801748,,,False,0,0,0,False,,470.0,10.0,,,,,
2025-02-07 13:15:00+00:00,2025-02-07,2025-02-07:1,False,-1,0,True,-0.029239766081871343,,,False,0,0,0,False,,465.0,15.0,,,,,
2025-02-07 13:20:00+00:00,2025-02-07,2025-02-07:1,False,-1,0,True,-0.25,,,False,0,0,0,False,,460.0,20.0,,,,,
2025-02-07 13:25:00+00:00,2025-02-07,2025-02-07:1,False,-1,0,True,0.13855421686746988,,,False,0,0,0,False,,455.0,25.0,,,,,
2025-02-07 13:30:00+00:00,2025-02-07,2025-02-07:1,False,-1,0,True,0.13089005235602094,,,False,0,0,0,False,,450.0,30.0,,,,,
2025-02-07 13:35:00+00:00,2025-02-07,2025-02-07:1,False,-1,0,True,0.296969696969697,,,False,0,0,0,False,,445.0,35.0,,,,,
2025-02-07 13:40:00+00:00,2025-02-07,2025-02-07:1,False,-1,0,True,0.27598566308243727,,,False,0,0,0,False,,440.0,40.0,,,,,
2025-02-07 13:45:00+00:00,2025-02-07,2025-02-07:1,False,-1,0,True,0.20809248554913296,,,False,0,0,0,False,,435.0,45.0,,,,,
2025-02-07 13:50:00+00:00,2025-02-07,2025-02-07:1,False,-1,0,True,0.12883435582822086,,,False,0,0,0,False,,430.0,50.0,,,,,
2025-02-07 13:55:00+00:00,2025-02-07,2025-02-07:1,False,-1,0,True,0.33557046979865773,,,False,0,0,0,False,,425.0,55.0,,,,,
2025-02-07 14:00:00+00:00,2025-02-07,2025-02-07:1,False,-1,0,True,0.12786885245901639,,,False,0,0,0,False,,420.0,60.0,,,,,
2025-02-07 14:05:00+00:00,2025-02-07,2025-02-07:1,True,0,5,True,0.0763888888888889,0.0763888888888889,-1.4630753805469596,True,0,0,0,False,,415.0,65.0,1.0,0.0,0.0,0.0,0.0
2025-02-07 14:10:00+00:00,2025-02-07,2025-02-07:1,True,0,10,True,-0.5245901639344263,0.5245901639344263,0.5911945267835296,True,0,0,0,False,,410.0,70.0,1.0,0.0,0.0,0.0,0.0
2025-02-07 14:15:00+00:00,2025-02-07,2025-02-07:1,True,0,15,True,-0.12030075187969924,0.03896304966000441,-1.1273811205951323,True,0,0,0,False,,405.0,75.0,1.0,0.0,0.0,0.0,0.0
2025-02-07 14:20:00+00:00,2025-02-07,2025-02-07:1,True,3,5,True,-0.1513353115727003,0.08631540231604685,-0.5614899250752287,True,0,0,0,False,,400.0,80.0,0.0,0.0,0.0,1.0,0.0
2025-02-07 14:25:00+00:00,2025-02-07,2025-02-07:1,True,3,10,True,-0.19242902208201892,0.07214380903141486,-0.9810658946503082,True,0,0,0,False,,395.0,85.0,0.0,0.0,0.0,1.0,0.0
2025-02-07 14:30:00+00:00,2025-02-07,2025-02-07:1,True,4,5,True,-0.08794788273615635,0.08794788273615635,0.0,True,0,0,0,False,,390.0,90.0,0.0,0.0,0.0,0.0,1.0
2025-02-07 14:35:00+00:00,2025-02-07,2025-02-07:1,True,0,5,True,0.39002932551319647,0.15227028741820664,0.9405647815131564,True,0,0,0,False,,385.0,95.0,1.0,0.0,0.0,0.0,0.0
2025-02-07 14:40:00+00:00,2025-02-07,2025-02-07:1,True,3,5,True,-0.1592356687898089,0.047025836989096154,-1.2196881246621438,True,0,0,0,False,,380.0,100.0,0.0,0.0,0.0,1.0,0.0
2025-02-07 14:45:00+00:00,2025-02-07,2025-02-07:1,True,3,10,True,0.0,0.0,-2.0640923214674918,True,0,0,0,False,,375.0,105.0,0.0,0.0,0.0,1.0,0.0
2025-02-07 14:50:00+00:00,2025-02-07,2025-02-07:1,True,3,15,True,-0.17845117845117844,0.07295726257748877,-0.8944412281664958,True,0,0,0,False,,370.0,110.0,0.0,0.0,0.0,1.0,0.0
2025-02-07 14:55:00+00:00,2025-02-07,2025-02-07:1,True,3,20,True,-0.583596214511041,0.3174511818432547,-0.6088852816464051,True,0,0,0,False,,365.0,115.0,0.0,0.0,0.0,1.0,0.0
2025-02-07 15:00:00+00:00,2025-02-07,2025-02-07:1,True,3,25,True,-0.43859649122807015,0.1400004059386479,-1.1419345138489163,True,0,0,0,False,,360.0,120.0,0.0,0.0,0.0,1.0,0.0
2025-02-07 15:05:00+00:00,2025-02-07,2025-02-07:1,True,3,30,True,-0.04895104895104895,0.007264631831687293,-1.907803179026715,True,0,0,0,True,-0.3554981329991579,355.0,125.0,0.0,0.0,0.0,1.0,0.0
2025-02-07 15:10:00+00:00,2025-02-07,2025-02-07:1,True,4,5,True,0.07947019867549669,0.07947019867549669,0.0,True,0,0,0,True,-0.6829821519216438,350.0,130.0,0.0,0.0,0.0,0.0,1.0
2025-02-07 15:15:00+00:00,2025-02-07,2025-02-07:1,True,0,5,True,0.20784313725490197,0.011569032447386232,2.8884517356492703,True,0,0,0,True,0.8031447624402291,345.0,135.0,1.0,0.0,0.0,0.0,0.0
2025-02-07 15:20:00+00:00,2025-02-07,2025-02-07:1,True,0,10,True,-0.05263157894736842,0.05263157894736842,0.0,True,0,0,0,True,0.2929113203011348,340.0,140.0,1.0,0.0,0.0,0.0,0.0
2025-02-07 15:25:00+00:00,2025-02-07,2025-02-07:1,True,0,15,True,-0.043795620437956206,0.019075787390123423,-0.8311139674200565,True,0,0,0,True,-0.6194757760663437,335.0,145.0,1.0,0.0,0.0,0.0,0.0
2025-02-07 15:30:00+00:00,2025-02-07,2025-02-07:1,True,1,5,True,-0.4314214463840399,0.4314214463840399,4.926177404819125,True,0,0,0,True,13.306498716857165,330.0,150.0,0.0,1.0,0.0,0.0,0.0
2025-02-07 15:35:00+00:00,2025-02-07,2025-02-07:1,True,2,5,True,-0.96875,0.24971595393103696,-1.3556824930278395,True,0,0,0,True,-0.3031398210314049,325.0,155.0,0.0,0.0,1.0,0.0,0.0
2025-02-07 15:40:00+00:00,2025-02-07,2025-02-07:1,True,0,5,True,-0.955,0.14805217947960916,-1.864146564801303,True,0,0,0,True,-0.7896101072439669,320.0,160.0,1.0,0.0,0.0,0.0,0.0
2025-02-07 15:45:00+00:00,2025-02-07,2025-02-07:1,True,0,10,True,-0.9641025641025641,0.9641025641025641,0.5112796090423039,True,0,0,0,True,0.0,315.0,165.0,1.0,0.0,0.0,0.0,0.0
2025-02-07 15:50:00+00:00,2025-02-07,2025-02-07:1,True,0,15,True,-0.9579439252336449,0.575578322601454,-0.5094139293202748,True,0,0,0,True,0.12609195338454082,310.0,170.0,1.0,0.0,0.0,0.0,0.0
2025-02-07 15:55:00+00:00,2025-02-07,2025-02-07:1,True,3,5,True,-0.9579439252336449,0.2906343532287765,-1.1927232841221602,True,0,0,0,True,-0.11577387898774975,305.0,175.0,0.0,0.0,0.0,1.0,0.0
2025-02-07 16:00:00+00:00,2025-02-07,2025-02-07:1,True,3,10,True,-0.9310344827586207,0.5643795929156729,-0.5005692528052927,True,0,0,0,True,-0.02923533624850933,300.0,180.0,0.0,0.0,0.0,1.0,0.0
2025-02-07 16:05:00+00:00,2025-02-07,2025-02-07:1,True,3,15,True,-0.923469387755102,0.5566383565509483,-0.5062218920632923,True,0,0,0,True,-0.5659732811762426,295.0,185.0,0.0,0.0,0.0,1.0,0.0
2025-02-07 16:10:00+00:00,2025-02-07,2025-02-07:1,True,3,20,True,-0.7333333333333333,0.23897045833474514,-1.121260411680504,True,0,0,0,True,-0.37640102551809773,290.0,190.0,0.0,0.0,0.0,1.0,0.0
2025-02-07 16:15:00+00:00,2025-02-07,2025-02-07:1,True,3,25,True,-0.8894472361809045,0.4508658772101018,-0.6794302813359493,True,0,0,0,True,0.13811384500343743,285.0,195.0,0.0,0.0,0.0,1.0,0.0
2025-02-07 16:20:00+00:00,2025-02-07,2025-02-07:1,True,4,5,True,-0.7917675544794189,0.7917675544794189,0.0,True,0,0,0,True,-0.08101537869805789,280.0,200.0,0.0,0.0,0.0,0.0,1.0
2025-02-07 16:25:00+00:00,2025-02-07,2025-02-07:1,True,3,5,True,-0.41714285714285715,0.2699485344286179,-0.4351974186049906,True,0,0,0,True,0.27803743189497154,275.0,205.0,0.0,0.0,0.0,1.0,0.0
2025-02-07 16:30:00+00:00,2025-02-07,2025-02-07:1,True,4,5,True,-0.42342342342342343,0.42342342342342343,0.308801163824648,True,1,0,0,True,0.0,270.0,210.0,0.0,0.0,0.0,0.0,1.0
2025-02-07 16:35:00+00:00,2025-02-07,2025-02-07:1,True,3,5,True,-0.5145118733509235,0.30497803167512666,-0.5229788857448028,True,1,0,0,True,-1.0498621329013078,265.0,215.0,0.0,0.0,0.0,1.0,0.0
2025-02-07 16:40:00+00:00,2025-02-07,2025-02-07:1,True,3,10,True,-0.11641791044776119,0.09430100456690374,-0.21069455082065613,True,1,0,0,True,-0.4711273381237712,260.0,220.0,0.0,0.0,0.0,1.0,0.0
2025-02-07 16:45:00+00:00,2025-02-07,2025-02-07:1,True,0,5,True,0.15406162464985995,0.036422450574636084,1.4421673238907384,True,1,0,0,True,0.10736393877801532,255.0,225.0,1.0,0.0,0.0,0.0,0.0
2025-02-07 16:50:00+00:00,2025-02-07,2025-02-07:1,True,0,10,True,-0.12209302325581395,0.12209302325581395,0.0,True,1,0,0,True,0.5316393251673914,250.0,230.0,1.0,0.0,0.0,0.0,0.0
2025-02-07 16:55:00+00:00,2025-02-07,2025-02-07:1,True,0,15,True,-0.17507418397626112,0.17507418397626112,0.0,True,0,0,0,True,0.0,245.0,235.0,1.0,0.0,0.0,0.0,0.0
2025-02-07 17:00:00+00:00,2025-02-07,2025-02-07:1,True,0,20,True,-0.19047619047619047,0.04663157047006532,-1.4072494127331623,True,0,0,0,True,-0.8581923676812974,240.0,240.0,1.0,0.0,0.0,0.0,0.0
2025-02-07 17:05:00+00:00,2025-02-07,2025-02-07:1,True,0,25,True,-0.3548387096774194,0.1649711383460996,-0.7658928078094611,True,0,0,0,True,0.0,235.0,245.0,1.0,0.0,0.0,0.0,0.0
2025-02-07 17:10:00+00:00,2025-02-07,2025-02-07:1,True,3,5,True,-0.5657142857142857,0.13730087337783073,-1.4159144813482538,True,0,0,0,True,-0.7682248171667772,230.0,250.0,0.0,0.0,0.0,1.0,0.0
2025-02-07 17:15:00+00:00,2025-02-07,2025-02-07:1,True,4,5,True,-0.42073170731707316,0.42073170731707316,2.2665971223997055,True,1,0,0,True,0.867878738157008,225.0,255.0,0.0,0.0,0.0,0.0,1.0
2025-02-07 17:20:00+00:00,2025-02-07,2025-02-07:1,True,4,10,True,0.23030303030303031,0.23030303030303031,-0.16139864785415767,True,1,0,0,True,-0.7217966961589458,220.0,260.0,0.0,0.0,0.0,0.0,1.0
2025-02-07 17:25:00+00:00,2025-02-07,2025-02-07:1,True,3,5,True,-0.06918238993710692,0.042082190848393146,-0.4971217185984291,True,1,0,0,True,-0.9757509442974369,215.0,265.0,0.0,0.0,0.0,1.0,0.0
2025-02-07 17:30:00+00:00,2025-02-07,2025-02-07:1,True,0,5,True,0.4764705882352941,0.21196625555706777,0.8099789065021166,True,1,0,0,True,0.7244671581131071,210.0,270.0,1.0,0.0,0.0,0.0,0.0
2025-02-07 17:35:00+00:00,2025-02-07,2025-02-07:1,True,0,10,True,0.246684350132626,0.246684350132626,-0.6279920720939139,True,1,0,0,True,1.398290961171346,205.0,275.0,1.0,0.0,0.0,0.0,0.0
2025-02-07 17:40:00+00:00,2025-02-07,2025-02-07:1,True,1,5,True,0.5596330275229358,0.14777975025132825,1.3315582695704233,True,0,0,0,True,0.6968555057166398,200.0,280.0,0.0,1.0,0.0,0.0,0.0
2025-02-07 17:45:00+00:00,2025-02-07,2025-02-07:1,True,0,5,True,0.12781954887218044,0.12781954887218044,-0.32570432659176896,True,0,0,0,True,0.0,195.0,285.0,1.0,0.0,0.0,0.0,0.0
2025-02-07 17:50:00+00:00,2025-02-07,2025-02-07:1,True,1,5,True,0.6594594594594595,0.07232007292994697,2.210318774119655,True,0,0,0,True,0.0,190.0,290.0,0.0,1.0,0.0,0.0,0.0
2025-02-07 17:55:00+00:00,2025-02-07,2025-02-07:1,True,1,10,True,0.3258426966292135,0.12680503135184665,0.9437640185895863,True,0,0,0,True,-0.022253526763221763,185.0,295.0,0.0,1.0,0.0,0.0,0.0
2025-02-07 18:00:00+00:00,2025-02-07,2025-02-07:1,True,2,5,True,0.4041666666666667,0.4041666666666667,-0.1560447992224531,True,0,0,0,True,-0.34892677859671145,180.0,300.0,0.0,0.0,1.0,0.0,0.0
2025-02-07 18:05:00+00:00,2025-02-07,2025-02-07:1,True,2,10,True,0.6657681940700808,0.6657681940700808,0.0,True,0,0,0,True,-1.381420628900721,175.0,305.0,0.0,0.0,1.0,0.0,0.0
2025-02-07 18:10:00+00:00,2025-02-07,2025-02-07:1,True,2,15,True,0.8005698005698005,0.8005698005698005,0.0,True,0,0,0,True,0.03396143886198909,170.0,310.0,0.0,0.0,1.0,0.0,0.0
2025-02-07 18:15:00+00:00,2025-02-07,2025-02-07:1,True,1,5,True,0.7685185185185185,0.43156578163587594,0.577044711999581,True,0,0,0,True,-0.5048515741651697,165.0,315.0,0.0,1.0,0.0,0.0,0.0
2025-02-07 18:20:00+00:00,2025-02-07,2025-02-07:1,True,1,10,True,0.8577981651376146,0.12124910324776275,1.956521699152132,True,0,0,0,True,-0.7411335005786558,160.0,320.0,0.0,1.0,0.0,0.0,0.0
2025-02-07 18:25:00+00:00,2025-02-07,2025-02-07:1,True,2,5,True,0.8347107438016529,0.8347107438016529,-0.26161137839190274,True,0,0,0,True,0.5849808257700515,155.0,325.0,0.0,0.0,1.0,0.0,0.0
2025-02-07 18:30:00+00:00,2025-02-07,2025-02-07:1,True,1,5,True,0.6982248520710059,0.1864762411633448,1.3202373507820977,True,0,0,0,True,-0.5219206514294659,150.0,330.0,0.0,1.0,0.0,0.0,0.0
2025-02-07 18:35:00+00:00,2025-02-07,2025-02-07:1,True,2,5,True,0.5375722543352601,0.5375722543352601,-1.0882778968069708,True,0,0,0,True,-1.2899426162533127,145.0,335.0,0.0,0.0,1.0,0.0,0.0
2025-02-07 18:40:00+00:00,2025-02-07,2025-02-07:1,True,1,5,True,0.5968992248062015,0.08697035270090725,1.9261810094488567,True,0,0,0,True,0.5742762232124726,140.0,340.0,0.0,1.0,0.0,0.0,0.0
2025-02-07 18:45:00+00:00,2025-02-07,2025-02-07:1,True,2,5,True,0.5561797752808989,0.4263050244001986,0.2659364690563159,True,0,0,0,True,0.0,135.0,345.0,0.0,0.0,1.0,0.0,0.0
2025-02-07 18:50:00+00:00,2025-02-07,2025-02-07:1,True,0,5,True,0.7783251231527094,0.7783251231527094,-0.5490035092140212,True,0,0,0,True,0.0,130.0,350.0,1.0,0.0,0.0,0.0,0.0
2025-02-07 18:55:00+00:00,2025-02-07,2025-02-07:1,True,2,5,True,0.6289855072463768,0.5485850226010222,0.13676593848870278,True,0,0,0,True,0.0,125.0,355.0,0.0,0.0,1.0,0.0,0.0
2025-02-07 19:00:00+00:00,2025-02-07,2025-02-07:1,True,1,5,True,0.5326633165829145,0.17681502348005648,1.102785427341583,True,0,0,0,True,-0.12682403155472524,120.0,360.0,0.0,1.0,0.0,0.0,0.0
2025-02-07 19:05:00+00:00,2025-02-07,2025-02-07:1,True,1,10,True,0.728735632183908,0.4746300284655135,0.4287754086675396,True,0,0,0,True,0.127714902837924,115.0,365.0,0.0,1.0,0.0,0.0,0.0
2025-02-07 19:10:00+00:00,2025-02-07,2025-02-07:1,True,1,15,True,0.6226415094339622,0.3410336661305788,0.6019897268305766,True,0,0,0,True,0.0,110.0,370.0,0.0,1.0,0.0,0.0,0.0
2025-02-07 19:15:00+00:00,2025-02-07,2025-02-07:1,True,1,20,True,0.6265060240963856,0.3212668627634337,0.6678862638427456,True,0,0,0,True,0.7467195435943085,105.0,375.0,0.0,1.0,0.0,0.0,0.0
2025-02-07 19:20:00+00:00,2025-02-07,2025-02-07:1,True,1,25,True,0.635036496350365,0.44494368603096435,0.3557347458952843,True,0,0,0,True,0.0,100.0,380.0,0.0,1.0,0.0,0.0,0.0
2025-02-07 19:25:00+00:00,2025-02-07,2025-02-07:1,True,1,30,True,0.5135135135135135,0.22530396482673098,0.8238259002328435,True,0,0,0,True,0.0,95.0,385.0,0.0,1.0,0.0,0.0,0.0
2025-02-07 19:30:00+00:00,2025-02-07,2025-02-07:1,True,1,35,True,0.335423197492163,0.14031611295883786,0.8714951836815708,True,0,0,0,True,0.0,90.0,390.0,0.0,1.0,0.0,0.0,0.0
2025-02-07 19:35:00+00:00,2025-02-07,2025-02-07:1,True,1,40,True,0.45722713864306785,0.2961388114742251,0.43435198643996875,True,0,0,0,True,0.9712405678418371,85.0,395.0,0.0,1.0,0.0,0.0,0.0
2025-02-07 19:40:00+00:00,2025-02-07,2025-02-07:1,True,1,45,True,0.3236994219653179,0.08064309925535121,1.3897821384089049,True,0,0,0,True,0.0,80.0,400.0,0.0,1.0,0.0,0.0,0.0
2025-02-07 19:45:00+00:00,2025-02-07,2025-02-07:1,True,2,5,True,0.16304347826086957,0.16304347826086957,0.0,True,0,0,0,True,-2.277874846120631,75.0,405.0,0.0,0.0,1.0,0.0,0.0
2025-02-07 19:50:00+00:00,2025-02-07,2025-02-07:1,True,2,10,True,-0.04871060171919771,0.019866988903295926,-0.8968371955997138,True,0,0,0,True,0.0,70.0,410.0,0.0,0.0,1.0,0.0,0.0
2025-02-07 19:55:00+00:00,2025-02-07,2025-02-07:1,True,0,5,True,-0.2606060606060606,0.1651520059456419,-0.45614362280777426,True,0,0,0,True,-1.7674128675515115,65.0,415.0,1.0,0.0,0.0,0.0,0.0
2025-02-07 20:00:00+00:00,2025-02-07,2025-02-07:1,True,0,10,True,0.04526748971193416,0.04526748971193416,-1.146056772785475,True,0,0,0,True,-0.37338720972350087,60.0,420.0,1.0,0.0,0.0,0.0,0.0
2025-02-07 20:05:00+00:00,2025-02-07,2025-02-07:1,True,0,15,True,-0.2528301886792453,0.15996535688875704,-0.45776080004204167,True,0,0,0,True,0.0,55.0,425.0,1.0,0.0,0.0,0.0,0.0
2025-02-07 20:10:00+00:00,2025-02-07,2025-02-07:1,True,4,5,True,-0.19886363636363635,0.19886363636363635,0.0,True,0,0,0,True,0.0,50.0,430.0,0.0,0.0,0.0,0.0,1.0
2025-02-07 20:15:00+00:00,2025-02-07,2025-02-07:1,True,3,5,True,0.09154929577464789,0.09154929577464789,-1.143176164232473,True,0,0,0,True,-0.3480767534567567,45.0,435.0,0.0,0.0,0.0,1.0,0.0
2025-02-07 20:20:00+00:00,2025-02-07,2025-02-07:1,True,3,10,True,-0.08121827411167512,0.05098569101395975,-0.46559524747999836,True,0,0,0,True,0.0,40.0,440.0,0.0,0.0,0.0,1.0,0.0
2025-02-07 20:25:00+00:00,2025-02-07,2025-02-07:1,True,4,5,True,-0.3793103448275862,0.3793103448275862,0.0,True,0,0,0,True,0.5161543362497694,35.0,445.0,0.0,0.0,0.0,0.0,1.0
2025-02-07 20:30:00+00:00,2025-02-07,2025-02-07:1,True,3,5,True,-0.29178470254957506,0.11715458289452027,-0.9125219262048979,True,0,0,0,True,-1.0202305289751494,30.0,450.0,0.0,0.0,0.0,1.0,0.0
2025-02-07 20:35:00+00:00,2025-02-07,2025-02-07:1,True,0,5,True,-0.372972972972973,0.372972972972973,1.3452557933988967,True,0,0,0,True,2.005388934111181,25.0,455.0,1.0,0.0,0.0,0.0,0.0
2025-02-07 20:40:00+00:00,2025-02-07,2025-02-07:1,True,3,5,True,-0.07734806629834254,0.01787372761543178,-1.4649836736385493,True,0,0,0,True,-1.09193436006002,20.0,460.0,0.0,0.0,0.0,1.0,0.0
2025-02-07 20:45:00+00:00,2025-02-07,2025-02-07:1,True,0,5,True,0.17415730337078653,0.06409150665095237,0.9996470795728839,True,0,0,0,True,2.23527882343411,15.0,465.0,1.0,0.0,0.0,0.0,0.0
2025-02-07 20:50:00+00:00,2025-02-07,2025-02-07:1,True,0,10,True,0.029239766081871343,0.029239766081871343,0.0,True,0,0,0,True,-1.175700875980744,10.0,470.0,1.0,0.0,0.0,0.0,0.0
2025-02-07 20:55:00+00:00,2025-02-07,2025-02-07:1,True,0,15,True,0.03942652329749104,0.015355623094008869,0.942957037664085,True,0,0,0,True,-1.0542580180423582,5.0,475.0,1.0,0.0,0.0,0.0,0.0
2025-02-07 21:00:00+00:00,2025-02-07,2025-02-07:1,True,0,20,True,-0.15819209039548024,0.09820374249648994,-0.4767657309870766,True,0,0,0,True,0.0,0.0,480.0,1.0,0.0,0.0,0.0,0.0
2025-02-10 13:00:00+00:00,2025-02-10,2025-02-10:1,False,-1,0,False,,,,False,0,0,0,False,,480.0,0.0,,,,,
2025-02-10 13:05:00+00:00,2025-02-10,2025-02-10:1,False,-1,0,True,-0.08108108108108109,,,False,0,0,0,False,,475.0,5.0,,,,,
2025-02-10 13:10:00+00:00,2025-02-10,2025-02-10:1,False,-1,0,True,0.24358974358974358,,,False,0,0,0,False,,470.0,10.0,,,,,
2025-02-10 13:15:00+00:00,2025-02-10,2025-02-10:1,False,-1,0,True,0.17333333333333334,,,False,0,0,0,False,,465.0,15.0,,,,,
2025-02-10 13:20:00+00:00,2025-02-10,2025-02-10:1,False,-1,0,True,0.6793893129770993,,,False,0,0,0,False,,460.0,20.0,,,,,
2025-02-10 13:25:00+00:00,2025-02-10,2025-02-10:1,False,-1,0,True,0.42011834319526625,,,False,0,0,0,False,,455.0,25.0,,,,,
2025-02-10 13:30:00+00:00,2025-02-10,2025-02-10:1,False,-1,0,True,-0.08,,,False,0,0,0,False,,450.0,30.0,,,,,
2025-02-10 13:35:00+00:00,2025-02-10,2025-02-10:1,False,-1,0,True,-0.975,,,False,0,0,0,False,,445.0,35.0,,,,,
2025-02-10 13:40:00+00:00,2025-02-10,2025-02-10:1,False,-1,0,True,-0.9730337078651685,,,False,0,0,0,False,,440.0,40.0,,,,,
2025-02-10 13:45:00+00:00,2025-02-10,2025-02-10:1,False,-1,0,True,-0.9704433497536946,,,False,0,0,0,False,,435.0,45.0,,,,,
2025-02-10 13:50:00+00:00,2025-02-10,2025-02-10:1,False,-1,0,True,-0.9325301204819277,,,False,0,0,0,False,,430.0,50.0,,,,,
2025-02-10 13:55:00+00:00,2025-02-10,2025-02-10:1,False,-1,0,True,-0.9496567505720824,,,False,0,0,0,False,,425.0,55.0,,,,,
2025-02-10 14:00:00+00:00,2025-02-10,2025-02-10:1,False,-1,0,True,-0.8829787234042553,,,False,0,0,0,False,,420.0,60.0,,,,,
2025-02-10 14:05:00+00:00,2025-02-10,2025-02-10:1,True,3,5,True,-0.8807588075880759,0.34582580288460985,-0.9348486288631674,True,0,0,0,False,,415.0,65.0,0.0,0.0,0.0,1.0,0.0
2025-02-10 14:10:00+00:00,2025-02-10,2025-02-10:1,True,3,10,True,-0.8379629629629629,0.33570000603136674,-0.9147559806112707,True,0,0,0,False,,410.0,70.0,0.0,0.0,0.0,1.0,0.0
2025-02-10 14:15:00+00:00,2025-02-10,2025-02-10:1,True,4,5,True,-0.812987012987013,0.812987012987013,0.6518893962009948,True,1,0,0,False,,405.0,75.0,0.0,0.0,0.0,0.0,1.0
2025-02-10 14:20:00+00:00,2025-02-10,2025-02-10:1,True,3,5,True,-0.725,0.4895812986762587,-0.3926211215342525,True,1,0,0,False,,400.0,80.0,0.0,0.0,0.0,1.0,0.0
2025-02-10 14:25:00+00:00,2025-02-10,2025-02-10:1,True,4,5,True,-0.6879795396419437,0.5245213482189557,-0.27127296955251684,True,1,0,0,False,,395.0,85.0,0.0,0.0,0.0,0.0,1.0
2025-02-10 14:30:00+00:00,2025-02-10,2025-02-10:1,True,3,5,True,-0.3954802259887006,0.1974768078165514,-0.694479639788744,True,0,1,1,False,,390.0,90.0,0.0,0.0,0.0,1.0,0.0
2025-02-10 14:35:00+00:00,2025-02-10,2025-02-10:1,True,3,10,True,-0.5308641975308642,0.2514302194450566,-0.7473407464368373,True,0,0,1,False,,385.0,95.0,0.0,0.0,0.0,1.0,0.0
2025-02-10 14:40:00+00:00,2025-02-10,2025-02-10:1,True,0,5,True,-0.09947643979057591,0.09947643979057591,1.0369446239966038,True,0,0,1,False,,380.0,100.0,1.0,0.0,0.0,0.0,0.0
2025-02-10 14:45:00+00:00,2025-02-10,2025-02-10:1,True,0,10,True,-0.18272425249169436,0.18272425249169436,1.0192188394849437,True,0,0,1,False,,375.0,105.0,1.0,0.0,0.0,0.0,0.0
2025-02-10 14:50:00+00:00,2025-02-10,2025-02-10:1,True,0,15,True,0.2084592145015106,0.1541762564262719,0.30164693800645453,True,0,0,1,False,,370.0,110.0,1.0,0.0,0.0,0.0,0.0
2025-02-10 14:55:00+00:00,2025-02-10,2025-02-10:1,True,0,20,True,0.17261904761904762,0.09097301422708882,0.6405242139823131,True,0,0,1,False,,365.0,115.0,1.0,0.0,0.0,0.0,0.0
2025-02-10 15:00:00+00:00,2025-02-10,2025-02-10:1,True,1,5,True,-0.05555555555555555,0.05555555555555555,0.682151204780672,True,0,0,1,False,,360.0,120.0,0.0,1.0,0.0,0.0,0.0
2025-02-10 15:05:00+00:00,2025-02-10,2025-02-10:1,True,2,5,True,-0.23450134770889489,0.1614644837918955,-0.3731761311526023,True,0,0,1,True,0.0,355.0,125.0,0.0,0.0,1.0,0.0,0.0
2025-02-10 15:10:00+00:00,2025-02-10,2025-02-10:1,True,1,5,True,0.21362229102167182,0.06653328384068226,1.1665071290252838,True,0,0,1,True,0.0,350.0,130.0,0.0,1.0,0.0,0.0,0.0
2025-02-10 15:15:00+00:00,2025-02-10,2025-02-10:1,True,2,5,True,-0.14675767918088736,0.09865544019946725,-0.39714940823847344,True,0,0,1,True,0.8955278121238796,345.0,135.0,0.0,0.0,1.0,0.0,0.0
2025-02-10 15:20:00+00:00,2025-02-10,2025-02-10:1,True,2,10,True,-0.2,0.2,0.0,True,0,0,1,True,0.9241433943236478,340.0,140.0,0.0,0.0,1.0,0.0,0.0
2025-02-10 15:25:00+00:00,2025-02-10,2025-02-10:1,True,0,5,True,-0.24691358024691357,0.24691358024691357,0.0,True,0,0,1,True,0.9444110971853633,335.0,145.0,1.0,0.0,0.0,0.0,0.0
2025-02-10 15:30:00+00:00,2025-02-10,2025-02-10:1,True,1,5,True,-0.5182481751824818,0.5182481751824818,3.6069943778156848,True,0,0,1,True,8.065484623255431,330.0,150.0,0.0,1.0,0.0,0.0,0.0
2025-02-10 15:35:00+00:00,2025-02-10,2025-02-10:1,True,2,5,True,-0.7799352750809061,0.22791579507001405,-1.2302346947043437,True,0,0,1,True,0.6877221014108692,325.0,155.0,0.0,0.0,1.0,0.0,0.0
2025-02-10 15:40:00+00:00,2025-02-10,2025-02-10:1,True,0,5,True,-0.7758620689655172,0.22823220078395529,-1.223611223002956,True,0,0,1,True,-0.6840194681660801,320.0,160.0,1.0,0.0,0.0,0.0,0.0
2025-02-10 15:45:00+00:00,2025-02-10,2025-02-10:1,True,0,10,True,-0.8120104438642297,0.8120104438642297,0.0,True,0,0,1,True,0.11506688900633505,315.0,165.0,1.0,0.0,0.0,0.0,0.0
2025-02-10 15:50:00+00:00,2025-02-10,2025-02-10:1,True,0,15,True,-0.9207459207459208,0.9207459207459208,0.31977028149711223,True,0,0,1,True,-0.1265988904106449,310.0,170.0,1.0,0.0,0.0,0.0,0.0
2025-02-10 15:55:00+00:00,2025-02-10,2025-02-10:1,True,3,5,True,-0.7721518987341772,0.04901099179405661,-2.7571366954066057,True,0,0,1,True,-0.7838986473257099,305.0,175.0,0.0,0.0,0.0,1.0,0.0
2025-02-10 16:00:00+00:00,2025-02-10,2025-02-10:1,True,4,5,True,-0.8623481781376519,0.8623481781376519,0.6165088890743545,True,1,0,1,True,1.3785557847031342,300.0,180.0,0.0,0.0,0.0,0.0,1.0
2025-02-10 16:05:00+00:00,2025-02-10,2025-02-10:1,True,3,5,True,-0.8216216216216217,0.6096897635925231,-0.2983297312301327,True,1,0,1,True,0.0,295.0,185.0,0.0,0.0,0.0,1.0,0.0
2025-02-10 16:10:00+00:00,2025-02-10,2025-02-10:1,True,3,10,True,-0.7462235649546828,0.4093694489293732,-0.6004071938026508,True,0,1,2,True,-0.30245439821777903,290.0,190.0,0.0,0.0,0.0,1.0,0.0
2025-02-10 16:15:00+00:00,2025-02-10,2025-02-10:1,True,3,15,True,-0.7251461988304093,0.4014335075795539,-0.5913313784261144,True,0,0,2,True,0.0,285.0,195.0,0.0,0.0,0.0,1.0,0.0
2025-02-10 16:20:00+00:00,2025-02-10,2025-02-10:1,True,3,20,True,-0.7878787878787878,0.32637324268417,-0.8813026128780482,True,0,0,2,True,0.1573710394524242,280.0,200.0,0.0,0.0,0.0,1.0,0.0
2025-02-10 16:25:00+00:00,2025-02-10,2025-02-10:1,True,3,25,True,-0.7533632286995515,0.41682553377529524,-0.5918797369054841,True,0,0,2,True,-0.6617416631136172,275.0,205.0,0.0,0.0,0.0,1.0,0.0
2025-02-10 16:30:00+00:00,2025-02-10,2025-02-10:1,True,3,30,True,-0.5483870967741935,0.3043751868335145,-0.5887203108897991,True,0,0,2,True,-0.6582093174422002,270.0,210.0,0.0,0.0,0.0,1.0,0.0
2025-02-10 16:35:00+00:00,2025-02-10,2025-02-10:1,True,3,35,True,-0.28,0.07558864715509198,-1.3094835011665824,True,0,0,2,True,-1.952062749346753,265.0,215.0,0.0,0.0,0.0,1.0,0.0
2025-02-10 16:40:00+00:00,2025-02-10,2025-02-10:1,True,3,40,True,-0.4276729559748428,0.18141876261397616,-0.8575508173346322,True,0,0,2,True,-0.9587709608590088,260.0,220.0,0.0,0.0,0.0,1.0,0.0
2025-02-10 16:45:00+00:00,2025-02-10,2025-02-10:1,True,3,45,True,-0.583756345177665,0.25687853699009894,-0.8208803241471742,True,0,0,2,True,-0.4588860515462859,255.0,225.0,0.0,0.0,0.0,1.0,0.0
2025-02-10 16:50:00+00:00,2025-02-10,2025-02-10:1,True,3,50,True,-0.2982456140350877,0.12821928389591913,-0.8441754016242626,True,0,0,2,True,-2.214848207376034,250.0,230.0,0.0,0.0,0.0,1.0,0.0
2025-02-10 16:55:00+00:00,2025-02-10,2025-02-10:1,True,4,5,True,-0.43952802359882004,0.43952802359882004,0.8425867130542999,True,1,0,2,True,1.4418340086049246,245.0,235.0,0.0,0.0,0.0,0.0,1.0
2025-02-10 17:00:00+00:00,2025-02-10,2025-02-10:1,True,0,5,True,-0.11888111888111888,0.11888111888111888,1.2125326174604654,True,1,0,2,True,0.0,240.0,240.0,1.0,0.0,0.0,0.0,0.0
2025-02-10 17:05:00+00:00,2025-02-10,2025-02-10:1,True,0,10,True,0.056962025316455694,0.015745574484320134,1.2858254826259947,True,1,0,2,True,1.9167954575669837,235.0,245.0,1.0,0.0,0.0,0.0,0.0
2025-02-10 17:10:00+00:00,2025-02-10,2025-02-10:1,True,0,15,True,0.046052631578947366,0.046052631578947366,-0.415855748917731,True,1,0,2,True,0.9298817234141312,230.0,250.0,1.0,0.0,0.0,0.0,0.0
2025-02-10 17:15:00+00:00,2025-02-10,2025-02-10:1,True,0,20,True,0.14186851211072665,0.14186851211072665,-0.8230127072463391,True,0,1,3,True,1.8403123597463327,225.0,255.0,1.0,0.0,0.0,0.0,0.0
2025-02-10 17:20:00+00:00,2025-02-10,2025-02-10:1,True,1,5,True,0.03536977491961415,0.01584795657798099,0.8028170701140656,True,0,0,3,True,-0.8975767711348572,220.0,260.0,0.0,1.0,0.0,0.0,0.0
2025-02-10 17:25:00+00:00,2025-02-10,2025-02-10:1,True,0,5,True,-0.1836734693877551,0.03764247810753692,-1.585026408581815,True,0,0,3,True,0.6138248527029132,215.0,265.0,1.0,0.0,0.0,0.0,0.0
2025-02-10 17:30:00+00:00,2025-02-10,2025-02-10:1,True,0,10,True,0.08620689655172414,0.08620689655172414,0.0,True,0,0,3,True,0.9025198655343599,210.0,270.0,1.0,0.0,0.0,0.0,0.0
2025-02-10 17:35:00+00:00,2025-02-10,2025-02-10:1,True,3,5,True,0.11526479750778816,0.11526479750778816,-1.5574645843413866,True,0,0,3,True,1.4266550507772706,205.0,275.0,0.0,0.0,0.0,1.0,0.0
2025-02-10 17:40:00+00:00,2025-02-10,2025-02-10:1,True,4,5,True,-0.3987341772151899,0.3987341772151899,0.39691736065335465,True,1,0,3,True,1.373708729175267,200.0,280.0,0.0,0.0,0.0,0.0,1.0
2025-02-10 17:45:00+00:00,2025-02-10,2025-02-10:1,True,3,5,True,0.04054054054054054,0.04054054054054054,-0.40275129175768476,True,1,0,3,True,0.851487291366217,195.0,285.0,0.0,0.0,0.0,1.0,0.0
2025-02-10 17:50:00+00:00,2025-02-10,2025-02-10:1,True,0,5,True,-0.21621621621621623,0.21621621621621623,2.5939297761264406,True,1,0,3,True,0.34917190686184363,190.0,290.0,1.0,0.0,0.0,0.0,0.0
2025-02-10 17:55:00+00:00,2025-02-10,2025-02-10:1,True,0,10,True,-0.49673202614379086,0.16241750403783828,-1.1178804924724517,True,0,1,4,True,0.0,185.0,295.0,1.0,0.0,0.0,0.0,0.0
2025-02-10 18:00:00+00:00,2025-02-10,2025-02-10:1,True,0,15,True,-0.26683291770573564,0.26683291770573564,1.5460846408970244,True,0,0,4,True,2.223273047925376,180.0,300.0,1.0,0.0,0.0,0.0,0.0
2025-02-10 18:05:00+00:00,2025-02-10,2025-02-10:1,True,1,5,True,-0.5953079178885631,0.5953079178885631,2.1736129725992765,True,0,0,4,True,1.6432031458714735,175.0,305.0,0.0,1.0,0.0,0.0,0.0
2025-02-10 18:10:00+00:00,2025-02-10,2025-02-10:1,True,2,5,True,-0.2634730538922156,0.048839167173634054,-1.6854185035234235,True,0,0,4,True,-0.7537420688841542,170.0,310.0,0.0,0.0,1.0,0.0,0.0
2025-02-10 18:15:00+00:00,2025-02-10,2025-02-10:1,True,2,10,True,-0.5704057279236276,0.29362995981977186,-0.6640275764743063,True,0,0,4,True,0.021800274555147322,165.0,315.0,0.0,0.0,1.0,0.0,0.0
2025-02-10 18:20:00+00:00,2025-02-10,2025-02-10:1,True,0,5,True,-0.5161290322580645,0.5161290322580645,1.0069174800190293,True,0,0,4,True,0.7637390659227195,160.0,320.0,1.0,0.0,0.0,0.0,0.0
2025-02-10 18:25:00+00:00,2025-02-10,2025-02-10:1,True,0,10,True,-0.21176470588235294,0.15105732139306097,-0.3378164037328432,True,0,0,4,True,-0.7553804426611511,155.0,325.0,1.0,0.0,0.0,0.0,0.0
2025-02-10 18:30:00+00:00,2025-02-10,2025-02-10:1,True,0,15,True,-0.23178807947019867,0.16647926772737834,-0.3309527201430407,True,0,0,4,True,0.3767913862018951,150.0,330.0,1.0,0.0,0.0,0.0,0.0
2025-02-10 18:35:00+00:00,2025-02-10,2025-02-10:1,True,3,5,True,-0.2484472049689441,0.12784947379257727,-0.6643767822015999,True,0,0,4,True,-0.7427958238387306,145.0,335.0,0.0,0.0,0.0,1.0,0.0
2025-02-10 18:40:00+00:00,2025-02-10,2025-02-10:1,True,3,10,True,-0.6676384839650146,0.18218263025958642,-1.2987371884612866,True,0,0,4,True,0.7994069201470524,140.0,340.0,0.0,0.0,0.0,1.0,0.0
2025-02-10 18:45:00+00:00,2025-02-10,2025-02-10:1,True,3,15,True,-0.5365079365079365,0.2760123321663761,-0.6646358085983953,True,0,0,4,True,-0.7430854241532756,135.0,345.0,0.0,0.0,0.0,1.0,0.0
2025-02-10 18:50:00+00:00,2025-02-10,2025-02-10:1,True,3,20,True,-0.698005698005698,0.4921053789264941,-0.3495343876930345,True,0,0,4,True,-1.5631653027085608,130.0,350.0,0.0,0.0,0.0,1.0,0.0
2025-02-10 18:55:00+00:00,2025-02-10,2025-02-10:1,True,3,25,True,-0.3465909090909091,0.11794502418877341,-1.0779265289205329,True,0,0,4,True,-1.6068779956118977,125.0,355.0,0.0,0.0,0.0,1.0,0.0
2025-02-10 19:00:00+00:00,2025-02-10,2025-02-10:1,True,4,5,True,-0.3862433862433862,0.3862433862433862,0.0,True,0,0,4,True,0.0,120.0,360.0,0.0,0.0,0.0,0.0,1.0
2025-02-10 19:05:00+00:00,2025-02-10,2025-02-10:1,True,4,10,True,-0.4363143631436314,0.4363143631436314,0.7766769012230242,True,1,0,4,True,0.8683511738430518,115.0,365.0,0.0,0.0,0.0,0.0,1.0
2025-02-10 19:10:00+00:00,2025-02-10,2025-02-10:1,True,3,5,True,-0.31444759206798867,0.13475219481994574,-0.8473799256160662,True,0,1,5,True,0.0,110.0,370.0,0.0,0.0,0.0,1.0,0.0
2025-02-10 19:15:00+00:00,2025-02-10,2025-02-10:1,True,3,10,True,-0.3724340175953079,0.15243466118642654,-0.8933238351577489,True,0,0,5,True,-0.4432057875346061,105.0,375.0,0.0,0.0,0.0,1.0,0.0
2025-02-10 19:20:00+00:00,2025-02-10,2025-02-10:1,True,3,15,True,-0.04938271604938271,0.012327931179859614,-1.3877329698527605,True,0,0,5,True,-0.48329724919802236,100.0,380.0,0.0,0.0,0.0,1.0,0.0
2025-02-10 19:25:00+00:00,2025-02-10,2025-02-10:1,True,3,20,True,0.028901734104046242,0.028901734104046242,-0.9472794746232068,True,0,0,5,True,-3.1772719484201613,95.0,385.0,0.0,0.0,0.0,1.0,0.0
2025-02-10 19:30:00+00:00,2025-02-10,2025-02-10:1,True,3,25,True,0.21176470588235294,0.21176470588235294,-0.4550583402259948,True,0,0,5,True,0.0,90.0,390.0,0.0,0.0,0.0,1.0,0.0
2025-02-10 19:35:00+00:00,2025-02-10,2025-02-10:1,True,4,5,True,-0.11508951406649616,0.11508951406649616,0.4755269060630167,True,1,0,5,True,-0.4999517777843525,85.0,395.0,0.0,0.0,0.0,0.0,1.0
2025-02-10 19:40:00+00:00,2025-02-10,2025-02-10:1,True,4,10,True,-0.1717171717171717,0.1717171717171717,0.0,True,1,0,5,True,-1.0906494070186132,80.0,400.0,0.0,0.0,0.0,0.0,1.0
2025-02-10 19:45:00+00:00,2025-02-10,2025-02-10:1,True,3,5,True,-0.27946127946127947,0.10703854533074501,-0.959674741647869,True,0,1,6,True,1.072948979305567,75.0,405.0,0.0,0.0,0.0,1.0,0.0
2025-02-10 19:50:00+00:00,2025-02-10,2025-02-10:1,True,4,5,True,-0.018315018315018316,0.018315018315018316,0.0,True,0,0,6,True,1.1174422797955095,70.0,410.0,0.0,0.0,0.0,0.0,1.0
2025-02-10 19:55:00+00:00,2025-02-10,2025-02-10:1,True,0,5,True,0.0915032679738562,0.05619720947042931,0.48750758508917297,True,0,0,6,True,-0.4122107989727158,65.0,415.0,1.0,0.0,0.0,0.0,0.0
2025-02-10 20:00:00+00:00,2025-02-10,2025-02-10:1,True,0,10,True,-0.38412698412698415,0.38412698412698415,0.0,True,0,0,6,True,0.0,60.0,420.0,1.0,0.0,0.0,0.0,0.0
2025-02-10 20:05:00+00:00,2025-02-10,2025-02-10:1,True,1,5,True,0.2727272727272727,0.025531125845523448,2.3685739656470584,True,0,0,6,True,1.0592584793840127,55.0,425.0,0.0,1.0,0.0,0.0,0.0
2025-02-10 20:10:00+00:00,2025-02-10,2025-02-10:1,True,0,5,True,0.04059040590405904,0.04059040590405904,-0.9741979584237441,True,0,0,6,True,-1.089186429288503,50.0,430.0,1.0,0.0,0.0,0.0,0.0
2025-02-10 20:15:00+00:00,2025-02-10,2025-02-10:1,True,0,10,True,-0.07420494699646643,0.01276343150327574,-1.7602466507109442,True,0,0,6,True,0.3918468037824674,45.0,435.0,1.0,0.0,0.0,0.0,0.0
2025-02-10 20:20:00+00:00,2025-02-10,2025-02-10:1,True,0,15,True,-0.4090909090909091,0.4090909090909091,0.4444599451671283,True,0,0,6,True,0.0,40.0,440.0,1.0,0.0,0.0,0.0,0.0
2025-02-10 20:25:00+00:00,2025-02-10,2025-02-10:1,True,0,20,True,-0.3835616438356164,0.3835616438356164,0.8955663472974409,True,0,0,6,True,0.5996173787521649,35.0,445.0,1.0,0.0,0.0,0.0,0.0
2025-02-10 20:30:00+00:00,2025-02-10,2025-02-10:1,True,0,25,True,-0.15217391304347827,0.058139354316917705,-0.962181242139464,True,0,0,6,True,-1.0757513320495133,30.0,450.0,1.0,0.0,0.0,0.0,0.0
2025-02-10 20:35:00+00:00,2025-02-10,2025-02-10:1,True,3,5,True,-0.23624595469255663,0.14728290767310673,-0.47251816401841135,True,0,0,6,True,-0.28773997348561514,25.0,455.0,0.0,0.0,0.0,1.0,0.0
2025-02-10 20:40:00+00:00,2025-02-10,2025-02-10:1,True,0,5,True,-0.30149253731343284,0.30149253731343284,0.9533401856781352,True,0,0,6,True,1.0658667304277762,20.0,460.0,1.0,0.0,0.0,0.0,0.0
2025-02-10 20:45:00+00:00,2025-02-10,2025-02-10:1,True,0,10,True,-0.10273972602739725,0.010558245907568879,-2.275291701133026,True,0,0,6,True,-1.0175413824766515,15.0,465.0,1.0,0.0,0.0,0.0,0.0
2025-02-10 20:50:00+00:00,2025-02-10,2025-02-10:1,True,0,15,True,0.1048951048951049,0.1048951048951049,0.0,True,0,0,6,True,1.0187339306503078,10.0,470.0,1.0,0.0,0.0,0.0,0.0
2025-02-10 20:55:00+00:00,2025-02-10,2025-02-10:1,True,3,5,True,-0.049079754601226995,0.00819546316313665,-1.7898658914850836,True,0,0,6,True,-1.3848491675303911,5.0,475.0,0.0,0.0,0.0,1.0,0.0
2025-02-10 21:00:00+00:00,2025-02-10,2025-02-10:1,True,3,10,True,0.36623376623376624,0.36623376623376624,-0.4447703005875302,True,0,0,6,True,0.0,0.0,480.0,0.0,0.0,0.0,1.0,0.0
2025-02-11 13:00:00+00:00,2025-02-11,2025-02-11:1,False,-1,0,False,,,,False,0,0,0,False,,480.0,0.0,,,,,
2025-02-11 13:05:00+00:00,2025-02-11,2025-02-11:1,False,-1,0,True,0.05802047781569966,,,False,0,0,0,False,,475.0,5.0,,,,,
2025-02-11 13:10:00+00:00,2025-02-11,2025-02-11:1,False,-1,0,True,0.0,,,False,0,0,0,False,,470.0,10.0,,,,,
2025-02-11 13:15:00+00:00,2025-02-11,2025-02-11:1,False,-1,0,True,0.1174934725848564,,,False,0,0,0,False,,465.0,15.0,,,,,
2025-02-11 13:20:00+00:00,2025-02-11,2025-02-11:1,False,-1,0,True,-0.13099041533546327,,,False,0,0,0,False,,460.0,20.0,,,,,
2025-02-11 13:25:00+00:00,2025-02-11,2025-02-11:1,False,-1,0,True,-0.3263707571801567,,,False,0,0,0,False,,455.0,25.0,,,,,
2025-02-11 13:30:00+00:00,2025-02-11,2025-02-11:1,False,-1,0,True,0.33490566037735847,,,False,0,0,0,False,,450.0,30.0,,,,,
2025-02-11 13:35:00+00:00,2025-02-11,2025-02-11:1,False,-1,0,True,0.7615176151761518,,,False,0,0,0,False,,445.0,35.0,,,,,
2025-02-11 13:40:00+00:00,2025-02-11,2025-02-11:1,False,-1,0,True,0.7383720930232558,,,False,0,0,0,False,,440.0,40.0,,,,,
2025-02-11 13:45:00+00:00,2025-02-11,2025-02-11:1,False,-1,0,True,0.9375,,,False,0,0,0,False,,435.0,45.0,,,,,
2025-02-11 13:50:00+00:00,2025-02-11,2025-02-11:1,False,-1,0,True,0.889168765743073,,,False,0,0,0,False,,430.0,50.0,,,,,
2025-02-11 13:55:00+00:00,2025-02-11,2025-02-11:1,False,-1,0,True,0.6701030927835051,,,False,0,0,0,False,,425.0,55.0,,,,,
2025-02-11 14:00:00+00:00,2025-02-11,2025-02-11:1,False,-1,0,True,0.43026706231454004,,,False,0,0,0,False,,420.0,60.0,,,,,
2025-02-11 14:05:00+00:00,2025-02-11,2025-02-11:1,True,0,5,True,0.7445482866043613,0.7445482866043613,-0.17390282873044674,True,0,0,0,False,,415.0,65.0,1.0,0.0,0.0,0.0,0.0
2025-02-11 14:10:00+00:00,2025-02-11,2025-02-11:1,True,0,10,True,0.45751633986928103,0.45751633986928103,-0.8555934783377415,True,0,0,0,False,,410.0,70.0,1.0,0.0,0.0,0.0,0.0
2025-02-11 14:15:00+00:00,2025-02-11,2025-02-11:1,True,0,15,True,0.5086705202312138,0.5086705202312138,0.0,True,0,0,0,False,,405.0,75.0,1.0,0.0,0.0,0.0,0.0
2025-02-11 14:20:00+00:00,2025-02-11,2025-02-11:1,True,0,20,True,0.616519174041298,0.616519174041298,-0.8905115118225438,True,0,0,0,False,,400.0,80.0,1.0,0.0,0.0,0.0,0.0
2025-02-11 14:25:00+00:00,2025-02-11,2025-02-11:1,True,0,25,True,0.21839080459770116,0.056051362123117204,1.36001768834217,True,0,0,0,False,,395.0,85.0,1.0,0.0,0.0,0.0,0.0
2025-02-11 14:30:00+00:00,2025-02-11,2025-02-11:1,True,0,30,True,0.21084337349397592,0.14295631151940957,0.38857648238424697,True,0,0,0,False,,390.0,90.0,1.0,0.0,0.0,0.0,0.0
2025-02-11 14:35:00+00:00,2025-02-11,2025-02-11:1,True,0,35,True,0.4713896457765668,0.4713896457765668,0.0,True,0,0,0,False,,385.0,95.0,1.0,0.0,0.0,0.0,0.0
2025-02-11 14:40:00+00:00,2025-02-11,2025-02-11:1,True,0,40,True,0.6898395721925134,0.3087748246965228,0.8038467779038764,True,0,0,0,False,,380.0,100.0,1.0,0.0,0.0,0.0,0.0
2025-02-11 14:45:00+00:00,2025-02-11,2025-02-11:1,True,1,5,True,0.5659824046920822,0.072638016936545,2.0530745565654818,True,0,0,0,False,,375.0,105.0,0.0,1.0,0.0,0.0,0.0
2025-02-11 14:50:00+00:00,2025-02-11,2025-02-11:1,True,1,10,True,0.5945945945945946,0.286115038339223,0.7314858577946377,True,0,0,0,False,,370.0,110.0,0.0,1.0,0.0,0.0,0.0
2025-02-11 14:55:00+00:00,2025-02-11,2025-02-11:1,True,2,5,True,0.7542168674698795,0.7542168674698795,-0.5400105257319502,True,0,0,0,False,,365.0,115.0,0.0,0.0,1.0,0.0,0.0
2025-02-11 15:00:00+00:00,2025-02-11,2025-02-11:1,True,1,5,True,0.8457831325301205,0.39483598293630257,0.7617925366219589,True,0,0,0,False,,360.0,120.0,0.0,1.0,0.0,0.0,0.0
2025-02-11 15:05:00+00:00,2025-02-11,2025-02-11:1,True,2,5,True,0.7245508982035929,0.7245508982035929,-1.8847427624796211,True,0,0,0,True,-1.6857651748025482,355.0,125.0,0.0,0.0,1.0,0.0,0.0
2025-02-11 15:10:00+00:00,2025-02-11,2025-02-11:1,True,1,5,True,0.7818181818181819,0.12739284579688603,1.8143466233223964,True,0,0,0,True,0.2589541889863046,350.0,130.0,0.0,1.0,0.0,0.0,0.0
2025-02-11 15:15:00+00:00,2025-02-11,2025-02-11:1,True,0,5,True,0.7204301075268817,0.39772462921797486,0.5940885257862546,True,0,0,0,True,-0.6642111641544071,345.0,135.0,1.0,0.0,0.0,0.0,0.0
2025-02-11 15:20:00+00:00,2025-02-11,2025-02-11:1,True,0,10,True,0.5521472392638037,0.4099372103222466,0.29781074609076036,True,0,0,0,True,-0.5601004512139643,340.0,140.0,1.0,0.0,0.0,0.0,0.0
2025-02-11 15:25:00+00:00,2025-02-11,2025-02-11:1,True,1,5,True,0.7876106194690266,0.3192504504436715,0.903027924146911,True,0,0,0,True,1.3461545493140694,335.0,145.0,0.0,1.0,0.0,0.0,0.0
2025-02-11 15:30:00+00:00,2025-02-11,2025-02-11:1,True,3,5,True,0.8170212765957446,0.8170212765957446,-5.754832378681907,True,0,0,0,True,-14.188011413014335,330.0,150.0,0.0,0.0,0.0,1.0,0.0
2025-02-11 15:35:00+00:00,2025-02-11,2025-02-11:1,True,0,5,True,0.9718969555035128,0.4225345975818338,0.8329784547719484,True,0,0,0,True,0.051279783799115686,325.0,155.0,1.0,0.0,0.0,0.0,0.0
2025-02-11 15:40:00+00:00,2025-02-11,2025-02-11:1,True,0,10,True,0.9451371571072319,0.881861371837183,0.06929518789222858,True,0,0,0,True,0.35851902178208306,320.0,160.0,1.0,0.0,0.0,0.0,0.0
2025-02-11 15:45:00+00:00,2025-02-11,2025-02-11:1,True,0,15,True,0.9032258064516129,0.39071689369899876,0.8379893439785331,True,0,0,0,True,0.40207424071367037,315.0,165.0,1.0,0.0,0.0,0.0,0.0
2025-02-11 15:50:00+00:00,2025-02-11,2025-02-11:1,True,0,20,True,0.8918918918918919,0.5868028743298631,0.41865598323491265,True,0,0,0,True,0.3120477458997967,310.0,170.0,1.0,0.0,0.0,0.0,0.0
2025-02-11 15:55:00+00:00,2025-02-11,2025-02-11:1,True,0,25,True,0.9515418502202643,0.9515418502202643,-0.2803940165744709,True,0,0,0,True,0.0652702936149376,305.0,175.0,1.0,0.0,0.0,0.0,0.0
2025-02-11 16:00:00+00:00,2025-02-11,2025-02-11:1,True,1,5,True,0.9276485788113695,0.18884252903520396,1.5917394863760352,True,0,0,0,True,0.255074843611334,300.0,180.0,0.0,1.0,0.0,0.0,0.0
2025-02-11 16:05:00+00:00,2025-02-11,2025-02-11:1,True,2,5,True,0.9180722891566265,0.9180722891566265,-0.26859660352128906,True,0,0,0,True,-0.5531009331752447,295.0,185.0,0.0,0.0,1.0,0.0,0.0
2025-02-11 16:10:00+00:00,2025-02-11,2025-02-11:1,True,1,5,True,0.8863636363636364,0.5859057549506806,0.41396834227988966,True,0,0,0,True,0.0,290.0,190.0,0.0,1.0,0.0,0.0,0.0
2025-02-11 16:15:00+00:00,2025-02-11,2025-02-11:1,True,1,10,True,0.9011627906976745,0.5204088945771719,0.549071080787089,True,0,0,0,True,0.253115568004534,285.0,195.0,0.0,1.0,0.0,0.0,0.0
2025-02-11 16:20:00+00:00,2025-02-11,2025-02-11:1,True,1,15,True,0.9121951219512195,0.5632124962752352,0.4821969241119338,True,0,0,0,True,0.5040712572370546,280.0,200.0,0.0,1.0,0.0,0.0,0.0
2025-02-11 16:25:00+00:00,2025-02-11,2025-02-11:1,True,2,5,True,0.9121447028423773,0.7949261114433763,0.13754947413131513,True,0,0,0,True,-0.2621893089698482,275.0,205.0,0.0,0.0,1.0,0.0,0.0
2025-02-11 16:30:00+00:00,2025-02-11,2025-02-11:1,True,1,5,True,0.8476190476190476,0.2322580771992887,1.294582143429706,True,0,0,0,True,0.1523565092191372,270.0,210.0,0.0,1.0,0.0,0.0,0.0
2025-02-11 16:35:00+00:00,2025-02-11,2025-02-11:1,True,2,5,True,0.8468085106382979,0.5580389078317319,0.4170459023149839,True,0,0,0,True,0.5446227750896441,265.0,215.0,0.0,0.0,1.0,0.0,0.0
2025-02-11 16:40:00+00:00,2025-02-11,2025-02-11:1,True,1,5,True,0.8221153846153846,0.10122738613282471,2.0945114215787486,True,0,0,0,True,0.0,260.0,220.0,0.0,1.0,0.0,0.0,0.0
2025-02-11 16:45:00+00:00,2025-02-11,2025-02-11:1,True,1,10,True,0.46949602122015915,0.213604893761545,0.7875318064157092,True,0,0,0,True,0.0,255.0,225.0,0.0,1.0,0.0,0.0,0.0
2025-02-11 16:50:00+00:00,2025-02-11,2025-02-11:1,True,1,15,True,0.6927710843373494,0.14397028000489076,1.5710927295688792,True,0,0,0,True,0.5212260404295623,250.0,230.0,0.0,1.0,0.0,0.0,0.0
2025-02-11 16:55:00+00:00,2025-02-11,2025-02-11:1,True,1,20,True,0.6085790884718498,0.16048950772266055,1.3328983088310076,True,0,0,0,True,0.6592549015359084,245.0,235.0,0.0,1.0,0.0,0.0,0.0
2025-02-11 17:00:00+00:00,2025-02-11,2025-02-11:1,True,2,5,True,0.5989304812834224,0.5989304812834224,0.0,True,0,0,0,True,1.2117220915746183,240.0,240.0,0.0,0.0,1.0,0.0,0.0
2025-02-11 17:05:00+00:00,2025-02-11,2025-02-11:1,True,2,10,True,0.4842105263157895,0.4842105263157895,-2.0192113886362493,True,0,0,0,True,-0.6450134179913904,235.0,245.0,0.0,0.0,1.0,0.0,0.0
2025-02-11 17:10:00+00:00,2025-02-11,2025-02-11:1,True,0,5,True,0.2698412698412698,0.2698412698412698,-0.5967438602360191,True,0,0,0,True,-0.07267894724455015,230.0,250.0,1.0,0.0,0.0,0.0,0.0
2025-02-11 17:15:00+00:00,2025-02-11,2025-02-11:1,True,0,10,True,0.24600638977635783,0.24600638977635783,-0.6087956276251277,True,0,0,0,True,-1.020981305829375,225.0,255.0,1.0,0.0,0.0,0.0,0.0
2025-02-11 17:20:00+00:00,2025-02-11,2025-02-11:1,True,3,5,True,0.47368421052631576,0.47368421052631576,-0.4403293889681697,True,0,0,0,True,1.3128085949625439,220.0,260.0,0.0,0.0,0.0,1.0,0.0
2025-02-11 17:25:00+00:00,2025-02-11,2025-02-11:1,True,4,5,True,0.24507042253521127,0.0772803115902366,1.1541063863004115,True,0,0,0,True,0.0,215.0,265.0,0.0,0.0,0.0,0.0,1.0
2025-02-11 17:30:00+00:00,2025-02-11,2025-02-11:1,True,4,10,True,0.31988472622478387,0.2357656383426934,0.3051224466005943,True,0,0,0,True,0.10012960985211421,210.0,270.0,0.0,0.0,0.0,0.0,1.0
2025-02-11 17:35:00+00:00,2025-02-11,2025-02-11:1,True,0,5,True,0.08070175438596491,0.042784836049176135,0.634576572749666,True,0,0,0,True,-0.5983703811567241,205.0,275.0,1.0,0.0,0.0,0.0,0.0
2025-02-11 17:40:00+00:00,2025-02-11,2025-02-11:1,True,0,10,True,0.6358208955223881,0.6358208955223881,0.0,True,0,0,0,True,0.0,200.0,280.0,1.0,0.0,0.0,0.0,0.0
2025-02-11 17:45:00+00:00,2025-02-11,2025-02-11:1,True,1,5,True,0.23508771929824562,0.10067602166996661,0.8480510632191066,True,0,0,0,True,-0.3792599651493476,195.0,285.0,0.0,1.0,0.0,0.0,0.0
2025-02-11 17:50:00+00:00,2025-02-11,2025-02-11:1,True,1,10,True,0.375,0.18238801894497086,0.7207896360962862,True,0,0,0,True,0.805867311894316,190.0,290.0,0.0,1.0,0.0,0.0,0.0
2025-02-11 17:55:00+00:00,2025-02-11,2025-02-11:1,True,2,5,True,0.15483870967741936,0.12935298863322456,0.17983897903431484,True,0,0,0,True,-0.7263975579338138,185.0,295.0,0.0,0.0,1.0,0.0,0.0
2025-02-11 18:00:00+00:00,2025-02-11,2025-02-11:1,True,1,5,True,0.7084188911704312,0.4047507219301623,0.5597641967301273,True,0,0,0,True,-0.10957064782764037,180.0,300.0,0.0,1.0,0.0,0.0,0.0
2025-02-11 18:05:00+00:00,2025-02-11,2025-02-11:1,True,2,5,True,0.8979118329466357,0.7401757963294933,0.19318416131606012,True,0,0,0,True,-0.8639458337579913,175.0,305.0,0.0,0.0,1.0,0.0,0.0
2025-02-11 18:10:00+00:00,2025-02-11,2025-02-11:1,True,1,5,True,0.8607242339832869,0.40070090807331515,0.7645588835346652,True,0,0,0,True,-1.1959030614248258,170.0,310.0,0.0,1.0,0.0,0.0,0.0
2025-02-11 18:15:00+00:00,2025-02-11,2025-02-11:1,True,1,10,True,0.794344473007712,0.11721067665234258,1.9135442415514352,True,0,0,0,True,-1.0316659547883793,165.0,315.0,0.0,1.0,0.0,0.0,0.0
2025-02-11 18:20:00+00:00,2025-02-11,2025-02-11:1,True,1,15,True,0.6753623188405797,0.06802803466252295,2.295329420853264,True,0,0,0,True,0.733216087968422,160.0,320.0,0.0,1.0,0.0,0.0,0.0
2025-02-11 18:25:00+00:00,2025-02-11,2025-02-11:1,True,2,5,True,0.6077348066298343,0.6077348066298343,-0.29505156169206326,True,0,0,0,True,-0.7667957388725173,155.0,325.0,0.0,0.0,1.0,0.0,0.0
2025-02-11 18:30:00+00:00,2025-02-11,2025-02-11:1,True,2,10,True,0.5627009646302251,0.5627009646302251,-0.4075665979984537,True,0,0,0,True,0.020161251801157406,150.0,330.0,0.0,0.0,1.0,0.0,0.0
2025-02-11 18:35:00+00:00,2025-02-11,2025-02-11:1,True,2,15,True,0.6777493606138107,0.6777493606138107,0.0,True,0,0,0,True,0.0,145.0,335.0,0.0,0.0,1.0,0.0,0.0
2025-02-11 18:40:00+00:00,2025-02-11,2025-02-11:1,True,1,5,True,0.673202614379085,0.5110976316039978,0.27548571397484267,True,0,0,0,True,0.011405714802772957,140.0,340.0,0.0,1.0,0.0,0.0,0.0
2025-02-11 18:45:00+00:00,2025-02-11,2025-02-11:1,True,0,5,True,0.5959079283887468,0.5959079283887468,-1.3721437343907772,True,0,0,0,True,-0.6136413330006852,135.0,345.0,1.0,0.0,0.0,0.0,0.0
2025-02-11 18:50:00+00:00,2025-02-11,2025-02-11:1,True,0,10,True,0.6763285024154589,0.5904804721363692,0.13574234328396706,True,0,0,0,True,0.0,130.0,350.0,1.0,0.0,0.0,0.0,0.0
2025-02-11 18:55:00+00:00,2025-02-11,2025-02-11:1,True,0,15,True,0.7020057306590258,0.21281899919800598,1.1934995318968264,True,0,0,0,True,-0.5830176205954478,125.0,355.0,1.0,0.0,0.0,0.0,0.0
2025-02-11 19:00:00+00:00,2025-02-11,2025-02-11:1,True,0,20,True,0.6776119402985075,0.6776119402985075,-0.37614732559404734,True,0,0,0,True,1.1214546527771163,120.0,360.0,1.0,0.0,0.0,0.0,0.0
2025-02-11 19:05:00+00:00,2025-02-11,2025-02-11:1,True,0,25,True,0.6505376344086021,0.13715470646494454,1.5566896178845988,True,0,0,0,True,0.5355175085329574,115.0,365.0,1.0,0.0,0.0,0.0,0.0
2025-02-11 19:10:00+00:00,2025-02-11,2025-02-11:1,True,0,30,True,0.6198830409356725,0.43556834615199375,0.352879095409141,True,0,0,0,True,0.5260410967823155,110.0,370.0,1.0,0.0,0.0,0.0,0.0
2025-02-11 19:15:00+00:00,2025-02-11,2025-02-11:1,True,1,5,True,0.48059701492537316,0.30151037996723384,0.46622466881489566,True,0,0,0,True,-0.016427137822999573,105.0,375.0,0.0,1.0,0.0,0.0,0.0
2025-02-11 19:20:00+00:00,2025-02-11,2025-02-11:1,True,1,10,True,0.6647398843930635,0.21133741047662616,1.1459398547884403,True,0,0,0,True,0.2562399413438288,100.0,380.0,0.0,1.0,0.0,0.0,0.0
2025-02-11 19:25:00+00:00,2025-02-11,2025-02-11:1,True,2,5,True,0.3735632183908046,0.3735632183908046,-1.1040143266365945,True,0,0,0,True,-0.5485891294423874,95.0,385.0,0.0,0.0,1.0,0.0,0.0
2025-02-11 19:30:00+00:00,2025-02-11,2025-02-11:1,True,1,5,True,0.7102272727272727,0.12012760629739302,1.7770304576468217,True,0,0,0,True,-0.0632413774789874,90.0,390.0,0.0,1.0,0.0,0.0,0.0
2025-02-11 19:35:00+00:00,2025-02-11,2025-02-11:1,True,2,5,True,0.5734072022160664,0.5734072022160664,-0.5082321227068561,True,0,0,0,True,0.5682207873599648,85.0,395.0,0.0,0.0,1.0,0.0,0.0
2025-02-11 19:40:00+00:00,2025-02-11,2025-02-11:1,True,1,5,True,0.6710875331564987,0.5212195717176138,0.2527281844542573,True,0,0,0,True,0.8476761004039343,80.0,400.0,0.0,1.0,0.0,0.0,0.0
2025-02-11 19:45:00+00:00,2025-02-11,2025-02-11:1,True,1,10,True,0.5527156549520766,0.3728900570047597,0.39356006008269634,True,0,0,0,True,0.5866846983825403,75.0,405.0,0.0,1.0,0.0,0.0,0.0
2025-02-11 19:50:00+00:00,2025-02-11,2025-02-11:1,True,0,5,True,0.5294117647058824,0.5294117647058824,-0.1314088759669442,True,0,0,0,True,0.29383917950892563,70.0,410.0,1.0,0.0,0.0,0.0,0.0
2025-02-11 19:55:00+00:00,2025-02-11,2025-02-11:1,True,0,10,True,0.5960912052117264,0.5960912052117264,-0.7958245073235017,True,0,0,0,True,0.631911997406132,65.0,415.0,1.0,0.0,0.0,0.0,0.0
2025-02-11 20:00:00+00:00,2025-02-11,2025-02-11:1,True,0,15,True,0.5888324873096447,0.14986863277868565,1.368382612450336,True,0,0,0,True,-0.855390263642683,60.0,420.0,1.0,0.0,0.0,0.0,0.0
2025-02-11 20:05:00+00:00,2025-02-11,2025-02-11:1,True,1,5,True,0.649025069637883,0.07699315362772717,2.1317548400845734,True,0,0,0,True,-0.5958435917254327,55.0,425.0,0.0,1.0,0.0,0.0,0.0
2025-02-11 20:10:00+00:00,2025-02-11,2025-02-11:1,True,1,10,True,0.7423887587822015,0.3319374500278201,0.8049264919951417,True,0,0,0,True,-0.5756899724944671,50.0,430.0,0.0,1.0,0.0,0.0,0.0
2025-02-11 20:15:00+00:00,2025-02-11,2025-02-11:1,True,2,5,True,0.6368563685636857,0.6368563685636857,-0.5671371675817121,True,0,0,0,True,-0.6340786296396992,45.0,435.0,0.0,0.0,1.0,0.0,0.0
2025-02-11 20:20:00+00:00,2025-02-11,2025-02-11:1,True,1,5,True,0.6424242424242425,0.13189210537333373,1.5832646943826725,True,0,0,0,True,0.029069399805913766,40.0,440.0,0.0,1.0,0.0,0.0,0.0
2025-02-11 20:25:00+00:00,2025-02-11,2025-02-11:1,True,1,10,True,0.6794258373205742,0.09031697213113245,2.0179226891308284,True,0,0,0,True,-0.3239721296837069,35.0,445.0,0.0,1.0,0.0,0.0,0.0
2025-02-11 20:30:00+00:00,2025-02-11,2025-02-11:1,True,2,5,True,0.2795969773299748,0.2795969773299748,0.0,True,0,0,0,True,0.7032067534387785,30.0,450.0,0.0,0.0,1.0,0.0,0.0
2025-02-11 20:35:00+00:00,2025-02-11,2025-02-11:1,True,1,5,True,0.30944625407166126,0.08578773951101014,1.2829083228542637,True,0,0,0,True,0.7171675547016143,25.0,455.0,0.0,1.0,0.0,0.0,0.0
2025-02-11 20:40:00+00:00,2025-02-11,2025-02-11:1,True,2,5,True,0.3424657534246575,0.2478995025489436,0.3231482303229861,True,0,0,0,True,-0.6558704281286954,20.0,460.0,0.0,0.0,1.0,0.0,0.0
2025-02-11 20:45:00+00:00,2025-02-11,2025-02-11:1,True,2,10,True,0.553133514986376,0.553133514986376,-0.6372438502583991,True,0,0,0,True,0.0,15.0,465.0,0.0,0.0,1.0,0.0,0.0
2025-02-11 20:50:00+00:00,2025-02-11,2025-02-11:1,True,1,5,True,0.30120481927710846,0.1575317712719903,0.648163335769429,True,0,0,0,True,1.386396097119334,10.0,470.0,0.0,1.0,0.0,0.0,0.0
2025-02-11 20:55:00+00:00,2025-02-11,2025-02-11:1,True,1,10,True,0.5384615384615384,0.2767548892570898,0.6655838324509368,True,0,0,0,True,-0.744145347041505,5.0,475.0,0.0,1.0,0.0,0.0,0.0
2025-02-11 21:00:00+00:00,2025-02-11,2025-02-11:1,True,1,15,True,0.5443786982248521,0.2745290531881156,0.6845880453653542,True,0,0,0,True,0.09254960358246624,0.0,480.0,0.0,1.0,0.0,0.0,0.0
2025-02-12 13:00:00+00:00,2025-02-12,2025-02-12:1,False,-1,0,False,,,,False,0,0,0,False,,480.0,0.0,,,,,
2025-02-12 13:05:00+00:00,2025-02-12,2025-02-12:1,False,-1,0,True,-0.12738853503184713,,,False,0,0,0,False,,475.0,5.0,,,,,
2025-02-12 13:10:00+00:00,2025-02-12,2025-02-12:1,False,-1,0,True,0.1263537906137184,,,False,0,0,0,False,,470.0,10.0,,,,,
2025-02-12 13:15:00+00:00,2025-02-12,2025-02-12:1,False,-1,0,True,-0.03323262839879154,,,False,0,0,0,False,,465.0,15.0,,,,,
2025-02-12 13:20:00+00:00,2025-02-12,2025-02-12:1,False,-1,0,True,0.43026706231454004,,,False,0,0,0,False,,460.0,20.0,,,,,
2025-02-12 13:25:00+00:00,2025-02-12,2025-02-12:1,False,-1,0,True,-0.15759312320916904,,,False,0,0,0,False,,455.0,25.0,,,,,
2025-02-12 13:30:00+00:00,2025-02-12,2025-02-12:1,False,-1,0,True,0.13903743315508021,,,False,0,0,0,False,,450.0,30.0,,,,,
2025-02-12 13:35:00+00:00,2025-02-12,2025-02-12:1,False,-1,0,True,0.8321678321678322,,,False,0,0,0,False,,445.0,35.0,,,,,
2025-02-12 13:40:00+00:00,2025-02-12,2025-02-12:1,False,-1,0,True,0.5395033860045146,,,False,0,0,0,False,,440.0,40.0,,,,,
2025-02-12 13:45:00+00:00,2025-02-12,2025-02-12:1,False,-1,0,True,0.5452196382428941,,,False,0,0,0,False,,435.0,45.0,,,,,
2025-02-12 13:50:00+00:00,2025-02-12,2025-02-12:1,False,-1,0,True,0.38801261829652994,,,False,0,0,0,False,,430.0,50.0,,,,,
2025-02-12 13:55:00+00:00,2025-02-12,2025-02-12:1,False,-1,0,True,0.6219178082191781,,,False,0,0,0,False,,425.0,55.0,,,,,
2025-02-12 14:00:00+00:00,2025-02-12,2025-02-12:1,False,-1,0,True,0.5703324808184144,,,False,0,0,0,False,,420.0,60.0,,,,,
2025-02-12 14:05:00+00:00,2025-02-12,2025-02-12:1,True,2,5,True,0.30952380952380953,0.30952380952380953,0.0,True,0,0,0,False,,415.0,65.0,0.0,0.0,1.0,0.0,0.0
2025-02-12 14:10:00+00:00,2025-02-12,2025-02-12:1,True,1,5,True,0.5087719298245614,0.18450737282047752,1.014310417365303,True,0,0,0,False,,410.0,70.0,0.0,1.0,0.0,0.0,0.0
2025-02-12 14:15:00+00:00,2025-02-12,2025-02-12:1,True,1,10,True,0.5718475073313783,0.3174394516191198,0.5885852636776846,True,0,0,0,False,,405.0,75.0,0.0,1.0,0.0,0.0,0.0
2025-02-12 14:20:00+00:00,2025-02-12,2025-02-12:1,True,1,15,True,0.28901734104046245,0.1465949562707093,0.6788133057536551,True,0,0,0,False,,400.0,80.0,0.0,1.0,0.0,0.0,0.0
2025-02-12 14:25:00+00:00,2025-02-12,2025-02-12:1,True,1,20,True,0.6939313984168866,0.21004186813342776,1.1950662231680336,True,0,0,0,False,,395.0,85.0,0.0,1.0,0.0,0.0,0.0
2025-02-12 14:30:00+00:00,2025-02-12,2025-02-12:1,True,2,5,True,0.6477272727272727,0.6477272727272727,-0.5260747957829159,True,0,0,0,False,,390.0,90.0,0.0,0.0,1.0,0.0,0.0
2025-02-12 14:35:00+00:00,2025-02-12,2025-02-12:1,True,1,5,True,0.37341772151898733,0.26837271668168916,0.3303209416378144,True,0,0,0,False,,385.0,95.0,0.0,1.0,0.0,0.0,0.0
2025-02-12 14:40:00+00:00,2025-02-12,2025-02-12:1,True,1,10,True,0.6098901098901099,0.19190577864726366,1.1562742778524857,True,0,0,0,False,,380.0,100.0,0.0,1.0,0.0,0.0,0.0
2025-02-12 14:45:00+00:00,2025-02-12,2025-02-12:1,True,1,15,True,0.5376044568245125,0.2964257344730897,0.5953263662872832,True,0,0,0,False,,375.0,105.0,0.0,1.0,0.0,0.0,0.0
2025-02-12 14:50:00+00:00,2025-02-12,2025-02-12:1,True,1,20,True,0.55858310626703,0.134341750232663,1.4250164819314268,True,0,0,0,False,,370.0,110.0,0.0,1.0,0.0,0.0,0.0
2025-02-12 14:55:00+00:00,2025-02-12,2025-02-12:1,True,2,5,True,0.4617737003058104,0.4617737003058104,-0.8328565982702095,True,0,0,0,False,,365.0,115.0,0.0,0.0,1.0,0.0,0.0
2025-02-12 15:00:00+00:00,2025-02-12,2025-02-12:1,True,1,5,True,0.6266666666666667,0.02970884156254325,3.0489700699412796,True,0,0,0,False,,360.0,120.0,0.0,1.0,0.0,0.0,0.0
2025-02-12 15:05:00+00:00,2025-02-12,2025-02-12:1,True,2,5,True,0.11515151515151516,0.11515151515151516,-0.3961687501093279,True,0,0,0,True,0.8858602558081022,355.0,125.0,0.0,0.0,1.0,0.0,0.0
2025-02-12 15:10:00+00:00,2025-02-12,2025-02-12:1,True,2,10,True,0.48184019370460046,0.48184019370460046,-0.40840454855669067,True,0,0,0,True,-1.8264406657831525,350.0,130.0,0.0,0.0,1.0,0.0,0.0
2025-02-12 15:15:00+00:00,2025-02-12,2025-02-12:1,True,0,5,True,0.3667711598746082,0.3667711598746082,-1.4191392376466385,True,0,0,0,True,-1.0209512655071515,345.0,135.0,1.0,0.0,0.0,0.0,0.0
2025-02-12 15:20:00+00:00,2025-02-12,2025-02-12:1,True,0,10,True,0.42696629213483145,0.07999811349533968,1.6747020158887986,True,0,0,0,True,0.9952361153556639,340.0,140.0,1.0,0.0,0.0,0.0,0.0
2025-02-12 15:25:00+00:00,2025-02-12,2025-02-12:1,True,1,5,True,0.2037037037037037,0.05582705525648502,1.294407892108861,True,0,0,0,True,0.21073602584522855,335.0,145.0,0.0,1.0,0.0,0.0,0.0
2025-02-12 15:30:00+00:00,2025-02-12,2025-02-12:1,True,0,5,True,-0.21287128712871287,0.21287128712871287,0.32865372783094055,True,0,0,0,True,3.2762654753167006,330.0,150.0,1.0,0.0,0.0,0.0,0.0
2025-02-12 15:35:00+00:00,2025-02-12,2025-02-12:1,True,0,10,True,-0.42948717948717946,0.03768565745624798,-2.433312307881124,True,0,0,0,True,-0.32415973579565993,325.0,155.0,1.0,0.0,0.0,0.0,0.0
2025-02-12 15:40:00+00:00,2025-02-12,2025-02-12:1,True,3,5,True,-0.5294117647058824,0.123230713247315,-1.4577081963931693,True,0,0,0,True,0.4171865357187089,320.0,160.0,0.0,0.0,0.0,1.0,0.0
2025-02-12 15:45:00+00:00,2025-02-12,2025-02-12:1,True,0,5,True,-0.3476923076923077,0.3476923076923077,0.26365829683275566,True,0,0,0,True,1.1791157491013942,315.0,165.0,1.0,0.0,0.0,0.0,0.0
2025-02-12 15:50:00+00:00,2025-02-12,2025-02-12:1,True,3,5,True,-0.03932584269662921,0.01109536556588671,-1.2653543731981778,True,0,0,0,True,-0.5658836788205177,310.0,170.0,0.0,0.0,0.0,1.0,0.0
2025-02-12 15:55:00+00:00,2025-02-12,2025-02-12:1,True,4,5,True,-0.22118380062305296,0.1944613877870467,-0.12876040991779483,True,0,0,0,True,0.28791702938692737,305.0,175.0,0.0,0.0,0.0,0.0,1.0
2025-02-12 16:00:00+00:00,2025-02-12,2025-02-12:1,True,3,5,True,0.013157894736842105,0.013157894736842105,-0.6515140910257914,True,0,0,0,True,-1.0776281836790362,300.0,180.0,0.0,0.0,0.0,1.0,0.0
2025-02-12 16:05:00+00:00,2025-02-12,2025-02-12:1,True,4,5,True,-0.3619631901840491,0.3619631901840491,0.881452824978766,True,0,0,0,True,0.2815697765173355,295.0,185.0,0.0,0.0,0.0,0.0,1.0
2025-02-12 16:10:00+00:00,2025-02-12,2025-02-12:1,True,3,5,True,-0.45110410094637227,0.11214675486116374,-1.3918898105179165,True,0,0,0,True,-1.3228266949434977,290.0,190.0,0.0,0.0,0.0,1.0,0.0
2025-02-12 16:15:00+00:00,2025-02-12,2025-02-12:1,True,3,10,True,-0.040892193308550186,0.03179179499760389,-0.25173093462842566,True,0,0,0,True,-1.6308600641171076,285.0,195.0,0.0,0.0,0.0,1.0,0.0
2025-02-12 16:20:00+00:00,2025-02-12,2025-02-12:1,True,3,15,True,-0.25,0.1504269776647808,-0.50798314966073,True,0,0,0,True,0.08312882966066164,280.0,200.0,0.0,0.0,0.0,1.0,0.0
2025-02-12 16:25:00+00:00,2025-02-12,2025-02-12:1,True,0,5,True,-0.4110787172011662,0.4110787172011662,0.12677649568200464,True,0,0,0,True,-1.3596196889270382,275.0,205.0,1.0,0.0,0.0,0.0,0.0
2025-02-12 16:30:00+00:00,2025-02-12,2025-02-12:1,True,0,10,True,-0.7387173396674585,0.444484351441699,-0.5080005080003063,True,0,0,0,True,0.0,270.0,210.0,1.0,0.0,0.0,0.0,0.0
2025-02-12 16:35:00+00:00,2025-02-12,2025-02-12:1,True,3,5,True,-0.5043227665706052,0.03690687332888661,-2.6148186701827227,True,0,0,0,True,-0.8784708397740276,265.0,215.0,0.0,0.0,0.0,1.0,0.0
2025-02-12 16:40:00+00:00,2025-02-12,2025-02-12:1,True,4,5,True,-0.48787061994609165,0.48787061994609165,0.0,True,0,0,0,True,-0.6394020593532567,260.0,220.0,0.0,0.0,0.0,0.0,1.0
2025-02-12 16:45:00+00:00,2025-02-12,2025-02-12:1,True,4,10,True,-0.662125340599455,0.49617479687350957,-0.28852659657465124,True,0,0,0,True,-1.4426334363234354,255.0,225.0,0.0,0.0,0.0,0.0,1.0
2025-02-12 16:50:00+00:00,2025-02-12,2025-02-12:1,True,3,5,True,-0.6303030303030303,0.14841201807426183,-1.4462083924407927,True,0,0,0,True,0.0,250.0,230.0,0.0,0.0,0.0,1.0,0.0
2025-02-12 16:55:00+00:00,2025-02-12,2025-02-12:1,True,3,10,True,-0.743455497382199,0.42551265122295345,-0.5580142283614582,True,0,0,0,True,-0.9358183102712339,245.0,235.0,0.0,0.0,0.0,1.0,0.0
2025-02-12 17:00:00+00:00,2025-02-12,2025-02-12:1,True,4,5,True,-0.6600441501103753,0.6600441501103753,0.0,True,0,0,0,True,-1.8580245371955466,240.0,240.0,0.0,0.0,0.0,0.0,1.0
2025-02-12 17:05:00+00:00,2025-02-12,2025-02-12:1,True,3,5,True,-0.7669376693766937,0.5751838414671765,-0.2877158185976744,True,0,0,0,True,-0.7543639102817061,235.0,245.0,0.0,0.0,0.0,1.0,0.0
2025-02-12 17:10:00+00:00,2025-02-12,2025-02-12:1,True,3,10,True,-0.7619047619047619,0.4299739935321954,-0.5720968367975707,True,0,0,0,True,0.23782917489748656,230.0,250.0,0.0,0.0,0.0,1.0,0.0
2025-02-12 17:15:00+00:00,2025-02-12,2025-02-12:1,True,3,15,True,-0.899736147757256,0.19972364097887943,-1.5051669353000101,True,0,0,0,True,0.0,225.0,255.0,0.0,0.0,0.0,1.0,0.0
2025-02-12 17:20:00+00:00,2025-02-12,2025-02-12:1,True,0,5,True,-0.8097686375321337,0.8097686375321337,1.2238741107976567,True,0,0,0,True,0.14220272022114774,220.0,260.0,1.0,0.0,0.0,0.0,0.0
2025-02-12 17:25:00+00:00,2025-02-12,2025-02-12:1,True,3,5,True,-0.8087431693989071,0.1627278118350879,-1.6034024609208348,True,0,0,0,True,-0.7170633795810721,215.0,265.0,0.0,0.0,0.0,1.0,0.0
2025-02-12 17:30:00+00:00,2025-02-12,2025-02-12:1,True,3,10,True,-0.9146067415730337,0.19271832403153719,-1.5572645203806341,True,0,0,0,True,0.3482149326515746,210.0,270.0,0.0,0.0,0.0,1.0,0.0
2025-02-12 17:35:00+00:00,2025-02-12,2025-02-12:1,True,3,15,True,-0.8647342995169082,0.3270710049690833,-0.9722450036536363,True,0,0,0,True,-0.7246686396527271,205.0,275.0,0.0,0.0,0.0,1.0,0.0
2025-02-12 17:40:00+00:00,2025-02-12,2025-02-12:1,True,3,20,True,-0.868421052631579,0.04935698789615773,-2.8675973261605545,True,0,0,0,True,-0.7124602837097317,200.0,280.0,0.0,0.0,0.0,1.0,0.0
2025-02-12 17:45:00+00:00,2025-02-12,2025-02-12:1,True,3,25,True,-0.8130434782608695,0.12239970300176184,-1.8934926432944406,True,0,0,0,True,-0.10236673544667693,195.0,285.0,0.0,0.0,0.0,1.0,0.0
2025-02-12 17:50:00+00:00,2025-02-12,2025-02-12:1,True,3,30,True,-0.8497652582159625,0.31110763171931105,-1.0048212095333577,True,0,0,0,True,0.0,190.0,290.0,0.0,0.0,0.0,1.0,0.0
2025-02-12 17:55:00+00:00,2025-02-12,2025-02-12:1,True,3,35,True,-0.7843551797040169,0.19540285653067163,-1.3897985947080347,True,0,0,0,True,-0.7769210332013153,185.0,295.0,0.0,0.0,0.0,1.0,0.0
2025-02-12 18:00:00+00:00,2025-02-12,2025-02-12:1,True,4,5,True,-0.7682619647355163,0.7682619647355163,0.9221211719744488,True,1,0,0,True,0.20529122811752126,180.0,300.0,0.0,0.0,0.0,0.0,1.0
2025-02-12 18:05:00+00:00,2025-02-12,2025-02-12:1,True,3,5,True,-0.9762470308788599,0.25497334741916383,-1.342556640025,True,0,1,1,True,-1.5010239553687412,175.0,305.0,0.0,0.0,0.0,1.0,0.0
2025-02-12 18:10:00+00:00,2025-02-12,2025-02-12:1,True,3,10,True,-0.9698492462311558,0.15342541180440242,-1.8439261108146972,True,0,0,1,True,-0.6617709272706254,170.0,310.0,0.0,0.0,0.0,1.0,0.0
2025-02-12 18:15:00+00:00,2025-02-12,2025-02-12:1,True,3,15,True,-0.9656862745098039,0.29467733289770137,-1.1869580429448598,True,0,0,1,True,1.6551007507195552,165.0,315.0,0.0,0.0,0.0,1.0,0.0
2025-02-12 18:20:00+00:00,2025-02-12,2025-02-12:1,True,3,20,True,-0.9683377308707124,0.5734587478610148,-0.5238949184671569,True,0,0,1,True,-0.9278123318987883,160.0,320.0,0.0,0.0,0.0,1.0,0.0
2025-02-12 18:25:00+00:00,2025-02-12,2025-02-12:1,True,3,25,True,-0.973404255319149,0.08593688912909972,-2.427186289473913,True,0,0,1,True,-1.336871426532603,155.0,325.0,0.0,0.0,0.0,1.0,0.0
2025-02-12 18:30:00+00:00,2025-02-12,2025-02-12:1,True,4,5,True,-0.9080459770114943,0.9080459770114943,0.8686796680143107,True,1,0,1,True,2.3309121460218964,150.0,330.0,0.0,0.0,0.0,0.0,1.0
2025-02-12 18:35:00+00:00,2025-02-12,2025-02-12:1,True,4,10,True,-0.9340659340659341,0.6753090867739192,-0.32437653655845244,True,1,0,1,True,1.4506559721033523,145.0,335.0,0.0,0.0,0.0,0.0,1.0
2025-02-12 18:40:00+00:00,2025-02-12,2025-02-12:1,True,3,5,True,-0.8644986449864499,0.6216877687862246,-0.329711750464504,True,1,0,1,True,0.7372578870169835,140.0,340.0,0.0,0.0,0.0,1.0,0.0
2025-02-12 18:45:00+00:00,2025-02-12,2025-02-12:1,True,3,10,True,-0.7824074074074074,0.07693907624884104,-2.31936169509269,True,0,1,2,True,-0.6705087053460339,135.0,345.0,0.0,0.0,0.0,1.0,0.0
2025-02-12 18:50:00+00:00,2025-02-12,2025-02-12:1,True,4,5,True,-0.7680412371134021,0.7680412371134021,0.3147035007873126,True,1,0,2,True,-0.7036984205195895,130.0,350.0,0.0,0.0,0.0,0.0,1.0
2025-02-12 18:55:00+00:00,2025-02-12,2025-02-12:1,True,0,5,True,-0.7413793103448276,0.7413793103448276,0.0,True,1,0,2,True,0.5228691157006532,125.0,355.0,1.0,0.0,0.0,0.0,0.0
2025-02-12 19:00:00+00:00,2025-02-12,2025-02-12:1,True,3,5,True,-0.6414141414141414,0.11716602940218104,-1.7000833511355775,True,0,1,3,True,1.382364342021176,120.0,360.0,0.0,0.0,0.0,1.0,0.0
2025-02-12 19:05:00+00:00,2025-02-12,2025-02-12:1,True,4,5,True,-0.44761904761904764,0.44761904761904764,0.6516650147665772,True,1,0,3,True,-0.18647071012037877,115.0,365.0,0.0,0.0,0.0,0.0,1.0
2025-02-12 19:10:00+00:00,2025-02-12,2025-02-12:1,True,3,5,True,-0.6077348066298343,0.3115140144534488,-0.6682942860735098,True,1,0,3,True,-0.5582209755979136,110.0,370.0,0.0,0.0,0.0,1.0,0.0
2025-02-12 19:15:00+00:00,2025-02-12,2025-02-12:1,True,3,10,True,-0.589873417721519,0.29990234509106184,-0.6764510623455935,True,0,1,4,True,0.5474019928433123,105.0,375.0,0.0,0.0,0.0,1.0,0.0
2025-02-12 19:20:00+00:00,2025-02-12,2025-02-12:1,True,3,15,True,-0.4877384196185286,0.178181317660299,-1.0069775663954172,True,0,0,4,True,0.7505567634251091,100.0,380.0,0.0,0.0,0.0,1.0,0.0
2025-02-12 19:25:00+00:00,2025-02-12,2025-02-12:1,True,3,20,True,-0.39941690962099125,0.10436309913851889,-1.3421296012038622,True,0,0,4,True,0.0,95.0,385.0,0.0,0.0,0.0,1.0,0.0
2025-02-12 19:30:00+00:00,2025-02-12,2025-02-12:1,True,4,5,True,-0.5186246418338109,0.5186246418338109,0.34343258646102026,True,1,0,4,True,-0.5107391507932977,90.0,390.0,0.0,0.0,0.0,0.0,1.0
2025-02-12 19:35:00+00:00,2025-02-12,2025-02-12:1,True,4,10,True,-0.13013698630136986,0.13013698630136986,0.0,True,1,0,4,True,1.3891723292643112,85.0,395.0,0.0,0.0,0.0,0.0,1.0
2025-02-12 19:40:00+00:00,2025-02-12,2025-02-12:1,True,3,5,True,-0.3772455089820359,0.25562918902765935,-0.3891682788998538,True,1,0,4,True,0.0,80.0,400.0,0.0,0.0,0.0,1.0,0.0
2025-02-12 19:45:00+00:00,2025-02-12,2025-02-12:1,True,4,5,True,-0.12056737588652482,0.12056737588652482,0.3846989875689103,True,1,0,4,True,0.86021308707943,75.0,405.0,0.0,0.0,0.0,0.0,1.0
2025-02-12 19:50:00+00:00,2025-02-12,2025-02-12:1,True,0,5,True,-0.34104046242774566,0.34104046242774566,1.201664473646346,True,1,0,4,True,0.0,70.0,410.0,1.0,0.0,0.0,0.0,0.0
2025-02-12 19:55:00+00:00,2025-02-12,2025-02-12:1,True,0,10,True,-0.349862258953168,0.23406904647145038,-0.4019233889520685,True,0,0,4,True,0.0,65.0,415.0,1.0,0.0,0.0,0.0,0.0
2025-02-12 20:00:00+00:00,2025-02-12,2025-02-12:1,True,0,15,True,-0.27596439169139464,0.10994778837373247,-0.9202662398210157,True,0,0,4,True,-1.411610137352225,60.0,420.0,1.0,0.0,0.0,0.0,0.0
2025-02-12 20:05:00+00:00,2025-02-12,2025-02-12:1,True,0,20,True,0.1390728476821192,0.0870093789154355,0.4689819634207497,True,0,0,4,True,-1.0486755504271357,55.0,425.0,1.0,0.0,0.0,0.0,0.0
2025-02-12 20:10:00+00:00,2025-02-12,2025-02-12:1,True,0,25,True,-0.3215547703180212,0.3215547703180212,0.0,True,0,0,4,True,0.0,50.0,430.0,1.0,0.0,0.0,0.0,0.0
2025-02-12 20:15:00+00:00,2025-02-12,2025-02-12:1,True,0,30,True,-0.503957783641161,0.503957783641161,0.8889198903316434,True,0,0,4,True,0.9938426506666065,45.0,435.0,1.0,0.0,0.0,0.0,0.0
2025-02-12 20:20:00+00:00,2025-02-12,2025-02-12:1,True,0,35,True,-0.16709511568123395,0.046472738064162425,-1.2796973427843326,True,0,0,4,True,0.9538300830296356,40.0,440.0,1.0,0.0,0.0,0.0,0.0
2025-02-12 20:25:00+00:00,2025-02-12,2025-02-12:1,True,0,40,True,0.15606936416184972,0.06328680360972962,0.9026237168521787,True,0,0,4,True,1.0091639944910629,35.0,445.0,1.0,0.0,0.0,0.0,0.0
2025-02-12 20:30:00+00:00,2025-02-12,2025-02-12:1,True,0,45,True,-0.047872340425531915,0.047872340425531915,0.44778317364865433,True,0,0,4,True,0.0,30.0,450.0,1.0,0.0,0.0,0.0,0.0
2025-02-12 20:35:00+00:00,2025-02-12,2025-02-12:1,True,0,50,True,0.1111111111111111,0.1111111111111111,-1.309483501166789,True,0,0,4,True,-0.9760313746763043,25.0,455.0,1.0,0.0,0.0,0.0,0.0
2025-02-12 20:40:00+00:00,2025-02-12,2025-02-12:1,True,0,55,True,-0.36977491961414793,0.15341275723246128,-0.8797624465066306,True,0,0,4,True,-1.4824046052095954,20.0,460.0,1.0,0.0,0.0,0.0,0.0
2025-02-12 20:45:00+00:00,2025-02-12,2025-02-12:1,True,4,5,True,-0.36515513126491644,0.36515513126491644,0.0,True,0,0,4,True,-0.5004661063717636,15.0,465.0,0.0,0.0,0.0,0.0,1.0
2025-02-12 20:50:00+00:00,2025-02-12,2025-02-12:1,True,0,5,True,-0.3567567567567568,0.3567567567567568,0.8955663472974816,True,0,0,4,True,0.47706283319385273,10.0,470.0,1.0,0.0,0.0,0.0,0.0
2025-02-12 20:55:00+00:00,2025-02-12,2025-02-12:1,True,0,10,True,-0.4277286135693215,0.17694287501751374,-0.8826619735542454,True,0,0,4,True,0.47830292160434673,5.0,475.0,1.0,0.0,0.0,0.0,0.0
2025-02-12 21:00:00+00:00,2025-02-12,2025-02-12:1,True,0,15,True,-0.1485148514851485,0.1485148514851485,2.114165785763908,True,0,0,4,True,0.9454836825339337,0.0,480.0,1.0,0.0,0.0,0.0,0.0
2025-02-13 13:00:00+00:00,2025-02-13,2025-02-13:1,False,-1,0,False,,,,False,0,0,0,False,,480.0,0.0,,,,,
2025-02-13 13:05:00+00:00,2025-02-13,2025-02-13:1,False,-1,0,True,0.2732732732732733,,,False,0,0,0,False,,475.0,5.0,,,,,
2025-02-13 13:10:00+00:00,2025-02-13,2025-02-13:1,False,-1,0,True,0.2303370786516854,,,False,0,0,0,False,,470.0,10.0,,,,,
2025-02-13 13:15:00+00:00,2025-02-13,2025-02-13:1,False,-1,0,True,0.2271186440677966,,,False,0,0,0,False,,465.0,15.0,,,,,
2025-02-13 13:20:00+00:00,2025-02-13,2025-02-13:1,False,-1,0,True,-0.38243626062322944,,,False,0,0,0,False,,460.0,20.0,,,,,
2025-02-13 13:25:00+00:00,2025-02-13,2025-02-13:1,False,-1,0,True,0.11578947368421053,,,False,0,0,0,False,,455.0,25.0,,,,,
2025-02-13 13:30:00+00:00,2025-02-13,2025-02-13:1,False,-1,0,True,0.37467700258397935,,,False,0,0,0,False,,450.0,30.0,,,,,
2025-02-13 13:35:00+00:00,2025-02-13,2025-02-13:1,False,-1,0,True,0.6536585365853659,,,False,0,0,0,False,,445.0,35.0,,,,,
2025-02-13 13:40:00+00:00,2025-02-13,2025-02-13:1,False,-1,0,True,0.6538461538461539,,,False,0,0,0,False,,440.0,40.0,,,,,
2025-02-13 13:45:00+00:00,2025-02-13,2025-02-13:1,False,-1,0,True,0.7129629629629629,,,False,0,0,0,False,,435.0,45.0,,,,,
2025-02-13 13:50:00+00:00,2025-02-13,2025-02-13:1,False,-1,0,True,0.6996805111821086,,,False,0,0,0,False,,430.0,50.0,,,,,
2025-02-13 13:55:00+00:00,2025-02-13,2025-02-13:1,False,-1,0,True,0.6495956873315364,,,False,0,0,0,False,,425.0,55.0,,,,,
2025-02-13 14:00:00+00:00,2025-02-13,2025-02-13:1,False,-1,0,True,0.2090032154340836,,,False,0,0,0,False,,420.0,60.0,,,,,
2025-02-13 14:05:00+00:00,2025-02-13,2025-02-13:1,True,1,5,True,0.5603715170278638,0.052811177370476414,2.3618771260941527,True,0,0,0,False,,415.0,65.0,0.0,1.0,0.0,0.0,0.0
2025-02-13 14:10:00+00:00,2025-02-13,2025-02-13:1,True,0,5,True,0.6551724137931034,0.6551724137931034,-1.8603997451025647,True,0,0,0,False,,410.0,70.0,1.0,0.0,0.0,0.0,0.0
2025-02-13 14:15:00+00:00,2025-02-13,2025-02-13:1,True,0,10,True,0.4227405247813411,0.2896849929007133,0.3779644730099672,True,0,0,0,False,,405.0,75.0,1.0,0.0,0.0,0.0,0.0
2025-02-13 14:20:00+00:00,2025-02-13,2025-02-13:1,True,1,5,True,0.2413793103448276,0.07721297530724727,1.1398020812150127,True,0,0,0,False,,400.0,80.0,0.0,1.0,0.0,0.0,0.0
2025-02-13 14:25:00+00:00,2025-02-13,2025-02-13:1,True,2,5,True,0.250936329588015,0.250936329588015,0.0,True,0,0,0,False,,395.0,85.0,0.0,0.0,1.0,0.0,0.0
2025-02-13 14:30:00+00:00,2025-02-13,2025-02-13:1,True,0,5,True,0.003076923076923077,0.003076923076923077,0.0,True,0,0,0,False,,390.0,90.0,1.0,0.0,0.0,0.0,0.0
2025-02-13 14:35:00+00:00,2025-02-13,2025-02-13:1,True,0,10,True,-0.02040816326530612,0.02040816326530612,1.1688495465353534,True,0,0,0,False,,385.0,95.0,1.0,0.0,0.0,0.0,0.0
2025-02-13 14:40:00+00:00,2025-02-13,2025-02-13:1,True,1,5,True,0.09316770186335403,0.04252563117692699,0.7842941344371728,True,0,0,0,False,,380.0,100.0,0.0,1.0,0.0,0.0,0.0
2025-02-13 14:45:00+00:00,2025-02-13,2025-02-13:1,True,1,10,True,0.031578947368421054,0.021348486918237784,0.39150980922664413,True,0,0,0,False,,375.0,105.0,0.0,1.0,0.0,0.0,0.0
2025-02-13 14:50:00+00:00,2025-02-13,2025-02-13:1,True,1,15,True,0.04411764705882353,0.02999376565892697,0.3858703137768602,True,0,0,0,False,,370.0,110.0,0.0,1.0,0.0,0.0,0.0
2025-02-13 14:55:00+00:00,2025-02-13,2025-02-13:1,True,0,5,True,-0.15358361774744028,0.049549577137670685,-1.1312714330488716,True,0,0,0,False,,365.0,115.0,1.0,0.0,0.0,0.0,0.0
2025-02-13 15:00:00+00:00,2025-02-13,2025-02-13:1,True,0,10,True,-0.4136986301369863,0.19578509202356117,-0.7481201738137949,True,0,0,0,False,,360.0,120.0,1.0,0.0,0.0,0.0,0.0
2025-02-13 15:05:00+00:00,2025-02-13,2025-02-13:1,True,3,5,True,0.04529616724738676,0.04529616724738676,-1.482245586357964,True,0,0,0,True,0.0,355.0,125.0,0.0,0.0,0.0,1.0,0.0
2025-02-13 15:10:00+00:00,2025-02-13,2025-02-13:1,True,4,5,True,-0.3696969696969697,0.3696969696969697,0.7836985863847306,True,0,0,0,True,0.8762016565146196,350.0,130.0,0.0,0.0,0.0,0.0,1.0
2025-02-13 15:15:00+00:00,2025-02-13,2025-02-13:1,True,3,5,True,-0.18900343642611683,0.12777301735128235,-0.3915098092277463,True,0,0,0,True,0.0,345.0,135.0,0.0,0.0,0.0,1.0,0.0
2025-02-13 15:20:00+00:00,2025-02-13,2025-02-13:1,True,3,10,True,-0.18620689655172415,0.12490265199843277,-0.399323752685935,True,0,0,0,True,-0.8929150560360649,340.0,140.0,0.0,0.0,0.0,1.0,0.0
2025-02-13 15:25:00+00:00,2025-02-13,2025-02-13:1,True,4,5,True,-0.1270358306188925,0.1270358306188925,0.4050194791591524,True,0,0,0,True,0.9056510876114241,335.0,145.0,0.0,0.0,0.0,0.0,1.0
2025-02-13 15:30:00+00:00,2025-02-13,2025-02-13:1,True,3,5,True,0.23030303030303031,0.23030303030303031,-10.48674204245465,True,0,0,0,True,-21.78558075695805,330.0,150.0,0.0,0.0,0.0,1.0,0.0
2025-02-13 15:35:00+00:00,2025-02-13,2025-02-13:1,True,4,5,True,0.9501246882793017,0.32051433850292765,1.0866662135236038,True,1,0,0,True,0.045491379030003026,325.0,155.0,0.0,0.0,0.0,0.0,1.0
2025-02-13 15:40:00+00:00,2025-02-13,2025-02-13:1,True,0,5,True,0.9509803921568627,0.32348849319484513,1.0783299006151827,True,1,0,0,True,0.6889197028418944,320.0,160.0,1.0,0.0,0.0,0.0,0.0
2025-02-13 15:45:00+00:00,2025-02-13,2025-02-13:1,True,0,10,True,0.9158415841584159,0.3143502393041136,1.069335630564011,True,0,0,0,True,1.0247602117303087,315.0,165.0,1.0,0.0,0.0,0.0,0.0
2025-02-13 15:50:00+00:00,2025-02-13,2025-02-13:1,True,0,15,True,0.9168975069252078,0.4319942285756415,0.752583467650059,True,0,0,0,True,0.32147266858235274,310.0,170.0,1.0,0.0,0.0,0.0,0.0
2025-02-13 15:55:00+00:00,2025-02-13,2025-02-13:1,True,0,20,True,0.8563829787234043,0.6348833113818352,0.29927646073360054,True,0,0,0,True,0.0,305.0,175.0,1.0,0.0,0.0,0.0,0.0
2025-02-13 16:00:00+00:00,2025-02-13,2025-02-13:1,True,1,5,True,0.911504424778761,0.58152176332793,0.44944805105372937,True,0,0,0,True,0.0,300.0,180.0,0.0,1.0,0.0,0.0,0.0
2025-02-13 16:05:00+00:00,2025-02-13,2025-02-13:1,True,1,10,True,0.8826530612244898,0.41598015843794833,0.7522946511882531,True,0,0,0,True,0.0,295.0,185.0,0.0,1.0,0.0,0.0,0.0
2025-02-13 16:10:00+00:00,2025-02-13,2025-02-13:1,True,2,5,True,0.862796833773087,0.638309094691463,0.30135660433399414,True,0,0,0,True,0.0,290.0,190.0,0.0,0.0,1.0,0.0,0.0
2025-02-13 16:15:00+00:00,2025-02-13,2025-02-13:1,True,1,5,True,0.7329700272479565,0.4014628831656767,0.6019897268314306,True,0,0,0,True,0.3365224877383802,285.0,195.0,0.0,1.0,0.0,0.0,0.0
2025-02-13 16:20:00+00:00,2025-02-13,2025-02-13:1,True,2,5,True,0.8378378378378378,0.7208115040182027,0.15044690458664262,True,0,0,0,True,0.010152943169118994,280.0,200.0,0.0,0.0,1.0,0.0,0.0
2025-02-13 16:25:00+00:00,2025-02-13,2025-02-13:1,True,2,10,True,0.7329842931937173,0.7329842931937173,0.0,True,0,0,0,True,-0.33485551949295006,275.0,205.0,0.0,0.0,1.0,0.0,0.0
2025-02-13 16:30:00+00:00,2025-02-13,2025-02-13:1,True,1,5,True,0.6865203761755486,0.21017307133987428,1.1837045654833327,True,0,0,0,True,0.3308554842127856,270.0,210.0,0.0,1.0,0.0,0.0,0.0
2025-02-13 16:35:00+00:00,2025-02-13,2025-02-13:1,True,1,10,True,0.6151419558359621,0.1810350808765925,1.2231622341851165,True,0,0,0,True,-0.9116913010520705,265.0,215.0,0.0,1.0,0.0,0.0,0.0
2025-02-13 16:40:00+00:00,2025-02-13,2025-02-13:1,True,2,5,True,0.6112852664576802,0.6112852664576802,-0.39150980922668827,True,0,0,0,True,0.0,260.0,220.0,0.0,0.0,1.0,0.0,0.0
2025-02-13 16:45:00+00:00,2025-02-13,2025-02-13:1,True,1,5,True,0.18518518518518517,0.056960127725149017,1.1790048159450242,True,0,0,0,True,1.757556609502634,255.0,225.0,0.0,1.0,0.0,0.0,0.0
2025-02-13 16:50:00+00:00,2025-02-13,2025-02-13:1,True,2,5,True,0.4540540540540541,0.4540540540540541,0.0,True,0,0,0,True,0.0,250.0,230.0,0.0,0.0,1.0,0.0,0.0
2025-02-13 16:55:00+00:00,2025-02-13,2025-02-13:1,True,2,10,True,0.541795665634675,0.541795665634675,0.0,True,0,0,0,True,0.0,245.0,235.0,0.0,0.0,1.0,0.0,0.0
2025-02-13 17:00:00+00:00,2025-02-13,2025-02-13:1,True,1,5,True,0.49606299212598426,0.32163045929567824,0.4332996743548478,True,0,0,0,True,-0.9688875264887159,240.0,240.0,0.0,1.0,0.0,0.0,0.0
2025-02-13 17:05:00+00:00,2025-02-13,2025-02-13:1,True,1,10,True,0.43537414965986393,0.12266590582585216,1.266741328588127,True,0,0,0,True,0.0365328638164066,235.0,245.0,0.0,1.0,0.0,0.0,0.0
2025-02-13 17:10:00+00:00,2025-02-13,2025-02-13:1,True,1,15,True,0.5335463258785943,0.24353283183234076,0.7842941344382192,True,0,0,0,True,-2.619263633359945,230.0,250.0,0.0,1.0,0.0,0.0,0.0
2025-02-13 17:15:00+00:00,2025-02-13,2025-02-13:1,True,1,20,True,0.7419354838709677,0.5073014296697266,0.38015692766364395,True,0,0,0,True,0.8500567323733782,225.0,255.0,0.0,1.0,0.0,0.0,0.0
2025-02-13 17:20:00+00:00,2025-02-13,2025-02-13:1,True,1,25,True,0.563953488372093,0.03585116607837137,2.755595687562072,True,0,0,0,True,0.32904140674734644,220.0,260.0,0.0,1.0,0.0,0.0,0.0
2025-02-13 17:25:00+00:00,2025-02-13,2025-02-13:1,True,1,30,True,0.8363171355498721,0.06775173886130594,2.5131577646140424,True,0,0,0,True,6.9948060391699185,215.0,265.0,0.0,1.0,0.0,0.0,0.0
2025-02-13 17:30:00+00:00,2025-02-13,2025-02-13:1,True,1,35,True,0.675,0.0942949751877793,1.9682847880422378,True,0,0,0,True,-1.0374454359993996,210.0,270.0,0.0,1.0,0.0,0.0,0.0
2025-02-13 17:35:00+00:00,2025-02-13,2025-02-13:1,True,2,5,True,0.6060606060606061,0.6060606060606061,-0.2719557654593376,True,0,0,0,True,0.8023251756919818,205.0,275.0,0.0,0.0,1.0,0.0,0.0
2025-02-13 17:40:00+00:00,2025-02-13,2025-02-13:1,True,1,5,True,0.5079365079365079,0.0634526913944358,2.0800618445655337,True,0,0,0,True,0.0,200.0,280.0,0.0,1.0,0.0,0.0,0.0
2025-02-13 17:45:00+00:00,2025-02-13,2025-02-13:1,True,1,10,True,0.36024844720496896,0.1718714534768318,0.7400470906527631,True,0,0,0,True,0.0,195.0,285.0,0.0,1.0,0.0,0.0,0.0
2025-02-13 17:50:00+00:00,2025-02-13,2025-02-13:1,True,1,15,True,0.22344322344322345,0.024054142829953155,2.2288501072118923,True,0,0,0,True,0.0,190.0,290.0,0.0,1.0,0.0,0.0,0.0
2025-02-13 17:55:00+00:00,2025-02-13,2025-02-13:1,True,2,5,True,0.2601880877742947,0.17686375388809628,0.38602509987593886,True,0,0,0,True,0.07551095665137371,185.0,295.0,0.0,0.0,1.0,0.0,0.0
2025-02-13 18:00:00+00:00,2025-02-13,2025-02-13:1,True,2,10,True,0.382830626450116,0.382830626450116,-1.080967578397849,True,0,0,0,True,0.8057056622577378,180.0,300.0,0.0,0.0,1.0,0.0,0.0
2025-02-13 18:05:00+00:00,2025-02-13,2025-02-13:1,True,2,15,True,0.8659517426273459,0.7925054879344685,0.08862975199507289,True,0,0,0,True,0.23142640881035553,175.0,305.0,0.0,0.0,1.0,0.0,0.0
2025-02-13 18:10:00+00:00,2025-02-13,2025-02-13:1,True,1,5,True,0.7757437070938215,0.5928087542088663,0.2689503498353431,True,0,0,0,True,0.22092146169333549,170.0,310.0,0.0,1.0,0.0,0.0,0.0
2025-02-13 18:15:00+00:00,2025-02-13,2025-02-13:1,True,0,5,True,0.6180904522613065,0.6180904522613065,-0.35928632276839717,True,0,0,0,True,-0.8207482237130579,165.0,315.0,1.0,0.0,0.0,0.0,0.0
2025-02-13 18:20:00+00:00,2025-02-13,2025-02-13:1,True,0,10,True,0.6217303822937625,0.3700419389466564,0.5188901820639632,True,0,0,0,True,0.028341520726445545,160.0,320.0,1.0,0.0,0.0,0.0,0.0
2025-02-13 18:25:00+00:00,2025-02-13,2025-02-13:1,True,0,15,True,0.6758241758241759,0.6758241758241759,-0.8385810138592995,True,0,0,0,True,-0.37502483032580425,155.0,325.0,1.0,0.0,0.0,0.0,0.0
2025-02-13 18:30:00+00:00,2025-02-13,2025-02-13:1,True,0,20,True,0.43869209809264303,0.10474707096369268,1.4322491996611828,True,0,0,0,True,0.40032582139497475,150.0,330.0,1.0,0.0,0.0,0.0,0.0
2025-02-13 18:35:00+00:00,2025-02-13,2025-02-13:1,True,0,25,True,-0.08090614886731391,0.01212196323165251,-1.8982708766196097,True,0,0,0,True,-0.14795696582677706,145.0,335.0,1.0,0.0,0.0,0.0,0.0
2025-02-13 18:40:00+00:00,2025-02-13,2025-02-13:1,True,0,30,True,0.33974358974358976,0.33974358974358976,0.0,True,0,0,0,True,1.0321285044236506,140.0,340.0,1.0,0.0,0.0,0.0,0.0
2025-02-13 18:45:00+00:00,2025-02-13,2025-02-13:1,True,0,35,True,0.2188365650969529,0.2188365650969529,-0.3583869405370417,True,0,0,0,True,-0.8946158887904667,135.0,345.0,1.0,0.0,0.0,0.0,0.0
2025-02-13 18:50:00+00:00,2025-02-13,2025-02-13:1,True,0,40,True,0.329073482428115,0.11916285454775077,1.0157899935264363,True,0,0,0,True,-0.25764160068290354,130.0,350.0,1.0,0.0,0.0,0.0,0.0
2025-02-13 18:55:00+00:00,2025-02-13,2025-02-13:1,True,0,45,True,0.18733509234828497,0.15128036096121655,0.2137641405464963,True,0,0,0,True,-0.9559822988289282,125.0,355.0,1.0,0.0,0.0,0.0,0.0
2025-02-13 19:00:00+00:00,2025-02-13,2025-02-13:1,True,0,50,True,-0.19594594594594594,0.19594594594594594,0.6692860083583656,True,0,0,0,True,-0.22814663302588647,120.0,360.0,1.0,0.0,0.0,0.0,0.0
2025-02-13 19:05:00+00:00,2025-02-13,2025-02-13:1,True,1,5,True,0.12380952380952381,0.02420444930379828,1.6322078144940115,True,0,0,0,True,-1.2570808865000132,115.0,365.0,0.0,1.0,0.0,0.0,0.0
2025-02-13 19:10:00+00:00,2025-02-13,2025-02-13:1,True,2,5,True,0.25077399380804954,0.20226297190785852,0.21498341856313144,True,0,0,0,True,0.6960038314298304,110.0,370.0,0.0,0.0,1.0,0.0,0.0
2025-02-13 19:15:00+00:00,2025-02-13,2025-02-13:1,True,1,5,True,0.2616487455197133,0.12657130242674935,0.7261971333882827,True,0,0,0,True,-0.4639503300915326,105.0,375.0,0.0,1.0,0.0,0.0,0.0
2025-02-13 19:20:00+00:00,2025-02-13,2025-02-13:1,True,2,5,True,0.015479876160990712,0.015479876160990712,-0.8671456546961184,True,0,0,0,True,0.48474915757455345,100.0,380.0,0.0,0.0,1.0,0.0,0.0
2025-02-13 19:25:00+00:00,2025-02-13,2025-02-13:1,True,2,10,True,-0.4334470989761092,0.4334470989761092,0.11575926829114024,True,0,0,0,True,-0.21194878081972401,95.0,385.0,0.0,0.0,1.0,0.0,0.0
2025-02-13 19:30:00+00:00,2025-02-13,2025-02-13:1,True,0,5,True,-0.06896551724137931,0.03331750259836606,-0.7275237670958403,True,0,0,0,True,-0.36528615463976377,90.0,390.0,1.0,0.0,0.0,0.0,0.0
2025-02-13 19:35:00+00:00,2025-02-13,2025-02-13:1,True,0,10,True,-0.28825622775800713,0.28825622775800713,0.2679005388198812,True,0,0,0,True,1.1980876320201512,85.0,395.0,1.0,0.0,0.0,0.0,0.0
2025-02-13 19:40:00+00:00,2025-02-13,2025-02-13:1,True,0,15,True,-0.256,0.11689772313575492,-0.7838780532164127,True,0,0,0,True,0.670187148124763,80.0,400.0,1.0,0.0,0.0,0.0,0.0
2025-02-13 19:45:00+00:00,2025-02-13,2025-02-13:1,True,0,20,True,-0.036211699164345405,0.036211699164345405,1.0440261579386272,True,0,0,0,True,1.1672567297197658,75.0,405.0,1.0,0.0,0.0,0.0,0.0
2025-02-13 19:50:00+00:00,2025-02-13,2025-02-13:1,True,0,25,True,-0.3851132686084142,0.16754463557522623,-0.8322876983844404,True,0,0,0,True,0.16586683363491653,70.0,410.0,1.0,0.0,0.0,0.0,0.0
2025-02-13 19:55:00+00:00,2025-02-13,2025-02-13:1,True,0,30,True,-0.25073746312684364,0.14333052659086012,-0.5592530901884648,True,0,0,0,True,-0.6252639631432254,65.0,415.0,1.0,0.0,0.0,0.0,0.0
2025-02-13 20:00:00+00:00,2025-02-13,2025-02-13:1,True,0,35,True,0.20714285714285716,0.20714285714285716,-0.707106781186563,True,0,0,0,True,-0.6324555320329707,60.0,420.0,1.0,0.0,0.0,0.0,0.0
2025-02-13 20:05:00+00:00,2025-02-13,2025-02-13:1,True,0,40,True,0.11038961038961038,0.03231211241670788,1.2285738632687766,True,0,0,0,True,-1.842264996649608,55.0,425.0,1.0,0.0,0.0,0.0,0.0
2025-02-13 20:10:00+00:00,2025-02-13,2025-02-13:1,True,0,45,True,-0.2727272727272727,0.14588639319151078,-0.6256441048681826,True,0,0,0,True,0.3497456870528099,50.0,430.0,1.0,0.0,0.0,0.0,0.0
2025-02-13 20:15:00+00:00,2025-02-13,2025-02-13:1,True,0,50,True,-0.05625,0.05625,0.18071199896020748,True,0,0,0,True,0.13996242525738198,45.0,435.0,1.0,0.0,0.0,0.0,0.0
2025-02-13 20:20:00+00:00,2025-02-13,2025-02-13:1,True,3,5,True,0.3148614609571788,0.3148614609571788,-1.272667850859152,True,0,0,0,True,-1.040981492248391,40.0,440.0,0.0,0.0,0.0,1.0,0.0
2025-02-13 20:25:00+00:00,2025-02-13,2025-02-13:1,True,0,5,True,0.22324159021406728,0.22324159021406728,0.0,True,0,0,0,True,0.7240378918980439,35.0,445.0,1.0,0.0,0.0,0.0,0.0
2025-02-13 20:30:00+00:00,2025-02-13,2025-02-13:1,True,3,5,True,-0.15824915824915825,0.015823798057701174,-2.3026557288637535,True,0,0,0,True,-0.253559015786759,30.0,450.0,0.0,0.0,0.0,1.0,0.0
2025-02-13 20:35:00+00:00,2025-02-13,2025-02-13:1,True,3,10,True,-0.10510510510510511,0.033074492979999225,-1.1561984700104797,True,0,0,0,True,-0.2658323965023543,25.0,455.0,0.0,0.0,0.0,1.0,0.0
2025-02-13 20:40:00+00:00,2025-02-13,2025-02-13:1,True,4,5,True,0.12179487179487179,0.12179487179487179,-0.3027432106056969,True,0,0,0,True,-0.40103381331946053,20.0,460.0,0.0,0.0,0.0,0.0,1.0
2025-02-13 20:45:00+00:00,2025-02-13,2025-02-13:1,True,4,10,True,0.23529411764705882,0.23529411764705882,-0.3051977043353854,True,0,0,0,True,0.012601717010563873,15.0,465.0,0.0,0.0,0.0,0.0,1.0
2025-02-13 20:50:00+00:00,2025-02-13,2025-02-13:1,True,3,5,True,-0.16853932584269662,0.07990702896551291,-0.7463052894153369,True,0,0,0,True,-0.6675157436393802,10.0,470.0,0.0,0.0,0.0,1.0,0.0
2025-02-13 20:55:00+00:00,2025-02-13,2025-02-13:1,True,3,10,True,-0.11377245508982035,0.06262447738367712,-0.5970442315324392,True,0,0,0,True,-1.524930465010477,5.0,475.0,0.0,0.0,0.0,1.0,0.0
2025-02-13 21:00:00+00:00,2025-02-13,2025-02-13:1,True,4,5,True,0.14935064935064934,0.11213709878402547,0.2865746735116406,True,0,0,0,True,-1.281600901205495,0.0,480.0,0.0,0.0,0.0,0.0,1.0
2025-02-14 13:00:00+00:00,2025-02-14,2025-02-14:1,False,-1,0,False,,,,False,0,0,0,False,,480.0,0.0,,,,,
2025-02-14 13:05:00+00:00,2025-02-14,2025-02-14:1,False,-1,0,True,-0.31690140845070425,,,False,0,0,0,False,,475.0,5.0,,,,,
2025-02-14 13:10:00+00:00,2025-02-14,2025-02-14:1,False,-1,0,True,-0.1168091168091168,,,False,0,0,0,False,,470.0,10.0,,,,,
2025-02-14 13:15:00+00:00,2025-02-14,2025-02-14:1,False,-1,0,True,0.2413793103448276,,,False,0,0,0,False,,465.0,15.0,,,,,
2025-02-14 13:20:00+00:00,2025-02-14,2025-02-14:1,False,-1,0,True,0.07142857142857142,,,False,0,0,0,False,,460.0,20.0,,,,,
2025-02-14 13:25:00+00:00,2025-02-14,2025-02-14:1,False,-1,0,True,-0.013986013986013986,,,False,0,0,0,False,,455.0,25.0,,,,,
2025-02-14 13:30:00+00:00,2025-02-14,2025-02-14:1,False,-1,0,True,0.023060796645702306,,,False,0,0,0,False,,450.0,30.0,,,,,
2025-02-14 13:35:00+00:00,2025-02-14,2025-02-14:1,False,-1,0,True,0.39759036144578314,,,False,0,0,0,False,,445.0,35.0,,,,,
2025-02-14 13:40:00+00:00,2025-02-14,2025-02-14:1,False,-1,0,True,0.43730886850152906,,,False,0,0,0,False,,440.0,40.0,,,,,
2025-02-14 13:45:00+00:00,2025-02-14,2025-02-14:1,False,-1,0,True,0.375,,,False,0,0,0,False,,435.0,45.0,,,,,
2025-02-14 13:50:00+00:00,2025-02-14,2025-02-14:1,False,-1,0,True,0.3391812865497076,,,False,0,0,0,False,,430.0,50.0,,,,,
2025-02-14 13:55:00+00:00,2025-02-14,2025-02-14:1,False,-1,0,True,0.4677871148459384,,,False,0,0,0,False,,425.0,55.0,,,,,
2025-02-14 14:00:00+00:00,2025-02-14,2025-02-14:1,False,-1,0,True,0.704225352112676,,,False,0,0,0,False,,420.0,60.0,,,,,
2025-02-14 14:05:00+00:00,2025-02-14,2025-02-14:1,True,1,5,True,0.6733668341708543,0.13274706961458702,1.6238446687965402,True,0,0,0,False,,415.0,65.0,0.0,1.0,0.0,0.0,0.0
2025-02-14 14:10:00+00:00,2025-02-14,2025-02-14:1,True,2,5,True,0.7671641791044777,0.7671641791044777,-0.7911982652655296,True,0,0,0,False,,410.0,70.0,0.0,0.0,1.0,0.0,0.0
2025-02-14 14:15:00+00:00,2025-02-14,2025-02-14:1,True,1,5,True,0.6091370558375635,0.2840515297266813,0.7628876286241424,True,0,0,0,False,,405.0,75.0,0.0,1.0,0.0,0.0,0.0
2025-02-14 14:20:00+00:00,2025-02-14,2025-02-14:1,True,1,10,True,0.7020057306590258,0.08571008705868044,2.1029710466787694,True,0,0,0,False,,400.0,80.0,0.0,1.0,0.0,0.0,0.0
2025-02-14 14:25:00+00:00,2025-02-14,2025-02-14:1,True,0,5,True,0.5780346820809249,0.5780346820809249,-2.4798446324037458,True,0,0,0,False,,395.0,85.0,1.0,0.0,0.0,0.0,0.0
2025-02-14 14:30:00+00:00,2025-02-14,2025-02-14:1,True,0,10,True,0.5578947368421052,0.5578947368421052,-0.6698808063557803,True,0,0,0,False,,390.0,90.0,1.0,0.0,0.0,0.0,0.0
2025-02-14 14:35:00+00:00,2025-02-14,2025-02-14:1,True,0,15,True,0.6051948051948052,0.30450430510842463,0.6868651729229375,True,0,0,0,False,,385.0,95.0,1.0,0.0,0.0,0.0,0.0
2025-02-14 14:40:00+00:00,2025-02-14,2025-02-14:1,True,0,20,True,0.6947368421052632,0.6947368421052632,-0.31121315070438516,True,0,0,0,False,,380.0,100.0,1.0,0.0,0.0,0.0,0.0
2025-02-14 14:45:00+00:00,2025-02-14,2025-02-14:1,True,0,25,True,0.673352435530086,0.11325818379488155,1.782598846082115,True,0,0,0,False,,375.0,105.0,1.0,0.0,0.0,0.0,0.0
2025-02-14 14:50:00+00:00,2025-02-14,2025-02-14:1,True,0,30,True,0.7754010695187166,0.41595229840947506,0.622809818146573,True,0,0,0,False,,370.0,110.0,1.0,0.0,0.0,0.0,0.0
2025-02-14 14:55:00+00:00,2025-02-14,2025-02-14:1,True,2,5,True,0.4960212201591512,0.4237894213140352,0.15738202437140178,True,0,0,0,False,,365.0,115.0,0.0,0.0,1.0,0.0,0.0
2025-02-14 15:00:00+00:00,2025-02-14,2025-02-14:1,True,1,5,True,0.5071633237822349,0.11982477290474171,1.4428026395339946,True,0,0,0,False,,360.0,120.0,0.0,1.0,0.0,0.0,0.0
2025-02-14 15:05:00+00:00,2025-02-14,2025-02-14:1,True,2,5,True,0.5258358662613982,0.5258358662613982,0.0,True,0,0,0,True,0.0,355.0,125.0,0.0,0.0,1.0,0.0,0.0
2025-02-14 15:10:00+00:00,2025-02-14,2025-02-14:1,True,2,10,True,0.585635359116022,0.585635359116022,-1.3207470593357395,True,0,0,0,True,-0.6562844901694056,350.0,130.0,0.0,0.0,1.0,0.0,0.0
2025-02-14 15:15:00+00:00,2025-02-14,2025-02-14:1,True,1,5,True,0.5294117647058824,0.1649458618648475,1.1661492021114086,True,0,0,0,True,-0.6518972219561364,345.0,135.0,0.0,1.0,0.0,0.0,0.0
2025-02-14 15:20:00+00:00,2025-02-14,2025-02-14:1,True,0,5,True,0.40625,0.40625,-0.29429263183913884,True,0,0,0,True,-0.18878325727846665,340.0,140.0,1.0,0.0,0.0,0.0,0.0
2025-02-14 15:25:00+00:00,2025-02-14,2025-02-14:1,True,1,5,True,0.3841642228739003,0.176287754131843,0.7789524983063734,True,0,0,0,True,1.1860434413978012,335.0,145.0,0.0,1.0,0.0,0.0,0.0
2025-02-14 15:30:00+00:00,2025-02-14,2025-02-14:1,True,1,10,True,-0.1566265060240964,0.1566265060240964,8.267105239365788,True,0,0,0,True,18.964101680130174,330.0,150.0,0.0,1.0,0.0,0.0,0.0
2025-02-14 15:35:00+00:00,2025-02-14,2025-02-14:1,True,2,5,True,-0.9666666666666667,0.31478106645418114,-1.121976357253734,True,0,0,0,True,-0.26408583199699387,325.0,155.0,0.0,0.0,1.0,0.0,0.0
2025-02-14 15:40:00+00:00,2025-02-14,2025-02-14:1,True,0,5,True,-0.9421487603305785,0.36844601519985,-0.9388689796617347,True,0,0,0,True,-0.40403054329595856,320.0,160.0,1.0,0.0,0.0,0.0,0.0
2025-02-14 15:45:00+00:00,2025-02-14,2025-02-14:1,True,0,10,True,-0.9312039312039312,0.5815331425888214,-0.47081033329372823,True,0,0,0,True,-0.6695990434235028,315.0,165.0,1.0,0.0,0.0,0.0,0.0
2025-02-14 15:50:00+00:00,2025-02-14,2025-02-14:1,True,0,15,True,-0.9338842975206612,0.7397921507615602,-0.23298328270219462,True,0,0,0,True,0.0,310.0,170.0,1.0,0.0,0.0,0.0,0.0
2025-02-14 15:55:00+00:00,2025-02-14,2025-02-14:1,True,0,20,True,-0.7628032345013477,0.3381553267929259,-0.8134947773695456,True,0,0,0,True,-0.13902784721022438,305.0,175.0,1.0,0.0,0.0,0.0,0.0
2025-02-14 16:00:00+00:00,2025-02-14,2025-02-14:1,True,4,5,True,-0.8145363408521303,0.6068296328376753,-0.29437096353605696,True,0,0,0,True,0.13164669701359738,300.0,180.0,0.0,0.0,0.0,0.0,1.0
2025-02-14 16:05:00+00:00,2025-02-14,2025-02-14:1,True,3,5,True,-0.8829268292682927,0.2758271868598754,-1.1634677960621833,True,0,0,0,True,-0.3971028937774643,295.0,185.0,0.0,0.0,0.0,1.0,0.0
2025-02-14 16:10:00+00:00,2025-02-14,2025-02-14:1,True,4,5,True,-0.8483965014577259,0.7141745447495811,-0.17222070609010126,True,0,0,0,True,-0.2567314706338955,290.0,190.0,0.0,0.0,0.0,0.0,1.0
2025-02-14 16:15:00+00:00,2025-02-14,2025-02-14:1,True,3,5,True,-0.7963446475195822,0.4008545961299659,-0.6864333080259255,True,0,0,0,True,0.15442566437498378,285.0,195.0,0.0,0.0,0.0,1.0,0.0
2025-02-14 16:20:00+00:00,2025-02-14,2025-02-14:1,True,3,10,True,-0.5347432024169184,0.3811439582418718,-0.338609489262432,True,0,0,0,True,0.22721658173027648,280.0,200.0,0.0,0.0,0.0,1.0,0.0
2025-02-14 16:25:00+00:00,2025-02-14,2025-02-14:1,True,4,5,True,-0.5652173913043478,0.5652173913043478,0.22651283805100322,True,1,0,0,True,0.391516286251774,275.0,205.0,0.0,0.0,0.0,0.0,1.0
2025-02-14 16:30:00+00:00,2025-02-14,2025-02-14:1,True,0,5,True,0.18452380952380953,0.10558797574815304,0.558234005296369,True,1,0,0,True,-0.07945359641988059,270.0,210.0,1.0,0.0,0.0,0.0,0.0
2025-02-14 16:35:00+00:00,2025-02-14,2025-02-14:1,True,3,5,True,-0.270516717325228,0.026328718212392677,-2.3296736072666686,True,0,1,1,True,0.40071604240228653,265.0,215.0,0.0,0.0,0.0,1.0,0.0
2025-02-14 16:40:00+00:00,2025-02-14,2025-02-14:1,True,0,5,True,0.07335907335907337,0.014851828712487398,1.597243193160084,True,0,0,1,True,-0.2855502342362346,260.0,220.0,1.0,0.0,0.0,0.0,0.0
2025-02-14 16:45:00+00:00,2025-02-14,2025-02-14:1,True,0,10,True,-0.02535211267605634,0.0060894991432117965,-1.4262962309971923,True,0,0,1,True,-0.9521675402955629,255.0,225.0,1.0,0.0,0.0,0.0,0.0
2025-02-14 16:50:00+00:00,2025-02-14,2025-02-14:1,True,0,15,True,-0.03303303303303303,0.02369033074726875,-0.3324410822549538,True,0,0,1,True,-0.4552939494660682,250.0,230.0,1.0,0.0,0.0,0.0,0.0
2025-02-14 16:55:00+00:00,2025-02-14,2025-02-14:1,True,0,20,True,0.24848484848484848,0.17878118270647952,0.32921925671857577,True,0,0,1,True,0.0,245.0,235.0,1.0,0.0,0.0,0.0,0.0
2025-02-14 17:00:00+00:00,2025-02-14,2025-02-14:1,True,0,25,True,0.023529411764705882,0.006770450195322316,1.2456836197680095,True,0,0,1,True,-0.2897854473026225,240.0,240.0,1.0,0.0,0.0,0.0,0.0
2025-02-14 17:05:00+00:00,2025-02-14,2025-02-14:1,True,0,30,True,0.37158469945355194,0.37158469945355194,-0.314759919362975,True,0,0,1,True,-0.055167127303638167,235.0,245.0,1.0,0.0,0.0,0.0,0.0
2025-02-14 17:10:00+00:00,2025-02-14,2025-02-14:1,True,0,35,True,0.23778501628664495,0.23778501628664495,-0.8054389222648962,True,0,0,1,True,0.0,230.0,250.0,1.0,0.0,0.0,0.0,0.0
2025-02-14 17:15:00+00:00,2025-02-14,2025-02-14:1,True,0,40,True,0.5060975609756098,0.5060975609756098,-0.3173785565246455,True,0,0,1,True,-0.802041200477718,225.0,255.0,1.0,0.0,0.0,0.0,0.0
2025-02-14 17:20:00+00:00,2025-02-14,2025-02-14:1,True,0,45,True,0.5360501567398119,0.5360501567398119,-0.7735615759251658,True,0,0,1,True,-0.0275671806366365,220.0,260.0,1.0,0.0,0.0,0.0,0.0
2025-02-14 17:25:00+00:00,2025-02-14,2025-02-14:1,True,0,50,True,0.46949602122015915,0.16403175578241355,1.051599782208577,True,0,0,1,True,0.02016776952895386,215.0,265.0,1.0,0.0,0.0,0.0,0.0
2025-02-14 17:30:00+00:00,2025-02-14,2025-02-14:1,True,0,55,True,0.6813186813186813,0.6813186813186813,0.0,True,0,0,1,True,-0.36181156859924124,210.0,270.0,1.0,0.0,0.0,0.0,0.0
2025-02-14 17:35:00+00:00,2025-02-14,2025-02-14:1,True,0,60,True,0.34615384615384615,0.16090926593883836,0.766042677772469,True,0,0,1,True,0.8374462581838121,205.0,275.0,1.0,0.0,0.0,0.0,0.0
2025-02-14 17:40:00+00:00,2025-02-14,2025-02-14:1,True,0,65,True,0.39325842696629215,0.39325842696629215,-0.8094062708948955,True,0,0,1,True,-1.3778087509323789,200.0,280.0,1.0,0.0,0.0,0.0,0.0
2025-02-14 17:45:00+00:00,2025-02-14,2025-02-14:1,True,0,70,True,0.23863636363636365,0.23863636363636365,-0.20002966761670649,True,0,0,1,True,-0.2483954297964159,195.0,285.0,1.0,0.0,0.0,0.0,0.0
2025-02-14 17:50:00+00:00,2025-02-14,2025-02-14:1,True,1,5,True,-0.23183391003460208,0.23183391003460208,0.7310360482652709,True,0,0,1,True,0.6583576603819952,190.0,290.0,0.0,1.0,0.0,0.0,0.0
2025-02-14 17:55:00+00:00,2025-02-14,2025-02-14:1,True,0,5,True,-0.008955223880597015,0.007282269559142974,-0.20679446957180994,True,0,0,1,True,0.740338373653067,185.0,295.0,1.0,0.0,0.0,0.0,0.0
2025-02-14 18:00:00+00:00,2025-02-14,2025-02-14:1,True,0,10,True,-0.17557251908396945,0.17557251908396945,1.0225083504941026,True,0,0,1,True,0.7072076788813693,180.0,300.0,1.0,0.0,0.0,0.0,0.0
2025-02-14 18:05:00+00:00,2025-02-14,2025-02-14:1,True,0,15,True,-0.4819277108433735,0.38462464885603653,-0.22552620460916747,True,0,0,1,True,0.05438558546133954,175.0,305.0,1.0,0.0,0.0,0.0,0.0
2025-02-14 18:10:00+00:00,2025-02-14,2025-02-14:1,True,0,20,True,-0.45498783454987834,0.45498783454987834,0.0,True,0,0,1,True,0.0,170.0,310.0,1.0,0.0,0.0,0.0,0.0
2025-02-14 18:15:00+00:00,2025-02-14,2025-02-14:1,True,0,25,True,-0.5876288659793815,0.36151273032179104,-0.48579831205986435,True,0,0,1,True,1.1273415249327112,165.0,315.0,1.0,0.0,0.0,0.0,0.0
2025-02-14 18:20:00+00:00,2025-02-14,2025-02-14:1,True,0,30,True,-0.4583333333333333,0.2657718225139779,-0.5449585908783109,True,0,0,1,True,0.056161345843274375,160.0,320.0,1.0,0.0,0.0,0.0,0.0
2025-02-14 18:25:00+00:00,2025-02-14,2025-02-14:1,True,0,35,True,-0.12222222222222222,0.12222222222222222,1.7743227845782152,True,0,0,1,True,0.0,155.0,325.0,1.0,0.0,0.0,0.0,0.0
2025-02-14 18:30:00+00:00,2025-02-14,2025-02-14:1,True,0,40,True,-0.2914285714285714,0.2914285714285714,1.4896836820003216,True,0,0,1,True,1.3324135911703383,150.0,330.0,1.0,0.0,0.0,0.0,0.0
2025-02-14 18:35:00+00:00,2025-02-14,2025-02-14:1,True,2,5,True,-0.4956521739130435,0.4275519437133413,-0.14779863169564755,True,0,0,1,True,1.3219511498135703,145.0,335.0,0.0,0.0,1.0,0.0,0.0
2025-02-14 18:40:00+00:00,2025-02-14,2025-02-14:1,True,0,5,True,-0.4640198511166253,0.4002885535714424,-0.14774166292577193,True,0,0,1,True,-0.683853589155215,140.0,340.0,1.0,0.0,0.0,0.0,0.0
2025-02-14 18:45:00+00:00,2025-02-14,2025-02-14:1,True,2,5,True,-0.42295081967213116,0.3105848181492987,-0.30879887632364933,True,0,0,1,True,1.3809905576665356,135.0,345.0,0.0,0.0,1.0,0.0,0.0
2025-02-14 18:50:00+00:00,2025-02-14,2025-02-14:1,True,2,10,True,-0.14906832298136646,0.11058598337659817,-0.298611395869124,True,0,0,1,True,-0.028555345117378166,130.0,350.0,0.0,0.0,1.0,0.0,0.0
2025-02-14 18:55:00+00:00,2025-02-14,2025-02-14:1,True,0,5,True,-0.3841059602649007,0.15641845977608024,-0.8983836023085012,True,0,0,1,True,0.6513389520510366,125.0,355.0,1.0,0.0,0.0,0.0,0.0
2025-02-14 19:00:00+00:00,2025-02-14,2025-02-14:1,True,0,10,True,-0.19614147909967847,0.19614147909967847,0.836573052140123,True,0,0,1,True,0.0,120.0,360.0,1.0,0.0,0.0,0.0,0.0
2025-02-14 19:05:00+00:00,2025-02-14,2025-02-14:1,True,0,15,True,0.2677966101694915,0.11783624464338208,0.8209318717300619,True,0,0,1,True,1.6717535638285166,115.0,365.0,1.0,0.0,0.0,0.0,0.0
2025-02-14 19:10:00+00:00,2025-02-14,2025-02-14:1,True,0,20,True,-0.3125,0.3125,0.7625220733859245,True,0,0,1,True,1.063178599726709,110.0,370.0,1.0,0.0,0.0,0.0,0.0
2025-02-14 19:15:00+00:00,2025-02-14,2025-02-14:1,True,0,25,True,0.08169014084507042,0.08169014084507042,-0.7517273474913045,True,0,0,1,True,0.6636547986135077,105.0,375.0,1.0,0.0,0.0,0.0,0.0
2025-02-14 19:20:00+00:00,2025-02-14,2025-02-14:1,True,1,5,True,0.4025974025974026,0.0887305646379081,1.5123326472352863,True,0,0,1,True,-0.4000028817648047,100.0,380.0,0.0,1.0,0.0,0.0,0.0
2025-02-14 19:25:00+00:00,2025-02-14,2025-02-14:1,True,1,10,True,0.006172839506172839,0.0009415154162354901,1.8804235006471335,True,0,0,1,True,-0.009497306620387879,95.0,385.0,0.0,1.0,0.0,0.0,0.0
2025-02-14 19:30:00+00:00,2025-02-14,2025-02-14:1,True,1,15,True,-0.09747292418772563,0.09747292418772563,0.3708011956158043,True,0,0,1,True,-0.1663073285863534,90.0,390.0,0.0,1.0,0.0,0.0,0.0
2025-02-14 19:35:00+00:00,2025-02-14,2025-02-14:1,True,2,5,True,-0.6505376344086021,0.34580387854844724,-0.6319273615184642,True,0,0,1,True,-1.5239962181410058,85.0,395.0,0.0,0.0,1.0,0.0,0.0
2025-02-14 19:40:00+00:00,2025-02-14,2025-02-14:1,True,0,5,True,-0.6722222222222223,0.2795944919217408,-0.8772486633737697,True,0,0,1,True,-0.35699500370183285,80.0,400.0,1.0,0.0,0.0,0.0,0.0
2025-02-14 19:45:00+00:00,2025-02-14,2025-02-14:1,True,2,5,True,-0.3191489361702128,0.24708934134517818,-0.2559079012951791,True,0,0,1,True,-0.22024104712740752,75.0,405.0,0.0,0.0,1.0,0.0,0.0
2025-02-14 19:50:00+00:00,2025-02-14,2025-02-14:1,True,0,5,True,-0.2323943661971831,0.12179756464189334,-0.6460754225013969,True,0,0,1,True,-0.07534646628237954,70.0,410.0,1.0,0.0,0.0,0.0,0.0
2025-02-14 19:55:00+00:00,2025-02-14,2025-02-14:1,True,3,5,True,-0.6310679611650486,0.21612983008187053,-1.0715342683374605,True,0,0,1,True,-0.29950293302766995,65.0,415.0,0.0,0.0,0.0,1.0,0.0
2025-02-14 20:00:00+00:00,2025-02-14,2025-02-14:1,True,3,10,True,-0.6755162241887905,0.3815484844377352,-0.5712392435478555,True,0,0,1,True,-0.39324539519467644,60.0,420.0,0.0,0.0,0.0,1.0,0.0
2025-02-14 20:05:00+00:00,2025-02-14,2025-02-14:1,True,3,15,True,-0.6695156695156695,0.13108640592758142,-1.630697876657887,True,0,0,1,True,0.12800227234875247,55.0,425.0,0.0,0.0,0.0,1.0,0.0
2025-02-14 20:10:00+00:00,2025-02-14,2025-02-14:1,True,4,5,True,-0.3993993993993994,0.3993993993993994,1.2855258380923014,True,1,0,1,True,1.0779461853017747,50.0,430.0,0.0,0.0,0.0,0.0,1.0
2025-02-14 20:15:00+00:00,2025-02-14,2025-02-14:1,True,3,5,True,-0.45706371191135736,0.28040095090253864,-0.4886022481592794,True,1,0,1,True,0.0,45.0,435.0,0.0,0.0,0.0,1.0,0.0
2025-02-14 20:20:00+00:00,2025-02-14,2025-02-14:1,True,4,5,True,-0.2594752186588921,0.2594752186588921,0.17710924367877745,True,1,0,1,True,-0.39602830830932134,40.0,440.0,0.0,0.0,0.0,0.0,1.0
2025-02-14 20:25:00+00:00,2025-02-14,2025-02-14:1,True,0,5,True,-0.4106583072100313,0.4106583072100313,0.5752476390930746,True,1,0,1,True,0.8575285499397326,35.0,445.0,1.0,0.0,0.0,0.0,0.0
2025-02-14 20:30:00+00:00,2025-02-14,2025-02-14:1,True,0,10,True,0.2054794520547945,0.08999350486700933,0.8256085393542776,True,1,0,1,True,0.0,30.0,450.0,1.0,0.0,0.0,0.0,0.0
2025-02-14 20:35:00+00:00,2025-02-14,2025-02-14:1,True,1,5,True,0.0078125,0.005137837063196956,0.4190928289841379,True,0,0,1,True,0.0,25.0,455.0,0.0,1.0,0.0,0.0,0.0
2025-02-14 20:40:00+00:00,2025-02-14,2025-02-14:1,True,0,5,True,0.06744868035190615,0.06744868035190615,-0.8978897281897289,True,0,0,1,True,-1.003871234264095,20.0,460.0,1.0,0.0,0.0,0.0,0.0
2025-02-14 20:45:00+00:00,2025-02-14,2025-02-14:1,True,1,5,True,0.327217125382263,0.1744832397631757,0.6287952527195673,True,0,0,1,True,0.9373526193400746,15.0,465.0,0.0,1.0,0.0,0.0,0.0
2025-02-14 20:50:00+00:00,2025-02-14,2025-02-14:1,True,0,5,True,0.13119533527696792,0.13119533527696792,-0.6395405629940998,True,0,0,1,True,-0.9533707821488624,10.0,470.0,1.0,0.0,0.0,0.0,0.0
2025-02-14 20:55:00+00:00,2025-02-14,2025-02-14:1,True,0,10,True,0.3694915254237288,0.1593653873031096,0.8409282057386718,True,0,0,1,True,-0.5399259051578492,5.0,475.0,1.0,0.0,0.0,0.0,0.0
2025-02-14 21:00:00+00:00,2025-02-14,2025-02-14:1,True,0,15,True,0.46496815286624205,0.46496815286624205,0.0,True,0,0,1,True,-0.9501741474487867,0.0,480.0,1.0,0.0,0.0,0.0,0.0
2025-02-17 13:00:00+00:00,2025-02-17,2025-02-17:1,False,-1,0,False,,,,False,0,0,0,False,,480.0,0.0,,,,,
2025-02-17 13:05:00+00:00,2025-02-17,2025-02-17:1,False,-1,0,True,-0.049689440993788817,,,False,0,0,0,False,,475.0,5.0,,,,,
2025-02-17 13:10:00+00:00,2025-02-17,2025-02-17:1,False,-1,0,True,0.12320916905444126,,,False,0,0,0,False,,470.0,10.0,,,,,
2025-02-17 13:15:00+00:00,2025-02-17,2025-02-17:1,False,-1,0,True,0.03550295857988166,,,False,0,0,0,False,,465.0,15.0,,,,,
2025-02-17 13:20:00+00:00,2025-02-17,2025-02-17:1,False,-1,0,True,0.39792387543252594,,,False,0,0,0,False,,460.0,20.0,,,,,
2025-02-17 13:25:00+00:00,2025-02-17,2025-02-17:1,False,-1,0,True,0.26409495548961426,,,False,0,0,0,False,,455.0,25.0,,,,,
2025-02-17 13:30:00+00:00,2025-02-17,2025-02-17:1,False,-1,0,True,0.06280193236714976,,,False,0,0,0,False,,450.0,30.0,,,,,
2025-02-17 13:35:00+00:00,2025-02-17,2025-02-17:1,False,-1,0,True,0.1267605633802817,,,False,0,0,0,False,,445.0,35.0,,,,,
2025-02-17 13:40:00+00:00,2025-02-17,2025-02-17:1,False,-1,0,True,0.27075812274368233,,,False,0,0,0,False,,440.0,40.0,,,,,
2025-02-17 13:45:00+00:00,2025-02-17,2025-02-17:1,False,-1,0,True,0.30791788856304986,,,False,0,0,0,False,,435.0,45.0,,,,,
2025-02-17 13:50:00+00:00,2025-02-17,2025-02-17:1,False,-1,0,True,0.291970802919708,,,False,0,0,0,False,,430.0,50.0,,,,,
2025-02-17 13:55:00+00:00,2025-02-17,2025-02-17:1,False,-1,0,True,-0.003076923076923077,,,False,0,0,0,False,,425.0,55.0,,,,,
2025-02-17 14:00:00+00:00,2025-02-17,2025-02-17:1,False,-1,0,True,-0.03870967741935484,,,False,0,0,0,False,,420.0,60.0,,,,,
2025-02-17 14:05:00+00:00,2025-02-17,2025-02-17:1,True,0,5,True,0.01718213058419244,0.0130588108690508,0.2744068559162525,True,0,0,0,False,,415.0,65.0,1.0,0.0,0.0,0.0,0.0
2025-02-17 14:10:00+00:00,2025-02-17,2025-02-17:1,True,0,10,True,0.3633633633633634,0.24069588551208046,0.41186908379813325,True,0,0,0,False,,410.0,70.0,1.0,0.0,0.0,0.0,0.0
2025-02-17 14:15:00+00:00,2025-02-17,2025-02-17:1,True,0,15,True,0.17647058823529413,0.14511861549391708,0.19560277769500561,True,0,0,0,False,,405.0,75.0,1.0,0.0,0.0,0.0,0.0
2025-02-17 14:20:00+00:00,2025-02-17,2025-02-17:1,True,0,20,True,0.22181818181818183,0.22181818181818183,-0.1936248119072123,True,0,0,0,False,,400.0,80.0,1.0,0.0,0.0,0.0,0.0
2025-02-17 14:25:00+00:00,2025-02-17,2025-02-17:1,True,0,25,True,0.18045112781954886,0.14854300924865552,0.19458544022860325,True,0,0,0,False,,395.0,85.0,1.0,0.0,0.0,0.0,0.0
2025-02-17 14:30:00+00:00,2025-02-17,2025-02-17:1,True,0,30,True,-0.0784313725490196,0.06455406847393018,-0.19472086381516418,True,0,0,0,False,,390.0,90.0,1.0,0.0,0.0,0.0,0.0
2025-02-17 14:35:00+00:00,2025-02-17,2025-02-17:1,True,0,35,True,-0.10303030303030303,0.10303030303030303,0.32715978292660264,True,0,0,0,False,,385.0,95.0,1.0,0.0,0.0,0.0,0.0
2025-02-17 14:40:00+00:00,2025-02-17,2025-02-17:1,True,0,40,True,0.20784313725490197,0.20784313725490197,-0.7231983381978961,True,0,0,0,False,,380.0,100.0,1.0,0.0,0.0,0.0,0.0
2025-02-17 14:45:00+00:00,2025-02-17,2025-02-17:1,True,0,45,True,0.21978021978021978,0.10230016662794202,0.7647167442463861,True,0,0,0,False,,375.0,105.0,1.0,0.0,0.0,0.0,0.0
2025-02-17 14:50:00+00:00,2025-02-17,2025-02-17:1,True,0,50,True,0.39072847682119205,0.39072847682119205,0.0,True,0,0,0,False,,370.0,110.0,1.0,0.0,0.0,0.0,0.0
2025-02-17 14:55:00+00:00,2025-02-17,2025-02-17:1,True,0,55,True,0.21714285714285714,0.21714285714285714,0.0,True,0,0,0,False,,365.0,115.0,1.0,0.0,0.0,0.0,0.0
2025-02-17 15:00:00+00:00,2025-02-17,2025-02-17:1,True,0,60,True,0.5324675324675324,0.22396650737929039,0.8660254037852125,True,0,0,0,False,,360.0,120.0,1.0,0.0,0.0,0.0,0.0
2025-02-17 15:05:00+00:00,2025-02-17,2025-02-17:1,True,0,65,True,0.5111111111111111,0.5111111111111111,-0.4560096304065645,True,0,0,0,True,-1.5295027979754499,355.0,125.0,1.0,0.0,0.0,0.0,0.0
2025-02-17 15:10:00+00:00,2025-02-17,2025-02-17:1,True,0,70,True,0.5753846153846154,0.5753846153846154,-1.4396267712363628,True,0,0,0,True,0.7807630570634762,350.0,130.0,1.0,0.0,0.0,0.0,0.0
2025-02-17 15:15:00+00:00,2025-02-17,2025-02-17:1,True,0,75,True,0.8058823529411765,0.060734002165392945,2.585434059060372,True,0,0,0,True,0.0,345.0,135.0,1.0,0.0,0.0,0.0,0.0
2025-02-17 15:20:00+00:00,2025-02-17,2025-02-17:1,True,0,80,True,0.5245098039215687,0.5245098039215687,-0.3925309189190512,True,0,0,0,True,-1.755451635944419,340.0,140.0,1.0,0.0,0.0,0.0,0.0
2025-02-17 15:25:00+00:00,2025-02-17,2025-02-17:1,True,0,85,True,0.7934272300469484,0.7934272300469484,0.0,True,0,0,0,True,0.76154289134567,335.0,145.0,1.0,0.0,0.0,0.0,0.0
2025-02-17 15:30:00+00:00,2025-02-17,2025-02-17:1,True,3,5,True,0.7067307692307693,0.7067307692307693,-11.50090249166011,True,0,0,0,True,-28.6984577187559,330.0,150.0,0.0,0.0,0.0,1.0,0.0
2025-02-17 15:35:00+00:00,2025-02-17,2025-02-17:1,True,4,5,True,0.9760765550239234,0.4687890524532895,0.7333881351468144,True,1,0,0,True,0.578790255557643,325.0,155.0,0.0,0.0,0.0,0.0,1.0
2025-02-17 15:40:00+00:00,2025-02-17,2025-02-17:1,True,0,5,True,0.9752475247524752,0.3812681236114132,0.9391884461857514,True,1,0,0,True,0.3818344017003846,320.0,160.0,1.0,0.0,0.0,0.0,0.0
2025-02-17 15:45:00+00:00,2025-02-17,2025-02-17:1,True,0,10,True,0.975,0.5612190218481578,0.5523262283900106,True,1,0,0,True,0.10468697689977961,315.0,165.0,1.0,0.0,0.0,0.0,0.0
2025-02-17 15:50:00+00:00,2025-02-17,2025-02-17:1,True,0,15,True,0.9746192893401016,0.4950407260041128,0.6774068883318385,True,0,0,0,True,0.3786819626842846,310.0,170.0,1.0,0.0,0.0,0.0,0.0
2025-02-17 15:55:00+00:00,2025-02-17,2025-02-17:1,True,0,20,True,0.9752475247524752,0.5863636281755806,0.5087511872915994,True,0,0,0,True,0.49512648114137675,305.0,175.0,1.0,0.0,0.0,0.0,0.0
2025-02-17 16:00:00+00:00,2025-02-17,2025-02-17:1,True,1,5,True,0.9769585253456221,0.43852654386980755,0.8010238567930248,True,0,0,0,True,0.5656243564384261,300.0,180.0,0.0,1.0,0.0,0.0,0.0
2025-02-17 16:05:00+00:00,2025-02-17,2025-02-17:1,True,1,10,True,0.9754299754299754,0.26610523094887506,1.298986538605129,True,0,0,0,True,0.1815388876359777,295.0,185.0,0.0,1.0,0.0,0.0,0.0
2025-02-17 16:10:00+00:00,2025-02-17,2025-02-17:1,True,1,15,True,0.9783549783549783,0.5995305535102481,0.4897256295758277,True,0,0,0,True,0.4323446351971723,290.0,190.0,0.0,1.0,0.0,0.0,0.0
2025-02-17 16:15:00+00:00,2025-02-17,2025-02-17:1,True,1,20,True,0.9371980676328503,0.5981794257078433,0.44900389284365577,True,0,0,0,True,0.0,285.0,195.0,0.0,1.0,0.0,0.0,0.0
2025-02-17 16:20:00+00:00,2025-02-17,2025-02-17:1,True,1,25,True,0.9636363636363636,0.5663856215364418,0.5314388509499351,True,0,0,0,True,0.30048265848898265,280.0,200.0,0.0,1.0,0.0,0.0,0.0
2025-02-17 16:25:00+00:00,2025-02-17,2025-02-17:1,True,1,30,True,0.9675675675675676,0.5659531586029948,0.536273943618023,True,0,0,0,True,0.0,275.0,205.0,0.0,1.0,0.0,0.0,0.0
2025-02-17 16:30:00+00:00,2025-02-17,2025-02-17:1,True,1,35,True,0.9322033898305084,0.6173722279535283,0.4120788915111812,True,0,0,0,True,0.3685745654044954,270.0,210.0,0.0,1.0,0.0,0.0,0.0
2025-02-17 16:35:00+00:00,2025-02-17,2025-02-17:1,True,1,40,True,0.744,0.19269791858246108,1.350917260807582,True,0,0,0,True,1.6370442897203634,265.0,215.0,0.0,1.0,0.0,0.0,0.0
2025-02-17 16:40:00+00:00,2025-02-17,2025-02-17:1,True,2,5,True,0.7389033942558747,0.5653737573744609,0.26768015752760516,True,0,0,0,True,0.7247057242688408,260.0,220.0,0.0,0.0,1.0,0.0,0.0
2025-02-17 16:45:00+00:00,2025-02-17,2025-02-17:1,True,1,5,True,0.7580645161290323,0.26176506307810854,1.0633210999759102,True,0,0,0,True,0.0,255.0,225.0,0.0,1.0,0.0,0.0,0.0
2025-02-17 16:50:00+00:00,2025-02-17,2025-02-17:1,True,2,5,True,0.6526946107784432,0.5018113559007807,0.2628850847859009,True,0,0,0,True,-0.2939144599260351,250.0,230.0,0.0,0.0,1.0,0.0,0.0
2025-02-17 16:55:00+00:00,2025-02-17,2025-02-17:1,True,1,5,True,0.7121588089330024,0.36760501422277747,0.6612919019746429,True,0,0,0,True,-0.14887973856270242,245.0,235.0,0.0,1.0,0.0,0.0,0.0
2025-02-17 17:00:00+00:00,2025-02-17,2025-02-17:1,True,1,10,True,0.6132596685082873,0.21586956941001692,1.0441140690564903,True,0,0,0,True,-0.5836775086697997,240.0,240.0,0.0,1.0,0.0,0.0,0.0
2025-02-17 17:05:00+00:00,2025-02-17,2025-02-17:1,True,1,15,True,0.5799522673031027,0.19892260912427262,1.0700299521898358,True,0,0,0,True,1.7391864152207803,235.0,245.0,0.0,1.0,0.0,0.0,0.0
2025-02-17 17:10:00+00:00,2025-02-17,2025-02-17:1,True,1,20,True,0.6179104477611941,0.16765301366806884,1.3044470917214614,True,0,0,0,True,0.0,230.0,250.0,0.0,1.0,0.0,0.0,0.0
2025-02-17 17:15:00+00:00,2025-02-17,2025-02-17:1,True,1,25,True,0.6743002544529262,0.2889232992821721,0.8475142406192958,True,0,0,0,True,-0.4737748634836579,225.0,255.0,0.0,1.0,0.0,0.0,0.0
2025-02-17 17:20:00+00:00,2025-02-17,2025-02-17:1,True,1,30,True,0.689922480620155,0.2069456915201805,1.2041228453154817,True,0,0,0,True,0.15409789162622783,220.0,260.0,0.0,1.0,0.0,0.0,0.0
2025-02-17 17:25:00+00:00,2025-02-17,2025-02-17:1,True,1,35,True,0.7525773195876289,0.02734794698067314,3.3148622802686742,True,0,0,0,True,0.8235841549692994,215.0,265.0,0.0,1.0,0.0,0.0,0.0
2025-02-17 17:30:00+00:00,2025-02-17,2025-02-17:1,True,2,5,True,0.42209631728045327,0.2899326654918004,0.3755848199328861,True,0,0,0,True,0.16166559864902288,210.0,270.0,0.0,0.0,1.0,0.0,0.0
2025-02-17 17:35:00+00:00,2025-02-17,2025-02-17:1,True,2,10,True,0.4301369863013699,0.2930917658693873,0.38361797667244635,True,0,0,0,True,-0.8577958732305188,205.0,275.0,0.0,0.0,1.0,0.0,0.0
2025-02-17 17:40:00+00:00,2025-02-17,2025-02-17:1,True,1,5,True,0.35785953177257523,0.20108733240983895,0.5764012367563667,True,0,0,0,True,-0.2316314013372825,200.0,280.0,0.0,1.0,0.0,0.0,0.0
2025-02-17 17:45:00+00:00,2025-02-17,2025-02-17:1,True,1,10,True,0.35018050541516244,0.1352051068046373,0.9516558161790215,True,0,0,0,True,0.8511868384632506,195.0,285.0,0.0,1.0,0.0,0.0,0.0
2025-02-17 17:50:00+00:00,2025-02-17,2025-02-17:1,True,2,5,True,0.5608308605341247,0.5608308605341247,-1.761750756224824,True,0,0,0,True,0.0,190.0,290.0,0.0,0.0,1.0,0.0,0.0
2025-02-17 17:55:00+00:00,2025-02-17,2025-02-17:1,True,0,5,True,0.5371900826446281,0.5371900826446281,0.0,True,0,0,0,True,0.0,185.0,295.0,1.0,0.0,0.0,0.0,0.0
2025-02-17 18:00:00+00:00,2025-02-17,2025-02-17:1,True,0,10,True,0.5294117647058824,0.1249317955696217,1.4439985593160547,True,0,0,0,True,0.4014706115536645,180.0,300.0,1.0,0.0,0.0,0.0,0.0
2025-02-17 18:05:00+00:00,2025-02-17,2025-02-17:1,True,1,5,True,0.5120643431635389,0.09100659074463967,1.7275183577254494,True,0,0,0,True,0.7725696960518982,175.0,305.0,0.0,1.0,0.0,0.0,0.0
2025-02-17 18:10:00+00:00,2025-02-17,2025-02-17:1,True,1,10,True,0.17857142857142858,0.023429455688143242,2.0309946603977878,True,0,0,0,True,-0.1413198033211754,170.0,310.0,0.0,1.0,0.0,0.0,0.0
2025-02-17 18:15:00+00:00,2025-02-17,2025-02-17:1,True,0,5,True,0.08143322475570032,0.08143322475570032,-1.4316448100150414,True,0,0,0,True,-1.4227800510359696,165.0,315.0,1.0,0.0,0.0,0.0,0.0
2025-02-17 18:20:00+00:00,2025-02-17,2025-02-17:1,True,1,5,True,0.35081967213114756,0.05092192201452185,1.9299788180914792,True,0,0,0,True,0.24955816148124027,160.0,320.0,0.0,1.0,0.0,0.0,0.0
2025-02-17 18:25:00+00:00,2025-02-17,2025-02-17:1,True,2,5,True,0.10294117647058823,0.07196008798882784,0.3580460910334019,True,0,0,0,True,0.2634945881526393,155.0,325.0,0.0,0.0,1.0,0.0,0.0
2025-02-17 18:30:00+00:00,2025-02-17,2025-02-17:1,True,2,10,True,-0.07453416149068323,0.07453416149068323,0.0,True,0,0,0,True,0.0,150.0,330.0,0.0,0.0,1.0,0.0,0.0
2025-02-17 18:35:00+00:00,2025-02-17,2025-02-17:1,True,2,15,True,-0.38323353293413176,0.2679999550750948,-0.3576577370444546,True,0,0,0,True,0.5160214068212321,145.0,335.0,0.0,0.0,1.0,0.0,0.0
2025-02-17 18:40:00+00:00,2025-02-17,2025-02-17:1,True,0,5,True,0.25,0.25,-1.7240698878074288,True,0,0,0,True,0.5441931409842097,140.0,340.0,1.0,0.0,0.0,0.0,0.0
2025-02-17 18:45:00+00:00,2025-02-17,2025-02-17:1,True,0,10,True,-0.28350515463917525,0.14208725070848405,-0.6907889946329324,True,0,0,0,True,0.7723255750539872,135.0,345.0,1.0,0.0,0.0,0.0,0.0
2025-02-17 18:50:00+00:00,2025-02-17,2025-02-17:1,True,3,5,True,-0.10263929618768329,0.0712038590678426,-0.3656738458478444,True,0,0,0,True,-0.8176715769095593,130.0,350.0,0.0,0.0,0.0,1.0,0.0
2025-02-17 18:55:00+00:00,2025-02-17,2025-02-17:1,True,3,10,True,-0.3693181818181818,0.0918756400458431,-1.3912226298455204,True,0,0,0,True,0.7777170930415477,125.0,355.0,0.0,0.0,0.0,1.0,0.0
2025-02-17 19:00:00+00:00,2025-02-17,2025-02-17:1,True,3,15,True,-0.47701149425287354,0.23503407898985265,-0.7078100669558961,True,0,0,0,True,-0.7913557124360308,120.0,360.0,0.0,0.0,0.0,1.0,0.0
2025-02-17 19:05:00+00:00,2025-02-17,2025-02-17:1,True,3,20,True,-0.5205479452054794,0.11235286890009115,-1.5332374638734971,True,0,0,0,True,-1.714211597435259,115.0,365.0,0.0,0.0,0.0,1.0,0.0
2025-02-17 19:10:00+00:00,2025-02-17,2025-02-17:1,True,4,5,True,-0.36649214659685864,0.36649214659685864,0.4013742817726822,True,0,0,0,True,1.555171238630546,110.0,370.0,0.0,0.0,0.0,0.0,1.0
2025-02-17 19:15:00+00:00,2025-02-17,2025-02-17:1,True,4,10,True,-0.4757834757834758,0.4757834757834758,0.0,True,0,0,0,True,1.0022675766096476,105.0,375.0,0.0,0.0,0.0,0.0,1.0
2025-02-17 19:20:00+00:00,2025-02-17,2025-02-17:1,True,3,5,True,-0.551622418879056,0.12955886079467419,-1.4487284870702049,True,0,0,0,True,-1.0798184593421114,100.0,380.0,0.0,0.0,0.0,1.0,0.0
2025-02-17 19:25:00+00:00,2025-02-17,2025-02-17:1,True,3,10,True,-0.5906976744186047,0.09168445570048564,-1.8629514849551183,True,0,0,0,True,1.4565590503103123,95.0,385.0,0.0,0.0,0.0,1.0,0.0
2025-02-17 19:30:00+00:00,2025-02-17,2025-02-17:1,True,4,5,True,-0.6657824933687002,0.6657824933687002,0.4566639612353497,True,0,0,0,True,-0.35683149842578993,90.0,390.0,0.0,0.0,0.0,0.0,1.0
2025-02-17 19:35:00+00:00,2025-02-17,2025-02-17:1,True,3,5,True,-0.7903682719546742,0.5076051207790042,-0.4427951798637506,True,0,0,0,True,-0.3344211300934279,85.0,395.0,0.0,0.0,0.0,1.0,0.0
2025-02-17 19:40:00+00:00,2025-02-17,2025-02-17:1,True,3,10,True,-0.8210526315789474,0.17444476841629386,-1.5489790359033102,True,0,0,0,True,-1.9792128114308563,80.0,400.0,0.0,0.0,0.0,1.0,0.0
2025-02-17 19:45:00+00:00,2025-02-17,2025-02-17:1,True,3,15,True,-0.8021978021978022,0.0066964089176677665,-4.785783813344337,True,0,0,0,True,-1.7122140691618526,75.0,405.0,0.0,0.0,0.0,1.0,0.0
2025-02-17 19:50:00+00:00,2025-02-17,2025-02-17:1,True,3,20,True,-0.5544041450777202,0.06420241756088826,-2.155853057840583,True,0,0,0,True,-2.4103169934173065,70.0,410.0,0.0,0.0,0.0,1.0,0.0
2025-02-17 19:55:00+00:00,2025-02-17,2025-02-17:1,True,4,5,True,-0.7393617021276596,0.6228105234209412,-0.17154491251501558,True,0,0,0,True,-2.3015165134691564,65.0,415.0,0.0,0.0,0.0,0.0,1.0
2025-02-17 20:00:00+00:00,2025-02-17,2025-02-17:1,True,4,10,True,-0.8290598290598291,0.8290598290598291,0.9641443785693387,True,0,0,0,True,0.0,60.0,420.0,0.0,0.0,0.0,0.0,1.0
2025-02-17 20:05:00+00:00,2025-02-17,2025-02-17:1,True,3,5,True,-0.8078078078078078,0.1641977922665345,-1.593252417068198,True,0,0,0,True,-0.7125241419772825,55.0,425.0,0.0,0.0,0.0,1.0,0.0
2025-02-17 20:10:00+00:00,2025-02-17,2025-02-17:1,True,3,10,True,-0.8131868131868132,0.2314247163015666,-1.2567062445932793,True,0,0,0,True,-0.7025201476642634,50.0,430.0,0.0,0.0,0.0,1.0,0.0
2025-02-17 20:15:00+00:00,2025-02-17,2025-02-17:1,True,4,5,True,-0.8628841607565012,0.62630194798321,-0.320447853688116,True,0,0,0,True,-0.7165431840905341,45.0,435.0,0.0,0.0,0.0,0.0,1.0
2025-02-17 20:20:00+00:00,2025-02-17,2025-02-17:1,True,3,5,True,-0.8693467336683417,0.1504203670522997,-1.7543082271773245,True,0,0,0,True,0.18326458755181096,40.0,440.0,0.0,0.0,0.0,1.0,0.0
2025-02-17 20:25:00+00:00,2025-02-17,2025-02-17:1,True,3,10,True,-0.7532133676092545,0.29926153974116704,-0.9230306384767648,True,0,0,0,True,0.6879864176490413,35.0,445.0,0.0,0.0,0.0,1.0,0.0
2025-02-17 20:30:00+00:00,2025-02-17,2025-02-17:1,True,4,5,True,-0.8136020151133502,0.8136020151133502,0.0,True,0,0,0,True,0.6935730819864876,30.0,450.0,0.0,0.0,0.0,0.0,1.0
2025-02-17 20:35:00+00:00,2025-02-17,2025-02-17:1,True,3,5,True,-0.7556109725685786,0.1206870091870671,-1.8343261638128248,True,0,0,0,True,0.0,25.0,455.0,0.0,0.0,0.0,1.0,0.0
2025-02-17 20:40:00+00:00,2025-02-17,2025-02-17:1,True,4,5,True,-0.6906666666666667,0.6906666666666667,0.30239110388767115,True,1,0,0,True,0.5585112961905349,20.0,460.0,0.0,0.0,0.0,0.0,1.0
2025-02-17 20:45:00+00:00,2025-02-17,2025-02-17:1,True,4,10,True,-0.5688311688311688,0.4099595594454845,-0.327525155176119,True,1,0,0,True,0.6065183488091413,15.0,465.0,0.0,0.0,0.0,0.0,1.0
2025-02-17 20:50:00+00:00,2025-02-17,2025-02-17:1,True,3,5,True,-0.4748603351955307,0.33448032733603555,-0.3504426639422883,True,1,0,0,True,-0.15344249615164657,10.0,470.0,0.0,0.0,0.0,1.0,0.0
2025-02-17 20:55:00+00:00,2025-02-17,2025-02-17:1,True,4,5,True,-0.576530612244898,0.4790806245567755,-0.18515953672687605,True,0,1,1,True,-0.22110066035314266,5.0,475.0,0.0,0.0,0.0,0.0,1.0
2025-02-17 21:00:00+00:00,2025-02-17,2025-02-17:1,True,3,5,True,-0.504,0.14889968510330034,-1.2193034432036527,True,0,0,1,True,-0.2084754475871458,0.0,480.0,0.0,0.0,0.0,1.0,0.0
2025-02-18 13:00:00+00:00,2025-02-18,2025-02-18:1,False,-1,0,False,,,,False,0,0,0,False,,480.0,0.0,,,,,
2025-02-18 13:05:00+00:00,2025-02-18,2025-02-18:1,False,-1,0,True,0.015772870662460567,,,False,0,0,0,False,,475.0,5.0,,,,,
2025-02-18 13:10:00+00:00,2025-02-18,2025-02-18:1,False,-1,0,True,0.3944954128440367,,,False,0,0,0,False,,470.0,10.0,,,,,
2025-02-18 13:15:00+00:00,2025-02-18,2025-02-18:1,False,-1,0,True,0.03787878787878788,,,False,0,0,0,False,,465.0,15.0,,,,,
2025-02-18 13:20:00+00:00,2025-02-18,2025-02-18:1,False,-1,0,True,0.12615384615384614,,,False,0,0,0,False,,460.0,20.0,,,,,
2025-02-18 13:25:00+00:00,2025-02-18,2025-02-18:1,False,-1,0,True,0.06093189964157706,,,False,0,0,0,False,,455.0,25.0,,,,,
2025-02-18 13:30:00+00:00,2025-02-18,2025-02-18:1,False,-1,0,True,-0.4186046511627907,,,False,0,0,0,False,,450.0,30.0,,,,,
2025-02-18 13:35:00+00:00,2025-02-18,2025-02-18:1,False,-1,0,True,-0.5647668393782384,,,False,0,0,0,False,,445.0,35.0,,,,,
2025-02-18 13:40:00+00:00,2025-02-18,2025-02-18:1,False,-1,0,True,-0.3467048710601719,,,False,0,0,0,False,,440.0,40.0,,,,,
2025-02-18 13:45:00+00:00,2025-02-18,2025-02-18:1,False,-1,0,True,-0.2857142857142857,,,False,0,0,0,False,,435.0,45.0,,,,,
2025-02-18 13:50:00+00:00,2025-02-18,2025-02-18:1,False,-1,0,True,-0.10037174721189591,,,False,0,0,0,False,,430.0,50.0,,,,,
2025-02-18 13:55:00+00:00,2025-02-18,2025-02-18:1,False,-1,0,True,-0.3270440251572327,,,False,0,0,0,False,,425.0,55.0,,,,,
2025-02-18 14:00:00+00:00,2025-02-18,2025-02-18:1,False,-1,0,True,-0.14133333333333334,,,False,0,0,0,False,,420.0,60.0,,,,,
2025-02-18 14:05:00+00:00,2025-02-18,2025-02-18:1,True,3,5,True,0.28695652173913044,0.28695652173913044,-0.4253785424205478,True,0,0,0,False,,415.0,65.0,0.0,0.0,0.0,1.0,0.0
2025-02-18 14:10:00+00:00,2025-02-18,2025-02-18:1,True,0,5,True,0.2521246458923513,0.2521246458923513,0.0,True,0,0,0,False,,410.0,70.0,1.0,0.0,0.0,0.0,0.0
2025-02-18 14:15:00+00:00,2025-02-18,2025-02-18:1,True,0,10,True,0.14782608695652175,0.07726878957499055,0.6487463777288357,True,0,0,0,False,,405.0,75.0,1.0,0.0,0.0,0.0,0.0
2025-02-18 14:20:00+00:00,2025-02-18,2025-02-18:1,True,4,5,True,0.4388059701492537,0.2845681996421288,0.4330843915500557,True,1,0,0,False,,400.0,80.0,0.0,0.0,0.0,0.0,1.0
2025-02-18 14:25:00+00:00,2025-02-18,2025-02-18:1,True,0,5,True,0.0513595166163142,0.03308331648320335,0.4398211260860581,True,0,0,0,False,,395.0,85.0,1.0,0.0,0.0,0.0,0.0
2025-02-18 14:30:00+00:00,2025-02-18,2025-02-18:1,True,0,10,True,-0.043209876543209874,0.011421194604286852,-1.3305982877182156,True,0,0,0,False,,390.0,90.0,1.0,0.0,0.0,0.0,0.0
2025-02-18 14:35:00+00:00,2025-02-18,2025-02-18:1,True,0,15,True,0.446064139941691,0.11724712099696331,1.3361789005806095,True,0,0,0,False,,385.0,95.0,1.0,0.0,0.0,0.0,0.0
2025-02-18 14:40:00+00:00,2025-02-18,2025-02-18:1,True,1,5,True,0.5783783783783784,0.2332092662576788,0.9082920994400449,True,0,0,0,False,,380.0,100.0,0.0,1.0,0.0,0.0,0.0
2025-02-18 14:45:00+00:00,2025-02-18,2025-02-18:1,True,1,10,True,0.38461538461538464,0.1513110892734094,0.9329059225652507,True,0,0,0,False,,375.0,105.0,0.0,1.0,0.0,0.0,0.0
2025-02-18 14:50:00+00:00,2025-02-18,2025-02-18:1,True,1,15,True,0.28615384615384615,0.10799959974989144,0.9744020687078268,True,0,0,0,False,,370.0,110.0,0.0,1.0,0.0,0.0,0.0
2025-02-18 14:55:00+00:00,2025-02-18,2025-02-18:1,True,1,20,True,0.5623100303951368,0.2184771798297243,0.9453717843522579,True,0,0,0,False,,365.0,115.0,0.0,1.0,0.0,0.0,0.0
2025-02-18 15:00:00+00:00,2025-02-18,2025-02-18:1,True,2,5,True,0.2847682119205298,0.17257932595079226,0.5008185665085316,True,0,0,0,False,,360.0,120.0,0.0,0.0,1.0,0.0,0.0
2025-02-18 15:05:00+00:00,2025-02-18,2025-02-18:1,True,1,5,True,0.7257142857142858,0.26653864927126325,1.0016371330183658,True,0,0,0,True,1.119864359106941,355.0,125.0,0.0,1.0,0.0,0.0,0.0
2025-02-18 15:10:00+00:00,2025-02-18,2025-02-18:1,True,1,10,True,0.7191011235955056,0.0522523060445552,2.6219179679146385,True,0,0,0,True,1.1725573615390485,350.0,130.0,0.0,1.0,0.0,0.0,0.0
2025-02-18 15:15:00+00:00,2025-02-18,2025-02-18:1,True,2,5,True,0.7408450704225352,0.7408450704225352,-1.0109469389942847,True,0,0,0,True,-0.3748628395566388,345.0,135.0,0.0,0.0,1.0,0.0,0.0
2025-02-18 15:20:00+00:00,2025-02-18,2025-02-18:1,True,1,5,True,0.08176100628930817,0.049431696359380585,0.5032085890758657,True,0,0,0,True,0.0,340.0,140.0,0.0,1.0,0.0,0.0,0.0
2025-02-18 15:25:00+00:00,2025-02-18,2025-02-18:1,True,1,10,True,0.15755627009646303,0.056047986483840066,1.0335744396117237,True,0,0,0,True,0.6943902441437114,335.0,145.0,0.0,1.0,0.0,0.0,0.0
2025-02-18 15:30:00+00:00,2025-02-18,2025-02-18:1,True,1,15,True,-0.14705882352941177,0.14705882352941177,11.733439033345537,True,0,0,0,True,28.310311734353036,330.0,150.0,0.0,1.0,0.0,0.0,0.0
2025-02-18 15:35:00+00:00,2025-02-18,2025-02-18:1,True,2,5,True,-0.9100642398286938,0.25418724015809147,-1.2754440288157656,True,0,0,0,True,0.05892112801599717,325.0,155.0,0.0,0.0,1.0,0.0,0.0
2025-02-18 15:40:00+00:00,2025-02-18,2025-02-18:1,True,0,5,True,-0.8702460850111857,0.4180905575811813,-0.7330779739953267,True,0,0,0,True,-1.4901928933278283,320.0,160.0,1.0,0.0,0.0,0.0,0.0
2025-02-18 15:45:00+00:00,2025-02-18,2025-02-18:1,True,0,10,True,-0.9402173913043478,0.21831118064858165,-1.4601896367297258,True,0,0,0,True,-0.6032454469906136,315.0,165.0,1.0,0.0,0.0,0.0,0.0
2025-02-18 15:50:00+00:00,2025-02-18,2025-02-18:1,True,0,15,True,-0.9195979899497487,0.40396316835304363,-0.8226129007368809,True,0,0,0,True,-0.9490755537526074,310.0,170.0,1.0,0.0,0.0,0.0,0.0
2025-02-18 15:55:00+00:00,2025-02-18,2025-02-18:1,True,3,5,True,-0.8345498783454988,0.3565162897554756,-0.8505125792776643,True,0,0,0,True,-0.09544481308427015,305.0,175.0,0.0,0.0,0.0,1.0,0.0
2025-02-18 16:00:00+00:00,2025-02-18,2025-02-18:1,True,4,5,True,-0.8213399503722084,0.8213399503722084,0.4693888358777329,True,1,0,0,True,-0.252896597469469,300.0,180.0,0.0,0.0,0.0,0.0,1.0
2025-02-18 16:05:00+00:00,2025-02-18,2025-02-18:1,True,3,5,True,-0.7575757575757576,0.5363917451354457,-0.34525878047684416,True,1,0,0,True,-0.9966729078554518,295.0,185.0,0.0,0.0,0.0,1.0,0.0
2025-02-18 16:10:00+00:00,2025-02-18,2025-02-18:1,True,3,10,True,-0.9090909090909091,0.37159430162973234,-0.8946424270442629,True,0,1,1,True,-0.5573718238135921,290.0,190.0,0.0,0.0,0.0,1.0,0.0
2025-02-18 16:15:00+00:00,2025-02-18,2025-02-18:1,True,3,15,True,-0.6240601503759399,0.2385755975631222,-0.9615605275386944,True,0,0,1,True,-0.33875827809284115,285.0,195.0,0.0,0.0,0.0,1.0,0.0
2025-02-18 16:20:00+00:00,2025-02-18,2025-02-18:1,True,3,20,True,-0.5375,0.12787288156472845,-1.435892102320989,True,0,0,1,True,0.2293394535101577,280.0,200.0,0.0,0.0,0.0,1.0,0.0
2025-02-18 16:25:00+00:00,2025-02-18,2025-02-18:1,True,4,5,True,-0.48476454293628807,0.48476454293628807,0.6098351639473157,True,1,0,1,True,0.12596413901841286,275.0,205.0,0.0,0.0,0.0,0.0,1.0
2025-02-18 16:30:00+00:00,2025-02-18,2025-02-18:1,True,4,10,True,0.062146892655367235,0.04597720938198481,0.30135499371032737,True,1,0,1,True,-0.44923350086375513,270.0,210.0,0.0,0.0,0.0,0.0,1.0
2025-02-18 16:35:00+00:00,2025-02-18,2025-02-18:1,True,4,15,True,-0.1419939577039275,0.1419939577039275,0.8807257782458674,True,1,0,1,True,0.8238343178742689,265.0,215.0,0.0,0.0,0.0,0.0,1.0
2025-02-18 16:40:00+00:00,2025-02-18,2025-02-18:1,True,3,5,True,0.17757009345794392,0.17757009345794392,-0.7098290019366091,True,1,0,1,True,-0.526767965069208,260.0,220.0,0.0,0.0,0.0,1.0,0.0
2025-02-18 16:45:00+00:00,2025-02-18,2025-02-18:1,True,0,5,True,-0.3291139240506329,0.2856737970732942,-0.141553374335144,True,0,1,2,True,0.3165229674578561,255.0,225.0,1.0,0.0,0.0,0.0,0.0
2025-02-18 16:50:00+00:00,2025-02-18,2025-02-18:1,True,1,5,True,0.011299435028248588,0.005652042227437459,0.6927357909358317,True,0,0,2,True,0.21197865426945683,250.0,230.0,0.0,1.0,0.0,0.0,0.0
2025-02-18 16:55:00+00:00,2025-02-18,2025-02-18:1,True,0,5,True,-0.2087227414330218,0.15631478779267718,-0.28913493069362833,True,0,0,2,True,-0.10325398330996224,245.0,235.0,1.0,0.0,0.0,0.0,0.0
2025-02-18 17:00:00+00:00,2025-02-18,2025-02-18:1,True,0,10,True,-0.04895104895104895,0.04895104895104895,0.15069038339650154,True,0,0,2,True,-0.3369539408300831,240.0,240.0,1.0,0.0,0.0,0.0,0.0
2025-02-18 17:05:00+00:00,2025-02-18,2025-02-18:1,True,0,15,True,-0.07222222222222222,0.02088884116198422,-1.2405326848609715,True,0,0,2,True,-1.3869577058297282,235.0,245.0,1.0,0.0,0.0,0.0,0.0
2025-02-18 17:10:00+00:00,2025-02-18,2025-02-18:1,True,0,20,True,-0.06086956521739131,0.06086956521739131,0.4057741914461155,True,0,0,2,True,0.11509273089561821,230.0,250.0,1.0,0.0,0.0,0.0,0.0
2025-02-18 17:15:00+00:00,2025-02-18,2025-02-18:1,True,0,25,True,-0.07255520504731862,0.055538057235199674,-0.26727921932783466,True,0,0,2,True,0.11864585476805285,225.0,255.0,1.0,0.0,0.0,0.0,0.0
2025-02-18 17:20:00+00:00,2025-02-18,2025-02-18:1,True,0,30,True,-0.3105590062111801,0.3105590062111801,0.10490748549680713,True,0,0,2,True,2.206712186274044,220.0,260.0,1.0,0.0,0.0,0.0,0.0
2025-02-18 17:25:00+00:00,2025-02-18,2025-02-18:1,True,3,5,True,-0.6939313984168866,0.22440695858128912,-1.1289119231891858,True,0,0,2,True,0.0,215.0,265.0,0.0,0.0,0.0,1.0,0.0
2025-02-18 17:30:00+00:00,2025-02-18,2025-02-18:1,True,3,10,True,-0.8121212121212121,0.5252184863837536,-0.4358352644728054,True,0,0,2,True,-0.8190227451595171,210.0,270.0,0.0,0.0,0.0,1.0,0.0
2025-02-18 17:35:00+00:00,2025-02-18,2025-02-18:1,True,0,5,True,-0.7681159420289855,0.6115486106023248,-0.22794624193438293,True,0,0,2,True,0.4537237170217404,205.0,275.0,1.0,0.0,0.0,0.0,0.0
2025-02-18 17:40:00+00:00,2025-02-18,2025-02-18:1,True,3,5,True,-0.8512820512820513,0.32689309427082197,-0.9571103201659691,True,0,0,2,True,0.5350409344640435,200.0,280.0,0.0,0.0,0.0,1.0,0.0
2025-02-18 17:45:00+00:00,2025-02-18,2025-02-18:1,True,3,10,True,-0.8894472361809045,0.3097522514817387,-1.0548273976424607,True,0,0,2,True,-0.5896664414140169,195.0,285.0,0.0,0.0,0.0,1.0,0.0
2025-02-18 17:50:00+00:00,2025-02-18,2025-02-18:1,True,3,15,True,-0.7801047120418848,0.3851473941346896,-0.7058020539501619,True,0,0,2,True,0.0,190.0,290.0,0.0,0.0,0.0,1.0,0.0
2025-02-18 17:55:00+00:00,2025-02-18,2025-02-18:1,True,4,5,True,-0.5168539325842697,0.5168539325842697,0.14634293896555098,True,1,0,2,True,-0.32723275955407477,185.0,295.0,0.0,0.0,0.0,0.0,1.0
2025-02-18 18:00:00+00:00,2025-02-18,2025-02-18:1,True,3,5,True,-0.8060344827586207,0.12638505844640122,-1.8527932579384927,True,0,1,3,True,-1.1055887288303827,180.0,300.0,0.0,0.0,0.0,1.0,0.0
2025-02-18 18:05:00+00:00,2025-02-18,2025-02-18:1,True,3,10,True,-0.664804469273743,0.30956800254836525,-0.7643151808203887,True,0,0,3,True,0.0,175.0,305.0,0.0,0.0,0.0,1.0,0.0
2025-02-18 18:10:00+00:00,2025-02-18,2025-02-18:1,True,4,5,True,-0.367816091954023,0.367816091954023,0.3200014463372007,True,1,0,3,True,0.0,170.0,310.0,0.0,0.0,0.0,0.0,1.0
2025-02-18 18:15:00+00:00,2025-02-18,2025-02-18:1,True,4,10,True,-0.12658227848101267,0.12658227848101267,0.0,True,1,0,3,True,0.0,165.0,315.0,0.0,0.0,0.0,0.0,1.0
2025-02-18 18:20:00+00:00,2025-02-18,2025-02-18:1,True,3,5,True,-0.48044692737430167,0.23993422640240625,-0.6943519402699272,True,1,0,3,True,0.6244561231534024,160.0,320.0,0.0,0.0,0.0,1.0,0.0
2025-02-18 18:25:00+00:00,2025-02-18,2025-02-18:1,True,4,5,True,-0.5766871165644172,0.5766871165644172,0.0,True,0,1,4,True,0.8926386623042273,155.0,325.0,0.0,0.0,0.0,0.0,1.0
2025-02-18 18:30:00+00:00,2025-02-18,2025-02-18:1,True,0,5,True,-0.5328947368421053,0.5328947368421053,0.37649546647823096,True,0,0,4,True,0.0,150.0,330.0,1.0,0.0,0.0,0.0,0.0
2025-02-18 18:35:00+00:00,2025-02-18,2025-02-18:1,True,0,10,True,-0.6955223880597015,0.3300020153387094,-0.7455644391938953,True,0,0,4,True,-1.4492775226758332,145.0,335.0,1.0,0.0,0.0,0.0,0.0
2025-02-18 18:40:00+00:00,2025-02-18,2025-02-18:1,True,3,5,True,-0.770949720670391,0.2171357652690342,-1.2671003539921628,True,0,0,4,True,-0.9444408419459464,140.0,340.0,0.0,0.0,0.0,1.0,0.0
2025-02-18 18:45:00+00:00,2025-02-18,2025-02-18:1,True,3,10,True,-0.36147757255936674,0.23540307960279266,-0.42890072256245565,True,0,0,4,True,0.0,135.0,345.0,0.0,0.0,0.0,1.0,0.0
2025-02-18 18:50:00+00:00,2025-02-18,2025-02-18:1,True,3,15,True,-0.3735632183908046,0.034932502520822466,-2.369669549528112,True,0,0,4,True,0.8831236994943672,130.0,350.0,0.0,0.0,0.0,1.0,0.0
2025-02-18 18:55:00+00:00,2025-02-18,2025-02-18:1,True,4,5,True,-0.3609467455621302,0.3609467455621302,0.3898255260492444,True,1,0,4,True,0.8716763756107255,125.0,355.0,0.0,0.0,0.0,0.0,1.0
2025-02-18 19:00:00+00:00,2025-02-18,2025-02-18:1,True,4,10,True,-0.5070821529745042,0.5070821529745042,0.0,True,1,0,4,True,0.8659336783792866,120.0,360.0,0.0,0.0,0.0,0.0,1.0
2025-02-18 19:05:00+00:00,2025-02-18,2025-02-18:1,True,3,5,True,-0.6033057851239669,0.26569482091508784,-0.8200758141857413,True,0,1,5,True,0.0,115.0,365.0,0.0,0.0,0.0,1.0,0.0
2025-02-18 19:10:00+00:00,2025-02-18,2025-02-18:1,True,3,10,True,-0.719047619047619,0.4722101430937027,-0.42050348015548883,True,0,0,5,True,-1.2522432156956356,110.0,370.0,0.0,0.0,0.0,1.0,0.0
2025-02-18 19:15:00+00:00,2025-02-18,2025-02-18:1,True,4,5,True,-0.7845303867403315,0.7845303867403315,0.8200758141857009,True,1,0,5,True,0.0,105.0,375.0,0.0,0.0,0.0,0.0,1.0
2025-02-18 19:20:00+00:00,2025-02-18,2025-02-18:1,True,0,5,True,-0.551948051948052,0.2363262548433358,-0.8482406469409475,True,0,1,6,True,-0.948361873917831,100.0,380.0,1.0,0.0,0.0,0.0,0.0
2025-02-18 19:25:00+00:00,2025-02-18,2025-02-18:1,True,0,10,True,-0.6114649681528662,0.6114649681528662,0.7976600242378359,True,0,0,6,True,-2.3830639055269742,95.0,385.0,1.0,0.0,0.0,0.0,0.0
2025-02-18 19:30:00+00:00,2025-02-18,2025-02-18:1,True,0,15,True,-0.6346749226006192,0.4281839422266746,-0.39356006008378525,True,0,0,6,True,0.3089768895929575,90.0,390.0,1.0,0.0,0.0,0.0,0.0
2025-02-18 19:35:00+00:00,2025-02-18,2025-02-18:1,True,0,20,True,-0.3333333333333333,0.15056931998839354,-0.7947194142382372,True,0,0,6,True,0.3326787696294445,85.0,395.0,1.0,0.0,0.0,0.0,0.0
2025-02-18 19:40:00+00:00,2025-02-18,2025-02-18:1,True,0,25,True,-0.2641509433962264,0.08019342858614685,-1.1920791213584851,True,0,0,6,True,0.0,80.0,400.0,1.0,0.0,0.0,0.0,0.0
2025-02-18 19:45:00+00:00,2025-02-18,2025-02-18:1,True,3,5,True,-0.31986531986531985,0.09787755944990878,-1.1841827276202825,True,0,0,6,True,0.8826376922458535,75.0,405.0,0.0,0.0,0.0,1.0,0.0
2025-02-18 19:50:00+00:00,2025-02-18,2025-02-18:1,True,4,5,True,-0.1834319526627219,0.1834319526627219,0.8628322521028002,True,1,0,6,True,0.26711113058628866,70.0,410.0,0.0,0.0,0.0,0.0,1.0
2025-02-18 19:55:00+00:00,2025-02-18,2025-02-18:1,True,4,10,True,-0.49162011173184356,0.49162011173184356,0.0,True,1,0,6,True,0.25960234190319625,65.0,415.0,0.0,0.0,0.0,0.0,1.0
2025-02-18 20:00:00+00:00,2025-02-18,2025-02-18:1,True,4,15,True,-0.1524163568773234,0.1524163568773234,0.0,True,1,0,6,True,0.0,60.0,420.0,0.0,0.0,0.0,0.0,1.0
2025-02-18 20:05:00+00:00,2025-02-18,2025-02-18:1,True,4,20,True,-0.26014319809069214,0.26014319809069214,0.0,True,1,0,6,True,-0.27449863785879947,55.0,425.0,0.0,0.0,0.0,0.0,1.0
2025-02-18 20:10:00+00:00,2025-02-18,2025-02-18:1,True,0,5,True,-0.4069400630914827,0.1627300205311985,-0.9165733976267518,True,0,1,7,True,-1.0247602117292245,50.0,430.0,1.0,0.0,0.0,0.0,0.0
2025-02-18 20:15:00+00:00,2025-02-18,2025-02-18:1,True,0,10,True,-0.06432748538011696,0.06432748538011696,0.9510538121272539,True,0,0,7,True,-0.27808304590368654,45.0,435.0,1.0,0.0,0.0,0.0,0.0
2025-02-18 20:20:00+00:00,2025-02-18,2025-02-18:1,True,0,15,True,-0.08235294117647059,0.020863176816957048,-1.3730284412899794,True,0,0,7,True,1.0233949765902637,40.0,440.0,1.0,0.0,0.0,0.0,0.0
2025-02-18 20:25:00+00:00,2025-02-18,2025-02-18:1,True,0,20,True,-0.3351206434316354,0.3351206434316354,0.975506485485267,True,0,0,7,True,0.7716151306265449,35.0,445.0,1.0,0.0,0.0,0.0,0.0
2025-02-18 20:30:00+00:00,2025-02-18,2025-02-18:1,True,3,5,True,-0.4846938775510204,0.040819471688307185,-2.474358296525868,True,0,0,7,True,1.1065666703470005,30.0,450.0,0.0,0.0,0.0,1.0,0.0
2025-02-18 20:35:00+00:00,2025-02-18,2025-02-18:1,True,3,10,True,-0.6592592592592592,0.25504168730220506,-0.9496898588622671,True,0,0,7,True,-2.1235710819582105,25.0,455.0,0.0,0.0,0.0,1.0,0.0
2025-02-18 20:40:00+00:00,2025-02-18,2025-02-18:1,True,3,15,True,-0.6470588235294118,0.4012005723188764,-0.47797572511989045,True,0,0,7,True,-1.068786212962829,20.0,460.0,0.0,0.0,0.0,1.0,0.0
2025-02-18 20:45:00+00:00,2025-02-18,2025-02-18:1,True,3,20,True,-0.22397476340694006,0.0832451662020123,-0.9897433186108687,True,0,0,7,True,-0.8546056167825395,15.0,465.0,0.0,0.0,0.0,1.0,0.0
2025-02-18 20:50:00+00:00,2025-02-18,2025-02-18:1,True,4,5,True,-0.5146666666666667,0.5146666666666667,0.48418703627023024,True,1,0,7,True,0.0,10.0,470.0,0.0,0.0,0.0,0.0,1.0
2025-02-18 20:55:00+00:00,2025-02-18,2025-02-18:1,True,3,5,True,-0.6452442159383034,0.14799629427301286,-1.472441639740692,True,0,1,8,True,-2.1949863995753356,5.0,475.0,0.0,0.0,0.0,1.0,0.0
2025-02-18 21:00:00+00:00,2025-02-18,2025-02-18:1,True,4,5,True,-0.7740112994350282,0.7740112994350282,0.0,True,0,0,8,True,0.0,0.0,480.0,0.0,0.0,0.0,0.0,1.0
