decision_time,session_id,segment_id,valid,state_id,state_age_minutes,flow_available,flow_pressure,absorption,response_z5,vwap_available,recovery_active,recovery_failed_now,recovery_failures,reference_available,reference_residual_z,minutes_remaining,minutes_from_segment_open,state_0,state_1,state_2,state_3,state_4
2025-01-06 13:00:00+00:00,2025-01-06,2025-01-06:1,False,-1,0,False,,,,False,0,0,0,False,,480.0,0.0,,,,,
2025-01-06 13:05:00+00:00,2025-01-06,2025-01-06:1,False,-1,0,True,0.11355311355311355,,,False,0,0,0,False,,475.0,5.0,,,,,
2025-01-06 13:10:00+00:00,2025-01-06,2025-01-06:1,False,-1,0,True,-0.30659025787965616,,,False,0,0,0,False,,470.0,10.0,,,,,
2025-01-06 13:15:00+00:00,2025-01-06,2025-01-06:1,False,-1,0,True,-0.288135593220339,,,False,0,0,0,False,,465.0,15.0,,,,,
2025-01-06 13:20:00+00:00,2025-01-06,2025-01-06:1,False,-1,0,True,-0.5098591549295775,,,False,0,0,0,False,,460.0,20.0,,,,,
2025-01-06 13:25:00+00:00,2025-01-06,2025-01-06:1,False,-1,0,True,-0.323943661971831,,,False,0,0,0,False,,455.0,25.0,,,,,
2025-01-06 13:30:00+00:00,2025-01-06,2025-01-06:1,False,-1,0,True,-0.538860103626943,,,False,0,0,0,False,,450.0,30.0,,,,,
2025-01-06 13:35:00+00:00,2025-01-06,2025-01-06:1,False,-1,0,True,-0.4095238095238095,,,False,0,0,0,False,,445.0,35.0,,,,,
2025-01-06 13:40:00+00:00,2025-01-06,2025-01-06:1,False,-1,0,True,-0.47928994082840237,,,False,0,0,0,False,,440.0,40.0,,,,,
2025-01-06 13:45:00+00:00,2025-01-06,2025-01-06:1,False,-1,0,True,-0.6480446927374302,,,False,0,0,0,False,,435.0,45.0,,,,,
2025-01-06 13:50:00+00:00,2025-01-06,2025-01-06:1,False,-1,0,True,-0.41210374639769454,,,False,0,0,0,False,,430.0,50.0,,,,,
2025-01-06 13:55:00+00:00,2025-01-06,2025-01-06:1,False,-1,0,True,-0.2413793103448276,,,False,0,0,0,False,,425.0,55.0,,,,,
2025-01-06 14:00:00+00:00,2025-01-06,2025-01-06:1,False,-1,0,True,-0.46153846153846156,,,False,0,0,0,False,,420.0,60.0,,,,,
2025-01-06 14:05:00+00:00,2025-01-06,2025-01-06:1,True,0,5,True,-0.34328358208955223,0.34328358208955223,0.21347500016407744,True,0,0,0,False,,415.0,65.0,1.0,0.0,0.0,0.0,0.0
2025-01-06 14:10:00+00:00,2025-01-06,2025-01-06:1,True,0,10,True,-0.4049586776859504,0.4049586776859504,0.6115811170934424,True,0,0,0,False,,410.0,70.0,1.0,0.0,0.0,0.0,0.0
2025-01-06 14:15:00+00:00,2025-01-06,2025-01-06:1,True,0,15,True,-0.10256410256410256,0.04681753129988614,-0.7842302607690849,True,0,0,0,False,,405.0,75.0,1.0,0.0,0.0,0.0,0.0
2025-01-06 14:20:00+00:00,2025-01-06,2025-01-06:1,True,0,20,True,-0.40181268882175225,0.40181268882175225,0.7763462421046048,True,0,0,0,False,,400.0,80.0,1.0,0.0,0.0,0.0,0.0
2025-01-06 14:25:00+00:00,2025-01-06,2025-01-06:1,True,0,25,True,-0.6666666666666666,0.6666666666666666,0.0,True,0,0,0,False,,395.0,85.0,1.0,0.0,0.0,0.0,0.0
2025-01-06 14:30:00+00:00,2025-01-06,2025-01-06:1,True,0,30,True,-0.411371237458194,0.17140511040225828,-0.8754662395955515,True,0,0,0,False,,390.0,90.0,1.0,0.0,0.0,0.0,0.0
2025-01-06 14:35:00+00:00,2025-01-06,2025-01-06:1,True,0,35,True,-0.25252525252525254,0.25252525252525254,0.894932945742718,True,0,0,0,False,,385.0,95.0,1.0,0.0,0.0,0.0,0.0
2025-01-06 14:40:00+00:00,2025-01-06,2025-01-06:1,True,3,5,True,-0.5596816976127321,0.022064013033876183,-3.2334203132289923,True,0,0,0,False,,380.0,100.0,0.0,0.0,0.0,1.0,0.0
2025-01-06 14:45:00+00:00,2025-01-06,2025-01-06:1,True,3,10,True,-0.3391812865497076,0.22910121418570972,-0.39237084377381337,True,0,0,0,False,,375.0,105.0,0.0,0.0,0.0,1.0,0.0
2025-01-06 14:50:00+00:00,2025-01-06,2025-01-06:1,True,3,15,True,-0.3905325443786982,0.1292312260096791,-1.1059080565572605,True,0,0,0,False,,370.0,110.0,0.0,0.0,0.0,1.0,0.0
2025-01-06 14:55:00+00:00,2025-01-06,2025-01-06:1,True,4,5,True,-0.5979899497487438,0.5979899497487438,0.0,True,0,0,0,False,,365.0,115.0,0.0,0.0,0.0,0.0,1.0
2025-01-06 15:00:00+00:00,2025-01-06,2025-01-06:1,True,3,5,True,-0.49554896142433236,0.11594548023421361,-1.4525460784047535,True,0,0,0,False,,360.0,120.0,0.0,0.0,0.0,1.0,0.0
2025-01-06 15:05:00+00:00,2025-01-06,2025-01-06:1,True,4,5,True,-0.39481268011527376,0.39481268011527376,1.040465668505955,True,1,0,0,True,1.9992473110854652,355.0,125.0,0.0,0.0,0.0,0.0,1.0
2025-01-06 15:10:00+00:00,2025-01-06,2025-01-06:1,True,3,5,True,-0.7180156657963447,0.17362170890561943,-1.4196125417604235,True,0,1,1,True,-0.365531979034741,350.0,130.0,0.0,0.0,0.0,1.0,0.0
2025-01-06 15:15:00+00:00,2025-01-06,2025-01-06:1,True,3,10,True,-0.41237113402061853,0.1365880772572378,-1.1049540934231592,True,0,0,1,True,0.0,345.0,135.0,0.0,0.0,0.0,1.0,0.0
2025-01-06 15:20:00+00:00,2025-01-06,2025-01-06:1,True,4,5,True,-0.6880222841225627,0.6880222841225627,0.18694231937003053,True,1,0,1,True,1.22518471118585,340.0,140.0,0.0,0.0,0.0,0.0,1.0
2025-01-06 15:25:00+00:00,2025-01-06,2025-01-06:1,True,4,10,True,-0.8541666666666666,0.8541666666666666,0.18252692744707136,True,1,0,1,True,-0.7888215535943265,335.0,145.0,0.0,0.0,0.0,0.0,1.0
2025-01-06 15:30:00+00:00,2025-01-06,2025-01-06:1,True,3,5,True,-0.30612244897959184,0.013062123159559345,-3.1542685016937817,True,0,1,2,True,-10.348457163756324,330.0,150.0,0.0,0.0,0.0,1.0,0.0
2025-01-06 15:35:00+00:00,2025-01-06,2025-01-06:1,True,4,5,True,0.7696335078534031,0.4489622856687471,0.5389755497832887,True,1,0,2,True,0.3453165603309395,325.0,155.0,0.0,0.0,0.0,0.0,1.0
2025-01-06 15:40:00+00:00,2025-01-06,2025-01-06:1,True,0,5,True,0.801452784503632,0.17248990992879534,1.5360873198039486,True,1,0,2,True,-0.17141252244276806,320.0,160.0,1.0,0.0,0.0,0.0,0.0
2025-01-06 15:45:00+00:00,2025-01-06,2025-01-06:1,True,0,10,True,0.6977329974811083,0.6977329974811083,-0.7332468487988878,True,1,0,2,True,-2.1876598991333904,315.0,165.0,1.0,0.0,0.0,0.0,0.0
2025-01-06 15:50:00+00:00,2025-01-06,2025-01-06:1,True,0,15,True,0.7177177177177178,0.7177177177177178,-0.2951468413374653,True,0,1,3,True,-0.32998420028745873,310.0,170.0,1.0,0.0,0.0,0.0,0.0
2025-01-06 15:55:00+00:00,2025-01-06,2025-01-06:1,True,0,20,True,0.5609756097560976,0.5609756097560976,-0.29288528393176383,True,0,0,3,True,-0.030977918429866955,305.0,175.0,1.0,0.0,0.0,0.0,0.0
2025-01-06 16:00:00+00:00,2025-01-06,2025-01-06:1,True,0,25,True,0.45625,0.27437254390324767,0.5085540727128066,True,0,0,3,True,0.30037774206946877,300.0,180.0,1.0,0.0,0.0,0.0,0.0
2025-01-06 16:05:00+00:00,2025-01-06,2025-01-06:1,True,0,30,True,0.4935897435897436,0.4935897435897436,-0.07309191843996897,True,0,0,3,True,0.0,295.0,185.0,1.0,0.0,0.0,0.0,0.0
2025-01-06 16:10:00+00:00,2025-01-06,2025-01-06:1,True,0,35,True,0.45706371191135736,0.29440064310024905,0.4398812232537208,True,0,0,3,True,0.0,290.0,190.0,1.0,0.0,0.0,0.0,0.0
2025-01-06 16:15:00+00:00,2025-01-06,2025-01-06:1,True,0,40,True,0.5035460992907801,0.3752673856815392,0.29403646527480604,True,0,0,3,True,0.32874276210957853,285.0,195.0,1.0,0.0,0.0,0.0,0.0
2025-01-06 16:20:00+00:00,2025-01-06,2025-01-06:1,True,0,45,True,0.5,0.3217842340628539,0.4407268580322394,True,0,0,3,True,0.2876171911567285,280.0,200.0,1.0,0.0,0.0,0.0,0.0
2025-01-06 16:25:00+00:00,2025-01-06,2025-01-06:1,True,0,50,True,0.43529411764705883,0.43529411764705883,0.0,True,0,0,3,True,0.042778010801951906,275.0,205.0,1.0,0.0,0.0,0.0,0.0
2025-01-06 16:30:00+00:00,2025-01-06,2025-01-06:1,True,0,55,True,0.4251497005988024,0.4251497005988024,0.0,True,0,0,3,True,-0.33716487679230195,270.0,210.0,1.0,0.0,0.0,0.0,0.0
2025-01-06 16:35:00+00:00,2025-01-06,2025-01-06:1,True,0,60,True,0.40061162079510704,0.40061162079510704,-0.31899569321206656,True,0,0,3,True,0.0,265.0,215.0,1.0,0.0,0.0,0.0,0.0
2025-01-06 16:40:00+00:00,2025-01-06,2025-01-06:1,True,0,65,True,0.5245901639344263,0.27496210628681067,0.6459840247573171,True,0,0,3,True,-1.1555713533893428,260.0,220.0,1.0,0.0,0.0,0.0,0.0
2025-01-06 16:45:00+00:00,2025-01-06,2025-01-06:1,True,0,70,True,0.47342995169082125,0.3209512659045264,0.38871467239515517,True,0,0,3,True,0.579461620884752,255.0,225.0,1.0,0.0,0.0,0.0,0.0
2025-01-06 16:50:00+00:00,2025-01-06,2025-01-06:1,True,1,5,True,0.5031446540880503,0.0993535029061071,1.6221934848198898,True,0,0,3,True,0.18729712876257504,250.0,230.0,0.0,1.0,0.0,0.0,0.0
2025-01-06 16:55:00+00:00,2025-01-06,2025-01-06:1,True,0,5,True,0.34,0.34,-1.0854100681193215,True,0,0,3,True,-0.9708202783098883,245.0,235.0,1.0,0.0,0.0,0.0,0.0
2025-01-06 17:00:00+00:00,2025-01-06,2025-01-06:1,True,0,10,True,0.4117647058823529,0.4117647058823529,-0.45614362280781473,True,0,0,3,True,-1.0199681481012974,240.0,240.0,1.0,0.0,0.0,0.0,0.0
2025-01-06 17:05:00+00:00,2025-01-06,2025-01-06:1,True,1,5,True,0.26785714285714285,0.16959033932930845,0.4570680291154822,True,0,0,3,True,-0.2099449934975925,235.0,245.0,0.0,1.0,0.0,0.0,0.0
2025-01-06 17:10:00+00:00,2025-01-06,2025-01-06:1,True,1,10,True,0.6130790190735694,0.1604509979240741,1.3405052460624356,True,0,0,3,True,0.0,230.0,250.0,0.0,1.0,0.0,0.0,0.0
2025-01-06 17:15:00+00:00,2025-01-06,2025-01-06:1,True,1,15,True,0.20710059171597633,0.03552738866843045,1.7629007147425653,True,0,0,3,True,-1.2168653247105747,225.0,255.0,0.0,1.0,0.0,0.0,0.0
2025-01-06 17:20:00+00:00,2025-01-06,2025-01-06:1,True,2,5,True,0.02064896755162242,0.02064896755162242,0.0,True,0,0,3,True,0.0,220.0,260.0,0.0,0.0,1.0,0.0,0.0
2025-01-06 17:25:00+00:00,2025-01-06,2025-01-06:1,True,1,5,True,0.1958041958041958,0.12260066561402161,0.4681827062581713,True,0,0,3,True,1.0468883570830874,215.0,265.0,0.0,1.0,0.0,0.0,0.0
2025-01-06 17:30:00+00:00,2025-01-06,2025-01-06:1,True,2,5,True,0.1583011583011583,0.1583011583011583,0.0,True,0,0,3,True,0.24060165186943427,210.0,270.0,0.0,0.0,1.0,0.0,0.0
2025-01-06 17:35:00+00:00,2025-01-06,2025-01-06:1,True,1,5,True,0.1736842105263158,0.0677430402088974,0.9415170413491062,True,0,0,3,True,-0.019956431500853352,205.0,275.0,0.0,1.0,0.0,0.0,0.0
2025-01-06 17:40:00+00:00,2025-01-06,2025-01-06:1,True,2,5,True,0.358695652173913,0.358695652173913,-1.4525611088123502,True,0,0,3,True,-0.45637084159630653,200.0,280.0,0.0,0.0,1.0,0.0,0.0
2025-01-06 17:45:00+00:00,2025-01-06,2025-01-06:1,True,0,5,True,0.5489130434782609,0.16596782348077777,1.1961461030993392,True,0,0,3,True,0.5349327995097107,195.0,285.0,1.0,0.0,0.0,0.0,0.0
2025-01-06 17:50:00+00:00,2025-01-06,2025-01-06:1,True,0,10,True,0.24,0.18520247910170168,0.2591892151412023,True,0,0,3,True,1.5110602071543016,190.0,290.0,1.0,0.0,0.0,0.0,0.0
2025-01-06 17:55:00+00:00,2025-01-06,2025-01-06:1,True,0,15,True,0.4473684210526316,0.4473684210526316,0.0,True,0,0,3,True,0.0,185.0,295.0,1.0,0.0,0.0,0.0,0.0
2025-01-06 18:00:00+00:00,2025-01-06,2025-01-06:1,True,1,5,True,0.11345646437994723,0.010917548354571122,2.3410477541372385,True,0,0,3,True,2.19721040875853,180.0,300.0,0.0,1.0,0.0,0.0,0.0
2025-01-06 18:05:00+00:00,2025-01-06,2025-01-06:1,True,1,10,True,-0.5656836461126006,0.5656836461126006,0.24730754700653937,True,0,0,3,True,0.7233584385691947,175.0,305.0,0.0,1.0,0.0,0.0,0.0
2025-01-06 18:10:00+00:00,2025-01-06,2025-01-06:1,True,2,5,True,-0.6524216524216524,0.3963053668702764,-0.4985060165225282,True,0,0,3,True,0.7113642800067446,170.0,310.0,0.0,0.0,1.0,0.0,0.0
2025-01-06 18:15:00+00:00,2025-01-06,2025-01-06:1,True,0,5,True,-0.5290697674418605,0.32336977632476765,-0.4923238219247554,True,0,0,3,True,-1.1008695327662545,165.0,315.0,1.0,0.0,0.0,0.0,0.0
2025-01-06 18:20:00+00:00,2025-01-06,2025-01-06:1,True,1,5,True,-0.5267605633802817,0.5267605633802817,0.9650246668845229,True,0,0,3,True,0.4150730434272609,160.0,320.0,0.0,1.0,0.0,0.0,0.0
2025-01-06 18:25:00+00:00,2025-01-06,2025-01-06:1,True,2,5,True,-0.4906832298136646,0.3066990360638745,-0.4699318382777805,True,0,0,3,True,-1.050799535180555,155.0,325.0,0.0,0.0,1.0,0.0,0.0
2025-01-06 18:30:00+00:00,2025-01-06,2025-01-06:1,True,0,5,True,-0.21981424148606812,0.21981424148606812,0.9650246668844688,True,0,0,3,True,0.0,150.0,330.0,1.0,0.0,0.0,0.0,0.0
2025-01-06 18:35:00+00:00,2025-01-06,2025-01-06:1,True,0,10,True,0.23692307692307693,0.14623620912206262,0.48251233344160277,True,0,0,3,True,1.0789303775574688,145.0,335.0,1.0,0.0,0.0,0.0,0.0
2025-01-06 18:40:00+00:00,2025-01-06,2025-01-06:1,True,0,15,True,-0.25878594249201275,0.06248064718333393,-1.421144379388656,True,0,0,3,True,0.0,140.0,340.0,1.0,0.0,0.0,0.0,0.0
2025-01-06 18:45:00+00:00,2025-01-06,2025-01-06:1,True,0,20,True,-0.6489028213166145,0.1485368722841772,-1.4744497438308588,True,0,0,3,True,-1.0989899522063993,135.0,345.0,1.0,0.0,0.0,0.0,0.0
2025-01-06 18:50:00+00:00,2025-01-06,2025-01-06:1,True,3,5,True,-0.7577319587628866,0.16983233015423962,-1.4955180495648372,True,0,0,3,True,-1.1146933401370709,130.0,350.0,0.0,0.0,0.0,1.0,0.0
2025-01-06 18:55:00+00:00,2025-01-06,2025-01-06:1,True,4,5,True,-0.7377892030848329,0.7377892030848329,0.9970120330436364,True,0,0,3,True,1.1146933401338348,125.0,355.0,0.0,0.0,0.0,0.0,1.0
2025-01-06 19:00:00+00:00,2025-01-06,2025-01-06:1,True,4,10,True,-0.7712765957446809,0.7712765957446809,0.9865069063567146,True,0,0,3,True,0.0,120.0,360.0,0.0,0.0,0.0,0.0,1.0
2025-01-06 19:05:00+00:00,2025-01-06,2025-01-06:1,True,3,5,True,-0.87468671679198,0.03765554835438578,-3.1453854742558436,True,0,0,3,True,-0.8791619669836231,115.0,365.0,0.0,0.0,0.0,1.0,0.0
2025-01-06 19:10:00+00:00,2025-01-06,2025-01-06:1,True,3,10,True,-0.7548076923076923,0.349471115200991,-0.7700420924336091,True,0,0,3,True,0.0,110.0,370.0,0.0,0.0,0.0,1.0,0.0
2025-01-06 19:15:00+00:00,2025-01-06,2025-01-06:1,True,3,15,True,-0.6214689265536724,0.089087382755773,-1.94246819543059,True,0,0,3,True,-2.8424003646565827,105.0,375.0,0.0,0.0,0.0,1.0,0.0
2025-01-06 19:20:00+00:00,2025-01-06,2025-01-06:1,True,4,5,True,-0.5638297872340425,0.5638297872340425,0.36580340869365413,True,1,0,3,True,1.4665074471602702,100.0,380.0,0.0,0.0,0.0,0.0,1.0
2025-01-06 19:25:00+00:00,2025-01-06,2025-01-06:1,True,4,10,True,-0.5401301518438177,0.3752733915813991,-0.364155327886363,True,1,0,3,True,0.8142760675226325,95.0,385.0,0.0,0.0,0.0,0.0,1.0
2025-01-06 19:30:00+00:00,2025-01-06,2025-01-06:1,True,3,5,True,-0.4521276595744681,0.21705163787884743,-0.7338292848353138,True,0,1,4,True,0.0,90.0,390.0,0.0,0.0,0.0,1.0,0.0
2025-01-06 19:35:00+00:00,2025-01-06,2025-01-06:1,True,4,5,True,-0.7114427860696517,0.7114427860696517,0.0,True,0,0,4,True,0.0,85.0,395.0,0.0,0.0,0.0,0.0,1.0
2025-01-06 19:40:00+00:00,2025-01-06,2025-01-06:1,True,3,5,True,-0.4752688172043011,0.3276738340987592,-0.37186186951576694,True,0,0,4,True,0.0,80.0,400.0,0.0,0.0,0.0,1.0,0.0
2025-01-06 19:45:00+00:00,2025-01-06,2025-01-06:1,True,0,5,True,-0.5153374233128835,0.5153374233128835,0.0,True,0,0,4,True,0.8332189239623244,75.0,405.0,1.0,0.0,0.0,0.0,0.0
2025-01-06 19:50:00+00:00,2025-01-06,2025-01-06:1,True,3,5,True,-0.3799392097264438,0.18245992805833555,-0.733480688889136,True,0,0,4,True,-0.8200563402709068,70.0,410.0,0.0,0.0,0.0,1.0,0.0
2025-01-06 19:55:00+00:00,2025-01-06,2025-01-06:1,True,0,5,True,-0.11549295774647887,0.11549295774647887,0.3753978780967558,True,0,0,4,True,0.0,65.0,415.0,1.0,0.0,0.0,0.0,0.0
2025-01-06 20:00:00+00:00,2025-01-06,2025-01-06:1,True,0,10,True,-0.16923076923076924,0.16923076923076924,0.3726268308237722,True,0,0,4,True,0.15316720383287263,60.0,420.0,1.0,0.0,0.0,0.0,0.0
2025-01-06 20:05:00+00:00,2025-01-06,2025-01-06:1,True,0,15,True,0.1419141914191419,0.1419141914191419,-0.469200654018096,True,0,0,4,True,0.0,55.0,425.0,1.0,0.0,0.0,0.0,0.0
2025-01-06 20:10:00+00:00,2025-01-06,2025-01-06:1,True,3,5,True,-0.3119533527696793,0.04433793784405063,-1.9510129709736552,True,0,0,4,True,-0.2622635054799453,50.0,430.0,0.0,0.0,0.0,1.0,0.0
2025-01-06 20:15:00+00:00,2025-01-06,2025-01-06:1,True,0,5,True,-0.14482758620689656,0.14482758620689656,0.9683740725421077,True,0,0,4,True,0.8302185851979916,45.0,435.0,1.0,0.0,0.0,0.0,0.0
2025-01-06 20:20:00+00:00,2025-01-06,2025-01-06:1,True,0,10,True,0.07598784194528875,0.07598784194528875,0.0,True,0,0,4,True,0.8959572887539717,40.0,440.0,1.0,0.0,0.0,0.0,0.0
2025-01-06 20:25:00+00:00,2025-01-06,2025-01-06:1,True,0,15,True,-0.30660377358490565,0.30660377358490565,0.0,True,0,0,4,True,0.0,35.0,445.0,1.0,0.0,0.0,0.0,0.0
2025-01-06 20:30:00+00:00,2025-01-06,2025-01-06:1,True,3,5,True,0.10249307479224377,0.10249307479224377,-1.6256957799582077,True,0,0,4,True,-0.8147747331467189,30.0,450.0,0.0,0.0,0.0,1.0,0.0
2025-01-06 20:35:00+00:00,2025-01-06,2025-01-06:1,True,4,5,True,0.17647058823529413,0.10424540723109743,0.5264064192227798,True,1,0,4,True,-1.177080537177733,25.0,455.0,0.0,0.0,0.0,0.0,1.0
2025-01-06 20:40:00+00:00,2025-01-06,2025-01-06:1,True,0,5,True,0.30246913580246915,0.07035907241582018,1.4583675054801386,True,1,0,4,True,0.0,20.0,460.0,1.0,0.0,0.0,0.0,0.0
2025-01-06 20:45:00+00:00,2025-01-06,2025-01-06:1,True,0,10,True,-0.06276150627615062,0.06276150627615062,0.48579831206042023,True,1,0,4,True,0.0,15.0,465.0,1.0,0.0,0.0,0.0,0.0
2025-01-06 20:50:00+00:00,2025-01-06,2025-01-06:1,True,0,15,True,-0.04430379746835443,0.04430379746835443,0.4810906210694654,True,1,0,4,True,0.0,10.0,470.0,1.0,0.0,0.0,0.0,0.0
2025-01-06 20:55:00+00:00,2025-01-06,2025-01-06:1,True,1,5,True,-0.44680851063829785,0.44680851063829785,2.6576836102838324,True,1,0,4,True,1.5447296900107599,5.0,475.0,0.0,1.0,0.0,0.0,0.0
2025-01-06 21:00:00+00:00,2025-01-06,2025-01-06:1,True,1,10,True,-0.24495677233429394,0.24495677233429394,1.614708844928813,True,0,0,4,True,0.20286751066344771,0.0,480.0,0.0,1.0,0.0,0.0,0.0
2025-01-07 13:00:00+00:00,2025-01-07,2025-01-07:1,False,-1,0,False,,,,False,0,0,0,False,,480.0,0.0,,,,,
2025-01-07 13:05:00+00:00,2025-01-07,2025-01-07:1,False,-1,0,True,0.17220543806646527,,,False,0,0,0,False,,475.0,5.0,,,,,
2025-01-07 13:10:00+00:00,2025-01-07,2025-01-07:1,False,-1,0,True,-0.018315018315018316,,,False,0,0,0,False,,470.0,10.0,,,,,
2025-01-07 13:15:00+00:00,2025-01-07,2025-01-07:1,False,-1,0,True,-0.19117647058823528,,,False,0,0,0,False,,465.0,15.0,,,,,
2025-01-07 13:20:00+00:00,2025-01-07,2025-01-07:1,False,-1,0,True,-0.07641196013289037,,,False,0,0,0,False,,460.0,20.0,,,,,
2025-01-07 13:25:00+00:00,2025-01-07,2025-01-07:1,False,-1,0,True,0.13970588235294118,,,False,0,0,0,False,,455.0,25.0,,,,,
2025-01-07 13:30:00+00:00,2025-01-07,2025-01-07:1,False,-1,0,True,-0.00423728813559322,,,False,0,0,0,False,,450.0,30.0,,,,,
2025-01-07 13:35:00+00:00,2025-01-07,2025-01-07:1,False,-1,0,True,-0.16065573770491803,,,False,0,0,0,False,,445.0,35.0,,,,,
2025-01-07 13:40:00+00:00,2025-01-07,2025-01-07:1,False,-1,0,True,-0.04854368932038835,,,False,0,0,0,False,,440.0,40.0,,,,,
2025-01-07 13:45:00+00:00,2025-01-07,2025-01-07:1,False,-1,0,True,0.10469314079422383,,,False,0,0,0,False,,435.0,45.0,,,,,
2025-01-07 13:50:00+00:00,2025-01-07,2025-01-07:1,False,-1,0,True,0.02531645569620253,,,False,0,0,0,False,,430.0,50.0,,,,,
2025-01-07 13:55:00+00:00,2025-01-07,2025-01-07:1,False,-1,0,True,0.40853658536585363,,,False,0,0,0,False,,425.0,55.0,,,,,
2025-01-07 14:00:00+00:00,2025-01-07,2025-01-07:1,False,-1,0,True,0.37037037037037035,,,False,0,0,0,False,,420.0,60.0,,,,,
2025-01-07 14:05:00+00:00,2025-01-07,2025-01-07:1,True,0,5,True,0.16477272727272727,0.16477272727272727,0.0,True,0,0,0,False,,415.0,65.0,1.0,0.0,0.0,0.0,0.0
2025-01-07 14:10:00+00:00,2025-01-07,2025-01-07:1,True,0,10,True,0.28173374613003094,0.0500521606578459,1.7278967874599669,True,0,0,0,False,,410.0,70.0,1.0,0.0,0.0,0.0,0.0
2025-01-07 14:15:00+00:00,2025-01-07,2025-01-07:1,True,0,15,True,0.4896551724137931,0.4896551724137931,0.0,True,0,0,0,False,,405.0,75.0,1.0,0.0,0.0,0.0,0.0
2025-01-07 14:20:00+00:00,2025-01-07,2025-01-07:1,True,0,20,True,0.578125,0.4399709819467681,0.27308133365016923,True,0,0,0,False,,400.0,80.0,1.0,0.0,0.0,0.0,0.0
2025-01-07 14:25:00+00:00,2025-01-07,2025-01-07:1,True,1,5,True,0.7535014005602241,0.33573213331245916,0.808417257076162,True,0,0,0,False,,395.0,85.0,0.0,1.0,0.0,0.0,0.0
2025-01-07 14:30:00+00:00,2025-01-07,2025-01-07:1,True,2,5,True,0.6758241758241759,0.6758241758241759,0.0,True,0,0,0,False,,390.0,90.0,0.0,0.0,1.0,0.0,0.0
2025-01-07 14:35:00+00:00,2025-01-07,2025-01-07:1,True,1,5,True,0.30268199233716475,0.16197787593157525,0.6252229665439932,True,0,0,0,False,,385.0,95.0,0.0,1.0,0.0,0.0,0.0
2025-01-07 14:40:00+00:00,2025-01-07,2025-01-07:1,True,2,5,True,0.1901840490797546,0.1901840490797546,0.0,True,0,0,0,False,,380.0,100.0,0.0,0.0,1.0,0.0,0.0
2025-01-07 14:45:00+00:00,2025-01-07,2025-01-07:1,True,1,5,True,0.3333333333333333,0.1754268827646979,0.641920656642715,True,0,0,0,False,,375.0,105.0,0.0,1.0,0.0,0.0,0.0
2025-01-07 14:50:00+00:00,2025-01-07,2025-01-07:1,True,1,10,True,0.2463768115942029,0.17809922921202548,0.3245212559929931,True,0,0,0,False,,370.0,110.0,0.0,1.0,0.0,0.0,0.0
2025-01-07 14:55:00+00:00,2025-01-07,2025-01-07:1,True,1,15,True,0.11048158640226628,0.05091459443925972,0.7746992580337054,True,0,0,0,False,,365.0,115.0,0.0,1.0,0.0,0.0,0.0
2025-01-07 15:00:00+00:00,2025-01-07,2025-01-07:1,True,1,20,True,0.3768545994065282,0.048549415848379913,2.0492772723826365,True,0,0,0,False,,360.0,120.0,0.0,1.0,0.0,0.0,0.0
2025-01-07 15:05:00+00:00,2025-01-07,2025-01-07:1,True,2,5,True,0.33116883116883117,0.33116883116883117,-0.397859119033195,True,0,0,0,True,-0.8896400356264045,355.0,125.0,0.0,0.0,1.0,0.0,0.0
2025-01-07 15:10:00+00:00,2025-01-07,2025-01-07:1,True,1,5,True,0.04100946372239748,0.010958979795174106,1.3196436697610683,True,0,0,0,True,0.0,350.0,130.0,0.0,1.0,0.0,0.0,0.0
2025-01-07 15:15:00+00:00,2025-01-07,2025-01-07:1,True,1,10,True,0.23183391003460208,0.14951502337344674,0.4386243316865055,True,0,0,0,True,-0.725211844963872,345.0,135.0,0.0,1.0,0.0,0.0,0.0
2025-01-07 15:20:00+00:00,2025-01-07,2025-01-07:1,True,2,5,True,0.12452830188679245,0.10029467657480645,0.21642039592988935,True,0,0,0,True,-0.4839307170166514,340.0,140.0,0.0,0.0,1.0,0.0,0.0
2025-01-07 15:25:00+00:00,2025-01-07,2025-01-07:1,True,2,10,True,0.3020527859237537,0.3020527859237537,-0.6723415298809976,True,0,0,0,True,0.0,335.0,145.0,0.0,0.0,1.0,0.0,0.0
2025-01-07 15:30:00+00:00,2025-01-07,2025-01-07:1,True,3,5,True,0.7535545023696683,0.7535545023696683,-7.294171694678624,True,0,0,0,True,-10.960443431488038,330.0,150.0,0.0,0.0,0.0,1.0,0.0
2025-01-07 15:35:00+00:00,2025-01-07,2025-01-07:1,True,4,5,True,0.9120234604105572,0.747433808700648,0.19901996276706305,True,1,0,0,True,1.1966046878804153,325.0,155.0,0.0,0.0,0.0,0.0,1.0
2025-01-07 15:40:00+00:00,2025-01-07,2025-01-07:1,True,4,10,True,0.8933333333333333,0.4887226208663845,0.6031646937940267,True,1,0,0,True,0.449572418984615,320.0,160.0,0.0,0.0,0.0,0.0,1.0
2025-01-07 15:45:00+00:00,2025-01-07,2025-01-07:1,True,4,15,True,0.7601918465227818,0.2597236973442539,1.073952467635883,True,0,0,0,True,-0.3851897684872996,315.0,165.0,0.0,0.0,0.0,0.0,1.0
2025-01-07 15:50:00+00:00,2025-01-07,2025-01-07:1,True,4,20,True,0.6325301204819277,0.6325301204819277,0.0,True,0,0,0,True,0.0,310.0,170.0,0.0,0.0,0.0,0.0,1.0
2025-01-07 15:55:00+00:00,2025-01-07,2025-01-07:1,True,0,5,True,0.7474747474747475,0.5596965367047788,0.2893057839441767,True,0,0,0,True,0.0,305.0,175.0,1.0,0.0,0.0,0.0,0.0
2025-01-07 16:00:00+00:00,2025-01-07,2025-01-07:1,True,1,5,True,0.8061224489795918,0.16400254312901033,1.5923537181904095,True,0,0,0,True,0.0,300.0,180.0,0.0,1.0,0.0,0.0,0.0
2025-01-07 16:05:00+00:00,2025-01-07,2025-01-07:1,True,1,10,True,0.6448598130841121,0.4046620670273568,0.4659806327199891,True,0,0,0,True,0.4633358930544314,295.0,185.0,0.0,1.0,0.0,0.0,0.0
2025-01-07 16:10:00+00:00,2025-01-07,2025-01-07:1,True,1,15,True,0.7741935483870968,0.402852669031291,0.6532509952712302,True,0,0,0,True,0.8346935038831816,290.0,190.0,0.0,1.0,0.0,0.0,0.0
2025-01-07 16:15:00+00:00,2025-01-07,2025-01-07:1,True,2,5,True,0.8592964824120602,0.8592964824120602,0.0,True,0,0,0,True,0.0,285.0,195.0,0.0,0.0,1.0,0.0,0.0
2025-01-07 16:20:00+00:00,2025-01-07,2025-01-07:1,True,1,5,True,0.7955801104972375,0.38024163496062774,0.7382646151835053,True,0,0,0,True,0.8254049324671071,280.0,200.0,0.0,1.0,0.0,0.0,0.0
2025-01-07 16:25:00+00:00,2025-01-07,2025-01-07:1,True,2,5,True,0.7398373983739838,0.7398373983739838,0.0,True,0,0,0,True,0.40787400160336046,275.0,205.0,0.0,0.0,1.0,0.0,0.0
2025-01-07 16:30:00+00:00,2025-01-07,2025-01-07:1,True,1,5,True,0.5139664804469274,0.35266590706859596,0.3766368803123727,True,0,0,0,True,0.059961452332274054,270.0,210.0,0.0,1.0,0.0,0.0,0.0
2025-01-07 16:35:00+00:00,2025-01-07,2025-01-07:1,True,1,10,True,0.35376044568245124,0.18220068266885833,0.6635112453231917,True,0,0,0,True,0.741828124189098,265.0,215.0,0.0,1.0,0.0,0.0,0.0
2025-01-07 16:40:00+00:00,2025-01-07,2025-01-07:1,True,1,15,True,0.6043956043956044,0.309340004100519,0.6697879488320618,True,0,0,0,True,0.7488456920482565,260.0,220.0,0.0,1.0,0.0,0.0,0.0
2025-01-07 16:45:00+00:00,2025-01-07,2025-01-07:1,True,1,20,True,0.6222910216718266,0.10126342257201323,1.8156825980058733,True,0,0,0,True,0.9256410254122877,255.0,225.0,0.0,1.0,0.0,0.0,0.0
2025-01-07 16:50:00+00:00,2025-01-07,2025-01-07:1,True,1,25,True,0.7067448680351907,0.485762286128476,0.37495035414098693,True,0,0,0,True,-0.7388228851239392,250.0,230.0,0.0,1.0,0.0,0.0,0.0
2025-01-07 16:55:00+00:00,2025-01-07,2025-01-07:1,True,1,30,True,0.5431754874651811,0.25805728313511783,0.7442508611249843,True,0,0,0,True,0.0887892175331525,245.0,235.0,0.0,1.0,0.0,0.0,0.0
2025-01-07 17:00:00+00:00,2025-01-07,2025-01-07:1,True,2,5,True,0.05806451612903226,0.03793045288366261,0.4258004437837512,True,0,0,0,True,-0.8290238729118414,240.0,240.0,0.0,0.0,1.0,0.0,0.0
2025-01-07 17:05:00+00:00,2025-01-07,2025-01-07:1,True,1,5,True,0.5400516795865633,0.13379653684006204,1.395344573666666,True,0,0,0,True,1.0400284395866801,235.0,245.0,0.0,1.0,0.0,0.0,0.0
2025-01-07 17:10:00+00:00,2025-01-07,2025-01-07:1,True,2,5,True,0.3782051282051282,0.23757459478842735,0.46495505815776966,True,0,0,0,True,0.0,230.0,250.0,0.0,0.0,1.0,0.0,0.0
2025-01-07 17:15:00+00:00,2025-01-07,2025-01-07:1,True,2,10,True,0.5666666666666667,0.5666666666666667,-0.4861225018264861,True,0,0,0,True,0.0,225.0,255.0,0.0,0.0,1.0,0.0,0.0
2025-01-07 17:20:00+00:00,2025-01-07,2025-01-07:1,True,1,5,True,0.40145985401459855,0.24690040496790044,0.4861225018264861,True,0,0,0,True,-0.1444568588724974,220.0,260.0,0.0,1.0,0.0,0.0,0.0
2025-01-07 17:25:00+00:00,2025-01-07,2025-01-07:1,True,1,10,True,0.34277620396600567,0.07492864574699551,1.520541497008088,True,0,0,0,True,0.09702101807281209,215.0,265.0,0.0,1.0,0.0,0.0,0.0
2025-01-07 17:30:00+00:00,2025-01-07,2025-01-07:1,True,2,5,True,-0.10240963855421686,0.035176105127700946,-1.068613814187658,True,0,0,0,True,-2.2936303389293085,210.0,270.0,0.0,0.0,1.0,0.0,0.0
2025-01-07 17:35:00+00:00,2025-01-07,2025-01-07:1,True,0,5,True,0.01907356948228883,0.011376119302048559,0.5167872198067531,True,0,0,0,True,1.155571353391026,205.0,275.0,1.0,0.0,0.0,0.0,0.0
2025-01-07 17:40:00+00:00,2025-01-07,2025-01-07:1,True,0,10,True,0.010526315789473684,0.010526315789473684,0.0,True,0,0,0,True,0.0,200.0,280.0,1.0,0.0,0.0,0.0,0.0
2025-01-07 17:45:00+00:00,2025-01-07,2025-01-07:1,True,0,15,True,-0.02631578947368421,0.02631578947368421,0.0,True,0,0,0,True,-0.5432020470838902,195.0,285.0,1.0,0.0,0.0,0.0,0.0
2025-01-07 17:50:00+00:00,2025-01-07,2025-01-07:1,True,1,5,True,0.20743034055727555,0.007384171065079586,3.335456911224803,True,0,0,0,True,2.4861027965078915,190.0,290.0,0.0,1.0,0.0,0.0,0.0
2025-01-07 17:55:00+00:00,2025-01-07,2025-01-07:1,True,1,10,True,-0.021406727828746176,0.021406727828746176,0.5519485121534501,True,0,0,0,True,1.2341943932549835,185.0,295.0,0.0,1.0,0.0,0.0,0.0
2025-01-07 18:00:00+00:00,2025-01-07,2025-01-07:1,True,1,15,True,-0.4723618090452261,0.4723618090452261,1.0651832633951697,True,0,0,0,True,2.377541055114135,180.0,300.0,0.0,1.0,0.0,0.0,0.0
2025-01-07 18:05:00+00:00,2025-01-07,2025-01-07:1,True,2,5,True,-0.9498861047835991,0.5941557163151185,-0.4692006540194325,True,0,0,0,True,0.0,175.0,305.0,0.0,0.0,1.0,0.0,0.0
2025-01-07 18:10:00+00:00,2025-01-07,2025-01-07:1,True,2,10,True,-0.898989898989899,0.5658189539129075,-0.4629976409574606,True,0,0,0,True,-2.0786476613123495,170.0,310.0,0.0,0.0,1.0,0.0,0.0
2025-01-07 18:15:00+00:00,2025-01-07,2025-01-07:1,True,0,5,True,-0.9259259259259259,0.11428563495054869,-2.0920933534163346,True,0,0,0,True,-0.9356125907044788,165.0,315.0,1.0,0.0,0.0,0.0,0.0
2025-01-07 18:20:00+00:00,2025-01-07,2025-01-07:1,True,3,5,True,-0.907103825136612,0.41456811684516476,-0.7830196184531811,True,0,0,0,True,-0.5265758104574266,160.0,320.0,0.0,0.0,0.0,1.0,0.0
2025-01-07 18:25:00+00:00,2025-01-07,2025-01-07:1,True,3,10,True,-0.8861788617886179,0.4005421429990982,-0.7940998189010241,True,0,0,0,True,1.3357926608395332,155.0,325.0,0.0,0.0,0.0,1.0,0.0
2025-01-07 18:30:00+00:00,2025-01-07,2025-01-07:1,True,4,5,True,-0.883008356545961,0.7251487554285958,-0.1969578506614697,True,0,0,0,True,0.8808222855650997,150.0,330.0,0.0,0.0,0.0,0.0,1.0
2025-01-07 18:35:00+00:00,2025-01-07,2025-01-07:1,True,3,5,True,-0.8617710583153347,0.13191269962862684,-1.876849304448459,True,0,0,0,True,-0.8393525256530364,145.0,335.0,0.0,0.0,0.0,1.0,0.0
2025-01-07 18:40:00+00:00,2025-01-07,2025-01-07:1,True,4,5,True,-0.8972972972972973,0.8972972972972973,0.0,True,0,0,0,True,-0.4118076987342714,140.0,340.0,0.0,0.0,0.0,0.0,1.0
2025-01-07 18:45:00+00:00,2025-01-07,2025-01-07:1,True,3,5,True,-0.7829457364341085,0.21589969552842866,-1.2882494641854556,True,0,0,0,True,0.0,135.0,345.0,0.0,0.0,0.0,1.0,0.0
2025-01-07 18:50:00+00:00,2025-01-07,2025-01-07:1,True,3,10,True,-0.8753709198813057,0.2807056876516143,-1.137340959421522,True,0,0,0,True,0.0,130.0,350.0,0.0,0.0,0.0,1.0,0.0
2025-01-07 18:55:00+00:00,2025-01-07,2025-01-07:1,True,4,5,True,-0.7894736842105263,0.7894736842105263,0.37911365314122564,True,0,0,0,True,-0.8477238996196478,125.0,355.0,0.0,0.0,0.0,0.0,1.0
2025-01-07 19:00:00+00:00,2025-01-07,2025-01-07:1,True,3,5,True,-0.8657074340527577,0.04446641631991708,-2.9688128007055234,True,0,0,0,True,-2.8239005145636313,120.0,360.0,0.0,0.0,0.0,1.0,0.0
2025-01-07 19:05:00+00:00,2025-01-07,2025-01-07:1,True,4,5,True,-0.6079545454545454,0.6079545454545454,0.0,True,0,0,0,True,-0.8262003503362068,115.0,365.0,0.0,0.0,0.0,0.0,1.0
2025-01-07 19:10:00+00:00,2025-01-07,2025-01-07:1,True,4,10,True,-0.7626262626262627,0.5239118776310072,-0.3754445873839678,True,0,0,0,True,0.0,110.0,370.0,0.0,0.0,0.0,0.0,1.0
2025-01-07 19:15:00+00:00,2025-01-07,2025-01-07:1,True,3,5,True,-0.739413680781759,0.05056796068949627,-2.682539361085696,True,0,0,0,True,-3.7419572906164995,105.0,375.0,0.0,0.0,0.0,1.0,0.0
2025-01-07 19:20:00+00:00,2025-01-07,2025-01-07:1,True,3,10,True,-0.4984126984126984,0.08662960316743332,-1.7497868503885832,True,0,0,0,True,-0.7825284687203804,100.0,380.0,0.0,0.0,0.0,1.0,0.0
2025-01-07 19:25:00+00:00,2025-01-07,2025-01-07:1,True,4,5,True,-0.7384615384615385,0.5242060825311344,-0.34268412571735996,True,0,0,0,True,-0.20913561608391878,95.0,385.0,0.0,0.0,0.0,0.0,1.0
2025-01-07 19:30:00+00:00,2025-01-07,2025-01-07:1,True,3,5,True,-0.7432432432432432,0.3923533822845809,-0.6388604518940674,True,0,0,0,True,-0.7142676992856845,90.0,390.0,0.0,0.0,0.0,1.0,0.0
2025-01-07 19:35:00+00:00,2025-01-07,2025-01-07:1,True,4,5,True,-0.6156351791530945,0.6156351791530945,0.15844993839907476,True,1,0,0,True,0.0,85.0,395.0,0.0,0.0,0.0,0.0,1.0
2025-01-07 19:40:00+00:00,2025-01-07,2025-01-07:1,True,3,5,True,-0.5114942528735632,0.0692764348455886,-1.9992315466506796,True,0,1,1,True,-0.5400126264165519,80.0,400.0,0.0,0.0,0.0,1.0,0.0
2025-01-07 19:45:00+00:00,2025-01-07,2025-01-07:1,True,4,5,True,-0.49044585987261147,0.49044585987261147,0.0,True,0,0,1,True,0.0,75.0,405.0,0.0,0.0,0.0,0.0,1.0
2025-01-07 19:50:00+00:00,2025-01-07,2025-01-07:1,True,4,10,True,-0.5264623955431755,0.5264623955431755,0.5938295588915787,True,1,0,1,True,-0.6152183278098337,70.0,410.0,0.0,0.0,0.0,0.0,1.0
2025-01-07 19:55:00+00:00,2025-01-07,2025-01-07:1,True,0,5,True,-0.6859504132231405,0.6859504132231405,0.30135660433398026,True,1,0,1,True,0.6091382500626669,65.0,415.0,1.0,0.0,0.0,0.0,0.0
2025-01-07 20:00:00+00:00,2025-01-07,2025-01-07:1,True,3,5,True,-0.391025641025641,0.04501842355769704,-2.16170131752871,True,0,1,2,True,-2.155563507986454,60.0,420.0,0.0,0.0,0.0,1.0,0.0
2025-01-07 20:05:00+00:00,2025-01-07,2025-01-07:1,True,4,5,True,-0.4027777777777778,0.344472576315853,-0.15637050697555271,True,0,0,2,True,-0.6010898853061529,55.0,425.0,0.0,0.0,0.0,0.0,1.0
2025-01-07 20:10:00+00:00,2025-01-07,2025-01-07:1,True,0,5,True,-0.5025380710659898,0.5025380710659898,0.2825435662122279,True,0,0,2,True,0.45630127377872,50.0,430.0,1.0,0.0,0.0,0.0,0.0
2025-01-07 20:15:00+00:00,2025-01-07,2025-01-07:1,True,0,10,True,-0.2620689655172414,0.2620689655172414,0.6962176579748681,True,0,0,2,True,0.6227160041480635,45.0,435.0,1.0,0.0,0.0,0.0,0.0
2025-01-07 20:20:00+00:00,2025-01-07,2025-01-07:1,True,0,15,True,-0.48672566371681414,0.3575741387226156,-0.30835792382639937,True,0,0,2,True,0.0,40.0,440.0,1.0,0.0,0.0,0.0,0.0
2025-01-07 20:25:00+00:00,2025-01-07,2025-01-07:1,True,3,5,True,-0.7408450704225352,0.21326018885663883,-1.2452785575249352,True,0,0,2,True,-0.5699503333466039,35.0,445.0,0.0,0.0,0.0,1.0,0.0
2025-01-07 20:30:00+00:00,2025-01-07,2025-01-07:1,True,0,5,True,-0.5709779179810726,0.29225563765980384,-0.6697216456663135,True,0,0,2,True,-0.7487715628575163,30.0,450.0,1.0,0.0,0.0,0.0,0.0
2025-01-07 20:35:00+00:00,2025-01-07,2025-01-07:1,True,0,10,True,-0.7350649350649351,0.7350649350649351,0.0,True,0,0,2,True,-0.7634998036066681,25.0,455.0,1.0,0.0,0.0,0.0,0.0
2025-01-07 20:40:00+00:00,2025-01-07,2025-01-07:1,True,3,5,True,-0.7735849056603774,0.5424996988170493,-0.3548479018958086,True,0,0,2,True,1.5869280606266645,20.0,460.0,0.0,0.0,0.0,1.0,0.0
2025-01-07 20:45:00+00:00,2025-01-07,2025-01-07:1,True,3,10,True,-0.8156424581005587,0.576992831440696,-0.3461462522650763,True,0,0,2,True,0.1135914477303266,15.0,465.0,0.0,0.0,0.0,1.0,0.0
2025-01-07 20:50:00+00:00,2025-01-07,2025-01-07:1,True,4,5,True,-0.7312072892938497,0.7312072892938497,0.0,True,0,0,2,True,0.0,10.0,470.0,0.0,0.0,0.0,0.0,1.0
2025-01-07 20:55:00+00:00,2025-01-07,2025-01-07:1,True,0,5,True,-0.6784565916398714,0.6784565916398714,1.0715946116484887,True,0,0,2,True,-0.5551419735786355,5.0,475.0,1.0,0.0,0.0,0.0,0.0
2025-01-07 21:00:00+00:00,2025-01-07,2025-01-07:1,True,0,10,True,-0.6746987951807228,0.6746987951807228,0.0,True,0,0,2,True,0.0,0.0,480.0,1.0,0.0,0.0,0.0,0.0
2025-01-08 13:00:00+00:00,2025-01-08,2025-01-08:1,False,-1,0,False,,,,False,0,0,0,False,,480.0,0.0,,,,,
2025-01-08 13:05:00+00:00,2025-01-08,2025-01-08:1,False,-1,0,True,-0.05154639175257732,,,False,0,0,0,False,,475.0,5.0,,,,,
2025-01-08 13:10:00+00:00,2025-01-08,2025-01-08:1,False,-1,0,True,-0.1056338028169014,,,False,0,0,0,False,,470.0,10.0,,,,,
2025-01-08 13:15:00+00:00,2025-01-08,2025-01-08:1,False,-1,0,True,-0.5317073170731708,,,False,0,0,0,False,,465.0,15.0,,,,,
2025-01-08 13:20:00+00:00,2025-01-08,2025-01-08:1,False,-1,0,True,-0.5402985074626866,,,False,0,0,0,False,,460.0,20.0,,,,,
2025-01-08 13:25:00+00:00,2025-01-08,2025-01-08:1,False,-1,0,True,-0.3174061433447099,,,False,0,0,0,False,,455.0,25.0,,,,,
2025-01-08 13:30:00+00:00,2025-01-08,2025-01-08:1,False,-1,0,True,-0.45821325648414984,,,False,0,0,0,False,,450.0,30.0,,,,,
2025-01-08 13:35:00+00:00,2025-01-08,2025-01-08:1,False,-1,0,True,-0.04854368932038835,,,False,0,0,0,False,,445.0,35.0,,,,,
2025-01-08 13:40:00+00:00,2025-01-08,2025-01-08:1,False,-1,0,True,-0.050505050505050504,,,False,0,0,0,False,,440.0,40.0,,,,,
2025-01-08 13:45:00+00:00,2025-01-08,2025-01-08:1,False,-1,0,True,0.3739130434782609,,,False,0,0,0,False,,435.0,45.0,,,,,
2025-01-08 13:50:00+00:00,2025-01-08,2025-01-08:1,False,-1,0,True,0.07650273224043716,,,False,0,0,0,False,,430.0,50.0,,,,,
2025-01-08 13:55:00+00:00,2025-01-08,2025-01-08:1,False,-1,0,True,0.3125,,,False,0,0,0,False,,425.0,55.0,,,,,
2025-01-08 14:00:00+00:00,2025-01-08,2025-01-08:1,False,-1,0,True,0.42483660130718953,,,False,0,0,0,False,,420.0,60.0,,,,,
2025-01-08 14:05:00+00:00,2025-01-08,2025-01-08:1,True,2,5,True,0.15119363395225463,0.15119363395225463,0.0,True,0,0,0,False,,415.0,65.0,0.0,0.0,1.0,0.0,0.0
2025-01-08 14:10:00+00:00,2025-01-08,2025-01-08:1,True,1,5,True,0.34868421052631576,0.12646362358617372,1.014211965457487,True,0,0,0,False,,410.0,70.0,0.0,1.0,0.0,0.0,0.0
2025-01-08 14:15:00+00:00,2025-01-08,2025-01-08:1,True,1,10,True,0.14195583596214512,0.08717712026098398,0.4875740807166732,True,0,0,0,False,,405.0,75.0,0.0,1.0,0.0,0.0,0.0
2025-01-08 14:20:00+00:00,2025-01-08,2025-01-08:1,True,1,15,True,0.4252336448598131,0.1282221062895217,1.1988748049002291,True,0,0,0,False,,400.0,80.0,0.0,1.0,0.0,0.0,0.0
2025-01-08 14:25:00+00:00,2025-01-08,2025-01-08:1,True,0,5,True,0.2807570977917981,0.22125898516704415,0.2381559808490653,True,0,0,0,False,,395.0,85.0,1.0,0.0,0.0,0.0,0.0
2025-01-08 14:30:00+00:00,2025-01-08,2025-01-08:1,True,2,5,True,0.2675324675324675,0.2675324675324675,-0.11800401220453265,True,0,0,0,False,,390.0,90.0,0.0,0.0,1.0,0.0,0.0
2025-01-08 14:35:00+00:00,2025-01-08,2025-01-08:1,True,2,10,True,0.2298507462686567,0.18020079331800049,0.24335842141557215,True,0,0,0,False,,385.0,95.0,0.0,0.0,1.0,0.0,0.0
2025-01-08 14:40:00+00:00,2025-01-08,2025-01-08:1,True,1,5,True,0.5886889460154242,0.46315628463286823,0.23983339398496833,True,0,0,0,False,,380.0,100.0,0.0,1.0,0.0,0.0,0.0
2025-01-08 14:45:00+00:00,2025-01-08,2025-01-08:1,True,0,5,True,0.6617647058823529,0.6617647058823529,-0.8205089261616282,True,0,0,0,False,,375.0,105.0,1.0,0.0,0.0,0.0,0.0
2025-01-08 14:50:00+00:00,2025-01-08,2025-01-08:1,True,0,10,True,0.7134831460674157,0.7134831460674157,0.0,True,0,0,0,False,,370.0,110.0,1.0,0.0,0.0,0.0,0.0
2025-01-08 14:55:00+00:00,2025-01-08,2025-01-08:1,True,0,15,True,0.48242811501597443,0.48242811501597443,-0.5771210558139946,True,0,0,0,False,,365.0,115.0,1.0,0.0,0.0,0.0,0.0
2025-01-08 15:00:00+00:00,2025-01-08,2025-01-08:1,True,0,20,True,0.5411471321695761,0.28236361785945974,0.6504955398389111,True,0,0,0,False,,360.0,120.0,1.0,0.0,0.0,0.0,0.0
2025-01-08 15:05:00+00:00,2025-01-08,2025-01-08:1,True,0,25,True,0.3581081081081081,0.3581081081081081,-0.3421242129127966,True,0,0,0,True,-1.2838664192975322,355.0,125.0,1.0,0.0,0.0,0.0,0.0
2025-01-08 15:10:00+00:00,2025-01-08,2025-01-08:1,True,0,30,True,0.5014492753623189,0.12176983767192288,1.415369770001705,True,0,0,0,True,0.7912157547572004,350.0,130.0,1.0,0.0,0.0,0.0,0.0
2025-01-08 15:15:00+00:00,2025-01-08,2025-01-08:1,True,0,35,True,0.32063492063492066,0.32063492063492066,-0.3858804579810928,True,0,0,0,True,0.0,345.0,135.0,1.0,0.0,0.0,0.0,0.0
2025-01-08 15:20:00+00:00,2025-01-08,2025-01-08:1,True,0,40,True,0.5346260387811634,0.23689798922426641,0.8139378862925983,True,0,0,0,True,0.0,340.0,140.0,1.0,0.0,0.0,0.0,0.0
2025-01-08 15:25:00+00:00,2025-01-08,2025-01-08:1,True,1,5,True,0.5103092783505154,0.14454988334577312,1.2613923086078125,True,0,0,0,True,1.2511913848180638,335.0,145.0,0.0,1.0,0.0,0.0,0.0
2025-01-08 15:30:00+00:00,2025-01-08,2025-01-08:1,True,0,5,True,0.7327188940092166,0.7327188940092166,-1.22316223418596,True,0,0,0,True,-6.381839107349892,330.0,150.0,1.0,0.0,0.0,0.0,0.0
2025-01-08 15:35:00+00:00,2025-01-08,2025-01-08:1,True,0,10,True,0.7796143250688705,0.7796143250688705,-0.5801309232009878,True,0,0,0,True,0.09826284437962408,325.0,155.0,1.0,0.0,0.0,0.0,0.0
2025-01-08 15:40:00+00:00,2025-01-08,2025-01-08:1,True,0,15,True,0.7402597402597403,0.41419070962627536,0.5806746059337172,True,0,0,0,True,0.4444444685087564,320.0,160.0,1.0,0.0,0.0,0.0,0.0
2025-01-08 15:45:00+00:00,2025-01-08,2025-01-08:1,True,0,20,True,0.8324022346368715,0.34794928832304095,0.8722590331406778,True,0,0,0,True,0.9494464620354948,315.0,165.0,1.0,0.0,0.0,0.0,0.0
2025-01-08 15:50:00+00:00,2025-01-08,2025-01-08:1,True,0,25,True,0.5693215339233039,0.5693215339233039,-0.2873590566375282,True,0,0,0,True,0.3843756167555407,310.0,170.0,1.0,0.0,0.0,0.0,0.0
2025-01-08 15:55:00+00:00,2025-01-08,2025-01-08:1,True,0,30,True,0.686046511627907,0.16251768945098533,1.4401585726292665,True,0,0,0,True,0.40804513522249075,305.0,175.0,1.0,0.0,0.0,0.0,0.0
2025-01-08 16:00:00+00:00,2025-01-08,2025-01-08:1,True,1,5,True,0.47277936962750716,0.1308150626818782,1.2848442401690445,True,0,0,0,True,0.23960454235609713,300.0,180.0,0.0,1.0,0.0,0.0,0.0
2025-01-08 16:05:00+00:00,2025-01-08,2025-01-08:1,True,1,10,True,0.5967302452316077,0.11259585981304632,1.6676602146927473,True,0,0,0,True,1.0180863353085046,295.0,185.0,0.0,1.0,0.0,0.0,0.0
2025-01-08 16:10:00+00:00,2025-01-08,2025-01-08:1,True,2,5,True,0.578125,0.578125,-1.288403867414537,True,0,0,0,True,0.5761917260018512,290.0,190.0,0.0,0.0,1.0,0.0,0.0
2025-01-08 16:15:00+00:00,2025-01-08,2025-01-08:1,True,2,10,True,0.6938271604938272,0.6938271604938272,0.0,True,0,0,0,True,0.7335408536487549,285.0,195.0,0.0,0.0,1.0,0.0,0.0
2025-01-08 16:20:00+00:00,2025-01-08,2025-01-08:1,True,1,5,True,0.632183908045977,0.15916766962193193,1.3792221730375773,True,0,0,0,True,0.2803667759076194,280.0,200.0,0.0,1.0,0.0,0.0,0.0
2025-01-08 16:25:00+00:00,2025-01-08,2025-01-08:1,True,2,5,True,0.5,0.5,0.0,True,0,0,0,True,0.0,275.0,205.0,0.0,0.0,1.0,0.0,0.0
2025-01-08 16:30:00+00:00,2025-01-08,2025-01-08:1,True,0,5,True,0.1951219512195122,0.1951219512195122,-0.37285032689083697,True,0,0,0,True,-0.8337186763609293,270.0,210.0,1.0,0.0,0.0,0.0,0.0
2025-01-08 16:35:00+00:00,2025-01-08,2025-01-08:1,True,0,10,True,0.13836477987421383,0.13836477987421383,0.0,True,0,0,0,True,0.13613540083729286,265.0,215.0,1.0,0.0,0.0,0.0,0.0
2025-01-08 16:40:00+00:00,2025-01-08,2025-01-08:1,True,3,5,True,-0.12041884816753927,0.0037298901360893616,-3.4745972877742526,True,0,0,0,True,-3.237264887458792,260.0,220.0,0.0,0.0,0.0,1.0,0.0
2025-01-08 16:45:00+00:00,2025-01-08,2025-01-08:1,True,0,5,True,-0.0945945945945946,0.0945945945945946,0.8145918718793898,True,0,0,0,True,1.312133538646615,255.0,225.0,1.0,0.0,0.0,0.0,0.0
2025-01-08 16:50:00+00:00,2025-01-08,2025-01-08:1,True,3,5,True,0.19205298013245034,0.19205298013245034,-1.554711229241754,True,0,0,0,True,-0.5013059589844293,250.0,230.0,0.0,0.0,0.0,1.0,0.0
2025-01-08 16:55:00+00:00,2025-01-08,2025-01-08:1,True,4,5,True,0.09395973154362416,0.055873987646468615,0.5197673680663468,True,0,0,0,True,-0.6880672452392388,245.0,235.0,0.0,0.0,0.0,0.0,1.0
2025-01-08 17:00:00+00:00,2025-01-08,2025-01-08:1,True,4,10,True,0.5331412103746398,0.1520118448396218,1.2548278797269852,True,0,0,0,True,0.5611760878272508,240.0,240.0,0.0,0.0,0.0,0.0,1.0
2025-01-08 17:05:00+00:00,2025-01-08,2025-01-08:1,True,3,5,True,0.40524781341107874,0.40524781341107874,-0.4702069149850187,True,0,0,0,True,0.5257073126977361,235.0,245.0,0.0,0.0,0.0,1.0,0.0
2025-01-08 17:10:00+00:00,2025-01-08,2025-01-08:1,True,0,5,True,0.5041782729805014,0.5041782729805014,-1.0284030655107406,True,0,0,0,True,-0.7665263875837284,230.0,250.0,1.0,0.0,0.0,0.0,0.0
2025-01-08 17:15:00+00:00,2025-01-08,2025-01-08:1,True,0,10,True,0.7118997912317327,0.7118997912317327,-0.33548128069836486,True,0,0,0,True,-0.5079398445864038,225.0,255.0,1.0,0.0,0.0,0.0,0.0
2025-01-08 17:20:00+00:00,2025-01-08,2025-01-08:1,True,0,15,True,0.5195822454308094,0.21793054859290745,0.8688486869319013,True,0,0,0,True,-0.48570118153632647,220.0,260.0,1.0,0.0,0.0,0.0,0.0
2025-01-08 17:25:00+00:00,2025-01-08,2025-01-08:1,True,0,20,True,0.5617977528089888,0.26115365616461816,0.7660329596464013,True,0,0,0,True,0.0,215.0,265.0,1.0,0.0,0.0,0.0,0.0
2025-01-08 17:30:00+00:00,2025-01-08,2025-01-08:1,True,0,25,True,0.7888563049853372,0.3041392458163048,0.9530985393166603,True,0,0,0,True,-0.5412658876178722,210.0,270.0,1.0,0.0,0.0,0.0,0.0
2025-01-08 17:35:00+00:00,2025-01-08,2025-01-08:1,True,0,30,True,0.6693766937669376,0.6693766937669376,-0.3199551732624745,True,0,0,0,True,-0.21458925236807913,205.0,275.0,1.0,0.0,0.0,0.0,0.0
2025-01-08 17:40:00+00:00,2025-01-08,2025-01-08:1,True,1,5,True,0.8432304038004751,0.10136283333667512,2.1185337459497835,True,0,0,0,True,-0.05075884086898891,200.0,280.0,0.0,1.0,0.0,0.0,0.0
2025-01-08 17:45:00+00:00,2025-01-08,2025-01-08:1,True,1,10,True,0.713527851458886,0.4565136225537198,0.44660293024559394,True,0,0,0,True,-0.05385757418131324,195.0,285.0,0.0,1.0,0.0,0.0,0.0
2025-01-08 17:50:00+00:00,2025-01-08,2025-01-08:1,True,2,5,True,0.8153846153846154,0.6456288871402905,0.2334350620427999,True,0,0,0,True,-1.08813621264261,190.0,290.0,0.0,0.0,1.0,0.0,0.0
2025-01-08 17:55:00+00:00,2025-01-08,2025-01-08:1,True,1,5,True,0.6455696202531646,0.40298135193859724,0.4712427714686094,True,0,0,0,True,0.015173484329476992,185.0,295.0,0.0,1.0,0.0,0.0,0.0
2025-01-08 18:00:00+00:00,2025-01-08,2025-01-08:1,True,1,10,True,0.170018281535649,0.05691828182679388,1.094289382702913,True,0,0,0,True,1.3124554725213153,180.0,300.0,0.0,1.0,0.0,0.0,0.0
2025-01-08 18:05:00+00:00,2025-01-08,2025-01-08:1,True,1,15,True,-0.3236994219653179,0.3236994219653179,1.2975630348816904,True,0,0,0,True,-0.36121206187027083,175.0,305.0,0.0,1.0,0.0,0.0,0.0
2025-01-08 18:10:00+00:00,2025-01-08,2025-01-08:1,True,2,5,True,-0.48036253776435045,0.48036253776435045,0.29085721737454784,True,0,0,0,True,0.6145231262300214,170.0,310.0,0.0,0.0,1.0,0.0,0.0
2025-01-08 18:15:00+00:00,2025-01-08,2025-01-08:1,True,2,10,True,-0.21407624633431085,0.13617908608597126,-0.4523614138885003,True,0,0,0,True,0.0,165.0,315.0,0.0,0.0,1.0,0.0,0.0
2025-01-08 18:20:00+00:00,2025-01-08,2025-01-08:1,True,2,15,True,0.03678929765886288,0.03678929765886288,-1.2894823260461397,True,0,0,0,True,-1.479319593879369,160.0,320.0,0.0,0.0,1.0,0.0,0.0
2025-01-08 18:25:00+00:00,2025-01-08,2025-01-08:1,True,1,5,True,0.01694915254237288,0.008822807839937568,0.6528776665208013,True,0,0,0,True,0.036580849608639214,155.0,325.0,0.0,1.0,0.0,0.0,0.0
2025-01-08 18:30:00+00:00,2025-01-08,2025-01-08:1,True,0,5,True,0.04678362573099415,0.04678362573099415,-0.3340483813061748,True,0,0,0,True,0.0,150.0,330.0,1.0,0.0,0.0,0.0,0.0
2025-01-08 18:35:00+00:00,2025-01-08,2025-01-08:1,True,0,10,True,0.1952662721893491,0.1952662721893491,-0.31536591899249705,True,0,0,0,True,1.4341855225434994,145.0,335.0,1.0,0.0,0.0,0.0,0.0
2025-01-08 18:40:00+00:00,2025-01-08,2025-01-08:1,True,0,15,True,0.15168539325842698,0.019754428572580144,2.0384308969603353,True,0,0,0,True,0.7596783421724769,140.0,340.0,1.0,0.0,0.0,0.0,0.0
2025-01-08 18:45:00+00:00,2025-01-08,2025-01-08:1,True,0,20,True,-0.3082706766917293,0.3082706766917293,0.0,True,0,0,0,True,0.0,135.0,345.0,1.0,0.0,0.0,0.0,0.0
2025-01-08 18:50:00+00:00,2025-01-08,2025-01-08:1,True,0,25,True,-0.11258278145695365,0.04179367660836514,-0.9909437354481236,True,0,0,0,True,0.737383470990806,130.0,350.0,1.0,0.0,0.0,0.0,0.0
2025-01-08 18:55:00+00:00,2025-01-08,2025-01-08:1,True,0,30,True,-0.13125,0.13125,0.0,True,0,0,0,True,0.0,125.0,355.0,1.0,0.0,0.0,0.0,0.0
2025-01-08 19:00:00+00:00,2025-01-08,2025-01-08:1,True,0,35,True,-0.5846994535519126,0.5846994535519126,0.0,True,0,0,0,True,-0.028306312335077306,120.0,360.0,1.0,0.0,0.0,0.0,0.0
2025-01-08 19:05:00+00:00,2025-01-08,2025-01-08:1,True,0,40,True,-0.28994082840236685,0.13477870138457962,-0.766042677773125,True,0,0,0,True,0.0,115.0,365.0,1.0,0.0,0.0,0.0,0.0
2025-01-08 19:10:00+00:00,2025-01-08,2025-01-08:1,True,0,45,True,-0.08814589665653495,0.08814589665653495,1.5735948923714542,True,0,0,0,True,1.6571799053177994,110.0,370.0,1.0,0.0,0.0,0.0,0.0
2025-01-08 19:15:00+00:00,2025-01-08,2025-01-08:1,True,3,5,True,-0.1745152354570637,0.03565225537511782,-1.5881996378024088,True,0,0,0,True,0.7707300425824973,105.0,375.0,0.0,0.0,0.0,1.0,0.0
2025-01-08 19:20:00+00:00,2025-01-08,2025-01-08:1,True,0,5,True,-0.3081395348837209,0.3081395348837209,0.41057451037795695,True,0,0,0,True,1.6410575360231647,100.0,380.0,1.0,0.0,0.0,0.0,0.0
2025-01-08 19:25:00+00:00,2025-01-08,2025-01-08:1,True,0,10,True,0.04,0.04,0.0,True,0,0,0,True,0.8933175419981387,95.0,385.0,1.0,0.0,0.0,0.0,0.0
2025-01-08 19:30:00+00:00,2025-01-08,2025-01-08:1,True,0,15,True,-0.08609271523178808,0.05676138106831071,-0.41656861591497124,True,0,0,0,True,0.0,90.0,390.0,1.0,0.0,0.0,0.0,0.0
2025-01-08 19:35:00+00:00,2025-01-08,2025-01-08:1,True,0,20,True,-0.26421404682274247,0.11117193583045927,-0.8656815837194437,True,0,0,0,True,-0.2502362086363044,85.0,395.0,1.0,0.0,0.0,0.0,0.0
2025-01-08 19:40:00+00:00,2025-01-08,2025-01-08:1,True,3,5,True,-0.08307692307692308,0.051253192910170706,-0.48298904589256053,True,0,0,0,True,-2.1599926780039924,80.0,400.0,0.0,0.0,0.0,1.0,0.0
2025-01-08 19:45:00+00:00,2025-01-08,2025-01-08:1,True,0,5,True,0.45794392523364486,0.28198013326341326,0.48491012359494123,True,0,0,0,True,0.6898322479641374,75.0,405.0,1.0,0.0,0.0,0.0,0.0
2025-01-08 19:50:00+00:00,2025-01-08,2025-01-08:1,True,0,10,True,0.11688311688311688,0.11688311688311688,0.0,True,0,0,0,True,1.10200192072413,70.0,410.0,1.0,0.0,0.0,0.0,0.0
2025-01-08 19:55:00+00:00,2025-01-08,2025-01-08:1,True,0,15,True,0.036414565826330535,0.022318204772264167,0.4895661517358708,True,0,0,0,True,1.094703194764384,65.0,415.0,1.0,0.0,0.0,0.0,0.0
2025-01-08 20:00:00+00:00,2025-01-08,2025-01-08:1,True,0,20,True,-0.009771986970684038,0.009771986970684038,0.0,True,0,0,0,True,0.546358364707322,60.0,420.0,1.0,0.0,0.0,0.0,0.0
2025-01-08 20:05:00+00:00,2025-01-08,2025-01-08:1,True,0,25,True,-0.05194805194805195,0.019727832042692774,-0.9682137855136119,True,0,0,0,True,0.0,55.0,425.0,1.0,0.0,0.0,0.0,0.0
2025-01-08 20:10:00+00:00,2025-01-08,2025-01-08:1,True,0,30,True,0.0695970695970696,0.042320135793068245,0.4974594666978276,True,0,0,0,True,2.8062558938565236,50.0,430.0,1.0,0.0,0.0,0.0,0.0
2025-01-08 20:15:00+00:00,2025-01-08,2025-01-08:1,True,0,35,True,0.38461538461538464,0.09149002349448802,1.4360139004648635,True,0,0,0,True,1.070341566026712,45.0,435.0,1.0,0.0,0.0,0.0,0.0
2025-01-08 20:20:00+00:00,2025-01-08,2025-01-08:1,True,0,40,True,0.4430379746835443,0.4430379746835443,0.0,True,0,0,0,True,0.0,40.0,440.0,1.0,0.0,0.0,0.0,0.0
2025-01-08 20:25:00+00:00,2025-01-08,2025-01-08:1,True,0,45,True,0.42424242424242425,0.42424242424242425,-0.49841855165346377,True,0,0,0,True,0.0,35.0,445.0,1.0,0.0,0.0,0.0,0.0
2025-01-08 20:30:00+00:00,2025-01-08,2025-01-08:1,True,0,50,True,0.654054054054054,0.31260030207458667,0.738264615184192,True,0,0,0,True,0.48879032298151714,30.0,450.0,1.0,0.0,0.0,0.0,0.0
2025-01-08 20:35:00+00:00,2025-01-08,2025-01-08:1,True,1,5,True,0.8429319371727748,0.6459596085595336,0.26614923954180414,True,0,0,0,True,0.5951277917753491,25.0,455.0,0.0,1.0,0.0,0.0,0.0
2025-01-08 20:40:00+00:00,2025-01-08,2025-01-08:1,True,2,5,True,0.7566137566137566,0.7566137566137566,0.0,True,0,0,0,True,0.0,20.0,460.0,0.0,0.0,1.0,0.0,0.0
2025-01-08 20:45:00+00:00,2025-01-08,2025-01-08:1,True,1,5,True,0.8409638554216867,0.09883308641368257,2.141116249531169,True,0,0,0,True,1.1969203704194236,15.0,465.0,0.0,1.0,0.0,0.0,0.0
2025-01-08 20:50:00+00:00,2025-01-08,2025-01-08:1,True,1,10,True,0.8328840970350404,0.6429698784170438,0.2587966155177312,True,0,0,0,True,1.1573736492890478,10.0,470.0,0.0,1.0,0.0,0.0,0.0
2025-01-08 20:55:00+00:00,2025-01-08,2025-01-08:1,True,1,15,True,0.8103975535168195,0.23151531378214912,1.2528789124857838,True,0,0,0,True,0.4331266425363863,5.0,475.0,0.0,1.0,0.0,0.0,0.0
2025-01-08 21:00:00+00:00,2025-01-08,2025-01-08:1,True,1,20,True,0.8631578947368421,0.5217018895154519,0.5035013027811399,True,0,0,0,True,-0.42202389521186784,0.0,480.0,0.0,1.0,0.0,0.0,0.0
2025-01-09 13:00:00+00:00,2025-01-09,2025-01-09:1,False,-1,0,False,,,,False,0,0,0,False,,480.0,0.0,,,,,
2025-01-09 13:05:00+00:00,2025-01-09,2025-01-09:1,False,-1,0,True,-0.21764705882352942,,,False,0,0,0,False,,475.0,5.0,,,,,
2025-01-09 13:10:00+00:00,2025-01-09,2025-01-09:1,False,-1,0,True,-0.14285714285714285,,,False,0,0,0,False,,470.0,10.0,,,,,
2025-01-09 13:15:00+00:00,2025-01-09,2025-01-09:1,False,-1,0,True,-0.25435540069686413,,,False,0,0,0,False,,465.0,15.0,,,,,
2025-01-09 13:20:00+00:00,2025-01-09,2025-01-09:1,False,-1,0,True,0.1551155115511551,,,False,0,0,0,False,,460.0,20.0,,,,,
2025-01-09 13:25:00+00:00,2025-01-09,2025-01-09:1,False,-1,0,True,0.34838709677419355,,,False,0,0,0,False,,455.0,25.0,,,,,
2025-01-09 13:30:00+00:00,2025-01-09,2025-01-09:1,False,-1,0,True,-0.3621867881548975,,,False,0,0,0,False,,450.0,30.0,,,,,
2025-01-09 13:35:00+00:00,2025-01-09,2025-01-09:1,False,-1,0,True,-0.9378238341968912,,,False,0,0,0,False,,445.0,35.0,,,,,
2025-01-09 13:40:00+00:00,2025-01-09,2025-01-09:1,False,-1,0,True,-0.9495268138801262,,,False,0,0,0,False,,440.0,40.0,,,,,
2025-01-09 13:45:00+00:00,2025-01-09,2025-01-09:1,False,-1,0,True,-0.93717277486911,,,False,0,0,0,False,,435.0,45.0,,,,,
2025-01-09 13:50:00+00:00,2025-01-09,2025-01-09:1,False,-1,0,True,-0.8558951965065502,,,False,0,0,0,False,,430.0,50.0,,,,,
2025-01-09 13:55:00+00:00,2025-01-09,2025-01-09:1,False,-1,0,True,-0.6737967914438503,,,False,0,0,0,False,,425.0,55.0,,,,,
2025-01-09 14:00:00+00:00,2025-01-09,2025-01-09:1,False,-1,0,True,-0.7583081570996979,,,False,0,0,0,False,,420.0,60.0,,,,,
2025-01-09 14:05:00+00:00,2025-01-09,2025-01-09:1,True,4,5,True,-0.6866359447004609,0.5630021352475035,-0.198520810630298,True,0,0,0,False,,415.0,65.0,0.0,0.0,0.0,0.0,1.0
2025-01-09 14:10:00+00:00,2025-01-09,2025-01-09:1,True,4,10,True,-0.44919786096256686,0.44919786096256686,0.7836826528556301,True,1,0,0,False,,410.0,70.0,0.0,0.0,0.0,0.0,1.0
2025-01-09 14:15:00+00:00,2025-01-09,2025-01-09:1,True,3,5,True,-0.627906976744186,0.24840505431803525,-0.9273313319444714,True,0,1,1,False,,405.0,75.0,0.0,0.0,0.0,1.0,0.0
2025-01-09 14:20:00+00:00,2025-01-09,2025-01-09:1,True,0,5,True,-0.5710306406685237,0.5710306406685237,0.36732741046454825,True,0,0,1,False,,400.0,80.0,1.0,0.0,0.0,0.0,0.0
2025-01-09 14:25:00+00:00,2025-01-09,2025-01-09:1,True,0,10,True,-0.2222222222222222,0.2222222222222222,0.4554421443466245,True,0,0,1,False,,395.0,85.0,1.0,0.0,0.0,0.0,0.0
2025-01-09 14:30:00+00:00,2025-01-09,2025-01-09:1,True,0,15,True,-0.4117647058823529,0.3428948558815699,-0.1830282264284166,True,0,0,1,False,,390.0,90.0,1.0,0.0,0.0,0.0,0.0
2025-01-09 14:35:00+00:00,2025-01-09,2025-01-09:1,True,0,20,True,-0.20677966101694914,0.20677966101694914,0.18529417537864604,True,0,0,1,False,,385.0,95.0,1.0,0.0,0.0,0.0,0.0
2025-01-09 14:40:00+00:00,2025-01-09,2025-01-09:1,True,0,25,True,-0.06382978723404255,0.06382978723404255,0.19558031944410842,True,0,0,1,False,,380.0,100.0,1.0,0.0,0.0,0.0,0.0
2025-01-09 14:45:00+00:00,2025-01-09,2025-01-09:1,True,0,30,True,0.05263157894736842,0.04308353597445126,0.20017537163744092,True,0,0,1,False,,375.0,105.0,1.0,0.0,0.0,0.0,0.0
2025-01-09 14:50:00+00:00,2025-01-09,2025-01-09:1,True,0,35,True,-0.011494252873563218,0.011494252873563218,0.4891781839307686,True,0,0,1,False,,370.0,110.0,1.0,0.0,0.0,0.0,0.0
2025-01-09 14:55:00+00:00,2025-01-09,2025-01-09:1,True,0,40,True,0.10119047619047619,0.10119047619047619,-0.25743944845623323,True,0,0,1,False,,365.0,115.0,1.0,0.0,0.0,0.0,0.0
2025-01-09 15:00:00+00:00,2025-01-09,2025-01-09:1,True,1,5,True,0.16463414634146342,0.0729032956115074,0.8145918718785633,True,0,0,1,False,,360.0,120.0,0.0,1.0,0.0,0.0,0.0
2025-01-09 15:05:00+00:00,2025-01-09,2025-01-09:1,True,0,5,True,-0.14906832298136646,0.10437941189278951,-0.35637229243641955,True,0,0,1,True,0.7968726711852683,355.0,125.0,1.0,0.0,0.0,0.0,0.0
2025-01-09 15:10:00+00:00,2025-01-09,2025-01-09:1,True,0,10,True,0.17847025495750707,0.17847025495750707,0.0,True,0,0,1,True,0.0,350.0,130.0,1.0,0.0,0.0,0.0,0.0
2025-01-09 15:15:00+00:00,2025-01-09,2025-01-09:1,True,0,15,True,-0.125,0.07522088496314897,-0.5078848193313257,True,0,0,1,True,0.0,345.0,135.0,1.0,0.0,0.0,0.0,0.0
2025-01-09 15:20:00+00:00,2025-01-09,2025-01-09:1,True,0,20,True,-0.1986062717770035,0.10667535468073444,-0.6215341771164001,True,0,0,1,True,0.0,340.0,140.0,1.0,0.0,0.0,0.0,0.0
2025-01-09 15:25:00+00:00,2025-01-09,2025-01-09:1,True,0,25,True,-0.010238907849829351,0.010238907849829351,0.0,True,0,0,1,True,4.582380528856916,335.0,145.0,1.0,0.0,0.0,0.0,0.0
2025-01-09 15:30:00+00:00,2025-01-09,2025-01-09:1,True,1,5,True,-0.36649214659685864,0.36649214659685864,16.058352644505753,True,0,0,1,True,31.7643871828845,330.0,150.0,0.0,1.0,0.0,0.0,0.0
2025-01-09 15:35:00+00:00,2025-01-09,2025-01-09:1,True,2,5,True,-0.9636363636363636,0.4998518139962036,-0.6564023248140518,True,0,0,1,True,-0.598470140430125,325.0,155.0,0.0,0.0,1.0,0.0,0.0
2025-01-09 15:40:00+00:00,2025-01-09,2025-01-09:1,True,0,5,True,-0.9745547073791349,0.2682306785980164,-1.290133304970427,True,0,0,1,True,-0.641072393322602,320.0,160.0,1.0,0.0,0.0,0.0,0.0
2025-01-09 15:45:00+00:00,2025-01-09,2025-01-09:1,True,0,10,True,-0.9698924731182795,0.5901493371495844,-0.49680959421273563,True,0,0,1,True,-0.09295017761942645,315.0,165.0,1.0,0.0,0.0,0.0,0.0
2025-01-09 15:50:00+00:00,2025-01-09,2025-01-09:1,True,0,15,True,-0.9628099173553719,0.6295980890936113,-0.4247743444043628,True,0,0,1,True,0.0,310.0,170.0,1.0,0.0,0.0,0.0,0.0
2025-01-09 15:55:00+00:00,2025-01-09,2025-01-09:1,True,0,20,True,-0.9509536784741145,0.46942768863983375,-0.7059510841501676,True,0,0,1,True,-0.3157109225897104,305.0,175.0,1.0,0.0,0.0,0.0,0.0
2025-01-09 16:00:00+00:00,2025-01-09,2025-01-09:1,True,4,5,True,-0.924433249370277,0.6966771839154564,-0.2828586936433582,True,0,0,1,True,0.010188181170465844,300.0,180.0,0.0,0.0,0.0,0.0,1.0
2025-01-09 16:05:00+00:00,2025-01-09,2025-01-09:1,True,3,5,True,-0.9441340782122905,0.5358757880622665,-0.5663657925390138,True,0,0,1,True,-0.09848491732083804,295.0,185.0,0.0,0.0,0.0,1.0,0.0
2025-01-09 16:10:00+00:00,2025-01-09,2025-01-09:1,True,3,10,True,-0.8973105134474327,0.3342689350911751,-0.9874561071289397,True,0,0,1,True,-0.7384237609501465,290.0,190.0,0.0,0.0,0.0,1.0,0.0
2025-01-09 16:15:00+00:00,2025-01-09,2025-01-09:1,True,3,15,True,-0.8347578347578347,0.4158928928188927,-0.6967139066083103,True,0,0,1,True,-0.4345204049821865,285.0,195.0,0.0,0.0,0.0,1.0,0.0
2025-01-09 16:20:00+00:00,2025-01-09,2025-01-09:1,True,3,20,True,-0.8865248226950354,0.4447377517778165,-0.6898243393060071,True,0,0,1,True,-0.17591252723473355,280.0,200.0,0.0,0.0,0.0,1.0,0.0
2025-01-09 16:25:00+00:00,2025-01-09,2025-01-09:1,True,3,25,True,-0.8614958448753463,0.37814792437338357,-0.8233847794390866,True,0,0,1,True,0.03157408507177426,275.0,205.0,0.0,0.0,0.0,1.0,0.0
2025-01-09 16:30:00+00:00,2025-01-09,2025-01-09:1,True,3,30,True,-0.7669376693766937,0.38441646422659786,-0.6906790254314299,True,0,0,1,True,0.0,270.0,210.0,0.0,0.0,0.0,1.0,0.0
2025-01-09 16:35:00+00:00,2025-01-09,2025-01-09:1,True,3,35,True,-0.9122807017543859,0.13997657667955138,-1.87447263054927,True,0,0,1,True,-3.143586167904007,265.0,215.0,0.0,0.0,0.0,1.0,0.0
2025-01-09 16:40:00+00:00,2025-01-09,2025-01-09:1,True,4,5,True,-0.9053254437869822,0.9053254437869822,1.492888063636037,True,1,0,1,True,-0.8345497982714597,260.0,220.0,0.0,0.0,0.0,0.0,1.0
2025-01-09 16:45:00+00:00,2025-01-09,2025-01-09:1,True,4,10,True,-0.905,0.905,0.3544305401721634,True,1,0,1,True,-1.5850615622561073,255.0,225.0,0.0,0.0,0.0,0.0,1.0
2025-01-09 16:50:00+00:00,2025-01-09,2025-01-09:1,True,3,5,True,-0.8782608695652174,0.4417269733567214,-0.6872516835799614,True,1,0,1,True,-1.5367414821359697,250.0,230.0,0.0,0.0,0.0,1.0,0.0
2025-01-09 16:55:00+00:00,2025-01-09,2025-01-09:1,True,4,5,True,-0.8736383442265795,0.8736383442265795,0.0,True,1,0,1,True,0.0,245.0,235.0,0.0,0.0,0.0,0.0,1.0
2025-01-09 17:00:00+00:00,2025-01-09,2025-01-09:1,True,0,5,True,-0.7151335311572701,0.3696669113200747,-0.6598669216167294,True,0,1,2,True,0.0,240.0,240.0,1.0,0.0,0.0,0.0,0.0
2025-01-09 17:05:00+00:00,2025-01-09,2025-01-09:1,True,0,10,True,-0.8044692737430168,0.4213470861606089,-0.6467258460074253,True,0,0,2,True,-0.7230614772403596,235.0,245.0,1.0,0.0,0.0,0.0,0.0
2025-01-09 17:10:00+00:00,2025-01-09,2025-01-09:1,True,3,5,True,-0.7916666666666666,0.15716965276394607,-1.6168146150172071,True,0,0,2,True,-0.7230614772383145,230.0,250.0,0.0,0.0,0.0,1.0,0.0
2025-01-09 17:15:00+00:00,2025-01-09,2025-01-09:1,True,3,10,True,-0.47692307692307695,0.12151240955073624,-1.3673388197865404,True,0,0,2,True,-2.293096911986693,225.0,255.0,0.0,0.0,0.0,1.0,0.0
2025-01-09 17:20:00+00:00,2025-01-09,2025-01-09:1,True,3,15,True,-0.21686746987951808,0.07614033029287759,-1.0467083401688395,True,0,0,2,True,0.0,220.0,260.0,0.0,0.0,0.0,1.0,0.0
2025-01-09 17:25:00+00:00,2025-01-09,2025-01-09:1,True,4,5,True,-0.587467362924282,0.587467362924282,0.7036369057290551,True,1,0,2,True,-0.7866899763438894,215.0,265.0,0.0,0.0,0.0,0.0,1.0
2025-01-09 17:30:00+00:00,2025-01-09,2025-01-09:1,True,3,5,True,-0.4126984126984127,0.20019025627974155,-0.7234488948467466,True,1,0,2,True,0.0,210.0,270.0,0.0,0.0,0.0,1.0,0.0
2025-01-09 17:35:00+00:00,2025-01-09,2025-01-09:1,True,3,10,True,-0.6886543535620053,0.3354696173957953,-0.719208088089355,True,0,1,3,True,-1.7901915337642296,205.0,275.0,0.0,0.0,0.0,1.0,0.0
2025-01-09 17:40:00+00:00,2025-01-09,2025-01-09:1,True,3,15,True,-0.6444444444444445,0.08798306422928467,-1.9912442751812827,True,0,0,3,True,-0.15893992095435272,200.0,280.0,0.0,0.0,0.0,1.0,0.0
2025-01-09 17:45:00+00:00,2025-01-09,2025-01-09:1,True,4,5,True,-0.6101694915254238,0.6101694915254238,0.8306975860882667,True,1,0,3,True,-0.9287481356178542,195.0,285.0,0.0,0.0,0.0,0.0,1.0
2025-01-09 17:50:00+00:00,2025-01-09,2025-01-09:1,True,0,5,True,-0.7697841726618705,0.7697841726618705,1.2503188994587577,True,1,0,3,True,1.08508413784288,190.0,290.0,1.0,0.0,0.0,0.0,0.0
2025-01-09 17:55:00+00:00,2025-01-09,2025-01-09:1,True,0,10,True,-0.7361477572559367,0.7361477572559367,0.8331535683334166,True,1,0,3,True,-0.7300125141102067,185.0,295.0,1.0,0.0,0.0,0.0,0.0
2025-01-09 18:00:00+00:00,2025-01-09,2025-01-09:1,True,0,15,True,-0.4852941176470588,0.36016801065314785,-0.29818451643243876,True,1,0,3,True,1.3335216971578823,180.0,300.0,1.0,0.0,0.0,0.0,0.0
2025-01-09 18:05:00+00:00,2025-01-09,2025-01-09:1,True,0,20,True,-0.21164021164021163,0.21164021164021163,1.1528870090359566,True,1,0,3,True,-1.34658322843615,175.0,305.0,1.0,0.0,0.0,0.0,0.0
2025-01-09 18:10:00+00:00,2025-01-09,2025-01-09:1,True,2,5,True,-0.20754716981132076,0.13487371609583768,-0.4310197339106858,True,0,0,3,True,-0.9637894246681649,170.0,310.0,0.0,0.0,1.0,0.0,0.0
2025-01-09 18:15:00+00:00,2025-01-09,2025-01-09:1,True,0,5,True,-0.46357615894039733,0.2054829706433502,-0.8136075216295887,True,0,0,3,True,-0.02631637356741523,165.0,315.0,1.0,0.0,0.0,0.0,0.0
2025-01-09 18:20:00+00:00,2025-01-09,2025-01-09:1,True,0,10,True,-0.22044728434504793,0.22044728434504793,0.2772597413431979,True,0,0,3,True,0.6269505971111305,160.0,320.0,1.0,0.0,0.0,0.0,0.0
2025-01-09 18:25:00+00:00,2025-01-09,2025-01-09:1,True,0,15,True,-0.09749303621169916,0.09749303621169916,0.2755300197162554,True,0,0,3,True,0.0,155.0,325.0,1.0,0.0,0.0,0.0,0.0
2025-01-09 18:30:00+00:00,2025-01-09,2025-01-09:1,True,0,20,True,-0.38235294117647056,0.16687021884136943,-0.829127734221311,True,0,0,3,True,-1.2511439042193322,150.0,330.0,1.0,0.0,0.0,0.0,0.0
2025-01-09 18:35:00+00:00,2025-01-09,2025-01-09:1,True,0,25,True,-0.39080459770114945,0.39080459770114945,0.0,True,0,0,3,True,0.6348333753840271,145.0,335.0,1.0,0.0,0.0,0.0,0.0
2025-01-09 18:40:00+00:00,2025-01-09,2025-01-09:1,True,0,30,True,-0.24752475247524752,0.13916819954710666,-0.5758273167371908,True,0,0,3,True,-1.2269771715953202,140.0,340.0,1.0,0.0,0.0,0.0,0.0
2025-01-09 18:45:00+00:00,2025-01-09,2025-01-09:1,True,0,35,True,-0.25842696629213485,0.19340626151379026,-0.2898201667078788,True,0,0,3,True,0.0,135.0,345.0,1.0,0.0,0.0,0.0,0.0
2025-01-09 18:50:00+00:00,2025-01-09,2025-01-09:1,True,0,40,True,-0.05,0.03718138354048944,-0.29621481187212734,True,0,0,3,True,-0.6623564552883885,130.0,350.0,1.0,0.0,0.0,0.0,0.0
2025-01-09 18:55:00+00:00,2025-01-09,2025-01-09:1,True,4,5,True,-0.36129032258064514,0.36129032258064514,0.0,True,0,0,3,True,0.7951628713445712,125.0,355.0,0.0,0.0,0.0,0.0,1.0
2025-01-09 19:00:00+00:00,2025-01-09,2025-01-09:1,True,0,5,True,-0.3710691823899371,0.3710691823899371,0.0,True,0,0,3,True,0.04877801000287489,120.0,360.0,1.0,0.0,0.0,0.0,0.0
2025-01-09 19:05:00+00:00,2025-01-09,2025-01-09:1,True,4,5,True,-0.2838709677419355,0.2838709677419355,0.0,True,0,0,3,True,0.0,115.0,365.0,0.0,0.0,0.0,0.0,1.0
2025-01-09 19:10:00+00:00,2025-01-09,2025-01-09:1,True,0,5,True,-0.1447811447811448,0.07138704959589799,-0.7071067811871894,True,0,0,3,True,1.0540925533884193,110.0,370.0,1.0,0.0,0.0,0.0,0.0
2025-01-09 19:15:00+00:00,2025-01-09,2025-01-09:1,True,3,5,True,0.16307692307692306,0.16307692307692306,-0.553289315934529,True,0,0,3,True,-2.28305411554627,105.0,375.0,0.0,0.0,0.0,1.0,0.0
2025-01-09 19:20:00+00:00,2025-01-09,2025-01-09:1,True,0,5,True,0.08923076923076922,0.008960565094591326,2.2983926330479925,True,0,0,3,True,-0.9833589075130271,100.0,380.0,1.0,0.0,0.0,0.0,0.0
2025-01-09 19:25:00+00:00,2025-01-09,2025-01-09:1,True,1,5,True,0.294478527607362,0.10495960443595234,1.0316305326069326,True,0,0,3,True,0.0,95.0,385.0,0.0,1.0,0.0,0.0,0.0
2025-01-09 19:30:00+00:00,2025-01-09,2025-01-09:1,True,0,5,True,0.14776632302405499,0.14776632302405499,-1.4994706193586878,True,0,0,3,True,0.0,90.0,390.0,1.0,0.0,0.0,0.0,0.0
2025-01-09 19:35:00+00:00,2025-01-09,2025-01-09:1,True,1,5,True,0.38961038961038963,0.025015521382750615,2.7456507512633066,True,0,0,3,True,0.0,85.0,395.0,0.0,1.0,0.0,0.0,0.0
2025-01-09 19:40:00+00:00,2025-01-09,2025-01-09:1,True,2,5,True,0.11764705882352941,0.11764705882352941,-0.43058214314625226,True,0,0,3,True,0.4814054709890191,80.0,400.0,0.0,0.0,1.0,0.0,0.0
2025-01-09 19:45:00+00:00,2025-01-09,2025-01-09:1,True,2,10,True,0.25732899022801303,0.25732899022801303,-0.403851533135787,True,0,0,3,True,1.7159531076737988,75.0,405.0,0.0,0.0,1.0,0.0,0.0
2025-01-09 19:50:00+00:00,2025-01-09,2025-01-09:1,True,0,5,True,0.33875338753387535,0.16479149372354088,0.7205913718558917,True,0,0,3,True,0.0,70.0,410.0,1.0,0.0,0.0,0.0,0.0
2025-01-09 19:55:00+00:00,2025-01-09,2025-01-09:1,True,0,10,True,0.30659025787965616,0.14729673571887777,0.7330630287865565,True,0,0,3,True,0.0,65.0,415.0,1.0,0.0,0.0,0.0,0.0
2025-01-09 20:00:00+00:00,2025-01-09,2025-01-09:1,True,1,5,True,-0.2348993288590604,0.2348993288590604,0.36938120480850334,True,0,0,3,True,0.47482563393183785,60.0,420.0,0.0,1.0,0.0,0.0,0.0
2025-01-09 20:05:00+00:00,2025-01-09,2025-01-09:1,True,1,10,True,0.4078549848942598,0.1953453721312139,0.7361425509627179,True,0,0,3,True,0.0,55.0,425.0,0.0,1.0,0.0,0.0,0.0
2025-01-09 20:10:00+00:00,2025-01-09,2025-01-09:1,True,1,15,True,0.4601226993865031,0.07415992554199093,1.8252692744730505,True,0,0,3,True,0.8162852349917645,50.0,430.0,0.0,1.0,0.0,0.0,0.0
2025-01-09 20:15:00+00:00,2025-01-09,2025-01-09:1,True,2,5,True,0.0,0.0,-1.076088505333126,True,0,0,3,True,-0.468003763027155,45.0,435.0,0.0,0.0,1.0,0.0,0.0
2025-01-09 20:20:00+00:00,2025-01-09,2025-01-09:1,True,2,10,True,0.645320197044335,0.645320197044335,-0.7452536616486339,True,0,0,3,True,-0.34281540353121925,40.0,440.0,0.0,0.0,1.0,0.0,0.0
2025-01-09 20:25:00+00:00,2025-01-09,2025-01-09:1,True,1,5,True,0.7313432835820896,0.16474117968947904,1.4905073232972585,True,0,0,3,True,0.8332189239646657,35.0,445.0,0.0,1.0,0.0,0.0,0.0
2025-01-09 20:30:00+00:00,2025-01-09,2025-01-09:1,True,2,5,True,0.4707692307692308,0.4707692307692308,0.0,True,0,0,3,True,-0.4769346928918955,30.0,450.0,0.0,0.0,1.0,0.0,0.0
2025-01-09 20:35:00+00:00,2025-01-09,2025-01-09:1,True,1,5,True,0.23178807947019867,0.15823875963823722,0.38171847429729067,True,0,0,3,True,-1.35586064605229,25.0,455.0,0.0,1.0,0.0,0.0,0.0
2025-01-09 20:40:00+00:00,2025-01-09,2025-01-09:1,True,0,5,True,0.47770700636942676,0.21343031649727173,0.8056871942067442,True,0,0,3,True,0.5482304079354674,20.0,460.0,1.0,0.0,0.0,0.0,0.0
2025-01-09 20:45:00+00:00,2025-01-09,2025-01-09:1,True,2,5,True,-0.10416666666666667,0.10416666666666667,0.0,True,0,0,3,True,-0.612407562478612,15.0,465.0,0.0,0.0,1.0,0.0,0.0
2025-01-09 20:50:00+00:00,2025-01-09,2025-01-09:1,True,1,5,True,0.07598784194528875,0.045837378539544754,0.5054734694964372,True,0,0,3,True,0.0,10.0,470.0,0.0,1.0,0.0,0.0,0.0
2025-01-09 20:55:00+00:00,2025-01-09,2025-01-09:1,True,2,5,True,-0.11475409836065574,0.11475409836065574,0.0,True,0,0,3,True,2.8093821409334723,5.0,475.0,0.0,0.0,1.0,0.0,0.0
2025-01-09 21:00:00+00:00,2025-01-09,2025-01-09:1,True,1,5,True,-0.39100346020761245,0.39100346020761245,0.44727677464734217,True,0,0,3,True,0.0,0.0,480.0,0.0,1.0,0.0,0.0,0.0
2025-01-10 13:00:00+00:00,2025-01-10,2025-01-10:1,False,-1,0,False,,,,False,0,0,0,False,,480.0,0.0,,,,,
2025-01-10 13:05:00+00:00,2025-01-10,2025-01-10:1,False,-1,0,True,0.16352201257861634,,,False,0,0,0,False,,475.0,5.0,,,,,
2025-01-10 13:10:00+00:00,2025-01-10,2025-01-10:1,False,-1,0,True,-0.1242603550295858,,,False,0,0,0,False,,470.0,10.0,,,,,
2025-01-10 13:15:00+00:00,2025-01-10,2025-01-10:1,False,-1,0,True,0.12538226299694188,,,False,0,0,0,False,,465.0,15.0,,,,,
2025-01-10 13:20:00+00:00,2025-01-10,2025-01-10:1,False,-1,0,True,-0.0035842293906810036,,,False,0,0,0,False,,460.0,20.0,,,,,
2025-01-10 13:25:00+00:00,2025-01-10,2025-01-10:1,False,-1,0,True,0.19718309859154928,,,False,0,0,0,False,,455.0,25.0,,,,,
2025-01-10 13:30:00+00:00,2025-01-10,2025-01-10:1,False,-1,0,True,0.19186046511627908,,,False,0,0,0,False,,450.0,30.0,,,,,
2025-01-10 13:35:00+00:00,2025-01-10,2025-01-10:1,False,-1,0,True,-0.052307692307692305,,,False,0,0,0,False,,445.0,35.0,,,,,
2025-01-10 13:40:00+00:00,2025-01-10,2025-01-10:1,False,-1,0,True,0.16151202749140894,,,False,0,0,0,False,,440.0,40.0,,,,,
2025-01-10 13:45:00+00:00,2025-01-10,2025-01-10:1,False,-1,0,True,-0.10227272727272728,,,False,0,0,0,False,,435.0,45.0,,,,,
2025-01-10 13:50:00+00:00,2025-01-10,2025-01-10:1,False,-1,0,True,0.34946236559139787,,,False,0,0,0,False,,430.0,50.0,,,,,
2025-01-10 13:55:00+00:00,2025-01-10,2025-01-10:1,False,-1,0,True,0.031578947368421054,,,False,0,0,0,False,,425.0,55.0,,,,,
2025-01-10 14:00:00+00:00,2025-01-10,2025-01-10:1,False,-1,0,True,0.2876712328767123,,,False,0,0,0,False,,420.0,60.0,,,,,
2025-01-10 14:05:00+00:00,2025-01-10,2025-01-10:1,True,0,5,True,0.3753943217665615,0.2978401674592498,0.23142000640641427,True,0,0,0,False,,415.0,65.0,1.0,0.0,0.0,0.0,0.0
2025-01-10 14:10:00+00:00,2025-01-10,2025-01-10:1,True,0,10,True,0.09652509652509653,0.09652509652509653,0.0,True,0,0,0,False,,410.0,70.0,1.0,0.0,0.0,0.0,0.0
2025-01-10 14:15:00+00:00,2025-01-10,2025-01-10:1,True,1,5,True,0.5307262569832403,0.18485548246376127,1.0546720208120237,True,0,0,0,False,,405.0,75.0,0.0,1.0,0.0,0.0,0.0
2025-01-10 14:20:00+00:00,2025-01-10,2025-01-10:1,True,2,5,True,0.5195530726256983,0.5195530726256983,0.0,True,0,0,0,False,,400.0,80.0,0.0,0.0,1.0,0.0,0.0
2025-01-10 14:25:00+00:00,2025-01-10,2025-01-10:1,True,1,5,True,0.24271844660194175,0.1423889056524218,0.5333400294221774,True,0,0,0,False,,395.0,85.0,0.0,1.0,0.0,0.0,0.0
2025-01-10 14:30:00+00:00,2025-01-10,2025-01-10:1,True,2,5,True,0.282798833819242,0.282798833819242,0.0,True,0,0,0,False,,390.0,90.0,0.0,0.0,1.0,0.0,0.0
2025-01-10 14:35:00+00:00,2025-01-10,2025-01-10:1,True,0,5,True,-0.14864864864864866,0.02972043247105002,-1.6097506873168368,True,0,0,0,False,,385.0,95.0,1.0,0.0,0.0,0.0,0.0
2025-01-10 14:40:00+00:00,2025-01-10,2025-01-10:1,True,0,10,True,-0.08148148148148149,0.08148148148148149,1.128759231131968,True,0,0,0,False,,380.0,100.0,1.0,0.0,0.0,0.0,0.0
2025-01-10 14:45:00+00:00,2025-01-10,2025-01-10:1,True,0,15,True,0.3333333333333333,0.10919943425540099,1.1159671078279894,True,0,0,0,False,,375.0,105.0,1.0,0.0,0.0,0.0,0.0
2025-01-10 14:50:00+00:00,2025-01-10,2025-01-10:1,True,0,20,True,0.08641975308641975,0.05000828284184143,0.5470276248196154,True,0,0,0,False,,370.0,110.0,1.0,0.0,0.0,0.0,0.0
2025-01-10 14:55:00+00:00,2025-01-10,2025-01-10:1,True,0,25,True,-0.349862258953168,0.349862258953168,0.5209302643938488,True,0,0,0,False,,365.0,115.0,1.0,0.0,0.0,0.0,0.0
2025-01-10 15:00:00+00:00,2025-01-10,2025-01-10:1,True,1,5,True,-0.16546762589928057,0.16546762589928057,0.9884193609579103,True,0,0,0,False,,360.0,120.0,0.0,1.0,0.0,0.0,0.0
2025-01-10 15:05:00+00:00,2025-01-10,2025-01-10:1,True,2,5,True,0.13333333333333333,0.13333333333333333,-0.24214363582923165,True,0,0,0,True,0.0,355.0,125.0,0.0,0.0,1.0,0.0,0.0
2025-01-10 15:10:00+00:00,2025-01-10,2025-01-10:1,True,1,5,True,0.0,0.0,1.156051142221893,True,0,0,0,True,1.756285801295854,350.0,130.0,0.0,1.0,0.0,0.0,0.0
2025-01-10 15:15:00+00:00,2025-01-10,2025-01-10:1,True,2,5,True,-0.02097902097902098,0.013592690629314348,-0.4339907428552435,True,0,0,0,True,-0.9704328026299557,345.0,135.0,0.0,0.0,1.0,0.0,0.0
2025-01-10 15:20:00+00:00,2025-01-10,2025-01-10:1,True,0,5,True,-0.019230769230769232,0.007944747520023837,-0.8840005393910061,True,0,0,0,True,-0.9883426491109806,340.0,140.0,1.0,0.0,0.0,0.0,0.0
2025-01-10 15:25:00+00:00,2025-01-10,2025-01-10:1,True,0,10,True,-0.06371191135734072,0.06371191135734072,0.8509474016887945,True,0,0,0,True,-0.9513881177251299,335.0,145.0,1.0,0.0,0.0,0.0,0.0
2025-01-10 15:30:00+00:00,2025-01-10,2025-01-10:1,True,3,5,True,0.48095238095238096,0.48095238095238096,-7.9391644977508085,True,0,0,0,True,-16.818168790915454,330.0,150.0,0.0,0.0,0.0,1.0,0.0
2025-01-10 15:35:00+00:00,2025-01-10,2025-01-10:1,True,0,5,True,0.9767441860465116,0.12880053832351948,2.025959788379993,True,0,0,0,True,0.8114766852933549,325.0,155.0,1.0,0.0,0.0,0.0,0.0
2025-01-10 15:40:00+00:00,2025-01-10,2025-01-10:1,True,0,10,True,0.9568034557235421,0.4920592026639993,0.6649989550699937,True,0,0,0,True,0.4734317227183762,320.0,160.0,1.0,0.0,0.0,0.0,0.0
2025-01-10 15:45:00+00:00,2025-01-10,2025-01-10:1,True,0,15,True,0.9357601713062098,0.3818572202010223,0.8963124467786093,True,0,0,0,True,0.6723311205905297,315.0,165.0,1.0,0.0,0.0,0.0,0.0
2025-01-10 15:50:00+00:00,2025-01-10,2025-01-10:1,True,0,20,True,0.9068493150684932,0.43740526525584444,0.7291161549845346,True,0,0,0,True,0.9665952614945463,310.0,170.0,1.0,0.0,0.0,0.0,0.0
2025-01-10 15:55:00+00:00,2025-01-10,2025-01-10:1,True,0,25,True,0.9146666666666666,0.47792644488225305,0.6491028605265764,True,0,0,0,True,0.0,305.0,175.0,1.0,0.0,0.0,0.0,0.0
2025-01-10 16:00:00+00:00,2025-01-10,2025-01-10:1,True,1,5,True,0.83,0.3669032574917394,0.8163274910503426,True,0,0,0,True,0.36507275237870607,300.0,180.0,0.0,1.0,0.0,0.0,0.0
2025-01-10 16:05:00+00:00,2025-01-10,2025-01-10:1,True,2,5,True,0.9006479481641468,0.9006479481641468,-0.16318871724587175,True,0,0,0,True,-0.5473515973836237,295.0,185.0,0.0,0.0,1.0,0.0,0.0
2025-01-10 16:10:00+00:00,2025-01-10,2025-01-10:1,True,1,5,True,0.8938053097345132,0.39664873387410116,0.812436889416289,True,0,0,0,True,0.0,290.0,190.0,0.0,1.0,0.0,0.0,0.0
2025-01-10 16:15:00+00:00,2025-01-10,2025-01-10:1,True,1,10,True,0.9002770083102493,0.5510233863047943,0.4909252513423924,True,0,0,0,True,0.3659140779572398,285.0,195.0,0.0,1.0,0.0,0.0,0.0
2025-01-10 16:20:00+00:00,2025-01-10,2025-01-10:1,True,1,15,True,0.9545454545454546,0.6868462473549559,0.32912479914929277,True,0,0,0,True,0.0,280.0,200.0,0.0,1.0,0.0,0.0,0.0
2025-01-10 16:25:00+00:00,2025-01-10,2025-01-10:1,True,1,20,True,0.9378531073446328,0.6743239207427728,0.3298827447272816,True,0,0,0,True,0.0,275.0,205.0,0.0,1.0,0.0,0.0,0.0
2025-01-10 16:30:00+00:00,2025-01-10,2025-01-10:1,True,1,25,True,0.9189765458422174,0.6598037753467594,0.331318119905206,True,0,0,0,True,-0.08682575856231682,270.0,210.0,0.0,1.0,0.0,0.0,0.0
2025-01-10 16:35:00+00:00,2025-01-10,2025-01-10:1,True,1,30,True,0.949748743718593,0.1872328071429961,1.6238446687963597,True,0,0,0,True,0.907756766081678,265.0,215.0,0.0,1.0,0.0,0.0,0.0
2025-01-10 16:40:00+00:00,2025-01-10,2025-01-10:1,True,1,35,True,0.9162790697674419,0.24840135176620956,1.305275187654993,True,0,0,0,True,0.24192988217060582,260.0,220.0,0.0,1.0,0.0,0.0,0.0
2025-01-10 16:45:00+00:00,2025-01-10,2025-01-10:1,True,1,40,True,0.9301745635910225,0.19231941404336902,1.5762146667566692,True,0,0,0,True,2.3496820946645007,255.0,225.0,0.0,1.0,0.0,0.0,0.0
2025-01-10 16:50:00+00:00,2025-01-10,2025-01-10:1,True,1,45,True,0.8861386138613861,0.10064469985152913,2.1752768959223405,True,0,0,0,True,1.2160167522909082,250.0,230.0,0.0,1.0,0.0,0.0,0.0
2025-01-10 16:55:00+00:00,2025-01-10,2025-01-10:1,True,1,50,True,0.8506666666666667,0.28875510252730857,1.0804414230264534,True,0,0,0,True,2.4159404675937566,245.0,235.0,0.0,1.0,0.0,0.0,0.0
2025-01-10 17:00:00+00:00,2025-01-10,2025-01-10:1,True,1,55,True,0.8791208791208791,0.313644357320544,1.0306626831279435,True,0,0,0,True,0.0,240.0,240.0,0.0,1.0,0.0,0.0,0.0
2025-01-10 17:05:00+00:00,2025-01-10,2025-01-10:1,True,1,60,True,0.6144578313253012,0.21458356183815627,1.0520410757237508,True,0,0,0,True,0.0,235.0,245.0,0.0,1.0,0.0,0.0,0.0
2025-01-10 17:10:00+00:00,2025-01-10,2025-01-10:1,True,2,5,True,0.5253164556962026,0.5253164556962026,0.0,True,0,0,0,True,-1.2627725822969718,230.0,250.0,0.0,0.0,1.0,0.0,0.0
2025-01-10 17:15:00+00:00,2025-01-10,2025-01-10:1,True,1,5,True,0.5640138408304498,0.3250437062844218,0.551119137513328,True,0,0,0,True,1.2323398551808558,225.0,255.0,0.0,1.0,0.0,0.0,0.0
2025-01-10 17:20:00+00:00,2025-01-10,2025-01-10:1,True,2,5,True,0.5988857938718662,0.5988857938718662,-0.5404435288925453,True,0,0,0,True,0.0,220.0,260.0,0.0,0.0,1.0,0.0,0.0
2025-01-10 17:25:00+00:00,2025-01-10,2025-01-10:1,True,1,5,True,0.5988857938718662,0.20850945895949927,1.055086511699476,True,0,0,0,True,0.0,215.0,265.0,0.0,1.0,0.0,0.0,0.0
2025-01-10 17:30:00+00:00,2025-01-10,2025-01-10:1,True,1,10,True,0.24571428571428572,0.0831272223879663,1.0837971866392226,True,0,0,0,True,0.0,210.0,270.0,0.0,1.0,0.0,0.0,0.0
2025-01-10 17:35:00+00:00,2025-01-10,2025-01-10:1,True,1,15,True,0.48672566371681414,0.2780685376569572,0.559833023862833,True,0,0,0,True,1.2518246974065563,205.0,275.0,0.0,1.0,0.0,0.0,0.0
2025-01-10 17:40:00+00:00,2025-01-10,2025-01-10:1,True,0,5,True,0.5741239892183289,0.5741239892183289,-1.0634803314287489,True,0,0,0,True,1.1890071569026548,200.0,280.0,1.0,0.0,0.0,0.0,0.0
2025-01-10 17:45:00+00:00,2025-01-10,2025-01-10:1,True,0,10,True,0.4440677966101695,0.4440677966101695,-2.067148879221868,True,0,0,0,True,-2.3111427067779426,195.0,285.0,1.0,0.0,0.0,0.0,0.0
2025-01-10 17:50:00+00:00,2025-01-10,2025-01-10:1,True,0,15,True,0.5394736842105263,0.32401132086880363,0.5098155492651076,True,0,0,0,True,1.662129977943035,190.0,290.0,1.0,0.0,0.0,0.0,0.0
2025-01-10 17:55:00+00:00,2025-01-10,2025-01-10:1,True,0,20,True,0.5300859598853869,0.19020966044990142,1.024912242027619,True,0,0,0,True,0.0,185.0,295.0,1.0,0.0,0.0,0.0,0.0
2025-01-10 18:00:00+00:00,2025-01-10,2025-01-10:1,True,0,25,True,0.4065281899109792,0.2318179272802669,0.5617010071110935,True,0,0,0,True,-0.5260048688748822,180.0,300.0,1.0,0.0,0.0,0.0,0.0
2025-01-10 18:05:00+00:00,2025-01-10,2025-01-10:1,True,0,30,True,0.6658097686375322,0.6658097686375322,0.0,True,0,0,0,True,-1.2185644541277683,175.0,305.0,1.0,0.0,0.0,0.0,0.0
2025-01-10 18:10:00+00:00,2025-01-10,2025-01-10:1,True,0,35,True,0.40816326530612246,0.40816326530612246,-1.0862780491186323,True,0,0,0,True,0.0,170.0,310.0,1.0,0.0,0.0,0.0,0.0
2025-01-10 18:15:00+00:00,2025-01-10,2025-01-10:1,True,1,5,True,0.6411609498680739,0.2101462751648667,1.1154766805959115,True,0,0,0,True,1.2471408425641393,165.0,315.0,0.0,1.0,0.0,0.0,0.0
2025-01-10 18:20:00+00:00,2025-01-10,2025-01-10:1,True,1,10,True,0.6211699164345403,0.35509670824164674,0.5592144919953895,True,0,0,0,True,0.0,160.0,320.0,0.0,1.0,0.0,0.0,0.0
2025-01-10 18:25:00+00:00,2025-01-10,2025-01-10:1,True,0,5,True,0.6182336182336182,0.6182336182336182,0.0,True,0,0,0,True,-1.3401651457776893,155.0,325.0,1.0,0.0,0.0,0.0,0.0
2025-01-10 18:30:00+00:00,2025-01-10,2025-01-10:1,True,0,10,True,0.4601226993865031,0.4601226993865031,-0.871167506944836,True,0,0,0,True,-0.6493299217713276,150.0,330.0,1.0,0.0,0.0,0.0,0.0
2025-01-10 18:35:00+00:00,2025-01-10,2025-01-10:1,True,0,15,True,0.49710982658959535,0.20934972758787684,0.8648047895017575,True,0,0,0,True,0.5429218831098434,145.0,335.0,1.0,0.0,0.0,0.0,0.0
2025-01-10 18:40:00+00:00,2025-01-10,2025-01-10:1,True,0,20,True,-0.07849829351535836,0.05814445935680639,-0.30014629338134174,True,0,0,0,True,1.3422950303829206,140.0,340.0,1.0,0.0,0.0,0.0,0.0
2025-01-10 18:45:00+00:00,2025-01-10,2025-01-10:1,True,0,25,True,0.33516483516483514,0.33516483516483514,-0.8969645781991616,True,0,0,0,True,1.3371158468418343,135.0,345.0,1.0,0.0,0.0,0.0,0.0
2025-01-10 18:50:00+00:00,2025-01-10,2025-01-10:1,True,3,5,True,0.2937853107344633,0.2937853107344633,-0.6287367356425366,True,0,0,0,True,-1.4058980808480268,130.0,350.0,0.0,0.0,0.0,1.0,0.0
2025-01-10 18:55:00+00:00,2025-01-10,2025-01-10:1,True,3,10,True,0.3132075471698113,0.3132075471698113,-1.2574734712868603,True,0,0,0,True,0.0,125.0,355.0,0.0,0.0,0.0,1.0,0.0
2025-01-10 19:00:00+00:00,2025-01-10,2025-01-10:1,True,4,5,True,0.11641791044776119,0.11641791044776119,0.0,True,0,0,0,True,-1.3425512995230597,120.0,360.0,0.0,0.0,0.0,0.0,1.0
2025-01-10 19:05:00+00:00,2025-01-10,2025-01-10:1,True,3,5,True,-0.31521739130434784,0.16905757584122522,-0.6230231895655713,True,0,0,0,True,0.0,115.0,365.0,0.0,0.0,0.0,1.0,0.0
2025-01-10 19:10:00+00:00,2025-01-10,2025-01-10:1,True,3,10,True,0.0035087719298245615,0.0035087719298245615,-0.5519485121551189,True,0,0,0,True,0.5186259496120916,110.0,370.0,0.0,0.0,0.0,1.0,0.0
2025-01-10 19:15:00+00:00,2025-01-10,2025-01-10:1,True,0,5,True,0.07749077490774908,0.02709083400692711,1.050963453679048,True,0,0,0,True,0.6889007887258161,105.0,375.0,1.0,0.0,0.0,0.0,0.0
2025-01-10 19:20:00+00:00,2025-01-10,2025-01-10:1,True,3,5,True,-0.006578947368421052,0.0013711707118778608,-1.5682098489849061,True,0,0,0,True,-1.1688746084372026,100.0,380.0,0.0,0.0,0.0,1.0,0.0
2025-01-10 19:25:00+00:00,2025-01-10,2025-01-10:1,True,0,5,True,-0.2927536231884058,0.2927536231884058,0.0,True,0,0,0,True,1.1408201384240315,95.0,385.0,1.0,0.0,0.0,0.0,0.0
2025-01-10 19:30:00+00:00,2025-01-10,2025-01-10:1,True,0,10,True,-0.20833333333333334,0.20833333333333334,1.5074706972267884,True,0,0,0,True,0.0,90.0,390.0,1.0,0.0,0.0,0.0,0.0
2025-01-10 19:35:00+00:00,2025-01-10,2025-01-10:1,True,0,15,True,-0.3583617747440273,0.3583617747440273,0.0,True,0,0,0,True,1.1216040904019615,85.0,395.0,1.0,0.0,0.0,0.0,0.0
2025-01-10 19:40:00+00:00,2025-01-10,2025-01-10:1,True,0,20,True,0.0,0.0,-0.47676573098741454,True,0,0,0,True,0.0,80.0,400.0,1.0,0.0,0.0,0.0,0.0
2025-01-10 19:45:00+00:00,2025-01-10,2025-01-10:1,True,0,25,True,0.21846153846153846,0.13563126012797855,0.47667009283857315,True,0,0,0,True,0.41607367200808826,75.0,405.0,1.0,0.0,0.0,0.0,0.0
2025-01-10 19:50:00+00:00,2025-01-10,2025-01-10:1,True,1,5,True,-0.1070110701107011,0.1070110701107011,0.48109062106983874,True,0,0,0,True,-0.6792977619186908,70.0,410.0,0.0,1.0,0.0,0.0,0.0
2025-01-10 19:55:00+00:00,2025-01-10,2025-01-10:1,True,1,10,True,0.09965635738831616,0.07905133767488719,0.2316303564013551,True,0,0,0,True,0.0991215470693817,65.0,415.0,0.0,1.0,0.0,0.0,0.0
2025-01-10 20:00:00+00:00,2025-01-10,2025-01-10:1,True,0,5,True,0.24705882352941178,0.12344058846861702,0.6938664849275584,True,0,0,0,True,-0.5171775425346381,60.0,420.0,1.0,0.0,0.0,0.0,0.0
2025-01-10 20:05:00+00:00,2025-01-10,2025-01-10:1,True,1,5,True,-0.048859934853420196,0.048859934853420196,1.1163009680685834,True,0,0,0,True,-0.49922496958946727,55.0,425.0,0.0,1.0,0.0,0.0,0.0
2025-01-10 20:10:00+00:00,2025-01-10,2025-01-10:1,True,0,5,True,0.23448275862068965,0.23448275862068965,-1.1286043775860797,True,0,0,0,True,-1.009454443193378,50.0,430.0,1.0,0.0,0.0,0.0,0.0
2025-01-10 20:15:00+00:00,2025-01-10,2025-01-10:1,True,1,5,True,0.2866666666666667,0.04539063549229703,1.8430142834975336,True,0,0,0,True,2.550152084361707,45.0,435.0,0.0,1.0,0.0,0.0,0.0
2025-01-10 20:20:00+00:00,2025-01-10,2025-01-10:1,True,1,10,True,0.5222929936305732,0.06424889826358363,2.0954641449182794,True,0,0,0,True,0.37557268258120985,40.0,440.0,0.0,1.0,0.0,0.0,0.0
2025-01-10 20:25:00+00:00,2025-01-10,2025-01-10:1,True,2,5,True,0.43790849673202614,0.43790849673202614,0.0,True,0,0,0,True,0.3735890984628705,35.0,445.0,0.0,0.0,1.0,0.0,0.0
2025-01-10 20:30:00+00:00,2025-01-10,2025-01-10:1,True,1,5,True,0.25287356321839083,0.030652572498253892,2.110173023398161,True,0,0,0,True,1.3167775692977497,30.0,450.0,0.0,1.0,0.0,0.0,0.0
2025-01-10 20:35:00+00:00,2025-01-10,2025-01-10:1,True,2,5,True,0.4425287356321839,0.28992400772943805,0.42288655529214064,True,0,0,0,True,0.0,25.0,455.0,0.0,0.0,1.0,0.0,0.0
2025-01-10 20:40:00+00:00,2025-01-10,2025-01-10:1,True,2,10,True,0.17110266159695817,0.17110266159695817,-0.4376738986496417,True,0,0,0,True,0.0,20.0,460.0,0.0,0.0,1.0,0.0,0.0
2025-01-10 20:45:00+00:00,2025-01-10,2025-01-10:1,True,1,5,True,0.3654390934844193,0.15441211461185655,0.8614745293858341,True,0,0,0,True,0.28796585387019613,15.0,465.0,0.0,1.0,0.0,0.0,0.0
2025-01-10 20:50:00+00:00,2025-01-10,2025-01-10:1,True,2,5,True,0.07971014492753623,0.07971014492753623,-0.4241203234698017,True,0,0,0,True,-0.5208240595970061,10.0,470.0,0.0,0.0,1.0,0.0,0.0
2025-01-10 20:55:00+00:00,2025-01-10,2025-01-10:1,True,1,5,True,0.06865671641791045,0.029153310222698677,0.856550498496876,True,0,0,0,True,-0.2609594284610793,5.0,475.0,0.0,1.0,0.0,0.0,0.0
2025-01-10 21:00:00+00:00,2025-01-10,2025-01-10:1,True,0,5,True,0.2716049382716049,0.2716049382716049,0.0,True,0,0,0,True,-0.9704650745533692,0.0,480.0,1.0,0.0,0.0,0.0,0.0
2025-01-13 13:00:00+00:00,2025-01-13,2025-01-13:1,False,-1,0,False,,,,False,0,0,0,False,,480.0,0.0,,,,,
2025-01-13 13:05:00+00:00,2025-01-13,2025-01-13:1,False,-1,0,True,0.28859060402684567,,,False,0,0,0,False,,475.0,5.0,,,,,
2025-01-13 13:10:00+00:00,2025-01-13,2025-01-13:1,False,-1,0,True,-0.05511811023622047,,,False,0,0,0,False,,470.0,10.0,,,,,
2025-01-13 13:15:00+00:00,2025-01-13,2025-01-13:1,False,-1,0,True,0.12449799196787148,,,False,0,0,0,False,,465.0,15.0,,,,,
2025-01-13 13:20:00+00:00,2025-01-13,2025-01-13:1,False,-1,0,True,0.34146341463414637,,,False,0,0,0,False,,460.0,20.0,,,,,
2025-01-13 13:25:00+00:00,2025-01-13,2025-01-13:1,False,-1,0,True,0.2733333333333333,,,False,0,0,0,False,,455.0,25.0,,,,,
2025-01-13 13:30:00+00:00,2025-01-13,2025-01-13:1,False,-1,0,True,0.5055679287305123,,,False,0,0,0,False,,450.0,30.0,,,,,
2025-01-13 13:35:00+00:00,2025-01-13,2025-01-13:1,False,-1,0,True,0.11173184357541899,,,False,0,0,0,False,,445.0,35.0,,,,,
2025-01-13 13:40:00+00:00,2025-01-13,2025-01-13:1,False,-1,0,True,-0.09090909090909091,,,False,0,0,0,False,,440.0,40.0,,,,,
2025-01-13 13:45:00+00:00,2025-01-13,2025-01-13:1,False,-1,0,True,0.23624595469255663,,,False,0,0,0,False,,435.0,45.0,,,,,
2025-01-13 13:50:00+00:00,2025-01-13,2025-01-13:1,False,-1,0,True,0.2097902097902098,,,False,0,0,0,False,,430.0,50.0,,,,,
2025-01-13 13:55:00+00:00,2025-01-13,2025-01-13:1,False,-1,0,True,0.08823529411764706,,,False,0,0,0,False,,425.0,55.0,,,,,
2025-01-13 14:00:00+00:00,2025-01-13,2025-01-13:1,False,-1,0,True,0.0456140350877193,,,False,0,0,0,False,,420.0,60.0,,,,,
2025-01-13 14:05:00+00:00,2025-01-13,2025-01-13:1,True,3,5,True,-0.058823529411764705,0.0014555966232475503,-3.6991260680081726,True,0,0,0,False,,415.0,65.0,0.0,0.0,0.0,1.0,0.0
2025-01-13 14:10:00+00:00,2025-01-13,2025-01-13:1,True,3,10,True,-0.23846153846153847,0.09238109585400178,-0.9482856656201739,True,0,0,0,False,,410.0,70.0,0.0,0.0,0.0,1.0,0.0
2025-01-13 14:15:00+00:00,2025-01-13,2025-01-13:1,True,3,15,True,0.0030211480362537764,0.0030211480362537764,-0.6717546680755416,True,0,0,0,False,,405.0,75.0,0.0,0.0,0.0,1.0,0.0
2025-01-13 14:20:00+00:00,2025-01-13,2025-01-13:1,True,4,5,True,0.20215633423180593,0.20215633423180593,-0.13333500735509424,True,0,0,0,False,,400.0,80.0,0.0,0.0,0.0,0.0,1.0
2025-01-13 14:25:00+00:00,2025-01-13,2025-01-13:1,True,4,10,True,-0.20809248554913296,0.20809248554913296,0.6798894136490787,True,1,0,0,False,,395.0,85.0,0.0,0.0,0.0,0.0,1.0
2025-01-13 14:30:00+00:00,2025-01-13,2025-01-13:1,True,4,15,True,0.05413105413105413,0.041211369744352015,0.272693851729738,True,1,0,0,False,,390.0,90.0,0.0,0.0,0.0,0.0,1.0
2025-01-13 14:35:00+00:00,2025-01-13,2025-01-13:1,True,0,5,True,-0.009523809523809525,0.009523809523809525,1.1704603044368758,True,1,0,0,False,,385.0,95.0,1.0,0.0,0.0,0.0,0.0
2025-01-13 14:40:00+00:00,2025-01-13,2025-01-13:1,True,0,10,True,-0.014184397163120567,0.014184397163120567,0.4333188261457231,True,1,0,0,False,,380.0,100.0,1.0,0.0,0.0,0.0,0.0
2025-01-13 14:45:00+00:00,2025-01-13,2025-01-13:1,True,1,5,True,0.5294117647058824,0.3982711993797766,0.2846333335521809,True,0,0,0,False,,375.0,105.0,0.0,1.0,0.0,0.0,0.0
2025-01-13 14:50:00+00:00,2025-01-13,2025-01-13:1,True,1,10,True,0.4387755102040816,0.33049790465155415,0.28338759666826724,True,0,0,0,False,,370.0,110.0,0.0,1.0,0.0,0.0,0.0
2025-01-13 14:55:00+00:00,2025-01-13,2025-01-13:1,True,2,5,True,0.31958762886597936,0.31958762886597936,-0.2851231520758731,True,0,0,0,False,,365.0,115.0,0.0,0.0,1.0,0.0,0.0
2025-01-13 15:00:00+00:00,2025-01-13,2025-01-13:1,True,0,5,True,0.02617801047120419,0.02617801047120419,-0.5806746059338026,True,0,0,0,False,,360.0,120.0,1.0,0.0,0.0,0.0,0.0
2025-01-13 15:05:00+00:00,2025-01-13,2025-01-13:1,True,0,10,True,0.48066298342541436,0.34780921588184804,0.32351226715413206,True,0,0,0,True,-0.7233954209096557,355.0,125.0,1.0,0.0,0.0,0.0,0.0
2025-01-13 15:10:00+00:00,2025-01-13,2025-01-13:1,True,0,15,True,0.07272727272727272,0.07272727272727272,-0.41889802590496045,True,0,0,0,True,0.0,350.0,130.0,1.0,0.0,0.0,0.0,0.0
2025-01-13 15:15:00+00:00,2025-01-13,2025-01-13:1,True,0,20,True,-0.0035087719298245615,0.0014224526452330368,-0.9028835020678592,True,0,0,0,True,-1.7960138443987208,345.0,135.0,1.0,0.0,0.0,0.0,0.0
2025-01-13 15:20:00+00:00,2025-01-13,2025-01-13:1,True,3,5,True,-0.25065963060686014,0.15893642849984746,-0.4555916639853257,True,0,0,0,True,1.0187339306505356,340.0,140.0,0.0,0.0,0.0,1.0,0.0
2025-01-13 15:25:00+00:00,2025-01-13,2025-01-13:1,True,3,10,True,-0.21967213114754097,0.08893896256610236,-0.9041858011754755,True,0,0,0,True,-0.23539631956567872,335.0,145.0,0.0,0.0,0.0,1.0,0.0
2025-01-13 15:30:00+00:00,2025-01-13,2025-01-13:1,True,3,15,True,0.3405639913232104,0.3405639913232104,-10.616603230366389,True,0,0,0,True,-23.739446513243106,330.0,150.0,0.0,0.0,0.0,1.0,0.0
2025-01-13 15:35:00+00:00,2025-01-13,2025-01-13:1,True,4,5,True,0.9769585253456221,0.407125998761334,0.8753214833146915,True,1,0,0,True,0.32621305647595733,325.0,155.0,0.0,0.0,0.0,0.0,1.0
2025-01-13 15:40:00+00:00,2025-01-13,2025-01-13:1,True,4,10,True,0.949238578680203,0.3515884549355713,0.9931988376187101,True,1,0,0,True,0.0,320.0,160.0,0.0,0.0,0.0,0.0,1.0
2025-01-13 15:45:00+00:00,2025-01-13,2025-01-13:1,True,0,5,True,0.952755905511811,0.379931152651477,0.9193686790473882,True,1,0,0,True,0.31627244042036134,315.0,165.0,1.0,0.0,0.0,0.0,0.0
2025-01-13 15:50:00+00:00,2025-01-13,2025-01-13:1,True,0,10,True,0.9620853080568721,0.35763645139237715,0.9895861530194837,True,0,0,0,True,1.0210727422417178,310.0,170.0,1.0,0.0,0.0,0.0,0.0
2025-01-13 15:55:00+00:00,2025-01-13,2025-01-13:1,True,0,15,True,0.9312169312169312,0.35270607240030855,0.9708572049677606,True,0,0,0,True,0.6202579162147418,305.0,175.0,1.0,0.0,0.0,0.0,0.0
2025-01-13 16:00:00+00:00,2025-01-13,2025-01-13:1,True,1,5,True,0.8309859154929577,0.27988765192518156,1.088224566321205,True,0,0,0,True,0.19088035020807034,300.0,180.0,0.0,1.0,0.0,0.0,0.0
2025-01-13 16:05:00+00:00,2025-01-13,2025-01-13:1,True,1,10,True,0.8721227621483376,0.4740889684140137,0.6095351951221255,True,0,0,0,True,-0.30288047354992975,295.0,185.0,0.0,1.0,0.0,0.0,0.0
2025-01-13 16:10:00+00:00,2025-01-13,2025-01-13:1,True,2,5,True,0.8497409326424871,0.8497409326424871,-0.2695251197938133,True,0,0,0,True,0.6770933919140324,290.0,190.0,0.0,0.0,1.0,0.0,0.0
2025-01-13 16:15:00+00:00,2025-01-13,2025-01-13:1,True,2,10,True,0.8736842105263158,0.8736842105263158,-0.7369599762492764,True,0,0,0,True,-0.26168602035159644,285.0,195.0,0.0,0.0,1.0,0.0,0.0
2025-01-13 16:20:00+00:00,2025-01-13,2025-01-13:1,True,1,5,True,0.8868894601542416,0.5557988178775801,0.4673139619734356,True,0,0,0,True,-0.09994673776958922,280.0,200.0,0.0,1.0,0.0,0.0,0.0
2025-01-13 16:25:00+00:00,2025-01-13,2025-01-13:1,True,0,5,True,0.8782201405152225,0.5897751336548772,0.39815595687094,True,0,0,0,True,0.5935358568068787,275.0,205.0,1.0,0.0,0.0,0.0,0.0
2025-01-13 16:30:00+00:00,2025-01-13,2025-01-13:1,True,0,10,True,0.8809523809523809,0.8809523809523809,0.0,True,0,0,0,True,0.06771686213554642,270.0,210.0,1.0,0.0,0.0,0.0,0.0
2025-01-13 16:35:00+00:00,2025-01-13,2025-01-13:1,True,0,15,True,0.7333333333333333,0.7333333333333333,-0.14139938911188324,True,0,0,0,True,-0.1613381991651207,265.0,215.0,1.0,0.0,0.0,0.0,0.0
2025-01-13 16:40:00+00:00,2025-01-13,2025-01-13:1,True,1,5,True,0.8163771712158809,0.11521982354847791,1.9580346549291285,True,0,0,0,True,0.6254712272454742,260.0,220.0,0.0,1.0,0.0,0.0,0.0
2025-01-13 16:45:00+00:00,2025-01-13,2025-01-13:1,True,1,10,True,0.818639798488665,0.3536352919206324,0.8393780473737779,True,0,0,0,True,1.2512709151664636,255.0,225.0,0.0,1.0,0.0,0.0,0.0
2025-01-13 16:50:00+00:00,2025-01-13,2025-01-13:1,True,2,5,True,0.7810945273631841,0.7810945273631841,-0.2773199693741969,True,0,0,0,True,-0.620106303038864,250.0,230.0,0.0,0.0,1.0,0.0,0.0
2025-01-13 16:55:00+00:00,2025-01-13,2025-01-13:1,True,1,5,True,0.8282828282828283,0.5347569229426262,0.4375423821038172,True,0,0,0,True,-0.025175495502101238,245.0,235.0,0.0,1.0,0.0,0.0,0.0
2025-01-13 17:00:00+00:00,2025-01-13,2025-01-13:1,True,1,10,True,0.5489130434782609,0.2890339390011575,0.6413959210068806,True,0,0,0,True,0.7171024399322543,240.0,240.0,0.0,1.0,0.0,0.0,0.0
2025-01-13 17:05:00+00:00,2025-01-13,2025-01-13:1,True,1,15,True,0.6648351648351648,0.2534944703434529,0.9641971279495741,True,0,0,0,True,-0.3616437816331386,235.0,245.0,0.0,1.0,0.0,0.0,0.0
2025-01-13 17:10:00+00:00,2025-01-13,2025-01-13:1,True,1,20,True,0.41580756013745707,0.1839722437758392,0.8154376602216137,True,0,0,0,True,0.0,230.0,250.0,0.0,1.0,0.0,0.0,0.0
2025-01-13 17:15:00+00:00,2025-01-13,2025-01-13:1,True,1,25,True,0.6710875331564987,0.3397846980313743,0.6805874043174502,True,0,0,0,True,0.0,225.0,255.0,0.0,1.0,0.0,0.0,0.0
2025-01-13 17:20:00+00:00,2025-01-13,2025-01-13:1,True,2,5,True,0.7690140845070422,0.7690140845070422,0.0,True,0,0,0,True,-0.763122906234994,220.0,260.0,0.0,0.0,1.0,0.0,0.0
2025-01-13 17:25:00+00:00,2025-01-13,2025-01-13:1,True,1,5,True,0.7540106951871658,0.528102128281757,0.3561168627275626,True,0,0,0,True,0.7963015129927911,215.0,265.0,0.0,1.0,0.0,0.0,0.0
2025-01-13 17:30:00+00:00,2025-01-13,2025-01-13:1,True,1,10,True,0.6591478696741855,0.31826770835377943,0.7280550154778465,True,0,0,0,True,0.0,210.0,270.0,0.0,1.0,0.0,0.0,0.0
2025-01-13 17:35:00+00:00,2025-01-13,2025-01-13:1,True,2,5,True,0.6449086161879896,0.6449086161879896,0.0,True,0,0,0,True,1.6424544731918207,205.0,275.0,0.0,0.0,1.0,0.0,0.0
2025-01-13 17:40:00+00:00,2025-01-13,2025-01-13:1,True,0,5,True,0.4985754985754986,0.4985754985754986,-0.8572169884163813,True,0,0,0,True,-0.9583977287833393,200.0,280.0,1.0,0.0,0.0,0.0,0.0
2025-01-13 17:45:00+00:00,2025-01-13,2025-01-13:1,True,0,10,True,0.5647382920110193,0.5647382920110193,-0.4319843024158693,True,0,0,0,True,-1.9318925308266757,195.0,285.0,1.0,0.0,0.0,0.0,0.0
2025-01-13 17:50:00+00:00,2025-01-13,2025-01-13:1,True,0,15,True,0.6239316239316239,0.6239316239316239,-0.41987476789736733,True,0,0,0,True,0.4323904240705587,190.0,290.0,1.0,0.0,0.0,0.0,0.0
2025-01-13 17:55:00+00:00,2025-01-13,2025-01-13:1,True,0,20,True,0.5170454545454546,0.097914827961683,1.664032792110553,True,0,0,0,True,0.0,185.0,295.0,1.0,0.0,0.0,0.0,0.0
2025-01-13 18:00:00+00:00,2025-01-13,2025-01-13:1,True,0,25,True,0.5925233644859813,0.4817236638647706,0.20701966780255812,True,0,0,0,True,0.9205382605229838,180.0,300.0,1.0,0.0,0.0,0.0,0.0
2025-01-13 18:05:00+00:00,2025-01-13,2025-01-13:1,True,0,30,True,0.6288659793814433,0.6288659793814433,-0.8337505092254995,True,0,0,0,True,-0.9321614074516412,175.0,305.0,1.0,0.0,0.0,0.0,0.0
2025-01-13 18:10:00+00:00,2025-01-13,2025-01-13:1,True,0,35,True,0.5724137931034483,0.3771009130713013,0.4173493187992433,True,0,0,0,True,-0.9332214471983389,170.0,310.0,1.0,0.0,0.0,0.0,0.0
2025-01-13 18:15:00+00:00,2025-01-13,2025-01-13:1,True,0,40,True,0.4702702702702703,0.3109108233589701,0.4138014431084267,True,0,0,0,True,-0.3832742545341483,165.0,315.0,1.0,0.0,0.0,0.0,0.0
2025-01-13 18:20:00+00:00,2025-01-13,2025-01-13:1,True,1,5,True,0.5879120879120879,0.17532812060659012,1.209918233120269,True,0,0,0,True,-0.3579455839758554,160.0,320.0,0.0,1.0,0.0,0.0,0.0
2025-01-13 18:25:00+00:00,2025-01-13,2025-01-13:1,True,1,10,True,0.5389221556886228,0.2046759204666416,0.9681432844323445,True,0,0,0,True,1.73186735675854,155.0,325.0,0.0,1.0,0.0,0.0,0.0
2025-01-13 18:30:00+00:00,2025-01-13,2025-01-13:1,True,0,5,True,0.25625,0.25625,-0.7685349823413321,True,0,0,0,True,-0.42962411590045485,150.0,330.0,1.0,0.0,0.0,0.0,0.0
2025-01-13 18:35:00+00:00,2025-01-13,2025-01-13:1,True,1,5,True,0.49707602339181284,0.04977664661342764,2.301197048433048,True,0,0,0,True,-0.5506136868155581,145.0,335.0,0.0,1.0,0.0,0.0,0.0
2025-01-13 18:40:00+00:00,2025-01-13,2025-01-13:1,True,1,10,True,0.4230769230769231,0.20597484834939847,0.719799947814963,True,0,0,0,True,0.6452083006682343,140.0,340.0,0.0,1.0,0.0,0.0,0.0
2025-01-13 18:45:00+00:00,2025-01-13,2025-01-13:1,True,2,5,True,0.36,0.36,-0.17159841385615288,True,0,0,0,True,0.0,135.0,345.0,0.0,0.0,1.0,0.0,0.0
2025-01-13 18:50:00+00:00,2025-01-13,2025-01-13:1,True,1,5,True,0.17183098591549295,0.05980301005665366,1.0554553585946838,True,0,0,0,True,0.0,130.0,350.0,0.0,1.0,0.0,0.0,0.0
2025-01-13 18:55:00+00:00,2025-01-13,2025-01-13:1,True,0,5,True,0.0896551724137931,0.0896551724137931,-1.3908365214889924,True,0,0,0,True,-0.777501251909131,125.0,355.0,1.0,0.0,0.0,0.0,0.0
2025-01-13 19:00:00+00:00,2025-01-13,2025-01-13:1,True,1,5,True,-0.053003533568904596,0.053003533568904596,0.34750890756047054,True,0,0,0,True,-0.6040235307758982,120.0,360.0,0.0,1.0,0.0,0.0,0.0
2025-01-13 19:05:00+00:00,2025-01-13,2025-01-13:1,True,0,5,True,0.0219435736677116,0.015388591502495016,0.3548479018957737,True,0,0,0,True,0.0,115.0,365.0,1.0,0.0,0.0,0.0,0.0
2025-01-13 19:10:00+00:00,2025-01-13,2025-01-13:1,True,0,10,True,0.04529616724738676,0.04529616724738676,0.0,True,0,0,0,True,0.8353719745195554,110.0,370.0,1.0,0.0,0.0,0.0,0.0
2025-01-13 19:15:00+00:00,2025-01-13,2025-01-13:1,True,0,15,True,0.17507418397626112,0.12152936704394908,0.3650538548951887,True,0,0,0,True,0.8162852349939864,105.0,375.0,1.0,0.0,0.0,0.0,0.0
2025-01-13 19:20:00+00:00,2025-01-13,2025-01-13:1,True,0,20,True,-0.09395973154362416,0.05354062820717782,-0.562425531210975,True,0,0,0,True,-0.5499535319213494,100.0,380.0,1.0,0.0,0.0,0.0,0.0
2025-01-13 19:25:00+00:00,2025-01-13,2025-01-13:1,True,0,25,True,-0.04436860068259386,0.025303487630152055,-0.5615897901995548,True,0,0,0,True,0.0,95.0,385.0,1.0,0.0,0.0,0.0,0.0
2025-01-13 19:30:00+00:00,2025-01-13,2025-01-13:1,True,0,30,True,0.40588235294117647,0.40588235294117647,-0.7089868876193399,True,0,0,0,True,-0.6488312114970595,90.0,390.0,1.0,0.0,0.0,0.0,0.0
2025-01-13 19:35:00+00:00,2025-01-13,2025-01-13:1,True,3,5,True,0.11466666666666667,0.11466666666666667,-0.9528266049956631,True,0,0,0,True,0.0,85.0,395.0,0.0,0.0,0.0,1.0,0.0
2025-01-13 19:40:00+00:00,2025-01-13,2025-01-13:1,True,3,10,True,-0.4678362573099415,0.18059694214509717,-0.9518506479577958,True,0,0,0,True,-0.24347018136832674,80.0,400.0,0.0,0.0,0.0,1.0,0.0
2025-01-13 19:45:00+00:00,2025-01-13,2025-01-13:1,True,4,5,True,-0.26627218934911245,0.26627218934911245,1.0178689156642593,True,0,0,0,True,2.0445167829387247,75.0,405.0,0.0,0.0,0.0,0.0,1.0
2025-01-13 19:50:00+00:00,2025-01-13,2025-01-13:1,True,4,10,True,-0.42953020134228187,0.3508948528712396,-0.20220544227828524,True,0,0,0,True,-0.657349248832051,70.0,410.0,0.0,0.0,0.0,0.0,1.0
2025-01-13 19:55:00+00:00,2025-01-13,2025-01-13:1,True,0,5,True,-0.24307692307692308,0.24307692307692308,0.2009616944759964,True,0,0,0,True,0.8987280194437439,65.0,415.0,1.0,0.0,0.0,0.0,0.0
2025-01-13 20:00:00+00:00,2025-01-13,2025-01-13:1,True,0,10,True,0.09740259740259741,0.09740259740259741,-0.5739970345359038,True,0,0,0,True,0.10716695626394876,60.0,420.0,1.0,0.0,0.0,0.0,0.0
2025-01-13 20:05:00+00:00,2025-01-13,2025-01-13:1,True,0,15,True,-0.11370262390670553,0.046665034599336214,-0.8905913174875809,True,0,0,0,True,0.9682922629462721,55.0,425.0,1.0,0.0,0.0,0.0,0.0
2025-01-13 20:10:00+00:00,2025-01-13,2025-01-13:1,True,0,20,True,-0.07796610169491526,0.07796610169491526,0.17629877780158512,True,0,0,0,True,1.1826481545434258,50.0,430.0,1.0,0.0,0.0,0.0,0.0
2025-01-13 20:15:00+00:00,2025-01-13,2025-01-13:1,True,3,5,True,-0.12693498452012383,0.044736623034167644,-1.0428825490411677,True,0,0,0,True,-0.9025454212653649,45.0,435.0,0.0,0.0,0.0,1.0,0.0
2025-01-13 20:20:00+00:00,2025-01-13,2025-01-13:1,True,0,5,True,0.0196078431372549,0.014292905233709288,0.3161663696117312,True,0,0,0,True,0.0,40.0,440.0,1.0,0.0,0.0,0.0,0.0
2025-01-13 20:25:00+00:00,2025-01-13,2025-01-13:1,True,3,5,True,-0.18457300275482094,0.018805082847751606,-2.2839178665720676,True,0,0,0,True,-0.5185427962954624,35.0,445.0,0.0,0.0,0.0,1.0,0.0
2025-01-13 20:30:00+00:00,2025-01-13,2025-01-13:1,True,4,5,True,-0.15824915824915825,0.15824915824915825,0.4650813060130429,True,0,0,0,True,-0.6933022768717169,30.0,450.0,0.0,0.0,0.0,0.0,1.0
2025-01-13 20:35:00+00:00,2025-01-13,2025-01-13:1,True,3,5,True,-0.43977591036414565,0.32146035108779675,-0.31339109124405173,True,0,0,0,True,0.0,25.0,455.0,0.0,0.0,0.0,1.0,0.0
2025-01-13 20:40:00+00:00,2025-01-13,2025-01-13:1,True,4,5,True,-0.5144508670520231,0.5144508670520231,0.0,True,0,0,0,True,0.4549865891595393,20.0,460.0,0.0,0.0,0.0,0.0,1.0
2025-01-13 20:45:00+00:00,2025-01-13,2025-01-13:1,True,3,5,True,-0.25067385444743934,0.18196303717412346,-0.3203491355270977,True,0,0,0,True,-0.27142725847162286,15.0,465.0,0.0,0.0,0.0,1.0,0.0
2025-01-13 20:50:00+00:00,2025-01-13,2025-01-13:1,True,3,10,True,-0.5595238095238095,0.29040895664469085,-0.6557959569334638,True,0,0,0,True,0.4372051703943339,10.0,470.0,0.0,0.0,0.0,1.0,0.0
2025-01-13 20:55:00+00:00,2025-01-13,2025-01-13:1,True,0,5,True,-0.5481927710843374,0.3922055484033261,-0.3348409366079385,True,0,0,0,True,0.0,5.0,475.0,1.0,0.0,0.0,0.0,0.0
2025-01-13 21:00:00+00:00,2025-01-13,2025-01-13:1,True,0,10,True,-0.5214723926380368,0.5214723926380368,1.0145126848513106,True,0,0,0,True,-0.3077458772881169,0.0,480.0,1.0,0.0,0.0,0.0,0.0
2025-01-14 13:00:00+00:00,2025-01-14,2025-01-14:1,False,-1,0,False,,,,False,0,0,0,False,,480.0,0.0,,,,,
2025-01-14 13:05:00+00:00,2025-01-14,2025-01-14:1,False,-1,0,True,-0.045936395759717315,,,False,0,0,0,False,,475.0,5.0,,,,,
2025-01-14 13:10:00+00:00,2025-01-14,2025-01-14:1,False,-1,0,True,-0.10059171597633136,,,False,0,0,0,False,,470.0,10.0,,,,,
2025-01-14 13:15:00+00:00,2025-01-14,2025-01-14:1,False,-1,0,True,0.07641196013289037,,,False,0,0,0,False,,465.0,15.0,,,,,
2025-01-14 13:20:00+00:00,2025-01-14,2025-01-14:1,False,-1,0,True,0.27598566308243727,,,False,0,0,0,False,,460.0,20.0,,,,,
2025-01-14 13:25:00+00:00,2025-01-14,2025-01-14:1,False,-1,0,True,0.23115577889447236,,,False,0,0,0,False,,455.0,25.0,,,,,
2025-01-14 13:30:00+00:00,2025-01-14,2025-01-14:1,False,-1,0,True,0.29198966408268734,,,False,0,0,0,False,,450.0,30.0,,,,,
2025-01-14 13:35:00+00:00,2025-01-14,2025-01-14:1,False,-1,0,True,0.584,,,False,0,0,0,False,,445.0,35.0,,,,,
2025-01-14 13:40:00+00:00,2025-01-14,2025-01-14:1,False,-1,0,True,0.3956043956043956,,,False,0,0,0,False,,440.0,40.0,,,,,
2025-01-14 13:45:00+00:00,2025-01-14,2025-01-14:1,False,-1,0,True,0.5978835978835979,,,False,0,0,0,False,,435.0,45.0,,,,,
2025-01-14 13:50:00+00:00,2025-01-14,2025-01-14:1,False,-1,0,True,0.5925925925925926,,,False,0,0,0,False,,430.0,50.0,,,,,
2025-01-14 13:55:00+00:00,2025-01-14,2025-01-14:1,False,-1,0,True,0.5220125786163522,,,False,0,0,0,False,,425.0,55.0,,,,,
2025-01-14 14:00:00+00:00,2025-01-14,2025-01-14:1,False,-1,0,True,0.42249240121580545,,,False,0,0,0,False,,420.0,60.0,,,,,
2025-01-14 14:05:00+00:00,2025-01-14,2025-01-14:1,True,2,5,True,0.48732394366197185,0.48732394366197185,-0.30489700699379846,True,0,0,0,False,,415.0,65.0,0.0,0.0,1.0,0.0,0.0
2025-01-14 14:10:00+00:00,2025-01-14,2025-01-14:1,True,2,10,True,0.5422343324250681,0.5422343324250681,0.0,True,0,0,0,False,,410.0,70.0,0.0,0.0,1.0,0.0,0.0
2025-01-14 14:15:00+00:00,2025-01-14,2025-01-14:1,True,1,5,True,0.5548961424332344,0.15509208756404885,1.2747619116641171,True,0,0,0,False,,405.0,75.0,0.0,1.0,0.0,0.0,0.0
2025-01-14 14:20:00+00:00,2025-01-14,2025-01-14:1,True,2,5,True,0.3166144200626959,0.3166144200626959,-0.3113409502369624,True,0,0,0,False,,400.0,80.0,0.0,0.0,1.0,0.0,0.0
2025-01-14 14:25:00+00:00,2025-01-14,2025-01-14:1,True,0,5,True,0.22023809523809523,0.22023809523809523,-0.31393046766742877,True,0,0,0,False,,395.0,85.0,1.0,0.0,0.0,0.0,0.0
2025-01-14 14:30:00+00:00,2025-01-14,2025-01-14:1,True,0,10,True,0.12318840579710146,0.12318840579710146,-0.9423162241100025,True,0,0,0,False,,390.0,90.0,1.0,0.0,0.0,0.0,0.0
2025-01-14 14:35:00+00:00,2025-01-14,2025-01-14:1,True,0,15,True,0.16825396825396827,0.16825396825396827,-0.332110755827933,True,0,0,0,False,,385.0,95.0,1.0,0.0,0.0,0.0,0.0
2025-01-14 14:40:00+00:00,2025-01-14,2025-01-14:1,True,0,20,True,-0.029315960912052116,0.029315960912052116,0.6907162577988204,True,0,0,0,False,,380.0,100.0,1.0,0.0,0.0,0.0,0.0
2025-01-14 14:45:00+00:00,2025-01-14,2025-01-14:1,True,0,25,True,-0.07142857142857142,0.05071309769308932,-0.3425137349912333,True,0,0,0,False,,375.0,105.0,1.0,0.0,0.0,0.0,0.0
2025-01-14 14:50:00+00:00,2025-01-14,2025-01-14:1,True,3,5,True,-0.45454545454545453,0.119666333586962,-1.334590602197432,True,0,0,0,False,,370.0,110.0,0.0,0.0,0.0,1.0,0.0
2025-01-14 14:55:00+00:00,2025-01-14,2025-01-14:1,True,4,5,True,-0.1952662721893491,0.1952662721893491,0.32458765050070104,True,0,0,0,False,,365.0,115.0,0.0,0.0,0.0,0.0,1.0
2025-01-14 15:00:00+00:00,2025-01-14,2025-01-14:1,True,0,5,True,-0.24232081911262798,0.24232081911262798,0.3266601560847281,True,0,0,0,False,,360.0,120.0,1.0,0.0,0.0,0.0,0.0
2025-01-14 15:05:00+00:00,2025-01-14,2025-01-14:1,True,0,10,True,0.22388059701492538,0.22388059701492538,0.0,True,0,0,0,True,-1.2592458473352481,355.0,125.0,1.0,0.0,0.0,0.0,0.0
2025-01-14 15:10:00+00:00,2025-01-14,2025-01-14:1,True,3,5,True,-0.4011299435028249,0.10216692260858111,-1.3676774516035173,True,0,0,0,True,-0.7645549382692426,350.0,130.0,0.0,0.0,0.0,1.0,0.0
2025-01-14 15:15:00+00:00,2025-01-14,2025-01-14:1,True,0,5,True,-0.38271604938271603,0.38271604938271603,1.1451554228931464,True,0,0,0,True,0.8535484567988154,345.0,135.0,1.0,0.0,0.0,0.0,0.0
2025-01-14 15:20:00+00:00,2025-01-14,2025-01-14:1,True,0,10,True,-0.27607361963190186,0.27607361963190186,0.0,True,0,0,0,True,0.29026211898261256,340.0,140.0,1.0,0.0,0.0,0.0,0.0
2025-01-14 15:25:00+00:00,2025-01-14,2025-01-14:1,True,3,5,True,-0.4245614035087719,0.05528230750206252,-2.038603723644158,True,0,0,0,True,-0.9116913010494703,335.0,145.0,0.0,0.0,0.0,1.0,0.0
2025-01-14 15:30:00+00:00,2025-01-14,2025-01-14:1,True,3,10,True,-0.23300970873786409,0.029756751922254673,-2.058024059489377,True,0,0,0,True,-4.931211325783897,330.0,150.0,0.0,0.0,0.0,1.0,0.0
2025-01-14 15:35:00+00:00,2025-01-14,2025-01-14:1,True,4,5,True,0.659217877094972,0.16175967319554346,1.4049423626414301,True,1,0,0,True,0.7853866568349659,325.0,155.0,0.0,0.0,0.0,0.0,1.0
2025-01-14 15:40:00+00:00,2025-01-14,2025-01-14:1,True,0,5,True,0.5095541401273885,0.1322168393135697,1.349092811440916,True,1,0,0,True,-0.3580016184952431,320.0,160.0,1.0,0.0,0.0,0.0,0.0
2025-01-14 15:45:00+00:00,2025-01-14,2025-01-14:1,True,0,10,True,0.530791788856305,0.19126418882160462,1.0207141730928495,True,0,0,0,True,0.4063085129983026,315.0,165.0,1.0,0.0,0.0,0.0,0.0
2025-01-14 15:50:00+00:00,2025-01-14,2025-01-14:1,True,0,15,True,0.38271604938271603,0.38271604938271603,0.0,True,0,0,0,True,1.158330871446007,310.0,170.0,1.0,0.0,0.0,0.0,0.0
2025-01-14 15:55:00+00:00,2025-01-14,2025-01-14:1,True,1,5,True,0.6698412698412698,0.23868152502809314,1.0319106415735395,True,0,0,0,True,-1.2294169013475538,305.0,175.0,0.0,1.0,0.0,0.0,0.0
2025-01-14 16:00:00+00:00,2025-01-14,2025-01-14:1,True,2,5,True,0.43023255813953487,0.3033209566267138,0.3495343876920203,True,0,0,0,True,0.0,300.0,180.0,0.0,0.0,1.0,0.0,0.0
2025-01-14 16:05:00+00:00,2025-01-14,2025-01-14:1,True,2,10,True,0.6956521739130435,0.6956521739130435,-0.3544305401721362,True,0,0,0,True,-0.4771067362800696,295.0,185.0,0.0,0.0,1.0,0.0,0.0
2025-01-14 16:10:00+00:00,2025-01-14,2025-01-14:1,True,0,5,True,0.3,0.3,-0.7054274118728678,True,0,0,0,True,1.3035094261884281,290.0,190.0,1.0,0.0,0.0,0.0,0.0
2025-01-14 16:15:00+00:00,2025-01-14,2025-01-14:1,True,0,10,True,0.6775818639798489,0.6775818639798489,-1.0057778786259661,True,0,0,0,True,0.7496625689570208,285.0,195.0,1.0,0.0,0.0,0.0,0.0
2025-01-14 16:20:00+00:00,2025-01-14,2025-01-14:1,True,0,15,True,0.1076923076923077,0.1076923076923077,0.0,True,0,0,0,True,0.0,280.0,200.0,1.0,0.0,0.0,0.0,0.0
2025-01-14 16:25:00+00:00,2025-01-14,2025-01-14:1,True,0,20,True,0.19220055710306408,0.09948808356103192,0.6585015213044653,True,0,0,0,True,1.4724541649238105,275.0,205.0,1.0,0.0,0.0,0.0,0.0
2025-01-14 16:30:00+00:00,2025-01-14,2025-01-14:1,True,3,5,True,0.15151515151515152,0.15151515151515152,-0.9749242672991306,True,0,0,0,True,-0.46867160901332594,270.0,210.0,0.0,0.0,0.0,1.0,0.0
2025-01-14 16:35:00+00:00,2025-01-14,2025-01-14:1,True,4,5,True,-0.02280130293159609,0.02280130293159609,0.0,True,0,0,0,True,0.8200563402684357,265.0,215.0,0.0,0.0,0.0,0.0,1.0
2025-01-14 16:40:00+00:00,2025-01-14,2025-01-14:1,True,3,5,True,0.056451612903225805,0.056451612903225805,-1.0989691220228535,True,0,0,0,True,-1.6382464413450173,260.0,220.0,0.0,0.0,0.0,1.0,0.0
2025-01-14 16:45:00+00:00,2025-01-14,2025-01-14:1,True,0,5,True,-0.09933774834437085,0.09933774834437085,0.0,True,0,0,0,True,-0.34632263628577026,255.0,225.0,1.0,0.0,0.0,0.0,0.0
2025-01-14 16:50:00+00:00,2025-01-14,2025-01-14:1,True,0,10,True,0.5364583333333334,0.12805345918974015,1.432541068535981,True,0,0,0,True,0.0,250.0,230.0,1.0,0.0,0.0,0.0,0.0
2025-01-14 16:55:00+00:00,2025-01-14,2025-01-14:1,True,0,15,True,0.5081081081081081,0.16377816704402068,1.1321813639683367,True,0,0,0,True,-0.41069567247402267,245.0,235.0,1.0,0.0,0.0,0.0,0.0
2025-01-14 17:00:00+00:00,2025-01-14,2025-01-14:1,True,1,5,True,-0.10059171597633136,0.10059171597633136,0.7283106557736917,True,0,0,0,True,0.0,240.0,240.0,0.0,1.0,0.0,0.0,0.0
2025-01-14 17:05:00+00:00,2025-01-14,2025-01-14:1,True,1,10,True,0.08307692307692308,0.027493923703847192,1.1058019386223643,True,0,0,0,True,0.0,235.0,245.0,0.0,1.0,0.0,0.0,0.0
2025-01-14 17:10:00+00:00,2025-01-14,2025-01-14:1,True,2,5,True,-0.06796116504854369,0.012914912619000747,-1.6605537791365,True,0,0,0,True,0.0,230.0,250.0,0.0,0.0,1.0,0.0,0.0
2025-01-14 17:15:00+00:00,2025-01-14,2025-01-14:1,True,1,5,True,-0.4827586206896552,0.4827586206896552,0.7079196556786466,True,0,0,0,True,-1.1432880346829595,225.0,255.0,0.0,1.0,0.0,0.0,0.0
2025-01-14 17:20:00+00:00,2025-01-14,2025-01-14:1,True,0,5,True,-0.5362318840579711,0.1901961051780651,-1.0365110146350234,True,0,0,0,True,-0.45403770147182715,220.0,260.0,1.0,0.0,0.0,0.0,0.0
2025-01-14 17:25:00+00:00,2025-01-14,2025-01-14:1,True,0,10,True,-0.48476454293628807,0.17206126752525777,-1.0358126746436096,True,0,0,0,True,0.0,215.0,265.0,1.0,0.0,0.0,0.0,0.0
2025-01-14 17:30:00+00:00,2025-01-14,2025-01-14:1,True,0,15,True,-0.45098039215686275,0.45098039215686275,0.6942337627623875,True,0,0,0,True,0.0,210.0,270.0,1.0,0.0,0.0,0.0,0.0
2025-01-14 17:35:00+00:00,2025-01-14,2025-01-14:1,True,3,5,True,-0.1232876712328767,0.08678534130540803,-0.35108268673527326,True,0,0,0,True,-1.5700895065244382,205.0,275.0,0.0,0.0,0.0,1.0,0.0
2025-01-14 17:40:00+00:00,2025-01-14,2025-01-14:1,True,0,5,True,-0.288135593220339,0.24117721755798982,-0.17789917330958177,True,0,0,0,True,0.0,200.0,280.0,1.0,0.0,0.0,0.0,0.0
2025-01-14 17:45:00+00:00,2025-01-14,2025-01-14:1,True,4,5,True,-0.6144578313253012,0.6144578313253012,0.0,True,0,0,0,True,0.35755188830546336,195.0,285.0,0.0,0.0,0.0,0.0,1.0
2025-01-14 17:50:00+00:00,2025-01-14,2025-01-14:1,True,0,5,True,-0.487012987012987,0.487012987012987,0.0,True,0,0,0,True,1.6847511297915858,190.0,290.0,1.0,0.0,0.0,0.0,0.0
2025-01-14 17:55:00+00:00,2025-01-14,2025-01-14:1,True,0,10,True,-0.3477088948787062,0.1136381141553206,-1.1183466587902255,True,0,0,0,True,-1.6671327676439278,185.0,295.0,1.0,0.0,0.0,0.0,0.0
2025-01-14 18:00:00+00:00,2025-01-14,2025-01-14:1,True,3,5,True,-0.8133333333333334,0.13270329156145583,-1.8130252840561556,True,0,0,0,True,0.8108095560141643,180.0,300.0,0.0,0.0,0.0,1.0,0.0
2025-01-14 18:05:00+00:00,2025-01-14,2025-01-14:1,True,3,10,True,-0.959079283887468,0.23977864722181844,-1.3862575504509473,True,0,0,0,True,0.32544554828468747,175.0,305.0,0.0,0.0,0.0,1.0,0.0
2025-01-14 18:10:00+00:00,2025-01-14,2025-01-14:1,True,3,15,True,-0.9324675324675324,0.09027175851929332,-2.3350096734010384,True,0,0,0,True,-1.7404134526155928,170.0,310.0,0.0,0.0,0.0,1.0,0.0
2025-01-14 18:15:00+00:00,2025-01-14,2025-01-14:1,True,3,20,True,-0.9391100702576113,0.026931429651961703,-3.551638699938224,True,0,0,0,True,-0.7941705564574075,165.0,315.0,0.0,0.0,0.0,1.0,0.0
2025-01-14 18:20:00+00:00,2025-01-14,2025-01-14:1,True,3,25,True,-0.8976982097186701,0.14963269917779465,-1.7916503234151424,True,0,0,0,True,0.09800207642959997,160.0,320.0,0.0,0.0,0.0,1.0,0.0
2025-01-14 18:25:00+00:00,2025-01-14,2025-01-14:1,True,4,5,True,-0.92,0.5410841460331676,-0.5307988653372788,True,0,0,0,True,0.0,155.0,325.0,0.0,0.0,0.0,0.0,1.0
2025-01-14 18:30:00+00:00,2025-01-14,2025-01-14:1,True,4,10,True,-0.9247058823529412,0.9247058823529412,0.0,True,0,0,0,True,0.5317564284722927,150.0,330.0,0.0,0.0,0.0,0.0,1.0
2025-01-14 18:35:00+00:00,2025-01-14,2025-01-14:1,True,4,15,True,-0.7737789203084833,0.5335976161438478,-0.37164417301766883,True,0,0,0,True,0.0,145.0,335.0,0.0,0.0,0.0,0.0,1.0
2025-01-14 18:40:00+00:00,2025-01-14,2025-01-14:1,True,4,20,True,-0.8233766233766234,0.8233766233766234,0.36402750773893244,True,1,0,0,True,0.44342961773080436,140.0,340.0,0.0,0.0,0.0,0.0,1.0
2025-01-14 18:45:00+00:00,2025-01-14,2025-01-14:1,True,3,5,True,-0.8722222222222222,0.21959574277898974,-1.3792559102450985,True,0,1,1,True,-0.9609605252720815,135.0,345.0,0.0,0.0,0.0,1.0,0.0
2025-01-14 18:50:00+00:00,2025-01-14,2025-01-14:1,True,3,10,True,-0.8899082568807339,0.44543237486018183,-0.6920729359166731,True,0,0,1,True,0.0,130.0,350.0,0.0,0.0,0.0,1.0,0.0
2025-01-14 18:55:00+00:00,2025-01-14,2025-01-14:1,True,3,15,True,-0.8222222222222222,0.06994570606824912,-2.4642913883578372,True,0,0,1,True,0.0,125.0,355.0,0.0,0.0,0.0,1.0,0.0
2025-01-14 19:00:00+00:00,2025-01-14,2025-01-14:1,True,3,20,True,-0.7766497461928934,0.2624844820643981,-1.084797507297472,True,0,0,1,True,-1.6171206454270806,120.0,360.0,0.0,0.0,0.0,1.0,0.0
2025-01-14 19:05:00+00:00,2025-01-14,2025-01-14:1,True,3,25,True,-0.8044444444444444,0.37655243083152,-0.759094611982508,True,0,0,1,True,0.0,115.0,365.0,0.0,0.0,0.0,1.0,0.0
2025-01-14 19:10:00+00:00,2025-01-14,2025-01-14:1,True,4,5,True,-0.7285067873303167,0.7285067873303167,0.0,True,0,0,1,True,0.0,110.0,370.0,0.0,0.0,0.0,0.0,1.0
2025-01-14 19:15:00+00:00,2025-01-14,2025-01-14:1,True,4,10,True,-0.788235294117647,0.788235294117647,0.0,True,0,0,1,True,0.0,105.0,375.0,0.0,0.0,0.0,0.0,1.0
2025-01-14 19:20:00+00:00,2025-01-14,2025-01-14:1,True,4,15,True,-0.7694524495677233,0.49319708300583653,-0.4447703005873284,True,0,0,1,True,0.0,100.0,380.0,0.0,0.0,0.0,0.0,1.0
2025-01-14 19:25:00+00:00,2025-01-14,2025-01-14:1,True,4,20,True,-0.7236180904522613,0.7236180904522613,0.0,True,0,0,1,True,1.0144307602983629,95.0,385.0,0.0,0.0,0.0,0.0,1.0
2025-01-14 19:30:00+00:00,2025-01-14,2025-01-14:1,True,3,5,True,-0.6792873051224945,0.18338003008515605,-1.3094835011664625,True,0,0,1,True,0.8448119855637893,90.0,390.0,0.0,0.0,0.0,1.0,0.0
2025-01-14 19:35:00+00:00,2025-01-14,2025-01-14:1,True,3,10,True,-0.7965116279069767,0.2281316394926098,-1.2503188994584455,True,0,0,1,True,-1.8638653684954225,85.0,395.0,0.0,0.0,0.0,1.0,0.0
2025-01-14 19:40:00+00:00,2025-01-14,2025-01-14:1,True,3,15,True,-0.6815642458100558,0.20666792123559685,-1.1932772580272129,True,0,0,1,True,-0.8894163549836256,80.0,400.0,0.0,0.0,0.0,1.0,0.0
2025-01-14 19:45:00+00:00,2025-01-14,2025-01-14:1,True,3,20,True,-0.689922480620155,0.08462672621323515,-2.098329114944338,True,0,0,1,True,-0.08940417790161663,75.0,405.0,0.0,0.0,0.0,1.0,0.0
2025-01-14 19:50:00+00:00,2025-01-14,2025-01-14:1,True,4,5,True,-0.4486486486486487,0.4486486486486487,0.0,True,0,0,1,True,0.0,70.0,410.0,0.0,0.0,0.0,0.0,1.0
2025-01-14 19:55:00+00:00,2025-01-14,2025-01-14:1,True,4,10,True,-0.4894894894894895,0.4894894894894895,0.0,True,0,0,1,True,-0.16811731118415002,65.0,415.0,0.0,0.0,0.0,0.0,1.0
2025-01-14 20:00:00+00:00,2025-01-14,2025-01-14:1,True,4,15,True,-0.5818181818181818,0.5818181818181818,0.8974746519270098,True,1,0,1,True,1.0034071648958784,60.0,420.0,0.0,0.0,0.0,0.0,1.0
2025-01-14 20:05:00+00:00,2025-01-14,2025-01-14:1,True,4,20,True,-0.41778975741239893,0.41778975741239893,0.452615853799513,True,1,0,1,True,-0.924320501521331,55.0,425.0,0.0,0.0,0.0,0.0,1.0
2025-01-14 20:10:00+00:00,2025-01-14,2025-01-14:1,True,0,5,True,-0.5015197568389058,0.20144638663259695,-0.9121197274361056,True,0,1,2,True,0.0,50.0,430.0,1.0,0.0,0.0,0.0,0.0
2025-01-14 20:15:00+00:00,2025-01-14,2025-01-14:1,True,0,10,True,-0.425531914893617,0.10701195862801348,-1.380399359730538,True,0,0,2,True,-1.0288889348172483,45.0,435.0,1.0,0.0,0.0,0.0,0.0
2025-01-14 20:20:00+00:00,2025-01-14,2025-01-14:1,True,3,5,True,-0.38591549295774646,0.12271954970218765,-1.1457167470333585,True,0,0,2,True,-1.5371403175970773,40.0,440.0,0.0,0.0,0.0,1.0,0.0
2025-01-14 20:25:00+00:00,2025-01-14,2025-01-14:1,True,4,5,True,-0.3396825396825397,0.3396825396825397,0.0,True,0,0,2,True,-1.002445381355073,35.0,445.0,0.0,0.0,0.0,0.0,1.0
2025-01-14 20:30:00+00:00,2025-01-14,2025-01-14:1,True,4,10,True,-0.5,0.5,0.7095608584785597,True,1,0,2,True,2.1155017516405543,30.0,450.0,0.0,0.0,0.0,0.0,1.0
2025-01-14 20:35:00+00:00,2025-01-14,2025-01-14:1,True,4,15,True,-0.38349514563106796,0.38349514563106796,0.0,True,1,0,2,True,2.048305532766191,25.0,455.0,0.0,0.0,0.0,0.0,1.0
2025-01-14 20:40:00+00:00,2025-01-14,2025-01-14:1,True,3,5,True,-0.22946175637393768,0.13927370513829704,-0.4992952780157803,True,1,0,2,True,-0.9108724963162376,20.0,460.0,0.0,0.0,0.0,1.0,0.0
2025-01-14 20:45:00+00:00,2025-01-14,2025-01-14:1,True,0,5,True,-0.6190476190476191,0.6190476190476191,0.5203322956512614,True,1,0,2,True,1.9925427832593283,15.0,465.0,1.0,0.0,0.0,0.0,0.0
2025-01-14 20:50:00+00:00,2025-01-14,2025-01-14:1,True,0,10,True,-0.771117166212534,0.46430087024524663,-0.5073075592299787,True,1,0,2,True,-1.1343741879377331,10.0,470.0,1.0,0.0,0.0,0.0,0.0
2025-01-14 20:55:00+00:00,2025-01-14,2025-01-14:1,True,0,15,True,-0.36615384615384616,0.36615384615384616,0.0,True,0,0,2,True,-1.1484454600323517,5.0,475.0,1.0,0.0,0.0,0.0,0.0
2025-01-14 21:00:00+00:00,2025-01-14,2025-01-14:1,True,0,20,True,-0.6902050113895216,0.6902050113895216,0.5073075592299158,True,0,0,2,True,-0.6023473798849959,0.0,480.0,1.0,0.0,0.0,0.0,0.0
2025-01-15 13:00:00+00:00,2025-01-15,2025-01-15:1,False,-1,0,False,,,,False,0,0,0,False,,480.0,0.0,,,,,
2025-01-15 13:05:00+00:00,2025-01-15,2025-01-15:1,False,-1,0,True,-0.017369727047146403,,,False,0,0,0,False,,475.0,5.0,,,,,
2025-01-15 13:10:00+00:00,2025-01-15,2025-01-15:1,False,-1,0,True,0.18861209964412812,,,False,0,0,0,False,,470.0,10.0,,,,,
2025-01-15 13:15:00+00:00,2025-01-15,2025-01-15:1,False,-1,0,True,-0.15527950310559005,,,False,0,0,0,False,,465.0,15.0,,,,,
2025-01-15 13:20:00+00:00,2025-01-15,2025-01-15:1,False,-1,0,True,-0.22929936305732485,,,False,0,0,0,False,,460.0,20.0,,,,,
2025-01-15 13:25:00+00:00,2025-01-15,2025-01-15:1,False,-1,0,True,-0.0027247956403269754,,,False,0,0,0,False,,455.0,25.0,,,,,
2025-01-15 13:30:00+00:00,2025-01-15,2025-01-15:1,False,-1,0,True,-0.5782312925170068,,,False,0,0,0,False,,450.0,30.0,,,,,
2025-01-15 13:35:00+00:00,2025-01-15,2025-01-15:1,False,-1,0,True,-0.979253112033195,,,False,0,0,0,False,,445.0,35.0,,,,,
2025-01-15 13:40:00+00:00,2025-01-15,2025-01-15:1,False,-1,0,True,-0.9546742209631728,,,False,0,0,0,False,,440.0,40.0,,,,,
2025-01-15 13:45:00+00:00,2025-01-15,2025-01-15:1,False,-1,0,True,-0.9710743801652892,,,False,0,0,0,False,,435.0,45.0,,,,,
2025-01-15 13:50:00+00:00,2025-01-15,2025-01-15:1,False,-1,0,True,-0.9487179487179487,,,False,0,0,0,False,,430.0,50.0,,,,,
2025-01-15 13:55:00+00:00,2025-01-15,2025-01-15:1,False,-1,0,True,-0.93717277486911,,,False,0,0,0,False,,425.0,55.0,,,,,
2025-01-15 14:00:00+00:00,2025-01-15,2025-01-15:1,False,-1,0,True,-0.9211822660098522,,,False,0,0,0,False,,420.0,60.0,,,,,
2025-01-15 14:05:00+00:00,2025-01-15,2025-01-15:1,True,4,5,True,-0.8676844783715013,0.6067677948026644,-0.3576819721560173,True,0,0,0,False,,415.0,65.0,0.0,0.0,0.0,0.0,1.0
2025-01-15 14:10:00+00:00,2025-01-15,2025-01-15:1,True,4,10,True,-0.8809034907597536,0.6188878473195379,-0.35302400221050534,True,0,0,0,False,,410.0,70.0,0.0,0.0,0.0,0.0,1.0
2025-01-15 14:15:00+00:00,2025-01-15,2025-01-15:1,True,3,5,True,-0.7283950617283951,0.261957878398118,-1.0226598468519499,True,0,0,0,False,,405.0,75.0,0.0,0.0,0.0,1.0,0.0
2025-01-15 14:20:00+00:00,2025-01-15,2025-01-15:1,True,3,10,True,-0.5700483091787439,0.27984940477464193,-0.7114694917916107,True,0,0,0,False,,400.0,80.0,0.0,0.0,0.0,1.0,0.0
2025-01-15 14:25:00+00:00,2025-01-15,2025-01-15:1,True,3,15,True,-0.7307692307692307,0.2402966287907206,-1.1122236066519515,True,0,0,0,False,,395.0,85.0,0.0,0.0,0.0,1.0,0.0
2025-01-15 14:30:00+00:00,2025-01-15,2025-01-15:1,True,3,20,True,-0.6822429906542056,0.060123111920955596,-2.4289915602978365,True,0,0,0,False,,390.0,90.0,0.0,0.0,0.0,1.0,0.0
2025-01-15 14:35:00+00:00,2025-01-15,2025-01-15:1,True,4,5,True,-0.6708074534161491,0.6708074534161491,0.3926270580964203,True,1,0,0,False,,385.0,95.0,0.0,0.0,0.0,0.0,1.0
2025-01-15 14:40:00+00:00,2025-01-15,2025-01-15:1,True,3,5,True,-0.5895953757225434,0.17851808857858636,-1.194746565108426,True,0,1,1,False,,380.0,100.0,0.0,0.0,0.0,1.0,0.0
2025-01-15 14:45:00+00:00,2025-01-15,2025-01-15:1,True,4,5,True,-0.7647058823529411,0.7647058823529411,0.38167920082891993,True,1,0,1,False,,375.0,105.0,0.0,0.0,0.0,0.0,1.0
2025-01-15 14:50:00+00:00,2025-01-15,2025-01-15:1,True,3,5,True,-0.7406340057636888,0.33747902941025054,-0.7860032106291164,True,0,1,2,False,,370.0,110.0,0.0,0.0,0.0,1.0,0.0
2025-01-15 14:55:00+00:00,2025-01-15,2025-01-15:1,True,3,10,True,-0.7532808398950132,0.15733839731228058,-1.5660392369087115,True,0,0,2,False,,365.0,115.0,0.0,0.0,0.0,1.0,0.0
2025-01-15 15:00:00+00:00,2025-01-15,2025-01-15:1,True,4,5,True,-0.7105263157894737,0.7105263157894737,0.8074241151081476,True,1,0,2,False,,360.0,120.0,0.0,0.0,0.0,0.0,1.0
2025-01-15 15:05:00+00:00,2025-01-15,2025-01-15:1,True,4,10,True,-0.6442048517520216,0.6442048517520216,0.3865211602239658,True,1,0,2,True,0.0,355.0,125.0,0.0,0.0,0.0,0.0,1.0
2025-01-15 15:10:00+00:00,2025-01-15,2025-01-15:1,True,0,5,True,-0.6918767507002801,0.47490276574544443,-0.376297754444296,True,1,0,2,True,-0.23229408353354497,350.0,130.0,1.0,0.0,0.0,0.0,0.0
2025-01-15 15:15:00+00:00,2025-01-15,2025-01-15:1,True,3,5,True,-0.8173076923076923,0.2774452715957111,-1.0803919420698247,True,0,1,3,True,0.0,345.0,135.0,0.0,0.0,0.0,1.0,0.0
2025-01-15 15:20:00+00:00,2025-01-15,2025-01-15:1,True,3,10,True,-0.6109422492401215,0.4208917208418219,-0.3726268308238709,True,0,0,3,True,0.6067405076376464,340.0,140.0,0.0,0.0,0.0,1.0,0.0
2025-01-15 15:25:00+00:00,2025-01-15,2025-01-15:1,True,0,5,True,-0.6011560693641619,0.6011560693641619,0.0,True,0,0,3,True,0.6041464016118185,335.0,145.0,1.0,0.0,0.0,0.0,0.0
2025-01-15 15:30:00+00:00,2025-01-15,2025-01-15:1,True,1,5,True,-0.7870722433460076,0.7870722433460076,4.197180299711951,True,0,0,3,True,8.718402067907569,330.0,150.0,0.0,1.0,0.0,0.0,0.0
2025-01-15 15:35:00+00:00,2025-01-15,2025-01-15:1,True,0,5,True,-0.8406169665809768,0.6428419296501868,-0.2682372448264649,True,0,0,3,True,-0.5997967135292293,325.0,155.0,1.0,0.0,0.0,0.0,0.0
2025-01-15 15:40:00+00:00,2025-01-15,2025-01-15:1,True,1,5,True,-0.9222797927461139,0.9222797927461139,0.7621049387414344,True,0,0,3,True,0.5680394830057964,320.0,160.0,0.0,1.0,0.0,0.0,0.0
2025-01-15 15:45:00+00:00,2025-01-15,2025-01-15:1,True,2,5,True,-0.9305555555555556,0.7252906735439028,-0.24920927582686633,True,0,0,3,True,0.6829490713973343,315.0,165.0,0.0,0.0,1.0,0.0,0.0
2025-01-15 15:50:00+00:00,2025-01-15,2025-01-15:1,True,2,10,True,-0.9363395225464191,0.45262568563617495,-0.7269126655831518,True,0,0,3,True,-0.5418087113175264,310.0,170.0,0.0,0.0,1.0,0.0,0.0
2025-01-15 15:55:00+00:00,2025-01-15,2025-01-15:1,True,0,5,True,-0.9292929292929293,0.2750160786127435,-1.2175944422564808,True,0,0,3,True,-0.05903287471698559,305.0,175.0,1.0,0.0,0.0,0.0,0.0
2025-01-15 16:00:00+00:00,2025-01-15,2025-01-15:1,True,3,5,True,-0.8636363636363636,0.4188829259236835,-0.7235603369811965,True,0,0,3,True,0.0,300.0,180.0,0.0,0.0,0.0,1.0,0.0
2025-01-15 16:05:00+00:00,2025-01-15,2025-01-15:1,True,3,10,True,-0.8918918918918919,0.3833599536968894,-0.8443705530996913,True,0,0,3,True,0.057040504556739806,295.0,185.0,0.0,0.0,0.0,1.0,0.0
2025-01-15 16:10:00+00:00,2025-01-15,2025-01-15:1,True,4,5,True,-0.878345498783455,0.878345498783455,0.0,True,0,0,3,True,0.0,290.0,190.0,0.0,0.0,0.0,0.0,1.0
2025-01-15 16:15:00+00:00,2025-01-15,2025-01-15:1,True,3,5,True,-0.8916256157635468,0.25498578023502966,-1.2518385513868044,True,0,0,3,True,0.0,285.0,195.0,0.0,0.0,0.0,1.0,0.0
2025-01-15 16:20:00+00:00,2025-01-15,2025-01-15:1,True,4,5,True,-0.8753541076487252,0.60428813581005,-0.3705773687189306,True,0,0,3,True,0.0,280.0,200.0,0.0,0.0,0.0,0.0,1.0
2025-01-15 16:25:00+00:00,2025-01-15,2025-01-15:1,True,3,5,True,-0.7945945945945946,0.3004778390958305,-0.9724580361959959,True,0,0,3,True,-0.8154308528254606,275.0,205.0,0.0,0.0,0.0,1.0,0.0
2025-01-15 16:30:00+00:00,2025-01-15,2025-01-15:1,True,3,10,True,-0.8309859154929577,0.28129252239324015,-1.0832177130245575,True,0,0,3,True,-0.5382552090562756,270.0,210.0,0.0,0.0,0.0,1.0,0.0
2025-01-15 16:35:00+00:00,2025-01-15,2025-01-15:1,True,3,15,True,-0.7927710843373494,0.33332685011990043,-0.8664109690322288,True,0,0,3,True,-0.3874707646410652,265.0,215.0,0.0,0.0,0.0,1.0,0.0
2025-01-15 16:40:00+00:00,2025-01-15,2025-01-15:1,True,4,5,True,-0.310126582278481,0.17409744532371632,-0.5773653710138076,True,0,0,3,True,-0.8606854782949891,260.0,220.0,0.0,0.0,0.0,0.0,1.0
2025-01-15 16:45:00+00:00,2025-01-15,2025-01-15:1,True,4,10,True,-0.4021164021164021,0.4021164021164021,0.38474925596354675,True,1,0,3,True,-0.8603254906245117,255.0,225.0,0.0,0.0,0.0,0.0,1.0
2025-01-15 16:50:00+00:00,2025-01-15,2025-01-15:1,True,4,15,True,-0.2469879518072289,0.2469879518072289,0.7499937931113698,True,1,0,3,True,-3.305137953061727,250.0,230.0,0.0,0.0,0.0,0.0,1.0
2025-01-15 16:55:00+00:00,2025-01-15,2025-01-15:1,True,0,5,True,-0.43137254901960786,0.43137254901960786,0.34516193776757514,True,1,0,3,True,-0.7718055560916566,245.0,235.0,1.0,0.0,0.0,0.0,0.0
2025-01-15 17:00:00+00:00,2025-01-15,2025-01-15:1,True,0,10,True,-0.797752808988764,0.2876220837916889,-1.0201513769122095,True,0,1,4,True,-1.6041385351164077,240.0,240.0,1.0,0.0,0.0,0.0,0.0
2025-01-15 17:05:00+00:00,2025-01-15,2025-01-15:1,True,0,15,True,-0.15960912052117263,0.11494235779951356,-0.3282970633293052,True,0,0,4,True,0.08178486426762131,235.0,245.0,1.0,0.0,0.0,0.0,0.0
2025-01-15 17:10:00+00:00,2025-01-15,2025-01-15:1,True,0,20,True,-0.5478260869565217,0.18940663066726943,-1.0620616880683347,True,0,0,4,True,-1.017789484637805,230.0,250.0,1.0,0.0,0.0,0.0,0.0
2025-01-15 17:15:00+00:00,2025-01-15,2025-01-15:1,True,3,5,True,-0.17037037037037037,0.08332083663488268,-0.7152760589053105,True,0,0,4,True,0.6397623561579856,225.0,255.0,0.0,0.0,0.0,1.0,0.0
2025-01-15 17:20:00+00:00,2025-01-15,2025-01-15:1,True,3,10,True,-0.5769230769230769,0.3348884231569463,-0.5439115309194779,True,0,0,4,True,0.039005765607977166,220.0,260.0,0.0,0.0,0.0,1.0,0.0
2025-01-15 17:25:00+00:00,2025-01-15,2025-01-15:1,True,0,5,True,-0.5582089552238806,0.5582089552238806,2.112769904716661,True,0,0,4,True,1.7716114229112472,215.0,265.0,1.0,0.0,0.0,0.0,0.0
2025-01-15 17:30:00+00:00,2025-01-15,2025-01-15:1,True,0,10,True,-0.639751552795031,0.639751552795031,0.5047907966927023,True,0,0,4,True,0.5643732679097773,210.0,270.0,1.0,0.0,0.0,0.0,0.0
2025-01-15 17:35:00+00:00,2025-01-15,2025-01-15:1,True,0,15,True,-0.43661971830985913,0.07886615279314074,-1.7113104592961994,True,0,0,4,True,-1.8607523239832688,205.0,275.0,1.0,0.0,0.0,0.0,0.0
2025-01-15 17:40:00+00:00,2025-01-15,2025-01-15:1,True,0,20,True,-0.6434108527131783,0.3284688316283351,-0.6723415298817426,True,0,0,4,True,-0.1155614877099911,200.0,280.0,1.0,0.0,0.0,0.0,0.0
2025-01-15 17:45:00+00:00,2025-01-15,2025-01-15:1,True,0,25,True,-0.6853333333333333,0.2805815920609058,-0.893040774454266,True,0,0,4,True,0.38286176886722656,195.0,285.0,1.0,0.0,0.0,0.0,0.0
2025-01-15 17:50:00+00:00,2025-01-15,2025-01-15:1,True,3,5,True,-0.7477477477477478,0.22401393655446786,-1.205357418785726,True,0,0,4,True,0.1352786149866822,190.0,290.0,0.0,0.0,0.0,1.0,0.0
2025-01-15 17:55:00+00:00,2025-01-15,2025-01-15:1,True,3,10,True,-0.5366568914956011,0.21921870530672793,-0.8952890686784525,True,0,0,4,True,0.0,185.0,295.0,0.0,0.0,0.0,1.0,0.0
2025-01-15 18:00:00+00:00,2025-01-15,2025-01-15:1,True,4,5,True,-0.8568807339449541,0.8568807339449541,0.11198246884011175,True,1,0,4,True,0.13240435103929757,180.0,300.0,0.0,0.0,0.0,0.0,1.0
2025-01-15 18:05:00+00:00,2025-01-15,2025-01-15:1,True,3,5,True,-0.885286783042394,0.13090764538586494,-1.911419563631583,True,0,1,5,True,0.020832921311297173,175.0,305.0,0.0,0.0,0.0,1.0,0.0
2025-01-15 18:10:00+00:00,2025-01-15,2025-01-15:1,True,3,10,True,-0.8647887323943662,0.21323898899799448,-1.4000716862967497,True,0,0,5,True,-1.043551821311259,170.0,310.0,0.0,0.0,0.0,1.0,0.0
2025-01-15 18:15:00+00:00,2025-01-15,2025-01-15:1,True,3,15,True,-0.8789625360230547,0.47926420672668774,-0.606490250490807,True,0,0,5,True,-0.11947873170275357,165.0,315.0,0.0,0.0,0.0,1.0,0.0
2025-01-15 18:20:00+00:00,2025-01-15,2025-01-15:1,True,3,20,True,-0.8537859007832899,0.4532990652418268,-0.633128364872252,True,0,0,5,True,-1.4157180623376455,160.0,320.0,0.0,0.0,0.0,1.0,0.0
2025-01-15 18:25:00+00:00,2025-01-15,2025-01-15:1,True,3,25,True,-0.762962962962963,0.299940184305659,-0.9336264196449064,True,0,0,5,True,-0.5964720399766568,155.0,325.0,0.0,0.0,0.0,1.0,0.0
2025-01-15 18:30:00+00:00,2025-01-15,2025-01-15:1,True,4,5,True,-0.7133956386292835,0.7133956386292835,0.2875771532770265,True,1,0,5,True,-0.64304206350148,150.0,330.0,0.0,0.0,0.0,0.0,1.0
2025-01-15 18:35:00+00:00,2025-01-15,2025-01-15:1,True,4,10,True,-0.6760925449871465,0.6760925449871465,0.3051977043354281,True,1,0,5,True,0.6824428134708996,145.0,335.0,0.0,0.0,0.0,0.0,1.0
2025-01-15 18:40:00+00:00,2025-01-15,2025-01-15:1,True,3,5,True,-0.8032786885245902,0.4053496548441036,-0.6839516729870151,True,1,0,5,True,-0.7646812170629229,140.0,340.0,0.0,0.0,0.0,1.0,0.0
2025-01-15 18:45:00+00:00,2025-01-15,2025-01-15:1,True,3,10,True,-0.6692913385826772,0.06343617880202997,-2.356185106760666,True,0,1,6,True,0.5646628552067825,135.0,345.0,0.0,0.0,0.0,1.0,0.0
2025-01-15 18:50:00+00:00,2025-01-15,2025-01-15:1,True,4,5,True,-0.6031331592689295,0.6031331592689295,0.3675441790122574,True,1,0,6,True,-0.6096103114454814,130.0,350.0,0.0,0.0,0.0,0.0,1.0
2025-01-15 18:55:00+00:00,2025-01-15,2025-01-15:1,True,3,5,True,-0.6169014084507042,0.3586009704254435,-0.542498952005702,True,1,0,6,True,-0.5936358588543589,125.0,355.0,0.0,0.0,0.0,1.0,0.0
2025-01-15 19:00:00+00:00,2025-01-15,2025-01-15:1,True,3,10,True,-0.7454545454545455,0.2818130656056456,-0.9727501972464461,True,0,1,7,True,-0.5886374992811042,120.0,360.0,0.0,0.0,0.0,1.0,0.0
2025-01-15 19:05:00+00:00,2025-01-15,2025-01-15:1,True,4,5,True,-0.5460674157303371,0.39031064563972895,-0.33579949081089877,True,0,0,7,True,-0.6010424040541527,115.0,365.0,0.0,0.0,0.0,0.0,1.0
2025-01-15 19:10:00+00:00,2025-01-15,2025-01-15:1,True,3,5,True,-0.6134453781512605,0.31163073014425735,-0.6772722973964556,True,0,0,7,True,0.0,110.0,370.0,0.0,0.0,0.0,1.0,0.0
2025-01-15 19:15:00+00:00,2025-01-15,2025-01-15:1,True,4,5,True,-0.7711442786069652,0.7711442786069652,0.0,True,0,0,7,True,-0.5593641214816539,105.0,375.0,0.0,0.0,0.0,0.0,1.0
2025-01-15 19:20:00+00:00,2025-01-15,2025-01-15:1,True,4,10,True,-0.6484560570071259,0.6484560570071259,0.34195465561774036,True,1,0,7,True,0.7646338551837978,100.0,380.0,0.0,0.0,0.0,0.0,1.0
2025-01-15 19:25:00+00:00,2025-01-15,2025-01-15:1,True,0,5,True,-0.6551724137931034,0.6551724137931034,0.0,True,1,0,7,True,-0.6370686953248185,95.0,385.0,1.0,0.0,0.0,0.0,0.0
2025-01-15 19:30:00+00:00,2025-01-15,2025-01-15:1,True,0,10,True,-0.30113636363636365,0.14724803055115973,-0.7154447499186449,True,1,0,7,True,-0.6361230459929837,90.0,390.0,1.0,0.0,0.0,0.0,0.0
2025-01-15 19:35:00+00:00,2025-01-15,2025-01-15:1,True,0,15,True,-0.41216216216216217,0.41216216216216217,0.6986017904916246,True,1,0,7,True,0.0,85.0,395.0,1.0,0.0,0.0,0.0,0.0
2025-01-15 19:40:00+00:00,2025-01-15,2025-01-15:1,True,0,20,True,-0.34201954397394135,0.34201954397394135,1.0615273275003478,True,1,0,7,True,-0.7912157547570686,80.0,400.0,1.0,0.0,0.0,0.0,0.0
2025-01-15 19:45:00+00:00,2025-01-15,2025-01-15:1,True,0,25,True,-0.559228650137741,0.17312716144672277,-1.172532062004589,True,0,0,7,True,0.5972922088598471,75.0,405.0,1.0,0.0,0.0,0.0,0.0
2025-01-15 19:50:00+00:00,2025-01-15,2025-01-15:1,True,0,30,True,-0.26900584795321636,0.26900584795321636,0.39391570132299003,True,0,0,7,True,0.8808222855627096,70.0,410.0,1.0,0.0,0.0,0.0,0.0
2025-01-15 19:55:00+00:00,2025-01-15,2025-01-15:1,True,0,35,True,-0.1958762886597938,0.1958762886597938,0.0,True,0,0,7,True,0.0,65.0,415.0,1.0,0.0,0.0,0.0,0.0
2025-01-15 20:00:00+00:00,2025-01-15,2025-01-15:1,True,0,40,True,-0.2971246006389776,0.10402381045042389,-1.049531762019458,True,0,0,7,True,0.0,60.0,420.0,1.0,0.0,0.0,0.0,0.0
2025-01-15 20:05:00+00:00,2025-01-15,2025-01-15:1,True,1,5,True,-0.25301204819277107,0.25301204819277107,2.4574162397184756,True,0,0,7,True,0.0,55.0,425.0,0.0,1.0,0.0,0.0,0.0
2025-01-15 20:10:00+00:00,2025-01-15,2025-01-15:1,True,0,5,True,-0.3373493975903614,0.11937153823647245,-1.038878382046529,True,0,0,7,True,-0.5572240049161505,50.0,430.0,1.0,0.0,0.0,0.0,0.0
2025-01-15 20:15:00+00:00,2025-01-15,2025-01-15:1,True,1,5,True,-0.16666666666666666,0.16666666666666666,1.491596572534025,True,0,0,7,True,2.2235408874622373,45.0,435.0,0.0,1.0,0.0,0.0,0.0
2025-01-15 20:20:00+00:00,2025-01-15,2025-01-15:1,True,0,5,True,-0.7433155080213903,0.07783267289609494,-2.2565592921284114,True,0,0,7,True,-1.0091639944910131,40.0,440.0,1.0,0.0,0.0,0.0,0.0
2025-01-15 20:25:00+00:00,2025-01-15,2025-01-15:1,True,0,10,True,-0.5235457063711911,0.2779809317350167,-0.6330718152519584,True,0,0,7,True,-0.9437277423599234,35.0,445.0,1.0,0.0,0.0,0.0,0.0
2025-01-15 20:30:00+00:00,2025-01-15,2025-01-15:1,True,0,15,True,-0.45244956772334294,0.45244956772334294,1.1377163337789922,True,0,0,7,True,0.0,30.0,450.0,1.0,0.0,0.0,0.0,0.0
2025-01-15 20:35:00+00:00,2025-01-15,2025-01-15:1,True,0,20,True,-0.521311475409836,0.521311475409836,0.5788663430905404,True,0,0,7,True,-0.2578823304451749,25.0,455.0,1.0,0.0,0.0,0.0,0.0
2025-01-15 20:40:00+00:00,2025-01-15,2025-01-15:1,True,1,5,True,-0.3732394366197183,0.3732394366197183,1.838949376914192,True,0,0,7,True,0.595554199136839,20.0,460.0,0.0,1.0,0.0,0.0,0.0
2025-01-15 20:45:00+00:00,2025-01-15,2025-01-15:1,True,1,10,True,-0.3745704467353952,0.3745704467353952,1.4509255356036317,True,0,0,7,True,-0.2251389549184689,15.0,465.0,0.0,1.0,0.0,0.0,0.0
2025-01-15 20:50:00+00:00,2025-01-15,2025-01-15:1,True,1,15,True,-0.17647058823529413,0.17647058823529413,0.651555108461037,True,0,0,7,True,0.1377375229188728,10.0,470.0,0.0,1.0,0.0,0.0,0.0
2025-01-15 20:55:00+00:00,2025-01-15,2025-01-15:1,True,1,20,True,-0.1568627450980392,0.1568627450980392,2.0155136025254112,True,0,0,7,True,0.0,5.0,475.0,0.0,1.0,0.0,0.0,0.0
2025-01-15 21:00:00+00:00,2025-01-15,2025-01-15:1,True,2,5,True,-0.09696969696969697,0.09696969696969697,0.0,True,0,0,7,True,-0.11494305121790806,0.0,480.0,0.0,0.0,1.0,0.0,0.0
2025-01-16 13:00:00+00:00,2025-01-16,2025-01-16:1,False,-1,0,False,,,,False,0,0,0,False,,480.0,0.0,,,,,
2025-01-16 13:05:00+00:00,2025-01-16,2025-01-16:1,False,-1,0,True,0.09348441926345609,,,False,0,0,0,False,,475.0,5.0,,,,,
2025-01-16 13:10:00+00:00,2025-01-16,2025-01-16:1,False,-1,0,True,-0.12533333333333332,,,False,0,0,0,False,,470.0,10.0,,,,,
2025-01-16 13:15:00+00:00,2025-01-16,2025-01-16:1,False,-1,0,True,0.16151202749140894,,,False,0,0,0,False,,465.0,15.0,,,,,
2025-01-16 13:20:00+00:00,2025-01-16,2025-01-16:1,False,-1,0,True,0.7070063694267515,,,False,0,0,0,False,,460.0,20.0,,,,,
2025-01-16 13:25:00+00:00,2025-01-16,2025-01-16:1,False,-1,0,True,0.44,,,False,0,0,0,False,,455.0,25.0,,,,,
2025-01-16 13:30:00+00:00,2025-01-16,2025-01-16:1,False,-1,0,True,0.6674259681093394,,,False,0,0,0,False,,450.0,30.0,,,,,
2025-01-16 13:35:00+00:00,2025-01-16,2025-01-16:1,False,-1,0,True,0.8444924406047516,,,False,0,0,0,False,,445.0,35.0,,,,,
2025-01-16 13:40:00+00:00,2025-01-16,2025-01-16:1,False,-1,0,True,0.8267326732673267,,,False,0,0,0,False,,440.0,40.0,,,,,
2025-01-16 13:45:00+00:00,2025-01-16,2025-01-16:1,False,-1,0,True,0.7487684729064039,,,False,0,0,0,False,,435.0,45.0,,,,,
2025-01-16 13:50:00+00:00,2025-01-16,2025-01-16:1,False,-1,0,True,0.8536585365853658,,,False,0,0,0,False,,430.0,50.0,,,,,
2025-01-16 13:55:00+00:00,2025-01-16,2025-01-16:1,False,-1,0,True,0.7588235294117647,,,False,0,0,0,False,,425.0,55.0,,,,,
2025-01-16 14:00:00+00:00,2025-01-16,2025-01-16:1,False,-1,0,True,0.7222222222222222,,,False,0,0,0,False,,420.0,60.0,,,,,
2025-01-16 14:05:00+00:00,2025-01-16,2025-01-16:1,True,1,5,True,0.7903225806451613,0.2571191171089125,1.1229017238349293,True,0,0,0,False,,415.0,65.0,0.0,1.0,0.0,0.0,0.0
2025-01-16 14:10:00+00:00,2025-01-16,2025-01-16:1,True,2,5,True,0.5449438202247191,0.5449438202247191,0.0,True,0,0,0,False,,410.0,70.0,0.0,0.0,1.0,0.0,0.0
2025-01-16 14:15:00+00:00,2025-01-16,2025-01-16:1,True,2,10,True,0.4123989218328841,0.4123989218328841,0.0,True,0,0,0,False,,405.0,75.0,0.0,0.0,1.0,0.0,0.0
2025-01-16 14:20:00+00:00,2025-01-16,2025-01-16:1,True,1,5,True,0.34814814814814815,0.20357704644024935,0.536583562438513,True,0,0,0,False,,400.0,80.0,0.0,1.0,0.0,0.0,0.0
2025-01-16 14:25:00+00:00,2025-01-16,2025-01-16:1,True,1,10,True,0.4117647058823529,0.14192075246533312,1.0651832633953149,True,0,0,0,False,,395.0,85.0,0.0,1.0,0.0,0.0,0.0
2025-01-16 14:30:00+00:00,2025-01-16,2025-01-16:1,True,2,5,True,0.30994152046783624,0.30994152046783624,-0.5505290108437285,True,0,0,0,False,,390.0,90.0,0.0,0.0,1.0,0.0,0.0
2025-01-16 14:35:00+00:00,2025-01-16,2025-01-16:1,True,0,5,True,0.1896551724137931,0.1896551724137931,-0.6237074546715567,True,0,0,0,False,,385.0,95.0,1.0,0.0,0.0,0.0,0.0
2025-01-16 14:40:00+00:00,2025-01-16,2025-01-16:1,True,0,10,True,0.1,0.1,0.0,True,0,0,0,False,,380.0,100.0,1.0,0.0,0.0,0.0,0.0
2025-01-16 14:45:00+00:00,2025-01-16,2025-01-16:1,True,0,15,True,0.06285714285714286,0.06285714285714286,-0.6308537003383539,True,0,0,0,False,,375.0,105.0,1.0,0.0,0.0,0.0,0.0
2025-01-16 14:50:00+00:00,2025-01-16,2025-01-16:1,True,0,20,True,0.2126984126984127,0.11428807662560302,0.6211530106744609,True,0,0,0,False,,370.0,110.0,1.0,0.0,0.0,0.0,0.0
2025-01-16 14:55:00+00:00,2025-01-16,2025-01-16:1,True,0,25,True,0.308868501529052,0.308868501529052,0.0,True,0,0,0,False,,365.0,115.0,1.0,0.0,0.0,0.0,0.0
2025-01-16 15:00:00+00:00,2025-01-16,2025-01-16:1,True,0,30,True,0.5159235668789809,0.26211831918241774,0.6771626265528389,True,0,0,0,False,,360.0,120.0,1.0,0.0,0.0,0.0,0.0
2025-01-16 15:05:00+00:00,2025-01-16,2025-01-16:1,True,1,5,True,0.19745222929936307,0.027570957968372247,1.968733706919705,True,0,0,0,True,0.0,355.0,125.0,0.0,1.0,0.0,0.0,0.0
2025-01-16 15:10:00+00:00,2025-01-16,2025-01-16:1,True,0,5,True,-0.1362126245847176,0.036174464193932394,-1.3258636200312361,True,0,0,0,True,0.0,350.0,130.0,1.0,0.0,0.0,0.0,0.0
2025-01-16 15:15:00+00:00,2025-01-16,2025-01-16:1,True,0,10,True,-0.07947019867549669,0.0211745139856985,-1.3225838039497584,True,0,0,0,True,-0.44488847627874895,345.0,135.0,1.0,0.0,0.0,0.0,0.0
2025-01-16 15:20:00+00:00,2025-01-16,2025-01-16:1,True,0,15,True,0.06756756756756757,0.03444786599841759,0.6736810475646031,True,0,0,0,True,1.506396617507722,340.0,140.0,1.0,0.0,0.0,0.0,0.0
2025-01-16 15:25:00+00:00,2025-01-16,2025-01-16:1,True,0,20,True,-0.27759197324414714,0.27759197324414714,0.6872516835798328,True,0,0,0,True,0.48359507125018136,335.0,145.0,1.0,0.0,0.0,0.0,0.0
2025-01-16 15:30:00+00:00,2025-01-16,2025-01-16:1,True,3,5,True,0.09134615384615384,0.09134615384615384,-19.838757059230744,True,0,0,0,True,-40.93935701694446,330.0,150.0,0.0,0.0,0.0,1.0,0.0
2025-01-16 15:35:00+00:00,2025-01-16,2025-01-16:1,True,4,5,True,0.9388888888888889,0.319305281151703,1.0785495036512043,True,1,0,0,True,0.5359355571689924,325.0,155.0,0.0,0.0,0.0,0.0,1.0
2025-01-16 15:40:00+00:00,2025-01-16,2025-01-16:1,True,0,5,True,0.9465478841870824,0.30992849128347577,1.116479962573391,True,1,0,0,True,0.450715006703197,320.0,160.0,1.0,0.0,0.0,0.0,0.0
2025-01-16 15:45:00+00:00,2025-01-16,2025-01-16:1,True,0,10,True,0.9553072625698324,0.47300733851360693,0.702922126444541,True,0,0,0,True,0.2797401598062253,315.0,165.0,1.0,0.0,0.0,0.0,0.0
2025-01-16 15:50:00+00:00,2025-01-16,2025-01-16:1,True,0,15,True,0.9649122807017544,0.6068268455059352,0.46379370877365145,True,0,0,0,True,0.2544428505744488,310.0,170.0,1.0,0.0,0.0,0.0,0.0
2025-01-16 15:55:00+00:00,2025-01-16,2025-01-16:1,True,0,20,True,0.9492957746478873,0.5314588050931534,0.5800947319611321,True,0,0,0,True,0.7782787524326193,305.0,175.0,1.0,0.0,0.0,0.0,0.0
2025-01-16 16:00:00+00:00,2025-01-16,2025-01-16:1,True,2,5,True,0.9056603773584906,0.7190649728174819,0.23071265716761438,True,0,0,0,True,0.490780754766551,300.0,180.0,0.0,0.0,1.0,0.0,0.0
2025-01-16 16:05:00+00:00,2025-01-16,2025-01-16:1,True,1,5,True,0.9326923076923077,0.41754010535813424,0.8036947579287282,True,0,0,0,True,0.38509630969016034,295.0,185.0,0.0,1.0,0.0,0.0,0.0
2025-01-16 16:10:00+00:00,2025-01-16,2025-01-16:1,True,1,10,True,0.8894230769230769,0.6690906120425154,0.2846535293928881,True,0,0,0,True,-0.5092037134063305,290.0,190.0,0.0,1.0,0.0,0.0,0.0
2025-01-16 16:15:00+00:00,2025-01-16,2025-01-16:1,True,1,15,True,0.8789625360230547,0.6254047804444771,0.3403431868290433,True,0,0,0,True,0.0,285.0,195.0,0.0,1.0,0.0,0.0,0.0
2025-01-16 16:20:00+00:00,2025-01-16,2025-01-16:1,True,2,5,True,0.87409200968523,0.780361678261927,0.11342814206197814,True,0,0,0,True,0.0,280.0,200.0,0.0,0.0,1.0,0.0,0.0
2025-01-16 16:25:00+00:00,2025-01-16,2025-01-16:1,True,1,5,True,0.8660049627791563,0.4414980492414699,0.6737170376827449,True,0,0,0,True,0.47647955921013907,275.0,205.0,0.0,1.0,0.0,0.0,0.0
2025-01-16 16:30:00+00:00,2025-01-16,2025-01-16:1,True,1,10,True,0.6786885245901639,0.3869560190982601,0.5618512548094091,True,0,0,0,True,0.2825162380351085,270.0,210.0,0.0,1.0,0.0,0.0,0.0
2025-01-16 16:35:00+00:00,2025-01-16,2025-01-16:1,True,1,15,True,0.7142857142857143,0.18229634220136293,1.3656494255985991,True,0,0,0,True,0.09790903045047734,265.0,215.0,0.0,1.0,0.0,0.0,0.0
2025-01-16 16:40:00+00:00,2025-01-16,2025-01-16:1,True,1,20,True,0.8159203980099502,0.3981426511651384,0.7175064376670203,True,0,0,0,True,0.8021965844597265,260.0,220.0,0.0,1.0,0.0,0.0,0.0
2025-01-16 16:45:00+00:00,2025-01-16,2025-01-16:1,True,1,25,True,0.8337531486146096,0.19753372021927731,1.4400280686169633,True,0,0,0,True,-0.8050001627332435,255.0,225.0,0.0,1.0,0.0,0.0,0.0
2025-01-16 16:50:00+00:00,2025-01-16,2025-01-16:1,True,2,5,True,0.6904024767801857,0.3924147855419591,0.564955320467718,True,0,0,0,True,0.0,250.0,230.0,0.0,0.0,1.0,0.0,0.0
2025-01-16 16:55:00+00:00,2025-01-16,2025-01-16:1,True,2,10,True,0.5294117647058824,0.5294117647058824,0.0,True,0,0,0,True,-0.4104670211857124,245.0,235.0,0.0,0.0,1.0,0.0,0.0
2025-01-16 17:00:00+00:00,2025-01-16,2025-01-16:1,True,2,15,True,0.5590062111801242,0.38443218091802567,0.37439319346735944,True,0,0,0,True,0.8371686309062459,240.0,240.0,0.0,0.0,1.0,0.0,0.0
2025-01-16 17:05:00+00:00,2025-01-16,2025-01-16:1,True,2,20,True,0.5883905013192612,0.5883905013192612,-0.1897495244205509,True,0,0,0,True,-0.8485856706052166,235.0,245.0,0.0,0.0,1.0,0.0,0.0
2025-01-16 17:10:00+00:00,2025-01-16,2025-01-16:1,True,2,25,True,0.5636363636363636,0.5636363636363636,-0.40796028458010297,True,0,0,0,True,0.0,230.0,250.0,0.0,0.0,1.0,0.0,0.0
2025-01-16 17:15:00+00:00,2025-01-16,2025-01-16:1,True,0,5,True,0.46296296296296297,0.46296296296296297,-0.4254737008436146,True,0,0,0,True,-0.09157540770912194,225.0,255.0,1.0,0.0,0.0,0.0,0.0
2025-01-16 17:20:00+00:00,2025-01-16,2025-01-16:1,True,0,10,True,0.4708994708994709,0.4708994708994709,-0.4155513528180175,True,0,0,0,True,0.0,220.0,260.0,1.0,0.0,0.0,0.0,0.0
2025-01-16 17:25:00+00:00,2025-01-16,2025-01-16:1,True,0,15,True,0.5797101449275363,0.3579000375032296,0.4822745059399447,True,0,0,0,True,0.0,215.0,265.0,1.0,0.0,0.0,0.0,0.0
2025-01-16 17:30:00+00:00,2025-01-16,2025-01-16:1,True,0,20,True,0.4294294294294294,0.25674666389466005,0.5143675641316635,True,0,0,0,True,1.1501608388193825,210.0,270.0,1.0,0.0,0.0,0.0,0.0
2025-01-16 17:35:00+00:00,2025-01-16,2025-01-16:1,True,0,25,True,0.22123893805309736,0.13231213647692375,0.514079483704987,True,0,0,0,True,0.0,205.0,275.0,1.0,0.0,0.0,0.0,0.0
2025-01-16 17:40:00+00:00,2025-01-16,2025-01-16:1,True,0,30,True,0.6,0.36143509776034066,0.5068471656684994,True,0,0,0,True,0.0,200.0,280.0,1.0,0.0,0.0,0.0,0.0
2025-01-16 17:45:00+00:00,2025-01-16,2025-01-16:1,True,0,35,True,0.5306122448979592,0.5306122448979592,0.0,True,0,0,0,True,-1.2167793843830015,195.0,285.0,1.0,0.0,0.0,0.0,0.0
2025-01-16 17:50:00+00:00,2025-01-16,2025-01-16:1,True,1,5,True,0.4788273615635179,0.2735477277134505,0.5598640043572689,True,0,0,0,True,0.0,190.0,290.0,0.0,1.0,0.0,0.0,0.0
2025-01-16 17:55:00+00:00,2025-01-16,2025-01-16:1,True,0,5,True,0.38904899135446686,0.38904899135446686,-1.7549212719818639,True,0,0,0,True,-2.616082172875802,185.0,295.0,1.0,0.0,0.0,0.0,0.0
2025-01-16 18:00:00+00:00,2025-01-16,2025-01-16:1,True,0,10,True,0.5736842105263158,0.5736842105263158,-1.110910151173462,True,0,0,0,True,-1.2986627713313987,180.0,300.0,1.0,0.0,0.0,0.0,0.0
2025-01-16 18:05:00+00:00,2025-01-16,2025-01-16:1,True,0,15,True,0.8240469208211144,0.06000757214591149,2.619756714341264,True,0,0,0,True,1.7776418693053564,175.0,305.0,1.0,0.0,0.0,0.0,0.0
2025-01-16 18:10:00+00:00,2025-01-16,2025-01-16:1,True,0,20,True,0.6870026525198939,0.4178570112789892,0.497198857510959,True,0,0,0,True,0.0,170.0,310.0,1.0,0.0,0.0,0.0,0.0
2025-01-16 18:15:00+00:00,2025-01-16,2025-01-16:1,True,0,25,True,0.6228571428571429,0.6228571428571429,-1.5238626691401276,True,0,0,0,True,-3.4074605165715965,165.0,315.0,1.0,0.0,0.0,0.0,0.0
2025-01-16 18:20:00+00:00,2025-01-16,2025-01-16:1,True,0,30,True,0.625,0.09866106326227529,1.846061276953859,True,0,0,0,True,1.0319796264769234,160.0,320.0,1.0,0.0,0.0,0.0,0.0
2025-01-16 18:25:00+00:00,2025-01-16,2025-01-16:1,True,0,35,True,0.6068376068376068,0.6068376068376068,-1.3948651744751173,True,0,0,0,True,-2.079342233047008,155.0,325.0,1.0,0.0,0.0,0.0,0.0
2025-01-16 18:30:00+00:00,2025-01-16,2025-01-16:1,True,1,5,True,0.680628272251309,0.08241609567850598,2.1112355476470386,True,0,0,0,True,0.9441732402100181,150.0,330.0,0.0,1.0,0.0,0.0,0.0
2025-01-16 18:35:00+00:00,2025-01-16,2025-01-16:1,True,1,10,True,0.48044692737430167,0.20482026203241194,0.8525839454182147,True,0,0,0,True,-0.5276125833903178,145.0,335.0,0.0,1.0,0.0,0.0,0.0
2025-01-16 18:40:00+00:00,2025-01-16,2025-01-16:1,True,0,5,True,0.47435897435897434,0.47435897435897434,-0.8419537443564068,True,0,0,0,True,0.5774861966298793,140.0,340.0,1.0,0.0,0.0,0.0,0.0
2025-01-16 18:45:00+00:00,2025-01-16,2025-01-16:1,True,1,5,True,0.5989445910290238,0.2643886786974623,0.8177488031650313,True,0,0,0,True,0.35160561734963397,135.0,345.0,0.0,1.0,0.0,0.0,0.0
2025-01-16 18:50:00+00:00,2025-01-16,2025-01-16:1,True,0,5,True,0.3717948717948718,0.3717948717948718,-1.622334817546445,True,0,0,0,True,-1.813825467147996,130.0,350.0,1.0,0.0,0.0,0.0,0.0
2025-01-16 18:55:00+00:00,2025-01-16,2025-01-16:1,True,1,5,True,0.3197278911564626,0.06706430714192985,1.5618183267552483,True,0,0,0,True,0.8730829867818082,125.0,355.0,0.0,1.0,0.0,0.0,0.0
2025-01-16 19:00:00+00:00,2025-01-16,2025-01-16:1,True,0,5,True,0.42586750788643535,0.42586750788643535,-0.4038980571292823,True,0,0,0,True,-1.8062870234423376,120.0,360.0,1.0,0.0,0.0,0.0,0.0
2025-01-16 19:05:00+00:00,2025-01-16,2025-01-16:1,True,0,10,True,0.573170731707317,0.573170731707317,0.0,True,0,0,0,True,-0.5874261345651762,115.0,365.0,1.0,0.0,0.0,0.0,0.0
2025-01-16 19:10:00+00:00,2025-01-16,2025-01-16:1,True,0,15,True,0.5421686746987951,0.23651002741304145,0.8295865547132146,True,0,0,0,True,1.5312137012352864,110.0,370.0,1.0,0.0,0.0,0.0,0.0
2025-01-16 19:15:00+00:00,2025-01-16,2025-01-16:1,True,0,20,True,0.44744744744744747,0.30187077693607667,0.3935600600838771,True,0,0,0,True,0.0,105.0,375.0,1.0,0.0,0.0,0.0,0.0
2025-01-16 19:20:00+00:00,2025-01-16,2025-01-16:1,True,1,5,True,0.447887323943662,0.1883903778666429,0.8660254037836316,True,0,0,0,True,0.9682458365509519,100.0,380.0,0.0,1.0,0.0,0.0,0.0
2025-01-16 19:25:00+00:00,2025-01-16,2025-01-16:1,True,0,5,True,0.3249211356466877,0.3249211356466877,0.0,True,0,0,0,True,-0.2979424153220681,95.0,385.0,1.0,0.0,0.0,0.0,0.0
2025-01-16 19:30:00+00:00,2025-01-16,2025-01-16:1,True,2,5,True,0.45901639344262296,0.45901639344262296,0.0,True,0,0,0,True,1.0319796264734138,90.0,390.0,0.0,0.0,1.0,0.0,0.0
2025-01-16 19:35:00+00:00,2025-01-16,2025-01-16:1,True,2,10,True,0.7358490566037735,0.7358490566037735,-0.46861815763690434,True,0,0,0,True,-1.0478620559668306,85.0,395.0,0.0,0.0,1.0,0.0,0.0
2025-01-16 19:40:00+00:00,2025-01-16,2025-01-16:1,True,1,5,True,0.7292307692307692,0.27437918525067273,0.9774792003134384,True,0,0,0,True,0.3565520539201867,80.0,400.0,0.0,1.0,0.0,0.0,0.0
2025-01-16 19:45:00+00:00,2025-01-16,2025-01-16:1,True,0,5,True,0.6296296296296297,0.6296296296296297,0.0,True,0,0,0,True,0.0,75.0,405.0,1.0,0.0,0.0,0.0,0.0
2025-01-16 19:50:00+00:00,2025-01-16,2025-01-16:1,True,0,10,True,0.6229508196721312,0.6229508196721312,0.0,True,0,0,0,True,0.0,70.0,410.0,1.0,0.0,0.0,0.0,0.0
2025-01-16 19:55:00+00:00,2025-01-16,2025-01-16:1,True,0,15,True,0.4025157232704403,0.1375395895038572,1.0738223607925992,True,0,0,0,True,0.0,65.0,415.0,1.0,0.0,0.0,0.0,0.0
2025-01-16 20:00:00+00:00,2025-01-16,2025-01-16:1,True,0,20,True,0.07878787878787878,0.07878787878787878,-0.5054734694963587,True,0,0,0,True,-2.2605460772362616,60.0,420.0,1.0,0.0,0.0,0.0,0.0
2025-01-16 20:05:00+00:00,2025-01-16,2025-01-16:1,True,0,25,True,0.06995884773662552,0.06995884773662552,-0.5098155492652021,True,0,0,0,True,0.0,55.0,425.0,1.0,0.0,0.0,0.0,0.0
2025-01-16 20:10:00+00:00,2025-01-16,2025-01-16:1,True,0,30,True,-0.0872093023255814,0.0872093023255814,0.8855903597250008,True,0,0,0,True,0.0,50.0,430.0,1.0,0.0,0.0,0.0,0.0
2025-01-16 20:15:00+00:00,2025-01-16,2025-01-16:1,True,0,35,True,-0.16279069767441862,0.16279069767441862,0.47371479313040826,True,0,0,0,True,0.23153343255643213,45.0,435.0,1.0,0.0,0.0,0.0,0.0
2025-01-16 20:20:00+00:00,2025-01-16,2025-01-16:1,True,1,5,True,-0.0763888888888889,0.0763888888888889,3.5298347677799558,True,0,0,0,True,-0.1013451434809742,40.0,440.0,0.0,1.0,0.0,0.0,0.0
2025-01-16 20:25:00+00:00,2025-01-16,2025-01-16:1,True,2,5,True,0.0726643598615917,0.0726643598615917,-1.0335378902093624,True,0,0,0,True,-0.3592727641325316,35.0,445.0,0.0,0.0,1.0,0.0,0.0
2025-01-16 20:30:00+00:00,2025-01-16,2025-01-16:1,True,2,10,True,0.1858974358974359,0.1858974358974359,-0.9922886578315305,True,0,0,0,True,0.5547062230525446,30.0,450.0,0.0,0.0,1.0,0.0,0.0
2025-01-16 20:35:00+00:00,2025-01-16,2025-01-16:1,True,0,5,True,0.06741573033707865,0.06741573033707865,-2.2387323430292994,True,0,0,0,True,-0.1045287529306127,25.0,455.0,1.0,0.0,0.0,0.0,0.0
2025-01-16 20:40:00+00:00,2025-01-16,2025-01-16:1,True,0,10,True,0.12408759124087591,0.12408759124087591,-0.6988745030806941,True,0,0,0,True,-0.8986649520935979,20.0,460.0,1.0,0.0,0.0,0.0,0.0
2025-01-16 20:45:00+00:00,2025-01-16,2025-01-16:1,True,0,15,True,0.6895522388059702,0.5471380706405486,0.23134127277429425,True,0,0,0,True,-1.0345896238463461,15.0,465.0,1.0,0.0,0.0,0.0,0.0
2025-01-16 20:50:00+00:00,2025-01-16,2025-01-16:1,True,4,5,True,0.5232198142414861,0.4159905913697954,0.22933902757658708,True,0,0,0,True,0.15177072610369519,10.0,470.0,0.0,0.0,0.0,0.0,1.0
2025-01-16 20:55:00+00:00,2025-01-16,2025-01-16:1,True,3,5,True,0.5073313782991202,0.5073313782991202,-0.4589508951245096,True,0,0,0,True,-0.5131226999171193,5.0,475.0,0.0,0.0,0.0,1.0,0.0
2025-01-16 21:00:00+00:00,2025-01-16,2025-01-16:1,True,4,5,True,0.5248618784530387,0.41655235256483275,0.23112298917491744,True,0,0,0,True,0.0,0.0,480.0,0.0,0.0,0.0,0.0,1.0
2025-01-17 13:00:00+00:00,2025-01-17,2025-01-17:1,False,-1,0,False,,,,False,0,0,0,False,,480.0,0.0,,,,,
2025-01-17 13:05:00+00:00,2025-01-17,2025-01-17:1,False,-1,0,True,-0.06158357771260997,,,False,0,0,0,False,,475.0,5.0,,,,,
2025-01-17 13:10:00+00:00,2025-01-17,2025-01-17:1,False,-1,0,True,0.5747126436781609,,,False,0,0,0,False,,470.0,10.0,,,,,
2025-01-17 13:15:00+00:00,2025-01-17,2025-01-17:1,False,-1,0,True,0.6052631578947368,,,False,0,0,0,False,,465.0,15.0,,,,,
2025-01-17 13:20:00+00:00,2025-01-17,2025-01-17:1,False,-1,0,True,0.38080495356037153,,,False,0,0,0,False,,460.0,20.0,,,,,
2025-01-17 13:25:00+00:00,2025-01-17,2025-01-17:1,False,-1,0,True,0.04899135446685879,,,False,0,0,0,False,,455.0,25.0,,,,,
2025-01-17 13:30:00+00:00,2025-01-17,2025-01-17:1,False,-1,0,True,-0.25065963060686014,,,False,0,0,0,False,,450.0,30.0,,,,,
2025-01-17 13:35:00+00:00,2025-01-17,2025-01-17:1,False,-1,0,True,-0.5244755244755245,,,False,0,0,0,False,,445.0,35.0,,,,,
2025-01-17 13:40:00+00:00,2025-01-17,2025-01-17:1,False,-1,0,True,-0.28222996515679444,,,False,0,0,0,False,,440.0,40.0,,,,,
2025-01-17 13:45:00+00:00,2025-01-17,2025-01-17:1,False,-1,0,True,-0.4796747967479675,,,False,0,0,0,False,,435.0,45.0,,,,,
2025-01-17 13:50:00+00:00,2025-01-17,2025-01-17:1,False,-1,0,True,-0.056716417910447764,,,False,0,0,0,False,,430.0,50.0,,,,,
2025-01-17 13:55:00+00:00,2025-01-17,2025-01-17:1,False,-1,0,True,-0.10610932475884244,,,False,0,0,0,False,,425.0,55.0,,,,,
2025-01-17 14:00:00+00:00,2025-01-17,2025-01-17:1,False,-1,0,True,-0.022950819672131147,,,False,0,0,0,False,,420.0,60.0,,,,,
2025-01-17 14:05:00+00:00,2025-01-17,2025-01-17:1,True,1,5,True,0.12142857142857143,0.01836772531638074,1.8887311348690463,True,0,0,0,False,,415.0,65.0,0.0,1.0,0.0,0.0,0.0
2025-01-17 14:10:00+00:00,2025-01-17,2025-01-17:1,True,1,10,True,0.16981132075471697,0.11207144726828074,0.415551352818691,True,0,0,0,False,,410.0,70.0,0.0,1.0,0.0,0.0,0.0
2025-01-17 14:15:00+00:00,2025-01-17,2025-01-17:1,True,2,5,True,0.11398963730569948,0.11398963730569948,-0.4117433884935091,True,0,0,0,False,,405.0,75.0,0.0,0.0,1.0,0.0,0.0
2025-01-17 14:20:00+00:00,2025-01-17,2025-01-17:1,True,1,5,True,0.270516717325228,0.141734088834301,0.6463812097238636,True,0,0,0,False,,400.0,80.0,0.0,1.0,0.0,0.0,0.0
2025-01-17 14:25:00+00:00,2025-01-17,2025-01-17:1,True,1,10,True,0.13043478260869565,0.05247737399072082,0.91049124662379,True,0,0,0,False,,395.0,85.0,0.0,1.0,0.0,0.0,0.0
2025-01-17 14:30:00+00:00,2025-01-17,2025-01-17:1,True,2,5,True,0.13099041533546327,0.10151213578819437,0.25494579939599654,True,0,0,0,False,,390.0,90.0,0.0,0.0,1.0,0.0,0.0
2025-01-17 14:35:00+00:00,2025-01-17,2025-01-17:1,True,0,5,True,0.4259818731117825,0.4259818731117825,-0.5424402352961268,True,0,0,0,False,,385.0,95.0,1.0,0.0,0.0,0.0,0.0
2025-01-17 14:40:00+00:00,2025-01-17,2025-01-17:1,True,0,10,True,0.3595166163141994,0.3595166163141994,-0.2717854693492959,True,0,0,0,False,,380.0,100.0,1.0,0.0,0.0,0.0,0.0
2025-01-17 14:45:00+00:00,2025-01-17,2025-01-17:1,True,0,15,True,-0.03932584269662921,0.029514153003116817,-0.2870119666314562,True,0,0,0,False,,375.0,105.0,1.0,0.0,0.0,0.0,0.0
2025-01-17 14:50:00+00:00,2025-01-17,2025-01-17:1,True,0,20,True,-0.27671232876712326,0.27671232876712326,0.28702449015244896,True,0,0,0,False,,370.0,110.0,1.0,0.0,0.0,0.0,0.0
2025-01-17 14:55:00+00:00,2025-01-17,2025-01-17:1,True,0,25,True,-0.2688821752265861,0.10252187038080478,-0.964197127949973,True,0,0,0,False,,365.0,115.0,1.0,0.0,0.0,0.0,0.0
2025-01-17 15:00:00+00:00,2025-01-17,2025-01-17:1,True,3,5,True,-0.36363636363636365,0.10147731157537274,-1.2763191250857706,True,0,0,0,False,,360.0,120.0,0.0,0.0,0.0,1.0,0.0
2025-01-17 15:05:00+00:00,2025-01-17,2025-01-17:1,True,4,5,True,-0.26253687315634217,0.26253687315634217,0.0,True,0,0,0,True,0.0,355.0,125.0,0.0,0.0,0.0,0.0,1.0
2025-01-17 15:10:00+00:00,2025-01-17,2025-01-17:1,True,0,5,True,0.281437125748503,0.01828066159684237,2.734065310516927,True,0,0,0,True,0.8733651270335652,350.0,130.0,1.0,0.0,0.0,0.0,0.0
2025-01-17 15:15:00+00:00,2025-01-17,2025-01-17:1,True,0,10,True,-0.15384615384615385,0.10236237863575814,-0.40743385311680763,True,0,0,0,True,-0.9110497919038464,345.0,135.0,1.0,0.0,0.0,0.0,0.0
2025-01-17 15:20:00+00:00,2025-01-17,2025-01-17:1,True,0,15,True,0.358974358974359,0.10925192038590222,1.1895945507435441,True,0,0,0,True,0.0704698073017171,340.0,140.0,1.0,0.0,0.0,0.0,0.0
2025-01-17 15:25:00+00:00,2025-01-17,2025-01-17:1,True,1,5,True,0.07792207792207792,0.06392198545972397,0.1980459637456605,True,0,0,0,True,-0.7419279046898164,335.0,145.0,0.0,1.0,0.0,0.0,0.0
2025-01-17 15:30:00+00:00,2025-01-17,2025-01-17:1,True,1,10,True,-0.6612903225806451,0.6612903225806451,5.947469552111513,True,0,0,0,True,10.724956623089898,330.0,150.0,0.0,1.0,0.0,0.0,0.0
2025-01-17 15:35:00+00:00,2025-01-17,2025-01-17:1,True,2,5,True,-0.6519337016574586,0.26988838033366785,-0.8819344048310914,True,0,0,0,True,-0.9860326404487194,325.0,155.0,0.0,0.0,1.0,0.0,0.0
2025-01-17 15:40:00+00:00,2025-01-17,2025-01-17:1,True,1,5,True,-0.6741573033707865,0.6741573033707865,0.9940437540795101,True,0,0,0,True,0.22227494067289733,320.0,160.0,0.0,1.0,0.0,0.0,0.0
2025-01-17 15:45:00+00:00,2025-01-17,2025-01-17:1,True,1,10,True,-0.7605985037406484,0.7605985037406484,0.5978254385033969,True,0,0,0,True,0.0602715552694256,315.0,165.0,0.0,1.0,0.0,0.0,0.0
2025-01-17 15:50:00+00:00,2025-01-17,2025-01-17:1,True,2,5,True,-0.6873156342182891,0.6873156342182891,0.0,True,0,0,0,True,-0.44354508686377875,310.0,170.0,0.0,0.0,1.0,0.0,0.0
2025-01-17 15:55:00+00:00,2025-01-17,2025-01-17:1,True,2,10,True,-0.7299771167048055,0.492134325601081,-0.39426148792773646,True,0,0,0,True,0.48867952411695603,305.0,175.0,0.0,0.0,1.0,0.0,0.0
2025-01-17 16:00:00+00:00,2025-01-17,2025-01-17:1,True,0,5,True,-0.6205962059620597,0.6205962059620597,0.40136286595898113,True,0,0,0,True,0.0,300.0,180.0,1.0,0.0,0.0,0.0,0.0
2025-01-17 16:05:00+00:00,2025-01-17,2025-01-17:1,True,0,10,True,-0.6966580976863753,0.6966580976863753,0.0,True,0,0,0,True,1.766296041867621,295.0,185.0,1.0,0.0,0.0,0.0,0.0
2025-01-17 16:10:00+00:00,2025-01-17,2025-01-17:1,True,0,15,True,-0.8035264483627204,0.2539578088624373,-1.1518419546993217,True,0,0,0,True,0.0,290.0,190.0,1.0,0.0,0.0,0.0,0.0
2025-01-17 16:15:00+00:00,2025-01-17,2025-01-17:1,True,3,5,True,-0.7620396600566572,0.24571165616094712,-1.1318398826263214,True,0,0,0,True,-0.485036975810849,285.0,195.0,0.0,0.0,0.0,1.0,0.0
2025-01-17 16:20:00+00:00,2025-01-17,2025-01-17:1,True,3,10,True,-0.3575757575757576,0.20369877453622645,-0.5627049417950646,True,0,0,0,True,0.0,280.0,200.0,0.0,0.0,0.0,1.0,0.0
2025-01-17 16:25:00+00:00,2025-01-17,2025-01-17:1,True,3,15,True,-0.6650485436893204,0.4570555499759572,-0.3750550989556181,True,0,0,0,True,-0.3642806218824264,275.0,205.0,0.0,0.0,0.0,1.0,0.0
2025-01-17 16:30:00+00:00,2025-01-17,2025-01-17:1,True,3,20,True,-0.3217993079584775,0.15093766524930935,-0.7570611453572276,True,0,0,0,True,0.3642492381584025,270.0,210.0,0.0,0.0,0.0,1.0,0.0
2025-01-17 16:35:00+00:00,2025-01-17,2025-01-17:1,True,3,25,True,-0.4484848484848485,0.2640436582345021,-0.5297604367114819,True,0,0,0,True,-0.5192011881027421,265.0,215.0,0.0,0.0,0.0,1.0,0.0
2025-01-17 16:40:00+00:00,2025-01-17,2025-01-17:1,True,4,5,True,-0.30612244897959184,0.30612244897959184,0.0,True,0,0,0,True,0.7596319037565439,260.0,220.0,0.0,0.0,0.0,0.0,1.0
2025-01-17 16:45:00+00:00,2025-01-17,2025-01-17:1,True,3,5,True,-0.2808219178082192,0.060628705174994225,-1.532952260299421,True,0,0,0,True,-1.1425951534312078,255.0,225.0,0.0,0.0,0.0,1.0,0.0
2025-01-17 16:50:00+00:00,2025-01-17,2025-01-17:1,True,4,5,True,-0.039735099337748346,0.039735099337748346,0.7414824044350474,True,1,0,0,True,-0.2942390597529232,250.0,230.0,0.0,0.0,0.0,0.0,1.0
2025-01-17 16:55:00+00:00,2025-01-17,2025-01-17:1,True,4,10,True,0.48909657320872274,0.19664564351609376,0.9111566160585,True,0,0,0,True,0.8149632526635827,245.0,235.0,0.0,0.0,0.0,0.0,1.0
2025-01-17 17:00:00+00:00,2025-01-17,2025-01-17:1,True,0,5,True,0.5310734463276836,0.1753452196154152,1.1081436144231616,True,0,0,0,True,-0.12876096341470086,240.0,240.0,1.0,0.0,0.0,0.0,0.0
2025-01-17 17:05:00+00:00,2025-01-17,2025-01-17:1,True,0,10,True,0.538083538083538,0.3700846503752824,0.374282059086963,True,0,0,0,True,-0.8369201268770422,235.0,245.0,1.0,0.0,0.0,0.0,0.0
2025-01-17 17:10:00+00:00,2025-01-17,2025-01-17:1,True,1,5,True,0.6437659033078881,0.26993922031324363,0.869138332134019,True,0,0,0,True,-0.7877084114520394,230.0,250.0,0.0,1.0,0.0,0.0,0.0
2025-01-17 17:15:00+00:00,2025-01-17,2025-01-17:1,True,2,5,True,0.5964391691394659,0.5964391691394659,-0.44464608042125076,True,0,0,0,True,-0.9942588617507551,225.0,255.0,0.0,0.0,1.0,0.0,0.0
2025-01-17 17:20:00+00:00,2025-01-17,2025-01-17:1,True,1,5,True,0.5419354838709678,0.13415586410804184,1.3961446719221855,True,0,0,0,True,1.0406247976130638,220.0,260.0,0.0,1.0,0.0,0.0,0.0
2025-01-17 17:25:00+00:00,2025-01-17,2025-01-17:1,True,1,10,True,0.6976744186046512,0.10770059179161082,1.8683974659881557,True,0,0,0,True,0.23555229933037425,215.0,265.0,0.0,1.0,0.0,0.0,0.0
2025-01-17 17:30:00+00:00,2025-01-17,2025-01-17:1,True,1,15,True,0.5373134328358209,0.20133170836937217,0.9816277598261987,True,0,0,0,True,1.0974931997861086,210.0,270.0,0.0,1.0,0.0,0.0,0.0
2025-01-17 17:35:00+00:00,2025-01-17,2025-01-17:1,True,1,20,True,0.6547945205479452,0.37842495421850786,0.5483036956615718,True,0,0,0,True,0.0,205.0,275.0,0.0,1.0,0.0,0.0,0.0
2025-01-17 17:40:00+00:00,2025-01-17,2025-01-17:1,True,2,5,True,-0.04582210242587601,0.026840722263095154,-0.5348463387381189,True,0,0,0,True,0.0,200.0,280.0,0.0,0.0,1.0,0.0,0.0
2025-01-17 17:45:00+00:00,2025-01-17,2025-01-17:1,True,1,5,True,0.329608938547486,0.11044797760334737,1.0933622978660673,True,0,0,0,True,0.0,195.0,285.0,0.0,1.0,0.0,0.0,0.0
2025-01-17 17:50:00+00:00,2025-01-17,2025-01-17:1,True,2,5,True,0.2978723404255319,0.2978723404255319,0.0,True,0,0,0,True,0.26412487856787953,190.0,290.0,0.0,0.0,1.0,0.0,0.0
2025-01-17 17:55:00+00:00,2025-01-17,2025-01-17:1,True,1,5,True,0.12267657992565056,0.03971053568896941,1.1279349257676774,True,0,0,0,True,0.2611437666829618,185.0,295.0,0.0,1.0,0.0,0.0,0.0
2025-01-17 18:00:00+00:00,2025-01-17,2025-01-17:1,True,1,10,True,0.44387755102040816,0.24884607693123517,0.5787141980190136,True,0,0,0,True,2.2524028431611,180.0,300.0,0.0,1.0,0.0,0.0,0.0
2025-01-17 18:05:00+00:00,2025-01-17,2025-01-17:1,True,2,5,True,-0.4631578947368421,0.4631578947368421,0.0,True,0,0,0,True,-1.0144124535755006,175.0,305.0,0.0,0.0,1.0,0.0,0.0
2025-01-17 18:10:00+00:00,2025-01-17,2025-01-17:1,True,1,5,True,-0.04,0.04,0.5958734727993052,True,0,0,0,True,0.0,170.0,310.0,0.0,1.0,0.0,0.0,0.0
2025-01-17 18:15:00+00:00,2025-01-17,2025-01-17:1,True,2,5,True,-0.32231404958677684,0.16688029870965168,-0.6582495982974295,True,0,0,0,True,-2.4820476578204653,165.0,315.0,0.0,0.0,1.0,0.0,0.0
2025-01-17 18:20:00+00:00,2025-01-17,2025-01-17:1,True,2,10,True,-0.07777777777777778,0.07777777777777778,0.0,True,0,0,0,True,0.0,160.0,320.0,0.0,0.0,1.0,0.0,0.0
2025-01-17 18:25:00+00:00,2025-01-17,2025-01-17:1,True,0,5,True,0.1712707182320442,0.08748779929558917,0.6717461051819166,True,0,0,0,True,0.0,155.0,325.0,1.0,0.0,0.0,0.0,0.0
2025-01-17 18:30:00+00:00,2025-01-17,2025-01-17:1,True,0,10,True,0.19289340101522842,0.19289340101522842,-0.6815914679139143,True,0,0,0,True,0.0,150.0,330.0,1.0,0.0,0.0,0.0,0.0
2025-01-17 18:35:00+00:00,2025-01-17,2025-01-17:1,True,1,5,True,0.2303370786516854,0.03074073544771493,2.0139551327908274,True,0,0,0,True,0.0,145.0,335.0,0.0,1.0,0.0,0.0,0.0
2025-01-17 18:40:00+00:00,2025-01-17,2025-01-17:1,True,0,5,True,-0.35275080906148865,0.35275080906148865,0.0,True,0,0,0,True,0.9494365322520749,140.0,340.0,1.0,0.0,0.0,0.0,0.0
2025-01-17 18:45:00+00:00,2025-01-17,2025-01-17:1,True,0,10,True,0.08108108108108109,0.08108108108108109,-1.304577738934878,True,0,0,0,True,0.0,135.0,345.0,1.0,0.0,0.0,0.0,0.0
2025-01-17 18:50:00+00:00,2025-01-17,2025-01-17:1,True,0,15,True,0.2,0.2,-0.6522888694665121,True,0,0,0,True,0.0,130.0,350.0,1.0,0.0,0.0,0.0,0.0
2025-01-17 18:55:00+00:00,2025-01-17,2025-01-17:1,True,0,20,True,0.2345679012345679,0.2345679012345679,0.0,True,0,0,0,True,2.164088831454823,125.0,355.0,1.0,0.0,0.0,0.0,0.0
2025-01-17 19:00:00+00:00,2025-01-17,2025-01-17:1,True,1,5,True,0.17801047120418848,0.02515296462041121,1.9568666084017914,True,0,0,0,True,0.0,120.0,360.0,0.0,1.0,0.0,0.0,0.0
2025-01-17 19:05:00+00:00,2025-01-17,2025-01-17:1,True,1,10,True,0.3184713375796178,0.04760519092104409,1.9005906708073317,True,0,0,0,True,0.0,115.0,365.0,0.0,1.0,0.0,0.0,0.0
2025-01-17 19:10:00+00:00,2025-01-17,2025-01-17:1,True,2,5,True,0.49079754601226994,0.49079754601226994,0.0,True,0,0,0,True,1.4585622530977536,110.0,370.0,0.0,0.0,1.0,0.0,0.0
2025-01-17 19:15:00+00:00,2025-01-17,2025-01-17:1,True,0,5,True,0.6836461126005362,0.6836461126005362,-1.1793908054189906,True,0,0,0,True,1.3185990064756714,105.0,375.0,1.0,0.0,0.0,0.0,0.0
2025-01-17 19:20:00+00:00,2025-01-17,2025-01-17:1,True,0,10,True,0.7011494252873564,0.7011494252873564,-1.3098783571713786,True,0,0,0,True,0.10660991951712226,100.0,380.0,1.0,0.0,0.0,0.0,0.0
2025-01-17 19:25:00+00:00,2025-01-17,2025-01-17:1,True,1,5,True,0.6467532467532467,0.04718411454839603,2.617907561393342,True,0,0,0,True,1.0643307756509393,95.0,385.0,0.0,1.0,0.0,0.0,0.0
2025-01-17 19:30:00+00:00,2025-01-17,2025-01-17:1,True,0,5,True,0.7371134020618557,0.7371134020618557,-0.44759307252619723,True,0,0,0,True,0.44441951341681657,90.0,390.0,1.0,0.0,0.0,0.0,0.0
2025-01-17 19:35:00+00:00,2025-01-17,2025-01-17:1,True,1,5,True,0.543026706231454,0.06522889391952101,2.1192559724293543,True,0,0,0,True,0.9477600832143526,85.0,395.0,0.0,1.0,0.0,0.0,0.0
2025-01-17 19:40:00+00:00,2025-01-17,2025-01-17:1,True,2,5,True,0.45595854922279794,0.45595854922279794,0.0,True,0,0,0,True,-0.4831183012632501,80.0,400.0,0.0,0.0,1.0,0.0,0.0
2025-01-17 19:45:00+00:00,2025-01-17,2025-01-17:1,True,2,10,True,0.2356687898089172,0.2356687898089172,0.0,True,0,0,0,True,-0.4136808685071409,75.0,405.0,0.0,0.0,1.0,0.0,0.0
2025-01-17 19:50:00+00:00,2025-01-17,2025-01-17:1,True,2,15,True,0.3738601823708207,0.3738601823708207,0.0,True,0,0,0,True,0.4620004524386308,70.0,410.0,0.0,0.0,1.0,0.0,0.0
2025-01-17 19:55:00+00:00,2025-01-17,2025-01-17:1,True,0,5,True,-0.06306306306306306,0.06306306306306306,0.0,True,0,0,0,True,0.9858165799273954,65.0,415.0,1.0,0.0,0.0,0.0,0.0
2025-01-17 20:00:00+00:00,2025-01-17,2025-01-17:1,True,0,10,True,0.17314487632508835,0.17314487632508835,-1.0857754915871898,True,0,0,0,True,0.0,60.0,420.0,1.0,0.0,0.0,0.0,0.0
2025-01-17 20:05:00+00:00,2025-01-17,2025-01-17:1,True,0,15,True,-0.16,0.16,0.0,True,0,0,0,True,0.8165734747050764,55.0,425.0,1.0,0.0,0.0,0.0,0.0
2025-01-17 20:10:00+00:00,2025-01-17,2025-01-17:1,True,0,20,True,-0.016835016835016835,0.011754283310275261,-0.3592433414061523,True,0,0,0,True,-0.4675514587781812,50.0,430.0,1.0,0.0,0.0,0.0,0.0
2025-01-17 20:15:00+00:00,2025-01-17,2025-01-17:1,True,0,25,True,-0.053691275167785234,0.053691275167785234,0.36849458933654233,True,0,0,0,True,-0.8239789510997197,45.0,435.0,1.0,0.0,0.0,0.0,0.0
2025-01-17 20:20:00+00:00,2025-01-17,2025-01-17:1,True,3,5,True,-0.2892561983471074,0.13266524917139824,-0.7794837629532644,True,0,0,0,True,-1.7429786813208312,40.0,440.0,0.0,0.0,0.0,1.0,0.0
2025-01-17 20:25:00+00:00,2025-01-17,2025-01-17:1,True,4,5,True,-0.5348837209302325,0.5348837209302325,0.0,True,0,0,0,True,-0.35792009946310527,35.0,445.0,0.0,0.0,0.0,0.0,1.0
2025-01-17 20:30:00+00:00,2025-01-17,2025-01-17:1,True,0,5,True,-0.5073313782991202,0.5073313782991202,0.41077016181056847,True,0,0,0,True,-0.4350566747298713,30.0,450.0,1.0,0.0,0.0,0.0,0.0
2025-01-17 20:35:00+00:00,2025-01-17,2025-01-17:1,True,0,10,True,-0.6814621409921671,0.6814621409921671,0.0,True,0,0,0,True,0.0,25.0,455.0,1.0,0.0,0.0,0.0,0.0
2025-01-17 20:40:00+00:00,2025-01-17,2025-01-17:1,True,0,15,True,-0.6331360946745562,0.3942442359291544,-0.4737147931292673,True,0,0,0,True,-0.6167987487212293,20.0,460.0,1.0,0.0,0.0,0.0,0.0
2025-01-17 20:45:00+00:00,2025-01-17,2025-01-17:1,True,3,5,True,-0.6292134831460674,0.16056458313423755,-1.3657743512218599,True,0,0,0,True,0.0,15.0,465.0,0.0,0.0,0.0,1.0,0.0
2025-01-17 20:50:00+00:00,2025-01-17,2025-01-17:1,True,0,5,True,-0.2459016393442623,0.2459016393442623,0.47552690606315895,True,0,0,0,True,1.0633104870873802,10.0,470.0,1.0,0.0,0.0,0.0,0.0
2025-01-17 20:55:00+00:00,2025-01-17,2025-01-17:1,True,3,5,True,-0.335149863760218,0.12854825657388946,-0.958273414921287,True,0,0,0,True,-1.0713822483989521,5.0,475.0,0.0,0.0,0.0,1.0,0.0
2025-01-17 21:00:00+00:00,2025-01-17,2025-01-17:1,True,0,5,True,-0.6804407713498623,0.6804407713498623,1.0428602992197051,True,0,0,0,True,2.9643742257570627,0.0,480.0,1.0,0.0,0.0,0.0,0.0
2025-01-20 13:00:00+00:00,2025-01-20,2025-01-20:1,False,-1,0,False,,,,False,0,0,0,False,,480.0,0.0,,,,,
2025-01-20 13:05:00+00:00,2025-01-20,2025-01-20:1,False,-1,0,True,0.033707865168539325,,,False,0,0,0,False,,475.0,5.0,,,,,
2025-01-20 13:10:00+00:00,2025-01-20,2025-01-20:1,False,-1,0,True,-0.22485207100591717,,,False,0,0,0,False,,470.0,10.0,,,,,
2025-01-20 13:15:00+00:00,2025-01-20,2025-01-20:1,False,-1,0,True,-0.256797583081571,,,False,0,0,0,False,,465.0,15.0,,,,,
2025-01-20 13:20:00+00:00,2025-01-20,2025-01-20:1,False,-1,0,True,-0.5592417061611374,,,False,0,0,0,False,,460.0,20.0,,,,,
2025-01-20 13:25:00+00:00,2025-01-20,2025-01-20:1,False,-1,0,True,-0.3353846153846154,,,False,0,0,0,False,,455.0,25.0,,,,,
2025-01-20 13:30:00+00:00,2025-01-20,2025-01-20:1,False,-1,0,True,-0.49514563106796117,,,False,0,0,0,False,,450.0,30.0,,,,,
2025-01-20 13:35:00+00:00,2025-01-20,2025-01-20:1,False,-1,0,True,-0.7420814479638009,,,False,0,0,0,False,,445.0,35.0,,,,,
2025-01-20 13:40:00+00:00,2025-01-20,2025-01-20:1,False,-1,0,True,-0.7985257985257985,,,False,0,0,0,False,,440.0,40.0,,,,,
2025-01-20 13:45:00+00:00,2025-01-20,2025-01-20:1,False,-1,0,True,-0.8697916666666666,,,False,0,0,0,False,,435.0,45.0,,,,,
2025-01-20 13:50:00+00:00,2025-01-20,2025-01-20:1,False,-1,0,True,-0.8382749326145552,,,False,0,0,0,False,,430.0,50.0,,,,,
2025-01-20 13:55:00+00:00,2025-01-20,2025-01-20:1,False,-1,0,True,-0.8466257668711656,,,False,0,0,0,False,,425.0,55.0,,,,,
2025-01-20 14:00:00+00:00,2025-01-20,2025-01-20:1,False,-1,0,True,-0.712082262210797,,,False,0,0,0,False,,420.0,60.0,,,,,
2025-01-20 14:05:00+00:00,2025-01-20,2025-01-20:1,True,3,5,True,-0.7694704049844237,0.19197177855005934,-1.3883541179743641,True,0,0,0,False,,415.0,65.0,0.0,0.0,0.0,1.0,0.0
2025-01-20 14:10:00+00:00,2025-01-20,2025-01-20:1,True,0,5,True,-0.6384439359267735,0.6384439359267735,0.5234758331747429,True,0,0,0,False,,410.0,70.0,1.0,0.0,0.0,0.0,0.0
2025-01-20 14:15:00+00:00,2025-01-20,2025-01-20:1,True,0,10,True,-0.5654596100278552,0.5654596100278552,2.7681551982872454,True,0,0,0,False,,405.0,75.0,1.0,0.0,0.0,0.0,0.0
2025-01-20 14:20:00+00:00,2025-01-20,2025-01-20:1,True,0,15,True,-0.7889182058047494,0.19268105005630842,-1.4096264158011238,True,0,0,0,False,,400.0,80.0,1.0,0.0,0.0,0.0,0.0
2025-01-20 14:25:00+00:00,2025-01-20,2025-01-20:1,True,0,20,True,-0.6481927710843374,0.35048354947654997,-0.6148743674264512,True,0,0,0,False,,395.0,85.0,1.0,0.0,0.0,0.0,0.0
2025-01-20 14:30:00+00:00,2025-01-20,2025-01-20:1,True,0,25,True,-0.6156156156156156,0.21545763010965913,-1.0498584899471193,True,0,0,0,False,,390.0,90.0,1.0,0.0,0.0,0.0,0.0
2025-01-20 14:35:00+00:00,2025-01-20,2025-01-20:1,True,0,30,True,-0.6931506849315069,0.6931506849315069,0.10292275522178612,True,0,0,0,False,,385.0,95.0,1.0,0.0,0.0,0.0,0.0
2025-01-20 14:40:00+00:00,2025-01-20,2025-01-20:1,True,0,35,True,-0.6553846153846153,0.16782228550503736,-1.3623166672244265,True,0,0,0,False,,380.0,100.0,1.0,0.0,0.0,0.0,0.0
2025-01-20 14:45:00+00:00,2025-01-20,2025-01-20:1,True,4,5,True,-0.449438202247191,0.449438202247191,0.9774857960561206,True,1,0,0,False,,375.0,105.0,0.0,0.0,0.0,0.0,1.0
2025-01-20 14:50:00+00:00,2025-01-20,2025-01-20:1,True,3,5,True,-0.3087818696883853,0.17233494115555711,-0.5831951887584176,True,1,0,0,False,,370.0,110.0,0.0,0.0,0.0,1.0,0.0
2025-01-20 14:55:00+00:00,2025-01-20,2025-01-20:1,True,3,10,True,-0.3333333333333333,0.248351941319904,-0.294296131920255,True,0,1,1,False,,365.0,115.0,0.0,0.0,0.0,1.0,0.0
2025-01-20 15:00:00+00:00,2025-01-20,2025-01-20:1,True,0,5,True,-0.7098445595854922,0.7098445595854922,1.3778841761119438,True,0,0,1,False,,360.0,120.0,1.0,0.0,0.0,0.0,0.0
2025-01-20 15:05:00+00:00,2025-01-20,2025-01-20:1,True,0,10,True,-0.69593147751606,0.28146092422865143,-0.9052575783854558,True,0,0,1,True,-0.16937796425499035,355.0,125.0,1.0,0.0,0.0,0.0,0.0
2025-01-20 15:10:00+00:00,2025-01-20,2025-01-20:1,True,0,15,True,-0.7307692307692307,0.7307692307692307,0.3123403505478819,True,0,0,1,True,1.1640237599010805,350.0,130.0,1.0,0.0,0.0,0.0,0.0
2025-01-20 15:15:00+00:00,2025-01-20,2025-01-20:1,True,0,20,True,-0.7158469945355191,0.36212852142852786,-0.6814672689543726,True,0,0,1,True,-0.4368751754008645,345.0,135.0,1.0,0.0,0.0,0.0,0.0
2025-01-20 15:20:00+00:00,2025-01-20,2025-01-20:1,True,0,25,True,-0.4519774011299435,0.3596925872044057,-0.22838243886539797,True,0,0,1,True,0.5106786581716714,340.0,140.0,1.0,0.0,0.0,0.0,0.0
2025-01-20 15:25:00+00:00,2025-01-20,2025-01-20:1,True,0,30,True,-0.49622166246851385,0.19017085085069074,-0.9590998439204235,True,0,0,1,True,-0.2680765560265572,335.0,145.0,1.0,0.0,0.0,0.0,0.0
2025-01-20 15:30:00+00:00,2025-01-20,2025-01-20:1,True,0,35,True,-0.7248677248677249,0.7248677248677249,3.973383886175665,True,0,0,1,True,8.346286381087518,330.0,150.0,1.0,0.0,0.0,0.0,0.0
2025-01-20 15:35:00+00:00,2025-01-20,2025-01-20:1,True,0,40,True,-0.9725274725274725,0.38919311487577124,-0.9158226647765962,True,0,0,1,True,0.0,325.0,155.0,1.0,0.0,0.0,0.0,0.0
2025-01-20 15:40:00+00:00,2025-01-20,2025-01-20:1,True,0,45,True,-0.9603960396039604,0.7422335568032492,-0.2576817804242888,True,0,0,1,True,0.7682586367877234,320.0,160.0,1.0,0.0,0.0,0.0,0.0
2025-01-20 15:45:00+00:00,2025-01-20,2025-01-20:1,True,0,50,True,-0.9512195121951219,0.3673003020873253,-0.951565083128271,True,0,0,1,True,-0.8406242516826591,315.0,165.0,1.0,0.0,0.0,0.0,0.0
2025-01-20 15:50:00+00:00,2025-01-20,2025-01-20:1,True,0,55,True,-0.8918918918918919,0.381159826914253,-0.8501261474271085,True,0,0,1,True,-0.38018797101897234,310.0,170.0,1.0,0.0,0.0,0.0,0.0
2025-01-20 15:55:00+00:00,2025-01-20,2025-01-20:1,True,0,60,True,-0.9440559440559441,0.40414443280083606,-0.8484131061571231,True,0,0,1,True,0.0,305.0,175.0,1.0,0.0,0.0,0.0,0.0
2025-01-20 16:00:00+00:00,2025-01-20,2025-01-20:1,True,3,5,True,-0.907608695652174,0.0982294948499331,-2.223506808639683,True,0,0,1,True,-0.5524347080619092,300.0,180.0,0.0,0.0,0.0,1.0,0.0
2025-01-20 16:05:00+00:00,2025-01-20,2025-01-20:1,True,3,10,True,-0.855072463768116,0.4053072393901153,-0.7465408230095004,True,0,0,1,True,-0.0222540998513786,295.0,185.0,0.0,0.0,0.0,1.0,0.0
2025-01-20 16:10:00+00:00,2025-01-20,2025-01-20:1,True,3,15,True,-0.8221024258760108,0.20583540336174605,-1.3847881563804612,True,0,0,1,True,-0.39973318771075267,290.0,190.0,0.0,0.0,0.0,1.0,0.0
2025-01-20 16:15:00+00:00,2025-01-20,2025-01-20:1,True,4,5,True,-0.8758314855875832,0.8758314855875832,0.0818987406689945,True,1,0,1,True,-0.3662623028149966,285.0,195.0,0.0,0.0,0.0,0.0,1.0
2025-01-20 16:20:00+00:00,2025-01-20,2025-01-20:1,True,3,5,True,-0.5815384615384616,0.2981333466560441,-0.6681362532922291,True,1,0,1,True,-0.009445210402860537,280.0,200.0,0.0,0.0,0.0,1.0,0.0
2025-01-20 16:25:00+00:00,2025-01-20,2025-01-20:1,True,4,5,True,-0.6224188790560472,0.6224188790560472,0.0,True,1,0,1,True,0.18814511435746809,275.0,205.0,0.0,0.0,0.0,0.0,1.0
2025-01-20 16:30:00+00:00,2025-01-20,2025-01-20:1,True,4,10,True,-0.808,0.7445484357981751,-0.08178415035583429,True,1,0,1,True,-0.2502443890395882,270.0,210.0,0.0,0.0,0.0,0.0,1.0
2025-01-20 16:35:00+00:00,2025-01-20,2025-01-20:1,True,4,15,True,-0.712,0.712,0.2477708381591624,True,0,1,2,True,0.0,265.0,215.0,0.0,0.0,0.0,0.0,1.0
2025-01-20 16:40:00+00:00,2025-01-20,2025-01-20:1,True,0,5,True,-0.4310850439882698,0.4310850439882698,0.0,True,0,0,2,True,0.006758523338431436,260.0,220.0,1.0,0.0,0.0,0.0,0.0
2025-01-20 16:45:00+00:00,2025-01-20,2025-01-20:1,True,0,10,True,-0.4812680115273775,0.4812680115273775,0.0,True,0,0,2,True,1.5252601074643155,255.0,225.0,1.0,0.0,0.0,0.0,0.0
2025-01-20 16:50:00+00:00,2025-01-20,2025-01-20:1,True,0,15,True,-0.4689265536723164,0.23822231308559777,-0.6772418279277536,True,0,0,2,True,-0.4662005707081886,250.0,230.0,1.0,0.0,0.0,0.0,0.0
2025-01-20 16:55:00+00:00,2025-01-20,2025-01-20:1,True,0,20,True,-0.21393034825870647,0.1385427707020801,-0.43447139492894665,True,0,0,2,True,-1.0189237027204214,245.0,235.0,1.0,0.0,0.0,0.0,0.0
2025-01-20 17:00:00+00:00,2025-01-20,2025-01-20:1,True,0,25,True,-0.25405405405405407,0.1998909753439553,-0.23977496097977122,True,0,0,2,True,-0.02653583015413441,240.0,240.0,1.0,0.0,0.0,0.0,0.0
2025-01-20 17:05:00+00:00,2025-01-20,2025-01-20:1,True,0,30,True,-0.23018867924528302,0.23018867924528302,1.9582564228048798,True,0,0,2,True,-0.5235803088254624,235.0,245.0,1.0,0.0,0.0,0.0,0.0
2025-01-20 17:10:00+00:00,2025-01-20,2025-01-20:1,True,0,35,True,-0.10294117647058823,0.018714862435652624,-1.704839732018067,True,0,0,2,True,-0.4765171914427118,230.0,250.0,1.0,0.0,0.0,0.0,0.0
2025-01-20 17:15:00+00:00,2025-01-20,2025-01-20:1,True,0,40,True,0.0,0.0,-0.31495754698386325,True,0,0,2,True,0.7042664850838365,225.0,255.0,1.0,0.0,0.0,0.0,0.0
2025-01-20 17:20:00+00:00,2025-01-20,2025-01-20:1,True,0,45,True,0.17391304347826086,0.06892356433571846,0.9255572968492888,True,0,0,2,True,-0.22995655920404653,220.0,260.0,1.0,0.0,0.0,0.0,0.0
2025-01-20 17:25:00+00:00,2025-01-20,2025-01-20:1,True,0,50,True,0.22118380062305296,0.22118380062305296,-1.0251860671599848,True,0,0,2,True,0.4584771471521206,215.0,265.0,1.0,0.0,0.0,0.0,0.0
2025-01-20 17:30:00+00:00,2025-01-20,2025-01-20:1,True,0,55,True,0.008450704225352112,0.003713224447619743,0.8223491556768485,True,0,0,2,True,0.459707153332921,210.0,270.0,1.0,0.0,0.0,0.0,0.0
2025-01-20 17:35:00+00:00,2025-01-20,2025-01-20:1,True,0,60,True,-0.024054982817869417,0.024054982817869417,0.3199037822713751,True,0,0,2,True,0.2384422011402659,205.0,275.0,1.0,0.0,0.0,0.0,0.0
2025-01-20 17:40:00+00:00,2025-01-20,2025-01-20:1,True,0,65,True,0.3983286908077994,0.20586115829404716,0.6600755680606346,True,0,0,2,True,0.0,200.0,280.0,1.0,0.0,0.0,0.0,0.0
2025-01-20 17:45:00+00:00,2025-01-20,2025-01-20:1,True,0,70,True,0.1619047619047619,0.1619047619047619,-1.1074193015668679,True,0,0,2,True,-0.9905059351603871,195.0,285.0,1.0,0.0,0.0,0.0,0.0
2025-01-20 17:50:00+00:00,2025-01-20,2025-01-20:1,True,0,75,True,0.375,0.23785163184570657,0.455278942297045,True,0,0,2,True,1.129996036028746,190.0,290.0,1.0,0.0,0.0,0.0,0.0
2025-01-20 17:55:00+00:00,2025-01-20,2025-01-20:1,True,0,80,True,-0.11572700296735905,0.09122816546086607,-0.23787031355012062,True,0,0,2,True,-0.4272636674349166,185.0,295.0,1.0,0.0,0.0,0.0,0.0
2025-01-20 18:00:00+00:00,2025-01-20,2025-01-20:1,True,0,85,True,-0.2613065326633166,0.14492618663700724,-0.5894696177081576,True,0,0,2,True,-1.2585582311506394,180.0,300.0,1.0,0.0,0.0,0.0,0.0
2025-01-20 18:05:00+00:00,2025-01-20,2025-01-20:1,True,0,90,True,0.4067796610169492,0.20628819682328536,0.678997460637409,True,0,0,2,True,0.15357032988336433,175.0,305.0,1.0,0.0,0.0,0.0,0.0
2025-01-20 18:10:00+00:00,2025-01-20,2025-01-20:1,True,0,95,True,0.5979643765903307,0.5979643765903307,-0.2282563559135332,True,0,0,2,True,0.0,170.0,310.0,1.0,0.0,0.0,0.0,0.0
2025-01-20 18:15:00+00:00,2025-01-20,2025-01-20:1,True,0,100,True,0.6587473002159827,0.6587473002159827,-0.12143566430870296,True,0,0,2,True,-1.701793175186825,165.0,315.0,1.0,0.0,0.0,0.0,0.0
2025-01-20 18:20:00+00:00,2025-01-20,2025-01-20:1,True,0,105,True,0.667590027700831,0.667590027700831,-0.6202006270576836,True,0,0,2,True,0.32608268087448755,160.0,320.0,1.0,0.0,0.0,0.0,0.0
2025-01-20 18:25:00+00:00,2025-01-20,2025-01-20:1,True,0,110,True,0.5958904109589042,0.5958904109589042,-0.12701748979010838,True,0,0,2,True,-0.8520592245062035,155.0,325.0,1.0,0.0,0.0,0.0,0.0
2025-01-20 18:30:00+00:00,2025-01-20,2025-01-20:1,True,0,115,True,0.6359102244389028,0.5564186886121419,0.13353634890137,True,0,0,2,True,0.0,150.0,330.0,1.0,0.0,0.0,0.0,0.0
2025-01-20 18:35:00+00:00,2025-01-20,2025-01-20:1,True,0,120,True,0.4410958904109589,0.4410958904109589,0.0,True,0,0,2,True,-0.5265207485522491,145.0,335.0,1.0,0.0,0.0,0.0,0.0
2025-01-20 18:40:00+00:00,2025-01-20,2025-01-20:1,True,0,125,True,0.5867768595041323,0.5867768595041323,-0.7974908249815712,True,0,0,2,True,-0.3579188339314229,140.0,340.0,1.0,0.0,0.0,0.0,0.0
2025-01-20 18:45:00+00:00,2025-01-20,2025-01-20:1,True,0,130,True,0.7378917378917379,0.5689481963416266,0.26000773057050697,True,0,0,2,True,0.0,135.0,345.0,1.0,0.0,0.0,0.0,0.0
2025-01-20 18:50:00+00:00,2025-01-20,2025-01-20:1,True,0,135,True,0.6069364161849711,0.05834308662527555,2.3420831640722826,True,0,0,2,True,1.107405997378006,130.0,350.0,1.0,0.0,0.0,0.0,0.0
2025-01-20 18:55:00+00:00,2025-01-20,2025-01-20:1,True,1,5,True,0.655,0.3480567105700274,0.6322698077294208,True,0,0,2,True,1.6965579242441267,125.0,355.0,0.0,1.0,0.0,0.0,0.0
2025-01-20 19:00:00+00:00,2025-01-20,2025-01-20:1,True,0,5,True,0.4853801169590643,0.4853801169590643,-0.33781942885023303,True,0,0,2,True,-0.6577206383348582,120.0,360.0,1.0,0.0,0.0,0.0,0.0
2025-01-20 19:05:00+00:00,2025-01-20,2025-01-20:1,True,1,5,True,0.5929203539823009,0.3551726320166188,0.5124561210139754,True,0,0,2,True,0.6367774482953367,115.0,365.0,0.0,1.0,0.0,0.0,0.0
2025-01-20 19:10:00+00:00,2025-01-20,2025-01-20:1,True,1,10,True,0.7817109144542773,0.4490958118288469,0.554248743236105,True,0,0,2,True,0.0,110.0,370.0,0.0,1.0,0.0,0.0,0.0
2025-01-20 19:15:00+00:00,2025-01-20,2025-01-20:1,True,1,15,True,0.7099236641221374,0.1794014350670494,1.3755315000826243,True,0,0,2,True,0.6002625968842207,105.0,375.0,0.0,1.0,0.0,0.0,0.0
2025-01-20 19:20:00+00:00,2025-01-20,2025-01-20:1,True,1,20,True,0.5535168195718655,0.23855961970723646,0.8416728824534406,True,0,0,2,True,0.0,100.0,380.0,0.0,1.0,0.0,0.0,0.0
2025-01-20 19:25:00+00:00,2025-01-20,2025-01-20:1,True,1,25,True,0.39766081871345027,0.09972098515491899,1.3832232898380452,True,0,0,2,True,0.6185962608270494,95.0,385.0,0.0,1.0,0.0,0.0,0.0
2025-01-20 19:30:00+00:00,2025-01-20,2025-01-20:1,True,2,5,True,0.2980132450331126,0.2980132450331126,-0.27780321081132947,True,0,0,2,True,0.0,90.0,390.0,0.0,0.0,1.0,0.0,0.0
2025-01-20 19:35:00+00:00,2025-01-20,2025-01-20:1,True,2,10,True,0.5528255528255528,0.5528255528255528,-0.8418952082730573,True,0,0,2,True,-0.6275116385427053,85.0,395.0,0.0,0.0,1.0,0.0,0.0
2025-01-20 19:40:00+00:00,2025-01-20,2025-01-20:1,True,1,5,True,0.3259668508287293,0.10320723243344648,1.1500567593107347,True,0,0,2,True,-0.6429012729500225,80.0,400.0,0.0,1.0,0.0,0.0,0.0
2025-01-20 19:45:00+00:00,2025-01-20,2025-01-20:1,True,1,10,True,0.2771929824561403,0.15208223045815675,0.6002925867601938,True,0,0,2,True,-0.6177903617348647,75.0,405.0,0.0,1.0,0.0,0.0,0.0
2025-01-20 19:50:00+00:00,2025-01-20,2025-01-20:1,True,1,15,True,0.5164179104477612,0.3270564442349907,0.45678357331397085,True,0,0,2,True,0.0,70.0,410.0,0.0,1.0,0.0,0.0,0.0
2025-01-20 19:55:00+00:00,2025-01-20,2025-01-20:1,True,0,5,True,0.6210526315789474,0.33118565045243725,0.6287367356434377,True,0,0,2,True,0.0,65.0,415.0,1.0,0.0,0.0,0.0,0.0
2025-01-20 20:00:00+00:00,2025-01-20,2025-01-20:1,True,1,5,True,0.5777126099706745,0.15777941571796272,1.297878575920376,True,0,0,2,True,-0.9081786647189,60.0,420.0,0.0,1.0,0.0,0.0,0.0
2025-01-20 20:05:00+00:00,2025-01-20,2025-01-20:1,True,1,10,True,0.625,0.32887290653344226,0.6420802759349589,True,0,0,2,True,0.11306565927589993,55.0,425.0,0.0,1.0,0.0,0.0,0.0
2025-01-20 20:10:00+00:00,2025-01-20,2025-01-20:1,True,1,15,True,0.6117021276595744,0.40335503141843587,0.41642829913454943,True,0,0,2,True,-0.3149655433428506,50.0,430.0,0.0,1.0,0.0,0.0,0.0
2025-01-20 20:15:00+00:00,2025-01-20,2025-01-20:1,True,1,20,True,0.5287009063444109,0.09981625158393882,1.6670918659459784,True,0,0,2,True,2.01291791503848,45.0,435.0,0.0,1.0,0.0,0.0,0.0
2025-01-20 20:20:00+00:00,2025-01-20,2025-01-20:1,True,1,25,True,0.3726937269372694,0.06683802308271353,1.718484848513369,True,0,0,2,True,-0.8539219865750702,40.0,440.0,0.0,1.0,0.0,0.0,0.0
2025-01-20 20:25:00+00:00,2025-01-20,2025-01-20:1,True,2,5,True,0.43465045592705165,0.43465045592705165,-0.9498350676792676,True,0,0,2,True,-2.123895778743956,35.0,445.0,0.0,0.0,1.0,0.0,0.0
2025-01-20 20:30:00+00:00,2025-01-20,2025-01-20:1,True,2,10,True,0.2768729641693811,0.2768729641693811,0.0,True,0,0,2,True,-0.48722462678003975,30.0,450.0,0.0,0.0,1.0,0.0,0.0
2025-01-20 20:35:00+00:00,2025-01-20,2025-01-20:1,True,2,15,True,0.5120481927710844,0.4263984683993784,0.18304446620464215,True,0,0,2,True,-1.5488967008822176,25.0,455.0,0.0,0.0,1.0,0.0,0.0
2025-01-20 20:40:00+00:00,2025-01-20,2025-01-20:1,True,2,20,True,0.4090909090909091,0.4090909090909091,0.0,True,0,0,2,True,-1.5647563562340898,20.0,460.0,0.0,0.0,1.0,0.0,0.0
2025-01-20 20:45:00+00:00,2025-01-20,2025-01-20:1,True,0,5,True,0.07100591715976332,0.04861387772411836,0.3788541738232444,True,0,0,2,True,-1.3511591087627286,15.0,465.0,1.0,0.0,0.0,0.0,0.0
2025-01-20 20:50:00+00:00,2025-01-20,2025-01-20:1,True,0,10,True,0.3016949152542373,0.3016949152542373,-1.140238057597674,True,0,0,2,True,-0.8498832691061015,10.0,470.0,1.0,0.0,0.0,0.0,0.0
2025-01-20 20:55:00+00:00,2025-01-20,2025-01-20:1,True,0,15,True,0.5542857142857143,0.15126687977608438,1.2986345910527242,True,0,0,2,True,0.0,5.0,475.0,1.0,0.0,0.0,0.0,0.0
2025-01-20 21:00:00+00:00,2025-01-20,2025-01-20:1,True,0,20,True,0.5406976744186046,0.5406976744186046,-0.5472589750622701,True,0,0,2,True,0.46105427637114504,0.0,480.0,1.0,0.0,0.0,0.0,0.0
2025-01-21 13:00:00+00:00,2025-01-21,2025-01-21:1,False,-1,0,False,,,,False,0,0,0,False,,480.0,0.0,,,,,
2025-01-21 13:05:00+00:00,2025-01-21,2025-01-21:1,False,-1,0,True,-0.34507042253521125,,,False,0,0,0,False,,475.0,5.0,,,,,
2025-01-21 13:10:00+00:00,2025-01-21,2025-01-21:1,False,-1,0,True,0.14878892733564014,,,False,0,0,0,False,,470.0,10.0,,,,,
2025-01-21 13:15:00+00:00,2025-01-21,2025-01-21:1,False,-1,0,True,-0.07479224376731301,,,False,0,0,0,False,,465.0,15.0,,,,,
2025-01-21 13:20:00+00:00,2025-01-21,2025-01-21:1,False,-1,0,True,-0.08045977011494253,,,False,0,0,0,False,,460.0,20.0,,,,,
2025-01-21 13:25:00+00:00,2025-01-21,2025-01-21:1,False,-1,0,True,-0.38461538461538464,,,False,0,0,0,False,,455.0,25.0,,,,,
2025-01-21 13:30:00+00:00,2025-01-21,2025-01-21:1,False,-1,0,True,-0.5693069306930693,,,False,0,0,0,False,,450.0,30.0,,,,,
2025-01-21 13:35:00+00:00,2025-01-21,2025-01-21:1,False,-1,0,True,-0.8723404255319149,,,False,0,0,0,False,,445.0,35.0,,,,,
2025-01-21 13:40:00+00:00,2025-01-21,2025-01-21:1,False,-1,0,True,-0.7946428571428571,,,False,0,0,0,False,,440.0,40.0,,,,,
2025-01-21 13:45:00+00:00,2025-01-21,2025-01-21:1,False,-1,0,True,-0.713527851458886,,,False,0,0,0,False,,435.0,45.0,,,,,
2025-01-21 13:50:00+00:00,2025-01-21,2025-01-21:1,False,-1,0,True,-0.7627118644067796,,,False,0,0,0,False,,430.0,50.0,,,,,
2025-01-21 13:55:00+00:00,2025-01-21,2025-01-21:1,False,-1,0,True,-0.7942857142857143,,,False,0,0,0,False,,425.0,55.0,,,,,
2025-01-21 14:00:00+00:00,2025-01-21,2025-01-21:1,False,-1,0,True,-0.6637168141592921,,,False,0,0,0,False,,420.0,60.0,,,,,
2025-01-21 14:05:00+00:00,2025-01-21,2025-01-21:1,True,3,5,True,-0.7777777777777778,0.2355886696121532,-1.1943534917094698,True,0,0,0,False,,415.0,65.0,0.0,0.0,0.0,1.0,0.0
2025-01-21 14:10:00+00:00,2025-01-21,2025-01-21:1,True,3,10,True,-0.5707070707070707,0.4198151178788708,-0.30706164816351916,True,0,0,0,False,,410.0,70.0,0.0,0.0,0.0,1.0,0.0
2025-01-21 14:15:00+00:00,2025-01-21,2025-01-21:1,True,4,5,True,-0.7308707124010554,0.7308707124010554,0.0,True,0,0,0,False,,405.0,75.0,0.0,0.0,0.0,0.0,1.0
2025-01-21 14:20:00+00:00,2025-01-21,2025-01-21:1,True,3,5,True,-0.7451523545706371,0.2493135937525651,-1.0948771835203772,True,0,0,0,False,,400.0,80.0,0.0,0.0,0.0,1.0,0.0
2025-01-21 14:25:00+00:00,2025-01-21,2025-01-21:1,True,4,5,True,-0.6804407713498623,0.6804407713498623,0.0,True,0,0,0,False,,395.0,85.0,0.0,0.0,0.0,0.0,1.0
2025-01-21 14:30:00+00:00,2025-01-21,2025-01-21:1,True,3,5,True,-0.7535014005602241,0.2136525655644382,-1.2603797065278564,True,0,0,0,False,,390.0,90.0,0.0,0.0,0.0,1.0,0.0
2025-01-21 14:35:00+00:00,2025-01-21,2025-01-21:1,True,4,5,True,-0.8347457627118644,0.8347457627118644,0.0,True,0,0,0,False,,385.0,95.0,0.0,0.0,0.0,0.0,1.0
2025-01-21 14:40:00+00:00,2025-01-21,2025-01-21:1,True,3,5,True,-0.7572815533980582,0.530498657523545,-0.3559176899783542,True,0,0,0,False,,380.0,100.0,0.0,0.0,0.0,1.0,0.0
2025-01-21 14:45:00+00:00,2025-01-21,2025-01-21:1,True,3,10,True,-0.7593123209169055,0.5244707387527072,-0.37002354532719467,True,0,0,0,False,,375.0,105.0,0.0,0.0,0.0,1.0,0.0
2025-01-21 14:50:00+00:00,2025-01-21,2025-01-21:1,True,3,15,True,-0.6368421052631579,0.3588786087906741,-0.5735375581846749,True,0,0,0,False,,370.0,110.0,0.0,0.0,0.0,1.0,0.0
2025-01-21 14:55:00+00:00,2025-01-21,2025-01-21:1,True,3,20,True,-0.5421052631578948,0.3034227742228069,-0.5803330675960017,True,0,0,0,False,,365.0,115.0,0.0,0.0,0.0,1.0,0.0
2025-01-21 15:00:00+00:00,2025-01-21,2025-01-21:1,True,4,5,True,-0.7366946778711485,0.7366946778711485,0.0,True,0,0,0,False,,360.0,120.0,0.0,0.0,0.0,0.0,1.0
2025-01-21 15:05:00+00:00,2025-01-21,2025-01-21:1,True,3,5,True,-0.6344647519582245,0.16714195677073182,-1.3339382412618355,True,0,0,0,True,0.0,355.0,125.0,0.0,0.0,0.0,1.0,0.0
2025-01-21 15:10:00+00:00,2025-01-21,2025-01-21:1,True,4,5,True,-0.43352601156069365,0.43352601156069365,0.0,True,0,0,0,True,1.2769436102963536,350.0,130.0,0.0,0.0,0.0,0.0,1.0
2025-01-21 15:15:00+00:00,2025-01-21,2025-01-21:1,True,3,5,True,-0.49295774647887325,0.09306811063181882,-1.6670918659456173,True,0,0,0,True,-1.24257691233281,345.0,135.0,0.0,0.0,0.0,1.0,0.0
2025-01-21 15:20:00+00:00,2025-01-21,2025-01-21:1,True,3,10,True,-0.5771971496437055,0.32358754339904267,-0.5787141980193624,True,0,0,0,True,-1.2940442863155686,340.0,140.0,0.0,0.0,0.0,1.0,0.0
2025-01-21 15:25:00+00:00,2025-01-21,2025-01-21:1,True,4,5,True,-0.5989717223650386,0.5989717223650386,0.0,True,0,0,0,True,-1.2422383262816628,335.0,145.0,0.0,0.0,0.0,0.0,1.0
2025-01-21 15:30:00+00:00,2025-01-21,2025-01-21:1,True,4,10,True,-0.6902654867256637,0.6902654867256637,1.46776462989316,True,1,0,0,True,4.594830082373804,330.0,150.0,0.0,0.0,0.0,0.0,1.0
2025-01-21 15:35:00+00:00,2025-01-21,2025-01-21:1,True,3,5,True,-0.4666666666666667,0.10403774710995649,-1.5008614406650163,True,0,1,1,True,-0.7358336222255195,325.0,155.0,0.0,0.0,0.0,1.0,0.0
2025-01-21 15:40:00+00:00,2025-01-21,2025-01-21:1,True,3,10,True,-0.5145631067961165,0.11670684115101101,-1.4836530450421133,True,0,0,1,True,-1.10584968791186,320.0,160.0,0.0,0.0,0.0,1.0,0.0
2025-01-21 15:45:00+00:00,2025-01-21,2025-01-21:1,True,3,15,True,-0.21264367816091953,0.10204286097793389,-0.7342249617232193,True,0,0,1,True,-2.1890359002526956,315.0,165.0,0.0,0.0,0.0,1.0,0.0
2025-01-21 15:50:00+00:00,2025-01-21,2025-01-21:1,True,3,20,True,-0.45931758530183725,0.36001343874560354,-0.24360051717663717,True,0,0,1,True,-1.0586231030585436,310.0,170.0,0.0,0.0,0.0,1.0,0.0
2025-01-21 15:55:00+00:00,2025-01-21,2025-01-21:1,True,4,5,True,-0.6388140161725068,0.6388140161725068,0.0,True,0,0,1,True,0.5150609379323716,305.0,175.0,0.0,0.0,0.0,0.0,1.0
2025-01-21 16:00:00+00:00,2025-01-21,2025-01-21:1,True,3,5,True,-0.21019108280254778,0.0447122746195332,-1.5477689711869056,True,0,0,1,True,-0.38454629255962763,300.0,180.0,0.0,0.0,0.0,1.0,0.0
2025-01-21 16:05:00+00:00,2025-01-21,2025-01-21:1,True,4,5,True,-0.41214057507987223,0.41214057507987223,0.5110783362574817,True,1,0,1,True,0.0,295.0,185.0,0.0,0.0,0.0,0.0,1.0
2025-01-21 16:10:00+00:00,2025-01-21,2025-01-21:1,True,3,5,True,-0.5148247978436657,0.36803847502983544,-0.33563916000604066,True,1,0,1,True,1.5010239553710043,290.0,190.0,0.0,0.0,0.0,1.0,0.0
2025-01-21 16:15:00+00:00,2025-01-21,2025-01-21:1,True,0,5,True,-0.0425531914893617,0.0425531914893617,0.0,True,1,0,1,True,-1.6443153274450335,285.0,195.0,1.0,0.0,0.0,0.0,0.0
2025-01-21 16:20:00+00:00,2025-01-21,2025-01-21:1,True,0,10,True,-0.23129251700680273,0.23129251700680273,0.0,True,1,0,1,True,0.5560828603357475,280.0,200.0,1.0,0.0,0.0,0.0,0.0
2025-01-21 16:25:00+00:00,2025-01-21,2025-01-21:1,True,3,5,True,0.1780821917808219,0.1780821917808219,-1.1254885346313215,True,0,1,2,True,0.868982345309062,275.0,205.0,0.0,0.0,0.0,1.0,0.0
2025-01-21 16:30:00+00:00,2025-01-21,2025-01-21:1,True,0,5,True,0.18773946360153257,0.18773946360153257,0.0,True,0,0,2,True,-0.6090667031016042,270.0,210.0,1.0,0.0,0.0,0.0,0.0
2025-01-21 16:35:00+00:00,2025-01-21,2025-01-21:1,True,0,10,True,0.5096774193548387,0.1909979519026568,0.9815153095635133,True,0,0,2,True,0.7349576481125676,265.0,215.0,1.0,0.0,0.0,0.0,0.0
2025-01-21 16:40:00+00:00,2025-01-21,2025-01-21:1,True,0,15,True,0.45195729537366547,0.45195729537366547,-0.8303042872879652,True,0,0,2,True,-1.2377445522575228,260.0,220.0,1.0,0.0,0.0,0.0,0.0
2025-01-21 16:45:00+00:00,2025-01-21,2025-01-21:1,True,0,20,True,0.3893129770992366,0.3893129770992366,-0.5371299260491587,True,0,0,2,True,0.5248651099725588,255.0,225.0,1.0,0.0,0.0,0.0,0.0
2025-01-21 16:50:00+00:00,2025-01-21,2025-01-21:1,True,0,25,True,0.5015384615384615,0.17600961678570015,1.0471416630859238,True,0,0,2,True,0.0,250.0,230.0,1.0,0.0,0.0,0.0,0.0
2025-01-21 16:55:00+00:00,2025-01-21,2025-01-21:1,True,0,30,True,0.42857142857142855,0.42857142857142855,-0.401362865959217,True,0,0,2,True,1.1315095554505505,245.0,235.0,1.0,0.0,0.0,0.0,0.0
2025-01-21 17:00:00+00:00,2025-01-21,2025-01-21:1,True,0,35,True,0.5100864553314121,0.3755813412871065,0.3061051625933272,True,0,0,2,True,-0.6025095464291343,240.0,240.0,1.0,0.0,0.0,0.0,0.0
2025-01-21 17:05:00+00:00,2025-01-21,2025-01-21:1,True,0,40,True,0.5549132947976878,0.25948520758304056,0.7601121785045764,True,0,0,2,True,1.359730001327804,235.0,245.0,1.0,0.0,0.0,0.0,0.0
2025-01-21 17:10:00+00:00,2025-01-21,2025-01-21:1,True,1,5,True,0.39263803680981596,0.08194592373519533,1.5668285984585273,True,0,0,2,True,0.6968927519253206,230.0,250.0,0.0,1.0,0.0,0.0,0.0
2025-01-21 17:15:00+00:00,2025-01-21,2025-01-21:1,True,2,5,True,0.09929078014184398,0.09929078014184398,-0.2924162211252314,True,0,0,2,True,0.6538625481577691,225.0,255.0,0.0,0.0,1.0,0.0,0.0
2025-01-21 17:20:00+00:00,2025-01-21,2025-01-21:1,True,0,5,True,0.36627906976744184,0.36627906976744184,-2.5609674807240346,True,0,0,2,True,0.0,220.0,260.0,1.0,0.0,0.0,0.0,0.0
2025-01-21 17:25:00+00:00,2025-01-21,2025-01-21:1,True,0,10,True,0.7377892030848329,0.7377892030848329,-1.350899850173028,True,0,0,2,True,1.202824815035916,215.0,265.0,1.0,0.0,0.0,0.0,0.0
2025-01-21 17:30:00+00:00,2025-01-21,2025-01-21:1,True,0,15,True,0.5768115942028985,0.19371663008539464,1.091119265092734,True,0,0,2,True,0.6177329151976306,210.0,270.0,1.0,0.0,0.0,0.0,0.0
2025-01-21 17:35:00+00:00,2025-01-21,2025-01-21:1,True,0,20,True,0.6089108910891089,0.09509815428176938,1.8567623757736338,True,0,0,2,True,1.180080846844994,205.0,275.0,1.0,0.0,0.0,0.0,0.0
2025-01-21 17:40:00+00:00,2025-01-21,2025-01-21:1,True,0,25,True,0.7505668934240363,0.2187305893106219,1.2329879921917901,True,0,0,2,True,1.1028179863936696,200.0,280.0,1.0,0.0,0.0,0.0,0.0
2025-01-21 17:45:00+00:00,2025-01-21,2025-01-21:1,True,0,30,True,0.7073170731707317,0.33572431453314405,0.745188711550153,True,0,0,2,True,1.7372452225823851,195.0,285.0,1.0,0.0,0.0,0.0,0.0
2025-01-21 17:50:00+00:00,2025-01-21,2025-01-21:1,True,2,5,True,0.6032608695652174,0.6032608695652174,-0.2474492039115658,True,0,0,2,True,-0.4993315596122445,190.0,290.0,0.0,0.0,1.0,0.0,0.0
2025-01-21 17:55:00+00:00,2025-01-21,2025-01-21:1,True,1,5,True,0.6627218934911243,0.29447320863634147,0.8111674087731089,True,0,0,2,True,-0.2591179238782226,185.0,295.0,0.0,1.0,0.0,0.0,0.0
2025-01-21 18:00:00+00:00,2025-01-21,2025-01-21:1,True,2,5,True,0.7396694214876033,0.521451017537571,0.34958801473916373,True,0,0,2,True,0.26056752169198955,180.0,300.0,0.0,0.0,1.0,0.0,0.0
2025-01-21 18:05:00+00:00,2025-01-21,2025-01-21:1,True,2,10,True,0.32646048109965636,0.32646048109965636,0.0,True,0,0,2,True,1.045967873212509,175.0,305.0,0.0,0.0,1.0,0.0,0.0
2025-01-21 18:10:00+00:00,2025-01-21,2025-01-21:1,True,1,5,True,0.2844574780058651,0.1983517459376722,0.3605418309730069,True,0,0,2,True,0.5411821770998556,170.0,310.0,0.0,1.0,0.0,0.0,0.0
2025-01-21 18:15:00+00:00,2025-01-21,2025-01-21:1,True,0,5,True,0.2282958199356913,0.17901450310044434,0.24317541837813153,True,0,0,2,True,0.5437567659504537,165.0,315.0,1.0,0.0,0.0,0.0,0.0
2025-01-21 18:20:00+00:00,2025-01-21,2025-01-21:1,True,1,5,True,0.2741514360313316,0.208331674590288,0.2745492408890367,True,0,0,2,True,0.0,160.0,320.0,0.0,1.0,0.0,0.0,0.0
2025-01-21 18:25:00+00:00,2025-01-21,2025-01-21:1,True,1,10,True,0.5441176470588235,0.16581884136828076,1.18826961107232,True,0,0,2,True,-0.6684285349624675,155.0,325.0,0.0,1.0,0.0,0.0,0.0
2025-01-21 18:30:00+00:00,2025-01-21,2025-01-21:1,True,1,15,True,0.4704370179948586,0.2585551886062774,0.5985529214680237,True,0,0,2,True,1.3857662375127764,150.0,330.0,0.0,1.0,0.0,0.0,0.0
2025-01-21 18:35:00+00:00,2025-01-21,2025-01-21:1,True,1,20,True,0.5757575757575758,0.42253068285916423,0.3094246303698615,True,0,0,2,True,0.6918945074197563,145.0,335.0,0.0,1.0,0.0,0.0,0.0
2025-01-21 18:40:00+00:00,2025-01-21,2025-01-21:1,True,2,5,True,0.39263803680981596,0.39263803680981596,-0.6817732312354741,True,0,0,2,True,0.05720059277562074,140.0,340.0,0.0,0.0,1.0,0.0,0.0
2025-01-21 18:45:00+00:00,2025-01-21,2025-01-21:1,True,1,5,True,0.65,0.16303998606753614,1.3829768788695398,True,0,0,2,True,0.7731075781167946,135.0,345.0,0.0,1.0,0.0,0.0,0.0
2025-01-21 18:50:00+00:00,2025-01-21,2025-01-21:1,True,2,5,True,0.526595744680851,0.526595744680851,0.0,True,0,0,2,True,0.018197908070453586,130.0,350.0,0.0,0.0,1.0,0.0,0.0
2025-01-21 18:55:00+00:00,2025-01-21,2025-01-21:1,True,1,5,True,0.4161490683229814,0.27196271806643213,0.4253785424192711,True,0,0,2,True,0.9511753370192679,125.0,355.0,0.0,1.0,0.0,0.0,0.0
2025-01-21 19:00:00+00:00,2025-01-21,2025-01-21:1,True,1,10,True,0.5398773006134969,0.35049890776113835,0.43198430241449565,True,0,0,2,True,0.9659462654116389,120.0,360.0,0.0,1.0,0.0,0.0,0.0
2025-01-21 19:05:00+00:00,2025-01-21,2025-01-21:1,True,1,15,True,0.4069400630914827,0.11079574031398456,1.300977580712,True,0,0,2,True,-0.9696914358908318,115.0,365.0,0.0,1.0,0.0,0.0,0.0
2025-01-21 19:10:00+00:00,2025-01-21,2025-01-21:1,True,2,5,True,0.38699690402476783,0.38699690402476783,0.0,True,0,0,2,True,1.9955428537537323,110.0,370.0,0.0,0.0,1.0,0.0,0.0
2025-01-21 19:15:00+00:00,2025-01-21,2025-01-21:1,True,0,5,True,0.08176100628930817,0.08176100628930817,-1.3169470311489555,True,0,0,2,True,-0.9815943614709359,105.0,375.0,1.0,0.0,0.0,0.0,0.0
2025-01-21 19:20:00+00:00,2025-01-21,2025-01-21:1,True,0,10,True,0.31412103746397696,0.20232941935824816,0.4398812232533066,True,0,0,2,True,0.12796780569737337,100.0,380.0,1.0,0.0,0.0,0.0,0.0
2025-01-21 19:25:00+00:00,2025-01-21,2025-01-21:1,True,0,15,True,0.16560509554140126,0.0676720379579469,0.8949329457430844,True,0,0,2,True,1.2204134038087768,95.0,385.0,1.0,0.0,0.0,0.0,0.0
2025-01-21 19:30:00+00:00,2025-01-21,2025-01-21:1,True,0,20,True,-0.0053475935828877,0.0009053072791622911,-1.7761275200527633,True,0,0,2,True,-0.8825648603430203,90.0,390.0,1.0,0.0,0.0,0.0,0.0
2025-01-21 19:35:00+00:00,2025-01-21,2025-01-21:1,True,3,5,True,0.075,0.075,-0.3746993242069651,True,0,0,2,True,-1.9017012050134212,85.0,395.0,0.0,0.0,0.0,1.0,0.0
2025-01-21 19:40:00+00:00,2025-01-21,2025-01-21:1,True,3,10,True,0.3191489361702128,0.3191489361702128,-1.1769630300589837,True,0,0,2,True,0.6762792295367164,80.0,400.0,0.0,0.0,0.0,1.0,0.0
2025-01-21 19:45:00+00:00,2025-01-21,2025-01-21:1,True,3,15,True,-0.01060070671378092,0.007561916653798231,-0.33779598631307384,True,0,0,2,True,0.3776673939613108,75.0,405.0,0.0,0.0,0.0,1.0,0.0
2025-01-21 19:50:00+00:00,2025-01-21,2025-01-21:1,True,4,5,True,0.19873817034700317,0.19873817034700317,0.0,True,0,0,2,True,0.7384920534567786,70.0,410.0,0.0,0.0,0.0,0.0,1.0
2025-01-21 19:55:00+00:00,2025-01-21,2025-01-21:1,True,4,10,True,0.40993788819875776,0.2692112375807043,0.4205093147685416,True,0,0,2,True,0.18379026581012065,65.0,415.0,0.0,0.0,0.0,0.0,1.0
2025-01-21 20:00:00+00:00,2025-01-21,2025-01-21:1,True,0,5,True,0.3525641025641026,0.15891472330847045,0.7968647300152351,True,0,0,2,True,0.07642851669784693,60.0,420.0,1.0,0.0,0.0,0.0,0.0
2025-01-21 20:05:00+00:00,2025-01-21,2025-01-21:1,True,0,10,True,0.5703324808184144,0.1068527290755699,1.6747679678333471,True,0,0,2,True,0.14598481721737766,55.0,425.0,1.0,0.0,0.0,0.0,0.0
2025-01-21 20:10:00+00:00,2025-01-21,2025-01-21:1,True,1,5,True,0.375,0.29068415311731605,0.2546887327317896,True,0,0,2,True,-0.4208784097107986,50.0,430.0,0.0,1.0,0.0,0.0,0.0
2025-01-21 20:15:00+00:00,2025-01-21,2025-01-21:1,True,1,10,True,0.5135135135135135,0.07313363800241755,1.9489879203999345,True,0,0,2,True,1.601674601223105,45.0,435.0,0.0,1.0,0.0,0.0,0.0
2025-01-21 20:20:00+00:00,2025-01-21,2025-01-21:1,True,1,15,True,0.5729166666666666,0.22649907475671918,0.9279994127913237,True,0,0,2,True,1.5563023275613344,40.0,440.0,0.0,1.0,0.0,0.0,0.0
2025-01-21 20:25:00+00:00,2025-01-21,2025-01-21:1,True,1,20,True,0.6596858638743456,0.2736420669649994,0.8799428304304076,True,0,0,2,True,0.4021759795050388,35.0,445.0,0.0,1.0,0.0,0.0,0.0
2025-01-21 20:30:00+00:00,2025-01-21,2025-01-21:1,True,2,5,True,0.41916167664670656,0.41916167664670656,-0.5719682819099234,True,0,0,2,True,-0.7147688435460767,30.0,450.0,0.0,0.0,1.0,0.0,0.0
2025-01-21 20:35:00+00:00,2025-01-21,2025-01-21:1,True,1,5,True,0.6914893617021277,0.4392194152244763,0.453848671504992,True,0,0,2,True,0.9292103607625312,25.0,455.0,0.0,1.0,0.0,0.0,0.0
2025-01-21 20:40:00+00:00,2025-01-21,2025-01-21:1,True,2,5,True,0.07692307692307693,0.07692307692307693,-0.9690662233817634,True,0,0,2,True,-1.0834489750903096,20.0,460.0,0.0,0.0,1.0,0.0,0.0
2025-01-21 20:45:00+00:00,2025-01-21,2025-01-21:1,True,0,5,True,0.18354430379746836,0.07053568863972276,0.9563372723704328,True,0,0,2,True,0.0,15.0,465.0,1.0,0.0,0.0,0.0,0.0
2025-01-21 20:50:00+00:00,2025-01-21,2025-01-21:1,True,0,10,True,0.20334261838440112,0.20334261838440112,-0.947251336634118,True,0,0,2,True,-0.5295295951236088,10.0,470.0,1.0,0.0,0.0,0.0,0.0
2025-01-21 20:55:00+00:00,2025-01-21,2025-01-21:1,True,0,15,True,0.3081761006289308,0.3081761006289308,-0.13030281820515907,True,0,0,2,True,0.4841294669769901,5.0,475.0,1.0,0.0,0.0,0.0,0.0
2025-01-21 21:00:00+00:00,2025-01-21,2025-01-21:1,True,0,20,True,0.13815789473684212,0.13815789473684212,0.0,True,0,0,2,True,0.6039617779351878,0.0,480.0,1.0,0.0,0.0,0.0,0.0
2025-01-22 13:00:00+00:00,2025-01-22,2025-01-22:1,False,-1,0,False,,,,False,0,0,0,False,,480.0,0.0,,,,,
2025-01-22 13:05:00+00:00,2025-01-22,2025-01-22:1,False,-1,0,True,-0.20655737704918034,,,False,0,0,0,False,,475.0,5.0,,,,,
2025-01-22 13:10:00+00:00,2025-01-22,2025-01-22:1,False,-1,0,True,-0.5887323943661972,,,False,0,0,0,False,,470.0,10.0,,,,,
2025-01-22 13:15:00+00:00,2025-01-22,2025-01-22:1,False,-1,0,True,-0.407202216066482,,,False,0,0,0,False,,465.0,15.0,,,,,
2025-01-22 13:20:00+00:00,2025-01-22,2025-01-22:1,False,-1,0,True,-0.12987012987012986,,,False,0,0,0,False,,460.0,20.0,,,,,
2025-01-22 13:25:00+00:00,2025-01-22,2025-01-22:1,False,-1,0,True,-0.023668639053254437,,,False,0,0,0,False,,455.0,25.0,,,,,
2025-01-22 13:30:00+00:00,2025-01-22,2025-01-22:1,False,-1,0,True,0.18441558441558442,,,False,0,0,0,False,,450.0,30.0,,,,,
2025-01-22 13:35:00+00:00,2025-01-22,2025-01-22:1,False,-1,0,True,0.514792899408284,,,False,0,0,0,False,,445.0,35.0,,,,,
2025-01-22 13:40:00+00:00,2025-01-22,2025-01-22:1,False,-1,0,True,0.39644970414201186,,,False,0,0,0,False,,440.0,40.0,,,,,
2025-01-22 13:45:00+00:00,2025-01-22,2025-01-22:1,False,-1,0,True,0.40350877192982454,,,False,0,0,0,False,,435.0,45.0,,,,,
2025-01-22 13:50:00+00:00,2025-01-22,2025-01-22:1,False,-1,0,True,-0.039711191335740074,,,False,0,0,0,False,,430.0,50.0,,,,,
2025-01-22 13:55:00+00:00,2025-01-22,2025-01-22:1,False,-1,0,True,0.1365079365079365,,,False,0,0,0,False,,425.0,55.0,,,,,
2025-01-22 14:00:00+00:00,2025-01-22,2025-01-22:1,False,-1,0,True,0.07987220447284345,,,False,0,0,0,False,,420.0,60.0,,,,,
2025-01-22 14:05:00+00:00,2025-01-22,2025-01-22:1,True,1,5,True,0.53315649867374,0.20965823168012498,0.933336262830591,True,0,0,0,False,,415.0,65.0,0.0,1.0,0.0,0.0,0.0
2025-01-22 14:10:00+00:00,2025-01-22,2025-01-22:1,True,1,10,True,0.14102564102564102,0.05025536438602429,1.031824429898796,True,0,0,0,False,,410.0,70.0,0.0,1.0,0.0,0.0,0.0
2025-01-22 14:15:00+00:00,2025-01-22,2025-01-22:1,True,1,15,True,-0.029900332225913623,0.029900332225913623,0.8073415183988739,True,0,0,0,False,,405.0,75.0,0.0,1.0,0.0,0.0,0.0
2025-01-22 14:20:00+00:00,2025-01-22,2025-01-22:1,True,1,20,True,0.2698412698412698,0.07135635657314705,1.3301474666691713,True,0,0,0,False,,400.0,80.0,0.0,1.0,0.0,0.0,0.0
2025-01-22 14:25:00+00:00,2025-01-22,2025-01-22:1,True,1,25,True,0.3783783783783784,0.13381014048092107,1.0394727627831437,True,0,0,0,False,,395.0,85.0,0.0,1.0,0.0,0.0,0.0
2025-01-22 14:30:00+00:00,2025-01-22,2025-01-22:1,True,1,30,True,0.47634069400630913,0.06070140128581459,2.060166558687274,True,0,0,0,False,,390.0,90.0,0.0,1.0,0.0,0.0,0.0
2025-01-22 14:35:00+00:00,2025-01-22,2025-01-22:1,True,1,35,True,0.5064935064935064,0.06847381016886107,2.0010601643992296,True,0,0,0,False,,385.0,95.0,0.0,1.0,0.0,0.0,0.0
2025-01-22 14:40:00+00:00,2025-01-22,2025-01-22:1,True,2,5,True,0.556786703601108,0.43271106693570804,0.2521120053411768,True,0,0,0,False,,380.0,100.0,0.0,0.0,1.0,0.0,0.0
2025-01-22 14:45:00+00:00,2025-01-22,2025-01-22:1,True,2,10,True,0.27147766323024053,0.27147766323024053,-1.0320669553295228,True,0,0,0,False,,375.0,105.0,0.0,0.0,1.0,0.0,0.0
2025-01-22 14:50:00+00:00,2025-01-22,2025-01-22:1,True,1,5,True,0.4064516129032258,0.14560629881107517,1.0265584925624938,True,0,0,0,False,,370.0,110.0,0.0,1.0,0.0,0.0,0.0
2025-01-22 14:55:00+00:00,2025-01-22,2025-01-22:1,True,2,5,True,0.590027700831025,0.590027700831025,-1.1669744858979911,True,0,0,0,False,,365.0,115.0,0.0,0.0,1.0,0.0,0.0
2025-01-22 15:00:00+00:00,2025-01-22,2025-01-22:1,True,0,5,True,0.2768729641693811,0.2768729641693811,-1.1195283934587084,True,0,0,0,False,,360.0,120.0,1.0,0.0,0.0,0.0,0.0
2025-01-22 15:05:00+00:00,2025-01-22,2025-01-22:1,True,0,10,True,0.14285714285714285,0.1193670252144817,0.1796421378434656,True,0,0,0,True,0.2988811989287546,355.0,125.0,1.0,0.0,0.0,0.0,0.0
2025-01-22 15:10:00+00:00,2025-01-22,2025-01-22:1,True,0,15,True,-0.03731343283582089,0.03731343283582089,0.36179131579484247,True,0,0,0,True,0.4044949878920309,350.0,130.0,1.0,0.0,0.0,0.0,0.0
2025-01-22 15:15:00+00:00,2025-01-22,2025-01-22:1,True,0,20,True,0.02127659574468085,0.02127659574468085,-0.3621262147981464,True,0,0,0,True,-1.8053854953399988,345.0,135.0,1.0,0.0,0.0,0.0,0.0
2025-01-22 15:20:00+00:00,2025-01-22,2025-01-22:1,True,3,5,True,0.03978779840848806,0.03978779840848806,-1.6365413066754861,True,0,0,0,True,0.5228953967520595,340.0,140.0,0.0,0.0,0.0,1.0,0.0
2025-01-22 15:25:00+00:00,2025-01-22,2025-01-22:1,True,4,5,True,0.30612244897959184,0.22034201029066858,0.32880425051864975,True,0,0,0,True,0.9467550451404462,335.0,145.0,0.0,0.0,0.0,0.0,1.0
2025-01-22 15:30:00+00:00,2025-01-22,2025-01-22:1,True,3,5,True,0.6099773242630385,0.6099773242630385,-5.711240985913499,True,0,0,0,True,-10.591057777354942,330.0,150.0,0.0,0.0,0.0,1.0,0.0
2025-01-22 15:35:00+00:00,2025-01-22,2025-01-22:1,True,3,10,True,0.9322033898305084,0.9322033898305084,-1.0532882209324317,True,0,0,0,True,-0.17340303778429492,325.0,155.0,0.0,0.0,0.0,1.0,0.0
2025-01-22 15:40:00+00:00,2025-01-22,2025-01-22:1,True,4,5,True,0.9259259259259259,0.3005313540249976,1.1252421497962724,True,1,0,0,True,1.435494315300004,320.0,160.0,0.0,0.0,0.0,0.0,1.0
2025-01-22 15:45:00+00:00,2025-01-22,2025-01-22:1,True,4,10,True,0.9137254901960784,0.5301405574857233,0.5443880132000396,True,1,0,0,True,0.7345947465026311,315.0,165.0,0.0,0.0,0.0,0.0,1.0
2025-01-22 15:50:00+00:00,2025-01-22,2025-01-22:1,True,0,5,True,0.9532467532467532,0.2692264874934283,1.264320806455256,True,1,0,0,True,0.0,310.0,170.0,1.0,0.0,0.0,0.0,0.0
2025-01-22 15:55:00+00:00,2025-01-22,2025-01-22:1,True,0,10,True,0.9376623376623376,0.4546001210224146,0.7239717253914603,True,0,0,0,True,0.6607061488007856,305.0,175.0,1.0,0.0,0.0,0.0,0.0
2025-01-22 16:00:00+00:00,2025-01-22,2025-01-22:1,True,2,5,True,0.843298969072165,0.843298969072165,-0.17994690062393004,True,0,0,0,True,-0.40237350213550693,300.0,180.0,0.0,0.0,1.0,0.0,0.0
2025-01-22 16:05:00+00:00,2025-01-22,2025-01-22:1,True,1,5,True,0.8125,0.47170782497455144,0.5437561351715771,True,0,0,0,True,0.318433199391153,295.0,185.0,0.0,1.0,0.0,0.0,0.0
2025-01-22 16:10:00+00:00,2025-01-22,2025-01-22:1,True,1,10,True,0.8778625954198473,0.6130215692986505,0.35908996236922197,True,0,0,0,True,0.30758310446269943,290.0,190.0,0.0,1.0,0.0,0.0,0.0
2025-01-22 16:15:00+00:00,2025-01-22,2025-01-22:1,True,1,15,True,0.8276762402088773,0.44499007403620605,0.6205700872979194,True,0,0,0,True,-0.39646768571541247,285.0,195.0,0.0,1.0,0.0,0.0,0.0
2025-01-22 16:20:00+00:00,2025-01-22,2025-01-22:1,True,1,20,True,0.8794520547945206,0.6114378280404353,0.3634857698052616,True,0,0,0,True,0.6674948683798548,280.0,200.0,0.0,1.0,0.0,0.0,0.0
2025-01-22 16:25:00+00:00,2025-01-22,2025-01-22:1,True,1,25,True,0.9172413793103448,0.7640851598670494,0.18269141603407868,True,0,0,0,True,-0.2578615310176507,275.0,205.0,0.0,1.0,0.0,0.0,0.0
2025-01-22 16:30:00+00:00,2025-01-22,2025-01-22:1,True,1,30,True,0.6386138613861386,0.43842050072501515,0.37612148879945456,True,0,0,0,True,0.0,270.0,210.0,0.0,1.0,0.0,0.0,0.0
2025-01-22 16:35:00+00:00,2025-01-22,2025-01-22:1,True,2,5,True,0.7684729064039408,0.7684729064039408,0.0,True,0,0,0,True,-0.3121295024293937,265.0,215.0,0.0,0.0,1.0,0.0,0.0
2025-01-22 16:40:00+00:00,2025-01-22,2025-01-22:1,True,1,5,True,0.7440476190476191,0.5187922066733517,0.3606016063841177,True,0,0,0,True,0.33172064947628704,260.0,220.0,0.0,1.0,0.0,0.0,0.0
2025-01-22 16:45:00+00:00,2025-01-22,2025-01-22:1,True,2,5,True,0.6289855072463768,0.6289855072463768,0.0,True,0,0,0,True,0.8896400356264709,255.0,225.0,0.0,0.0,1.0,0.0,0.0
2025-01-22 16:50:00+00:00,2025-01-22,2025-01-22:1,True,1,5,True,0.6446991404011462,0.41018540566953277,0.4521744925513499,True,0,0,0,True,2.0221858060697078,250.0,230.0,0.0,1.0,0.0,0.0,0.0
2025-01-22 16:55:00+00:00,2025-01-22,2025-01-22:1,True,1,10,True,0.5117647058823529,0.2582364469051098,0.683989334486186,True,0,0,0,True,2.0392621970641693,245.0,235.0,0.0,1.0,0.0,0.0,0.0
2025-01-22 17:00:00+00:00,2025-01-22,2025-01-22:1,True,0,5,True,0.22580645161290322,0.22580645161290322,-0.4014085350564105,True,0,0,0,True,-0.3962737853177148,240.0,240.0,1.0,0.0,0.0,0.0,0.0
2025-01-22 17:05:00+00:00,2025-01-22,2025-01-22:1,True,0,10,True,0.48484848484848486,0.48484848484848486,-1.1651084202847686,True,0,0,0,True,-0.7763319793015514,235.0,245.0,1.0,0.0,0.0,0.0,0.0
2025-01-22 17:10:00+00:00,2025-01-22,2025-01-22:1,True,0,15,True,0.36257309941520466,0.09393889376857938,1.3505816029309798,True,0,0,0,True,3.938291128345363,230.0,250.0,1.0,0.0,0.0,0.0,0.0
2025-01-22 17:15:00+00:00,2025-01-22,2025-01-22:1,True,0,20,True,0.2844574780058651,0.2844574780058651,-0.18988959841815134,True,0,0,0,True,-0.849212100566246,225.0,255.0,1.0,0.0,0.0,0.0,0.0
2025-01-22 17:20:00+00:00,2025-01-22,2025-01-22:1,True,0,25,True,0.22186495176848875,0.06860612520085917,1.1736870520120544,True,0,0,0,True,1.0898427151729515,220.0,260.0,1.0,0.0,0.0,0.0,0.0
2025-01-22 17:25:00+00:00,2025-01-22,2025-01-22:1,True,0,30,True,0.6700507614213198,0.6700507614213198,-0.3291247991487943,True,0,0,0,True,-0.7359454239776689,215.0,265.0,1.0,0.0,0.0,0.0,0.0
2025-01-22 17:30:00+00:00,2025-01-22,2025-01-22:1,True,0,35,True,0.3719806763285024,0.3719806763285024,-1.121872618228094,True,0,0,0,True,-1.0751071870518716,210.0,270.0,1.0,0.0,0.0,0.0,0.0
2025-01-22 17:35:00+00:00,2025-01-22,2025-01-22:1,True,1,5,True,0.5145631067961165,0.12282388544028411,1.43256670066288,True,0,0,0,True,1.7021528597030098,205.0,275.0,0.0,1.0,0.0,0.0,0.0
2025-01-22 17:40:00+00:00,2025-01-22,2025-01-22:1,True,0,5,True,0.25077399380804954,0.25077399380804954,0.0,True,0,0,0,True,0.23068490061217248,200.0,280.0,1.0,0.0,0.0,0.0,0.0
2025-01-22 17:45:00+00:00,2025-01-22,2025-01-22:1,True,0,10,True,0.09897610921501707,0.09897610921501707,0.0,True,0,0,0,True,0.6708914660251925,195.0,285.0,1.0,0.0,0.0,0.0,0.0
2025-01-22 17:50:00+00:00,2025-01-22,2025-01-22:1,True,0,15,True,0.023121387283236993,0.023121387283236993,-0.29910151022536136,True,0,0,0,True,-0.6688113090367565,190.0,290.0,1.0,0.0,0.0,0.0,0.0
2025-01-22 17:55:00+00:00,2025-01-22,2025-01-22:1,True,0,20,True,0.32142857142857145,0.32142857142857145,-0.29548788082461885,True,0,0,0,True,0.41821234670634083,185.0,295.0,1.0,0.0,0.0,0.0,0.0
2025-01-22 18:00:00+00:00,2025-01-22,2025-01-22:1,True,1,5,True,-0.07723577235772358,0.07723577235772358,1.7599125037003605,True,0,0,0,True,2.9883826538624225,180.0,300.0,0.0,1.0,0.0,0.0,0.0
2025-01-22 18:05:00+00:00,2025-01-22,2025-01-22:1,True,0,5,True,-0.9095477386934674,0.26269136576980345,-1.2419676566359026,True,0,0,0,True,-0.13906910774392078,175.0,305.0,1.0,0.0,0.0,0.0,0.0
2025-01-22 18:10:00+00:00,2025-01-22,2025-01-22:1,True,0,10,True,-0.9107142857142857,0.7960513532596668,-0.13456552306256847,True,0,0,0,True,0.12854281709634627,170.0,310.0,1.0,0.0,0.0,0.0,0.0
2025-01-22 18:15:00+00:00,2025-01-22,2025-01-22:1,True,3,5,True,-0.8624338624338624,0.14270304208100998,-1.7989926224568036,True,0,0,0,True,-1.2377445522573003,165.0,315.0,0.0,0.0,0.0,1.0,0.0
2025-01-22 18:20:00+00:00,2025-01-22,2025-01-22:1,True,3,10,True,-0.7167630057803468,0.2949043175866477,-0.8880942935253993,True,0,0,0,True,-0.5142389063000853,160.0,320.0,0.0,0.0,0.0,1.0,0.0
2025-01-22 18:25:00+00:00,2025-01-22,2025-01-22:1,True,3,15,True,-0.7345971563981043,0.12237492565280612,-1.7922327691106301,True,0,0,0,True,-0.8067478656387672,155.0,325.0,0.0,0.0,0.0,1.0,0.0
2025-01-22 18:30:00+00:00,2025-01-22,2025-01-22:1,True,3,20,True,-0.7289972899728997,0.3024191743328945,-0.879855965062724,True,0,0,0,True,0.5438592104028127,150.0,330.0,0.0,0.0,0.0,1.0,0.0
2025-01-22 18:35:00+00:00,2025-01-22,2025-01-22:1,True,3,25,True,-0.6494845360824743,0.20488087073964872,-1.1537503349897629,True,0,0,0,True,-0.6449660445259826,145.0,335.0,0.0,0.0,0.0,1.0,0.0
2025-01-22 18:40:00+00:00,2025-01-22,2025-01-22:1,True,3,30,True,-0.3730407523510972,0.07832056064386478,-1.5608775127380208,True,0,0,0,True,-1.5110823767974275,140.0,340.0,0.0,0.0,0.0,1.0,0.0
2025-01-22 18:45:00+00:00,2025-01-22,2025-01-22:1,True,4,5,True,-0.7801268498942917,0.57411134533286,-0.30663317560699455,True,0,0,0,True,0.0964518040518598,135.0,345.0,0.0,0.0,0.0,0.0,1.0
2025-01-22 18:50:00+00:00,2025-01-22,2025-01-22:1,True,4,10,True,-0.7068965517241379,0.7068965517241379,0.2973037388075553,True,1,0,0,True,0.6647913699385359,130.0,350.0,0.0,0.0,0.0,0.0,1.0
2025-01-22 18:55:00+00:00,2025-01-22,2025-01-22:1,True,4,15,True,-0.45294117647058824,0.45294117647058824,0.2998602671782208,True,1,0,0,True,0.0,125.0,355.0,0.0,0.0,0.0,0.0,1.0
2025-01-22 19:00:00+00:00,2025-01-22,2025-01-22:1,True,3,5,True,-0.4666666666666667,0.34504578366235444,-0.30193811244088425,True,1,0,0,True,0.675154144417711,120.0,360.0,0.0,0.0,0.0,1.0,0.0
2025-01-22 19:05:00+00:00,2025-01-22,2025-01-22:1,True,3,10,True,-0.46981627296587924,0.15805327360194515,-1.0894095588039823,True,0,1,1,True,-0.07677967322025393,115.0,365.0,0.0,0.0,0.0,1.0,0.0
2025-01-22 19:10:00+00:00,2025-01-22,2025-01-22:1,True,0,5,True,-0.31343283582089554,0.31343283582089554,1.1207691129154025,True,0,0,1,True,0.0,110.0,370.0,1.0,0.0,0.0,0.0,0.0
2025-01-22 19:15:00+00:00,2025-01-22,2025-01-22:1,True,0,10,True,-0.20675105485232068,0.20675105485232068,0.0,True,0,0,1,True,-0.8384144800444048,105.0,375.0,1.0,0.0,0.0,0.0,0.0
2025-01-22 19:20:00+00:00,2025-01-22,2025-01-22:1,True,0,15,True,-0.045714285714285714,0.045714285714285714,0.3743931934663404,True,0,0,1,True,0.0,100.0,380.0,1.0,0.0,0.0,0.0,0.0
2025-01-22 19:25:00+00:00,2025-01-22,2025-01-22:1,True,0,20,True,0.1167192429022082,0.1167192429022082,-0.7440871515824172,True,0,0,1,True,0.0,95.0,385.0,1.0,0.0,0.0,0.0,0.0
2025-01-22 19:30:00+00:00,2025-01-22,2025-01-22:1,True,0,25,True,-0.17994100294985252,0.17994100294985252,0.0,True,0,0,1,True,0.0025128325524518057,90.0,390.0,1.0,0.0,0.0,0.0,0.0
2025-01-22 19:35:00+00:00,2025-01-22,2025-01-22:1,True,1,5,True,-0.06620209059233449,0.06620209059233449,1.9710369937050431,True,0,0,1,True,0.0,85.0,395.0,0.0,1.0,0.0,0.0,0.0
2025-01-22 19:40:00+00:00,2025-01-22,2025-01-22:1,True,1,10,True,-0.1701492537313433,0.1701492537313433,1.1841827276202277,True,0,0,1,True,0.0,80.0,400.0,0.0,1.0,0.0,0.0,0.0
2025-01-22 19:45:00+00:00,2025-01-22,2025-01-22:1,True,2,5,True,-0.28619528619528617,0.12603990743564025,-0.8200758141855811,True,0,0,1,True,-0.8952512477599597,75.0,405.0,0.0,0.0,1.0,0.0,0.0
2025-01-22 19:50:00+00:00,2025-01-22,2025-01-22:1,True,0,5,True,-0.25448028673835127,0.25448028673835127,0.0,True,0,0,1,True,-0.9587709608615754,70.0,410.0,1.0,0.0,0.0,0.0,0.0
2025-01-22 19:55:00+00:00,2025-01-22,2025-01-22:1,True,0,10,True,-0.6282051282051282,0.12708444044146816,-1.5980149995170374,True,0,0,1,True,-0.909609435839199,65.0,415.0,1.0,0.0,0.0,0.0,0.0
2025-01-22 20:00:00+00:00,2025-01-22,2025-01-22:1,True,0,15,True,-0.31901840490797545,0.2139890924944977,-0.3993237526858273,True,0,0,1,True,0.892915056038362,60.0,420.0,1.0,0.0,0.0,0.0,0.0
2025-01-22 20:05:00+00:00,2025-01-22,2025-01-22:1,True,3,5,True,-0.41025641025641024,0.18041180284715813,-0.8215403236219052,True,0,0,1,True,1.8370200098757563,55.0,425.0,0.0,0.0,0.0,1.0,0.0
2025-01-22 20:10:00+00:00,2025-01-22,2025-01-22:1,True,4,5,True,-0.006578947368421052,0.006578947368421052,1.2407668174316153,True,1,0,1,True,0.0,50.0,430.0,0.0,0.0,0.0,0.0,1.0
2025-01-22 20:15:00+00:00,2025-01-22,2025-01-22:1,True,0,5,True,-0.48760330578512395,0.48760330578512395,0.0,True,1,0,1,True,-0.24391348176470684,45.0,435.0,1.0,0.0,0.0,0.0,0.0
2025-01-22 20:20:00+00:00,2025-01-22,2025-01-22:1,True,3,5,True,-0.4307116104868914,0.09262592810151214,-1.5368696453897515,True,0,1,2,True,-1.0784517202637778,40.0,440.0,0.0,0.0,0.0,1.0,0.0
2025-01-22 20:25:00+00:00,2025-01-22,2025-01-22:1,True,0,5,True,-0.3027027027027027,0.3027027027027027,0.38421741134719173,True,0,0,2,True,0.8591362499113198,35.0,445.0,1.0,0.0,0.0,0.0,0.0
2025-01-22 20:30:00+00:00,2025-01-22,2025-01-22:1,True,0,10,True,-0.4049079754601227,0.18759058430919717,-0.7693979751387308,True,0,0,2,True,0.0,30.0,450.0,1.0,0.0,0.0,0.0,0.0
2025-01-22 20:35:00+00:00,2025-01-22,2025-01-22:1,True,0,15,True,0.027586206896551724,0.027586206896551724,-0.7796510520983141,True,0,0,2,True,-0.8716763756105302,25.0,455.0,1.0,0.0,0.0,0.0,0.0
2025-01-22 20:40:00+00:00,2025-01-22,2025-01-22:1,True,3,5,True,-0.20579710144927535,0.0431014577538065,-1.5633339198602432,True,0,0,2,True,-1.7478604581693562,20.0,460.0,0.0,0.0,0.0,1.0,0.0
2025-01-22 20:45:00+00:00,2025-01-22,2025-01-22:1,True,4,5,True,-0.3218390804597701,0.3218390804597701,1.16548091725796,True,1,0,2,True,0.8686981858217125,15.0,465.0,0.0,0.0,0.0,0.0,1.0
2025-01-22 20:50:00+00:00,2025-01-22,2025-01-22:1,True,0,5,True,-0.10231023102310231,0.10231023102310231,0.0,True,1,0,2,True,-0.8834156894837235,10.0,470.0,1.0,0.0,0.0,0.0,0.0
2025-01-22 20:55:00+00:00,2025-01-22,2025-01-22:1,True,3,5,True,-0.15333333333333332,0.10096914258030384,-0.41779924966110393,True,1,0,2,True,0.9342275231906345,5.0,475.0,0.0,0.0,0.0,1.0,0.0
2025-01-22 21:00:00+00:00,2025-01-22,2025-01-22:1,True,3,10,True,-0.08206686930091185,0.03498608632229631,-0.8525839454178057,True,0,1,3,True,-0.9532178292409464,0.0,480.0,0.0,0.0,0.0,1.0,0.0
2025-01-23 13:00:00+00:00,2025-01-23,2025-01-23:1,False,-1,0,False,,,,False,0,0,0,False,,480.0,0.0,,,,,
2025-01-23 13:05:00+00:00,2025-01-23,2025-01-23:1,False,-1,0,True,0.022857142857142857,,,False,0,0,0,False,,475.0,5.0,,,,,
2025-01-23 13:10:00+00:00,2025-01-23,2025-01-23:1,False,-1,0,True,-0.125,,,False,0,0,0,False,,470.0,10.0,,,,,
2025-01-23 13:15:00+00:00,2025-01-23,2025-01-23:1,False,-1,0,True,0.10843373493975904,,,False,0,0,0,False,,465.0,15.0,,,,,
2025-01-23 13:20:00+00:00,2025-01-23,2025-01-23:1,False,-1,0,True,0.04975124378109453,,,False,0,0,0,False,,460.0,20.0,,,,,
2025-01-23 13:25:00+00:00,2025-01-23,2025-01-23:1,False,-1,0,True,0.19865319865319866,,,False,0,0,0,False,,455.0,25.0,,,,,
2025-01-23 13:30:00+00:00,2025-01-23,2025-01-23:1,False,-1,0,True,0.5873015873015873,,,False,0,0,0,False,,450.0,30.0,,,,,
2025-01-23 13:35:00+00:00,2025-01-23,2025-01-23:1,False,-1,0,True,0.8805194805194805,,,False,0,0,0,False,,445.0,35.0,,,,,
2025-01-23 13:40:00+00:00,2025-01-23,2025-01-23:1,False,-1,0,True,0.8238095238095238,,,False,0,0,0,False,,440.0,40.0,,,,,
2025-01-23 13:45:00+00:00,2025-01-23,2025-01-23:1,False,-1,0,True,0.6566265060240963,,,False,0,0,0,False,,435.0,45.0,,,,,
2025-01-23 13:50:00+00:00,2025-01-23,2025-01-23:1,False,-1,0,True,0.3575757575757576,,,False,0,0,0,False,,430.0,50.0,,,,,
2025-01-23 13:55:00+00:00,2025-01-23,2025-01-23:1,False,-1,0,True,0.44891640866873067,,,False,0,0,0,False,,425.0,55.0,,,,,
2025-01-23 14:00:00+00:00,2025-01-23,2025-01-23:1,False,-1,0,True,0.3194029850746269,,,False,0,0,0,False,,420.0,60.0,,,,,
2025-01-23 14:05:00+00:00,2025-01-23,2025-01-23:1,True,0,5,True,0.571830985915493,0.1317492057481688,1.4679433096221053,True,0,0,0,False,,415.0,65.0,1.0,0.0,0.0,0.0,0.0
2025-01-23 14:10:00+00:00,2025-01-23,2025-01-23:1,True,1,5,True,0.6765498652291105,0.34109549984506027,0.6848436592352878,True,0,0,0,False,,410.0,70.0,0.0,1.0,0.0,0.0,0.0
2025-01-23 14:15:00+00:00,2025-01-23,2025-01-23:1,True,0,5,True,0.37777777777777777,0.37777777777777777,-1.3810633871262858,True,0,0,0,False,,405.0,75.0,1.0,0.0,0.0,0.0,0.0
2025-01-23 14:20:00+00:00,2025-01-23,2025-01-23:1,True,0,10,True,0.5306859205776173,0.5306859205776173,-0.5987995445716973,True,0,0,0,False,,400.0,80.0,1.0,0.0,0.0,0.0,0.0
2025-01-23 14:25:00+00:00,2025-01-23,2025-01-23:1,True,0,15,True,0.6411609498680739,0.6411609498680739,-1.298363376201173,True,0,0,0,False,,395.0,85.0,1.0,0.0,0.0,0.0,0.0
2025-01-23 14:30:00+00:00,2025-01-23,2025-01-23:1,True,0,20,True,0.6121212121212121,0.1264338406664524,1.5772111492509269,True,0,0,0,False,,390.0,90.0,1.0,0.0,0.0,0.0,0.0
2025-01-23 14:35:00+00:00,2025-01-23,2025-01-23:1,True,0,25,True,0.4,0.4,-0.12801909579770454,True,0,0,0,False,,385.0,95.0,1.0,0.0,0.0,0.0,0.0
2025-01-23 14:40:00+00:00,2025-01-23,2025-01-23:1,True,3,5,True,0.75,0.75,-1.0104001363182917,True,0,0,0,False,,380.0,100.0,0.0,0.0,0.0,1.0,0.0
2025-01-23 14:45:00+00:00,2025-01-23,2025-01-23:1,True,0,5,True,0.6075949367088608,0.25775392064347796,0.8575031036097015,True,0,0,0,False,,375.0,105.0,1.0,0.0,0.0,0.0,0.0
2025-01-23 14:50:00+00:00,2025-01-23,2025-01-23:1,True,0,10,True,0.48589341692789967,0.33292553731628977,0.37807043980370425,True,0,0,0,False,,370.0,110.0,1.0,0.0,0.0,0.0,0.0
2025-01-23 14:55:00+00:00,2025-01-23,2025-01-23:1,True,2,5,True,0.24183006535947713,0.24183006535947713,0.0,True,0,0,0,False,,365.0,115.0,0.0,0.0,1.0,0.0,0.0
2025-01-23 15:00:00+00:00,2025-01-23,2025-01-23:1,True,0,5,True,0.2852664576802508,0.2852664576802508,-0.5014017502256463,True,0,0,0,False,,360.0,120.0,1.0,0.0,0.0,0.0,0.0
2025-01-23 15:05:00+00:00,2025-01-23,2025-01-23:1,True,0,10,True,0.6776315789473685,0.40862092812832085,0.5058158461836901,True,0,0,0,True,-0.49601730691256013,355.0,125.0,1.0,0.0,0.0,0.0,0.0
2025-01-23 15:10:00+00:00,2025-01-23,2025-01-23:1,True,0,15,True,0.6590909090909091,0.5019389831814834,0.2723829101933545,True,0,0,0,True,0.0,350.0,130.0,1.0,0.0,0.0,0.0,0.0
2025-01-23 15:15:00+00:00,2025-01-23,2025-01-23:1,True,1,5,True,0.6892655367231638,0.08273151612858258,2.120025971882537,True,0,0,0,True,1.3544349106277995,345.0,135.0,0.0,1.0,0.0,0.0,0.0
2025-01-23 15:20:00+00:00,2025-01-23,2025-01-23:1,True,2,5,True,0.6293929712460063,0.6293929712460063,0.0,True,0,0,0,True,0.0,340.0,140.0,0.0,0.0,1.0,0.0,0.0
2025-01-23 15:25:00+00:00,2025-01-23,2025-01-23:1,True,1,5,True,0.6544502617801047,0.4598157873506729,0.3529696412422465,True,0,0,0,True,0.7892641118113765,335.0,145.0,0.0,1.0,0.0,0.0,0.0
2025-01-23 15:30:00+00:00,2025-01-23,2025-01-23:1,True,1,10,True,0.3080568720379147,0.06038495766197389,1.629544386809435,True,0,0,0,True,1.8218860106295545,330.0,150.0,0.0,1.0,0.0,0.0,0.0
2025-01-23 15:35:00+00:00,2025-01-23,2025-01-23:1,True,2,5,True,0.19850187265917604,0.19850187265917604,-0.40558370438733726,True,0,0,0,True,-0.9069127335762659,325.0,155.0,0.0,0.0,1.0,0.0,0.0
2025-01-23 15:40:00+00:00,2025-01-23,2025-01-23:1,True,2,10,True,-0.061224489795918366,0.02552838482510793,-0.8747563060491286,True,0,0,0,True,0.9780072820390107,320.0,160.0,0.0,0.0,1.0,0.0,0.0
2025-01-23 15:45:00+00:00,2025-01-23,2025-01-23:1,True,0,5,True,-0.45806451612903226,0.45806451612903226,0.4729845171080487,True,0,0,0,True,0.03068079240165154,315.0,165.0,1.0,0.0,0.0,0.0,0.0
2025-01-23 15:50:00+00:00,2025-01-23,2025-01-23:1,True,0,10,True,-0.37254901960784315,0.09397745191224274,-1.3773137452024566,True,0,0,0,True,-2.053178107079318,310.0,170.0,1.0,0.0,0.0,0.0,0.0
2025-01-23 15:55:00+00:00,2025-01-23,2025-01-23:1,True,0,15,True,-0.4163934426229508,0.4163934426229508,1.3533516887088604,True,0,0,0,True,0.0,305.0,175.0,1.0,0.0,0.0,0.0,0.0
2025-01-23 16:00:00+00:00,2025-01-23,2025-01-23:1,True,0,20,True,-0.3210332103321033,0.20157530213676134,-0.46538155730693165,True,0,0,0,True,0.009569248757405247,300.0,180.0,1.0,0.0,0.0,0.0,0.0
2025-01-23 16:05:00+00:00,2025-01-23,2025-01-23:1,True,0,25,True,-0.3821138211382114,0.3821138211382114,0.0,True,0,0,0,True,-2.068730974377276,295.0,185.0,1.0,0.0,0.0,0.0,0.0
2025-01-23 16:10:00+00:00,2025-01-23,2025-01-23:1,True,0,30,True,-0.40897097625329815,0.40897097625329815,0.9101166804518814,True,0,0,0,True,0.0,290.0,190.0,1.0,0.0,0.0,0.0,0.0
2025-01-23 16:15:00+00:00,2025-01-23,2025-01-23:1,True,0,35,True,-0.2983606557377049,0.04666569301199392,-1.8552937391967395,True,0,0,0,True,-0.1771028656212138,285.0,195.0,1.0,0.0,0.0,0.0,0.0
2025-01-23 16:20:00+00:00,2025-01-23,2025-01-23:1,True,0,40,True,-0.05714285714285714,0.05714285714285714,0.9533401856778222,True,0,0,0,True,0.0,280.0,200.0,1.0,0.0,0.0,0.0,0.0
2025-01-23 16:25:00+00:00,2025-01-23,2025-01-23:1,True,0,45,True,-0.06925207756232687,0.042994966584946524,-0.4766700928395363,True,0,0,0,True,-1.065866730430339,275.0,205.0,1.0,0.0,0.0,0.0,0.0
2025-01-23 16:30:00+00:00,2025-01-23,2025-01-23:1,True,0,50,True,-0.48717948717948717,0.30246407775032114,-0.47667009283812933,True,0,0,0,True,-1.065866730427193,270.0,210.0,1.0,0.0,0.0,0.0,0.0
2025-01-23 16:35:00+00:00,2025-01-23,2025-01-23:1,True,3,5,True,-0.599009900990099,0.09062171232464933,-1.8885842924578626,True,0,0,0,True,-1.055750714792781,265.0,215.0,0.0,0.0,0.0,1.0,0.0
2025-01-23 16:40:00+00:00,2025-01-23,2025-01-23:1,True,3,10,True,-0.3217391304347826,0.1981116854643162,-0.4849101235935359,True,0,0,0,True,1.0842919993360527,260.0,220.0,0.0,0.0,0.0,1.0,0.0
2025-01-23 16:45:00+00:00,2025-01-23,2025-01-23:1,True,3,15,True,-0.4269005847953216,0.17174914097351174,-0.9105162341477474,True,0,0,0,True,0.0,255.0,225.0,0.0,0.0,0.0,1.0,0.0
2025-01-23 16:50:00+00:00,2025-01-23,2025-01-23:1,True,3,20,True,-0.43234323432343236,0.17309966077594838,-0.91535229419357,True,0,0,0,True,-0.3510476604120256,250.0,230.0,0.0,0.0,0.0,1.0,0.0
2025-01-23 16:55:00+00:00,2025-01-23,2025-01-23:1,True,3,25,True,-0.6730245231607629,0.10239330784875667,-1.882960410125225,True,0,0,0,True,-0.3310825452029454,245.0,235.0,0.0,0.0,0.0,1.0,0.0
2025-01-23 17:00:00+00:00,2025-01-23,2025-01-23:1,True,4,5,True,-0.4810126582278481,0.382138846220237,-0.2301095718940668,True,0,0,0,True,-1.0290812900570168,240.0,240.0,0.0,0.0,0.0,0.0,1.0
2025-01-23 17:05:00+00:00,2025-01-23,2025-01-23:1,True,3,5,True,-0.5775401069518716,0.025445538879717074,-3.122237451218799,True,0,0,0,True,-0.9973621689760368,235.0,245.0,0.0,0.0,0.0,1.0,0.0
2025-01-23 17:10:00+00:00,2025-01-23,2025-01-23:1,True,4,5,True,-0.656084656084656,0.656084656084656,0.22411384329488881,True,1,0,0,True,1.1933688943569793,230.0,250.0,0.0,0.0,0.0,0.0,1.0
2025-01-23 17:15:00+00:00,2025-01-23,2025-01-23:1,True,3,5,True,-0.7204301075268817,0.07174516497762856,-2.3067279399221063,True,0,1,1,True,-1.4067274034354829,225.0,255.0,0.0,0.0,0.0,1.0,0.0
2025-01-23 17:20:00+00:00,2025-01-23,2025-01-23:1,True,4,5,True,-0.8181818181818182,0.663879870109675,-0.20898336892080546,True,0,0,1,True,-1.4019030572215139,220.0,260.0,0.0,0.0,0.0,0.0,1.0
2025-01-23 17:25:00+00:00,2025-01-23,2025-01-23:1,True,4,10,True,-0.4905149051490515,0.4905149051490515,0.5992556248184441,True,1,0,1,True,-0.12462288806909362,215.0,265.0,0.0,0.0,0.0,0.0,1.0
2025-01-23 17:30:00+00:00,2025-01-23,2025-01-23:1,True,4,15,True,-0.35365853658536583,0.35365853658536583,0.7607993128956498,True,1,0,1,True,0.0,210.0,270.0,0.0,0.0,0.0,0.0,1.0
2025-01-23 17:35:00+00:00,2025-01-23,2025-01-23:1,True,0,5,True,-0.6125356125356125,0.41550123424216057,-0.38812149885426167,True,1,0,1,True,-0.4339330274836179,205.0,275.0,1.0,0.0,0.0,0.0,0.0
2025-01-23 17:40:00+00:00,2025-01-23,2025-01-23:1,True,3,5,True,-0.216,0.01979717889244141,-2.3897389603146673,True,0,1,2,True,0.0,200.0,280.0,0.0,0.0,0.0,1.0,0.0
2025-01-23 17:45:00+00:00,2025-01-23,2025-01-23:1,True,0,5,True,-0.49743589743589745,0.49743589743589745,1.025186912639273,True,0,0,2,True,1.7275096748055887,195.0,285.0,1.0,0.0,0.0,0.0,0.0
2025-01-23 17:50:00+00:00,2025-01-23,2025-01-23:1,True,1,5,True,-0.31444759206798867,0.31444759206798867,2.80808214950276,True,0,0,2,True,2.093020857563966,190.0,290.0,0.0,1.0,0.0,0.0,0.0
2025-01-23 17:55:00+00:00,2025-01-23,2025-01-23:1,True,1,10,True,-0.22929936305732485,0.22929936305732485,0.30444264082270955,True,0,0,2,True,0.33555783612521856,185.0,295.0,0.0,1.0,0.0,0.0,0.0
2025-01-23 18:00:00+00:00,2025-01-23,2025-01-23:1,True,1,15,True,-0.005291005291005291,0.005291005291005291,0.7490800850900682,True,0,0,2,True,0.17235195997017094,180.0,300.0,0.0,1.0,0.0,0.0,0.0
2025-01-23 18:05:00+00:00,2025-01-23,2025-01-23:1,True,1,20,True,0.2930513595166163,0.07431489113115393,1.3720365314732963,True,0,0,2,True,1.168547869185127,175.0,305.0,0.0,1.0,0.0,0.0,0.0
2025-01-23 18:10:00+00:00,2025-01-23,2025-01-23:1,True,1,25,True,0.06299212598425197,0.0081973312736813,2.0392010873340705,True,0,0,2,True,0.9748954807166685,170.0,310.0,0.0,1.0,0.0,0.0,0.0
2025-01-23 18:15:00+00:00,2025-01-23,2025-01-23:1,True,2,5,True,-0.3423728813559322,0.3423728813559322,0.5764435045175258,True,0,0,2,True,-0.15889449841761935,165.0,315.0,0.0,0.0,1.0,0.0,0.0
2025-01-23 18:20:00+00:00,2025-01-23,2025-01-23:1,True,1,5,True,-0.2682926829268293,0.2682926829268293,0.5516815192272947,True,0,0,2,True,-0.49387637450433647,160.0,320.0,0.0,1.0,0.0,0.0,0.0
2025-01-23 18:25:00+00:00,2025-01-23,2025-01-23:1,True,2,5,True,-0.2922077922077922,0.22109831841464256,-0.2788576840464454,True,0,0,2,True,0.6235447375777827,155.0,325.0,0.0,0.0,1.0,0.0,0.0
2025-01-23 18:30:00+00:00,2025-01-23,2025-01-23:1,True,1,5,True,-0.210727969348659,0.210727969348659,1.6246852986967162,True,0,0,2,True,0.5034466897149913,150.0,330.0,0.0,1.0,0.0,0.0,0.0
2025-01-23 18:35:00+00:00,2025-01-23,2025-01-23:1,True,2,5,True,-0.2971246006389776,0.05121153212820568,-1.758186838032778,True,0,0,2,True,-0.9740537350178847,145.0,335.0,0.0,0.0,1.0,0.0,0.0
2025-01-23 18:40:00+00:00,2025-01-23,2025-01-23:1,True,0,5,True,-0.14285714285714285,0.14285714285714285,0.5555458683648747,True,0,0,2,True,-0.12168368636082086,140.0,340.0,1.0,0.0,0.0,0.0,0.0
2025-01-23 18:45:00+00:00,2025-01-23,2025-01-23:1,True,0,10,True,-0.20270270270270271,0.05848102750338335,-1.243038001425714,True,0,0,2,True,-0.6176705488448048,135.0,345.0,1.0,0.0,0.0,0.0,0.0
2025-01-23 18:50:00+00:00,2025-01-23,2025-01-23:1,True,0,15,True,-0.032467532467532464,0.024473073951473207,-0.282667098208731,True,0,0,2,True,-1.2863864757782544,130.0,350.0,1.0,0.0,0.0,0.0,0.0
2025-01-23 18:55:00+00:00,2025-01-23,2025-01-23:1,True,0,20,True,0.025936599423631124,0.025936599423631124,-0.29006546160092656,True,0,0,2,True,-0.2013575392650914,125.0,355.0,1.0,0.0,0.0,0.0,0.0
2025-01-23 19:00:00+00:00,2025-01-23,2025-01-23:1,True,3,5,True,0.5523255813953488,0.5523255813953488,-1.166516859900196,True,0,0,2,True,-0.652102748908646,120.0,360.0,0.0,0.0,0.0,1.0,0.0
2025-01-23 19:05:00+00:00,2025-01-23,2025-01-23:1,True,3,10,True,0.2155688622754491,0.2155688622754491,-0.2927921770942623,True,0,0,2,True,-0.8963698932528961,115.0,365.0,0.0,0.0,0.0,1.0,0.0
2025-01-23 19:10:00+00:00,2025-01-23,2025-01-23:1,True,4,5,True,0.07746478873239436,0.07746478873239436,-0.3016857125994058,True,0,0,2,True,-0.09640369518665393,110.0,370.0,0.0,0.0,0.0,0.0,1.0
2025-01-23 19:15:00+00:00,2025-01-23,2025-01-23:1,True,3,5,True,0.3310810810810811,0.3310810810810811,-0.6395059286456192,True,0,0,2,True,-2.144968092700634,105.0,375.0,0.0,0.0,0.0,1.0,0.0
2025-01-23 19:20:00+00:00,2025-01-23,2025-01-23:1,True,3,10,True,0.13286713286713286,0.13286713286713286,-1.0050003770525877,True,0,0,2,True,0.48087130441590265,100.0,380.0,0.0,0.0,0.0,1.0,0.0
2025-01-23 19:25:00+00:00,2025-01-23,2025-01-23:1,True,4,5,True,-0.013986013986013986,0.013986013986013986,0.33725288376902635,True,1,0,2,True,0.0,95.0,385.0,0.0,0.0,0.0,0.0,1.0
2025-01-23 19:30:00+00:00,2025-01-23,2025-01-23:1,True,3,5,True,-0.3268608414239482,0.22431224956436943,-0.37649546647709664,True,1,0,2,True,1.0945198098199818,90.0,390.0,0.0,0.0,0.0,1.0,0.0
2025-01-23 19:35:00+00:00,2025-01-23,2025-01-23:1,True,4,5,True,0.18888888888888888,0.18888888888888888,0.0,True,1,0,2,True,0.6341210736889404,85.0,395.0,0.0,0.0,0.0,0.0,1.0
2025-01-23 19:40:00+00:00,2025-01-23,2025-01-23:1,True,4,10,True,0.07462686567164178,0.07462686567164178,0.0,True,1,0,2,True,0.44059223538164943,80.0,400.0,0.0,0.0,0.0,0.0,1.0
2025-01-23 19:45:00+00:00,2025-01-23,2025-01-23:1,True,0,5,True,-0.1394658753709199,0.1394658753709199,1.1768246779097722,True,1,0,2,True,1.7543066516041126,75.0,405.0,1.0,0.0,0.0,0.0,0.0
2025-01-23 19:50:00+00:00,2025-01-23,2025-01-23:1,True,1,5,True,0.08661417322834646,0.03328935581385439,0.9562257646625415,True,0,0,2,True,-2.8509144154965496,70.0,410.0,0.0,1.0,0.0,0.0,0.0
2025-01-23 19:55:00+00:00,2025-01-23,2025-01-23:1,True,0,5,True,-0.13864306784660768,0.13864306784660768,0.0,True,0,0,2,True,0.8498291697176112,65.0,415.0,1.0,0.0,0.0,0.0,0.0
2025-01-23 20:00:00+00:00,2025-01-23,2025-01-23:1,True,1,5,True,0.2079207920792079,0.046983033482933825,1.4873706530515298,True,0,0,2,True,1.0735164949666336,60.0,420.0,0.0,1.0,0.0,0.0,0.0
2025-01-23 20:05:00+00:00,2025-01-23,2025-01-23:1,True,2,5,True,-0.3161290322580645,0.3161290322580645,0.23815598084971193,True,0,0,2,True,-1.336585130515821,55.0,425.0,0.0,0.0,1.0,0.0,0.0
2025-01-23 20:10:00+00:00,2025-01-23,2025-01-23:1,True,2,10,True,0.009287925696594427,0.009287925696594427,-0.543415330932424,True,0,0,2,True,-1.5585778498683787,50.0,430.0,0.0,0.0,1.0,0.0,0.0
2025-01-23 20:15:00+00:00,2025-01-23,2025-01-23:1,True,0,5,True,0.23478260869565218,0.23478260869565218,0.0,True,0,0,2,True,0.45194940594713384,45.0,435.0,1.0,0.0,0.0,0.0,0.0
2025-01-23 20:20:00+00:00,2025-01-23,2025-01-23:1,True,0,10,True,-0.1168091168091168,0.015091144195600419,-2.0464330275572276,True,0,0,2,True,-1.3074181031480119,40.0,440.0,1.0,0.0,0.0,0.0,0.0
2025-01-23 20:25:00+00:00,2025-01-23,2025-01-23:1,True,0,15,True,0.03355704697986577,0.03355704697986577,-0.18762076445515852,True,0,0,2,True,-0.41953278331221083,35.0,445.0,1.0,0.0,0.0,0.0,0.0
2025-01-23 20:30:00+00:00,2025-01-23,2025-01-23:1,True,4,5,True,-0.5714285714285714,0.5714285714285714,0.18705430478690213,True,1,0,2,True,0.41826614098747755,30.0,450.0,0.0,0.0,0.0,0.0,1.0
2025-01-23 20:35:00+00:00,2025-01-23,2025-01-23:1,True,3,5,True,-0.1601423487544484,0.1211740519678316,-0.2788351413792621,True,1,0,2,True,-0.7412587179133938,25.0,455.0,0.0,0.0,0.0,1.0,0.0
2025-01-23 20:40:00+00:00,2025-01-23,2025-01-23:1,True,4,5,True,-0.09696969696969697,0.09696969696969697,0.27318846105439,True,1,0,2,True,0.20362265652872333,20.0,460.0,0.0,0.0,0.0,0.0,1.0
2025-01-23 20:45:00+00:00,2025-01-23,2025-01-23:1,True,4,10,True,0.03728813559322034,0.03728813559322034,0.0,True,1,0,2,True,-0.40136514904427334,15.0,465.0,0.0,0.0,0.0,0.0,1.0
2025-01-23 20:50:00+00:00,2025-01-23,2025-01-23:1,True,0,5,True,-0.0763888888888889,0.03588443426284401,-0.7555336367290634,True,0,1,3,True,0.3433751128839153,10.0,470.0,1.0,0.0,0.0,0.0,0.0
2025-01-23 20:55:00+00:00,2025-01-23,2025-01-23:1,True,3,5,True,0.12345679012345678,0.12345679012345678,-1.6255553225849355,True,0,0,3,True,-2.2511226503985093,5.0,475.0,0.0,0.0,0.0,1.0,0.0
2025-01-23 21:00:00+00:00,2025-01-23,2025-01-23:1,True,3,10,True,-0.4382716049382716,0.21259787274650208,-0.7234363608293193,True,0,0,3,True,0.7303241233474116,0.0,480.0,0.0,0.0,0.0,1.0,0.0
2025-01-24 13:00:00+00:00,2025-01-24,2025-01-24:1,False,-1,0,False,,,,False,0,0,0,False,,480.0,0.0,,,,,
2025-01-24 13:05:00+00:00,2025-01-24,2025-01-24:1,False,-1,0,True,0.15223880597014924,,,False,0,0,0,False,,475.0,5.0,,,,,
2025-01-24 13:10:00+00:00,2025-01-24,2025-01-24:1,False,-1,0,True,0.029411764705882353,,,False,0,0,0,False,,470.0,10.0,,,,,
2025-01-24 13:15:00+00:00,2025-01-24,2025-01-24:1,False,-1,0,True,0.18559556786703602,,,False,0,0,0,False,,465.0,15.0,,,,,
2025-01-24 13:20:00+00:00,2025-01-24,2025-01-24:1,False,-1,0,True,0.38303341902313626,,,False,0,0,0,False,,460.0,20.0,,,,,
2025-01-24 13:25:00+00:00,2025-01-24,2025-01-24:1,False,-1,0,True,0.2899022801302932,,,False,0,0,0,False,,455.0,25.0,,,,,
2025-01-24 13:30:00+00:00,2025-01-24,2025-01-24:1,False,-1,0,True,-0.3765586034912718,,,False,0,0,0,False,,450.0,30.0,,,,,
2025-01-24 13:35:00+00:00,2025-01-24,2025-01-24:1,False,-1,0,True,-0.9716713881019831,,,False,0,0,0,False,,445.0,35.0,,,,,
2025-01-24 13:40:00+00:00,2025-01-24,2025-01-24:1,False,-1,0,True,-0.9672897196261683,,,False,0,0,0,False,,440.0,40.0,,,,,
2025-01-24 13:45:00+00:00,2025-01-24,2025-01-24:1,False,-1,0,True,-0.964824120603015,,,False,0,0,0,False,,435.0,45.0,,,,,
2025-01-24 13:50:00+00:00,2025-01-24,2025-01-24:1,False,-1,0,True,-0.912568306010929,,,False,0,0,0,False,,430.0,50.0,,,,,
2025-01-24 13:55:00+00:00,2025-01-24,2025-01-24:1,False,-1,0,True,-0.9124087591240876,,,False,0,0,0,False,,425.0,55.0,,,,,
2025-01-24 14:00:00+00:00,2025-01-24,2025-01-24:1,False,-1,0,True,-0.8849557522123894,,,False,0,0,0,False,,420.0,60.0,,,,,
2025-01-24 14:05:00+00:00,2025-01-24,2025-01-24:1,True,3,5,True,-0.8938053097345132,0.23195040926693042,-1.3489643814529912,True,0,0,0,False,,415.0,65.0,0.0,0.0,0.0,1.0,0.0
2025-01-24 14:10:00+00:00,2025-01-24,2025-01-24:1,True,3,10,True,-0.8394160583941606,0.29136001628005254,-1.0581468096618931,True,0,0,0,False,,410.0,70.0,0.0,0.0,0.0,1.0,0.0
2025-01-24 14:15:00+00:00,2025-01-24,2025-01-24:1,True,4,5,True,-0.8590909090909091,0.8590909090909091,0.3014726371714669,True,1,0,0,False,,405.0,75.0,0.0,0.0,0.0,0.0,1.0
2025-01-24 14:20:00+00:00,2025-01-24,2025-01-24:1,True,3,5,True,-0.9439252336448598,0.1461755420515799,-1.8652387190693824,True,0,1,1,False,,400.0,80.0,0.0,0.0,0.0,1.0,0.0
2025-01-24 14:25:00+00:00,2025-01-24,2025-01-24:1,True,4,5,True,-0.8907363420427553,0.6568208818596939,-0.304637120306508,True,0,0,1,False,,395.0,85.0,0.0,0.0,0.0,0.0,1.0
2025-01-24 14:30:00+00:00,2025-01-24,2025-01-24:1,True,3,5,True,-0.8383371824480369,0.18331772315681114,-1.5201995457286468,True,0,0,1,False,,390.0,90.0,0.0,0.0,0.0,1.0,0.0
2025-01-24 14:35:00+00:00,2025-01-24,2025-01-24:1,True,4,5,True,-0.6702127659574468,0.6702127659574468,0.40343353937086607,True,1,0,1,False,,385.0,95.0,0.0,0.0,0.0,0.0,1.0
2025-01-24 14:40:00+00:00,2025-01-24,2025-01-24:1,True,4,10,True,-0.7505668934240363,0.7505668934240363,0.8206606775529243,True,1,0,1,False,,380.0,100.0,0.0,0.0,0.0,0.0,1.0
2025-01-24 14:45:00+00:00,2025-01-24,2025-01-24:1,True,3,5,True,-0.5664739884393064,0.25276781120624786,-0.8069598380784737,True,0,1,2,False,,375.0,105.0,0.0,0.0,0.0,1.0,0.0
2025-01-24 14:50:00+00:00,2025-01-24,2025-01-24:1,True,4,5,True,-0.6445783132530121,0.6445783132530121,0.0,True,0,0,2,False,,370.0,110.0,0.0,0.0,0.0,0.0,1.0
2025-01-24 14:55:00+00:00,2025-01-24,2025-01-24:1,True,0,5,True,-0.43376623376623374,0.43376623376623374,0.3891995010340492,True,0,0,2,False,,365.0,115.0,1.0,0.0,0.0,0.0,0.0
2025-01-24 15:00:00+00:00,2025-01-24,2025-01-24:1,True,0,10,True,-0.0830945558739255,0.05697128867662972,-0.3774317532623853,True,0,0,2,False,,360.0,120.0,1.0,0.0,0.0,0.0,0.0
2025-01-24 15:05:00+00:00,2025-01-24,2025-01-24:1,True,0,15,True,-0.2807017543859649,0.2807017543859649,0.0,True,0,0,2,True,0.7992240209724039,355.0,125.0,1.0,0.0,0.0,0.0,0.0
2025-01-24 15:10:00+00:00,2025-01-24,2025-01-24:1,True,0,20,True,-0.09657320872274143,0.06602463836090985,-0.38027337947448875,True,0,0,2,True,0.8503171265385301,350.0,130.0,1.0,0.0,0.0,0.0,0.0
2025-01-24 15:15:00+00:00,2025-01-24,2025-01-24:1,True,0,25,True,0.059602649006622516,0.013420106026562378,1.490945987353075,True,0,0,2,True,0.8334641446249123,345.0,135.0,1.0,0.0,0.0,0.0,0.0
2025-01-24 15:20:00+00:00,2025-01-24,2025-01-24:1,True,1,5,True,-0.07142857142857142,0.07142857142857142,0.7499007082807734,True,0,0,2,True,0.78331245016166,340.0,140.0,0.0,1.0,0.0,0.0,0.0
2025-01-24 15:25:00+00:00,2025-01-24,2025-01-24:1,True,1,10,True,-0.27946127946127947,0.27946127946127947,0.7684348226955309,True,0,0,2,True,1.7182724998252055,335.0,145.0,0.0,1.0,0.0,0.0,0.0
2025-01-24 15:30:00+00:00,2025-01-24,2025-01-24:1,True,1,15,True,-0.6544502617801047,0.6544502617801047,11.041467516320743,True,0,0,2,True,24.68947193784895,330.0,150.0,0.0,1.0,0.0,0.0,0.0
2025-01-24 15:35:00+00:00,2025-01-24,2025-01-24:1,True,2,5,True,-0.9782135076252724,0.554074830980104,-0.568428205066923,True,0,0,2,True,0.0,325.0,155.0,0.0,0.0,1.0,0.0,0.0
2025-01-24 15:40:00+00:00,2025-01-24,2025-01-24:1,True,2,10,True,-0.9734748010610079,0.4415952160662365,-0.7904782778678316,True,0,0,2,True,0.0,320.0,160.0,0.0,0.0,1.0,0.0,0.0
2025-01-24 15:45:00+00:00,2025-01-24,2025-01-24:1,True,0,5,True,-0.9736842105263158,0.31675395601270856,-1.1229617233916882,True,0,0,2,True,-0.33289106465168555,315.0,165.0,1.0,0.0,0.0,0.0,0.0
2025-01-24 15:50:00+00:00,2025-01-24,2025-01-24:1,True,0,10,True,-0.9699812382739212,0.6552783536408462,-0.39221661657193185,True,0,0,2,True,0.37586700709645104,310.0,170.0,1.0,0.0,0.0,0.0,0.0
2025-01-24 15:55:00+00:00,2025-01-24,2025-01-24:1,True,0,15,True,-0.9744245524296675,0.4236861105541544,-0.8328542183496035,True,0,0,2,True,-0.6415766797771273,305.0,175.0,1.0,0.0,0.0,0.0,0.0
2025-01-24 16:00:00+00:00,2025-01-24,2025-01-24:1,True,3,5,True,-0.9728506787330317,0.5586109473381021,-0.5547773544604342,True,0,0,2,True,-0.35990635982635977,300.0,180.0,0.0,0.0,0.0,1.0,0.0
2025-01-24 16:05:00+00:00,2025-01-24,2025-01-24:1,True,3,10,True,-0.9247311827956989,0.66350470946597,-0.33196713042126996,True,0,0,2,True,0.4948673799452331,295.0,185.0,0.0,0.0,0.0,1.0,0.0
2025-01-24 16:10:00+00:00,2025-01-24,2025-01-24:1,True,3,15,True,-0.963302752293578,0.5552239312244095,-0.5509962348565006,True,0,0,2,True,-0.12085942479057622,290.0,190.0,0.0,0.0,0.0,1.0,0.0
2025-01-24 16:15:00+00:00,2025-01-24,2025-01-24:1,True,4,5,True,-0.9569377990430622,0.857307147824188,-0.10994214031575066,True,0,0,2,True,0.24583809933853737,285.0,195.0,0.0,0.0,0.0,0.0,1.0
2025-01-24 16:20:00+00:00,2025-01-24,2025-01-24:1,True,4,10,True,-0.9310344827586207,0.9310344827586207,0.0,True,0,0,2,True,-0.24477271840618595,280.0,200.0,0.0,0.0,0.0,0.0,1.0
2025-01-24 16:25:00+00:00,2025-01-24,2025-01-24:1,True,3,5,True,-0.9504132231404959,0.5853356471047998,-0.4847114233169785,True,0,0,2,True,-0.11729984909898909,275.0,205.0,0.0,0.0,0.0,1.0,0.0
2025-01-24 16:30:00+00:00,2025-01-24,2025-01-24:1,True,3,10,True,-0.8446601941747572,0.5513432061198842,-0.4265769155420621,True,0,0,2,True,-0.5252444765426827,270.0,210.0,0.0,0.0,0.0,1.0,0.0
2025-01-24 16:35:00+00:00,2025-01-24,2025-01-24:1,True,3,15,True,-0.8118279569892473,0.09334096796954792,-2.1630293312544033,True,0,0,2,True,-1.342161335740072,265.0,215.0,0.0,0.0,0.0,1.0,0.0
2025-01-24 16:40:00+00:00,2025-01-24,2025-01-24:1,True,3,20,True,-0.8609625668449198,0.5033418696495879,-0.5367814265462472,True,0,0,2,True,-0.15140137478723267,260.0,220.0,0.0,0.0,0.0,1.0,0.0
2025-01-24 16:45:00+00:00,2025-01-24,2025-01-24:1,True,4,5,True,-0.8899521531100478,0.778798436639322,-0.13341543463136182,True,0,0,2,True,0.4177368619135229,255.0,225.0,0.0,0.0,0.0,0.0,1.0
2025-01-24 16:50:00+00:00,2025-01-24,2025-01-24:1,True,4,10,True,-0.7547169811320755,0.5054790316186242,-0.4008362624212636,True,0,0,2,True,-0.1657301364249301,250.0,230.0,0.0,0.0,0.0,0.0,1.0
2025-01-24 16:55:00+00:00,2025-01-24,2025-01-24:1,True,3,5,True,-0.9230769230769231,0.1825662392157806,-1.6205995095311272,True,0,0,2,True,-1.8118853338072094,245.0,235.0,0.0,0.0,0.0,1.0,0.0
2025-01-24 17:00:00+00:00,2025-01-24,2025-01-24:1,True,3,10,True,-0.8324324324324325,0.2842671089379682,-1.0744377357427417,True,0,0,2,True,-0.9402747817895384,240.0,240.0,0.0,0.0,0.0,1.0,0.0
2025-01-24 17:05:00+00:00,2025-01-24,2025-01-24:1,True,3,15,True,-0.847255369928401,0.29146895435688397,-1.067068651480585,True,0,0,2,True,-0.16150447181253752,235.0,245.0,0.0,0.0,0.0,1.0,0.0
2025-01-24 17:10:00+00:00,2025-01-24,2025-01-24:1,True,4,5,True,-0.844097995545657,0.844097995545657,0.0,True,0,0,2,True,0.753985478670691,230.0,250.0,0.0,0.0,0.0,0.0,1.0
2025-01-24 17:15:00+00:00,2025-01-24,2025-01-24:1,True,3,5,True,-0.8116343490304709,0.4703258638385564,-0.5456241478864883,True,0,0,2,True,0.6100263424189261,225.0,255.0,0.0,0.0,0.0,1.0,0.0
2025-01-24 17:20:00+00:00,2025-01-24,2025-01-24:1,True,4,5,True,-0.7978142076502732,0.7978142076502732,0.0,True,0,0,2,True,-0.4961973518273571,220.0,260.0,0.0,0.0,0.0,0.0,1.0
2025-01-24 17:25:00+00:00,2025-01-24,2025-01-24:1,True,4,10,True,-0.8645833333333334,0.7415744939834849,-0.15347207487686704,True,0,0,2,True,-0.6863479841452247,215.0,265.0,0.0,0.0,0.0,0.0,1.0
2025-01-24 17:30:00+00:00,2025-01-24,2025-01-24:1,True,4,15,True,-0.7210526315789474,0.7210526315789474,0.34481397756102494,True,1,0,2,True,0.0,210.0,270.0,0.0,0.0,0.0,0.0,1.0
2025-01-24 17:35:00+00:00,2025-01-24,2025-01-24:1,True,3,5,True,-0.654054054054054,0.1597786459448176,-1.40940060497989,True,0,1,3,True,0.0,205.0,275.0,0.0,0.0,0.0,1.0,0.0
2025-01-24 17:40:00+00:00,2025-01-24,2025-01-24:1,True,3,10,True,-0.46798029556650245,0.05403161570115339,-2.158856840353506,True,0,0,3,True,-0.804558441452713,200.0,280.0,0.0,0.0,0.0,1.0,0.0
2025-01-24 17:45:00+00:00,2025-01-24,2025-01-24:1,True,3,15,True,-0.7,0.07723605938297438,-2.2042138966124267,True,0,0,3,True,-0.8214620182950684,195.0,285.0,0.0,0.0,0.0,1.0,0.0
2025-01-24 17:50:00+00:00,2025-01-24,2025-01-24:1,True,3,20,True,-0.52,0.3059305826958527,-0.5304705892934604,True,0,0,3,True,-0.7907788651504489,190.0,290.0,0.0,0.0,0.0,1.0,0.0
2025-01-24 17:55:00+00:00,2025-01-24,2025-01-24:1,True,4,5,True,-0.6777493606138107,0.6777493606138107,1.2358287613073076,True,1,0,3,True,0.0849167189265714,185.0,295.0,0.0,0.0,0.0,0.0,1.0
2025-01-24 18:00:00+00:00,2025-01-24,2025-01-24:1,True,4,10,True,-0.5700483091787439,0.5700483091787439,0.7229313645044653,True,1,0,3,True,0.12105172600981487,180.0,300.0,0.0,0.0,0.0,0.0,1.0
2025-01-24 18:05:00+00:00,2025-01-24,2025-01-24:1,True,3,5,True,-0.9755501222493888,0.03350034599891069,-3.3714457727258225,True,0,1,4,True,-0.7940659585813337,175.0,305.0,0.0,0.0,0.0,1.0,0.0
2025-01-24 18:10:00+00:00,2025-01-24,2025-01-24:1,True,3,10,True,-0.973753280839895,0.07856426332131672,-2.5172410355424346,True,0,0,4,True,0.4373428278980054,170.0,310.0,0.0,0.0,0.0,1.0,0.0
2025-01-24 18:15:00+00:00,2025-01-24,2025-01-24:1,True,3,15,True,-0.9706744868035191,0.09347084785844131,-2.3403415770071576,True,0,0,4,True,0.3410414068383509,165.0,315.0,0.0,0.0,0.0,1.0,0.0
2025-01-24 18:20:00+00:00,2025-01-24,2025-01-24:1,True,3,20,True,-0.963302752293578,0.2812605819599529,-1.2310861693531807,True,0,0,4,True,-1.1011169443327862,160.0,320.0,0.0,0.0,0.0,1.0,0.0
2025-01-24 18:25:00+00:00,2025-01-24,2025-01-24:1,True,3,25,True,-0.9545454545454546,0.21016307472081394,-1.5133514876962542,True,0,0,4,True,-0.5547934989785792,155.0,325.0,0.0,0.0,0.0,1.0,0.0
2025-01-24 18:30:00+00:00,2025-01-24,2025-01-24:1,True,4,5,True,-0.9551122194513716,0.9551122194513716,0.0,True,0,0,4,True,0.0,150.0,330.0,0.0,0.0,0.0,0.0,1.0
2025-01-24 18:35:00+00:00,2025-01-24,2025-01-24:1,True,4,10,True,-0.9482352941176471,0.5756530070001233,-0.4990976112379486,True,0,0,4,True,0.0,145.0,335.0,0.0,0.0,0.0,0.0,1.0
2025-01-24 18:40:00+00:00,2025-01-24,2025-01-24:1,True,4,15,True,-0.9045346062052506,0.5503815987619358,-0.4968087105641177,True,0,0,4,True,0.0,140.0,340.0,0.0,0.0,0.0,0.0,1.0
2025-01-24 18:45:00+00:00,2025-01-24,2025-01-24:1,True,3,5,True,-0.8663239074550129,0.19403111214553878,-1.4962403476266997,True,0,0,4,True,0.016773906790625043,135.0,345.0,0.0,0.0,0.0,1.0,0.0
2025-01-24 18:50:00+00:00,2025-01-24,2025-01-24:1,True,4,5,True,-0.8818181818181818,0.8818181818181818,0.12902201844740405,True,1,0,4,True,1.4425100192147766,130.0,350.0,0.0,0.0,0.0,0.0,1.0
2025-01-24 18:55:00+00:00,2025-01-24,2025-01-24:1,True,4,10,True,-0.7377049180327869,0.7377049180327869,0.127058030676559,True,1,0,4,True,-0.568220787360079,125.0,355.0,0.0,0.0,0.0,0.0,1.0
2025-01-24 19:00:00+00:00,2025-01-24,2025-01-24:1,True,3,5,True,-0.6243386243386243,0.28749902887285994,-0.7754734059899898,True,0,1,5,True,0.02354975715048202,120.0,360.0,0.0,0.0,0.0,1.0,0.0
2025-01-24 19:05:00+00:00,2025-01-24,2025-01-24:1,True,4,5,True,-0.5013698630136987,0.5013698630136987,0.26743667661235154,True,1,0,5,True,-0.5980065885835459,115.0,365.0,0.0,0.0,0.0,0.0,1.0
2025-01-24 19:10:00+00:00,2025-01-24,2025-01-24:1,True,3,5,True,-0.059880239520958084,0.024738135990508184,-0.8840005393904079,True,0,1,6,True,-2.0027189561153085,110.0,370.0,0.0,0.0,0.0,1.0,0.0
2025-01-24 19:15:00+00:00,2025-01-24,2025-01-24:1,True,0,5,True,-0.18787878787878787,0.18787878787878787,0.8139378862925243,True,0,0,6,True,0.9100102216049962,105.0,375.0,1.0,0.0,0.0,0.0,0.0
2025-01-24 19:20:00+00:00,2025-01-24,2025-01-24:1,True,0,10,True,-0.3841642228739003,0.3841642228739003,0.4228865552908938,True,0,0,6,True,0.0,100.0,380.0,1.0,0.0,0.0,0.0,0.0
2025-01-24 19:25:00+00:00,2025-01-24,2025-01-24:1,True,0,15,True,-0.1375,0.088629276566822,-0.4391616787858636,True,0,0,6,True,-0.9819953668781184,95.0,385.0,1.0,0.0,0.0,0.0,0.0
2025-01-24 19:30:00+00:00,2025-01-24,2025-01-24:1,True,0,20,True,0.14984709480122324,0.039016217130343464,1.345638022641683,True,0,0,6,True,-0.9555316402500021,90.0,390.0,1.0,0.0,0.0,0.0,0.0
2025-01-24 19:35:00+00:00,2025-01-24,2025-01-24:1,True,0,25,True,-0.3505535055350554,0.1375539792805346,-0.9354969330486713,True,0,0,6,True,-0.06314512924615333,85.0,395.0,1.0,0.0,0.0,0.0,0.0
2025-01-24 19:40:00+00:00,2025-01-24,2025-01-24:1,True,1,5,True,-0.04983388704318937,0.04983388704318937,0.9677334015669835,True,0,0,6,True,1.0819588349989007,80.0,400.0,0.0,1.0,0.0,0.0,0.0
2025-01-24 19:45:00+00:00,2025-01-24,2025-01-24:1,True,1,10,True,-0.19047619047619047,0.19047619047619047,0.5014184425655661,True,0,0,6,True,-1.1212057227518666,75.0,405.0,0.0,1.0,0.0,0.0,0.0
2025-01-24 19:50:00+00:00,2025-01-24,2025-01-24:1,True,1,15,True,0.12041884816753927,0.04447878051999728,0.9959638336651332,True,0,0,6,True,0.016010609924196666,70.0,410.0,0.0,1.0,0.0,0.0,0.0
2025-01-24 19:55:00+00:00,2025-01-24,2025-01-24:1,True,2,5,True,0.23961661341853036,0.23961661341853036,0.0,True,0,0,6,True,1.1694001736445538,65.0,415.0,0.0,0.0,1.0,0.0,0.0
2025-01-24 20:00:00+00:00,2025-01-24,2025-01-24:1,True,0,5,True,0.14454277286135694,0.14454277286135694,-0.555545868363962,True,0,0,6,True,0.0,60.0,420.0,1.0,0.0,0.0,0.0,0.0
2025-01-24 20:05:00+00:00,2025-01-24,2025-01-24:1,True,0,10,True,-0.423841059602649,0.1369541123592974,-1.1297126020882955,True,0,0,6,True,0.0,55.0,425.0,1.0,0.0,0.0,0.0,0.0
2025-01-24 20:10:00+00:00,2025-01-24,2025-01-24:1,True,0,15,True,-0.3072289156626506,0.17464176563064185,-0.5648563010434319,True,0,0,6,True,0.2572283439855323,50.0,430.0,1.0,0.0,0.0,0.0,0.0
2025-01-24 20:15:00+00:00,2025-01-24,2025-01-24:1,True,0,20,True,-0.5,0.5,2.3094010767575903,True,0,0,6,True,1.2909944487343783,45.0,435.0,1.0,0.0,0.0,0.0,0.0
2025-01-24 20:20:00+00:00,2025-01-24,2025-01-24:1,True,0,25,True,-0.5126050420168067,0.5126050420168067,0.0,True,0,0,6,True,0.0,40.0,440.0,1.0,0.0,0.0,0.0,0.0
2025-01-24 20:25:00+00:00,2025-01-24,2025-01-24:1,True,0,30,True,-0.5,0.17262606255566795,-1.0634803314290264,True,0,0,6,True,-1.1890071569063443,35.0,445.0,1.0,0.0,0.0,0.0,0.0
2025-01-24 20:30:00+00:00,2025-01-24,2025-01-24:1,True,0,35,True,-0.6549707602339181,0.6549707602339181,0.0,True,0,0,6,True,1.2460463791304575,30.0,450.0,1.0,0.0,0.0,0.0,0.0
2025-01-24 20:35:00+00:00,2025-01-24,2025-01-24:1,True,3,5,True,-0.717948717948718,0.05379177672143061,-2.591277536586602,True,0,0,6,True,-1.5771845408403604,25.0,455.0,0.0,0.0,0.0,1.0,0.0
2025-01-24 20:40:00+00:00,2025-01-24,2025-01-24:1,True,3,10,True,-0.5238095238095238,0.18720433424983607,-1.0289273972376245,True,0,0,6,True,-0.3446411440991374,20.0,460.0,0.0,0.0,0.0,1.0,0.0
2025-01-24 20:45:00+00:00,2025-01-24,2025-01-24:1,True,3,15,True,-0.2777777777777778,0.0668389934974266,-1.4245347882930537,True,0,0,6,True,-1.0617855409778407,15.0,465.0,0.0,0.0,0.0,1.0,0.0
2025-01-24 20:50:00+00:00,2025-01-24,2025-01-24:1,True,4,5,True,-0.47194719471947194,0.2925570988306521,-0.4782072464342508,True,0,0,6,True,0.0,10.0,470.0,0.0,0.0,0.0,0.0,1.0
2025-01-24 20:55:00+00:00,2025-01-24,2025-01-24:1,True,4,10,True,-0.2356687898089172,0.2356687898089172,0.4849101235937465,True,1,0,6,True,1.084291999333442,5.0,475.0,0.0,0.0,0.0,0.0,1.0
2025-01-24 21:00:00+00:00,2025-01-24,2025-01-24:1,True,4,15,True,-0.2166172106824926,0.2166172106824926,0.47484492943061957,True,1,0,6,True,0.0,0.0,480.0,0.0,0.0,0.0,0.0,1.0
2025-01-27 13:00:00+00:00,2025-01-27,2025-01-27:1,False,-1,0,False,,,,False,0,0,0,False,,480.0,0.0,,,,,
2025-01-27 13:05:00+00:00,2025-01-27,2025-01-27:1,False,-1,0,True,-0.06442577030812324,,,False,0,0,0,False,,475.0,5.0,,,,,
2025-01-27 13:10:00+00:00,2025-01-27,2025-01-27:1,False,-1,0,True,-0.26490066225165565,,,False,0,0,0,False,,470.0,10.0,,,,,
2025-01-27 13:15:00+00:00,2025-01-27,2025-01-27:1,False,-1,0,True,-0.008645533141210375,,,False,0,0,0,False,,465.0,15.0,,,,,
2025-01-27 13:20:00+00:00,2025-01-27,2025-01-27:1,False,-1,0,True,-0.4322916666666667,,,False,0,0,0,False,,460.0,20.0,,,,,
2025-01-27 13:25:00+00:00,2025-01-27,2025-01-27:1,False,-1,0,True,-0.2835820895522388,,,False,0,0,0,False,,455.0,25.0,,,,,
2025-01-27 13:30:00+00:00,2025-01-27,2025-01-27:1,False,-1,0,True,-0.14960629921259844,,,False,0,0,0,False,,450.0,30.0,,,,,
2025-01-27 13:35:00+00:00,2025-01-27,2025-01-27:1,False,-1,0,True,-0.7420924574209246,,,False,0,0,0,False,,445.0,35.0,,,,,
2025-01-27 13:40:00+00:00,2025-01-27,2025-01-27:1,False,-1,0,True,-0.8176100628930818,,,False,0,0,0,False,,440.0,40.0,,,,,
2025-01-27 13:45:00+00:00,2025-01-27,2025-01-27:1,False,-1,0,True,-0.8137254901960784,,,False,0,0,0,False,,435.0,45.0,,,,,
2025-01-27 13:50:00+00:00,2025-01-27,2025-01-27:1,False,-1,0,True,-0.7746478873239436,,,False,0,0,0,False,,430.0,50.0,,,,,
2025-01-27 13:55:00+00:00,2025-01-27,2025-01-27:1,False,-1,0,True,-0.7598152424942263,,,False,0,0,0,False,,425.0,55.0,,,,,
2025-01-27 14:00:00+00:00,2025-01-27,2025-01-27:1,False,-1,0,True,-0.5845697329376854,,,False,0,0,0,False,,420.0,60.0,,,,,
2025-01-27 14:05:00+00:00,2025-01-27,2025-01-27:1,True,0,5,True,-0.8522727272727273,0.4142438778378738,-0.72145170074954,True,0,0,0,False,,415.0,65.0,1.0,0.0,0.0,0.0,0.0
2025-01-27 14:10:00+00:00,2025-01-27,2025-01-27:1,True,0,10,True,-0.6422764227642277,0.6422764227642277,0.0,True,0,0,0,False,,410.0,70.0,1.0,0.0,0.0,0.0,0.0
2025-01-27 14:15:00+00:00,2025-01-27,2025-01-27:1,True,0,15,True,-0.8894472361809045,0.7455246403160602,-0.17651200110573825,True,0,0,0,False,,405.0,75.0,1.0,0.0,0.0,0.0,0.0
2025-01-27 14:20:00+00:00,2025-01-27,2025-01-27:1,True,0,20,True,-0.8451025056947609,0.8451025056947609,0.6873233312582472,True,0,0,0,False,,400.0,80.0,1.0,0.0,0.0,0.0,0.0
2025-01-27 14:25:00+00:00,2025-01-27,2025-01-27:1,True,0,25,True,-0.7551963048498845,0.7551963048498845,0.17227323764997807,True,0,0,0,False,,395.0,85.0,1.0,0.0,0.0,0.0,0.0
2025-01-27 14:30:00+00:00,2025-01-27,2025-01-27:1,True,0,30,True,-0.8312020460358056,0.8312020460358056,0.0,True,0,0,0,False,,390.0,90.0,1.0,0.0,0.0,0.0,0.0
2025-01-27 14:35:00+00:00,2025-01-27,2025-01-27:1,True,0,35,True,-0.8081395348837209,0.8081395348837209,0.651665014767364,True,0,0,0,False,,385.0,95.0,1.0,0.0,0.0,0.0,0.0
2025-01-27 14:40:00+00:00,2025-01-27,2025-01-27:1,True,0,40,True,-0.7985257985257985,0.5701039647238586,-0.33694853742010944,True,0,0,0,False,,380.0,100.0,1.0,0.0,0.0,0.0,0.0
2025-01-27 14:45:00+00:00,2025-01-27,2025-01-27:1,True,0,45,True,-0.7532133676092545,0.2522502672121401,-1.093926825832873,True,0,0,0,False,,375.0,105.0,1.0,0.0,0.0,0.0,0.0
2025-01-27 14:50:00+00:00,2025-01-27,2025-01-27:1,True,0,50,True,-0.453416149068323,0.1493205206991436,-1.1107152139697885,True,0,0,0,False,,370.0,110.0,1.0,0.0,0.0,0.0,0.0
2025-01-27 14:55:00+00:00,2025-01-27,2025-01-27:1,True,3,5,True,-0.81875,0.38901538342191067,-0.7441598980411909,True,0,0,0,False,,365.0,115.0,0.0,0.0,0.0,1.0,0.0
2025-01-27 15:00:00+00:00,2025-01-27,2025-01-27:1,True,4,5,True,-0.6368563685636857,0.6368563685636857,0.0,True,0,0,0,False,,360.0,120.0,0.0,0.0,0.0,0.0,1.0
2025-01-27 15:05:00+00:00,2025-01-27,2025-01-27:1,True,3,5,True,-0.7653631284916201,0.15566584844921397,-1.5926386861974329,True,0,0,0,True,-0.25149354399343343,355.0,125.0,0.0,0.0,0.0,1.0,0.0
2025-01-27 15:10:00+00:00,2025-01-27,2025-01-27:1,True,3,10,True,-0.532394366197183,0.15868875172939942,-1.210439757117456,True,0,0,0,True,-0.6367246802887396,350.0,130.0,0.0,0.0,0.0,1.0,0.0
2025-01-27 15:15:00+00:00,2025-01-27,2025-01-27:1,True,4,5,True,-0.5989010989010989,0.5989010989010989,0.0,True,0,0,0,True,0.6321272074222206,345.0,135.0,0.0,0.0,0.0,0.0,1.0
2025-01-27 15:20:00+00:00,2025-01-27,2025-01-27:1,True,3,5,True,-0.7441253263707572,0.19920222142403987,-1.317888973254716,True,0,0,0,True,0.3077563858686902,340.0,140.0,0.0,0.0,0.0,1.0,0.0
2025-01-27 15:25:00+00:00,2025-01-27,2025-01-27:1,True,3,10,True,-0.8225806451612904,0.1514505307583219,-1.6921874846824012,True,0,0,0,True,-0.29071430708623663,335.0,145.0,0.0,0.0,0.0,1.0,0.0
2025-01-27 15:30:00+00:00,2025-01-27,2025-01-27:1,True,4,5,True,-0.7123595505617978,0.7123595505617978,1.8690695686973282,True,1,0,0,True,6.9656110171399455,330.0,150.0,0.0,0.0,0.0,0.0,1.0
2025-01-27 15:35:00+00:00,2025-01-27,2025-01-27:1,True,3,5,True,-0.970074812967581,0.34259541269487537,-1.0408229991758458,True,0,1,1,True,0.0,325.0,155.0,0.0,0.0,0.0,1.0,0.0
2025-01-27 15:40:00+00:00,2025-01-27,2025-01-27:1,True,0,5,True,-0.945273631840796,0.945273631840796,1.1710092053490246,True,0,0,1,True,-0.6546140463600725,320.0,160.0,1.0,0.0,0.0,0.0,0.0
2025-01-27 15:45:00+00:00,2025-01-27,2025-01-27:1,True,0,10,True,-0.9599109131403119,0.5334371253520036,-0.5874992706829373,True,0,0,1,True,-1.0927847621536724,315.0,165.0,1.0,0.0,0.0,0.0,0.0
2025-01-27 15:50:00+00:00,2025-01-27,2025-01-27:1,True,3,5,True,-0.9375,0.16267980347798455,-1.7514328848343972,True,0,0,1,True,-0.652720498086688,310.0,170.0,0.0,0.0,0.0,1.0,0.0
2025-01-27 15:55:00+00:00,2025-01-27,2025-01-27:1,True,0,5,True,-0.9617224880382775,0.40539875687694554,-0.86385476747429,True,0,0,1,True,-0.08454193961287056,305.0,175.0,1.0,0.0,0.0,0.0,0.0
2025-01-27 16:00:00+00:00,2025-01-27,2025-01-27:1,True,3,5,True,-0.9102902374670184,0.38472919186152604,-0.8612238019058298,True,0,0,1,True,-0.6419183216334746,300.0,180.0,0.0,0.0,0.0,1.0,0.0
2025-01-27 16:05:00+00:00,2025-01-27,2025-01-27:1,True,3,10,True,-0.8379629629629629,0.2345690549498357,-1.2732238806294023,True,0,0,1,True,-0.31633501640664724,295.0,185.0,0.0,0.0,0.0,1.0,0.0
2025-01-27 16:10:00+00:00,2025-01-27,2025-01-27:1,True,4,5,True,-0.8682926829268293,0.7541209878039874,-0.140976033721894,True,0,0,1,True,0.27298152991301994,290.0,190.0,0.0,0.0,0.0,0.0,1.0
2025-01-27 16:15:00+00:00,2025-01-27,2025-01-27:1,True,4,10,True,-0.8523809523809524,0.8523809523809524,0.5366176613299808,True,1,0,1,True,0.29997839216583877,285.0,195.0,0.0,0.0,0.0,0.0,1.0
2025-01-27 16:20:00+00:00,2025-01-27,2025-01-27:1,True,3,5,True,-0.7431693989071039,0.2520254643960098,-1.0813938802799554,True,0,1,2,True,-0.09156456854636016,280.0,200.0,0.0,0.0,0.0,1.0,0.0
2025-01-27 16:25:00+00:00,2025-01-27,2025-01-27:1,True,3,10,True,-0.8282208588957055,0.3538164801407075,-0.8505014955865541,True,0,0,2,True,0.2379862486342492,275.0,205.0,0.0,0.0,0.0,1.0,0.0
2025-01-27 16:30:00+00:00,2025-01-27,2025-01-27:1,True,3,15,True,-0.8111380145278451,0.5629648754531756,-0.3652209798353406,True,0,0,2,True,0.39931026428740024,270.0,210.0,0.0,0.0,0.0,1.0,0.0
2025-01-27 16:35:00+00:00,2025-01-27,2025-01-27:1,True,3,20,True,-0.6954022988505747,0.19945628832964646,-1.2488954191587434,True,0,0,2,True,-0.7291387050900845,265.0,215.0,0.0,0.0,0.0,1.0,0.0
2025-01-27 16:40:00+00:00,2025-01-27,2025-01-27:1,True,4,5,True,-0.638095238095238,0.638095238095238,1.4741706284262577,True,1,0,2,True,1.4830933613430983,260.0,220.0,0.0,0.0,0.0,0.0,1.0
2025-01-27 16:45:00+00:00,2025-01-27,2025-01-27:1,True,3,5,True,-0.7718832891246684,0.15104984690421785,-1.6312234644171928,True,0,1,3,True,-0.8929552744607681,255.0,225.0,0.0,0.0,0.0,1.0,0.0
2025-01-27 16:50:00+00:00,2025-01-27,2025-01-27:1,True,3,10,True,-0.7551963048498845,0.5094937887903144,-0.39356006008270933,True,0,0,3,True,0.1696169957934069,250.0,230.0,0.0,0.0,0.0,1.0,0.0
2025-01-27 16:55:00+00:00,2025-01-27,2025-01-27:1,True,3,15,True,-0.7081081081081081,0.19123960888786237,-1.3090696384868727,True,0,0,3,True,0.585433739786879,245.0,235.0,0.0,0.0,0.0,1.0,0.0
2025-01-27 17:00:00+00:00,2025-01-27,2025-01-27:1,True,3,20,True,-0.7617728531855956,0.3498836807838552,-0.7780476596873065,True,0,0,3,True,0.0,240.0,240.0,0.0,0.0,0.0,1.0,0.0
2025-01-27 17:05:00+00:00,2025-01-27,2025-01-27:1,True,4,5,True,-0.7870370370370371,0.7870370370370371,0.5123136203518949,True,1,0,3,True,-1.018567026039963,235.0,245.0,0.0,0.0,0.0,0.0,1.0
2025-01-27 17:10:00+00:00,2025-01-27,2025-01-27:1,True,3,5,True,-0.7722095671981777,0.3571817173615422,-0.7710113087933467,True,0,1,4,True,-0.5746778992937904,230.0,250.0,0.0,0.0,0.0,1.0,0.0
2025-01-27 17:15:00+00:00,2025-01-27,2025-01-27:1,True,4,5,True,-0.8209718670076727,0.7177065455898853,-0.1344280675012153,True,0,0,4,True,-0.3005902970166477,225.0,255.0,0.0,0.0,0.0,0.0,1.0
2025-01-27 17:20:00+00:00,2025-01-27,2025-01-27:1,True,4,10,True,-0.7857142857142857,0.6728386586094051,-0.15508765586858048,True,0,0,4,True,0.0,220.0,260.0,0.0,0.0,0.0,0.0,1.0
2025-01-27 17:25:00+00:00,2025-01-27,2025-01-27:1,True,0,5,True,-0.8,0.8,0.0,True,0,0,4,True,0.0,215.0,265.0,1.0,0.0,0.0,0.0,0.0
2025-01-27 17:30:00+00:00,2025-01-27,2025-01-27:1,True,0,10,True,-0.5840978593272171,0.5840978593272171,0.0,True,0,0,4,True,0.0,210.0,270.0,1.0,0.0,0.0,0.0,0.0
2025-01-27 17:35:00+00:00,2025-01-27,2025-01-27:1,True,0,15,True,-0.5261845386533666,0.5261845386533666,0.0,True,0,0,4,True,0.0,205.0,275.0,1.0,0.0,0.0,0.0,0.0
2025-01-27 17:40:00+00:00,2025-01-27,2025-01-27:1,True,0,20,True,-0.4606741573033708,0.22261686597102393,-0.7272387719192163,True,0,0,4,True,-1.4424878638786243,200.0,280.0,1.0,0.0,0.0,0.0,0.0
2025-01-27 17:45:00+00:00,2025-01-27,2025-01-27:1,True,0,25,True,-0.2857142857142857,0.18702367070906853,-0.42375712031100593,True,0,0,4,True,-0.947549726964966,195.0,285.0,1.0,0.0,0.0,0.0,0.0
2025-01-27 17:50:00+00:00,2025-01-27,2025-01-27:1,True,3,5,True,-0.5821727019498607,0.3619018610843487,-0.47539406936461936,True,0,0,4,True,-1.0630134551995394,190.0,290.0,0.0,0.0,0.0,1.0,0.0
2025-01-27 17:55:00+00:00,2025-01-27,2025-01-27:1,True,4,5,True,-0.4666666666666667,0.4666666666666667,0.0,True,0,0,4,True,-0.2299420513274903,185.0,295.0,0.0,0.0,0.0,0.0,1.0
2025-01-27 18:00:00+00:00,2025-01-27,2025-01-27:1,True,0,5,True,-0.6916488222698073,0.6916488222698073,2.6927915974822048,True,0,0,4,True,5.199328831551091,180.0,300.0,1.0,0.0,0.0,0.0,0.0
2025-01-27 18:05:00+00:00,2025-01-27,2025-01-27:1,True,0,10,True,-0.9695652173913043,0.2912736327472878,-1.202584597451065,True,0,0,4,True,0.8963536361999657,175.0,305.0,1.0,0.0,0.0,0.0,0.0
2025-01-27 18:10:00+00:00,2025-01-27,2025-01-27:1,True,0,15,True,-0.967741935483871,0.29367900672221087,-1.1924780991534496,True,0,0,4,True,0.0,170.0,310.0,1.0,0.0,0.0,0.0,0.0
2025-01-27 18:15:00+00:00,2025-01-27,2025-01-27:1,True,3,5,True,-0.9726027397260274,0.1370734290650729,-1.9594589540549763,True,0,0,4,True,-0.06322091017600318,165.0,315.0,0.0,0.0,0.0,1.0,0.0
2025-01-27 18:20:00+00:00,2025-01-27,2025-01-27:1,True,3,10,True,-0.8775510204081632,0.4063004880225861,-0.7700420924335798,True,0,0,4,True,0.0,160.0,320.0,0.0,0.0,0.0,1.0,0.0
2025-01-27 18:25:00+00:00,2025-01-27,2025-01-27:1,True,3,15,True,-0.7847025495750708,0.06622437011882308,-2.472256204352827,True,0,0,4,True,-0.7897332758196444,155.0,325.0,0.0,0.0,0.0,1.0,0.0
2025-01-27 18:30:00+00:00,2025-01-27,2025-01-27:1,True,3,20,True,-0.8556149732620321,0.2920792550380052,-1.0747952905581784,True,0,0,4,True,0.0,150.0,330.0,0.0,0.0,0.0,1.0,0.0
2025-01-27 18:35:00+00:00,2025-01-27,2025-01-27:1,True,3,25,True,-0.6875,0.23532889858705414,-1.0720777254240859,True,0,0,4,True,-0.7990795570720509,145.0,335.0,0.0,0.0,0.0,1.0,0.0
2025-01-27 18:40:00+00:00,2025-01-27,2025-01-27:1,True,3,30,True,-0.8067885117493473,0.40101257716473243,-0.6990687753839435,True,0,0,4,True,-0.7815826513530147,140.0,340.0,0.0,0.0,0.0,1.0,0.0
2025-01-27 18:45:00+00:00,2025-01-27,2025-01-27:1,True,4,5,True,-0.7208121827411168,0.5064612323551353,-0.3529308273522947,True,0,0,4,True,-0.6239070584417433,135.0,345.0,0.0,0.0,0.0,0.0,1.0
2025-01-27 18:50:00+00:00,2025-01-27,2025-01-27:1,True,3,5,True,-0.5057471264367817,0.2479066751116771,-0.7129844289367812,True,0,0,4,True,0.0,130.0,350.0,0.0,0.0,0.0,1.0,0.0
2025-01-27 18:55:00+00:00,2025-01-27,2025-01-27:1,True,4,5,True,-0.5690072639225182,0.5690072639225182,0.0,True,0,0,4,True,0.5935180157920347,125.0,355.0,0.0,0.0,0.0,0.0,1.0
2025-01-27 19:00:00+00:00,2025-01-27,2025-01-27:1,True,4,10,True,-0.403899721448468,0.403899721448468,0.0,True,0,0,4,True,-0.8078705758072949,120.0,360.0,0.0,0.0,0.0,0.0,1.0
2025-01-27 19:05:00+00:00,2025-01-27,2025-01-27:1,True,0,5,True,-0.12154696132596685,0.12154696132596685,0.9299101163152985,True,0,0,4,True,0.0,115.0,365.0,1.0,0.0,0.0,0.0,0.0
2025-01-27 19:10:00+00:00,2025-01-27,2025-01-27:1,True,0,10,True,0.02531645569620253,0.02531645569620253,-0.9133279224681913,True,0,0,4,True,0.0,110.0,370.0,1.0,0.0,0.0,0.0,0.0
2025-01-27 19:15:00+00:00,2025-01-27,2025-01-27:1,True,0,15,True,0.05732484076433121,0.05732484076433121,-0.4356161820384756,True,0,0,4,True,1.6924562683250552,105.0,375.0,1.0,0.0,0.0,0.0,0.0
2025-01-27 19:20:00+00:00,2025-01-27,2025-01-27:1,True,0,20,True,0.2229299363057325,0.09355312723311868,0.8683280544945332,True,0,0,4,True,0.9708202783099591,100.0,380.0,1.0,0.0,0.0,0.0,0.0
2025-01-27 19:25:00+00:00,2025-01-27,2025-01-27:1,True,0,25,True,0.09316770186335403,0.028618001197038435,1.1803651827871764,True,0,0,4,True,-1.2942590346672416,95.0,385.0,1.0,0.0,0.0,0.0,0.0
2025-01-27 19:30:00+00:00,2025-01-27,2025-01-27:1,True,0,30,True,-0.04864864864864865,0.023316320453534465,-0.7354704672184911,True,0,0,4,True,-1.8505724724598958,90.0,390.0,1.0,0.0,0.0,0.0,0.0
2025-01-27 19:35:00+00:00,2025-01-27,2025-01-27:1,True,0,35,True,-0.3,0.3,0.48898712592674254,True,0,0,4,True,0.0,85.0,395.0,1.0,0.0,0.0,0.0,0.0
2025-01-27 19:40:00+00:00,2025-01-27,2025-01-27:1,True,0,40,True,-0.5058139534883721,0.10573929713589887,-1.565192317135664,True,0,0,4,True,-1.1666254729908128,80.0,400.0,1.0,0.0,0.0,0.0,0.0
2025-01-27 19:45:00+00:00,2025-01-27,2025-01-27:1,True,0,45,True,-0.5448275862068965,0.11389501145322663,-1.5651923171357616,True,0,0,4,True,-1.4365236145297864,75.0,405.0,1.0,0.0,0.0,0.0,0.0
2025-01-27 19:50:00+00:00,2025-01-27,2025-01-27:1,True,3,5,True,-0.35410764872521244,0.13541741277141595,-0.9612390046938721,True,0,0,4,True,0.0,70.0,410.0,0.0,0.0,0.0,1.0,0.0
2025-01-27 19:55:00+00:00,2025-01-27,2025-01-27:1,True,3,10,True,-0.5061728395061729,0.1223741571198002,-1.419794977869992,True,0,0,4,True,-1.0582526948787092,65.0,415.0,0.0,0.0,0.0,1.0,0.0
2025-01-27 20:00:00+00:00,2025-01-27,2025-01-27:1,True,4,5,True,-0.25609756097560976,0.25609756097560976,0.9290594589201457,True,1,0,4,True,-0.7135984070290505,60.0,420.0,0.0,0.0,0.0,0.0,1.0
2025-01-27 20:05:00+00:00,2025-01-27,2025-01-27:1,True,4,10,True,-0.48520710059171596,0.48520710059171596,0.47326499262288235,True,1,0,4,True,0.0,55.0,425.0,0.0,0.0,0.0,0.0,1.0
2025-01-27 20:10:00+00:00,2025-01-27,2025-01-27:1,True,0,5,True,-0.3181818181818182,0.3181818181818182,0.9730573064140815,True,1,0,4,True,0.0,50.0,430.0,1.0,0.0,0.0,0.0,0.0
2025-01-27 20:15:00+00:00,2025-01-27,2025-01-27:1,True,0,10,True,-0.408955223880597,0.07200002109493385,-1.7369392609839909,True,0,1,5,True,0.0,45.0,435.0,1.0,0.0,0.0,0.0,0.0
2025-01-27 20:20:00+00:00,2025-01-27,2025-01-27:1,True,0,15,True,-0.7508196721311475,0.5806926740299608,-0.2569438493874528,True,0,0,5,True,0.0,40.0,440.0,1.0,0.0,0.0,0.0,0.0
2025-01-27 20:25:00+00:00,2025-01-27,2025-01-27:1,True,0,20,True,-0.52,0.3062523038227969,-0.5294195270581478,True,0,0,5,True,0.0,35.0,445.0,1.0,0.0,0.0,0.0,0.0
2025-01-27 20:30:00+00:00,2025-01-27,2025-01-27:1,True,0,25,True,-0.3194029850746269,0.3194029850746269,1.0398695838577987,True,0,0,5,True,0.0,30.0,450.0,1.0,0.0,0.0,0.0,0.0
2025-01-27 20:35:00+00:00,2025-01-27,2025-01-27:1,True,0,30,True,-0.42592592592592593,0.42592592592592593,0.0,True,0,0,5,True,0.0,25.0,455.0,1.0,0.0,0.0,0.0,0.0
2025-01-27 20:40:00+00:00,2025-01-27,2025-01-27:1,True,3,5,True,-0.255663430420712,0.15248628151862734,-0.516787219805246,True,0,0,5,True,-1.1555713533876557,20.0,460.0,0.0,0.0,0.0,1.0,0.0
2025-01-27 20:45:00+00:00,2025-01-27,2025-01-27:1,True,0,5,True,0.16666666666666666,0.16666666666666666,-0.5214301496103904,True,0,0,5,True,-1.1659532600467184,15.0,465.0,1.0,0.0,0.0,0.0,0.0
2025-01-27 20:50:00+00:00,2025-01-27,2025-01-27:1,True,0,10,True,0.2336448598130841,0.1317297691431977,0.5730496486480591,True,0,0,5,True,0.0,10.0,470.0,1.0,0.0,0.0,0.0,0.0
2025-01-27 20:55:00+00:00,2025-01-27,2025-01-27:1,True,0,15,True,0.1504424778761062,0.1504424778761062,0.0,True,0,0,5,True,0.0,5.0,475.0,1.0,0.0,0.0,0.0,0.0
2025-01-27 21:00:00+00:00,2025-01-27,2025-01-27:1,True,0,20,True,0.2899022801302932,0.2899022801302932,0.0,True,0,0,5,True,0.0,0.0,480.0,1.0,0.0,0.0,0.0,0.0
2025-01-28 13:00:00+00:00,2025-01-28,2025-01-28:1,False,-1,0,False,,,,False,0,0,0,False,,480.0,0.0,,,,,
2025-01-28 13:05:00+00:00,2025-01-28,2025-01-28:1,False,-1,0,True,0.022058823529411766,,,False,0,0,0,False,,475.0,5.0,,,,,
2025-01-28 13:10:00+00:00,2025-01-28,2025-01-28:1,False,-1,0,True,-0.2289156626506024,,,False,0,0,0,False,,470.0,10.0,,,,,
2025-01-28 13:15:00+00:00,2025-01-28,2025-01-28:1,False,-1,0,True,-0.28205128205128205,,,False,0,0,0,False,,465.0,15.0,,,,,
2025-01-28 13:20:00+00:00,2025-01-28,2025-01-28:1,False,-1,0,True,-0.3170731707317073,,,False,0,0,0,False,,460.0,20.0,,,,,
2025-01-28 13:25:00+00:00,2025-01-28,2025-01-28:1,False,-1,0,True,-0.29846153846153844,,,False,0,0,0,False,,455.0,25.0,,,,,
2025-01-28 13:30:00+00:00,2025-01-28,2025-01-28:1,False,-1,0,True,-0.39805825242718446,,,False,0,0,0,False,,450.0,30.0,,,,,
2025-01-28 13:35:00+00:00,2025-01-28,2025-01-28:1,False,-1,0,True,0.25925925925925924,,,False,0,0,0,False,,445.0,35.0,,,,,
2025-01-28 13:40:00+00:00,2025-01-28,2025-01-28:1,False,-1,0,True,0.411371237458194,,,False,0,0,0,False,,440.0,40.0,,,,,
2025-01-28 13:45:00+00:00,2025-01-28,2025-01-28:1,False,-1,0,True,0.14754098360655737,,,False,0,0,0,False,,435.0,45.0,,,,,
2025-01-28 13:50:00+00:00,2025-01-28,2025-01-28:1,False,-1,0,True,0.005555555555555556,,,False,0,0,0,False,,430.0,50.0,,,,,
2025-01-28 13:55:00+00:00,2025-01-28,2025-01-28:1,False,-1,0,True,0.21768707482993196,,,False,0,0,0,False,,425.0,55.0,,,,,
2025-01-28 14:00:00+00:00,2025-01-28,2025-01-28:1,False,-1,0,True,0.21495327102803738,,,False,0,0,0,False,,420.0,60.0,,,,,
2025-01-28 14:05:00+00:00,2025-01-28,2025-01-28:1,True,0,5,True,0.23934426229508196,0.23934426229508196,-1.4755711017776307,True,0,0,0,False,,415.0,65.0,1.0,0.0,0.0,0.0,0.0
2025-01-28 14:10:00+00:00,2025-01-28,2025-01-28:1,True,0,10,True,-0.006024096385542169,0.006024096385542169,0.0,True,0,0,0,False,,410.0,70.0,1.0,0.0,0.0,0.0,0.0
2025-01-28 14:15:00+00:00,2025-01-28,2025-01-28:1,True,0,15,True,0.006493506493506494,0.006493506493506494,0.0,True,0,0,0,False,,405.0,75.0,1.0,0.0,0.0,0.0,0.0
2025-01-28 14:20:00+00:00,2025-01-28,2025-01-28:1,True,0,20,True,0.44221105527638194,0.2058665997925025,0.7645588835355659,True,0,0,0,False,,400.0,80.0,1.0,0.0,0.0,0.0,0.0
2025-01-28 14:25:00+00:00,2025-01-28,2025-01-28:1,True,1,5,True,0.4174757281553398,0.0644750214800812,1.8679485215250666,True,0,0,0,False,,395.0,85.0,0.0,1.0,0.0,0.0,0.0
2025-01-28 14:30:00+00:00,2025-01-28,2025-01-28:1,True,1,10,True,0.543026706231454,0.21108213411621515,0.9449111825233313,True,0,0,0,False,,390.0,90.0,0.0,1.0,0.0,0.0,0.0
2025-01-28 14:35:00+00:00,2025-01-28,2025-01-28:1,True,1,15,True,0.40298507462686567,0.2617150713734852,0.43164312744832,True,0,0,0,False,,385.0,95.0,0.0,1.0,0.0,0.0,0.0
2025-01-28 14:40:00+00:00,2025-01-28,2025-01-28:1,True,1,20,True,0.42134831460674155,0.2736409142010405,0.43164312744950806,True,0,0,0,False,,380.0,100.0,0.0,1.0,0.0,0.0,0.0
2025-01-28 14:45:00+00:00,2025-01-28,2025-01-28:1,True,2,5,True,0.5897435897435898,0.5897435897435898,-0.43609860022893726,True,0,0,0,False,,375.0,105.0,0.0,0.0,1.0,0.0,0.0
2025-01-28 14:50:00+00:00,2025-01-28,2025-01-28:1,True,1,5,True,0.6975806451612904,0.43880657995884254,0.4635594036779684,True,0,0,0,False,,370.0,110.0,0.0,1.0,0.0,0.0,0.0
2025-01-28 14:55:00+00:00,2025-01-28,2025-01-28:1,True,2,5,True,0.31736526946107785,0.31736526946107785,0.0,True,0,0,0,False,,365.0,115.0,0.0,0.0,1.0,0.0,0.0
2025-01-28 15:00:00+00:00,2025-01-28,2025-01-28:1,True,0,5,True,0.3006134969325153,0.18452880664875196,0.4880197913954293,True,0,0,0,False,,360.0,120.0,1.0,0.0,0.0,0.0,0.0
2025-01-28 15:05:00+00:00,2025-01-28,2025-01-28:1,True,0,10,True,0.05384615384615385,0.03210861294001037,0.5170066675479945,True,0,0,0,True,0.8550936864981449,355.0,125.0,1.0,0.0,0.0,0.0,0.0
2025-01-28 15:10:00+00:00,2025-01-28,2025-01-28:1,True,0,15,True,0.29376854599406527,0.29376854599406527,-1.0179974098959903,True,0,0,0,True,-1.138155704723076,350.0,130.0,1.0,0.0,0.0,0.0,0.0
2025-01-28 15:15:00+00:00,2025-01-28,2025-01-28:1,True,0,20,True,0.3738601823708207,0.3738601823708207,-1.5394396633144967,True,0,0,0,True,-1.1474305781424476,345.0,135.0,1.0,0.0,0.0,0.0,0.0
2025-01-28 15:20:00+00:00,2025-01-28,2025-01-28:1,True,0,25,True,0.42118863049095606,0.24044027071911822,0.5606090826566731,True,0,0,0,True,0.0,340.0,140.0,1.0,0.0,0.0,0.0,0.0
2025-01-28 15:25:00+00:00,2025-01-28,2025-01-28:1,True,0,30,True,0.33753943217665616,0.33753943217665616,0.0,True,0,0,0,True,-0.463358216402171,335.0,145.0,1.0,0.0,0.0,0.0,0.0
2025-01-28 15:30:00+00:00,2025-01-28,2025-01-28:1,True,0,35,True,0.536036036036036,0.29570758809343517,0.5948303022331751,True,0,0,0,True,-1.330080990873905,330.0,150.0,1.0,0.0,0.0,0.0,0.0
2025-01-28 15:35:00+00:00,2025-01-28,2025-01-28:1,True,3,5,True,0.2346368715083799,0.2346368715083799,-3.1292636026404868,True,0,0,0,True,-1.6163470832210978,325.0,155.0,0.0,0.0,0.0,1.0,0.0
2025-01-28 15:40:00+00:00,2025-01-28,2025-01-28:1,True,4,5,True,0.3881019830028329,0.12858269772210995,1.1046958884991687,True,0,0,0,True,-1.3489001898825799,320.0,160.0,0.0,0.0,0.0,0.0,1.0
2025-01-28 15:45:00+00:00,2025-01-28,2025-01-28:1,True,0,5,True,0.5190615835777126,0.23539409973321776,0.7907614046150416,True,0,0,0,True,-0.8840981273499683,315.0,165.0,1.0,0.0,0.0,0.0,0.0
2025-01-28 15:50:00+00:00,2025-01-28,2025-01-28:1,True,3,5,True,0.515358361774744,0.515358361774744,-1.8664314150594097,True,0,0,0,True,-0.15971698409514848,310.0,170.0,0.0,0.0,0.0,1.0,0.0
2025-01-28 15:55:00+00:00,2025-01-28,2025-01-28:1,True,0,5,True,0.453416149068323,0.14472326125039603,1.1419869794152264,True,0,0,0,True,1.8693506348070066,305.0,175.0,1.0,0.0,0.0,0.0,0.0
2025-01-28 16:00:00+00:00,2025-01-28,2025-01-28:1,True,0,10,True,0.5939849624060151,0.06874548268566967,2.156442975229743,True,0,0,0,True,1.7339048722233186,300.0,180.0,1.0,0.0,0.0,0.0,0.0
2025-01-28 16:05:00+00:00,2025-01-28,2025-01-28:1,True,1,5,True,0.5229357798165137,0.19596256959777061,0.9815349950343394,True,0,0,0,True,-0.7315929903965407,295.0,185.0,0.0,1.0,0.0,0.0,0.0
2025-01-28 16:10:00+00:00,2025-01-28,2025-01-28:1,True,1,10,True,0.5661375661375662,0.15372118387588452,1.3036966312089278,True,0,0,0,True,1.4575771447092827,290.0,190.0,0.0,1.0,0.0,0.0,0.0
2025-01-28 16:15:00+00:00,2025-01-28,2025-01-28:1,True,1,15,True,0.6430769230769231,0.3374857157096499,0.6447411630235639,True,0,0,0,True,0.3604212671027285,285.0,195.0,0.0,1.0,0.0,0.0,0.0
2025-01-28 16:20:00+00:00,2025-01-28,2025-01-28:1,True,1,20,True,0.32763532763532766,0.17154416908966272,0.6470604047204115,True,0,0,0,True,0.0,280.0,200.0,0.0,1.0,0.0,0.0,0.0
2025-01-28 16:25:00+00:00,2025-01-28,2025-01-28:1,True,2,5,True,0.4885245901639344,0.35141310134878084,0.3294273499702719,True,0,0,0,True,-0.039821592325807564,275.0,205.0,0.0,0.0,1.0,0.0,0.0
2025-01-28 16:30:00+00:00,2025-01-28,2025-01-28:1,True,1,5,True,0.5878787878787879,0.2193302098983855,0.9859423816139984,True,0,0,0,True,1.5072722502270082,270.0,210.0,0.0,1.0,0.0,0.0,0.0
2025-01-28 16:35:00+00:00,2025-01-28,2025-01-28:1,True,1,10,True,0.7344632768361582,0.2049573980310488,1.2763378538045926,True,0,0,0,True,0.04677831441155669,265.0,215.0,0.0,1.0,0.0,0.0,0.0
2025-01-28 16:40:00+00:00,2025-01-28,2025-01-28:1,True,1,15,True,0.5537190082644629,0.07110720241263997,2.0524687213418042,True,0,0,0,True,1.6688943936778642,260.0,220.0,0.0,1.0,0.0,0.0,0.0
2025-01-28 16:45:00+00:00,2025-01-28,2025-01-28:1,True,2,5,True,0.4392523364485981,0.4392523364485981,0.0,True,0,0,0,True,-0.013945880405462718,255.0,225.0,0.0,0.0,1.0,0.0,0.0
2025-01-28 16:50:00+00:00,2025-01-28,2025-01-28:1,True,1,5,True,0.5508021390374331,0.09697840365088962,1.736887339416719,True,0,0,0,True,0.9709495400479435,250.0,230.0,0.0,1.0,0.0,0.0,0.0
2025-01-28 16:55:00+00:00,2025-01-28,2025-01-28:1,True,1,10,True,0.49032258064516127,0.19838794558176578,0.904839067500723,True,0,0,0,True,0.0,245.0,235.0,0.0,1.0,0.0,0.0,0.0
2025-01-28 17:00:00+00:00,2025-01-28,2025-01-28:1,True,1,15,True,0.6070528967254408,0.15425761787007025,1.3699918837037257,True,0,0,0,True,0.14891011898387763,240.0,240.0,0.0,1.0,0.0,0.0,0.0
2025-01-28 17:05:00+00:00,2025-01-28,2025-01-28:1,True,2,5,True,0.5942857142857143,0.363778921384863,0.49081387991314074,True,0,0,0,True,-0.22702035325492959,235.0,245.0,0.0,0.0,1.0,0.0,0.0
2025-01-28 17:10:00+00:00,2025-01-28,2025-01-28:1,True,2,10,True,0.6574585635359116,0.6574585635359116,-0.9442921462299467,True,0,0,0,True,-1.055750714796167,230.0,250.0,0.0,0.0,1.0,0.0,0.0
2025-01-28 17:15:00+00:00,2025-01-28,2025-01-28:1,True,2,15,True,0.7562326869806094,0.7562326869806094,-0.472239013426,True,0,0,0,True,-1.6217258301886421,225.0,255.0,0.0,0.0,1.0,0.0,0.0
2025-01-28 17:20:00+00:00,2025-01-28,2025-01-28:1,True,1,5,True,0.4484848484848485,0.03756744900495489,2.4797369407934085,True,0,0,0,True,0.92414339432103,220.0,260.0,0.0,1.0,0.0,0.0,0.0
2025-01-28 17:25:00+00:00,2025-01-28,2025-01-28:1,True,0,5,True,0.6170212765957447,0.6170212765957447,-1.571663600096788,True,0,0,0,True,0.0,215.0,265.0,1.0,0.0,0.0,0.0,0.0
2025-01-28 17:30:00+00:00,2025-01-28,2025-01-28:1,True,0,10,True,0.5901639344262295,0.276148468623042,0.7594617023865211,True,0,0,0,True,0.8491039964219878,210.0,270.0,1.0,0.0,0.0,0.0,0.0
2025-01-28 17:35:00+00:00,2025-01-28,2025-01-28:1,True,0,15,True,0.679144385026738,0.31735925721485136,0.7607993128956263,True,0,0,0,True,-0.35900348909610263,205.0,275.0,1.0,0.0,0.0,0.0,0.0
2025-01-28 17:40:00+00:00,2025-01-28,2025-01-28:1,True,0,20,True,0.7071823204419889,0.7071823204419889,-0.38113064199782865,True,0,0,0,True,-1.2621440128472805,200.0,280.0,1.0,0.0,0.0,0.0,0.0
2025-01-28 17:45:00+00:00,2025-01-28,2025-01-28:1,True,1,5,True,0.412987012987013,0.023103707551226205,2.8834230422125096,True,0,0,0,True,0.09632020700152875,195.0,285.0,0.0,1.0,0.0,0.0,0.0
2025-01-28 17:50:00+00:00,2025-01-28,2025-01-28:1,True,1,10,True,0.5304347826086957,0.36991347780263706,0.3604278802763039,True,0,0,0,True,-1.6118824825702331,190.0,290.0,0.0,1.0,0.0,0.0,0.0
2025-01-28 17:55:00+00:00,2025-01-28,2025-01-28:1,True,2,5,True,0.5555555555555556,0.5555555555555556,-0.5123400003938868,True,0,0,0,True,0.49510933851529465,185.0,295.0,0.0,0.0,1.0,0.0,0.0
2025-01-28 18:00:00+00:00,2025-01-28,2025-01-28:1,True,1,5,True,0.340153452685422,0.24287073079739455,0.33686751745248006,True,0,0,0,True,1.1298880026530131,180.0,300.0,0.0,1.0,0.0,0.0,0.0
2025-01-28 18:05:00+00:00,2025-01-28,2025-01-28:1,True,0,5,True,-0.4226190476190476,0.03658701342968781,-2.4467778235033886,True,0,0,0,True,-0.683895192398584,175.0,305.0,1.0,0.0,0.0,0.0,0.0
2025-01-28 18:10:00+00:00,2025-01-28,2025-01-28:1,True,0,10,True,-0.31353135313531355,0.09362254082076853,-1.2086281898477145,True,0,0,0,True,0.0,170.0,310.0,1.0,0.0,0.0,0.0,0.0
2025-01-28 18:15:00+00:00,2025-01-28,2025-01-28:1,True,3,5,True,0.0,0.0,-1.4529195719329056,True,0,0,0,True,-0.19630188950191377,165.0,315.0,0.0,0.0,0.0,1.0,0.0
2025-01-28 18:20:00+00:00,2025-01-28,2025-01-28:1,True,3,10,True,-0.43902439024390244,0.04365606407351421,-2.3082127726002337,True,0,0,0,True,-1.0173283862638625,160.0,320.0,0.0,0.0,0.0,1.0,0.0
2025-01-28 18:25:00+00:00,2025-01-28,2025-01-28:1,True,4,5,True,-0.18471337579617833,0.18471337579617833,0.2842473457979882,True,0,0,0,True,-0.6355963876299974,155.0,325.0,0.0,0.0,0.0,0.0,1.0
2025-01-28 18:30:00+00:00,2025-01-28,2025-01-28:1,True,4,10,True,-0.6260162601626016,0.3624511839044387,-0.5464865453280351,True,0,0,0,True,-1.853461811263585,150.0,330.0,0.0,0.0,0.0,0.0,1.0
2025-01-28 18:35:00+00:00,2025-01-28,2025-01-28:1,True,3,5,True,-0.2564841498559078,0.11669501308605944,-0.7875030631552494,True,0,0,0,True,1.8362270341805955,145.0,335.0,0.0,0.0,0.0,1.0,0.0
2025-01-28 18:40:00+00:00,2025-01-28,2025-01-28:1,True,3,10,True,-0.8162162162162162,0.3383543724345428,-0.8805855053087421,True,0,0,0,True,-0.28129272140996436,140.0,340.0,0.0,0.0,0.0,1.0,0.0
2025-01-28 18:45:00+00:00,2025-01-28,2025-01-28:1,True,3,15,True,-0.7203166226912929,0.18690454979604848,-1.349092811441396,True,0,0,0,True,-0.2855286953023343,135.0,345.0,0.0,0.0,0.0,1.0,0.0
2025-01-28 18:50:00+00:00,2025-01-28,2025-01-28:1,True,4,5,True,-0.4173669467787115,0.4173669467787115,0.2722937557359706,True,1,0,0,True,0.0,130.0,350.0,0.0,0.0,0.0,0.0,1.0
2025-01-28 18:55:00+00:00,2025-01-28,2025-01-28:1,True,3,5,True,-0.6353591160220995,0.3660601493585707,-0.55139271367119,True,1,0,0,True,-0.28295592817986837,125.0,355.0,0.0,0.0,0.0,1.0,0.0
2025-01-28 19:00:00+00:00,2025-01-28,2025-01-28:1,True,3,10,True,-0.49162011173184356,0.21251731220169381,-0.8386828333891093,True,0,1,1,True,0.6251172756728007,120.0,360.0,0.0,0.0,0.0,1.0,0.0
2025-01-28 19:05:00+00:00,2025-01-28,2025-01-28:1,True,3,15,True,-0.4213197969543147,0.17442322363576876,-0.8819074923821462,True,0,0,1,True,-0.2665224682119788,115.0,365.0,0.0,0.0,0.0,1.0,0.0
2025-01-28 19:10:00+00:00,2025-01-28,2025-01-28:1,True,3,20,True,-0.5267605633802817,0.21821564575074653,-0.881262331817314,True,0,0,1,True,0.0,110.0,370.0,0.0,0.0,0.0,1.0,0.0
2025-01-28 19:15:00+00:00,2025-01-28,2025-01-28:1,True,4,5,True,-0.4823529411764706,0.4823529411764706,0.9065880573753038,True,1,0,1,True,2.027192523880659,105.0,375.0,0.0,0.0,0.0,0.0,1.0
2025-01-28 19:20:00+00:00,2025-01-28,2025-01-28:1,True,4,10,True,-0.3973509933774834,0.3973509933774834,0.43652060573827495,True,1,0,1,True,0.0,100.0,380.0,0.0,0.0,0.0,0.0,1.0
2025-01-28 19:25:00+00:00,2025-01-28,2025-01-28:1,True,0,5,True,-0.5808080808080808,0.37046744859520386,-0.4496547938170888,True,1,0,1,True,1.1253133126006523,95.0,385.0,1.0,0.0,0.0,0.0,0.0
2025-01-28 19:30:00+00:00,2025-01-28,2025-01-28:1,True,0,10,True,-0.36283185840707965,0.36283185840707965,1.5220886724178402,True,1,0,1,True,1.2254966852839928,90.0,390.0,1.0,0.0,0.0,0.0,0.0
2025-01-28 19:35:00+00:00,2025-01-28,2025-01-28:1,True,0,15,True,-0.16838487972508592,0.16838487972508592,0.0,True,1,0,1,True,0.7170633795832276,85.0,395.0,1.0,0.0,0.0,0.0,0.0
2025-01-28 19:40:00+00:00,2025-01-28,2025-01-28:1,True,0,20,True,-0.2057142857142857,0.019739104875467425,-2.3438865562585476,True,0,0,1,True,0.5228103745508843,80.0,400.0,1.0,0.0,0.0,0.0,0.0
2025-01-28 19:45:00+00:00,2025-01-28,2025-01-28:1,True,0,25,True,-0.4090909090909091,0.15042524659293574,-1.0004711425467705,True,0,0,1,True,-0.7457071614219,75.0,405.0,1.0,0.0,0.0,0.0,0.0
2025-01-28 19:50:00+00:00,2025-01-28,2025-01-28:1,True,3,5,True,-0.38461538461538464,0.13706008468932934,-1.0318244298975399,True,0,0,1,True,-0.7690765220319552,70.0,410.0,0.0,0.0,0.0,1.0,0.0
2025-01-28 19:55:00+00:00,2025-01-28,2025-01-28:1,True,4,5,True,-0.27586206896551724,0.27586206896551724,0.0,True,0,0,1,True,0.5476307670922343,65.0,415.0,0.0,0.0,0.0,0.0,1.0
2025-01-28 20:00:00+00:00,2025-01-28,2025-01-28:1,True,3,5,True,-0.3783783783783784,0.12929186074122287,-1.0738223607938089,True,0,0,1,True,-0.800379931497329,60.0,420.0,0.0,0.0,0.0,1.0,0.0
2025-01-28 20:05:00+00:00,2025-01-28,2025-01-28:1,True,4,5,True,-0.49570200573065903,0.49570200573065903,0.0,True,0,0,1,True,-0.8212272365960481,55.0,425.0,0.0,0.0,0.0,0.0,1.0
2025-01-28 20:10:00+00:00,2025-01-28,2025-01-28:1,True,3,5,True,-0.11678832116788321,0.08040503449979827,-0.3732862830126127,True,0,0,1,True,-1.6693870077664816,50.0,430.0,0.0,0.0,0.0,1.0,0.0
2025-01-28 20:15:00+00:00,2025-01-28,2025-01-28:1,True,0,5,True,0.12337662337662338,0.04110230401056766,1.0991774771527056,True,0,0,1,True,0.6131892000776501,45.0,435.0,1.0,0.0,0.0,0.0,0.0
2025-01-28 20:20:00+00:00,2025-01-28,2025-01-28:1,True,3,5,True,0.43243243243243246,0.43243243243243246,-1.6693972751977664,True,0,0,1,True,0.0,40.0,440.0,0.0,0.0,0.0,1.0,0.0
2025-01-28 20:25:00+00:00,2025-01-28,2025-01-28:1,True,3,10,True,0.2133676092544987,0.2133676092544987,-0.41935298968167634,True,0,0,1,True,-0.9377017914959963,35.0,445.0,0.0,0.0,0.0,1.0,0.0
2025-01-28 20:30:00+00:00,2025-01-28,2025-01-28:1,True,0,5,True,0.46742209631728043,0.29505186876849465,0.46008152873135905,True,0,0,1,True,-1.0287735734353416,30.0,450.0,1.0,0.0,0.0,0.0,0.0
2025-01-28 20:35:00+00:00,2025-01-28,2025-01-28:1,True,0,10,True,0.4789473684210526,0.4789473684210526,-0.48109062106962197,True,0,0,1,True,1.6808280487465574,25.0,455.0,1.0,0.0,0.0,0.0,0.0
2025-01-28 20:40:00+00:00,2025-01-28,2025-01-28:1,True,0,15,True,0.3894080996884735,0.0884394748702986,1.482309474877303,True,0,0,1,True,0.3660985717095652,20.0,460.0,1.0,0.0,0.0,0.0,0.0
2025-01-28 20:45:00+00:00,2025-01-28,2025-01-28:1,True,0,20,True,0.39520958083832336,0.24393550708980333,0.4825123334417501,True,0,0,1,True,1.0789303775577983,15.0,465.0,1.0,0.0,0.0,0.0,0.0
2025-01-28 20:50:00+00:00,2025-01-28,2025-01-28:1,True,0,25,True,0.5133531157270029,0.5133531157270029,-0.4752992541362772,True,0,0,1,True,0.0,10.0,470.0,1.0,0.0,0.0,0.0,0.0
2025-01-28 20:55:00+00:00,2025-01-28,2025-01-28:1,True,0,30,True,0.4161849710982659,0.4161849710982659,-0.9188933220943449,True,0,0,1,True,1.0273539661353226,5.0,475.0,1.0,0.0,0.0,0.0,0.0
2025-01-28 21:00:00+00:00,2025-01-28,2025-01-28:1,True,0,35,True,0.5637393767705382,0.15624532283926645,1.2831646924335425,True,0,0,1,True,0.0,0.0,480.0,1.0,0.0,0.0,0.0,0.0
2025-01-29 13:00:00+00:00,2025-01-29,2025-01-29:1,False,-1,0,False,,,,False,0,0,0,False,,480.0,0.0,,,,,
2025-01-29 13:05:00+00:00,2025-01-29,2025-01-29:1,False,-1,0,True,0.13580246913580246,,,False,0,0,0,False,,475.0,5.0,,,,,
2025-01-29 13:10:00+00:00,2025-01-29,2025-01-29:1,False,-1,0,True,0.14098360655737704,,,False,0,0,0,False,,470.0,10.0,,,,,
2025-01-29 13:15:00+00:00,2025-01-29,2025-01-29:1,False,-1,0,True,0.20388349514563106,,,False,0,0,0,False,,465.0,15.0,,,,,
2025-01-29 13:20:00+00:00,2025-01-29,2025-01-29:1,False,-1,0,True,0.35802469135802467,,,False,0,0,0,False,,460.0,20.0,,,,,
2025-01-29 13:25:00+00:00,2025-01-29,2025-01-29:1,False,-1,0,True,0.5113636363636364,,,False,0,0,0,False,,455.0,25.0,,,,,
2025-01-29 13:30:00+00:00,2025-01-29,2025-01-29:1,False,-1,0,True,0.7834645669291339,,,False,0,0,0,False,,450.0,30.0,,,,,
2025-01-29 13:35:00+00:00,2025-01-29,2025-01-29:1,False,-1,0,True,0.9622641509433962,,,False,0,0,0,False,,445.0,35.0,,,,,
2025-01-29 13:40:00+00:00,2025-01-29,2025-01-29:1,False,-1,0,True,0.9354838709677419,,,False,0,0,0,False,,440.0,40.0,,,,,
2025-01-29 13:45:00+00:00,2025-01-29,2025-01-29:1,False,-1,0,True,0.9348370927318296,,,False,0,0,0,False,,435.0,45.0,,,,,
2025-01-29 13:50:00+00:00,2025-01-29,2025-01-29:1,False,-1,0,True,0.94750656167979,,,False,0,0,0,False,,430.0,50.0,,,,,
2025-01-29 13:55:00+00:00,2025-01-29,2025-01-29:1,False,-1,0,True,0.8628571428571429,,,False,0,0,0,False,,425.0,55.0,,,,,
2025-01-29 14:00:00+00:00,2025-01-29,2025-01-29:1,False,-1,0,True,0.875,,,False,0,0,0,False,,420.0,60.0,,,,,
2025-01-29 14:05:00+00:00,2025-01-29,2025-01-29:1,True,2,5,True,0.8132530120481928,0.8132530120481928,0.0,True,0,0,0,False,,415.0,65.0,0.0,0.0,1.0,0.0,0.0
2025-01-29 14:10:00+00:00,2025-01-29,2025-01-29:1,True,1,5,True,0.8510158013544018,0.5354834499285963,0.4632607128037554,True,0,0,0,False,,410.0,70.0,0.0,1.0,0.0,0.0,0.0
2025-01-29 14:15:00+00:00,2025-01-29,2025-01-29:1,True,1,10,True,0.8723404255319149,0.13212964691061854,1.8873961298415893,True,0,0,0,False,,405.0,75.0,0.0,1.0,0.0,0.0,0.0
2025-01-29 14:20:00+00:00,2025-01-29,2025-01-29:1,True,1,15,True,0.8469387755102041,0.2990216034250856,1.041112585069734,True,0,0,0,False,,400.0,80.0,0.0,1.0,0.0,0.0,0.0
2025-01-29 14:25:00+00:00,2025-01-29,2025-01-29:1,True,1,20,True,0.6781609195402298,0.1267249433662492,1.677365666777708,True,0,0,0,False,,395.0,85.0,0.0,1.0,0.0,0.0,0.0
2025-01-29 14:30:00+00:00,2025-01-29,2025-01-29:1,True,2,5,True,0.21921921921921922,0.21921921921921922,-0.7866899763437105,True,0,0,0,False,,390.0,90.0,0.0,0.0,1.0,0.0,0.0
2025-01-29 14:35:00+00:00,2025-01-29,2025-01-29:1,True,2,10,True,0.36212624584717606,0.36212624584717606,-0.540220711513852,True,0,0,0,False,,385.0,95.0,0.0,0.0,1.0,0.0,0.0
2025-01-29 14:40:00+00:00,2025-01-29,2025-01-29:1,True,1,5,True,0.5826086956521739,0.19304157053191764,1.1046102129412692,True,0,0,0,False,,380.0,100.0,0.0,1.0,0.0,0.0,0.0
2025-01-29 14:45:00+00:00,2025-01-29,2025-01-29:1,True,1,10,True,0.7277486910994765,0.41446934545887404,0.5629567676928211,True,0,0,0,False,,375.0,105.0,0.0,1.0,0.0,0.0,0.0
2025-01-29 14:50:00+00:00,2025-01-29,2025-01-29:1,True,1,15,True,0.5363128491620112,0.15153067590303668,1.2639295789481846,True,0,0,0,False,,370.0,110.0,0.0,1.0,0.0,0.0,0.0
2025-01-29 14:55:00+00:00,2025-01-29,2025-01-29:1,True,3,5,True,0.10580204778156997,0.10580204778156997,-3.4815613976753097,True,0,0,0,False,,365.0,115.0,0.0,0.0,0.0,1.0,0.0
2025-01-29 15:00:00+00:00,2025-01-29,2025-01-29:1,True,3,10,True,0.3890675241157556,0.3890675241157556,-2.418563458833118,True,0,0,0,False,,360.0,120.0,0.0,0.0,0.0,1.0,0.0
2025-01-29 15:05:00+00:00,2025-01-29,2025-01-29:1,True,4,5,True,0.2995169082125604,0.18042653833442324,0.5068471656687563,True,0,0,0,True,1.133344716638437,355.0,125.0,0.0,0.0,0.0,0.0,1.0
2025-01-29 15:10:00+00:00,2025-01-29,2025-01-29:1,True,4,10,True,0.44144144144144143,0.44144144144144143,0.0,True,0,0,0,True,0.0,350.0,130.0,0.0,0.0,0.0,0.0,1.0
2025-01-29 15:15:00+00:00,2025-01-29,2025-01-29:1,True,4,15,True,0.4913294797687861,0.13654945336454546,1.2804280962519483,True,0,0,0,True,1.3402725525128172,345.0,135.0,0.0,0.0,0.0,0.0,1.0
2025-01-29 15:20:00+00:00,2025-01-29,2025-01-29:1,True,4,20,True,0.4849315068493151,0.13657716193357108,1.2671179141734072,True,0,0,0,True,3.197927396574748,340.0,140.0,0.0,0.0,0.0,0.0,1.0
2025-01-29 15:25:00+00:00,2025-01-29,2025-01-29:1,True,1,5,True,0.6521739130434783,0.11525102398438886,1.7331986974208267,True,0,0,0,True,0.0,335.0,145.0,0.0,1.0,0.0,0.0,0.0
2025-01-29 15:30:00+00:00,2025-01-29,2025-01-29:1,True,1,10,True,0.045951859956236324,1.6240541203643827e-05,7.947838945267711,True,0,0,0,True,17.983424384786147,330.0,150.0,0.0,1.0,0.0,0.0,0.0
2025-01-29 15:35:00+00:00,2025-01-29,2025-01-29:1,True,2,5,True,-0.8676844783715013,0.8038408933118124,-0.0764267886917865,True,0,0,0,True,0.3417909896336937,325.0,155.0,0.0,0.0,1.0,0.0,0.0
2025-01-29 15:40:00+00:00,2025-01-29,2025-01-29:1,True,2,10,True,-0.7849898580121704,0.29847731895493207,-0.9669768514240193,True,0,0,0,True,0.24719762749818616,320.0,160.0,0.0,0.0,1.0,0.0,0.0
2025-01-29 15:45:00+00:00,2025-01-29,2025-01-29:1,True,0,5,True,-0.875,0.290234667235553,-1.1035340932367919,True,0,0,0,True,-0.6580205994578024,315.0,165.0,1.0,0.0,0.0,0.0,0.0
2025-01-29 15:50:00+00:00,2025-01-29,2025-01-29:1,True,0,10,True,-0.8689458689458689,0.362887448811275,-0.8731881043080104,True,0,0,0,True,0.0,310.0,170.0,1.0,0.0,0.0,0.0,0.0
2025-01-29 15:55:00+00:00,2025-01-29,2025-01-29:1,True,0,15,True,-0.8764044943820225,0.36771337069964394,-0.868523985226733,True,0,0,0,True,-0.32367977850917967,305.0,175.0,1.0,0.0,0.0,0.0,0.0
2025-01-29 16:00:00+00:00,2025-01-29,2025-01-29:1,True,3,5,True,-0.9066339066339066,0.5095347393524977,-0.5762407040179158,True,0,0,0,True,0.6442566927922825,300.0,180.0,0.0,0.0,0.0,1.0,0.0
2025-01-29 16:05:00+00:00,2025-01-29,2025-01-29:1,True,4,5,True,-0.7951482479784366,0.7951482479784366,0.0,True,0,0,0,True,-0.4390846131263012,295.0,185.0,0.0,0.0,0.0,0.0,1.0
2025-01-29 16:10:00+00:00,2025-01-29,2025-01-29:1,True,3,5,True,-0.6847826086956522,0.4495186008363553,-0.420924194098152,True,0,0,0,True,0.0,290.0,190.0,0.0,0.0,0.0,1.0,0.0
2025-01-29 16:15:00+00:00,2025-01-29,2025-01-29:1,True,4,5,True,-0.7486338797814208,0.7486338797814208,0.41981089051144,True,1,0,0,True,-1.06839909096021,285.0,195.0,0.0,0.0,0.0,0.0,1.0
2025-01-29 16:20:00+00:00,2025-01-29,2025-01-29:1,True,3,5,True,-0.6888888888888889,0.26017679947466477,-0.9737185957958258,True,0,1,1,True,-0.3110429958790485,280.0,200.0,0.0,0.0,0.0,1.0,0.0
2025-01-29 16:25:00+00:00,2025-01-29,2025-01-29:1,True,3,10,True,-0.7551020408163265,0.494230347517581,-0.42385119448603564,True,0,0,1,True,-0.8217036017318982,275.0,205.0,0.0,0.0,0.0,1.0,0.0
2025-01-29 16:30:00+00:00,2025-01-29,2025-01-29:1,True,0,5,True,-0.7802197802197802,0.7802197802197802,0.0,True,0,0,1,True,-0.4913606448056354,270.0,210.0,1.0,0.0,0.0,0.0,0.0
2025-01-29 16:35:00+00:00,2025-01-29,2025-01-29:1,True,3,5,True,-0.7959183673469388,0.2288008719282858,-1.2466445566274003,True,0,0,1,True,-1.3937909861984863,265.0,215.0,0.0,0.0,0.0,1.0,0.0
2025-01-29 16:40:00+00:00,2025-01-29,2025-01-29:1,True,3,10,True,-0.6692111959287532,0.24468761215276963,-1.0061173547545852,True,0,0,1,True,0.32455523716649337,260.0,220.0,0.0,0.0,0.0,1.0,0.0
2025-01-29 16:45:00+00:00,2025-01-29,2025-01-29:1,True,4,5,True,-0.6611764705882353,0.6611764705882353,0.5942829734499898,True,1,0,1,True,0.643138998339165,255.0,225.0,0.0,0.0,0.0,0.0,1.0
2025-01-29 16:50:00+00:00,2025-01-29,2025-01-29:1,True,3,5,True,-0.6384976525821596,0.1219284466957331,-1.655683628829365,True,0,1,2,True,-1.3462622339251193,250.0,230.0,0.0,0.0,0.0,1.0,0.0
2025-01-29 16:55:00+00:00,2025-01-29,2025-01-29:1,True,4,5,True,-0.6476683937823834,0.6476683937823834,0.29927646073365866,True,1,0,2,True,0.0,245.0,235.0,0.0,0.0,0.0,0.0,1.0
2025-01-29 17:00:00+00:00,2025-01-29,2025-01-29:1,True,3,5,True,-0.5241157556270096,0.12483421245623734,-1.4347260109722353,True,0,1,3,True,-0.8767836424234794,240.0,240.0,0.0,0.0,0.0,1.0,0.0
2025-01-29 17:05:00+00:00,2025-01-29,2025-01-29:1,True,3,10,True,-0.6275071633237822,0.18109188268039983,-1.2427505450173018,True,0,0,3,True,0.22562240339932282,235.0,245.0,0.0,0.0,0.0,1.0,0.0
2025-01-29 17:10:00+00:00,2025-01-29,2025-01-29:1,True,3,15,True,-0.6705202312138728,0.1515887057744379,-1.4868829053263424,True,0,0,3,True,1.3301970920282036,230.0,250.0,0.0,0.0,0.0,1.0,0.0
2025-01-29 17:15:00+00:00,2025-01-29,2025-01-29:1,True,3,20,True,-0.6175548589341693,0.1914312994359159,-1.1712389103625434,True,0,0,3,True,0.1933223665357145,225.0,255.0,0.0,0.0,0.0,1.0,0.0
2025-01-29 17:20:00+00:00,2025-01-29,2025-01-29:1,True,4,5,True,-0.4965986394557823,0.4965986394557823,0.0,True,0,0,3,True,1.0507688089969032,220.0,260.0,0.0,0.0,0.0,0.0,1.0
2025-01-29 17:25:00+00:00,2025-01-29,2025-01-29:1,True,4,10,True,-0.711340206185567,0.711340206185567,0.0,True,0,0,3,True,0.0,215.0,265.0,0.0,0.0,0.0,0.0,1.0
2025-01-29 17:30:00+00:00,2025-01-29,2025-01-29:1,True,4,15,True,-0.38666666666666666,0.38666666666666666,0.6752217723832863,True,1,0,3,True,0.754920891467744,210.0,270.0,0.0,0.0,0.0,0.0,1.0
2025-01-29 17:35:00+00:00,2025-01-29,2025-01-29:1,True,3,5,True,-0.4662576687116564,0.29889847832101046,-0.4446344401148143,True,1,0,3,True,1.9182231854589697,205.0,275.0,0.0,0.0,0.0,1.0,0.0
2025-01-29 17:40:00+00:00,2025-01-29,2025-01-29:1,True,0,5,True,-0.3110367892976589,0.3110367892976589,0.2170675660502572,True,1,0,3,True,-0.1609544653050936,200.0,280.0,1.0,0.0,0.0,0.0,0.0
2025-01-29 17:45:00+00:00,2025-01-29,2025-01-29:1,True,0,10,True,-0.45864661654135336,0.45864661654135336,0.22916884424386635,True,1,0,3,True,0.9340506895125247,195.0,285.0,1.0,0.0,0.0,0.0,0.0
2025-01-29 17:50:00+00:00,2025-01-29,2025-01-29:1,True,0,15,True,-0.39880952380952384,0.39880952380952384,0.8485910649423751,True,1,0,3,True,-0.06251429599845507,190.0,290.0,1.0,0.0,0.0,0.0,0.0
2025-01-29 17:55:00+00:00,2025-01-29,2025-01-29:1,True,1,5,True,-0.5454545454545454,0.5454545454545454,1.390952865671018,True,0,0,3,True,0.29932276413342934,185.0,295.0,0.0,1.0,0.0,0.0,0.0
2025-01-29 18:00:00+00:00,2025-01-29,2025-01-29:1,True,1,10,True,-0.5971223021582733,0.5971223021582733,0.29125383795852794,True,0,0,3,True,0.25552659795369537,180.0,300.0,0.0,1.0,0.0,0.0,0.0
2025-01-29 18:05:00+00:00,2025-01-29,2025-01-29:1,True,2,5,True,-0.33993399339933994,0.15735790766576205,-0.7702285841909214,True,0,0,3,True,0.0,175.0,305.0,0.0,0.0,1.0,0.0,0.0
2025-01-29 18:10:00+00:00,2025-01-29,2025-01-29:1,True,2,10,True,-0.49295774647887325,0.49295774647887325,0.11206487204748898,True,0,0,3,True,1.0023386871520057,170.0,310.0,0.0,0.0,1.0,0.0,0.0
2025-01-29 18:15:00+00:00,2025-01-29,2025-01-29:1,True,0,5,True,-0.0782608695652174,0.04329330725990592,-0.5920496716391546,True,0,0,3,True,0.9056520699119173,165.0,315.0,1.0,0.0,0.0,0.0,0.0
2025-01-29 18:20:00+00:00,2025-01-29,2025-01-29:1,True,0,10,True,0.3738019169329074,0.3738019169329074,-0.7977240352177429,True,0,0,3,True,-1.326067790392435,160.0,320.0,1.0,0.0,0.0,0.0,0.0
2025-01-29 18:25:00+00:00,2025-01-29,2025-01-29:1,True,0,15,True,-0.29971988795518206,0.29971988795518206,1.794630320842302,True,0,0,3,True,0.7281066619842197,155.0,325.0,1.0,0.0,0.0,0.0,0.0
2025-01-29 18:30:00+00:00,2025-01-29,2025-01-29:1,True,0,20,True,0.042735042735042736,0.042735042735042736,-0.22283114997470974,True,0,0,3,True,-0.49826559884790156,150.0,330.0,1.0,0.0,0.0,0.0,0.0
2025-01-29 18:35:00+00:00,2025-01-29,2025-01-29:1,True,0,25,True,0.047021943573667714,0.047021943573667714,-1.0004274902595547,True,0,0,3,True,0.9176917389496861,145.0,335.0,1.0,0.0,0.0,0.0,0.0
2025-01-29 18:40:00+00:00,2025-01-29,2025-01-29:1,True,3,5,True,-0.13702623906705538,0.03596647928898451,-1.337585059703314,True,0,0,3,True,-0.08301680420922422,140.0,340.0,0.0,0.0,0.0,1.0,0.0
2025-01-29 18:45:00+00:00,2025-01-29,2025-01-29:1,True,0,5,True,-0.363914373088685,0.363914373088685,0.0,True,0,0,3,True,0.5008008252294215,135.0,345.0,1.0,0.0,0.0,0.0,0.0
2025-01-29 18:50:00+00:00,2025-01-29,2025-01-29:1,True,0,10,True,-0.5882352941176471,0.5882352941176471,0.24234693125790396,True,0,0,3,True,0.0,130.0,350.0,1.0,0.0,0.0,0.0,0.0
2025-01-29 18:55:00+00:00,2025-01-29,2025-01-29:1,True,3,5,True,-0.6239316239316239,0.23697186993530453,-0.9680993434982231,True,0,0,3,True,-0.6184959831535951,125.0,355.0,0.0,0.0,0.0,1.0,0.0
2025-01-29 19:00:00+00:00,2025-01-29,2025-01-29:1,True,3,10,True,-0.655786350148368,0.303472021980665,-0.7705456284749446,True,0,0,3,True,0.0,120.0,360.0,0.0,0.0,0.0,1.0,0.0
2025-01-29 19:05:00+00:00,2025-01-29,2025-01-29:1,True,4,5,True,-0.7416020671834626,0.7416020671834626,0.0,True,0,0,3,True,0.0,115.0,365.0,0.0,0.0,0.0,0.0,1.0
2025-01-29 19:10:00+00:00,2025-01-29,2025-01-29:1,True,3,5,True,-0.6205128205128205,0.23254108456772415,-0.9814793487805393,True,0,0,3,True,0.49928908636212754,110.0,370.0,0.0,0.0,0.0,1.0,0.0
2025-01-29 19:15:00+00:00,2025-01-29,2025-01-29:1,True,3,10,True,-0.6524064171122995,0.33287980140981244,-0.6728862387682134,True,0,0,3,True,0.0,105.0,375.0,0.0,0.0,0.0,1.0,0.0
2025-01-29 19:20:00+00:00,2025-01-29,2025-01-29:1,True,4,5,True,-0.5054945054945055,0.5054945054945055,0.0,True,0,0,3,True,-1.4067852778794618,100.0,380.0,0.0,0.0,0.0,0.0,1.0
2025-01-29 19:25:00+00:00,2025-01-29,2025-01-29:1,True,4,10,True,-0.7220843672456576,0.7220843672456576,0.0,True,0,0,3,True,-0.9516619028633533,95.0,385.0,0.0,0.0,0.0,0.0,1.0
2025-01-29 19:30:00+00:00,2025-01-29,2025-01-29:1,True,4,15,True,-0.7134986225895317,0.7134986225895317,0.46511485788957446,True,1,0,3,True,0.3625450756344872,90.0,390.0,0.0,0.0,0.0,0.0,1.0
2025-01-29 19:35:00+00:00,2025-01-29,2025-01-29:1,True,4,20,True,-0.5721649484536082,0.5721649484536082,0.0,True,1,0,3,True,1.0729489793081666,85.0,395.0,0.0,0.0,0.0,0.0,1.0
2025-01-29 19:40:00+00:00,2025-01-29,2025-01-29:1,True,0,5,True,-0.7220708446866485,0.7220708446866485,0.0,True,1,0,3,True,0.0,80.0,400.0,1.0,0.0,0.0,0.0,0.0
2025-01-29 19:45:00+00:00,2025-01-29,2025-01-29:1,True,0,10,True,-0.20134228187919462,0.11882720087230612,-0.5273360104068465,True,1,0,3,True,-1.1791591662532452,75.0,405.0,1.0,0.0,0.0,0.0,0.0
2025-01-29 19:50:00+00:00,2025-01-29,2025-01-29:1,True,0,15,True,-0.5116279069767442,0.29939871193709333,-0.5358214468179338,True,0,1,4,True,-0.7286768208543893,70.0,410.0,1.0,0.0,0.0,0.0,0.0
2025-01-29 19:55:00+00:00,2025-01-29,2025-01-29:1,True,0,20,True,-0.4624277456647399,0.1661446366281954,-1.0236316051784133,True,0,0,4,True,0.5358231624232777,65.0,415.0,1.0,0.0,0.0,0.0,0.0
2025-01-29 20:00:00+00:00,2025-01-29,2025-01-29:1,True,3,5,True,-0.7151515151515152,0.09468925702411445,-2.0218938779854425,True,0,0,4,True,0.7914992233239911,60.0,420.0,0.0,0.0,0.0,1.0,0.0
2025-01-29 20:05:00+00:00,2025-01-29,2025-01-29:1,True,3,10,True,-0.542997542997543,0.34050733378610154,-0.46666813141449986,True,0,0,4,True,-0.35046163388178697,55.0,425.0,0.0,0.0,0.0,1.0,0.0
2025-01-29 20:10:00+00:00,2025-01-29,2025-01-29:1,True,3,15,True,-0.40869565217391307,0.16343205769429933,-0.9165733976265027,True,0,0,4,True,1.024760211728946,50.0,430.0,0.0,0.0,0.0,1.0,0.0
2025-01-29 20:15:00+00:00,2025-01-29,2025-01-29:1,True,3,20,True,-0.5411764705882353,0.2164094080607768,-0.9165733976265491,True,0,0,4,True,1.0247602117289978,45.0,435.0,0.0,0.0,0.0,1.0,0.0
2025-01-29 20:20:00+00:00,2025-01-29,2025-01-29:1,True,4,5,True,-0.5454545454545454,0.5454545454545454,0.44495682619984367,True,1,0,4,True,0.0,40.0,440.0,0.0,0.0,0.0,0.0,1.0
2025-01-29 20:25:00+00:00,2025-01-29,2025-01-29:1,True,3,5,True,-0.646112600536193,0.12756665027670347,-1.622334817546989,True,0,1,5,True,0.0,35.0,445.0,0.0,0.0,0.0,1.0,0.0
2025-01-29 20:30:00+00:00,2025-01-29,2025-01-29:1,True,3,10,True,-0.5339805825242718,0.35124164268482094,-0.4188850486882016,True,0,0,5,True,-0.9366554436251279,30.0,450.0,0.0,0.0,0.0,1.0,0.0
2025-01-29 20:35:00+00:00,2025-01-29,2025-01-29:1,True,4,5,True,-0.6011080332409973,0.6011080332409973,0.0,True,0,0,5,True,0.0,25.0,455.0,0.0,0.0,0.0,0.0,1.0
2025-01-29 20:40:00+00:00,2025-01-29,2025-01-29:1,True,3,5,True,-0.44808743169398907,0.19308683021302317,-0.8418483881968055,True,0,0,5,True,-0.941215111379682,20.0,460.0,0.0,0.0,0.0,1.0,0.0
2025-01-29 20:45:00+00:00,2025-01-29,2025-01-29:1,True,3,10,True,-0.5933014354066986,0.16676105494337132,-1.2691406135121743,True,0,0,5,True,0.0,15.0,465.0,0.0,0.0,0.0,1.0,0.0
2025-01-29 20:50:00+00:00,2025-01-29,2025-01-29:1,True,4,5,True,-0.21428571428571427,0.21428571428571427,0.0,True,0,0,5,True,-0.9248129826698877,10.0,470.0,0.0,0.0,0.0,0.0,1.0
2025-01-29 20:55:00+00:00,2025-01-29,2025-01-29:1,True,4,10,True,-0.29562982005141386,0.29562982005141386,0.0,True,0,0,5,True,0.0,5.0,475.0,0.0,0.0,0.0,0.0,1.0
2025-01-29 21:00:00+00:00,2025-01-29,2025-01-29:1,True,3,5,True,-0.3665480427046263,0.09823492023804208,-1.3167678424907356,True,0,0,5,True,-0.6228767466980577,0.0,480.0,0.0,0.0,0.0,1.0,0.0
2025-01-30 13:00:00+00:00,2025-01-30,2025-01-30:1,False,-1,0,False,,,,False,0,0,0,False,,480.0,0.0,,,,,
2025-01-30 13:05:00+00:00,2025-01-30,2025-01-30:1,False,-1,0,True,0.056338028169014086,,,False,0,0,0,False,,475.0,5.0,,,,,
2025-01-30 13:10:00+00:00,2025-01-30,2025-01-30:1,False,-1,0,True,0.2625,,,False,0,0,0,False,,470.0,10.0,,,,,
2025-01-30 13:15:00+00:00,2025-01-30,2025-01-30:1,False,-1,0,True,-0.17159763313609466,,,False,0,0,0,False,,465.0,15.0,,,,,
2025-01-30 13:20:00+00:00,2025-01-30,2025-01-30:1,False,-1,0,True,0.11945392491467577,,,False,0,0,0,False,,460.0,20.0,,,,,
2025-01-30 13:25:00+00:00,2025-01-30,2025-01-30:1,False,-1,0,True,0.049689440993788817,,,False,0,0,0,False,,455.0,25.0,,,,,
2025-01-30 13:30:00+00:00,2025-01-30,2025-01-30:1,False,-1,0,True,-0.07291666666666667,,,False,0,0,0,False,,450.0,30.0,,,,,
2025-01-30 13:35:00+00:00,2025-01-30,2025-01-30:1,False,-1,0,True,0.5393258426966292,,,False,0,0,0,False,,445.0,35.0,,,,,
2025-01-30 13:40:00+00:00,2025-01-30,2025-01-30:1,False,-1,0,True,0.6338797814207651,,,False,0,0,0,False,,440.0,40.0,,,,,
2025-01-30 13:45:00+00:00,2025-01-30,2025-01-30:1,False,-1,0,True,0.7925925925925926,,,False,0,0,0,False,,435.0,45.0,,,,,
2025-01-30 13:50:00+00:00,2025-01-30,2025-01-30:1,False,-1,0,True,0.22302158273381295,,,False,0,0,0,False,,430.0,50.0,,,,,
2025-01-30 13:55:00+00:00,2025-01-30,2025-01-30:1,False,-1,0,True,0.23219814241486067,,,False,0,0,0,False,,425.0,55.0,,,,,
2025-01-30 14:00:00+00:00,2025-01-30,2025-01-30:1,False,-1,0,True,0.16292134831460675,,,False,0,0,0,False,,420.0,60.0,,,,,
2025-01-30 14:05:00+00:00,2025-01-30,2025-01-30:1,True,2,5,True,0.21910112359550563,0.21910112359550563,-0.7425643872138122,True,0,0,0,False,,415.0,65.0,0.0,0.0,1.0,0.0,0.0
2025-01-30 14:10:00+00:00,2025-01-30,2025-01-30:1,True,1,5,True,0.3723076923076923,0.23012669870298688,0.4810906210697507,True,0,0,0,False,,410.0,70.0,0.0,1.0,0.0,0.0,0.0
2025-01-30 14:15:00+00:00,2025-01-30,2025-01-30:1,True,0,5,True,-0.2702702702702703,0.05932329434291828,-1.5164204084909894,True,0,0,0,False,,405.0,75.0,1.0,0.0,0.0,0.0,0.0
2025-01-30 14:20:00+00:00,2025-01-30,2025-01-30:1,True,0,10,True,-0.013986013986013986,0.013986013986013986,0.5082321227063163,True,0,0,0,False,,400.0,80.0,1.0,0.0,0.0,0.0,0.0
2025-01-30 14:25:00+00:00,2025-01-30,2025-01-30:1,True,0,15,True,0.3151515151515151,0.11200046249327739,1.0345505229721528,True,0,0,0,False,,395.0,85.0,1.0,0.0,0.0,0.0,0.0
2025-01-30 14:30:00+00:00,2025-01-30,2025-01-30:1,True,0,20,True,0.137546468401487,0.137546468401487,-1.4735074226870253,True,0,0,0,False,,390.0,90.0,1.0,0.0,0.0,0.0,0.0
2025-01-30 14:35:00+00:00,2025-01-30,2025-01-30:1,True,0,25,True,0.11731843575418995,0.07260084048336807,0.47991541219517025,True,0,0,0,False,,385.0,95.0,1.0,0.0,0.0,0.0,0.0
2025-01-30 14:40:00+00:00,2025-01-30,2025-01-30:1,True,0,30,True,-0.028391167192429023,0.028391167192429023,0.47298451710965334,True,0,0,0,False,,380.0,100.0,1.0,0.0,0.0,0.0,0.0
2025-01-30 14:45:00+00:00,2025-01-30,2025-01-30:1,True,0,35,True,-0.18823529411764706,0.04523927240247873,-1.4257271766705153,True,0,0,0,False,,375.0,105.0,1.0,0.0,0.0,0.0,0.0
2025-01-30 14:50:00+00:00,2025-01-30,2025-01-30:1,True,3,5,True,0.07598784194528875,0.07598784194528875,-0.9523092790342881,True,0,0,0,False,,370.0,110.0,0.0,0.0,0.0,1.0,0.0
2025-01-30 14:55:00+00:00,2025-01-30,2025-01-30:1,True,4,5,True,0.032640949554896145,0.012323303552080665,0.9740755538062481,True,0,0,0,False,,365.0,115.0,0.0,0.0,0.0,0.0,1.0
2025-01-30 15:00:00+00:00,2025-01-30,2025-01-30:1,True,0,5,True,0.4117647058823529,0.4117647058823529,-0.4831681776819738,True,0,0,0,False,,360.0,120.0,1.0,0.0,0.0,0.0,0.0
2025-01-30 15:05:00+00:00,2025-01-30,2025-01-30:1,True,0,10,True,0.2413793103448276,0.2413793103448276,0.0,True,0,0,0,True,1.6042571955246476,355.0,125.0,1.0,0.0,0.0,0.0,0.0
2025-01-30 15:10:00+00:00,2025-01-30,2025-01-30:1,True,3,5,True,0.16932907348242812,0.16932907348242812,-1.797507306157151,True,0,0,0,True,0.0,350.0,130.0,0.0,0.0,0.0,1.0,0.0
2025-01-30 15:15:00+00:00,2025-01-30,2025-01-30:1,True,3,10,True,0.09937888198757763,0.09937888198757763,-0.460339658314843,True,0,0,0,True,-0.5234422609704544,345.0,135.0,0.0,0.0,0.0,1.0,0.0
2025-01-30 15:20:00+00:00,2025-01-30,2025-01-30:1,True,3,15,True,-0.1,0.06365439123234069,-0.4517018730683923,True,0,0,0,True,2.020072187484072,340.0,140.0,0.0,0.0,0.0,1.0,0.0
2025-01-30 15:25:00+00:00,2025-01-30,2025-01-30:1,True,3,20,True,0.017857142857142856,0.017857142857142856,-0.46645296128217933,True,0,0,0,True,0.0,335.0,145.0,0.0,0.0,0.0,1.0,0.0
2025-01-30 15:30:00+00:00,2025-01-30,2025-01-30:1,True,3,25,True,-0.17766497461928935,0.025688178753198503,-1.9338686963440228,True,0,0,0,True,-4.324261864584135,330.0,150.0,0.0,0.0,0.0,1.0,0.0
2025-01-30 15:35:00+00:00,2025-01-30,2025-01-30:1,True,4,5,True,-0.050666666666666665,0.050666666666666665,0.466668131414819,True,1,0,0,True,1.0435016647763404,325.0,155.0,0.0,0.0,0.0,0.0,1.0
2025-01-30 15:40:00+00:00,2025-01-30,2025-01-30:1,True,3,5,True,0.29333333333333333,0.29333333333333333,-1.8263868828746859,True,0,1,1,True,0.0,320.0,160.0,0.0,0.0,0.0,1.0,0.0
2025-01-30 15:45:00+00:00,2025-01-30,2025-01-30:1,True,0,5,True,0.3021978021978022,0.027593049068463806,2.393517881478587,True,0,0,1,True,-0.892011448057056,315.0,165.0,1.0,0.0,0.0,0.0,0.0
2025-01-30 15:50:00+00:00,2025-01-30,2025-01-30:1,True,0,10,True,0.14074074074074075,0.09542522889580274,0.3885764823832485,True,0,0,1,True,1.7377668581358559,310.0,170.0,1.0,0.0,0.0,0.0,0.0
2025-01-30 15:55:00+00:00,2025-01-30,2025-01-30:1,True,0,15,True,0.07374631268436578,0.013708629642664096,1.6826054610157386,True,0,0,1,True,3.465538190958875,305.0,175.0,1.0,0.0,0.0,0.0,0.0
2025-01-30 16:00:00+00:00,2025-01-30,2025-01-30:1,True,2,5,True,0.562874251497006,0.562874251497006,-0.30735342244436903,True,0,0,1,True,0.2891560644694732,300.0,180.0,0.0,0.0,1.0,0.0,0.0
2025-01-30 16:05:00+00:00,2025-01-30,2025-01-30:1,True,0,5,True,0.3941368078175896,0.3941368078175896,-0.3089237234192036,True,0,0,1,True,0.40897146534102713,295.0,185.0,1.0,0.0,0.0,0.0,0.0
2025-01-30 16:10:00+00:00,2025-01-30,2025-01-30:1,True,2,5,True,0.3827893175074184,0.3827893175074184,-0.7510828490928314,True,0,0,1,True,0.22682444441680547,290.0,190.0,0.0,0.0,1.0,0.0,0.0
2025-01-30 16:15:00+00:00,2025-01-30,2025-01-30:1,True,0,5,True,0.4521276595744681,0.106968956222257,1.4414259090400436,True,0,0,1,True,0.6446252634296926,285.0,195.0,1.0,0.0,0.0,0.0,0.0
2025-01-30 16:20:00+00:00,2025-01-30,2025-01-30:1,True,0,10,True,0.61,0.61,-0.8450027119168274,True,0,0,1,True,-0.1583596876635516,280.0,200.0,1.0,0.0,0.0,0.0,0.0
2025-01-30 16:25:00+00:00,2025-01-30,2025-01-30:1,True,0,15,True,0.5478260869565217,0.5478260869565217,-0.2829866405885614,True,0,0,1,True,-1.2655547301588503,275.0,205.0,1.0,0.0,0.0,0.0,0.0
2025-01-30 16:30:00+00:00,2025-01-30,2025-01-30:1,True,0,20,True,0.6358381502890174,0.2109415354322855,1.103363038454677,True,0,0,1,True,0.4768641354906887,270.0,210.0,1.0,0.0,0.0,0.0,0.0
2025-01-30 16:35:00+00:00,2025-01-30,2025-01-30:1,True,0,25,True,0.38461538461538464,0.38461538461538464,-0.2836289899352564,True,0,0,1,True,0.6342137018830345,265.0,215.0,1.0,0.0,0.0,0.0,0.0
2025-01-30 16:40:00+00:00,2025-01-30,2025-01-30:1,True,0,30,True,0.5816618911174785,0.32818229201825355,0.5723201134710502,True,0,0,1,True,0.6398733393049214,260.0,220.0,1.0,0.0,0.0,0.0,0.0
2025-01-30 16:45:00+00:00,2025-01-30,2025-01-30:1,True,0,35,True,0.5040431266846361,0.5040431266846361,-0.8754004323837575,True,0,0,1,True,-0.8475839948857873,255.0,225.0,1.0,0.0,0.0,0.0,0.0
2025-01-30 16:50:00+00:00,2025-01-30,2025-01-30:1,True,0,40,True,0.4421768707482993,0.4421768707482993,-0.2918001441276427,True,0,0,1,True,-0.6524849581136452,250.0,230.0,1.0,0.0,0.0,0.0,0.0
2025-01-30 16:55:00+00:00,2025-01-30,2025-01-30:1,True,0,45,True,0.4642857142857143,0.4642857142857143,0.0,True,0,0,1,True,0.0,245.0,235.0,1.0,0.0,0.0,0.0,0.0
2025-01-30 17:00:00+00:00,2025-01-30,2025-01-30:1,True,0,50,True,0.42939481268011526,0.30468759712172594,0.3430898250301363,True,0,0,1,True,0.7671721711558938,240.0,240.0,1.0,0.0,0.0,0.0,0.0
2025-01-30 17:05:00+00:00,2025-01-30,2025-01-30:1,True,0,55,True,0.0125,0.007452187980764401,0.5172209663416615,True,0,0,1,True,1.156541240128086,235.0,245.0,1.0,0.0,0.0,0.0,0.0
2025-01-30 17:10:00+00:00,2025-01-30,2025-01-30:1,True,0,60,True,0.5714285714285714,0.5714285714285714,-0.5581199235301559,True,0,0,1,True,0.6377960179634204,230.0,250.0,1.0,0.0,0.0,0.0,0.0
2025-01-30 17:15:00+00:00,2025-01-30,2025-01-30:1,True,0,65,True,0.04678362573099415,0.04678362573099415,-0.3980260085883988,True,0,0,1,True,-0.8900132120165749,225.0,255.0,1.0,0.0,0.0,0.0,0.0
2025-01-30 17:20:00+00:00,2025-01-30,2025-01-30:1,True,0,70,True,0.16510903426791276,0.16510903426791276,0.0,True,0,0,1,True,0.7077324629261055,220.0,260.0,1.0,0.0,0.0,0.0,0.0
2025-01-30 17:25:00+00:00,2025-01-30,2025-01-30:1,True,0,75,True,0.2012012012012012,0.12913188570080691,0.44347115652133295,True,0,0,1,True,0.0,215.0,265.0,1.0,0.0,0.0,0.0,0.0
2025-01-30 17:30:00+00:00,2025-01-30,2025-01-30:1,True,0,80,True,-0.10416666666666667,0.10416666666666667,1.4157697201871815,True,0,0,1,True,-0.7783008245034978,210.0,270.0,1.0,0.0,0.0,0.0,0.0
2025-01-30 17:35:00+00:00,2025-01-30,2025-01-30:1,True,0,85,True,-0.06422018348623854,0.06422018348623854,0.5194391910227977,True,0,0,1,True,0.0,205.0,275.0,1.0,0.0,0.0,0.0,0.0
2025-01-30 17:40:00+00:00,2025-01-30,2025-01-30:1,True,0,90,True,-0.1118421052631579,0.06494208646136973,-0.543592206970219,True,0,0,1,True,-1.2155091268245448,200.0,280.0,1.0,0.0,0.0,0.0,0.0
2025-01-30 17:45:00+00:00,2025-01-30,2025-01-30:1,True,0,95,True,0.12074303405572756,0.12074303405572756,-1.1615566759258031,True,0,0,1,True,0.0,195.0,285.0,1.0,0.0,0.0,0.0,0.0
2025-01-30 17:50:00+00:00,2025-01-30,2025-01-30:1,True,0,100,True,0.008595988538681949,0.008595988538681949,-0.5725188012435155,True,0,0,1,True,0.0,190.0,290.0,1.0,0.0,0.0,0.0,0.0
2025-01-30 17:55:00+00:00,2025-01-30,2025-01-30:1,True,0,105,True,-0.3868194842406877,0.3868194842406877,0.6380678136293274,True,0,0,1,True,0.6149110297691469,185.0,295.0,1.0,0.0,0.0,0.0,0.0
2025-01-30 18:00:00+00:00,2025-01-30,2025-01-30:1,True,0,110,True,-0.29528535980148884,0.29528535980148884,0.9593108444935321,True,0,0,1,True,-0.22963159324969812,180.0,300.0,1.0,0.0,0.0,0.0,0.0
2025-01-30 18:05:00+00:00,2025-01-30,2025-01-30:1,True,3,5,True,-0.0812720848056537,0.013776051109505144,-1.7748709395499842,True,0,0,1,True,0.4103140939228755,175.0,305.0,0.0,0.0,0.0,1.0,0.0
2025-01-30 18:10:00+00:00,2025-01-30,2025-01-30:1,True,4,5,True,-0.22929936305732485,0.22929936305732485,0.0,True,0,0,1,True,-1.3125689803353875,170.0,310.0,0.0,0.0,0.0,0.0,1.0
2025-01-30 18:15:00+00:00,2025-01-30,2025-01-30:1,True,0,5,True,-0.15457413249211358,0.15457413249211358,0.0,True,0,0,1,True,1.6287967729392967,165.0,315.0,1.0,0.0,0.0,0.0,0.0
2025-01-30 18:20:00+00:00,2025-01-30,2025-01-30:1,True,3,5,True,-0.11203319502074689,0.01087569415283363,-2.3322648064124993,True,0,0,1,True,-0.521510264867763,160.0,320.0,0.0,0.0,0.0,1.0,0.0
2025-01-30 18:25:00+00:00,2025-01-30,2025-01-30:1,True,3,10,True,-0.24666666666666667,0.022999743880179647,-2.372554817307321,True,0,0,1,True,-1.0609110035644365,155.0,325.0,0.0,0.0,0.0,1.0,0.0
2025-01-30 18:30:00+00:00,2025-01-30,2025-01-30:1,True,3,15,True,0.0026109660574412533,0.0026109660574412533,-0.8440692093587123,True,0,0,1,True,-0.35784404811419546,150.0,330.0,0.0,0.0,0.0,1.0,0.0
2025-01-30 18:35:00+00:00,2025-01-30,2025-01-30:1,True,4,5,True,0.0111731843575419,0.007716138811183443,0.3702025687751532,True,1,0,1,True,2.2385193289944034,145.0,335.0,0.0,0.0,0.0,0.0,1.0
2025-01-30 18:40:00+00:00,2025-01-30,2025-01-30:1,True,4,10,True,-0.006024096385542169,0.006024096385542169,0.34923319471259806,True,1,0,1,True,0.0,140.0,340.0,0.0,0.0,0.0,0.0,1.0
2025-01-30 18:45:00+00:00,2025-01-30,2025-01-30:1,True,3,5,True,-0.044673539518900345,0.03141016533777711,-0.3522497918775653,True,1,0,1,True,-0.3170903172296247,135.0,345.0,0.0,0.0,0.0,1.0,0.0
2025-01-30 18:50:00+00:00,2025-01-30,2025-01-30:1,True,0,5,True,-0.02976190476190476,0.02976190476190476,1.1837893591038402,True,1,0,1,True,0.37814763971356385,130.0,350.0,1.0,0.0,0.0,0.0,0.0
2025-01-30 18:55:00+00:00,2025-01-30,2025-01-30:1,True,1,5,True,0.27019498607242337,0.07848825382090611,1.2361948882596898,True,1,0,1,True,-1.6524346251506976,125.0,355.0,0.0,1.0,0.0,0.0,0.0
2025-01-30 19:00:00+00:00,2025-01-30,2025-01-30:1,True,2,5,True,0.23076923076923078,0.23076923076923078,0.0,True,0,0,1,True,-1.335031487280352,120.0,360.0,0.0,0.0,1.0,0.0,0.0
2025-01-30 19:05:00+00:00,2025-01-30,2025-01-30:1,True,1,5,True,0.11428571428571428,0.035026742034974884,1.1825897507248864,True,0,0,1,True,0.6610877680297838,115.0,365.0,0.0,1.0,0.0,0.0,0.0
2025-01-30 19:10:00+00:00,2025-01-30,2025-01-30:1,True,2,5,True,-0.06626506024096386,0.06626506024096386,0.0,True,0,0,1,True,-1.065952116703209,110.0,370.0,0.0,0.0,1.0,0.0,0.0
2025-01-30 19:15:00+00:00,2025-01-30,2025-01-30:1,True,0,5,True,-0.49140893470790376,0.033594381303528834,-2.682917812193997,True,0,0,1,True,0.0,105.0,375.0,1.0,0.0,0.0,0.0,0.0
2025-01-30 19:20:00+00:00,2025-01-30,2025-01-30:1,True,3,5,True,-0.3632075471698113,0.09312245725061968,-1.3610590545281969,True,0,0,1,True,0.306599859336332,100.0,380.0,0.0,0.0,0.0,1.0,0.0
2025-01-30 19:25:00+00:00,2025-01-30,2025-01-30:1,True,3,10,True,-0.47720364741641336,0.09290786919225474,-1.6363349852803777,True,0,0,1,True,-0.2969965560440619,95.0,385.0,0.0,0.0,0.0,1.0,0.0
2025-01-30 19:30:00+00:00,2025-01-30,2025-01-30:1,True,3,15,True,-0.15819209039548024,0.061726756880111644,-0.9410925587340581,True,0,0,1,True,0.3006209906352655,90.0,390.0,0.0,0.0,0.0,1.0,0.0
2025-01-30 19:35:00+00:00,2025-01-30,2025-01-30:1,True,4,5,True,-0.39589442815249265,0.39589442815249265,0.0,True,0,0,1,True,-0.6338896734028924,85.0,395.0,0.0,0.0,0.0,0.0,1.0
2025-01-30 19:40:00+00:00,2025-01-30,2025-01-30:1,True,4,10,True,-0.30246913580246915,0.30246913580246915,0.0,True,0,0,1,True,0.6362411055759833,80.0,400.0,0.0,0.0,0.0,0.0,1.0
2025-01-30 19:45:00+00:00,2025-01-30,2025-01-30:1,True,3,5,True,-0.693069306930693,0.22628009882033434,-1.1193563969983258,True,0,0,1,True,-0.12956778187716875,75.0,405.0,0.0,0.0,0.0,1.0,0.0
2025-01-30 19:50:00+00:00,2025-01-30,2025-01-30:1,True,4,5,True,-0.6151603498542274,0.4603611127693184,-0.28987175602285886,True,0,0,1,True,0.6481729512225044,70.0,410.0,0.0,0.0,0.0,0.0,1.0
2025-01-30 19:55:00+00:00,2025-01-30,2025-01-30:1,True,3,5,True,-0.6134831460674157,0.33155335538624026,-0.6153640439348514,True,0,0,1,True,-0.15745434399232314,65.0,415.0,0.0,0.0,0.0,1.0,0.0
2025-01-30 20:00:00+00:00,2025-01-30,2025-01-30:1,True,0,5,True,-0.8195876288659794,0.8195876288659794,0.5919255023352271,True,0,0,1,True,0.15093860575293042,60.0,420.0,1.0,0.0,0.0,0.0,0.0
2025-01-30 20:05:00+00:00,2025-01-30,2025-01-30:1,True,0,10,True,-0.7135678391959799,0.7135678391959799,0.5999205666246522,True,0,0,1,True,0.6707315840355038,55.0,425.0,1.0,0.0,0.0,0.0,0.0
2025-01-30 20:10:00+00:00,2025-01-30,2025-01-30:1,True,0,15,True,-0.6517412935323383,0.4745678089492245,-0.31724318017427366,True,0,0,1,True,1.2671562335680793,50.0,430.0,1.0,0.0,0.0,0.0,0.0
2025-01-30 20:15:00+00:00,2025-01-30,2025-01-30:1,True,0,20,True,-0.7506493506493507,0.5336968591950274,-0.3411106344476136,True,0,0,1,True,0.0,45.0,435.0,1.0,0.0,0.0,0.0,0.0
2025-01-30 20:20:00+00:00,2025-01-30,2025-01-30:1,True,0,25,True,-0.8166666666666667,0.8166666666666667,0.6845880453662642,True,0,0,1,True,0.0,40.0,440.0,1.0,0.0,0.0,0.0,0.0
2025-01-30 20:25:00+00:00,2025-01-30,2025-01-30:1,True,0,30,True,-0.7107692307692308,0.7107692307692308,0.3442940047777802,True,0,0,1,True,0.7698647989287539,35.0,445.0,1.0,0.0,0.0,0.0,0.0
2025-01-30 20:30:00+00:00,2025-01-30,2025-01-30:1,True,0,35,True,-0.7488372093023256,0.624827289231807,-0.1810463415198121,True,0,0,1,True,-1.0386616200004084,30.0,450.0,1.0,0.0,0.0,0.0,0.0
2025-01-30 20:35:00+00:00,2025-01-30,2025-01-30:1,True,0,40,True,-0.7788697788697788,0.1909737263504647,-1.405708007206744,True,0,0,1,True,-0.7858146651569528,25.0,455.0,1.0,0.0,0.0,0.0,0.0
2025-01-30 20:40:00+00:00,2025-01-30,2025-01-30:1,True,0,45,True,-0.8291457286432161,0.4024072210793143,-0.7229313645055889,True,0,0,1,True,0.0,20.0,460.0,1.0,0.0,0.0,0.0,0.0
2025-01-30 20:45:00+00:00,2025-01-30,2025-01-30:1,True,0,50,True,-0.8137472283813747,0.566026002880678,-0.36300976890082703,True,0,0,1,True,-0.5875577821375023,15.0,465.0,1.0,0.0,0.0,0.0,0.0
2025-01-30 20:50:00+00:00,2025-01-30,2025-01-30:1,True,3,5,True,-0.6495956873315364,0.31171347619840756,-0.734265729511387,True,0,0,1,True,0.8209340423668008,10.0,470.0,0.0,0.0,0.0,1.0,0.0
2025-01-30 20:55:00+00:00,2025-01-30,2025-01-30:1,True,4,5,True,-0.7718832891246684,0.7718832891246684,0.7449797686618896,True,1,0,1,True,0.0,5.0,475.0,0.0,0.0,0.0,0.0,1.0
2025-01-30 21:00:00+00:00,2025-01-30,2025-01-30:1,True,4,10,True,-0.7572815533980582,0.7572815533980582,0.8197109089524881,True,1,0,1,True,-0.916464657160557,0.0,480.0,0.0,0.0,0.0,0.0,1.0
2025-01-31 13:00:00+00:00,2025-01-31,2025-01-31:1,False,-1,0,False,,,,False,0,0,0,False,,480.0,0.0,,,,,
2025-01-31 13:05:00+00:00,2025-01-31,2025-01-31:1,False,-1,0,True,-0.35311572700296734,,,False,0,0,0,False,,475.0,5.0,,,,,
2025-01-31 13:10:00+00:00,2025-01-31,2025-01-31:1,False,-1,0,True,0.16897506925207756,,,False,0,0,0,False,,470.0,10.0,,,,,
2025-01-31 13:15:00+00:00,2025-01-31,2025-01-31:1,False,-1,0,True,-0.1456953642384106,,,False,0,0,0,False,,465.0,15.0,,,,,
2025-01-31 13:20:00+00:00,2025-01-31,2025-01-31:1,False,-1,0,True,0.4463276836158192,,,False,0,0,0,False,,460.0,20.0,,,,,
2025-01-31 13:25:00+00:00,2025-01-31,2025-01-31:1,False,-1,0,True,-0.008849557522123894,,,False,0,0,0,False,,455.0,25.0,,,,,
2025-01-31 13:30:00+00:00,2025-01-31,2025-01-31:1,False,-1,0,True,0.2631578947368421,,,False,0,0,0,False,,450.0,30.0,,,,,
2025-01-31 13:35:00+00:00,2025-01-31,2025-01-31:1,False,-1,0,True,0.8084112149532711,,,False,0,0,0,False,,445.0,35.0,,,,,
2025-01-31 13:40:00+00:00,2025-01-31,2025-01-31:1,False,-1,0,True,0.735632183908046,,,False,0,0,0,False,,440.0,40.0,,,,,
2025-01-31 13:45:00+00:00,2025-01-31,2025-01-31:1,False,-1,0,True,0.8531645569620253,,,False,0,0,0,False,,435.0,45.0,,,,,
2025-01-31 13:50:00+00:00,2025-01-31,2025-01-31:1,False,-1,0,True,0.7329700272479565,,,False,0,0,0,False,,430.0,50.0,,,,,
2025-01-31 13:55:00+00:00,2025-01-31,2025-01-31:1,False,-1,0,True,0.6657681940700808,,,False,0,0,0,False,,425.0,55.0,,,,,
2025-01-31 14:00:00+00:00,2025-01-31,2025-01-31:1,False,-1,0,True,0.8185654008438819,,,False,0,0,0,False,,420.0,60.0,,,,,
2025-01-31 14:05:00+00:00,2025-01-31,2025-01-31:1,True,1,5,True,0.7783375314861462,0.0328495756598357,3.1652214478543113,True,0,0,0,False,,415.0,65.0,0.0,1.0,0.0,0.0,0.0
2025-01-31 14:10:00+00:00,2025-01-31,2025-01-31:1,True,2,5,True,0.34868421052631576,0.22544316143714221,0.43609860022775015,True,0,0,0,False,,410.0,70.0,0.0,0.0,1.0,0.0,0.0
2025-01-31 14:15:00+00:00,2025-01-31,2025-01-31:1,True,2,10,True,0.3448275862068966,0.2244380045606235,0.4294450218939943,True,0,0,0,False,,405.0,75.0,0.0,0.0,1.0,0.0,0.0
2025-01-31 14:20:00+00:00,2025-01-31,2025-01-31:1,True,2,15,True,0.27058823529411763,0.18186024933076858,0.397359707120247,True,0,0,0,False,,400.0,80.0,0.0,0.0,1.0,0.0,0.0
2025-01-31 14:25:00+00:00,2025-01-31,2025-01-31:1,True,2,20,True,-0.035830618892508145,0.007828017509371177,-1.521093517900207,True,0,0,0,False,,395.0,85.0,0.0,0.0,1.0,0.0,0.0
2025-01-31 14:30:00+00:00,2025-01-31,2025-01-31:1,True,0,5,True,0.2988505747126437,0.2988505747126437,-0.7334806888879571,True,0,0,0,False,,390.0,90.0,1.0,0.0,0.0,0.0,0.0
2025-01-31 14:35:00+00:00,2025-01-31,2025-01-31:1,True,0,10,True,0.2582781456953642,0.17531327911066485,0.3874625484647141,True,0,0,0,False,,385.0,95.0,1.0,0.0,0.0,0.0,0.0
2025-01-31 14:40:00+00:00,2025-01-31,2025-01-31:1,True,0,15,True,0.4899713467048711,0.4899713467048711,-0.3874625484647141,True,0,0,0,False,,380.0,100.0,1.0,0.0,0.0,0.0,0.0
2025-01-31 14:45:00+00:00,2025-01-31,2025-01-31:1,True,4,5,True,0.6901408450704225,0.6901408450704225,0.0,True,0,0,0,False,,375.0,105.0,0.0,0.0,0.0,0.0,1.0
2025-01-31 14:50:00+00:00,2025-01-31,2025-01-31:1,True,3,5,True,0.5952380952380952,0.5952380952380952,-0.3873393685077495,True,0,0,0,False,,370.0,110.0,0.0,0.0,0.0,1.0,0.0
2025-01-31 14:55:00+00:00,2025-01-31,2025-01-31:1,True,0,5,True,0.6514285714285715,0.28920937450941325,0.8120168483777838,True,0,0,0,False,,365.0,115.0,1.0,0.0,0.0,0.0,0.0
2025-01-31 15:00:00+00:00,2025-01-31,2025-01-31:1,True,1,5,True,0.42934782608695654,0.057037393899921233,2.0185602877694695,True,0,0,0,False,,360.0,120.0,0.0,1.0,0.0,0.0,0.0
2025-01-31 15:05:00+00:00,2025-01-31,2025-01-31:1,True,1,10,True,0.5629820051413882,0.24138123094721844,0.8468701103795367,True,0,0,0,True,-0.9468295674633883,355.0,125.0,0.0,1.0,0.0,0.0,0.0
2025-01-31 15:10:00+00:00,2025-01-31,2025-01-31:1,True,1,15,True,-0.22818791946308725,0.22818791946308725,0.8618416129654581,True,0,0,0,True,0.0,350.0,130.0,0.0,1.0,0.0,0.0,0.0
2025-01-31 15:15:00+00:00,2025-01-31,2025-01-31:1,True,2,5,True,0.44565217391304346,0.44565217391304346,0.0,True,0,0,0,True,-0.9840077920374106,345.0,135.0,0.0,0.0,1.0,0.0,0.0
2025-01-31 15:20:00+00:00,2025-01-31,2025-01-31:1,True,1,5,True,0.0313588850174216,0.012055803838352879,0.9559514502400983,True,0,0,0,True,-1.808737836691103,340.0,140.0,0.0,1.0,0.0,0.0,0.0
2025-01-31 15:25:00+00:00,2025-01-31,2025-01-31:1,True,1,10,True,0.2655367231638418,0.15906247142583915,0.5124561210146306,True,0,0,0,True,0.4175070920615347,335.0,145.0,0.0,1.0,0.0,0.0,0.0
2025-01-31 15:30:00+00:00,2025-01-31,2025-01-31:1,True,3,5,True,0.4881720430107527,0.4881720430107527,-7.312977465821332,True,0,0,0,True,-16.95795601785188,330.0,150.0,0.0,0.0,0.0,1.0,0.0
2025-01-31 15:35:00+00:00,2025-01-31,2025-01-31:1,True,0,5,True,0.842391304347826,0.1553859694734312,1.6903324909636817,True,0,0,0,True,-0.11186558291633987,325.0,155.0,1.0,0.0,0.0,0.0,0.0
2025-01-31 15:40:00+00:00,2025-01-31,2025-01-31:1,True,0,10,True,0.6964285714285714,0.6964285714285714,-0.621383509011066,True,0,0,0,True,0.32358260470056516,320.0,160.0,1.0,0.0,0.0,0.0,0.0
2025-01-31 15:45:00+00:00,2025-01-31,2025-01-31:1,True,0,15,True,0.8214285714285714,0.11291213691482176,1.984435017898443,True,0,0,0,True,0.7799697993458132,315.0,165.0,1.0,0.0,0.0,0.0,0.0
2025-01-31 15:50:00+00:00,2025-01-31,2025-01-31:1,True,0,20,True,0.7533632286995515,0.2797277238071133,0.9907307718327903,True,0,0,0,True,0.8861365412878331,310.0,170.0,1.0,0.0,0.0,0.0,0.0
2025-01-31 15:55:00+00:00,2025-01-31,2025-01-31:1,True,1,5,True,0.8588957055214724,0.32795020097007427,0.9627857302380657,True,0,0,0,True,0.4576414527375184,305.0,175.0,0.0,1.0,0.0,0.0,0.0
2025-01-31 16:00:00+00:00,2025-01-31,2025-01-31:1,True,1,10,True,0.6305418719211823,0.35563148183134674,0.5726845325546921,True,0,0,0,True,0.42685384815125654,300.0,180.0,0.0,1.0,0.0,0.0,0.0
2025-01-31 16:05:00+00:00,2025-01-31,2025-01-31:1,True,2,5,True,0.7834757834757835,0.5872580732445657,0.2882757821954208,True,0,0,0,True,0.4297361635031088,295.0,185.0,0.0,0.0,1.0,0.0,0.0
2025-01-31 16:10:00+00:00,2025-01-31,2025-01-31:1,True,1,5,True,0.4883720930232558,0.2755680763515498,0.5722429018489209,True,0,0,0,True,-0.2132623380291192,290.0,190.0,0.0,1.0,0.0,0.0,0.0
2025-01-31 16:15:00+00:00,2025-01-31,2025-01-31:1,True,2,5,True,0.8518518518518519,0.7044016458841261,0.1900639157116481,True,0,0,0,True,0.1716094134618348,285.0,195.0,0.0,0.0,1.0,0.0,0.0
2025-01-31 16:20:00+00:00,2025-01-31,2025-01-31:1,True,1,5,True,0.5668449197860963,0.3875938158134934,0.38012783142383644,True,0,0,0,True,0.4249958356010355,280.0,200.0,0.0,1.0,0.0,0.0,0.0
2025-01-31 16:25:00+00:00,2025-01-31,2025-01-31:1,True,1,10,True,0.5526992287917738,0.4160661189694889,0.2839697760291848,True,0,0,0,True,0.25498148840428553,275.0,205.0,0.0,1.0,0.0,0.0,0.0
2025-01-31 16:30:00+00:00,2025-01-31,2025-01-31:1,True,0,5,True,0.4707692307692308,0.4707692307692308,-1.1898523789384006,True,0,0,0,True,-0.4093216619232828,270.0,210.0,1.0,0.0,0.0,0.0,0.0
2025-01-31 16:35:00+00:00,2025-01-31,2025-01-31:1,True,0,10,True,0.39572192513368987,0.39572192513368987,-1.846422868827838,True,0,0,0,True,-0.23762892076404024,265.0,215.0,1.0,0.0,0.0,0.0,0.0
2025-01-31 16:40:00+00:00,2025-01-31,2025-01-31:1,True,3,5,True,0.11805555555555555,0.11805555555555555,-0.5833898428059539,True,0,0,0,True,0.0,260.0,220.0,0.0,0.0,0.0,1.0,0.0
2025-01-31 16:45:00+00:00,2025-01-31,2025-01-31:1,True,4,5,True,0.189873417721519,0.13891459943488038,0.3124982758578992,True,0,0,0,True,-0.698767387667758,255.0,225.0,0.0,0.0,0.0,0.0,1.0
2025-01-31 16:50:00+00:00,2025-01-31,2025-01-31:1,True,0,5,True,0.16326530612244897,0.00883240468257505,2.9169492140283766,True,0,0,0,True,0.45925923415262165,250.0,230.0,1.0,0.0,0.0,0.0,0.0
2025-01-31 16:55:00+00:00,2025-01-31,2025-01-31:1,True,3,5,True,0.16304347826086957,0.16304347826086957,-1.7895566371135494,True,0,0,0,True,-1.0003925725439027,245.0,235.0,0.0,0.0,0.0,1.0,0.0
2025-01-31 17:00:00+00:00,2025-01-31,2025-01-31:1,True,0,5,True,0.1935483870967742,0.07058032414443483,1.0087761329065064,True,0,0,0,True,0.453179032281911,240.0,240.0,1.0,0.0,0.0,0.0,0.0
2025-01-31 17:05:00+00:00,2025-01-31,2025-01-31:1,True,1,5,True,0.26875,0.13100797811307097,0.7185233564686537,True,0,0,0,True,0.9640002410900378,235.0,245.0,0.0,1.0,0.0,0.0,0.0
2025-01-31 17:10:00+00:00,2025-01-31,2025-01-31:1,True,2,5,True,0.5419354838709678,0.5419354838709678,-0.5871058519572993,True,0,0,0,True,0.46235956717286186,230.0,250.0,0.0,0.0,1.0,0.0,0.0
2025-01-31 17:15:00+00:00,2025-01-31,2025-01-31:1,True,0,5,True,0.39184952978056425,0.39184952978056425,-0.8819074923821588,True,0,0,0,True,-0.6573350342788739,225.0,255.0,1.0,0.0,0.0,0.0,0.0
2025-01-31 17:20:00+00:00,2025-01-31,2025-01-31:1,True,3,5,True,0.28,0.28,-0.7225920675895846,True,0,0,0,True,0.32315299662832364,220.0,260.0,0.0,0.0,0.0,1.0,0.0
2025-01-31 17:25:00+00:00,2025-01-31,2025-01-31:1,True,0,5,True,0.35384615384615387,0.05023831758155661,1.9520841910446818,True,0,0,0,True,-0.311785210641075,215.0,265.0,1.0,0.0,0.0,0.0,0.0
2025-01-31 17:30:00+00:00,2025-01-31,2025-01-31:1,True,0,10,True,-0.05964912280701754,0.03309434614568704,-0.5891169862851469,True,0,0,0,True,-0.21732322299137108,210.0,270.0,1.0,0.0,0.0,0.0,0.0
2025-01-31 17:35:00+00:00,2025-01-31,2025-01-31:1,True,0,15,True,0.2797427652733119,0.2797427652733119,0.0,True,0,0,0,True,0.9407704484760306,205.0,275.0,1.0,0.0,0.0,0.0,0.0
2025-01-31 17:40:00+00:00,2025-01-31,2025-01-31:1,True,3,5,True,0.19393939393939394,0.19393939393939394,-2.0886035108280083,True,0,0,0,True,-0.3790918933176135,200.0,280.0,0.0,0.0,0.0,1.0,0.0
2025-01-31 17:45:00+00:00,2025-01-31,2025-01-31:1,True,0,5,True,-0.13738019169329074,0.1017530304563741,-0.3002035969013293,True,0,0,0,True,-0.10547267671575629,195.0,285.0,1.0,0.0,0.0,0.0,0.0
2025-01-31 17:50:00+00:00,2025-01-31,2025-01-31:1,True,0,10,True,-0.2080536912751678,0.2080536912751678,0.33315691980736956,True,0,0,0,True,-0.4943130683109245,190.0,290.0,1.0,0.0,0.0,0.0,0.0
2025-01-31 17:55:00+00:00,2025-01-31,2025-01-31:1,True,4,5,True,0.41694915254237286,0.14660764588001451,1.045204335215409,True,0,0,0,True,-0.38952465731948627,185.0,295.0,0.0,0.0,0.0,0.0,1.0
2025-01-31 18:00:00+00:00,2025-01-31,2025-01-31:1,True,3,5,True,0.47549019607843135,0.47549019607843135,-0.37765978575820874,True,0,0,0,True,-0.24667963904338255,180.0,300.0,0.0,0.0,0.0,1.0,0.0
2025-01-31 18:05:00+00:00,2025-01-31,2025-01-31:1,True,3,10,True,0.7892030848329049,0.7892030848329049,-1.4537650552351353,True,0,0,0,True,0.0,175.0,305.0,0.0,0.0,0.0,1.0,0.0
2025-01-31 18:10:00+00:00,2025-01-31,2025-01-31:1,True,0,5,True,0.7588652482269503,0.1269172802765621,1.7882886852240152,True,0,0,0,True,0.7997470127100151,170.0,310.0,1.0,0.0,0.0,0.0,0.0
2025-01-31 18:15:00+00:00,2025-01-31,2025-01-31:1,True,0,10,True,0.36633663366336633,0.25738757775899385,0.3529696412422183,True,0,0,0,True,0.0,165.0,315.0,1.0,0.0,0.0,0.0,0.0
2025-01-31 18:20:00+00:00,2025-01-31,2025-01-31:1,True,1,5,True,0.7793103448275862,0.3093823647172019,0.9238314170877754,True,0,0,0,True,-0.21013562641457478,160.0,320.0,0.0,1.0,0.0,0.0,0.0
2025-01-31 18:25:00+00:00,2025-01-31,2025-01-31:1,True,0,5,True,0.5151515151515151,0.5151515151515151,-0.19760855839968416,True,0,0,0,True,0.0,155.0,325.0,1.0,0.0,0.0,0.0,0.0
2025-01-31 18:30:00+00:00,2025-01-31,2025-01-31:1,True,1,5,True,0.7970297029702971,0.058027528830685425,2.6199744136107266,True,0,0,0,True,0.8369201268769968,150.0,330.0,0.0,1.0,0.0,0.0,0.0
2025-01-31 18:35:00+00:00,2025-01-31,2025-01-31:1,True,1,10,True,0.5857988165680473,0.2802562537185328,0.7372720377052248,True,0,0,0,True,-0.6568779271177543,145.0,335.0,0.0,1.0,0.0,0.0,0.0
2025-01-31 18:40:00+00:00,2025-01-31,2025-01-31:1,True,2,5,True,0.6666666666666666,0.4480018989602781,0.3974926997173502,True,0,0,0,True,0.8888206971279065,140.0,340.0,0.0,0.0,1.0,0.0,0.0
2025-01-31 18:45:00+00:00,2025-01-31,2025-01-31:1,True,2,10,True,0.75,0.75,-0.42559614127868484,True,0,0,0,True,-1.6918791507455628,135.0,345.0,0.0,0.0,1.0,0.0,0.0
2025-01-31 18:50:00+00:00,2025-01-31,2025-01-31:1,True,1,5,True,0.5966850828729282,0.2612317889885651,0.8259813812119752,True,0,0,0,True,0.0,130.0,350.0,0.0,1.0,0.0,0.0,0.0
2025-01-31 18:55:00+00:00,2025-01-31,2025-01-31:1,True,1,10,True,0.5808383233532934,0.2536275748650457,0.8286054947217986,True,0,0,0,True,-0.6321191012448636,125.0,355.0,0.0,1.0,0.0,0.0,0.0
2025-01-31 19:00:00+00:00,2025-01-31,2025-01-31:1,True,1,15,True,0.7215189873417721,0.38389421940478496,0.6309916500108905,True,0,0,0,True,0.47031340755303574,120.0,360.0,0.0,1.0,0.0,0.0,0.0
2025-01-31 19:05:00+00:00,2025-01-31,2025-01-31:1,True,1,20,True,0.7275362318840579,0.24989728836348848,1.0686138141869264,True,0,0,0,True,0.0,115.0,365.0,0.0,1.0,0.0,0.0,0.0
2025-01-31 19:10:00+00:00,2025-01-31,2025-01-31:1,True,1,25,True,0.23943661971830985,0.10419585507126856,0.832016396055634,True,0,0,0,True,0.0,110.0,370.0,0.0,1.0,0.0,0.0,0.0
2025-01-31 19:15:00+00:00,2025-01-31,2025-01-31:1,True,1,30,True,0.5380116959064327,0.2399561466657971,0.8074241151081114,True,0,0,0,True,-1.52172033354161,105.0,375.0,0.0,1.0,0.0,0.0,0.0
2025-01-31 19:20:00+00:00,2025-01-31,2025-01-31:1,True,2,5,True,0.6347305389221557,0.6347305389221557,-0.7812456896436873,True,0,0,0,True,-0.8734592345847528,100.0,380.0,0.0,0.0,1.0,0.0,0.0
2025-01-31 19:25:00+00:00,2025-01-31,2025-01-31:1,True,1,5,True,0.455026455026455,0.3059009749411779,0.397094121900399,True,0,0,0,True,0.0,95.0,385.0,0.0,1.0,0.0,0.0,0.0
2025-01-31 19:30:00+00:00,2025-01-31,2025-01-31:1,True,2,5,True,0.35732647814910024,0.35732647814910024,0.0,True,0,0,0,True,0.9336522244583041,90.0,390.0,0.0,0.0,1.0,0.0,0.0
2025-01-31 19:35:00+00:00,2025-01-31,2025-01-31:1,True,0,5,True,0.3076923076923077,0.1996687651392233,0.4324404633691311,True,0,0,0,True,0.0,85.0,395.0,1.0,0.0,0.0,0.0,0.0
2025-01-31 19:40:00+00:00,2025-01-31,2025-01-31:1,True,0,10,True,0.5571776155717761,0.3571793325121663,0.4446460804201165,True,0,0,0,True,0.0,80.0,400.0,1.0,0.0,0.0,0.0,0.0
2025-01-31 19:45:00+00:00,2025-01-31,2025-01-31:1,True,1,5,True,0.48514851485148514,0.05595420275357902,2.159921512075529,True,0,0,0,True,0.9659462654146502,75.0,405.0,0.0,1.0,0.0,0.0,0.0
2025-01-31 19:50:00+00:00,2025-01-31,2025-01-31:1,True,2,5,True,0.3943217665615142,0.3943217665615142,-0.44261135842929333,True,0,0,0,True,-0.2895739468021945,70.0,410.0,0.0,0.0,1.0,0.0,0.0
2025-01-31 19:55:00+00:00,2025-01-31,2025-01-31:1,True,0,5,True,-0.04823151125401929,0.020224085301121165,-0.8691383321330476,True,0,0,0,True,0.0,65.0,415.0,1.0,0.0,0.0,0.0,0.0
2025-01-31 20:00:00+00:00,2025-01-31,2025-01-31:1,True,0,10,True,0.27793696275071633,0.27793696275071633,-0.4130902184291335,True,0,0,0,True,-0.6169086833133679,60.0,420.0,1.0,0.0,0.0,0.0,0.0
2025-01-31 20:05:00+00:00,2025-01-31,2025-01-31:1,True,0,15,True,-0.4425287356321839,0.2812099952070558,-0.4534036974834271,True,0,0,0,True,-0.4531980843840321,55.0,425.0,1.0,0.0,0.0,0.0,0.0
2025-01-31 20:10:00+00:00,2025-01-31,2025-01-31:1,True,0,20,True,0.26857142857142857,0.26857142857142857,-0.4817209398740187,True,0,0,0,True,-1.0771607677433948,50.0,430.0,1.0,0.0,0.0,0.0,0.0
2025-01-31 20:15:00+00:00,2025-01-31,2025-01-31:1,True,3,5,True,-0.07894736842105263,0.027639603286059564,-1.0495317620195965,True,0,0,0,True,0.0,45.0,435.0,0.0,0.0,0.0,1.0,0.0
2025-01-31 20:20:00+00:00,2025-01-31,2025-01-31:1,True,4,5,True,0.02821316614420063,0.02821316614420063,0.0,True,0,0,0,True,0.0,40.0,440.0,0.0,0.0,0.0,0.0,1.0
2025-01-31 20:25:00+00:00,2025-01-31,2025-01-31:1,True,0,5,True,0.23717948717948717,0.0778138488894102,1.1144977627430988,True,0,0,0,True,1.2460463791342713,35.0,445.0,1.0,0.0,0.0,0.0,0.0
2025-01-31 20:30:00+00:00,2025-01-31,2025-01-31:1,True,0,10,True,0.02097902097902098,0.02097902097902098,-0.5577383402997478,True,0,0,0,True,-1.2471408425681465,30.0,450.0,1.0,0.0,0.0,0.0,0.0
2025-01-31 20:35:00+00:00,2025-01-31,2025-01-31:1,True,0,15,True,-0.08387096774193549,0.04767576600010681,-0.5648563010436464,True,0,0,0,True,-1.797996080682676,25.0,455.0,1.0,0.0,0.0,0.0,0.0
2025-01-31 20:40:00+00:00,2025-01-31,2025-01-31:1,True,3,5,True,-0.08868501529051988,0.017172581497044526,-1.6417769251887138,True,0,0,0,True,-0.5340861996201195,20.0,460.0,0.0,0.0,0.0,1.0,0.0
2025-01-31 20:45:00+00:00,2025-01-31,2025-01-31:1,True,0,5,True,-0.3746312684365782,0.3746312684365782,1.71319962963519,True,0,0,0,True,-0.5692313144368426,15.0,465.0,1.0,0.0,0.0,0.0,0.0
2025-01-31 20:50:00+00:00,2025-01-31,2025-01-31:1,True,3,5,True,-0.18072289156626506,0.017675678197710067,-2.3247752907908823,True,0,0,0,True,-1.9807063424280964,10.0,470.0,0.0,0.0,0.0,1.0,0.0
2025-01-31 20:55:00+00:00,2025-01-31,2025-01-31:1,True,3,10,True,-0.515527950310559,0.1631299049197566,-1.1506446756957578,True,0,0,0,True,-3.194542563773406,5.0,475.0,0.0,0.0,0.0,1.0,0.0
2025-01-31 21:00:00+00:00,2025-01-31,2025-01-31:1,True,4,5,True,-0.643979057591623,0.643979057591623,0.0,True,0,0,0,True,1.298659843542495,0.0,480.0,0.0,0.0,0.0,0.0,1.0
2025-02-03 13:00:00+00:00,2025-02-03,2025-02-03:1,False,-1,0,False,,,,False,0,0,0,False,,480.0,0.0,,,,,
2025-02-03 13:05:00+00:00,2025-02-03,2025-02-03:1,False,-1,0,True,-0.06109324758842444,,,False,0,0,0,False,,475.0,5.0,,,,,
2025-02-03 13:10:00+00:00,2025-02-03,2025-02-03:1,False,-1,0,True,-0.07395498392282958,,,False,0,0,0,False,,470.0,10.0,,,,,
2025-02-03 13:15:00+00:00,2025-02-03,2025-02-03:1,False,-1,0,True,0.01818181818181818,,,False,0,0,0,False,,465.0,15.0,,,,,
2025-02-03 13:20:00+00:00,2025-02-03,2025-02-03:1,False,-1,0,True,-0.16981132075471697,,,False,0,0,0,False,,460.0,20.0,,,,,
2025-02-03 13:25:00+00:00,2025-02-03,2025-02-03:1,False,-1,0,True,0.20454545454545456,,,False,0,0,0,False,,455.0,25.0,,,,,
2025-02-03 13:30:00+00:00,2025-02-03,2025-02-03:1,False,-1,0,True,0.15873015873015872,,,False,0,0,0,False,,450.0,30.0,,,,,
2025-02-03 13:35:00+00:00,2025-02-03,2025-02-03:1,False,-1,0,True,-0.5795795795795796,,,False,0,0,0,False,,445.0,35.0,,,,,
2025-02-03 13:40:00+00:00,2025-02-03,2025-02-03:1,False,-1,0,True,-0.5255255255255256,,,False,0,0,0,False,,440.0,40.0,,,,,
2025-02-03 13:45:00+00:00,2025-02-03,2025-02-03:1,False,-1,0,True,-0.6423529411764706,,,False,0,0,0,False,,435.0,45.0,,,,,
2025-02-03 13:50:00+00:00,2025-02-03,2025-02-03:1,False,-1,0,True,-0.5261707988980716,,,False,0,0,0,False,,430.0,50.0,,,,,
2025-02-03 13:55:00+00:00,2025-02-03,2025-02-03:1,False,-1,0,True,-0.6857142857142857,,,False,0,0,0,False,,425.0,55.0,,,,,
2025-02-03 14:00:00+00:00,2025-02-03,2025-02-03:1,False,-1,0,True,-0.6184971098265896,,,False,0,0,0,False,,420.0,60.0,,,,,
2025-02-03 14:05:00+00:00,2025-02-03,2025-02-03:1,True,0,5,True,-0.49570200573065903,0.49570200573065903,0.6175873552903358,True,0,0,0,False,,415.0,65.0,1.0,0.0,0.0,0.0,0.0
2025-02-03 14:10:00+00:00,2025-02-03,2025-02-03:1,True,0,10,True,-0.8409090909090909,0.6166800836840577,-0.31013317121502776,True,0,0,0,False,,410.0,70.0,1.0,0.0,0.0,0.0,0.0
2025-02-03 14:15:00+00:00,2025-02-03,2025-02-03:1,True,3,5,True,-0.6115485564304461,0.1150048615402582,-1.6710199556883032,True,0,0,0,False,,405.0,75.0,0.0,0.0,0.0,1.0,0.0
2025-02-03 14:20:00+00:00,2025-02-03,2025-02-03:1,True,0,5,True,-0.630057803468208,0.630057803468208,0.867302389060062,True,0,0,0,False,,400.0,80.0,1.0,0.0,0.0,0.0,0.0
2025-02-03 14:25:00+00:00,2025-02-03,2025-02-03:1,True,0,10,True,-0.49538461538461537,0.49538461538461537,0.14607585534691175,True,0,0,0,False,,395.0,85.0,1.0,0.0,0.0,0.0,0.0
2025-02-03 14:30:00+00:00,2025-02-03,2025-02-03:1,True,0,15,True,-0.22330097087378642,0.22330097087378642,1.1863303918943846,True,0,0,0,False,,390.0,90.0,1.0,0.0,0.0,0.0,0.0
2025-02-03 14:35:00+00:00,2025-02-03,2025-02-03:1,True,0,20,True,-0.2484076433121019,0.2484076433121019,0.3057260723290287,True,0,0,0,False,,385.0,95.0,1.0,0.0,0.0,0.0,0.0
2025-02-03 14:40:00+00:00,2025-02-03,2025-02-03:1,True,0,25,True,-0.036065573770491806,0.036065573770491806,0.0,True,0,0,0,False,,380.0,100.0,1.0,0.0,0.0,0.0,0.0
2025-02-03 14:45:00+00:00,2025-02-03,2025-02-03:1,True,2,5,True,-0.11746031746031746,0.11746031746031746,0.0,True,0,0,0,False,,375.0,105.0,0.0,0.0,1.0,0.0,0.0
2025-02-03 14:50:00+00:00,2025-02-03,2025-02-03:1,True,0,5,True,0.3246753246753247,0.3246753246753247,-0.16644478369715285,True,0,0,0,False,,370.0,110.0,1.0,0.0,0.0,0.0,0.0
2025-02-03 14:55:00+00:00,2025-02-03,2025-02-03:1,True,0,10,True,-0.1916376306620209,0.03654461537296596,-1.6570723953292568,True,0,0,0,False,,365.0,115.0,1.0,0.0,0.0,0.0,0.0
2025-02-03 15:00:00+00:00,2025-02-03,2025-02-03:1,True,0,15,True,0.05063291139240506,0.05063291139240506,0.0,True,0,0,0,False,,360.0,120.0,1.0,0.0,0.0,0.0,0.0
2025-02-03 15:05:00+00:00,2025-02-03,2025-02-03:1,True,0,20,True,-0.1834319526627219,0.1834319526627219,1.150459804827369,True,0,0,0,True,-1.286253164488483,355.0,125.0,1.0,0.0,0.0,0.0,0.0
2025-02-03 15:10:00+00:00,2025-02-03,2025-02-03:1,True,0,25,True,-0.20754716981132076,0.20754716981132076,0.563500919800161,True,0,0,0,True,-0.6300131810275134,350.0,130.0,1.0,0.0,0.0,0.0,0.0
2025-02-03 15:15:00+00:00,2025-02-03,2025-02-03:1,True,0,30,True,0.19327731092436976,0.1251062624498063,0.4349625260290195,True,0,0,0,True,-0.24853719456569615,345.0,135.0,1.0,0.0,0.0,0.0,0.0
2025-02-03 15:20:00+00:00,2025-02-03,2025-02-03:1,True,0,35,True,0.17073170731707318,0.07959877473109733,0.7630946614266865,True,0,0,0,True,1.3650652289741942,340.0,140.0,1.0,0.0,0.0,0.0,0.0
2025-02-03 15:25:00+00:00,2025-02-03,2025-02-03:1,True,2,5,True,0.019736842105263157,0.019736842105263157,-0.7722962960838762,True,0,0,0,True,-0.9581028137817041,335.0,145.0,0.0,0.0,1.0,0.0,0.0
2025-02-03 15:30:00+00:00,2025-02-03,2025-02-03:1,True,2,10,True,0.09345794392523364,0.09345794392523364,-0.1537151717456245,True,0,0,0,True,0.6308464175844003,330.0,150.0,0.0,0.0,1.0,0.0,0.0
2025-02-03 15:35:00+00:00,2025-02-03,2025-02-03:1,True,1,5,True,0.36585365853658536,0.041867146164175736,2.1677319951136544,True,0,0,0,True,1.1487783251290906,325.0,155.0,0.0,1.0,0.0,0.0,0.0
2025-02-03 15:40:00+00:00,2025-02-03,2025-02-03:1,True,1,10,True,0.18787878787878787,0.044509458450680744,1.440095293526443,True,0,0,0,True,-0.2133261811149804,320.0,160.0,0.0,1.0,0.0,0.0,0.0
2025-02-03 15:45:00+00:00,2025-02-03,2025-02-03:1,True,1,15,True,0.03896103896103896,0.009290595765614086,1.433559465251575,True,0,0,0,True,0.8531480139977414,315.0,165.0,0.0,1.0,0.0,0.0,0.0
2025-02-03 15:50:00+00:00,2025-02-03,2025-02-03:1,True,1,20,True,0.15568862275449102,0.10102359174227078,0.43250393341489934,True,0,0,0,True,-0.9671081956499252,310.0,170.0,0.0,1.0,0.0,0.0,0.0
2025-02-03 15:55:00+00:00,2025-02-03,2025-02-03:1,True,1,25,True,-0.07204610951008646,0.07204610951008646,1.1845840167255657,True,0,0,0,True,1.3244051932281153,305.0,175.0,0.0,1.0,0.0,0.0,0.0
2025-02-03 16:00:00+00:00,2025-02-03,2025-02-03:1,True,2,5,True,0.16176470588235295,0.16176470588235295,-0.8963423342277068,True,0,0,0,True,0.0,300.0,180.0,0.0,0.0,1.0,0.0,0.0
2025-02-03 16:05:00+00:00,2025-02-03,2025-02-03:1,True,1,5,True,0.06744868035190615,0.006167318999155123,2.392102796159519,True,0,0,0,True,0.7641292087698136,295.0,185.0,0.0,1.0,0.0,0.0,0.0
2025-02-03 16:10:00+00:00,2025-02-03,2025-02-03:1,True,2,5,True,-0.15112540192926044,0.15112540192926044,0.3559256504728436,True,0,0,0,True,0.0,290.0,190.0,0.0,0.0,1.0,0.0,0.0
2025-02-03 16:15:00+00:00,2025-02-03,2025-02-03:1,True,1,5,True,-0.5015974440894568,0.5015974440894568,0.7268147308980715,True,0,0,0,True,0.812603572669307,285.0,195.0,0.0,1.0,0.0,0.0,0.0
2025-02-03 16:20:00+00:00,2025-02-03,2025-02-03:1,True,2,5,True,-0.17888563049853373,0.031763485378628005,-1.728429294373435,True,0,0,0,True,-0.7729770793033203,280.0,200.0,0.0,0.0,1.0,0.0,0.0
2025-02-03 16:25:00+00:00,2025-02-03,2025-02-03:1,True,0,5,True,-0.06885245901639345,0.06885245901639345,0.34623415498429205,True,0,0,0,True,0.7742031066770747,275.0,205.0,1.0,0.0,0.0,0.0,0.0
2025-02-03 16:30:00+00:00,2025-02-03,2025-02-03:1,True,1,5,True,0.04,0.01961844597151839,0.712409209458336,True,0,0,0,True,-0.7964977100717309,270.0,210.0,0.0,1.0,0.0,0.0,0.0
2025-02-03 16:35:00+00:00,2025-02-03,2025-02-03:1,True,0,5,True,-0.12,0.08367080709227358,-0.3606016063841725,True,0,0,0,True,-0.6091638192413449,265.0,215.0,1.0,0.0,0.0,0.0,0.0
2025-02-03 16:40:00+00:00,2025-02-03,2025-02-03:1,True,0,10,True,-0.05190311418685121,0.01662216214619785,-1.138641917973616,True,0,0,0,True,-0.6209830405618403,260.0,220.0,1.0,0.0,0.0,0.0,0.0
2025-02-03 16:45:00+00:00,2025-02-03,2025-02-03:1,True,4,5,True,-0.5235457063711911,0.5235457063711911,0.0,True,0,0,0,True,0.8466289399057556,255.0,225.0,0.0,0.0,0.0,0.0,1.0
2025-02-03 16:50:00+00:00,2025-02-03,2025-02-03:1,True,3,5,True,-0.3884297520661157,0.08537068388255592,-1.5151095732987672,True,0,0,0,True,-0.8469719998153896,250.0,230.0,0.0,0.0,0.0,1.0,0.0
2025-02-03 16:55:00+00:00,2025-02-03,2025-02-03:1,True,3,10,True,-0.35311572700296734,0.16600339928427782,-0.7547875759782935,True,0,0,0,True,0.0,245.0,235.0,0.0,0.0,0.0,1.0,0.0
2025-02-03 17:00:00+00:00,2025-02-03,2025-02-03:1,True,3,15,True,-0.4894894894894895,0.15209623466020702,-1.1688495465353224,True,0,0,0,True,-0.8712090138401029,240.0,240.0,0.0,0.0,0.0,1.0,0.0
2025-02-03 17:05:00+00:00,2025-02-03,2025-02-03:1,True,4,5,True,-0.4533333333333333,0.30375464564285837,-0.4004074012267102,True,0,0,0,True,-0.6347336531675465,235.0,245.0,0.0,0.0,0.0,0.0,1.0
2025-02-03 17:10:00+00:00,2025-02-03,2025-02-03:1,True,3,5,True,-0.5542521994134897,0.3694576473754584,-0.4055837043862082,True,0,0,0,True,0.9069127335737412,230.0,250.0,0.0,0.0,0.0,1.0,0.0
2025-02-03 17:15:00+00:00,2025-02-03,2025-02-03:1,True,3,10,True,-0.7344173441734417,0.33427276977649695,-0.7871201201654484,True,0,0,0,True,-0.8800270475738728,225.0,255.0,0.0,0.0,0.0,1.0,0.0
2025-02-03 17:20:00+00:00,2025-02-03,2025-02-03:1,True,4,5,True,-0.4925373134328358,0.4925373134328358,0.0,True,0,0,0,True,1.8081628196241053,220.0,260.0,0.0,0.0,0.0,0.0,1.0
2025-02-03 17:25:00+00:00,2025-02-03,2025-02-03:1,True,4,10,True,-0.12367491166077739,0.12367491166077739,0.7769872781713941,True,0,0,0,True,0.868698185821888,215.0,265.0,0.0,0.0,0.0,0.0,1.0
2025-02-03 17:30:00+00:00,2025-02-03,2025-02-03:1,True,0,5,True,-0.2691029900332226,0.2691029900332226,0.3908756478969217,True,0,0,0,True,-0.8740245194492737,210.0,270.0,1.0,0.0,0.0,0.0,0.0
2025-02-03 17:35:00+00:00,2025-02-03,2025-02-03:1,True,0,10,True,0.057057057057057055,0.057057057057057055,-0.4013628659583833,True,0,0,0,True,0.8974746519270814,205.0,275.0,1.0,0.0,0.0,0.0,0.0
2025-02-03 17:40:00+00:00,2025-02-03,2025-02-03:1,True,0,15,True,-0.4388888888888889,0.4388888888888889,0.0,True,0,0,0,True,-0.7555954678442016,200.0,280.0,1.0,0.0,0.0,0.0,0.0
2025-02-03 17:45:00+00:00,2025-02-03,2025-02-03:1,True,0,20,True,-0.08847184986595175,0.08847184986595175,0.8352896475299265,True,0,0,0,True,0.9338822163907048,195.0,285.0,1.0,0.0,0.0,0.0,0.0
2025-02-03 17:50:00+00:00,2025-02-03,2025-02-03:1,True,0,25,True,-0.25752508361204013,0.25752508361204013,0.0,True,0,0,0,True,0.0,190.0,290.0,1.0,0.0,0.0,0.0,0.0
2025-02-03 17:55:00+00:00,2025-02-03,2025-02-03:1,True,0,30,True,-0.2810810810810811,0.182793427847656,-0.43028646680485133,True,0,0,0,True,0.0,185.0,295.0,1.0,0.0,0.0,0.0,0.0
2025-02-03 18:00:00+00:00,2025-02-03,2025-02-03:1,True,0,35,True,0.12530712530712532,0.10173600206549312,0.20838648324294226,True,0,0,0,True,-2.513380750953216,180.0,300.0,1.0,0.0,0.0,0.0,0.0
2025-02-03 18:05:00+00:00,2025-02-03,2025-02-03:1,True,0,40,True,0.6112676056338028,0.49975253429570876,0.2014217985525485,True,0,0,0,True,0.21737704195523247,175.0,305.0,1.0,0.0,0.0,0.0,0.0
2025-02-03 18:10:00+00:00,2025-02-03,2025-02-03:1,True,0,45,True,0.7008310249307479,0.7008310249307479,-0.8740056589334994,True,0,0,0,True,-2.3452032793133166,170.0,310.0,1.0,0.0,0.0,0.0,0.0
2025-02-03 18:15:00+00:00,2025-02-03,2025-02-03:1,True,0,50,True,0.821656050955414,0.08491899516604653,2.2696240739430467,True,0,0,0,True,0.3167560585537095,165.0,315.0,1.0,0.0,0.0,0.0,0.0
2025-02-03 18:20:00+00:00,2025-02-03,2025-02-03:1,True,0,55,True,0.5102040816326531,0.5102040816326531,-0.32904929160389157,True,0,0,0,True,-0.5589910493189549,160.0,320.0,1.0,0.0,0.0,0.0,0.0
2025-02-03 18:25:00+00:00,2025-02-03,2025-02-03:1,True,0,60,True,0.6136363636363636,0.6136363636363636,-1.2387039972085243,True,0,0,0,True,-0.6924565854407266,155.0,325.0,1.0,0.0,0.0,0.0,0.0
2025-02-03 18:30:00+00:00,2025-02-03,2025-02-03:1,True,0,65,True,0.593939393939394,0.32287114703873765,0.6095239656981117,True,0,0,0,True,0.3777625191791239,150.0,330.0,1.0,0.0,0.0,0.0,0.0
2025-02-03 18:35:00+00:00,2025-02-03,2025-02-03:1,True,0,70,True,0.6074270557029178,0.6074270557029178,-2.1972387039576584,True,0,0,0,True,-1.310180027958965,145.0,335.0,1.0,0.0,0.0,0.0,0.0
2025-02-03 18:40:00+00:00,2025-02-03,2025-02-03:1,True,0,75,True,0.6207792207792208,0.3497295569214323,0.5738153353348705,True,0,0,0,True,1.1559617632548187,140.0,340.0,1.0,0.0,0.0,0.0,0.0
2025-02-03 18:45:00+00:00,2025-02-03,2025-02-03:1,True,0,80,True,0.7121212121212122,0.22156067319312392,1.167551667081923,True,0,0,0,True,0.6526812237109871,135.0,345.0,1.0,0.0,0.0,0.0,0.0
2025-02-03 18:50:00+00:00,2025-02-03,2025-02-03:1,True,0,85,True,0.6685393258426966,0.28604104086072063,0.8489599217637896,True,0,0,0,True,-0.5494187883277043,130.0,350.0,1.0,0.0,0.0,0.0,0.0
2025-02-03 18:55:00+00:00,2025-02-03,2025-02-03:1,True,0,90,True,0.751937984496124,0.5653614158243838,0.2851886524561721,True,0,0,0,True,0.5046228462175523,125.0,355.0,1.0,0.0,0.0,0.0,0.0
2025-02-03 19:00:00+00:00,2025-02-03,2025-02-03:1,True,0,95,True,0.6217765042979942,0.6217765042979942,-0.286774330763014,True,0,0,0,True,-1.1480654427642096,120.0,360.0,1.0,0.0,0.0,0.0,0.0
2025-02-03 19:05:00+00:00,2025-02-03,2025-02-03:1,True,1,5,True,0.44495412844036697,0.24821416217287798,0.5836792640337002,True,0,0,0,True,0.6525732557182009,115.0,365.0,0.0,1.0,0.0,0.0,0.0
2025-02-03 19:10:00+00:00,2025-02-03,2025-02-03:1,True,1,10,True,0.5463414634146342,0.30115427619979157,0.595621492182277,True,0,0,0,True,0.0,110.0,370.0,0.0,1.0,0.0,0.0,0.0
2025-02-03 19:15:00+00:00,2025-02-03,2025-02-03:1,True,0,5,True,0.6205962059620597,0.6205962059620597,-0.49007333574828116,True,0,0,0,True,-0.36527909756579574,105.0,375.0,1.0,0.0,0.0,0.0,0.0
2025-02-03 19:20:00+00:00,2025-02-03,2025-02-03:1,True,0,10,True,0.5098039215686274,0.5098039215686274,-0.16605537791345043,True,0,0,0,True,0.7426222260877847,100.0,380.0,1.0,0.0,0.0,0.0,0.0
2025-02-03 19:25:00+00:00,2025-02-03,2025-02-03:1,True,0,15,True,0.4431137724550898,0.4431137724550898,-0.7103277399869843,True,0,0,0,True,-0.2430896296296878,95.0,385.0,1.0,0.0,0.0,0.0,0.0
2025-02-03 19:30:00+00:00,2025-02-03,2025-02-03:1,True,0,20,True,0.014164305949008499,0.014164305949008499,-1.1077434132708952,True,0,0,0,True,0.0,90.0,390.0,1.0,0.0,0.0,0.0,0.0
2025-02-03 19:35:00+00:00,2025-02-03,2025-02-03:1,True,3,5,True,-0.01060070671378092,0.004904097849529451,-0.770849518568599,True,0,0,0,True,-0.6014410613029969,85.0,395.0,0.0,0.0,0.0,1.0,0.0
2025-02-03 19:40:00+00:00,2025-02-03,2025-02-03:1,True,3,10,True,-0.1347517730496454,0.041797084370122084,-1.1706077825834311,True,0,0,0,True,0.0,80.0,400.0,0.0,0.0,0.0,1.0,0.0
2025-02-03 19:45:00+00:00,2025-02-03,2025-02-03:1,True,4,5,True,-0.39941690962099125,0.39941690962099125,0.0,True,0,0,0,True,-0.2668562266564575,75.0,405.0,0.0,0.0,0.0,0.0,1.0
2025-02-03 19:50:00+00:00,2025-02-03,2025-02-03:1,True,3,5,True,-0.05084745762711865,0.009896416550120081,-1.6366573967633289,True,0,0,0,True,-1.5315810094125244,70.0,410.0,0.0,0.0,0.0,1.0,0.0
2025-02-03 19:55:00+00:00,2025-02-03,2025-02-03:1,True,4,5,True,-0.2222222222222222,0.2222222222222222,0.0,True,0,0,0,True,-0.9240319376006103,65.0,415.0,0.0,0.0,0.0,0.0,1.0
2025-02-03 20:00:00+00:00,2025-02-03,2025-02-03:1,True,3,5,True,-0.2366412213740458,0.10544506242287092,-0.8083550783079761,True,0,0,0,True,-0.9037684525281846,60.0,420.0,0.0,0.0,0.0,1.0,0.0
2025-02-03 20:05:00+00:00,2025-02-03,2025-02-03:1,True,3,10,True,-0.24806201550387597,0.08422906665708658,-1.0801387060389547,True,0,0,0,True,-0.9661054287343537,55.0,425.0,0.0,0.0,0.0,1.0,0.0
2025-02-03 20:10:00+00:00,2025-02-03,2025-02-03:1,True,3,15,True,-0.2,0.11811739590822623,-0.5266383560698706,True,0,0,0,True,0.0,50.0,430.0,0.0,0.0,0.0,1.0,0.0
2025-02-03 20:15:00+00:00,2025-02-03,2025-02-03:1,True,4,5,True,-0.1724137931034483,0.1724137931034483,0.2645527123347682,True,1,0,0,True,1.1831156968249776,45.0,435.0,0.0,0.0,0.0,0.0,1.0
2025-02-03 20:20:00+00:00,2025-02-03,2025-02-03:1,True,0,5,True,-0.3050847457627119,0.3050847457627119,1.4537650552347245,True,1,0,0,True,0.0,40.0,440.0,1.0,0.0,0.0,0.0,0.0
2025-02-03 20:25:00+00:00,2025-02-03,2025-02-03:1,True,0,10,True,-0.058394160583941604,0.058394160583941604,1.01590844609467,True,1,0,0,True,1.1358201721903174,35.0,445.0,1.0,0.0,0.0,0.0,0.0
2025-02-03 20:30:00+00:00,2025-02-03,2025-02-03:1,True,0,15,True,0.21630094043887146,0.12935896277265752,0.5140794837036596,True,1,0,0,True,1.1495166713993783,30.0,450.0,1.0,0.0,0.0,0.0,0.0
2025-02-03 20:35:00+00:00,2025-02-03,2025-02-03:1,True,2,5,True,0.28802588996763756,0.28802588996763756,0.0,True,1,0,0,True,-1.1911497283532726,25.0,455.0,0.0,0.0,1.0,0.0,0.0
2025-02-03 20:40:00+00:00,2025-02-03,2025-02-03:1,True,1,5,True,0.36645962732919257,0.07181775403816884,1.629756641688997,True,0,0,0,True,1.214748879198304,20.0,460.0,0.0,1.0,0.0,0.0,0.0
2025-02-03 20:45:00+00:00,2025-02-03,2025-02-03:1,True,1,10,True,0.2870662460567823,0.1644064780978868,0.5573711252876008,True,0,0,0,True,-0.7749952012416098,15.0,465.0,0.0,1.0,0.0,0.0,0.0
2025-02-03 20:50:00+00:00,2025-02-03,2025-02-03:1,True,1,15,True,0.14776632302405499,0.048762142151277124,1.1086778913032893,True,0,0,0,True,-0.37462985590598596,10.0,470.0,0.0,1.0,0.0,0.0,0.0
2025-02-03 20:55:00+00:00,2025-02-03,2025-02-03:1,True,2,5,True,-0.08391608391608392,0.08391608391608392,0.0,True,0,0,0,True,0.0,5.0,475.0,0.0,0.0,1.0,0.0,0.0
2025-02-03 21:00:00+00:00,2025-02-03,2025-02-03:1,True,2,10,True,-0.2910662824207493,0.2910662824207493,0.0,True,0,0,0,True,-1.387428995286968,0.0,480.0,0.0,0.0,1.0,0.0,0.0
2025-02-04 13:00:00+00:00,2025-02-04,2025-02-04:1,False,-1,0,False,,,,False,0,0,0,False,,480.0,0.0,,,,,
2025-02-04 13:05:00+00:00,2025-02-04,2025-02-04:1,False,-1,0,True,-0.1534090909090909,,,False,0,0,0,False,,475.0,5.0,,,,,
2025-02-04 13:10:00+00:00,2025-02-04,2025-02-04:1,False,-1,0,True,-0.14492753623188406,,,False,0,0,0,False,,470.0,10.0,,,,,
2025-02-04 13:15:00+00:00,2025-02-04,2025-02-04:1,False,-1,0,True,0.17073170731707318,,,False,0,0,0,False,,465.0,15.0,,,,,
2025-02-04 13:20:00+00:00,2025-02-04,2025-02-04:1,False,-1,0,True,-0.19420289855072465,,,False,0,0,0,False,,460.0,20.0,,,,,
2025-02-04 13:25:00+00:00,2025-02-04,2025-02-04:1,False,-1,0,True,-0.21232876712328766,,,False,0,0,0,False,,455.0,25.0,,,,,
2025-02-04 13:30:00+00:00,2025-02-04,2025-02-04:1,False,-1,0,True,-0.17006802721088435,,,False,0,0,0,False,,450.0,30.0,,,,,
2025-02-04 13:35:00+00:00,2025-02-04,2025-02-04:1,False,-1,0,True,-0.898876404494382,,,False,0,0,0,False,,445.0,35.0,,,,,
2025-02-04 13:40:00+00:00,2025-02-04,2025-02-04:1,False,-1,0,True,-0.9596977329974811,,,False,0,0,0,False,,440.0,40.0,,,,,
2025-02-04 13:45:00+00:00,2025-02-04,2025-02-04:1,False,-1,0,True,-0.7828054298642534,,,False,0,0,0,False,,435.0,45.0,,,,,
2025-02-04 13:50:00+00:00,2025-02-04,2025-02-04:1,False,-1,0,True,-0.8148984198645598,,,False,0,0,0,False,,430.0,50.0,,,,,
2025-02-04 13:55:00+00:00,2025-02-04,2025-02-04:1,False,-1,0,True,-0.7270194986072424,,,False,0,0,0,False,,425.0,55.0,,,,,
2025-02-04 14:00:00+00:00,2025-02-04,2025-02-04:1,False,-1,0,True,-0.7387173396674585,,,False,0,0,0,False,,420.0,60.0,,,,,
2025-02-04 14:05:00+00:00,2025-02-04,2025-02-04:1,True,4,5,True,-0.7352941176470589,0.7352941176470589,0.32955365929968705,True,1,0,0,False,,415.0,65.0,0.0,0.0,0.0,0.0,1.0
2025-02-04 14:10:00+00:00,2025-02-04,2025-02-04:1,True,3,5,True,-0.6477987421383647,0.230966447665198,-1.0313076132218955,True,0,1,1,False,,410.0,70.0,0.0,0.0,0.0,1.0,0.0
2025-02-04 14:15:00+00:00,2025-02-04,2025-02-04:1,True,3,10,True,-0.7796143250688705,0.28644354903921104,-1.0012578621323258,True,0,0,1,False,,405.0,75.0,0.0,0.0,0.0,1.0,0.0
2025-02-04 14:20:00+00:00,2025-02-04,2025-02-04:1,True,4,5,True,-0.6224188790560472,0.6224188790560472,1.9170994673462391,True,1,0,1,False,,400.0,80.0,0.0,0.0,0.0,0.0,1.0
2025-02-04 14:25:00+00:00,2025-02-04,2025-02-04:1,True,0,5,True,-0.5304347826086957,0.5304347826086957,1.066090188431417,True,1,0,1,False,,395.0,85.0,1.0,0.0,0.0,0.0,0.0
2025-02-04 14:30:00+00:00,2025-02-04,2025-02-04:1,True,0,10,True,-0.5431754874651811,0.3061296371201901,-0.5734237861002772,True,1,0,1,False,,390.0,90.0,1.0,0.0,0.0,0.0,0.0
2025-02-04 14:35:00+00:00,2025-02-04,2025-02-04:1,True,0,15,True,-0.4444444444444444,0.4444444444444444,0.558474952998927,True,1,0,1,False,,385.0,95.0,1.0,0.0,0.0,0.0,0.0
2025-02-04 14:40:00+00:00,2025-02-04,2025-02-04:1,True,0,20,True,-0.45794392523364486,0.3415935679863699,-0.2931251099734253,True,1,0,1,False,,380.0,100.0,1.0,0.0,0.0,0.0,0.0
2025-02-04 14:45:00+00:00,2025-02-04,2025-02-04:1,True,0,25,True,-0.40061162079510704,0.03552530643195049,-2.422747131528659,True,0,0,1,False,,375.0,105.0,1.0,0.0,0.0,0.0,0.0
2025-02-04 14:50:00+00:00,2025-02-04,2025-02-04:1,True,0,30,True,-0.024539877300613498,0.024539877300613498,0.9609223431096559,True,0,0,1,False,,370.0,110.0,1.0,0.0,0.0,0.0,0.0
2025-02-04 14:55:00+00:00,2025-02-04,2025-02-04:1,True,3,5,True,0.032679738562091505,0.032679738562091505,-1.1333575677366863,True,0,0,1,False,,365.0,115.0,0.0,0.0,0.0,1.0,0.0
2025-02-04 15:00:00+00:00,2025-02-04,2025-02-04:1,True,4,5,True,0.304635761589404,0.2643447119742248,0.14186286005529633,True,1,0,1,False,,360.0,120.0,0.0,0.0,0.0,0.0,1.0
2025-02-04 15:05:00+00:00,2025-02-04,2025-02-04:1,True,3,5,True,-0.08484848484848485,0.04723192071632795,-0.5857971843209968,True,1,0,1,True,-1.5806716783868096,355.0,125.0,0.0,0.0,0.0,1.0,0.0
2025-02-04 15:10:00+00:00,2025-02-04,2025-02-04:1,True,3,10,True,0.4411764705882353,0.4411764705882353,-0.2968593383516802,True,0,1,2,True,0.0,350.0,130.0,0.0,0.0,0.0,1.0,0.0
2025-02-04 15:15:00+00:00,2025-02-04,2025-02-04:1,True,3,15,True,0.136986301369863,0.136986301369863,-1.224582728692501,True,0,0,2,True,-1.3691251127152804,345.0,135.0,0.0,0.0,0.0,1.0,0.0
2025-02-04 15:20:00+00:00,2025-02-04,2025-02-04:1,True,4,5,True,0.3633633633633634,0.19244259087703358,0.6356054545599851,True,1,0,2,True,0.0,340.0,140.0,0.0,0.0,0.0,0.0,1.0
2025-02-04 15:25:00+00:00,2025-02-04,2025-02-04:1,True,0,5,True,0.4465753424657534,0.16477429870285634,0.997031475366159,True,1,0,2,True,0.12268300242169101,335.0,145.0,1.0,0.0,0.0,0.0,0.0
2025-02-04 15:30:00+00:00,2025-02-04,2025-02-04:1,True,1,5,True,0.20833333333333334,0.0010635257122479115,5.277549828694487,True,0,0,2,True,3.881625410544572,330.0,150.0,0.0,1.0,0.0,0.0,0.0
2025-02-04 15:35:00+00:00,2025-02-04,2025-02-04:1,True,2,5,True,-0.1484375,0.1484375,0.24254570108947676,True,0,0,2,True,1.0846973505712882,325.0,155.0,0.0,0.0,1.0,0.0,0.0
2025-02-04 15:40:00+00:00,2025-02-04,2025-02-04:1,True,2,10,True,-0.143646408839779,0.0552859929540917,-0.9548352012627416,True,0,0,2,True,-0.6573499726304385,320.0,160.0,0.0,0.0,1.0,0.0,0.0
2025-02-04 15:45:00+00:00,2025-02-04,2025-02-04:1,True,2,15,True,-0.2692307692307692,0.2692307692307692,0.23742246471599168,True,0,0,2,True,0.5308927704905028,315.0,165.0,0.0,0.0,1.0,0.0,0.0
2025-02-04 15:50:00+00:00,2025-02-04,2025-02-04:1,True,2,20,True,0.20512820512820512,0.16221840552397376,0.2346915650348844,True,0,0,2,True,-0.6255373943457435,310.0,170.0,0.0,0.0,1.0,0.0,0.0
2025-02-04 15:55:00+00:00,2025-02-04,2025-02-04:1,True,1,5,True,-0.20615384615384616,0.20615384615384616,0.9322347059718206,True,0,0,2,True,1.4464739576549066,305.0,175.0,0.0,1.0,0.0,0.0,0.0
2025-02-04 16:00:00+00:00,2025-02-04,2025-02-04:1,True,0,5,True,0.3252279635258359,0.3252279635258359,-0.2256660733774509,True,0,0,2,True,0.0,300.0,180.0,1.0,0.0,0.0,0.0,0.0
2025-02-04 16:05:00+00:00,2025-02-04,2025-02-04:1,True,0,10,True,-0.028089887640449437,0.01818547083194147,-0.4347866717945556,True,0,0,2,True,1.4583188307645845,295.0,185.0,1.0,0.0,0.0,0.0,0.0
2025-02-04 16:10:00+00:00,2025-02-04,2025-02-04:1,True,0,15,True,0.12615384615384614,0.12615384615384614,0.0,True,0,0,2,True,-0.5891538417117941,290.0,190.0,1.0,0.0,0.0,0.0,0.0
2025-02-04 16:15:00+00:00,2025-02-04,2025-02-04:1,True,0,20,True,0.2012779552715655,0.2012779552715655,-0.937825460346231,True,0,0,2,True,-0.4660092178584182,285.0,195.0,1.0,0.0,0.0,0.0,0.0
2025-02-04 16:20:00+00:00,2025-02-04,2025-02-04:1,True,0,25,True,0.5228758169934641,0.3441198415067673,0.4183540190860177,True,0,0,2,True,0.8208837153363806,280.0,200.0,1.0,0.0,0.0,0.0,0.0
2025-02-04 16:25:00+00:00,2025-02-04,2025-02-04:1,True,0,30,True,0.19003115264797507,0.19003115264797507,-0.41752911664987974,True,0,0,2,True,-0.8103186051966405,275.0,205.0,1.0,0.0,0.0,0.0,0.0
2025-02-04 16:30:00+00:00,2025-02-04,2025-02-04:1,True,3,5,True,0.15706806282722513,0.15706806282722513,-0.4416500377418688,True,0,0,2,True,0.0,270.0,210.0,0.0,0.0,0.0,1.0,0.0
2025-02-04 16:35:00+00:00,2025-02-04,2025-02-04:1,True,0,5,True,-0.014492753623188406,0.014492753623188406,1.1021939470093196,True,0,0,2,True,1.4709063483161875,265.0,215.0,1.0,0.0,0.0,0.0,0.0
2025-02-04 16:40:00+00:00,2025-02-04,2025-02-04:1,True,0,10,True,-0.051094890510948905,0.03876482861263697,-0.27617114573644,True,0,0,2,True,-0.6175374552906812,260.0,220.0,1.0,0.0,0.0,0.0,0.0
2025-02-04 16:45:00+00:00,2025-02-04,2025-02-04:1,True,0,15,True,-0.31301939058171746,0.13283528849230655,-0.857155211019629,True,0,0,2,True,0.41364587378465634,255.0,225.0,1.0,0.0,0.0,0.0,0.0
2025-02-04 16:50:00+00:00,2025-02-04,2025-02-04:1,True,3,5,True,0.20245398773006135,0.20245398773006135,-0.6188492607397331,True,0,0,2,True,0.0,250.0,230.0,0.0,0.0,0.0,1.0,0.0
2025-02-04 16:55:00+00:00,2025-02-04,2025-02-04:1,True,3,10,True,-0.06289308176100629,0.03272060675518256,-0.6534311143307924,True,0,0,2,True,0.0,245.0,235.0,0.0,0.0,0.0,1.0,0.0
2025-02-04 17:00:00+00:00,2025-02-04,2025-02-04:1,True,3,15,True,0.0034129692832764505,0.0034129692832764505,-0.7253448296621136,True,0,0,2,True,-0.8109601731273983,240.0,240.0,0.0,0.0,0.0,1.0,0.0
2025-02-04 17:05:00+00:00,2025-02-04,2025-02-04:1,True,4,5,True,-0.4805194805194805,0.4805194805194805,0.0,True,0,0,2,True,0.0,235.0,245.0,0.0,0.0,0.0,0.0,1.0
2025-02-04 17:10:00+00:00,2025-02-04,2025-02-04:1,True,3,5,True,-0.581267217630854,0.22564038028851485,-0.9462680839457824,True,0,0,2,True,0.0,230.0,250.0,0.0,0.0,0.0,1.0,0.0
2025-02-04 17:15:00+00:00,2025-02-04,2025-02-04:1,True,4,5,True,-0.2222222222222222,0.2222222222222222,0.0,True,0,0,2,True,-0.6385572692202528,225.0,255.0,0.0,0.0,0.0,0.0,1.0
2025-02-04 17:20:00+00:00,2025-02-04,2025-02-04:1,True,4,10,True,-0.5428571428571428,0.5428571428571428,0.0,True,0,0,2,True,1.090649407021399,220.0,260.0,0.0,0.0,0.0,0.0,1.0
2025-02-04 17:25:00+00:00,2025-02-04,2025-02-04:1,True,4,15,True,-0.38333333333333336,0.38333333333333336,0.0,True,0,0,2,True,-0.6145968806932399,215.0,265.0,0.0,0.0,0.0,0.0,1.0
2025-02-04 17:30:00+00:00,2025-02-04,2025-02-04:1,True,0,5,True,-0.37362637362637363,0.37362637362637363,0.48132670055766114,True,0,0,2,True,1.0762792218326163,210.0,270.0,1.0,0.0,0.0,0.0,0.0
2025-02-04 17:35:00+00:00,2025-02-04,2025-02-04:1,True,0,10,True,-0.29523809523809524,0.29523809523809524,0.951053812127469,True,0,0,2,True,0.49688024881332704,205.0,275.0,1.0,0.0,0.0,0.0,0.0
2025-02-04 17:40:00+00:00,2025-02-04,2025-02-04:1,True,1,5,True,-0.2318840579710145,0.2318840579710145,1.0028368851315772,True,0,0,2,True,1.1212057227491774,200.0,280.0,0.0,1.0,0.0,0.0,0.0
2025-02-04 17:45:00+00:00,2025-02-04,2025-02-04:1,True,1,10,True,-0.11564625850340136,0.11564625850340136,0.5182555073186641,True,0,0,2,True,0.0,195.0,285.0,0.0,1.0,0.0,0.0,0.0
2025-02-04 17:50:00+00:00,2025-02-04,2025-02-04:1,True,1,15,True,0.14743589743589744,0.052294043471549354,1.036511014634382,True,0,0,2,True,0.0,190.0,290.0,0.0,1.0,0.0,0.0,0.0
2025-02-04 17:55:00+00:00,2025-02-04,2025-02-04:1,True,2,5,True,-0.3067484662576687,0.18948448422495587,-0.4817209398740466,True,0,0,2,True,0.0,185.0,295.0,0.0,0.0,1.0,0.0,0.0
2025-02-04 18:00:00+00:00,2025-02-04,2025-02-04:1,True,1,5,True,-0.47398843930635837,0.47398843930635837,2.9324376009397737,True,0,0,2,True,3.905204630202452,180.0,300.0,0.0,1.0,0.0,0.0,0.0
2025-02-04 18:05:00+00:00,2025-02-04,2025-02-04:1,True,2,5,True,-0.8553615960099751,0.8553615960099751,0.0,True,0,0,2,True,0.9431051034639837,175.0,305.0,0.0,0.0,1.0,0.0,0.0
2025-02-04 18:10:00+00:00,2025-02-04,2025-02-04:1,True,2,10,True,-0.8815489749430524,0.8815489749430524,0.0,True,0,0,2,True,-0.9510234381802749,170.0,310.0,0.0,0.0,1.0,0.0,0.0
2025-02-04 18:15:00+00:00,2025-02-04,2025-02-04:1,True,0,5,True,-0.8208092485549133,0.22517820482929748,-1.2933986319011408,True,0,0,2,True,-0.964042420977813,165.0,315.0,1.0,0.0,0.0,0.0,0.0
2025-02-04 18:20:00+00:00,2025-02-04,2025-02-04:1,True,0,10,True,-0.8476658476658476,0.12286706214009181,-1.9313835352882422,True,0,0,2,True,0.8637409751046927,160.0,320.0,1.0,0.0,0.0,0.0,0.0
2025-02-04 18:25:00+00:00,2025-02-04,2025-02-04:1,True,0,15,True,-0.9432624113475178,0.3598388293388998,-0.9636882819023017,True,0,0,2,True,-1.5109059391676152,155.0,325.0,1.0,0.0,0.0,0.0,0.0
2025-02-04 18:30:00+00:00,2025-02-04,2025-02-04:1,True,3,5,True,-0.8784810126582279,0.2631664730861028,-1.2054074845821812,True,0,0,2,True,-1.540213186351102,150.0,330.0,0.0,0.0,0.0,1.0,0.0
2025-02-04 18:35:00+00:00,2025-02-04,2025-02-04:1,True,3,10,True,-0.6836158192090396,0.21033762037370046,-1.1786821362142996,True,0,0,2,True,-0.3627535945740789,145.0,335.0,0.0,0.0,0.0,1.0,0.0
2025-02-04 18:40:00+00:00,2025-02-04,2025-02-04:1,True,4,5,True,-0.685131195335277,0.685131195335277,1.0045228098248726,True,1,0,2,True,-0.3657830940111709,140.0,340.0,0.0,0.0,0.0,0.0,1.0
2025-02-04 18:45:00+00:00,2025-02-04,2025-02-04:1,True,3,5,True,-0.7852760736196319,0.1578955515828737,-1.604101593599632,True,0,1,3,True,0.0,135.0,345.0,0.0,0.0,0.0,1.0,0.0
2025-02-04 18:50:00+00:00,2025-02-04,2025-02-04:1,True,3,10,True,-0.4584450402144772,0.09170562800024248,-1.609256664413426,True,0,0,3,True,0.0,130.0,350.0,0.0,0.0,0.0,1.0,0.0
2025-02-04 18:55:00+00:00,2025-02-04,2025-02-04:1,True,4,5,True,-0.3136094674556213,0.3136094674556213,0.6317977517915203,True,1,0,3,True,-0.7063713605176857,125.0,355.0,0.0,0.0,0.0,0.0,1.0
2025-02-04 19:00:00+00:00,2025-02-04,2025-02-04:1,True,4,10,True,-0.3313782991202346,0.3313782991202346,0.15913991176966222,True,1,0,3,True,0.7116953213005671,120.0,360.0,0.0,0.0,0.0,0.0,1.0
2025-02-04 19:05:00+00:00,2025-02-04,2025-02-04:1,True,0,5,True,-0.5294117647058824,0.5294117647058824,0.6853682514328696,True,1,0,3,True,0.0,115.0,365.0,1.0,0.0,0.0,0.0,0.0
2025-02-04 19:10:00+00:00,2025-02-04,2025-02-04:1,True,3,5,True,-0.47701149425287354,0.23761058662702625,-0.6969074445572746,True,1,0,3,True,0.45166089739489373,110.0,370.0,0.0,0.0,0.0,1.0,0.0
2025-02-04 19:15:00+00:00,2025-02-04,2025-02-04:1,True,0,5,True,-0.2,0.2,1.0048212095332805,True,1,0,3,True,0.0,105.0,375.0,1.0,0.0,0.0,0.0,0.0
2025-02-04 19:20:00+00:00,2025-02-04,2025-02-04:1,True,1,5,True,-0.14695340501792115,0.14695340501792115,1.0048212095333027,True,0,0,3,True,0.0,100.0,380.0,0.0,1.0,0.0,0.0,0.0
2025-02-04 19:25:00+00:00,2025-02-04,2025-02-04:1,True,1,10,True,-0.20987654320987653,0.20987654320987653,0.3417289708794925,True,0,0,3,True,0.0,95.0,385.0,0.0,1.0,0.0,0.0,0.0
2025-02-04 19:30:00+00:00,2025-02-04,2025-02-04:1,True,0,5,True,-0.41333333333333333,0.09028808365837081,-1.5212488821321961,True,0,0,3,True,-1.0847085404772083,90.0,390.0,1.0,0.0,0.0,0.0,0.0
2025-02-04 19:35:00+00:00,2025-02-04,2025-02-04:1,True,0,10,True,-0.49696969696969695,0.33742507771166136,-0.3871855586425364,True,0,0,3,True,-1.532997310747095,85.0,395.0,1.0,0.0,0.0,0.0,0.0
2025-02-04 19:40:00+00:00,2025-02-04,2025-02-04:1,True,0,15,True,-0.5688622754491018,0.26314040068553857,-0.7709506255207992,True,0,0,3,True,-2.585847008943187,80.0,400.0,1.0,0.0,0.0,0.0,0.0
2025-02-04 19:45:00+00:00,2025-02-04,2025-02-04:1,True,0,20,True,-0.7443181818181818,0.5033930887464776,-0.3910972536869995,True,0,0,3,True,-0.8745200450576112,75.0,405.0,1.0,0.0,0.0,0.0,0.0
2025-02-04 19:50:00+00:00,2025-02-04,2025-02-04:1,True,3,5,True,-0.5767195767195767,0.12546311977708197,-1.5253442970850393,True,0,0,3,True,0.0,70.0,410.0,0.0,0.0,0.0,1.0,0.0
2025-02-04 19:55:00+00:00,2025-02-04,2025-02-04:1,True,4,5,True,-0.3515981735159817,0.3515981735159817,0.8032971076982214,True,1,0,3,True,-1.5634667941976228,65.0,415.0,0.0,0.0,0.0,0.0,1.0
2025-02-04 20:00:00+00:00,2025-02-04,2025-02-04:1,True,4,10,True,-0.06761565836298933,0.06761565836298933,0.0,True,1,0,3,True,-0.875442547288792,60.0,420.0,0.0,0.0,0.0,0.0,1.0
2025-02-04 20:05:00+00:00,2025-02-04,2025-02-04:1,True,4,15,True,-0.5077881619937694,0.5077881619937694,0.0,True,1,0,3,True,0.0,55.0,425.0,0.0,0.0,0.0,0.0,1.0
2025-02-04 20:10:00+00:00,2025-02-04,2025-02-04:1,True,3,5,True,-0.41839762611275966,0.13161951205790748,-1.156516963190098,True,0,1,4,True,-0.5598205914253718,50.0,430.0,0.0,0.0,0.0,1.0,0.0
2025-02-04 20:15:00+00:00,2025-02-04,2025-02-04:1,True,3,10,True,-0.4380664652567976,0.2033919066848278,-0.7672359533462607,True,0,0,4,True,-2.328128191631501,45.0,435.0,0.0,0.0,0.0,1.0,0.0
2025-02-04 20:20:00+00:00,2025-02-04,2025-02-04:1,True,0,5,True,0.12462006079027356,0.12462006079027356,-0.35865543482566675,True,0,0,4,True,0.8019779327699363,40.0,440.0,1.0,0.0,0.0,0.0,0.0
2025-02-04 20:25:00+00:00,2025-02-04,2025-02-04:1,True,0,10,True,-0.258160237388724,0.258160237388724,1.0507813267461,True,0,0,4,True,-0.579029251826276,35.0,445.0,1.0,0.0,0.0,0.0,0.0
2025-02-04 20:30:00+00:00,2025-02-04,2025-02-04:1,True,0,15,True,-0.1760797342192691,0.1760797342192691,1.621611583325015,True,0,0,4,True,0.7252067466843963,30.0,450.0,1.0,0.0,0.0,0.0,0.0
2025-02-04 20:35:00+00:00,2025-02-04,2025-02-04:1,True,0,20,True,-0.06761565836298933,0.06761565836298933,0.32468429711509933,True,0,0,4,True,-0.7260161595761009,25.0,455.0,1.0,0.0,0.0,0.0,0.0
2025-02-04 20:40:00+00:00,2025-02-04,2025-02-04:1,True,0,25,True,-0.3037542662116041,0.11237273363066448,-0.9943977150227984,True,0,0,4,True,0.0,20.0,460.0,1.0,0.0,0.0,0.0,0.0
2025-02-04 20:45:00+00:00,2025-02-04,2025-02-04:1,True,1,5,True,-0.29073482428115016,0.29073482428115016,0.9803499236755568,True,0,0,4,True,0.0,15.0,465.0,0.0,1.0,0.0,0.0,0.0
2025-02-04 20:50:00+00:00,2025-02-04,2025-02-04:1,True,2,5,True,-0.27019498607242337,0.27019498607242337,0.0,True,0,0,4,True,1.5111262888532022,10.0,470.0,0.0,0.0,1.0,0.0,0.0
2025-02-04 20:55:00+00:00,2025-02-04,2025-02-04:1,True,1,5,True,-0.5439429928741093,0.5439429928741093,0.6675052414209958,True,0,0,4,True,0.5649981705450975,5.0,475.0,0.0,1.0,0.0,0.0,0.0
2025-02-04 21:00:00+00:00,2025-02-04,2025-02-04:1,True,0,5,True,-0.5706214689265536,0.5706214689265536,0.6717996286365717,True,0,0,4,True,0.751094818444177,0.0,480.0,1.0,0.0,0.0,0.0,0.0
2025-02-05 13:00:00+00:00,2025-02-05,2025-02-05:1,False,-1,0,False,,,,False,0,0,0,False,,480.0,0.0,,,,,
2025-02-05 13:05:00+00:00,2025-02-05,2025-02-05:1,False,-1,0,True,-0.3313253012048193,,,False,0,0,0,False,,475.0,5.0,,,,,
2025-02-05 13:10:00+00:00,2025-02-05,2025-02-05:1,False,-1,0,True,-0.09615384615384616,,,False,0,0,0,False,,470.0,10.0,,,,,
2025-02-05 13:15:00+00:00,2025-02-05,2025-02-05:1,False,-1,0,True,0.2255892255892256,,,False,0,0,0,False,,465.0,15.0,,,,,
2025-02-05 13:20:00+00:00,2025-02-05,2025-02-05:1,False,-1,0,True,0.09597523219814241,,,False,0,0,0,False,,460.0,20.0,,,,,
2025-02-05 13:25:00+00:00,2025-02-05,2025-02-05:1,False,-1,0,True,0.22646310432569974,,,False,0,0,0,False,,455.0,25.0,,,,,
2025-02-05 13:30:00+00:00,2025-02-05,2025-02-05:1,False,-1,0,True,-0.4742014742014742,,,False,0,0,0,False,,450.0,30.0,,,,,
2025-02-05 13:35:00+00:00,2025-02-05,2025-02-05:1,False,-1,0,True,-0.8514851485148515,,,False,0,0,0,False,,445.0,35.0,,,,,
2025-02-05 13:40:00+00:00,2025-02-05,2025-02-05:1,False,-1,0,True,-0.8412017167381974,,,False,0,0,0,False,,440.0,40.0,,,,,
2025-02-05 13:45:00+00:00,2025-02-05,2025-02-05:1,False,-1,0,True,-0.7076023391812866,,,False,0,0,0,False,,435.0,45.0,,,,,
2025-02-05 13:50:00+00:00,2025-02-05,2025-02-05:1,False,-1,0,True,-0.6047904191616766,,,False,0,0,0,False,,430.0,50.0,,,,,
2025-02-05 13:55:00+00:00,2025-02-05,2025-02-05:1,False,-1,0,True,-0.6384839650145773,,,False,0,0,0,False,,425.0,55.0,,,,,
2025-02-05 14:00:00+00:00,2025-02-05,2025-02-05:1,False,-1,0,True,-0.38144329896907214,,,False,0,0,0,False,,420.0,60.0,,,,,
2025-02-05 14:05:00+00:00,2025-02-05,2025-02-05:1,True,4,5,True,-0.5253333333333333,0.36455525696459423,-0.36535484517992317,True,0,0,0,False,,415.0,65.0,0.0,0.0,0.0,0.0,1.0
2025-02-05 14:10:00+00:00,2025-02-05,2025-02-05:1,True,4,10,True,-0.514018691588785,0.3705569230912912,-0.3272525582447713,True,0,0,0,False,,410.0,70.0,0.0,0.0,0.0,0.0,1.0
2025-02-05 14:15:00+00:00,2025-02-05,2025-02-05:1,True,4,15,True,-0.34285714285714286,0.34285714285714286,0.6976256592229086,True,1,0,0,False,,405.0,75.0,0.0,0.0,0.0,0.0,1.0
2025-02-05 14:20:00+00:00,2025-02-05,2025-02-05:1,True,3,5,True,-0.3068181818181818,0.10732002266049812,-1.0504400938019756,True,0,1,1,False,,400.0,80.0,0.0,0.0,0.0,1.0,0.0
2025-02-05 14:25:00+00:00,2025-02-05,2025-02-05:1,True,4,5,True,-0.02564102564102564,0.02564102564102564,0.7288569229832093,True,1,0,1,False,,395.0,85.0,0.0,0.0,0.0,0.0,1.0
2025-02-05 14:30:00+00:00,2025-02-05,2025-02-05:1,True,0,5,True,0.056105610561056105,0.02740445588802715,0.7165301937061259,True,1,0,1,False,,390.0,90.0,1.0,0.0,0.0,0.0,0.0
2025-02-05 14:35:00+00:00,2025-02-05,2025-02-05:1,True,0,10,True,-0.16666666666666666,0.0590827044764759,-1.0370575766241286,True,0,1,2,False,,385.0,95.0,1.0,0.0,0.0,0.0,0.0
2025-02-05 14:40:00+00:00,2025-02-05,2025-02-05:1,True,0,15,True,0.2827586206896552,0.07286589414074336,1.3559729181588585,True,0,0,2,False,,380.0,100.0,1.0,0.0,0.0,0.0,0.0
2025-02-05 14:45:00+00:00,2025-02-05,2025-02-05:1,True,0,20,True,0.03278688524590164,0.023065386906129633,0.35169550390051907,True,0,0,2,False,,375.0,105.0,1.0,0.0,0.0,0.0,0.0
2025-02-05 14:50:00+00:00,2025-02-05,2025-02-05:1,True,1,5,True,0.465564738292011,0.27671113479014536,0.5202770322760603,True,0,0,2,False,,370.0,110.0,0.0,1.0,0.0,0.0,0.0
2025-02-05 14:55:00+00:00,2025-02-05,2025-02-05:1,True,0,5,True,0.3160919540229885,0.3160919540229885,-0.1791325484262676,True,0,0,2,False,,365.0,115.0,1.0,0.0,0.0,0.0,0.0
2025-02-05 15:00:00+00:00,2025-02-05,2025-02-05:1,True,0,10,True,-0.28695652173913044,0.28695652173913044,0.38203309909778466,True,0,0,2,False,,360.0,120.0,1.0,0.0,0.0,0.0,0.0
2025-02-05 15:05:00+00:00,2025-02-05,2025-02-05:1,True,2,5,True,-0.39823008849557523,0.19053361917889713,-0.7372012924145008,True,0,0,2,True,0.8242161014721046,355.0,125.0,0.0,0.0,1.0,0.0,0.0
2025-02-05 15:10:00+00:00,2025-02-05,2025-02-05:1,True,0,5,True,0.0736196319018405,0.04862405905059263,0.4147932773566252,True,0,0,2,True,-0.6168216765025027,350.0,130.0,1.0,0.0,0.0,0.0,0.0
2025-02-05 15:15:00+00:00,2025-02-05,2025-02-05:1,True,0,10,True,-0.373134328358209,0.10350313555198289,-1.2823365770245976,True,0,0,2,True,-2.8673917562613953,345.0,135.0,1.0,0.0,0.0,0.0,0.0
2025-02-05 15:20:00+00:00,2025-02-05,2025-02-05:1,True,0,15,True,0.11254019292604502,0.07501789791295509,0.40558370438632363,True,0,0,2,True,0.9069127335739993,340.0,140.0,1.0,0.0,0.0,0.0,0.0
2025-02-05 15:25:00+00:00,2025-02-05,2025-02-05:1,True,0,20,True,-0.1518987341772152,0.1518987341772152,0.0,True,0,0,2,True,0.40596139835462336,335.0,145.0,1.0,0.0,0.0,0.0,0.0
2025-02-05 15:30:00+00:00,2025-02-05,2025-02-05:1,True,1,5,True,-0.18763796909492272,0.18763796909492272,4.2258640829754155,True,0,0,2,True,9.44931935320784,330.0,150.0,0.0,1.0,0.0,0.0,0.0
2025-02-05 15:35:00+00:00,2025-02-05,2025-02-05:1,True,2,5,True,-0.918918918918919,0.7260996641069912,-0.2355106071668077,True,0,0,2,True,-1.3755251246832634,325.0,155.0,0.0,0.0,1.0,0.0,0.0
2025-02-05 15:40:00+00:00,2025-02-05,2025-02-05:1,True,0,5,True,-0.9064327485380117,0.5730097090177934,-0.45861417864290466,True,0,0,2,True,-0.699958930430485,320.0,160.0,1.0,0.0,0.0,0.0,0.0
2025-02-05 15:45:00+00:00,2025-02-05,2025-02-05:1,True,0,10,True,-0.797979797979798,0.4097512470991056,-0.6665330201342958,True,0,0,2,True,0.0,315.0,165.0,1.0,0.0,0.0,0.0,0.0
2025-02-05 15:50:00+00:00,2025-02-05,2025-02-05:1,True,0,15,True,-0.8531645569620253,0.3206413090477123,-0.9786293633763822,True,0,0,2,True,-0.6412411286595014,310.0,170.0,1.0,0.0,0.0,0.0,0.0
2025-02-05 15:55:00+00:00,2025-02-05,2025-02-05:1,True,0,20,True,-0.7222222222222222,0.7222222222222222,0.42628171515504876,True,0,0,2,True,0.0,305.0,175.0,1.0,0.0,0.0,0.0,0.0
2025-02-05 16:00:00+00:00,2025-02-05,2025-02-05:1,True,0,25,True,-0.6337209302325582,0.6337209302325582,0.0,True,0,0,2,True,0.4759222788267332,300.0,180.0,1.0,0.0,0.0,0.0,0.0
2025-02-05 16:05:00+00:00,2025-02-05,2025-02-05:1,True,3,5,True,-0.5732009925558312,0.37231311899569136,-0.4315012095994596,True,0,0,2,True,0.3157087712426831,295.0,185.0,0.0,0.0,0.0,1.0,0.0
2025-02-05 16:10:00+00:00,2025-02-05,2025-02-05:1,True,3,10,True,-0.5369774919614148,0.1823493319587121,-1.0800319254829922,True,0,0,2,True,-0.20890856801400354,290.0,190.0,0.0,0.0,0.0,1.0,0.0
2025-02-05 16:15:00+00:00,2025-02-05,2025-02-05:1,True,0,5,True,-0.4311377245508982,0.4311377245508982,0.4174135056497781,True,0,0,2,True,0.46668248667969814,285.0,195.0,1.0,0.0,0.0,0.0,0.0
2025-02-05 16:20:00+00:00,2025-02-05,2025-02-05:1,True,0,10,True,-0.768361581920904,0.502753351564327,-0.4241607370507125,True,0,0,2,True,-0.4742261207159034,280.0,200.0,1.0,0.0,0.0,0.0,0.0
2025-02-05 16:25:00+00:00,2025-02-05,2025-02-05:1,True,0,15,True,-0.5482233502538071,0.4434994926644565,-0.2119861195552249,True,0,0,2,True,-0.2912699142216979,275.0,205.0,1.0,0.0,0.0,0.0,0.0
2025-02-05 16:30:00+00:00,2025-02-05,2025-02-05:1,True,0,20,True,-0.6863905325443787,0.6863905325443787,0.0,True,0,0,2,True,0.1930304763661129,270.0,210.0,1.0,0.0,0.0,0.0,0.0
2025-02-05 16:35:00+00:00,2025-02-05,2025-02-05:1,True,3,5,True,-0.6618075801749271,0.4758298868364334,-0.32991443953757216,True,0,0,2,True,0.737711113562659,265.0,215.0,0.0,0.0,0.0,1.0,0.0
2025-02-05 16:40:00+00:00,2025-02-05,2025-02-05:1,True,0,5,True,-0.5959595959595959,0.2938627738554224,-0.7070599699726862,True,0,0,2,True,0.31045787551371257,260.0,220.0,1.0,0.0,0.0,0.0,0.0
2025-02-05 16:45:00+00:00,2025-02-05,2025-02-05:1,True,3,5,True,-0.5922865013774105,0.41335736723438526,-0.3596779580696174,True,0,0,2,True,1.6085287284993954,255.0,225.0,0.0,0.0,0.0,1.0,0.0
2025-02-05 16:50:00+00:00,2025-02-05,2025-02-05:1,True,0,5,True,-0.5202492211838006,0.5202492211838006,0.7519190859655315,True,0,0,2,True,0.8406710948980236,250.0,230.0,1.0,0.0,0.0,0.0,0.0
2025-02-05 16:55:00+00:00,2025-02-05,2025-02-05:1,True,0,10,True,-0.5471698113207547,0.44661717192984385,-0.20305740639171505,True,0,0,2,True,0.9081003280559312,245.0,235.0,1.0,0.0,0.0,0.0,0.0
2025-02-05 17:00:00+00:00,2025-02-05,2025-02-05:1,True,3,5,True,-0.6332378223495702,0.12917726913557323,-1.589660417910603,True,0,0,2,True,0.0,240.0,240.0,0.0,0.0,0.0,1.0,0.0
2025-02-05 17:05:00+00:00,2025-02-05,2025-02-05:1,True,3,10,True,-0.41916167664670656,0.19107801770406468,-0.7855748943143411,True,0,0,2,True,-2.5246151571714406,235.0,245.0,0.0,0.0,0.0,1.0,0.0
2025-02-05 17:10:00+00:00,2025-02-05,2025-02-05:1,True,3,15,True,-0.49740932642487046,0.16846670850258785,-1.0826751269256094,True,0,0,2,True,-0.6445357760792788,230.0,250.0,0.0,0.0,0.0,1.0,0.0
2025-02-05 17:15:00+00:00,2025-02-05,2025-02-05:1,True,4,5,True,-0.31875,0.31875,0.5516848130741083,True,1,0,2,True,1.0291137999243833,225.0,255.0,0.0,0.0,0.0,0.0,1.0
2025-02-05 17:20:00+00:00,2025-02-05,2025-02-05:1,True,4,10,True,-0.4984126984126984,0.4183272723851654,-0.17516437103430793,True,1,0,2,True,0.0,220.0,260.0,0.0,0.0,0.0,0.0,1.0
2025-02-05 17:25:00+00:00,2025-02-05,2025-02-05:1,True,0,5,True,0.0034129692832764505,0.0008566770808381707,1.3822769031795095,True,1,0,2,True,0.7727162798087707,215.0,265.0,1.0,0.0,0.0,0.0,0.0
2025-02-05 17:30:00+00:00,2025-02-05,2025-02-05:1,True,0,10,True,0.0473186119873817,0.03340020299681282,0.3483417284939944,True,1,0,2,True,0.778915784312347,210.0,270.0,1.0,0.0,0.0,0.0,0.0
2025-02-05 17:35:00+00:00,2025-02-05,2025-02-05:1,True,0,15,True,-0.08852459016393442,0.08852459016393442,0.7133847076699225,True,1,0,2,True,-0.16714783340155903,205.0,275.0,1.0,0.0,0.0,0.0,0.0
2025-02-05 17:40:00+00:00,2025-02-05,2025-02-05:1,True,1,5,True,-0.0718954248366013,0.0718954248366013,0.7059392824853402,True,0,0,2,True,0.789264111811202,200.0,280.0,0.0,1.0,0.0,0.0,0.0
2025-02-05 17:45:00+00:00,2025-02-05,2025-02-05:1,True,2,5,True,-0.3619631901840491,0.11886566838800852,-1.1135485036615835,True,0,0,2,True,-0.8299900501427051,195.0,285.0,0.0,0.0,1.0,0.0,0.0
2025-02-05 17:50:00+00:00,2025-02-05,2025-02-05:1,True,0,5,True,-0.45454545454545453,0.17763851886024898,-0.9395472261016766,True,0,0,2,True,-0.4201782931264651,190.0,290.0,1.0,0.0,0.0,0.0,0.0
2025-02-05 17:55:00+00:00,2025-02-05,2025-02-05:1,True,0,10,True,-0.1437125748502994,0.09913642709464963,-0.37131834395912705,True,0,0,2,True,0.41514652919262823,185.0,295.0,1.0,0.0,0.0,0.0,0.0
2025-02-05 18:00:00+00:00,2025-02-05,2025-02-05:1,True,0,15,True,-0.5348837209302325,0.5348837209302325,2.109804466409608,True,0,0,2,True,3.872025388968758,180.0,300.0,1.0,0.0,0.0,0.0,0.0
2025-02-05 18:05:00+00:00,2025-02-05,2025-02-05:1,True,0,20,True,-0.5406698564593302,0.5406698564593302,0.8697184926229172,True,0,0,2,True,0.6038740039974849,175.0,305.0,1.0,0.0,0.0,0.0,0.0
2025-02-05 18:10:00+00:00,2025-02-05,2025-02-05:1,True,0,25,True,-0.7264437689969605,0.2898839792164,-0.918680308885363,True,0,0,2,True,-1.3694877468384596,170.0,310.0,1.0,0.0,0.0,0.0,0.0
2025-02-05 18:15:00+00:00,2025-02-05,2025-02-05:1,True,0,30,True,-0.31129476584022037,0.31129476584022037,0.3157820606984585,True,0,0,2,True,-0.5645562921971703,165.0,315.0,1.0,0.0,0.0,0.0,0.0
2025-02-05 18:20:00+00:00,2025-02-05,2025-02-05:1,True,0,35,True,-0.700507614213198,0.5042900041103892,-0.3286537278310235,True,0,0,2,True,-0.734892076488883,160.0,320.0,1.0,0.0,0.0,0.0,0.0
2025-02-05 18:25:00+00:00,2025-02-05,2025-02-05:1,True,0,40,True,-0.7647058823529411,0.3997866235010106,-0.6485603288573505,True,0,0,2,True,0.797895325727301,155.0,325.0,1.0,0.0,0.0,0.0,0.0
2025-02-05 18:30:00+00:00,2025-02-05,2025-02-05:1,True,3,5,True,-0.696,0.14291944185461886,-1.5830685324861726,True,0,0,2,True,-0.7079697703355808,150.0,330.0,0.0,0.0,0.0,1.0,0.0
2025-02-05 18:35:00+00:00,2025-02-05,2025-02-05:1,True,3,10,True,-0.7217847769028871,0.06622710765178529,-2.3886371412487764,True,0,0,2,True,-2.1775948904066027,145.0,335.0,0.0,0.0,0.0,1.0,0.0
2025-02-05 18:40:00+00:00,2025-02-05,2025-02-05:1,True,3,15,True,-0.5555555555555556,0.16349158207834036,-1.2232071108275333,True,0,0,2,True,-0.020446010868436684,140.0,340.0,0.0,0.0,0.0,1.0,0.0
2025-02-05 18:45:00+00:00,2025-02-05,2025-02-05:1,True,4,5,True,-0.2682926829268293,0.2682926829268293,0.4567835733139505,True,1,0,2,True,0.6460030891375277,135.0,345.0,0.0,0.0,0.0,0.0,1.0
2025-02-05 18:50:00+00:00,2025-02-05,2025-02-05:1,True,4,10,True,-0.623342175066313,0.459423829155117,-0.3051224466006335,True,1,0,2,True,0.6822745320600662,130.0,350.0,0.0,0.0,0.0,0.0,1.0
2025-02-05 18:55:00+00:00,2025-02-05,2025-02-05:1,True,3,5,True,-0.5961538461538461,0.025696512259677624,-3.144143491934252,True,0,1,3,True,-5.456041288288625,125.0,355.0,0.0,0.0,0.0,1.0,0.0
2025-02-05 19:00:00+00:00,2025-02-05,2025-02-05:1,True,4,5,True,-0.4180790960451977,0.3304778526688492,-0.235130994158098,True,0,0,3,True,0.6450718142437927,120.0,360.0,0.0,0.0,0.0,0.0,1.0
2025-02-05 19:05:00+00:00,2025-02-05,2025-02-05:1,True,4,10,True,-0.38837920489296635,0.38837920489296635,0.0,True,0,0,3,True,-1.1791157491015538,115.0,365.0,0.0,0.0,0.0,0.0,1.0
2025-02-05 19:10:00+00:00,2025-02-05,2025-02-05:1,True,4,15,True,-0.308868501529052,0.308868501529052,0.0,True,0,0,3,True,0.642821028076131,110.0,370.0,0.0,0.0,0.0,0.0,1.0
2025-02-05 19:15:00+00:00,2025-02-05,2025-02-05:1,True,0,5,True,-0.11526479750778816,0.11526479750778816,1.1565424540164346,True,0,0,3,True,-2.650268184913155,105.0,375.0,1.0,0.0,0.0,0.0,0.0
2025-02-05 19:20:00+00:00,2025-02-05,2025-02-05:1,True,0,10,True,0.35185185185185186,0.28180144830558257,0.22200747265250975,True,0,0,3,True,0.49642380036393746,100.0,380.0,1.0,0.0,0.0,0.0,0.0
2025-02-05 19:25:00+00:00,2025-02-05,2025-02-05:1,True,0,15,True,0.3411764705882353,0.3411764705882353,-1.087920234891179,True,0,0,3,True,-0.469094565166074,95.0,385.0,1.0,0.0,0.0,0.0,0.0
2025-02-05 19:30:00+00:00,2025-02-05,2025-02-05:1,True,0,20,True,0.4586894586894587,0.23885087723818046,0.6525340079137919,True,0,0,3,True,0.0,90.0,390.0,1.0,0.0,0.0,0.0,0.0
2025-02-05 19:35:00+00:00,2025-02-05,2025-02-05:1,True,1,5,True,0.431438127090301,0.1455183963646081,1.086821595838281,True,0,0,3,True,1.0857034048639118,85.0,395.0,0.0,1.0,0.0,0.0,0.0
2025-02-05 19:40:00+00:00,2025-02-05,2025-02-05:1,True,2,5,True,0.30113636363636365,0.2707448649279828,0.10638627789649918,True,0,0,3,True,-0.45146553916362925,80.0,400.0,0.0,0.0,1.0,0.0,0.0
2025-02-05 19:45:00+00:00,2025-02-05,2025-02-05:1,True,0,5,True,0.5664739884393064,0.24296954781414795,0.846495045304544,True,0,0,3,True,0.45080110499056686,75.0,405.0,1.0,0.0,0.0,0.0,0.0
2025-02-05 19:50:00+00:00,2025-02-05,2025-02-05:1,True,1,5,True,0.1342281879194631,0.08796111341049738,0.4226464228385039,True,0,0,3,True,0.020889657798029898,70.0,410.0,0.0,1.0,0.0,0.0,0.0
2025-02-05 19:55:00+00:00,2025-02-05,2025-02-05:1,True,1,10,True,0.1263537906137184,0.06662828717314646,0.6399566145815859,True,0,0,3,True,0.0,65.0,415.0,0.0,1.0,0.0,0.0,0.0
2025-02-05 20:00:00+00:00,2025-02-05,2025-02-05:1,True,2,5,True,0.09036144578313253,0.09036144578313253,0.0,True,0,0,3,True,-0.5834306887412595,60.0,420.0,0.0,0.0,1.0,0.0,0.0
2025-02-05 20:05:00+00:00,2025-02-05,2025-02-05:1,True,2,10,True,0.47435897435897434,0.47435897435897434,-0.27885768404650474,True,0,0,3,True,0.6235447375761433,55.0,425.0,0.0,0.0,1.0,0.0,0.0
2025-02-05 20:10:00+00:00,2025-02-05,2025-02-05:1,True,0,5,True,0.52,0.52,-0.5586980460454519,True,0,0,3,True,0.6246434049260814,50.0,430.0,1.0,0.0,0.0,0.0,0.0
2025-02-05 20:15:00+00:00,2025-02-05,2025-02-05:1,True,1,5,True,0.4517133956386293,0.12431364973747815,1.2902400929332247,True,0,0,3,True,0.09822414974414499,45.0,435.0,0.0,1.0,0.0,0.0,0.0
2025-02-05 20:20:00+00:00,2025-02-05,2025-02-05:1,True,1,10,True,0.4796747967479675,0.23412294067401385,0.7172620026296401,True,0,0,3,True,0.18853578677632454,40.0,440.0,0.0,1.0,0.0,0.0,0.0
2025-02-05 20:25:00+00:00,2025-02-05,2025-02-05:1,True,1,15,True,0.43291139240506327,0.07859817191691558,1.706184629473496,True,0,0,3,True,0.0,35.0,445.0,0.0,1.0,0.0,0.0,0.0
2025-02-05 20:30:00+00:00,2025-02-05,2025-02-05:1,True,1,20,True,0.4670846394984326,0.3197658748969986,0.3789213950757167,True,0,0,3,True,0.0,30.0,450.0,0.0,1.0,0.0,0.0,0.0
2025-02-05 20:35:00+00:00,2025-02-05,2025-02-05:1,True,1,25,True,0.47692307692307695,0.122152008127966,1.3620889761506678,True,0,0,3,True,0.870206726306717,25.0,455.0,0.0,1.0,0.0,0.0,0.0
2025-02-05 20:40:00+00:00,2025-02-05,2025-02-05:1,True,2,5,True,0.42120343839541546,0.42120343839541546,0.0,True,0,0,3,True,0.20740424515625633,20.0,460.0,0.0,0.0,1.0,0.0,0.0
2025-02-05 20:45:00+00:00,2025-02-05,2025-02-05:1,True,1,5,True,0.07142857142857142,0.019025807407166802,1.3229016072467557,True,0,0,3,True,2.958097921347474,15.0,465.0,0.0,1.0,0.0,0.0,0.0
2025-02-05 20:50:00+00:00,2025-02-05,2025-02-05:1,True,2,5,True,-0.2087227414330218,0.0919479746546027,-0.8197838510302055,True,0,0,3,True,0.9165462088826551,10.0,470.0,0.0,0.0,1.0,0.0,0.0
2025-02-05 20:55:00+00:00,2025-02-05,2025-02-05:1,True,1,5,True,0.1044776119402985,0.06954459209371272,0.4070046489620912,True,0,0,3,True,-0.7481082227388529,5.0,475.0,0.0,1.0,0.0,0.0,0.0
2025-02-05 21:00:00+00:00,2025-02-05,2025-02-05:1,True,1,10,True,0.3419354838709677,0.22347766237361136,0.42531061119327235,True,0,0,3,True,0.95102343818014,0.0,480.0,0.0,1.0,0.0,0.0,0.0
2025-02-06 13:00:00+00:00,2025-02-06,2025-02-06:1,False,-1,0,False,,,,False,0,0,0,False,,480.0,0.0,,,,,
2025-02-06 13:05:00+00:00,2025-02-06,2025-02-06:1,False,-1,0,True,-0.10204081632653061,,,False,0,0,0,False,,475.0,5.0,,,,,
2025-02-06 13:10:00+00:00,2025-02-06,2025-02-06:1,False,-1,0,True,0.07984790874524715,,,False,0,0,0,False,,470.0,10.0,,,,,
2025-02-06 13:15:00+00:00,2025-02-06,2025-02-06:1,False,-1,0,True,0.12258064516129032,,,False,0,0,0,False,,465.0,15.0,,,,,
2025-02-06 13:20:00+00:00,2025-02-06,2025-02-06:1,False,-1,0,True,0.13355048859934854,,,False,0,0,0,False,,460.0,20.0,,,,,
2025-02-06 13:25:00+00:00,2025-02-06,2025-02-06:1,False,-1,0,True,-0.2158273381294964,,,False,0,0,0,False,,455.0,25.0,,,,,
2025-02-06 13:30:00+00:00,2025-02-06,2025-02-06:1,False,-1,0,True,0.050505050505050504,,,False,0,0,0,False,,450.0,30.0,,,,,
2025-02-06 13:35:00+00:00,2025-02-06,2025-02-06:1,False,-1,0,True,-0.34,,,False,0,0,0,False,,445.0,35.0,,,,,
2025-02-06 13:40:00+00:00,2025-02-06,2025-02-06:1,False,-1,0,True,-0.109717868338558,,,False,0,0,0,False,,440.0,40.0,,,,,
2025-02-06 13:45:00+00:00,2025-02-06,2025-02-06:1,False,-1,0,True,-0.08974358974358974,,,False,0,0,0,False,,435.0,45.0,,,,,
2025-02-06 13:50:00+00:00,2025-02-06,2025-02-06:1,False,-1,0,True,0.028089887640449437,,,False,0,0,0,False,,430.0,50.0,,,,,
2025-02-06 13:55:00+00:00,2025-02-06,2025-02-06:1,False,-1,0,True,-0.20376175548589343,,,False,0,0,0,False,,425.0,55.0,,,,,
2025-02-06 14:00:00+00:00,2025-02-06,2025-02-06:1,False,-1,0,True,0.24,,,False,0,0,0,False,,420.0,60.0,,,,,
2025-02-06 14:05:00+00:00,2025-02-06,2025-02-06:1,True,0,5,True,0.4270833333333333,0.4270833333333333,0.0,True,0,0,0,False,,415.0,65.0,1.0,0.0,0.0,0.0,0.0
2025-02-06 14:10:00+00:00,2025-02-06,2025-02-06:1,True,1,5,True,0.3416149068322981,0.08950019534452577,1.3394432913313175,True,0,0,0,False,,410.0,70.0,0.0,1.0,0.0,0.0,0.0
2025-02-06 14:15:00+00:00,2025-02-06,2025-02-06:1,True,1,10,True,0.36908517350157727,0.13656272087841945,0.9942434371976675,True,0,0,0,False,,405.0,75.0,0.0,1.0,0.0,0.0,0.0
2025-02-06 14:20:00+00:00,2025-02-06,2025-02-06:1,True,1,15,True,0.5148247978436657,0.18908085463714858,1.0016519185300536,True,0,0,0,False,,400.0,80.0,0.0,1.0,0.0,0.0,0.0
2025-02-06 14:25:00+00:00,2025-02-06,2025-02-06:1,True,1,20,True,0.5167095115681234,0.2651068827533196,0.6673477676080838,True,0,0,0,False,,395.0,85.0,0.0,1.0,0.0,0.0,0.0
2025-02-06 14:30:00+00:00,2025-02-06,2025-02-06:1,True,2,5,True,0.2807017543859649,0.19893909619482913,0.34429400477772726,True,0,0,0,False,,390.0,90.0,0.0,0.0,1.0,0.0,0.0
2025-02-06 14:35:00+00:00,2025-02-06,2025-02-06:1,True,2,10,True,0.6065573770491803,0.6065573770491803,-1.457795885184823,True,0,0,0,False,,385.0,95.0,0.0,0.0,1.0,0.0,0.0
2025-02-06 14:40:00+00:00,2025-02-06,2025-02-06:1,True,0,5,True,0.5087719298245614,0.5087719298245614,-0.3026648583783589,True,0,0,0,False,,380.0,100.0,1.0,0.0,0.0,0.0,0.0
2025-02-06 14:45:00+00:00,2025-02-06,2025-02-06:1,True,0,10,True,0.13924050632911392,0.13924050632911392,-0.314176561148151,True,0,0,0,False,,375.0,105.0,1.0,0.0,0.0,0.0,0.0
2025-02-06 14:50:00+00:00,2025-02-06,2025-02-06:1,True,0,15,True,0.6242424242424243,0.6242424242424243,-0.3109420984087928,True,0,0,0,False,,370.0,110.0,1.0,0.0,0.0,0.0,0.0
2025-02-06 14:55:00+00:00,2025-02-06,2025-02-06:1,True,3,5,True,-0.09897610921501707,0.07382223437779652,-0.2932185348885396,True,0,0,0,False,,365.0,115.0,0.0,0.0,0.0,1.0,0.0
2025-02-06 15:00:00+00:00,2025-02-06,2025-02-06:1,True,3,10,True,0.44891640866873067,0.44891640866873067,-0.8825405870489823,True,0,0,0,False,,360.0,120.0,0.0,0.0,0.0,1.0,0.0
2025-02-06 15:05:00+00:00,2025-02-06,2025-02-06:1,True,3,15,True,0.5619047619047619,0.5619047619047619,-1.4810740593613705,True,0,0,0,True,-1.5974975196160672,355.0,125.0,0.0,0.0,0.0,1.0,0.0
2025-02-06 15:10:00+00:00,2025-02-06,2025-02-06:1,True,4,5,True,0.3202247191011236,0.23810609851464873,0.29630663011053904,True,1,0,0,True,0.4067162180615926,350.0,130.0,0.0,0.0,0.0,0.0,1.0
2025-02-06 15:15:00+00:00,2025-02-06,2025-02-06:1,True,4,10,True,0.29595015576323985,0.1404082372193558,0.7456368879284166,True,1,0,0,True,0.18941566588969794,345.0,135.0,0.0,0.0,0.0,0.0,1.0
2025-02-06 15:20:00+00:00,2025-02-06,2025-02-06:1,True,0,5,True,0.5774647887323944,0.31937164636446164,0.5922920083623734,True,1,0,0,True,0.2604141640590583,340.0,140.0,1.0,0.0,0.0,0.0,0.0
2025-02-06 15:25:00+00:00,2025-02-06,2025-02-06:1,True,0,10,True,0.322884012539185,0.27756662247340613,0.15123217907001957,True,1,0,0,True,0.0,335.0,145.0,1.0,0.0,0.0,0.0,0.0
2025-02-06 15:30:00+00:00,2025-02-06,2025-02-06:1,True,1,5,True,-0.15736040609137056,0.15736040609137056,12.173523010221379,True,0,0,0,True,25.68182749196629,330.0,150.0,0.0,1.0,0.0,0.0,0.0
2025-02-06 15:35:00+00:00,2025-02-06,2025-02-06:1,True,2,5,True,-0.9775280898876404,0.3827532153704901,-0.9376365926953716,True,0,0,0,True,-0.33078816952885304,325.0,155.0,0.0,0.0,1.0,0.0,0.0
2025-02-06 15:40:00+00:00,2025-02-06,2025-02-06:1,True,2,10,True,-0.974025974025974,0.5373172537675939,-0.5948492614641894,True,0,0,0,True,-0.2850264396425129,320.0,160.0,0.0,0.0,1.0,0.0,0.0
2025-02-06 15:45:00+00:00,2025-02-06,2025-02-06:1,True,0,5,True,-0.9767441860465116,0.7585746130154709,-0.25278361845125136,True,0,0,0,True,-0.6157046159391683,315.0,165.0,1.0,0.0,0.0,0.0,0.0
2025-02-06 15:50:00+00:00,2025-02-06,2025-02-06:1,True,0,10,True,-0.9762470308788599,0.30383767562702935,-1.1672220627513057,True,0,0,0,True,-0.31451958608232605,310.0,170.0,1.0,0.0,0.0,0.0,0.0
2025-02-06 15:55:00+00:00,2025-02-06,2025-02-06:1,True,0,15,True,-0.9672131147540983,0.5398993987442552,-0.5830360351337187,True,0,0,0,True,-0.12027080697857982,305.0,175.0,1.0,0.0,0.0,0.0,0.0
2025-02-06 16:00:00+00:00,2025-02-06,2025-02-06:1,True,3,5,True,-0.9527186761229315,0.6549987285152538,-0.3746863674472602,True,0,0,0,True,-0.3723663057131869,300.0,180.0,0.0,0.0,0.0,1.0,0.0
2025-02-06 16:05:00+00:00,2025-02-06,2025-02-06:1,True,4,5,True,-0.9744897959183674,0.7595639634649679,-0.24916951144815488,True,0,0,0,True,0.25007076298150227,295.0,185.0,0.0,0.0,0.0,0.0,1.0
2025-02-06 16:10:00+00:00,2025-02-06,2025-02-06:1,True,4,10,True,-0.9543147208121827,0.9543147208121827,0.3301862008751915,True,1,0,0,True,-0.266688787186072,290.0,190.0,0.0,0.0,0.0,0.0,1.0
2025-02-06 16:15:00+00:00,2025-02-06,2025-02-06:1,True,3,5,True,-0.9741379310344828,0.310840176494773,-1.1422740284478086,True,0,1,1,True,-0.7297721075836758,285.0,195.0,0.0,0.0,0.0,1.0,0.0
2025-02-06 16:20:00+00:00,2025-02-06,2025-02-06:1,True,4,5,True,-0.9614457831325302,0.9232433060270786,-0.04054537237945406,True,0,0,1,True,0.3464078241507928,280.0,200.0,0.0,0.0,0.0,0.0,1.0
2025-02-06 16:25:00+00:00,2025-02-06,2025-02-06:1,True,3,5,True,-0.9345088161209067,0.622639222835529,-0.40605380642829514,True,0,0,1,True,-0.3631855654782772,275.0,205.0,0.0,0.0,0.0,1.0,0.0
2025-02-06 16:30:00+00:00,2025-02-06,2025-02-06:1,True,0,5,True,-0.8064516129032258,0.6321976163758454,-0.24344186995483552,True,0,0,1,True,0.0,270.0,210.0,1.0,0.0,0.0,0.0,0.0
2025-02-06 16:35:00+00:00,2025-02-06,2025-02-06:1,True,4,5,True,-0.7967213114754098,0.6266440929053613,-0.24012620116772487,True,0,0,1,True,0.3317055020291824,265.0,215.0,0.0,0.0,0.0,0.0,1.0
2025-02-06 16:40:00+00:00,2025-02-06,2025-02-06:1,True,4,10,True,-0.6473551637279596,0.4003716114384542,-0.48050193876602165,True,0,0,1,True,-1.5316311505960238,260.0,220.0,0.0,0.0,0.0,0.0,1.0
2025-02-06 16:45:00+00:00,2025-02-06,2025-02-06:1,True,3,5,True,-0.3611940298507463,0.13218609588333588,-1.0052045457287913,True,0,0,1,True,-0.303759264948813,255.0,225.0,0.0,0.0,0.0,1.0,0.0
2025-02-06 16:50:00+00:00,2025-02-06,2025-02-06:1,True,3,10,True,-0.6666666666666666,0.18278435925271,-1.2939830775894567,True,0,0,1,True,-0.578686824644553,250.0,230.0,0.0,0.0,0.0,1.0,0.0
2025-02-06 16:55:00+00:00,2025-02-06,2025-02-06:1,True,3,15,True,-0.6125356125356125,0.21979490062163776,-1.0249122420270798,True,0,0,1,True,0.8752897362416292,245.0,235.0,0.0,0.0,0.0,1.0,0.0
2025-02-06 17:00:00+00:00,2025-02-06,2025-02-06:1,True,4,5,True,-0.6643026004728132,0.5147587261175283,-0.255039471358664,True,0,0,1,True,-0.8947302011197401,240.0,240.0,0.0,0.0,0.0,0.0,1.0
2025-02-06 17:05:00+00:00,2025-02-06,2025-02-06:1,True,4,10,True,-0.6828644501278772,0.6828644501278772,0.516768945105049,True,1,0,1,True,0.2155796166132629,235.0,245.0,0.0,0.0,0.0,0.0,1.0
2025-02-06 17:10:00+00:00,2025-02-06,2025-02-06:1,True,3,5,True,-0.35276967930029157,0.0855772540771543,-1.4163958529736895,True,0,1,2,True,0.3978984034290032,230.0,250.0,0.0,0.0,0.0,1.0,0.0
2025-02-06 17:15:00+00:00,2025-02-06,2025-02-06:1,True,3,10,True,-0.5388739946380697,0.33239521015910256,-0.48315711439025655,True,0,0,2,True,-1.1838879467417291,225.0,255.0,0.0,0.0,0.0,1.0,0.0
2025-02-06 17:20:00+00:00,2025-02-06,2025-02-06:1,True,3,15,True,-0.484593837535014,0.24034148135226693,-0.7012503406667291,True,0,0,2,True,-2.7970334266617116,220.0,260.0,0.0,0.0,0.0,1.0,0.0
2025-02-06 17:25:00+00:00,2025-02-06,2025-02-06:1,True,3,20,True,-0.02735562310030395,0.0038007264680824794,-1.9737298812812323,True,0,0,2,True,-0.735565697293874,215.0,265.0,0.0,0.0,0.0,1.0,0.0
2025-02-06 17:30:00+00:00,2025-02-06,2025-02-06:1,True,3,25,True,-0.13194444444444445,0.0486081106382377,-0.9985905560295284,True,0,0,2,True,-0.6854596583562873,210.0,270.0,0.0,0.0,0.0,1.0,0.0
2025-02-06 17:35:00+00:00,2025-02-06,2025-02-06:1,True,3,30,True,-0.2271186440677966,0.059621344062915166,-1.3374589102113144,True,0,0,2,True,0.0,205.0,275.0,0.0,0.0,0.0,1.0,0.0
2025-02-06 17:40:00+00:00,2025-02-06,2025-02-06:1,True,4,5,True,0.16447368421052633,0.07177171296363237,0.829260154442244,True,1,0,2,True,0.749665757909879,200.0,280.0,0.0,0.0,0.0,0.0,1.0
2025-02-06 17:45:00+00:00,2025-02-06,2025-02-06:1,True,4,10,True,0.19230769230769232,0.06863474504255591,1.0302977593836018,True,1,0,2,True,0.38396930450881867,195.0,285.0,0.0,0.0,0.0,0.0,1.0
2025-02-06 17:50:00+00:00,2025-02-06,2025-02-06:1,True,0,5,True,-0.07586206896551724,0.07586206896551724,1.1582673271777606,True,1,0,2,True,-0.7399898513380879,190.0,290.0,1.0,0.0,0.0,0.0,0.0
2025-02-06 17:55:00+00:00,2025-02-06,2025-02-06:1,True,0,10,True,0.2848101265822785,0.2848101265822785,0.0,True,1,0,2,True,-0.7723255750539303,185.0,295.0,1.0,0.0,0.0,0.0,0.0
2025-02-06 18:00:00+00:00,2025-02-06,2025-02-06:1,True,0,15,True,0.4028985507246377,0.4028985507246377,-1.3796904082388812,True,0,1,3,True,0.1653248885183293,180.0,300.0,1.0,0.0,0.0,0.0,0.0
2025-02-06 18:05:00+00:00,2025-02-06,2025-02-06:1,True,1,5,True,0.7472527472527473,0.241423000738914,1.1298528929082798,True,0,0,3,True,1.5383841248176056,175.0,305.0,0.0,1.0,0.0,0.0,0.0
2025-02-06 18:10:00+00:00,2025-02-06,2025-02-06:1,True,1,10,True,0.7225130890052356,0.3958762920369919,0.6016337674893334,True,0,0,3,True,-0.672647000834638,170.0,310.0,0.0,1.0,0.0,0.0,0.0
2025-02-06 18:15:00+00:00,2025-02-06,2025-02-06:1,True,1,15,True,0.5476190476190477,0.22966501763544503,0.8689580744150626,True,0,0,3,True,0.10686805795503157,165.0,315.0,0.0,1.0,0.0,0.0,0.0
2025-02-06 18:20:00+00:00,2025-02-06,2025-02-06:1,True,1,20,True,0.38305084745762713,0.11879795935429847,1.1707435117260119,True,0,0,3,True,0.7763726008850492,160.0,320.0,0.0,1.0,0.0,0.0,0.0
2025-02-06 18:25:00+00:00,2025-02-06,2025-02-06:1,True,1,25,True,0.6166666666666667,0.4501104418159932,0.3148356504942299,True,0,0,3,True,-0.09976618416949135,155.0,325.0,0.0,1.0,0.0,0.0,0.0
2025-02-06 18:30:00+00:00,2025-02-06,2025-02-06:1,True,2,5,True,0.3681159420289855,0.3681159420289855,-0.9364620596158474,True,0,0,3,True,-0.8902307649384206,150.0,330.0,0.0,0.0,1.0,0.0,0.0
2025-02-06 18:35:00+00:00,2025-02-06,2025-02-06:1,True,2,10,True,0.5376044568245125,0.5376044568245125,0.0,True,0,0,3,True,-0.687814002936222,145.0,335.0,0.0,0.0,1.0,0.0,0.0
2025-02-06 18:40:00+00:00,2025-02-06,2025-02-06:1,True,1,5,True,0.6666666666666666,0.3589861958512764,0.6190062347927319,True,0,0,3,True,-0.6001386826857431,140.0,340.0,0.0,1.0,0.0,0.0,0.0
2025-02-06 18:45:00+00:00,2025-02-06,2025-02-06:1,True,1,10,True,0.7063291139240506,0.10779768851859031,1.8798250799710072,True,0,0,3,True,0.8067158268528833,135.0,345.0,0.0,1.0,0.0,0.0,0.0
2025-02-06 18:50:00+00:00,2025-02-06,2025-02-06:1,True,2,5,True,0.5311572700296736,0.5311572700296736,0.0,True,0,0,3,True,-0.6150909538197108,130.0,350.0,0.0,0.0,1.0,0.0,0.0
2025-02-06 18:55:00+00:00,2025-02-06,2025-02-06:1,True,0,5,True,0.23030303030303031,0.23030303030303031,-0.3230827150294805,True,0,0,3,True,1.3104564163539887,125.0,355.0,1.0,0.0,0.0,0.0,0.0
2025-02-06 19:00:00+00:00,2025-02-06,2025-02-06:1,True,1,5,True,0.4582278481012658,0.17228561758144262,0.9782128784169236,True,0,0,3,True,0.0,120.0,360.0,0.0,1.0,0.0,0.0,0.0
2025-02-06 19:05:00+00:00,2025-02-06,2025-02-06:1,True,2,5,True,0.445859872611465,0.445859872611465,0.0,True,0,0,3,True,0.7779663640100998,115.0,365.0,0.0,0.0,1.0,0.0,0.0
2025-02-06 19:10:00+00:00,2025-02-06,2025-02-06:1,True,1,5,True,-0.14803625377643503,0.14803625377643503,1.5584660620465416,True,0,0,3,True,1.7424180276799979,110.0,370.0,0.0,1.0,0.0,0.0,0.0
2025-02-06 19:15:00+00:00,2025-02-06,2025-02-06:1,True,0,5,True,0.21367521367521367,0.21367521367521367,-1.5598043757859423,True,0,0,3,True,0.871957153964129,105.0,375.0,1.0,0.0,0.0,0.0,0.0
2025-02-06 19:20:00+00:00,2025-02-06,2025-02-06:1,True,0,10,True,0.35785953177257523,0.35785953177257523,-0.7732871219488917,True,0,0,3,True,0.0,100.0,380.0,1.0,0.0,0.0,0.0,0.0
2025-02-06 19:25:00+00:00,2025-02-06,2025-02-06:1,True,0,15,True,-0.07301587301587302,0.0331559339735048,-0.7894551517474023,True,0,0,3,True,-1.7652753844946036,95.0,385.0,1.0,0.0,0.0,0.0,0.0
2025-02-06 19:30:00+00:00,2025-02-06,2025-02-06:1,True,0,20,True,0.0196078431372549,0.0061313732283521825,1.162510903722181,True,0,0,3,True,0.8664844684350157,90.0,390.0,1.0,0.0,0.0,0.0,0.0
2025-02-06 19:35:00+00:00,2025-02-06,2025-02-06:1,True,0,25,True,-0.25203252032520324,0.06963253410036026,-1.2863262260016972,True,0,0,3,True,-1.9175419217212766,85.0,395.0,1.0,0.0,0.0,0.0,0.0
2025-02-06 19:40:00+00:00,2025-02-06,2025-02-06:1,True,4,5,True,-0.21495327102803738,0.21495327102803738,0.0,True,0,0,3,True,-1.7461659735657804,80.0,400.0,0.0,0.0,0.0,0.0,1.0
2025-02-06 19:45:00+00:00,2025-02-06,2025-02-06:1,True,3,5,True,-0.44751381215469616,0.20644040200796485,-0.7736956417745023,True,0,0,3,True,0.8650180244503273,75.0,405.0,0.0,0.0,0.0,1.0,0.0
2025-02-06 19:50:00+00:00,2025-02-06,2025-02-06:1,True,3,10,True,-0.1566265060240964,0.10545295149079523,-0.395599132632765,True,0,0,3,True,0.14942433090688909,70.0,410.0,0.0,0.0,0.0,1.0,0.0
2025-02-06 19:55:00+00:00,2025-02-06,2025-02-06:1,True,0,5,True,-0.4327485380116959,0.4327485380116959,0.1948082577557344,True,0,0,3,True,0.5290940340569509,65.0,415.0,1.0,0.0,0.0,0.0,0.0
2025-02-06 20:00:00+00:00,2025-02-06,2025-02-06:1,True,3,5,True,-0.322884012539185,0.08484837823997168,-1.3364272861883792,True,0,0,3,True,-1.7076241479454868,60.0,420.0,0.0,0.0,0.0,1.0,0.0
2025-02-06 20:05:00+00:00,2025-02-06,2025-02-06:1,True,4,5,True,-0.6821515892420538,0.6821515892420538,0.0,True,0,0,3,True,-0.7593430474472658,55.0,425.0,0.0,0.0,0.0,0.0,1.0
2025-02-06 20:10:00+00:00,2025-02-06,2025-02-06:1,True,0,5,True,-0.5976331360946746,0.5976331360946746,1.9779288686310514,True,0,0,3,True,-0.7371305674856821,50.0,430.0,1.0,0.0,0.0,0.0,0.0
2025-02-06 20:15:00+00:00,2025-02-06,2025-02-06:1,True,0,10,True,-0.656957928802589,0.4690163682366038,-0.3369823129976345,True,0,0,3,True,1.041678734174658,45.0,435.0,1.0,0.0,0.0,0.0,0.0
2025-02-06 20:20:00+00:00,2025-02-06,2025-02-06:1,True,0,15,True,-0.4318181818181818,0.15863233964072082,-1.0014154288755313,True,0,0,3,True,0.0,40.0,440.0,1.0,0.0,0.0,0.0,0.0
2025-02-06 20:25:00+00:00,2025-02-06,2025-02-06:1,True,0,20,True,-0.6193548387096774,0.23672904700501451,-0.9617621279998618,True,0,0,3,True,0.2084435327237072,35.0,445.0,1.0,0.0,0.0,0.0,0.0
2025-02-06 20:30:00+00:00,2025-02-06,2025-02-06:1,True,0,25,True,-0.6178343949044586,0.6178343949044586,0.9740528913464036,True,0,0,3,True,1.452032319154538,30.0,450.0,1.0,0.0,0.0,0.0,0.0
2025-02-06 20:35:00+00:00,2025-02-06,2025-02-06:1,True,0,30,True,-0.34328358208955223,0.34328358208955223,0.458952791548573,True,0,0,3,True,-0.6841664269106001,25.0,455.0,1.0,0.0,0.0,0.0,0.0
2025-02-06 20:40:00+00:00,2025-02-06,2025-02-06:1,True,0,35,True,-0.3163841807909605,0.16477931749555713,-0.6523501281777045,True,0,0,3,True,-0.8580820358233776,20.0,460.0,1.0,0.0,0.0,0.0,0.0
2025-02-06 20:45:00+00:00,2025-02-06,2025-02-06:1,True,0,40,True,-0.329700272479564,0.329700272479564,0.6484640211271833,True,0,0,3,True,0.0,15.0,465.0,1.0,0.0,0.0,0.0,0.0
2025-02-06 20:50:00+00:00,2025-02-06,2025-02-06:1,True,0,45,True,0.14906832298136646,0.09245402866569512,0.477693210764301,True,0,0,3,True,0.0,10.0,470.0,1.0,0.0,0.0,0.0,0.0
2025-02-06 20:55:00+00:00,2025-02-06,2025-02-06:1,True,0,50,True,-0.3,0.15648476492693214,-0.6508238181243851,True,0,0,3,True,-0.7276431493500082,5.0,475.0,1.0,0.0,0.0,0.0,0.0
2025-02-06 21:00:00+00:00,2025-02-06,2025-02-06:1,True,0,55,True,0.06796116504854369,0.06796116504854369,-0.3360605191261963,True,0,0,3,True,-0.09160521495892389,0.0,480.0,1.0,0.0,0.0,0.0,0.0
2025-02-07 13:00:00+00:00,2025-02-07,2025-02-07:1,False,-1,0,False,,,,False,0,0,0,False,,480.0,0.0,,,,,
2025-02-07 13:05:00+00:00,2025-02-07,2025-02-07:1,False,-1,0,True,0.3006993006993007,,,False,0,0,0,False,,475.0,5.0,,,,,
2025-02-07 13:10:00+00:00,2025-02-07,2025-02-07:1,False,-1,0,True,0.6021505376344086,,,False,0,0,0,False,,470.0,10.0,,,,,
2025-02-07 13:15:00+00:00,2025-02-07,2025-02-07:1,False,-1,0,True,0.6890951276102089,,,False,0,0,0,False,,465.0,15.0,,,,,
2025-02-07 13:20:00+00:00,2025-02-07,2025-02-07:1,False,-1,0,True,0.5153374233128835,,,False,0,0,0,False,,460.0,20.0,,,,,
2025-02-07 13:25:00+00:00,2025-02-07,2025-02-07:1,False,-1,0,True,0.288135593220339,,,False,0,0,0,False,,455.0,25.0,,,,,
2025-02-07 13:30:00+00:00,2025-02-07,2025-02-07:1,False,-1,0,True,0.6521739130434783,,,False,0,0,0,False,,450.0,30.0,,,,,
2025-02-07 13:35:00+00:00,2025-02-07,2025-02-07:1,False,-1,0,True,0.6923076923076923,,,False,0,0,0,False,,445.0,35.0,,,,,
2025-02-07 13:40:00+00:00,2025-02-07,2025-02-07:1,False,-1,0,True,0.8282828282828283,,,False,0,0,0,False,,440.0,40.0,,,,,
2025-02-07 13:45:00+00:00,2025-02-07,2025-02-07:1,False,-1,0,True,0.7857142857142857,,,False,0,0,0,False,,435.0,45.0,,,,,
2025-02-07 13:50:00+00:00,2025-02-07,2025-02-07:1,False,-1,0,True,0.7994987468671679,,,False,0,0,0,False,,430.0,50.0,,,,,
2025-02-07 13:55:00+00:00,2025-02-07,2025-02-07:1,False,-1,0,True,0.5156695156695157,,,False,0,0,0,False,,425.0,55.0,,,,,
2025-02-07 14:00:00+00:00,2025-02-07,2025-02-07:1,False,-1,0,True,0.43490304709141275,,,False,0,0,0,False,,420.0,60.0,,,,,
2025-02-07 14:05:00+00:00,2025-02-07,2025-02-07:1,True,1,5,True,0.5523255813953488,0.0679962712986244,2.094684823940307,True,0,0,0,False,,415.0,65.0,0.0,1.0,0.0,0.0,0.0
2025-02-07 14:10:00+00:00,2025-02-07,2025-02-07:1,True,2,5,True,0.46540880503144655,0.46540880503144655,-0.44291785480035023,True,0,0,0,False,,410.0,70.0,0.0,0.0,1.0,0.0,0.0
2025-02-07 14:15:00+00:00,2025-02-07,2025-02-07:1,True,1,5,True,0.308868501529052,0.012032729653570311,3.245285216807164,True,0,0,0,False,,405.0,75.0,0.0,1.0,0.0,0.0,0.0
2025-02-07 14:20:00+00:00,2025-02-07,2025-02-07:1,True,2,5,True,0.24691358024691357,0.24691358024691357,-0.9168454182285406,True,0,0,0,False,,400.0,80.0,0.0,0.0,1.0,0.0,0.0
2025-02-07 14:25:00+00:00,2025-02-07,2025-02-07:1,True,1,5,True,0.1736111111111111,0.07015225455060005,0.9061498592458768,True,0,0,0,False,,395.0,85.0,0.0,1.0,0.0,0.0,0.0
2025-02-07 14:30:00+00:00,2025-02-07,2025-02-07:1,True,2,5,True,0.32298136645962733,0.21011296967069848,0.4299492956924495,True,0,0,0,False,,390.0,90.0,0.0,0.0,1.0,0.0,0.0
2025-02-07 14:35:00+00:00,2025-02-07,2025-02-07:1,True,0,5,True,0.4117647058823529,0.4117647058823529,-1.2710698884236409,True,0,0,0,False,,385.0,95.0,1.0,0.0,0.0,0.0,0.0
2025-02-07 14:40:00+00:00,2025-02-07,2025-02-07:1,True,2,5,True,0.509090909090909,0.509090909090909,-0.467531799268954,True,0,0,0,False,,380.0,100.0,0.0,0.0,1.0,0.0,0.0
2025-02-07 14:45:00+00:00,2025-02-07,2025-02-07:1,True,1,5,True,0.38368580060422963,0.01712236173696336,3.1094386769391313,True,0,0,0,False,,375.0,105.0,0.0,1.0,0.0,0.0,0.0
2025-02-07 14:50:00+00:00,2025-02-07,2025-02-07:1,True,1,10,True,0.5664739884393064,0.20433690325634135,1.019661044964366,True,0,0,0,False,,370.0,110.0,0.0,1.0,0.0,0.0,0.0
2025-02-07 14:55:00+00:00,2025-02-07,2025-02-07:1,True,2,5,True,0.6307692307692307,0.6307692307692307,-0.6144916598294032,True,0,0,0,False,,365.0,115.0,0.0,0.0,1.0,0.0,0.0
2025-02-07 15:00:00+00:00,2025-02-07,2025-02-07:1,True,1,5,True,0.3624161073825503,0.05378188569107815,1.9078563063202953,True,0,0,0,False,,360.0,120.0,0.0,1.0,0.0,0.0,0.0
2025-02-07 15:05:00+00:00,2025-02-07,2025-02-07:1,True,2,5,True,0.3434650455927052,0.3434650455927052,-0.7419326555074027,True,0,0,0,True,-0.2316680843271624,355.0,125.0,0.0,0.0,1.0,0.0,0.0
2025-02-07 15:10:00+00:00,2025-02-07,2025-02-07:1,True,2,10,True,0.24926686217008798,0.24926686217008798,-0.8711343056975629,True,0,0,0,True,0.0,350.0,130.0,0.0,0.0,1.0,0.0,0.0
2025-02-07 15:15:00+00:00,2025-02-07,2025-02-07:1,True,0,5,True,-0.09815950920245399,0.09815950920245399,1.3346955352156153,True,0,0,0,True,0.0,345.0,135.0,1.0,0.0,0.0,0.0,0.0
2025-02-07 15:20:00+00:00,2025-02-07,2025-02-07:1,True,0,10,True,-0.21568627450980393,0.21568627450980393,0.0,True,0,0,0,True,-0.7113391810758972,340.0,140.0,1.0,0.0,0.0,0.0,0.0
2025-02-07 15:25:00+00:00,2025-02-07,2025-02-07:1,True,1,5,True,0.331306990881459,0.176573537980402,0.6293079750639949,True,0,0,0,True,0.5284290988239647,335.0,145.0,0.0,1.0,0.0,0.0,0.0
2025-02-07 15:30:00+00:00,2025-02-07,2025-02-07:1,True,0,5,True,0.465564738292011,0.24366827353546106,0.6474433940436589,True,0,0,0,True,0.7238637203334307,330.0,150.0,1.0,0.0,0.0,0.0,0.0
2025-02-07 15:35:00+00:00,2025-02-07,2025-02-07:1,True,1,5,True,0.46629213483146065,0.1740331445046822,0.9855665697531172,True,0,0,0,True,0.0,325.0,155.0,0.0,1.0,0.0,0.0,0.0
2025-02-07 15:40:00+00:00,2025-02-07,2025-02-07:1,True,2,5,True,0.1,0.1,-0.9537654005433818,True,0,0,0,True,-0.14302084992290895,320.0,160.0,0.0,0.0,1.0,0.0,0.0
2025-02-07 15:45:00+00:00,2025-02-07,2025-02-07:1,True,1,5,True,0.13043478260869565,0.029508748024437727,1.4861865891342885,True,0,0,0,True,0.7384920534557157,315.0,165.0,0.0,1.0,0.0,0.0,0.0
2025-02-07 15:50:00+00:00,2025-02-07,2025-02-07:1,True,2,5,True,0.21301775147928995,0.21301775147928995,0.0,True,0,0,0,True,-0.37447475495806254,310.0,170.0,0.0,0.0,1.0,0.0,0.0
2025-02-07 15:55:00+00:00,2025-02-07,2025-02-07:1,True,1,5,True,-0.2,0.2,0.4910645723013358,True,0,0,0,True,-0.36601792166852226,305.0,175.0,0.0,1.0,0.0,0.0,0.0
2025-02-07 16:00:00+00:00,2025-02-07,2025-02-07:1,True,0,5,True,-0.2549019607843137,0.09153351263982998,-1.0241738401352947,True,0,0,0,True,-0.557800587448905,300.0,180.0,1.0,0.0,0.0,0.0,0.0
2025-02-07 16:05:00+00:00,2025-02-07,2025-02-07:1,True,0,10,True,-0.11038961038961038,0.11038961038961038,0.517220966341676,True,0,0,0,True,-0.3855137467093728,295.0,185.0,1.0,0.0,0.0,0.0,0.0
2025-02-07 16:10:00+00:00,2025-02-07,2025-02-07:1,True,0,15,True,-0.4430379746835443,0.21444236355459728,-0.7256144871203095,True,0,0,0,True,-1.6225233186596577,290.0,190.0,1.0,0.0,0.0,0.0,0.0
2025-02-07 16:15:00+00:00,2025-02-07,2025-02-07:1,True,0,20,True,-0.7158469945355191,0.4198210550516189,-0.5336378882544563,True,0,0,0,True,0.2003304369292735,285.0,195.0,1.0,0.0,0.0,0.0,0.0
2025-02-07 16:20:00+00:00,2025-02-07,2025-02-07:1,True,0,25,True,-0.40863787375415284,0.40863787375415284,0.5538717066349312,True,0,0,0,True,2.285934284823392,280.0,200.0,1.0,0.0,0.0,0.0,0.0
2025-02-07 16:25:00+00:00,2025-02-07,2025-02-07:1,True,3,5,True,-0.2836676217765043,0.08207441541267306,-1.24017686615118,True,0,0,0,True,0.9785040787782951,275.0,205.0,0.0,0.0,0.0,1.0,0.0
2025-02-07 16:30:00+00:00,2025-02-07,2025-02-07:1,True,0,5,True,-0.25696594427244585,0.18138137070174476,-0.34834172849307127,True,0,0,0,True,0.013561292058072136,270.0,210.0,1.0,0.0,0.0,0.0,0.0
2025-02-07 16:35:00+00:00,2025-02-07,2025-02-07:1,True,3,5,True,-0.1736111111111111,0.0862357306788168,-0.6997332034548294,True,0,0,0,True,-0.7823255045204563,265.0,215.0,0.0,0.0,0.0,1.0,0.0
2025-02-07 16:40:00+00:00,2025-02-07,2025-02-07:1,True,3,10,True,-0.373134328358209,0.12834657816469588,-1.0672042376869697,True,0,0,0,True,-0.7954470737828097,260.0,220.0,0.0,0.0,0.0,1.0,0.0
2025-02-07 16:45:00+00:00,2025-02-07,2025-02-07:1,True,4,5,True,-0.13544668587896252,0.13544668587896252,0.37649546647819837,True,0,0,0,True,0.0,255.0,225.0,0.0,0.0,0.0,0.0,1.0
2025-02-07 16:50:00+00:00,2025-02-07,2025-02-07:1,True,3,5,True,-0.056716417910447764,0.03890948480086483,-0.3768256802046131,True,0,0,0,True,0.0,250.0,230.0,0.0,0.0,0.0,1.0,0.0
2025-02-07 16:55:00+00:00,2025-02-07,2025-02-07:1,True,3,10,True,-0.189873417721519,0.05986606755572478,-1.154247767888489,True,0,0,0,True,0.0,245.0,235.0,0.0,0.0,0.0,1.0,0.0
2025-02-07 17:00:00+00:00,2025-02-07,2025-02-07:1,True,3,15,True,-0.4097222222222222,0.13092953593874948,-1.1408201384246945,True,0,0,0,True,-3.401268506159394,240.0,240.0,0.0,0.0,0.0,1.0,0.0
2025-02-07 17:05:00+00:00,2025-02-07,2025-02-07:1,True,4,5,True,-0.03205128205128205,0.03205128205128205,0.0,True,0,0,0,True,0.0,235.0,245.0,0.0,0.0,0.0,0.0,1.0
2025-02-07 17:10:00+00:00,2025-02-07,2025-02-07:1,True,3,5,True,0.15151515151515152,0.15151515151515152,-1.4882106723928203,True,0,0,0,True,-0.30985332987566283,230.0,250.0,0.0,0.0,0.0,1.0,0.0
2025-02-07 17:15:00+00:00,2025-02-07,2025-02-07:1,True,3,10,True,-0.1807909604519774,0.06596183089359174,-1.0082651942670673,True,0,0,0,True,-0.9018198054928153,225.0,255.0,0.0,0.0,0.0,1.0,0.0
2025-02-07 17:20:00+00:00,2025-02-07,2025-02-07:1,True,3,15,True,-0.3177257525083612,0.029804078964607968,-2.3665433350405936,True,0,0,0,True,0.8819586281408024,220.0,260.0,0.0,0.0,0.0,1.0,0.0
2025-02-07 17:25:00+00:00,2025-02-07,2025-02-07:1,True,3,20,True,-0.3464052287581699,0.06692340735029939,-1.644060479548653,True,0,0,0,True,-0.018352634055018566,215.0,265.0,0.0,0.0,0.0,1.0,0.0
2025-02-07 17:30:00+00:00,2025-02-07,2025-02-07:1,True,3,25,True,-0.04918032786885246,0.023240364915614212,-0.7496030695676966,True,0,0,0,True,-0.3214260157596125,210.0,270.0,0.0,0.0,0.0,1.0,0.0
2025-02-07 17:35:00+00:00,2025-02-07,2025-02-07:1,True,3,30,True,-0.5446153846153846,0.2673638159465275,-0.7114694917905159,True,0,0,0,True,-1.7450666391528107,205.0,275.0,0.0,0.0,0.0,1.0,0.0
2025-02-07 17:40:00+00:00,2025-02-07,2025-02-07:1,True,4,5,True,-0.1506849315068493,0.1506849315068493,0.0,True,0,0,0,True,-0.22251722319400363,200.0,280.0,0.0,0.0,0.0,0.0,1.0
2025-02-07 17:45:00+00:00,2025-02-07,2025-02-07:1,True,3,5,True,-0.3076923076923077,0.1300558773201927,-0.8611360989935005,True,0,0,0,True,1.0693759196621926,195.0,285.0,0.0,0.0,0.0,1.0,0.0
2025-02-07 17:50:00+00:00,2025-02-07,2025-02-07:1,True,4,5,True,0.36904761904761907,0.28293711424501716,0.26570102282163666,True,1,0,0,True,-0.5941255487204026,190.0,290.0,0.0,0.0,0.0,0.0,1.0
2025-02-07 17:55:00+00:00,2025-02-07,2025-02-07:1,True,0,5,True,-0.010309278350515464,0.010309278350515464,1.0306264417430604,True,1,0,0,True,-0.5761376957877806,185.0,295.0,1.0,0.0,0.0,0.0,0.0
2025-02-07 18:00:00+00:00,2025-02-07,2025-02-07:1,True,0,10,True,0.4205128205128205,0.19833797449808557,0.7515024502482349,True,1,0,0,True,0.7038657624466881,180.0,300.0,1.0,0.0,0.0,0.0,0.0
2025-02-07 18:05:00+00:00,2025-02-07,2025-02-07:1,True,1,5,True,0.2282958199356913,0.10824663579065205,0.7462299555909561,True,1,0,0,True,0.5562069691821487,175.0,305.0,0.0,1.0,0.0,0.0,0.0
2025-02-07 18:10:00+00:00,2025-02-07,2025-02-07:1,True,0,5,True,0.30113636363636365,0.30113636363636365,-1.2047590087022952,True,0,1,1,True,0.0,170.0,310.0,1.0,0.0,0.0,0.0,0.0
2025-02-07 18:15:00+00:00,2025-02-07,2025-02-07:1,True,0,10,True,0.2830188679245283,0.2830188679245283,-0.2328243580172525,True,0,0,1,True,0.4004483535945053,165.0,315.0,1.0,0.0,0.0,0.0,0.0
2025-02-07 18:20:00+00:00,2025-02-07,2025-02-07:1,True,0,15,True,0.3253012048192771,0.3253012048192771,-0.9228571332139629,True,0,0,1,True,-0.23135058849748108,160.0,320.0,1.0,0.0,0.0,0.0,0.0
2025-02-07 18:25:00+00:00,2025-02-07,2025-02-07:1,True,0,20,True,-0.21846153846153846,0.21846153846153846,0.0,True,0,0,1,True,0.0,155.0,325.0,1.0,0.0,0.0,0.0,0.0
2025-02-07 18:30:00+00:00,2025-02-07,2025-02-07:1,True,0,25,True,0.3016949152542373,0.1982525106462873,0.41987476789788586,True,0,0,1,True,0.15307695127978124,150.0,330.0,1.0,0.0,0.0,0.0,0.0
2025-02-07 18:35:00+00:00,2025-02-07,2025-02-07:1,True,0,30,True,0.3582554517133956,0.2352813851211515,0.4204641028688397,True,0,0,1,True,0.3199848850565776,145.0,335.0,1.0,0.0,0.0,0.0,0.0
2025-02-07 18:40:00+00:00,2025-02-07,2025-02-07:1,True,0,35,True,0.3125,0.08320387496664598,1.3233105483154928,True,0,0,1,True,0.3074242278866083,140.0,340.0,1.0,0.0,0.0,0.0,0.0
2025-02-07 18:45:00+00:00,2025-02-07,2025-02-07:1,True,0,40,True,0.6269430051813472,0.49861768159454,0.22901600272927877,True,0,0,1,True,0.3040436559011773,135.0,345.0,1.0,0.0,0.0,0.0,0.0
2025-02-07 18:50:00+00:00,2025-02-07,2025-02-07:1,True,1,5,True,0.23839009287925697,0.11695340757113618,0.7121327480161191,True,0,0,1,True,0.9517738352177337,130.0,350.0,0.0,1.0,0.0,0.0,0.0
2025-02-07 18:55:00+00:00,2025-02-07,2025-02-07:1,True,2,5,True,0.28662420382165604,0.28662420382165604,0.0,True,0,0,1,True,0.0,125.0,355.0,0.0,0.0,1.0,0.0,0.0
2025-02-07 19:00:00+00:00,2025-02-07,2025-02-07:1,True,2,10,True,0.38095238095238093,0.38095238095238093,-0.36315906696249195,True,0,0,1,True,0.40356620511953956,120.0,360.0,0.0,0.0,1.0,0.0,0.0
2025-02-07 19:05:00+00:00,2025-02-07,2025-02-07:1,True,1,5,True,0.3190348525469169,0.24815194368391574,0.25125911774945114,True,0,0,1,True,0.0,115.0,365.0,0.0,1.0,0.0,0.0,0.0
2025-02-07 19:10:00+00:00,2025-02-07,2025-02-07:1,True,0,5,True,0.2809667673716012,0.2809667673716012,-0.5237800101372835,True,0,0,1,True,0.0,110.0,370.0,1.0,0.0,0.0,0.0,0.0
2025-02-07 19:15:00+00:00,2025-02-07,2025-02-07:1,True,0,10,True,0.30337078651685395,0.30337078651685395,-0.41131510906699,True,0,0,1,True,-1.2263047253947923,105.0,375.0,1.0,0.0,0.0,0.0,0.0
2025-02-07 19:20:00+00:00,2025-02-07,2025-02-07:1,True,0,15,True,0.17325227963525835,0.17325227963525835,-0.4274455256743201,True,0,0,1,True,-1.1134540144583427,100.0,380.0,1.0,0.0,0.0,0.0,0.0
2025-02-07 19:25:00+00:00,2025-02-07,2025-02-07:1,True,0,20,True,0.6304985337243402,0.05607610677992263,2.4198010121217455,True,0,0,1,True,0.5666369785623898,95.0,385.0,1.0,0.0,0.0,0.0,0.0
2025-02-07 19:30:00+00:00,2025-02-07,2025-02-07:1,True,0,25,True,0.6802168021680217,0.3430707833759549,0.684474782670325,True,0,0,1,True,0.7652660714676209,90.0,390.0,1.0,0.0,0.0,0.0,0.0
2025-02-07 19:35:00+00:00,2025-02-07,2025-02-07:1,True,1,5,True,0.5763546798029556,0.10700671736195845,1.683831623163,True,0,0,1,True,-0.4961990157999563,85.0,395.0,0.0,1.0,0.0,0.0,0.0
2025-02-07 19:40:00+00:00,2025-02-07,2025-02-07:1,True,2,5,True,0.6266666666666667,0.6266666666666667,-0.5199347919286806,True,0,0,1,True,-0.38753651287287916,80.0,400.0,0.0,0.0,1.0,0.0,0.0
2025-02-07 19:45:00+00:00,2025-02-07,2025-02-07:1,True,2,10,True,0.5604395604395604,0.40611657971694454,0.3220811446453382,True,0,0,1,True,-1.8753825960734025,75.0,405.0,0.0,0.0,1.0,0.0,0.0
2025-02-07 19:50:00+00:00,2025-02-07,2025-02-07:1,True,1,5,True,0.20489296636085627,0.056643333984527984,1.2857134171015412,True,0,0,1,True,0.7187356500551361,70.0,410.0,0.0,1.0,0.0,0.0,0.0
2025-02-07 19:55:00+00:00,2025-02-07,2025-02-07:1,True,2,5,True,0.3881019830028329,0.3881019830028329,-0.9688018941098474,True,0,0,1,True,0.3459498733852154,65.0,415.0,0.0,0.0,1.0,0.0,0.0
2025-02-07 20:00:00+00:00,2025-02-07,2025-02-07:1,True,1,5,True,0.2,0.0889160087446453,0.8106251643721146,True,0,0,1,True,-0.725045188724432,60.0,420.0,0.0,1.0,0.0,0.0,0.0
2025-02-07 20:05:00+00:00,2025-02-07,2025-02-07:1,True,0,5,True,0.2215568862275449,0.2215568862275449,-0.4705437767577859,True,0,0,1,True,0.0,55.0,425.0,1.0,0.0,0.0,0.0,0.0
2025-02-07 20:10:00+00:00,2025-02-07,2025-02-07:1,True,1,5,True,-0.3353846153846154,0.3353846153846154,0.9358987063435901,True,0,0,1,True,0.0,50.0,430.0,0.0,1.0,0.0,0.0,0.0
2025-02-07 20:15:00+00:00,2025-02-07,2025-02-07:1,True,0,5,True,0.03870967741935484,0.03870967741935484,-0.6046553198071413,True,0,0,1,True,0.9014426566651667,45.0,435.0,1.0,0.0,0.0,0.0,0.0
2025-02-07 20:20:00+00:00,2025-02-07,2025-02-07:1,True,0,10,True,0.28846153846153844,0.160232107074899,0.5879383282550541,True,0,0,1,True,-2.278303709243531,40.0,440.0,1.0,0.0,0.0,0.0,0.0
2025-02-07 20:25:00+00:00,2025-02-07,2025-02-07:1,True,1,5,True,-0.041916167664670656,0.041916167664670656,1.3703507199425997,True,0,0,1,True,0.4327931561777374,35.0,445.0,0.0,1.0,0.0,0.0,0.0
2025-02-07 20:30:00+00:00,2025-02-07,2025-02-07:1,True,0,5,True,0.1506849315068493,0.1506849315068493,-0.3022301317029687,True,0,0,1,True,0.6758071193365522,30.0,450.0,1.0,0.0,0.0,0.0,0.0
2025-02-07 20:35:00+00:00,2025-02-07,2025-02-07:1,True,0,10,True,0.08143322475570032,0.08143322475570032,-0.6346555401732338,True,0,0,1,True,-0.709566465063108,25.0,455.0,1.0,0.0,0.0,0.0,0.0
2025-02-07 20:40:00+00:00,2025-02-07,2025-02-07:1,True,0,15,True,0.22424242424242424,0.22424242424242424,-0.3180069342434562,True,0,0,1,True,-0.7110851222846739,20.0,460.0,1.0,0.0,0.0,0.0,0.0
2025-02-07 20:45:00+00:00,2025-02-07,2025-02-07:1,True,0,20,True,0.4857142857142857,0.2408348249465174,0.7015092367000886,True,0,0,1,True,0.4679136092104409,15.0,465.0,1.0,0.0,0.0,0.0,0.0
2025-02-07 20:50:00+00:00,2025-02-07,2025-02-07:1,True,0,25,True,0.18840579710144928,0.1095259831687903,0.5424363215257947,True,0,0,1,True,1.6172326511977775,10.0,470.0,1.0,0.0,0.0,0.0,0.0
2025-02-07 20:55:00+00:00,2025-02-07,2025-02-07:1,True,0,30,True,0.26666666666666666,0.26666666666666666,-0.3337526207105035,True,0,0,1,True,-0.74629354757739,5.0,475.0,1.0,0.0,0.0,0.0,0.0
2025-02-07 21:00:00+00:00,2025-02-07,2025-02-07:1,True,0,35,True,-0.1801566579634465,0.10806668152657307,-0.5110783362584487,True,0,0,1,True,-0.3809353005664071,0.0,480.0,1.0,0.0,0.0,0.0,0.0
2025-02-10 13:00:00+00:00,2025-02-10,2025-02-10:1,False,-1,0,False,,,,False,0,0,0,False,,480.0,0.0,,,,,
2025-02-10 13:05:00+00:00,2025-02-10,2025-02-10:1,False,-1,0,True,0.11450381679389313,,,False,0,0,0,False,,475.0,5.0,,,,,
2025-02-10 13:10:00+00:00,2025-02-10,2025-02-10:1,False,-1,0,True,0.7150395778364116,,,False,0,0,0,False,,470.0,10.0,,,,,
2025-02-10 13:15:00+00:00,2025-02-10,2025-02-10:1,False,-1,0,True,0.30532212885154064,,,False,0,0,0,False,,465.0,15.0,,,,,
2025-02-10 13:20:00+00:00,2025-02-10,2025-02-10:1,False,-1,0,True,0.2708333333333333,,,False,0,0,0,False,,460.0,20.0,,,,,
2025-02-10 13:25:00+00:00,2025-02-10,2025-02-10:1,False,-1,0,True,0.5344827586206896,,,False,0,0,0,False,,455.0,25.0,,,,,
2025-02-10 13:30:00+00:00,2025-02-10,2025-02-10:1,False,-1,0,True,0.49665924276169265,,,False,0,0,0,False,,450.0,30.0,,,,,
2025-02-10 13:35:00+00:00,2025-02-10,2025-02-10:1,False,-1,0,True,0.4392523364485981,,,False,0,0,0,False,,445.0,35.0,,,,,
2025-02-10 13:40:00+00:00,2025-02-10,2025-02-10:1,False,-1,0,True,0.3584905660377358,,,False,0,0,0,False,,440.0,40.0,,,,,
2025-02-10 13:45:00+00:00,2025-02-10,2025-02-10:1,False,-1,0,True,0.4012738853503185,,,False,0,0,0,False,,435.0,45.0,,,,,
2025-02-10 13:50:00+00:00,2025-02-10,2025-02-10:1,False,-1,0,True,0.36585365853658536,,,False,0,0,0,False,,430.0,50.0,,,,,
2025-02-10 13:55:00+00:00,2025-02-10,2025-02-10:1,False,-1,0,True,0.2159468438538206,,,False,0,0,0,False,,425.0,55.0,,,,,
2025-02-10 14:00:00+00:00,2025-02-10,2025-02-10:1,False,-1,0,True,-0.05466237942122187,,,False,0,0,0,False,,420.0,60.0,,,,,
2025-02-10 14:05:00+00:00,2025-02-10,2025-02-10:1,True,0,5,True,0.4106583072100313,0.20136049493301486,0.7126646906233969,True,0,0,0,False,,415.0,65.0,1.0,0.0,0.0,0.0,0.0
2025-02-10 14:10:00+00:00,2025-02-10,2025-02-10:1,True,1,5,True,0.40397350993377484,0.04860684391220351,2.1175849641097004,True,0,0,0,False,,410.0,70.0,0.0,1.0,0.0,0.0,0.0
2025-02-10 14:15:00+00:00,2025-02-10,2025-02-10:1,True,1,10,True,0.05740181268882175,0.016607577493771324,1.2402168160338838,True,0,0,0,False,,405.0,75.0,0.0,1.0,0.0,0.0,0.0
2025-02-10 14:20:00+00:00,2025-02-10,2025-02-10:1,True,2,5,True,0.02976190476190476,0.02976190476190476,-0.9159546978743472,True,0,0,0,False,,400.0,80.0,0.0,0.0,1.0,0.0,0.0
2025-02-10 14:25:00+00:00,2025-02-10,2025-02-10:1,True,1,5,True,0.026217228464419477,0.014203900131687961,0.6129001855802348,True,0,0,0,False,,395.0,85.0,0.0,1.0,0.0,0.0,0.0
2025-02-10 14:30:00+00:00,2025-02-10,2025-02-10:1,True,2,5,True,0.2313167259786477,0.2313167259786477,-0.3058017777066179,True,0,0,0,False,,390.0,90.0,0.0,0.0,1.0,0.0,0.0
2025-02-10 14:35:00+00:00,2025-02-10,2025-02-10:1,True,2,10,True,0.26126126126126126,0.26126126126126126,-0.3058017777066394,True,0,0,0,False,,385.0,95.0,0.0,0.0,1.0,0.0,0.0
2025-02-10 14:40:00+00:00,2025-02-10,2025-02-10:1,True,0,5,True,-0.1743119266055046,0.1743119266055046,0.0,True,0,0,0,False,,380.0,100.0,1.0,0.0,0.0,0.0,0.0
2025-02-10 14:45:00+00:00,2025-02-10,2025-02-10:1,True,0,10,True,0.43026706231454004,0.3151215762927612,0.3114475702018056,True,0,0,0,False,,375.0,105.0,1.0,0.0,0.0,0.0,0.0
2025-02-10 14:50:00+00:00,2025-02-10,2025-02-10:1,True,0,15,True,0.39589442815249265,0.20535512263645173,0.656406794165656,True,0,0,0,False,,370.0,110.0,1.0,0.0,0.0,0.0,0.0
2025-02-10 14:55:00+00:00,2025-02-10,2025-02-10:1,True,0,20,True,0.21890547263681592,0.21890547263681592,-0.33047376777558973,True,0,0,0,False,,365.0,115.0,1.0,0.0,0.0,0.0,0.0
2025-02-10 15:00:00+00:00,2025-02-10,2025-02-10:1,True,0,25,True,0.37175792507204614,0.1864937449310195,0.6898452041193961,True,0,0,0,False,,360.0,120.0,1.0,0.0,0.0,0.0,0.0
2025-02-10 15:05:00+00:00,2025-02-10,2025-02-10:1,True,0,30,True,0.5680473372781065,0.5680473372781065,0.0,True,0,0,0,True,0.7950741205332057,355.0,125.0,1.0,0.0,0.0,0.0,0.0
2025-02-10 15:10:00+00:00,2025-02-10,2025-02-10:1,True,0,35,True,0.4691358024691358,0.4691358024691358,-1.7211458672161757,True,0,0,0,True,-1.0053868146604754,350.0,130.0,1.0,0.0,0.0,0.0,0.0
2025-02-10 15:15:00+00:00,2025-02-10,2025-02-10:1,True,0,40,True,0.7723577235772358,0.2268375606656767,1.2252136456680265,True,0,0,0,True,-0.5910574822692365,345.0,135.0,1.0,0.0,0.0,0.0,0.0
2025-02-10 15:20:00+00:00,2025-02-10,2025-02-10:1,True,0,45,True,0.6384180790960452,0.27201624894066984,0.8531315618564768,True,0,0,0,True,0.9538300830294689,340.0,140.0,1.0,0.0,0.0,0.0,0.0
2025-02-10 15:25:00+00:00,2025-02-10,2025-02-10:1,True,1,5,True,0.835990888382688,0.14719089864781135,1.7368873394165416,True,0,0,0,True,0.9709495400478443,335.0,145.0,0.0,1.0,0.0,0.0,0.0
2025-02-10 15:30:00+00:00,2025-02-10,2025-02-10:1,True,3,5,True,0.8706099815157117,0.8706099815157117,-3.9374674138378647,True,0,0,0,True,-11.329673341991176,330.0,150.0,0.0,0.0,0.0,1.0,0.0
2025-02-10 15:35:00+00:00,2025-02-10,2025-02-10:1,True,0,5,True,0.9759036144578314,0.8618118515160075,0.12432684872159087,True,0,0,0,True,-1.946022996191831,325.0,155.0,1.0,0.0,0.0,0.0,0.0
2025-02-10 15:40:00+00:00,2025-02-10,2025-02-10:1,True,0,10,True,0.9341176470588235,0.3234438205077422,1.0605769533756086,True,0,0,0,True,1.3637127319592879,320.0,160.0,1.0,0.0,0.0,0.0,0.0
2025-02-10 15:45:00+00:00,2025-02-10,2025-02-10:1,True,0,15,True,0.9563492063492064,0.6024886608844806,0.462054279882405,True,0,0,0,True,0.0,315.0,165.0,1.0,0.0,0.0,0.0,0.0
2025-02-10 15:50:00+00:00,2025-02-10,2025-02-10:1,True,0,20,True,0.9136690647482014,0.3592521434248099,0.9334439409809213,True,0,0,0,True,0.5218110263042897,310.0,170.0,1.0,0.0,0.0,0.0,0.0
2025-02-10 15:55:00+00:00,2025-02-10,2025-02-10:1,True,0,25,True,0.9437939110070258,0.3754106596127201,0.9218873086053757,True,0,0,0,True,0.22488801386043575,305.0,175.0,1.0,0.0,0.0,0.0,0.0
2025-02-10 16:00:00+00:00,2025-02-10,2025-02-10:1,True,1,5,True,0.8917525773195877,0.3975967014916112,0.8077505357158368,True,0,0,0,True,0.516052887634576,300.0,180.0,0.0,1.0,0.0,0.0,0.0
2025-02-10 16:05:00+00:00,2025-02-10,2025-02-10:1,True,1,10,True,0.8461538461538461,0.2988497039608492,1.0407604096436465,True,0,0,0,True,0.5171580053905325,295.0,185.0,0.0,1.0,0.0,0.0,0.0
2025-02-10 16:10:00+00:00,2025-02-10,2025-02-10:1,True,1,15,True,0.9035532994923858,0.44535307193761314,0.7074677128767938,True,0,0,0,True,0.5273152992939373,290.0,190.0,0.0,1.0,0.0,0.0,0.0
2025-02-10 16:15:00+00:00,2025-02-10,2025-02-10:1,True,1,20,True,0.9260969976905312,0.22100982799013602,1.432771807213647,True,0,0,0,True,0.3060192624286103,285.0,195.0,0.0,1.0,0.0,0.0,0.0
2025-02-10 16:20:00+00:00,2025-02-10,2025-02-10:1,True,1,25,True,0.8618925831202046,0.25968995933186356,1.1996421939928694,True,0,0,0,True,1.0729925977774086,280.0,200.0,0.0,1.0,0.0,0.0,0.0
2025-02-10 16:25:00+00:00,2025-02-10,2025-02-10:1,True,2,5,True,0.927360774818402,0.927360774818402,-0.47313404197303827,True,0,0,0,True,0.0,275.0,205.0,0.0,0.0,1.0,0.0,0.0
2025-02-10 16:30:00+00:00,2025-02-10,2025-02-10:1,True,1,5,True,0.9510022271714922,0.4708733528825253,0.7029272364554644,True,0,0,0,True,-0.5239310279849846,270.0,210.0,0.0,1.0,0.0,0.0,0.0
2025-02-10 16:35:00+00:00,2025-02-10,2025-02-10:1,True,1,10,True,0.928374655647383,0.13266857242734037,1.9455812935262924,True,0,0,0,True,0.8700904056143631,265.0,215.0,0.0,1.0,0.0,0.0,0.0
2025-02-10 16:40:00+00:00,2025-02-10,2025-02-10:1,True,1,15,True,0.9331742243436754,0.1407138749786688,1.8918633458661678,True,0,0,0,True,0.4821013432602405,260.0,220.0,0.0,1.0,0.0,0.0,0.0
2025-02-10 16:45:00+00:00,2025-02-10,2025-02-10:1,True,2,5,True,0.8766066838046273,0.8766066838046273,-0.5002650410996735,True,0,0,0,True,0.0,255.0,225.0,0.0,0.0,1.0,0.0,0.0
2025-02-10 16:50:00+00:00,2025-02-10,2025-02-10:1,True,1,5,True,0.8838174273858921,0.5380316578217913,0.4963331092354074,True,0,0,0,True,1.1098345717341997,250.0,230.0,0.0,1.0,0.0,0.0,0.0
2025-02-10 16:55:00+00:00,2025-02-10,2025-02-10:1,True,2,5,True,0.7266187050359713,0.4282977802539827,0.5285831607745536,True,0,0,0,True,-0.4886055020572682,245.0,235.0,0.0,0.0,1.0,0.0,0.0
2025-02-10 17:00:00+00:00,2025-02-10,2025-02-10:1,True,1,5,True,0.7861915367483296,0.4527503984044805,0.5518594714443223,True,0,0,0,True,1.2339952921766089,240.0,240.0,0.0,1.0,0.0,0.0,0.0
2025-02-10 17:05:00+00:00,2025-02-10,2025-02-10:1,True,1,10,True,0.8023529411764706,0.08377405749814276,2.2594252041763414,True,0,0,0,True,2.077788230931686,235.0,245.0,0.0,1.0,0.0,0.0,0.0
2025-02-10 17:10:00+00:00,2025-02-10,2025-02-10:1,True,2,5,True,0.6231884057971014,0.6231884057971014,0.0,True,0,0,0,True,-1.2302305855902964,230.0,250.0,0.0,0.0,1.0,0.0,0.0
2025-02-10 17:15:00+00:00,2025-02-10,2025-02-10:1,True,2,10,True,0.6242038216560509,0.6242038216560509,0.0,True,0,0,0,True,0.0,225.0,255.0,0.0,0.0,1.0,0.0,0.0
2025-02-10 17:20:00+00:00,2025-02-10,2025-02-10:1,True,2,15,True,0.746031746031746,0.746031746031746,0.0,True,0,0,0,True,0.0,220.0,260.0,0.0,0.0,1.0,0.0,0.0
2025-02-10 17:25:00+00:00,2025-02-10,2025-02-10:1,True,0,5,True,0.8656716417910447,0.8656716417910447,-1.6776434759832684,True,0,0,0,True,-1.2504416181049107,215.0,265.0,1.0,0.0,0.0,0.0,0.0
2025-02-10 17:30:00+00:00,2025-02-10,2025-02-10:1,True,0,10,True,0.7447916666666666,0.7447916666666666,0.0,True,0,0,0,True,0.0,210.0,270.0,1.0,0.0,0.0,0.0,0.0
2025-02-10 17:35:00+00:00,2025-02-10,2025-02-10:1,True,0,15,True,0.7995110024449877,0.08005476335706758,2.301289351391342,True,0,0,0,True,3.013647756447067,205.0,275.0,1.0,0.0,0.0,0.0,0.0
2025-02-10 17:40:00+00:00,2025-02-10,2025-02-10:1,True,0,20,True,0.6833333333333333,0.6833333333333333,-0.5264064192243816,True,0,0,0,True,0.47279765997788836,200.0,280.0,1.0,0.0,0.0,0.0,0.0
2025-02-10 17:45:00+00:00,2025-02-10,2025-02-10:1,True,0,25,True,0.6234567901234568,0.13718298332299914,1.5139637812493918,True,0,0,0,True,-0.595501441812124,195.0,285.0,1.0,0.0,0.0,0.0,0.0
2025-02-10 17:50:00+00:00,2025-02-10,2025-02-10:1,True,1,5,True,0.6243093922651933,0.38090229860545155,0.4941031582932247,True,0,0,0,True,1.1048482498409895,190.0,290.0,0.0,1.0,0.0,0.0,0.0
2025-02-10 17:55:00+00:00,2025-02-10,2025-02-10:1,True,1,10,True,0.652605459057072,0.15545417752687443,1.4346217393038725,True,0,0,0,True,0.0,185.0,295.0,0.0,1.0,0.0,0.0,0.0
2025-02-10 18:00:00+00:00,2025-02-10,2025-02-10:1,True,1,15,True,0.0970873786407767,0.014336122455425733,1.9128289857378324,True,0,0,0,True,3.161785933563085,180.0,300.0,0.0,1.0,0.0,0.0,0.0
2025-02-10 18:05:00+00:00,2025-02-10,2025-02-10:1,True,2,5,True,-0.7005649717514124,0.4604337969916726,-0.4197180299717631,True,0,0,0,True,-0.16975846022681756,175.0,305.0,0.0,0.0,1.0,0.0,0.0
2025-02-10 18:10:00+00:00,2025-02-10,2025-02-10:1,True,2,10,True,-0.8386308068459658,0.35274491182567475,-0.8660254037834711,True,0,0,0,True,-0.9682458365507727,170.0,310.0,0.0,0.0,1.0,0.0,0.0
2025-02-10 18:15:00+00:00,2025-02-10,2025-02-10:1,True,0,5,True,-0.862796833773087,0.2364958988208428,-1.294248378153421,True,0,0,0,True,-0.9646757844390539,165.0,315.0,1.0,0.0,0.0,0.0,0.0
2025-02-10 18:20:00+00:00,2025-02-10,2025-02-10:1,True,0,10,True,-0.8397790055248618,0.15461702977650277,-1.6921874846820708,True,0,0,0,True,-1.5179106391685095,160.0,320.0,1.0,0.0,0.0,0.0,0.0
2025-02-10 18:25:00+00:00,2025-02-10,2025-02-10:1,True,3,5,True,-0.8613861386138614,0.5642492066235378,-0.42304687117140066,True,0,0,0,True,-0.5407695255188543,155.0,325.0,0.0,0.0,0.0,1.0,0.0
2025-02-10 18:30:00+00:00,2025-02-10,2025-02-10:1,True,3,10,True,-0.7202797202797203,0.20448314407791013,-1.2591540899130342,True,0,0,0,True,1.454062082397589,150.0,330.0,0.0,0.0,0.0,1.0,0.0
2025-02-10 18:35:00+00:00,2025-02-10,2025-02-10:1,True,3,15,True,-0.8256410256410256,0.07785123211246694,-2.3613603604983515,True,0,0,0,True,-0.5082088887386518,145.0,335.0,0.0,0.0,0.0,1.0,0.0
2025-02-10 18:40:00+00:00,2025-02-10,2025-02-10:1,True,4,5,True,-0.8197802197802198,0.8197802197802198,0.42224710953018735,True,0,0,0,True,-0.524723285120059,140.0,340.0,0.0,0.0,0.0,0.0,1.0
2025-02-10 18:45:00+00:00,2025-02-10,2025-02-10:1,True,4,10,True,-0.8660508083140878,0.5590671987149919,-0.43767389864959727,True,0,0,0,True,0.0,135.0,345.0,0.0,0.0,0.0,0.0,1.0
2025-02-10 18:50:00+00:00,2025-02-10,2025-02-10:1,True,3,5,True,-0.8864197530864197,0.16176836103024728,-1.7010251585550389,True,0,0,0,True,-0.9509019714909307,130.0,350.0,0.0,0.0,0.0,1.0,0.0
2025-02-10 18:55:00+00:00,2025-02-10,2025-02-10:1,True,3,10,True,-0.6991643454038997,0.2920417667479007,-0.8729890007782699,True,0,0,0,True,0.5656956064724941,125.0,355.0,0.0,0.0,0.0,1.0,0.0
2025-02-10 19:00:00+00:00,2025-02-10,2025-02-10:1,True,3,15,True,-0.7317073170731707,0.1942954201061169,-1.3260008090844382,True,0,0,0,True,-0.4107872246415607,120.0,360.0,0.0,0.0,0.0,1.0,0.0
2025-02-10 19:05:00+00:00,2025-02-10,2025-02-10:1,True,3,20,True,-0.7486338797814208,0.2559758046919019,-1.0731671248781645,True,0,0,0,True,0.0,115.0,365.0,0.0,0.0,0.0,1.0,0.0
2025-02-10 19:10:00+00:00,2025-02-10,2025-02-10:1,True,3,25,True,-0.7596153846153846,0.09329689544986676,-2.0970253999291524,True,0,0,0,True,-0.560052073988808,110.0,370.0,0.0,0.0,0.0,1.0,0.0
2025-02-10 19:15:00+00:00,2025-02-10,2025-02-10:1,True,4,5,True,-0.7846153846153846,0.7846153846153846,0.0,True,0,0,0,True,-1.0974931997862136,105.0,375.0,0.0,0.0,0.0,0.0,1.0
2025-02-10 19:20:00+00:00,2025-02-10,2025-02-10:1,True,3,5,True,-0.8371501272264631,0.19755624254954712,-1.4439801016742653,True,0,0,0,True,-0.5174359605783737,100.0,380.0,0.0,0.0,0.0,1.0,0.0
2025-02-10 19:25:00+00:00,2025-02-10,2025-02-10:1,True,4,5,True,-0.8010471204188482,0.8010471204188482,1.5867401783663893,True,0,0,0,True,1.5065697392274475,95.0,385.0,0.0,0.0,0.0,0.0,1.0
2025-02-10 19:30:00+00:00,2025-02-10,2025-02-10:1,True,4,10,True,-0.7741935483870968,0.7741935483870968,0.0,True,0,0,0,True,0.0,90.0,390.0,0.0,0.0,0.0,0.0,1.0
2025-02-10 19:35:00+00:00,2025-02-10,2025-02-10:1,True,3,5,True,-0.5722543352601156,0.19761229531553473,-1.0632765279842125,True,0,0,0,True,-0.9510234381799814,85.0,395.0,0.0,0.0,0.0,1.0,0.0
2025-02-10 19:40:00+00:00,2025-02-10,2025-02-10:1,True,0,5,True,-0.504225352112676,0.504225352112676,1.146808736728902,True,0,0,0,True,0.4774052405852239,80.0,400.0,1.0,0.0,0.0,0.0,0.0
2025-02-10 19:45:00+00:00,2025-02-10,2025-02-10:1,True,0,10,True,-0.41914191419141916,0.28424600741639083,-0.3883694734278884,True,0,0,0,True,-0.43708562003226714,75.0,405.0,1.0,0.0,0.0,0.0,0.0
2025-02-10 19:50:00+00:00,2025-02-10,2025-02-10:1,True,1,5,True,-0.0990990990990991,0.0990990990990991,0.7794837629532262,True,0,0,0,True,1.263869043206923,70.0,410.0,0.0,1.0,0.0,0.0,0.0
2025-02-10 19:55:00+00:00,2025-02-10,2025-02-10:1,True,0,5,True,-0.25901639344262295,0.25901639344262295,0.3728096613302946,True,0,0,0,True,0.0,65.0,415.0,1.0,0.0,0.0,0.0,0.0
2025-02-10 20:00:00+00:00,2025-02-10,2025-02-10:1,True,0,10,True,0.08605341246290801,0.08605341246290801,0.0,True,0,0,0,True,-0.8265989225772682,60.0,420.0,1.0,0.0,0.0,0.0,0.0
2025-02-10 20:05:00+00:00,2025-02-10,2025-02-10:1,True,2,5,True,0.25663716814159293,0.25663716814159293,0.0,True,0,0,0,True,0.0,55.0,425.0,0.0,0.0,1.0,0.0,0.0
2025-02-10 20:10:00+00:00,2025-02-10,2025-02-10:1,True,1,5,True,0.4143302180685358,0.13284816564905083,1.137456419648356,True,0,0,0,True,0.0,50.0,430.0,0.0,1.0,0.0,0.0,0.0
2025-02-10 20:15:00+00:00,2025-02-10,2025-02-10:1,True,2,5,True,0.21022727272727273,0.21022727272727273,0.0,True,0,0,0,True,-0.8647438941870056,45.0,435.0,0.0,0.0,1.0,0.0,0.0
2025-02-10 20:20:00+00:00,2025-02-10,2025-02-10:1,True,1,5,True,0.3033033033033033,0.09658291506609852,1.1443314429363143,True,0,0,0,True,-0.432001859546365,40.0,440.0,0.0,1.0,0.0,0.0,0.0
2025-02-10 20:25:00+00:00,2025-02-10,2025-02-10:1,True,0,5,True,0.006493506493506494,0.006493506493506494,-0.7567883796671009,True,0,0,0,True,-0.8114484122682928,35.0,445.0,1.0,0.0,0.0,0.0,0.0
2025-02-10 20:30:00+00:00,2025-02-10,2025-02-10:1,True,1,5,True,0.06206896551724138,0.02844782159882728,0.7801745257182884,True,0,0,0,True,1.2498197295280682,30.0,450.0,0.0,1.0,0.0,0.0,0.0
2025-02-10 20:35:00+00:00,2025-02-10,2025-02-10:1,True,0,5,True,0.026845637583892617,0.026845637583892617,-1.4975727738667772,True,0,0,0,True,-0.8371686309065433,25.0,455.0,1.0,0.0,0.0,0.0,0.0
2025-02-10 20:40:00+00:00,2025-02-10,2025-02-10:1,True,0,10,True,-0.150997150997151,0.10039945287252744,-0.40810421130243096,True,0,0,0,True,0.497670704997641,20.0,460.0,1.0,0.0,0.0,0.0,0.0
2025-02-10 20:45:00+00:00,2025-02-10,2025-02-10:1,True,0,15,True,-0.05755395683453238,0.05755395683453238,0.6076172141650106,True,0,0,0,True,0.48409563873703254,15.0,465.0,1.0,0.0,0.0,0.0,0.0
2025-02-10 20:50:00+00:00,2025-02-10,2025-02-10:1,True,3,5,True,0.21935483870967742,0.21935483870967742,-1.3178330777551357,True,0,0,0,True,-0.841932669961209,10.0,470.0,0.0,0.0,0.0,1.0,0.0
2025-02-10 20:55:00+00:00,2025-02-10,2025-02-10:1,True,0,5,True,-0.10240963855421686,0.10240963855421686,0.3852631217189463,True,0,0,0,True,0.0,5.0,475.0,1.0,0.0,0.0,0.0,0.0
2025-02-10 21:00:00+00:00,2025-02-10,2025-02-10:1,True,3,5,True,-0.15476190476190477,0.07191235027527308,-0.7664398174534692,True,0,0,0,True,0.0,0.0,480.0,0.0,0.0,0.0,1.0,0.0
2025-02-11 13:00:00+00:00,2025-02-11,2025-02-11:1,False,-1,0,False,,,,False,0,0,0,False,,480.0,0.0,,,,,
2025-02-11 13:05:00+00:00,2025-02-11,2025-02-11:1,False,-1,0,True,-0.042682926829268296,,,False,0,0,0,False,,475.0,5.0,,,,,
2025-02-11 13:10:00+00:00,2025-02-11,2025-02-11:1,False,-1,0,True,0.1875,,,False,0,0,0,False,,470.0,10.0,,,,,
2025-02-11 13:15:00+00:00,2025-02-11,2025-02-11:1,False,-1,0,True,-0.01015228426395939,,,False,0,0,0,False,,465.0,15.0,,,,,
2025-02-11 13:20:00+00:00,2025-02-11,2025-02-11:1,False,-1,0,True,0.04697986577181208,,,False,0,0,0,False,,460.0,20.0,,,,,
2025-02-11 13:25:00+00:00,2025-02-11,2025-02-11:1,False,-1,0,True,-0.38047138047138046,,,False,0,0,0,False,,455.0,25.0,,,,,
2025-02-11 13:30:00+00:00,2025-02-11,2025-02-11:1,False,-1,0,True,-0.5829145728643216,,,False,0,0,0,False,,450.0,30.0,,,,,
2025-02-11 13:35:00+00:00,2025-02-11,2025-02-11:1,False,-1,0,True,-0.9665738161559888,,,False,0,0,0,False,,445.0,35.0,,,,,
2025-02-11 13:40:00+00:00,2025-02-11,2025-02-11:1,False,-1,0,True,-0.9611650485436893,,,False,0,0,0,False,,440.0,40.0,,,,,
2025-02-11 13:45:00+00:00,2025-02-11,2025-02-11:1,False,-1,0,True,-0.9540816326530612,,,False,0,0,0,False,,435.0,45.0,,,,,
2025-02-11 13:50:00+00:00,2025-02-11,2025-02-11:1,False,-1,0,True,-0.949874686716792,,,False,0,0,0,False,,430.0,50.0,,,,,
2025-02-11 13:55:00+00:00,2025-02-11,2025-02-11:1,False,-1,0,True,-0.8494623655913979,,,False,0,0,0,False,,425.0,55.0,,,,,
2025-02-11 14:00:00+00:00,2025-02-11,2025-02-11:1,False,-1,0,True,-0.838479809976247,,,False,0,0,0,False,,420.0,60.0,,,,,
2025-02-11 14:05:00+00:00,2025-02-11,2025-02-11:1,True,4,5,True,-0.8383838383838383,0.5154998679958773,-0.4863389892572362,True,0,0,0,False,,415.0,65.0,0.0,0.0,0.0,0.0,1.0
2025-02-11 14:10:00+00:00,2025-02-11,2025-02-11:1,True,4,10,True,-0.8356807511737089,0.8356807511737089,0.33180075816532767,True,1,0,0,False,,410.0,70.0,0.0,0.0,0.0,0.0,1.0
2025-02-11 14:15:00+00:00,2025-02-11,2025-02-11:1,True,4,15,True,-0.7699115044247787,0.7699115044247787,0.0,True,1,0,0,False,,405.0,75.0,0.0,0.0,0.0,0.0,1.0
2025-02-11 14:20:00+00:00,2025-02-11,2025-02-11:1,True,3,5,True,-0.6878612716763006,0.12626032547075258,-1.6952413268777522,True,0,1,1,False,,400.0,80.0,0.0,0.0,0.0,1.0,0.0
2025-02-11 14:25:00+00:00,2025-02-11,2025-02-11:1,True,3,10,True,-0.710594315245478,0.5149974863741313,-0.32193966379403105,True,0,0,1,False,,395.0,85.0,0.0,0.0,0.0,1.0,0.0
2025-02-11 14:30:00+00:00,2025-02-11,2025-02-11:1,True,3,15,True,-0.6077348066298343,0.3323577670097407,-0.6035266133235748,True,0,0,1,False,,390.0,90.0,0.0,0.0,0.0,1.0,0.0
2025-02-11 14:35:00+00:00,2025-02-11,2025-02-11:1,True,4,5,True,-0.3785900783289817,0.3785900783289817,0.3439486602636305,True,1,0,1,False,,385.0,95.0,0.0,0.0,0.0,0.0,1.0
2025-02-11 14:40:00+00:00,2025-02-11,2025-02-11:1,True,4,10,True,-0.6657963446475196,0.6657963446475196,0.0,True,1,0,1,False,,380.0,100.0,0.0,0.0,0.0,0.0,1.0
2025-02-11 14:45:00+00:00,2025-02-11,2025-02-11:1,True,3,5,True,-0.7959183673469388,0.5787126971098085,-0.3186904779158885,True,1,0,1,False,,375.0,105.0,0.0,0.0,0.0,1.0,0.0
2025-02-11 14:50:00+00:00,2025-02-11,2025-02-11:1,True,3,10,True,-0.7961165048543689,0.3025221007619975,-0.9675912028443974,True,0,1,2,False,,370.0,110.0,0.0,0.0,0.0,1.0,0.0
2025-02-11 14:55:00+00:00,2025-02-11,2025-02-11:1,True,3,15,True,-0.6707021791767555,0.4789740853077957,-0.3366786979149459,True,0,0,2,False,,365.0,115.0,0.0,0.0,0.0,1.0,0.0
2025-02-11 15:00:00+00:00,2025-02-11,2025-02-11:1,True,0,5,True,-0.45774647887323944,0.38653794679932557,-0.1690854474750966,True,0,0,2,False,,360.0,120.0,1.0,0.0,0.0,0.0,0.0
2025-02-11 15:05:00+00:00,2025-02-11,2025-02-11:1,True,0,10,True,-0.46325878594249204,0.46325878594249204,1.159950676730881,True,0,0,2,True,0.0,355.0,125.0,1.0,0.0,0.0,0.0,0.0
2025-02-11 15:10:00+00:00,2025-02-11,2025-02-11:1,True,0,15,True,-0.7616580310880829,0.7616580310880829,0.6530251150868619,True,0,0,2,True,0.6081393983870055,350.0,130.0,1.0,0.0,0.0,0.0,0.0
2025-02-11 15:15:00+00:00,2025-02-11,2025-02-11:1,True,0,20,True,-0.8036175710594315,0.302810353996541,-0.9760167829767441,True,0,0,2,True,-0.7274799579715306,345.0,135.0,1.0,0.0,0.0,0.0,0.0
2025-02-11 15:20:00+00:00,2025-02-11,2025-02-11:1,True,0,25,True,-0.5094339622641509,0.5094339622641509,0.33257738579763774,True,0,0,2,True,0.7436656424226911,340.0,140.0,1.0,0.0,0.0,0.0,0.0
2025-02-11 15:25:00+00:00,2025-02-11,2025-02-11:1,True,0,30,True,-0.8711340206185567,0.14910873781753936,-1.7651200110489564,True,0,0,2,True,-0.6120907282493272,335.0,145.0,1.0,0.0,0.0,0.0,0.0
2025-02-11 15:30:00+00:00,2025-02-11,2025-02-11:1,True,3,5,True,-0.2071269487750557,0.00046298933568325113,-6.103383142635838,True,0,0,2,True,-10.200570235529582,330.0,150.0,0.0,0.0,0.0,1.0,0.0
2025-02-11 15:35:00+00:00,2025-02-11,2025-02-11:1,True,4,5,True,0.2109375,0.06357351607833511,1.199364911307757,True,1,0,2,True,0.5867022265986808,325.0,155.0,0.0,0.0,0.0,0.0,1.0
2025-02-11 15:40:00+00:00,2025-02-11,2025-02-11:1,True,4,10,True,0.46368715083798884,0.46368715083798884,-0.19666175018446738,True,1,0,2,True,0.3885268731783406,320.0,160.0,0.0,0.0,0.0,0.0,1.0
2025-02-11 15:45:00+00:00,2025-02-11,2025-02-11:1,True,3,5,True,0.04727272727272727,0.04727272727272727,-0.28811800604826665,True,1,0,2,True,-0.5184967139976809,315.0,165.0,0.0,0.0,0.0,1.0,0.0
2025-02-11 15:50:00+00:00,2025-02-11,2025-02-11:1,True,4,5,True,-0.30584192439862545,0.30584192439862545,0.5715091156885134,True,1,0,2,True,-0.11621604776404332,310.0,170.0,0.0,0.0,0.0,0.0,1.0
2025-02-11 15:55:00+00:00,2025-02-11,2025-02-11:1,True,3,5,True,-0.03636363636363636,0.01871686201049744,-0.6641444449556168,True,1,0,2,True,-0.6364594824862433,305.0,175.0,0.0,0.0,0.0,1.0,0.0
2025-02-11 16:00:00+00:00,2025-02-11,2025-02-11:1,True,0,5,True,0.18652849740932642,0.15433521120657692,0.1894570955440555,True,0,0,2,True,-0.3039174604337161,300.0,180.0,1.0,0.0,0.0,0.0,0.0
2025-02-11 16:05:00+00:00,2025-02-11,2025-02-11:1,True,0,10,True,0.1746987951807229,0.1746987951807229,-0.3772515201865095,True,0,0,2,True,0.4217800218754853,295.0,185.0,1.0,0.0,0.0,0.0,0.0
2025-02-11 16:10:00+00:00,2025-02-11,2025-02-11:1,True,0,15,True,0.2857142857142857,0.23646382007408542,0.18919709491677417,True,0,0,2,True,-0.307445273527904,290.0,190.0,1.0,0.0,0.0,0.0,0.0
2025-02-11 16:15:00+00:00,2025-02-11,2025-02-11:1,True,0,20,True,0.0830945558739255,0.0391456609859574,0.7526896009706979,True,0,0,2,True,0.0,285.0,195.0,1.0,0.0,0.0,0.0,0.0
2025-02-11 16:20:00+00:00,2025-02-11,2025-02-11:1,True,0,25,True,0.20125786163522014,0.20125786163522014,-0.18747517707048078,True,0,0,2,True,0.107603006189062,280.0,200.0,1.0,0.0,0.0,0.0,0.0
2025-02-11 16:25:00+00:00,2025-02-11,2025-02-11:1,True,0,30,True,-0.1,0.1,1.0125108920144352,True,0,0,2,True,0.6174663225002417,275.0,205.0,1.0,0.0,0.0,0.0,0.0
2025-02-11 16:30:00+00:00,2025-02-11,2025-02-11:1,True,0,35,True,-0.10204081632653061,0.07737999118378615,-0.27664465796726245,True,0,0,2,True,0.41239750721915713,270.0,210.0,1.0,0.0,0.0,0.0,0.0
2025-02-11 16:35:00+00:00,2025-02-11,2025-02-11:1,True,0,40,True,-0.023121387283236993,0.011038617490820359,-0.7393582398776546,True,0,0,2,True,-0.9416807525115347,265.0,215.0,1.0,0.0,0.0,0.0,0.0
2025-02-11 16:40:00+00:00,2025-02-11,2025-02-11:1,True,0,45,True,-0.07100591715976332,0.03804732360551124,-0.6239324708960176,True,0,0,2,True,-0.4576239064144338,260.0,220.0,1.0,0.0,0.0,0.0,0.0
2025-02-11 16:45:00+00:00,2025-02-11,2025-02-11:1,True,0,50,True,-0.051643192488262914,0.051643192488262914,1.0643544282353983,True,0,0,2,True,0.0,255.0,225.0,1.0,0.0,0.0,0.0,0.0
2025-02-11 16:50:00+00:00,2025-02-11,2025-02-11:1,True,0,55,True,0.018404907975460124,0.018404907975460124,-0.8847625836957792,True,0,0,2,True,0.5335134728340304,250.0,230.0,1.0,0.0,0.0,0.0,0.0
2025-02-11 16:55:00+00:00,2025-02-11,2025-02-11:1,True,0,60,True,0.17117117117117117,0.04436053994939919,1.3503137224398956,True,0,0,2,True,-0.7548483185805248,245.0,235.0,1.0,0.0,0.0,0.0,0.0
2025-02-11 17:00:00+00:00,2025-02-11,2025-02-11:1,True,0,65,True,0.22,0.22,-1.0217170036994623,True,0,0,2,True,-0.7615428913457458,240.0,240.0,1.0,0.0,0.0,0.0,0.0
2025-02-11 17:05:00+00:00,2025-02-11,2025-02-11:1,True,0,70,True,0.5988200589970502,0.21902442910442113,1.0057778786260216,True,0,0,2,True,-0.9714461376960887,235.0,245.0,1.0,0.0,0.0,0.0,0.0
2025-02-11 17:10:00+00:00,2025-02-11,2025-02-11:1,True,0,75,True,0.1282051282051282,0.10904184970933171,0.1618997944569799,True,0,0,2,True,0.7240378919001593,230.0,250.0,1.0,0.0,0.0,0.0,0.0
2025-02-11 17:15:00+00:00,2025-02-11,2025-02-11:1,True,0,80,True,0.20833333333333334,0.10822641597893762,0.6549138841673706,True,0,0,2,True,0.9462429309101185,225.0,255.0,1.0,0.0,0.0,0.0,0.0
2025-02-11 17:20:00+00:00,2025-02-11,2025-02-11:1,True,1,5,True,0.42005420054200543,0.16695223120863092,0.9226760210284166,True,0,0,2,True,1.1803661185319791,220.0,260.0,0.0,1.0,0.0,0.0,0.0
2025-02-11 17:25:00+00:00,2025-02-11,2025-02-11:1,True,1,10,True,0.14473684210526316,0.029640808702497145,1.5857651272786737,True,0,0,2,True,0.6129566034974973,215.0,265.0,0.0,1.0,0.0,0.0,0.0
2025-02-11 17:30:00+00:00,2025-02-11,2025-02-11:1,True,2,5,True,0.13580246913580246,0.13580246913580246,-2.1316566754666844,True,0,0,2,True,-1.1714425728323399,210.0,270.0,0.0,0.0,1.0,0.0,0.0
2025-02-11 17:35:00+00:00,2025-02-11,2025-02-11:1,True,0,5,True,-0.09446254071661238,0.012333565748572606,-2.035878893103994,True,0,0,2,True,-1.0683916270181544,205.0,275.0,1.0,0.0,0.0,0.0,0.0
2025-02-11 17:40:00+00:00,2025-02-11,2025-02-11:1,True,0,10,True,-0.07395498392282958,0.07395498392282958,0.0,True,0,0,2,True,0.767121738122503,200.0,280.0,1.0,0.0,0.0,0.0,0.0
2025-02-11 17:45:00+00:00,2025-02-11,2025-02-11:1,True,4,5,True,-0.1166077738515901,0.10088064480253352,-0.14487785939145126,True,0,0,2,True,0.2872044598760095,195.0,285.0,0.0,0.0,0.0,0.0,1.0
2025-02-11 17:50:00+00:00,2025-02-11,2025-02-11:1,True,4,10,True,-0.18210862619808307,0.18210862619808307,0.0,True,0,0,2,True,0.0,190.0,290.0,0.0,0.0,0.0,0.0,1.0
2025-02-11 17:55:00+00:00,2025-02-11,2025-02-11:1,True,4,15,True,0.17307692307692307,0.09367367517206249,0.6139189359694384,True,1,0,2,True,0.24985015584244807,185.0,295.0,0.0,0.0,0.0,0.0,1.0
2025-02-11 18:00:00+00:00,2025-02-11,2025-02-11:1,True,3,5,True,0.6842105263157895,0.6842105263157895,-1.0596012371208023,True,0,1,3,True,-1.1543417071786246,180.0,300.0,0.0,0.0,0.0,1.0,0.0
2025-02-11 18:05:00+00:00,2025-02-11,2025-02-11:1,True,0,5,True,0.6470588235294118,0.6470588235294118,-0.550860723686029,True,0,0,3,True,-0.6158810121474695,175.0,305.0,1.0,0.0,0.0,0.0,0.0
2025-02-11 18:10:00+00:00,2025-02-11,2025-02-11:1,True,3,5,True,0.768025078369906,0.768025078369906,-1.6888703030802388,True,0,0,3,True,-1.3015541065003637,170.0,310.0,0.0,0.0,0.0,1.0,0.0
2025-02-11 18:15:00+00:00,2025-02-11,2025-02-11:1,True,0,5,True,0.3793103448275862,0.10399799750576647,1.2939830775902816,True,0,0,3,True,1.4124499661337504,165.0,315.0,1.0,0.0,0.0,0.0,0.0
2025-02-11 18:20:00+00:00,2025-02-11,2025-02-11:1,True,0,10,True,0.7028571428571428,0.4171482575110547,0.5217119682196815,True,0,0,3,True,-1.227821255825312,160.0,320.0,1.0,0.0,0.0,0.0,0.0
2025-02-11 18:25:00+00:00,2025-02-11,2025-02-11:1,True,0,15,True,0.6219178082191781,0.47662906750021583,0.2660693907765227,True,0,0,3,True,0.0,155.0,325.0,1.0,0.0,0.0,0.0,0.0
2025-02-11 18:30:00+00:00,2025-02-11,2025-02-11:1,True,0,20,True,0.6076555023923444,0.6076555023923444,-0.28204709145466406,True,0,0,3,True,-0.630676469348729,150.0,330.0,1.0,0.0,0.0,0.0,0.0
2025-02-11 18:35:00+00:00,2025-02-11,2025-02-11:1,True,0,25,True,0.5845697329376854,0.5045726119824654,0.14716431932336485,True,0,0,3,True,-0.8127057794999981,145.0,335.0,1.0,0.0,0.0,0.0,0.0
2025-02-11 18:40:00+00:00,2025-02-11,2025-02-11:1,True,1,5,True,0.49850746268656715,0.20815918263804958,0.8733154714216365,True,0,0,3,True,0.6509309199682514,140.0,340.0,0.0,1.0,0.0,0.0,0.0
2025-02-11 18:45:00+00:00,2025-02-11,2025-02-11:1,True,0,5,True,0.5027027027027027,0.5027027027027027,-0.5848677614173995,True,0,0,3,True,0.43738315420004853,135.0,345.0,1.0,0.0,0.0,0.0,0.0
2025-02-11 18:50:00+00:00,2025-02-11,2025-02-11:1,True,0,10,True,0.4251497005988024,0.4251497005988024,-0.14350598331569248,True,0,0,3,True,-0.7529821403610745,130.0,350.0,1.0,0.0,0.0,0.0,0.0
2025-02-11 18:55:00+00:00,2025-02-11,2025-02-11:1,True,0,15,True,0.3858695652173913,0.3858695652173913,-0.28415008131301867,True,0,0,3,True,-0.6353788976280025,125.0,355.0,1.0,0.0,0.0,0.0,0.0
2025-02-11 19:00:00+00:00,2025-02-11,2025-02-11:1,True,0,20,True,0.46949602122015915,0.46949602122015915,-0.2844381117640426,True,0,0,3,True,-0.7581559174313048,120.0,360.0,1.0,0.0,0.0,0.0,0.0
2025-02-11 19:05:00+00:00,2025-02-11,2025-02-11:1,True,0,25,True,0.6511627906976745,0.6511627906976745,-0.6180036595878371,True,0,0,3,True,0.22248743972237506,115.0,365.0,1.0,0.0,0.0,0.0,0.0
2025-02-11 19:10:00+00:00,2025-02-11,2025-02-11:1,True,0,30,True,0.4301675977653631,0.3180589625935295,0.3019381124417046,True,0,0,3,True,1.350308288833334,110.0,370.0,1.0,0.0,0.0,0.0,0.0
2025-02-11 19:15:00+00:00,2025-02-11,2025-02-11:1,True,0,35,True,0.5015576323987538,0.11239567575302475,1.4956930560652362,True,0,0,3,True,0.09961522036509687,105.0,375.0,1.0,0.0,0.0,0.0,0.0
2025-02-11 19:20:00+00:00,2025-02-11,2025-02-11:1,True,0,40,True,0.3896457765667575,0.2725830288391651,0.3572948005058952,True,0,0,3,True,0.798935461938408,100.0,380.0,1.0,0.0,0.0,0.0,0.0
2025-02-11 19:25:00+00:00,2025-02-11,2025-02-11:1,True,0,45,True,0.08038585209003216,0.08038585209003216,0.0,True,0,0,3,True,0.0,95.0,385.0,1.0,0.0,0.0,0.0,0.0
2025-02-11 19:30:00+00:00,2025-02-11,2025-02-11:1,True,0,50,True,0.4678362573099415,0.4678362573099415,-0.3356391600069331,True,0,0,3,True,0.7505119776842981,90.0,390.0,1.0,0.0,0.0,0.0,0.0
2025-02-11 19:35:00+00:00,2025-02-11,2025-02-11:1,True,0,55,True,0.38412698412698415,0.38412698412698415,-0.3392962587758311,True,0,0,3,True,-0.10703221062589127,85.0,395.0,1.0,0.0,0.0,0.0,0.0
2025-02-11 19:40:00+00:00,2025-02-11,2025-02-11:1,True,0,60,True,0.4293785310734463,0.4293785310734463,-0.3517877035349878,True,0,0,3,True,0.7866212187550115,80.0,400.0,1.0,0.0,0.0,0.0,0.0
2025-02-11 19:45:00+00:00,2025-02-11,2025-02-11:1,True,0,65,True,0.3184713375796178,0.3184713375796178,-0.3465864367330919,True,0,0,3,True,0.7749908326124211,75.0,405.0,1.0,0.0,0.0,0.0,0.0
2025-02-11 19:50:00+00:00,2025-02-11,2025-02-11:1,True,0,70,True,0.391304347826087,0.19207558129595742,0.711596693239164,True,0,0,3,True,0.7100154822011764,70.0,410.0,1.0,0.0,0.0,0.0,0.0
2025-02-11 19:55:00+00:00,2025-02-11,2025-02-11:1,True,0,75,True,0.3023255813953488,0.10379186994552325,1.0691168773100714,True,0,0,3,True,-0.7968726711851192,65.0,415.0,1.0,0.0,0.0,0.0,0.0
2025-02-11 20:00:00+00:00,2025-02-11,2025-02-11:1,True,0,80,True,0.5,0.5,-0.34852097042167063,True,0,0,3,True,0.0,60.0,420.0,1.0,0.0,0.0,0.0,0.0
2025-02-11 20:05:00+00:00,2025-02-11,2025-02-11:1,True,0,85,True,0.4576271186440678,0.4576271186440678,0.0,True,0,0,3,True,-0.7286974324411257,55.0,425.0,1.0,0.0,0.0,0.0,0.0
2025-02-11 20:10:00+00:00,2025-02-11,2025-02-11:1,True,1,5,True,0.49665924276169265,0.22503285496399514,0.7916577490935645,True,0,0,3,True,2.513569165448722,50.0,430.0,0.0,1.0,0.0,0.0,0.0
2025-02-11 20:15:00+00:00,2025-02-11,2025-02-11:1,True,0,5,True,0.4025974025974026,0.4025974025974026,-0.8145097061988189,True,0,0,3,True,-1.143864053578246,45.0,435.0,1.0,0.0,0.0,0.0,0.0
2025-02-11 20:20:00+00:00,2025-02-11,2025-02-11:1,True,0,10,True,0.4897360703812317,0.4897360703812317,-0.4091643491917325,True,0,0,3,True,-0.914919298762175,40.0,440.0,1.0,0.0,0.0,0.0,0.0
2025-02-11 20:25:00+00:00,2025-02-11,2025-02-11:1,True,0,15,True,0.18055555555555555,0.18055555555555555,-0.4253106111932247,True,0,0,3,True,1.1935862111614788,35.0,445.0,1.0,0.0,0.0,0.0,0.0
2025-02-11 20:30:00+00:00,2025-02-11,2025-02-11:1,True,0,20,True,0.2,0.2,0.0,True,0,0,3,True,0.9717261962499111,30.0,450.0,1.0,0.0,0.0,0.0,0.0
2025-02-11 20:35:00+00:00,2025-02-11,2025-02-11:1,True,0,25,True,0.11191335740072202,0.11191335740072202,-0.876534388323088,True,0,0,3,True,-0.9799952384547042,25.0,455.0,1.0,0.0,0.0,0.0,0.0
2025-02-11 20:40:00+00:00,2025-02-11,2025-02-11:1,True,3,5,True,0.17933130699088146,0.17933130699088146,-0.44169567295974516,True,0,0,3,True,0.0,20.0,460.0,0.0,0.0,0.0,1.0,0.0
2025-02-11 20:45:00+00:00,2025-02-11,2025-02-11:1,True,0,5,True,-0.0546448087431694,0.0546448087431694,0.4277768360398688,True,0,0,3,True,-0.7132949214658034,15.0,465.0,1.0,0.0,0.0,0.0,0.0
2025-02-11 20:50:00+00:00,2025-02-11,2025-02-11:1,True,0,10,True,0.13353115727002968,0.08675014400506786,0.4313027595737221,True,0,0,3,True,0.9644222892900909,10.0,470.0,1.0,0.0,0.0,0.0,0.0
2025-02-11 20:55:00+00:00,2025-02-11,2025-02-11:1,True,0,15,True,0.08424908424908426,0.05431472430452769,0.4389823437160066,True,0,0,3,True,-0.723922723991424,5.0,475.0,1.0,0.0,0.0,0.0,0.0
2025-02-11 21:00:00+00:00,2025-02-11,2025-02-11:1,True,0,20,True,0.24567474048442905,0.24567474048442905,0.0,True,0,0,3,True,0.0,0.0,480.0,1.0,0.0,0.0,0.0,0.0
2025-02-12 13:00:00+00:00,2025-02-12,2025-02-12:1,False,-1,0,False,,,,False,0,0,0,False,,480.0,0.0,,,,,
2025-02-12 13:05:00+00:00,2025-02-12,2025-02-12:1,False,-1,0,True,-0.1901840490797546,,,False,0,0,0,False,,475.0,5.0,,,,,
2025-02-12 13:10:00+00:00,2025-02-12,2025-02-12:1,False,-1,0,True,-0.4251781472684085,,,False,0,0,0,False,,470.0,10.0,,,,,
2025-02-12 13:15:00+00:00,2025-02-12,2025-02-12:1,False,-1,0,True,-0.01278772378516624,,,False,0,0,0,False,,465.0,15.0,,,,,
2025-02-12 13:20:00+00:00,2025-02-12,2025-02-12:1,False,-1,0,True,-0.12371134020618557,,,False,0,0,0,False,,460.0,20.0,,,,,
2025-02-12 13:25:00+00:00,2025-02-12,2025-02-12:1,False,-1,0,True,-0.3248407643312102,,,False,0,0,0,False,,455.0,25.0,,,,,
2025-02-12 13:30:00+00:00,2025-02-12,2025-02-12:1,False,-1,0,True,0.12144702842377261,,,False,0,0,0,False,,450.0,30.0,,,,,
2025-02-12 13:35:00+00:00,2025-02-12,2025-02-12:1,False,-1,0,True,0.38831615120274915,,,False,0,0,0,False,,445.0,35.0,,,,,
2025-02-12 13:40:00+00:00,2025-02-12,2025-02-12:1,False,-1,0,True,0.6494845360824743,,,False,0,0,0,False,,440.0,40.0,,,,,
2025-02-12 13:45:00+00:00,2025-02-12,2025-02-12:1,False,-1,0,True,0.767337807606264,,,False,0,0,0,False,,435.0,45.0,,,,,
2025-02-12 13:50:00+00:00,2025-02-12,2025-02-12:1,False,-1,0,True,0.6392572944297082,,,False,0,0,0,False,,430.0,50.0,,,,,
2025-02-12 13:55:00+00:00,2025-02-12,2025-02-12:1,False,-1,0,True,0.5084745762711864,,,False,0,0,0,False,,425.0,55.0,,,,,
2025-02-12 14:00:00+00:00,2025-02-12,2025-02-12:1,False,-1,0,True,0.6151898734177215,,,False,0,0,0,False,,420.0,60.0,,,,,
2025-02-12 14:05:00+00:00,2025-02-12,2025-02-12:1,True,2,5,True,0.6803874092009685,0.4630162616832249,0.3849001794594223,True,0,0,0,False,,415.0,65.0,0.0,0.0,1.0,0.0,0.0
2025-02-12 14:10:00+00:00,2025-02-12,2025-02-12:1,True,1,5,True,0.5249266862170088,0.16577084344978943,1.1526522340429777,True,0,0,0,False,,410.0,70.0,0.0,1.0,0.0,0.0,0.0
2025-02-12 14:15:00+00:00,2025-02-12,2025-02-12:1,True,2,5,True,0.4199395770392749,0.4199395770392749,-0.38421741134729526,True,0,0,0,False,,405.0,75.0,0.0,0.0,1.0,0.0,0.0
2025-02-12 14:20:00+00:00,2025-02-12,2025-02-12:1,True,2,10,True,0.4752186588921283,0.4752186588921283,-0.3898255260492713,True,0,0,0,False,,400.0,80.0,0.0,0.0,1.0,0.0,0.0
2025-02-12 14:25:00+00:00,2025-02-12,2025-02-12:1,True,1,5,True,0.411371237458194,0.1872371398122235,0.7871201201655282,True,0,0,0,False,,395.0,85.0,0.0,1.0,0.0,0.0,0.0
2025-02-12 14:30:00+00:00,2025-02-12,2025-02-12:1,True,0,5,True,0.6566757493188011,0.6566757493188011,0.0,True,0,0,0,False,,390.0,90.0,1.0,0.0,0.0,0.0,0.0
2025-02-12 14:35:00+00:00,2025-02-12,2025-02-12:1,True,1,5,True,0.16447368421052633,0.10324101549237596,0.4656843719721133,True,0,0,0,False,,385.0,95.0,0.0,1.0,0.0,0.0,0.0
2025-02-12 14:40:00+00:00,2025-02-12,2025-02-12:1,True,1,10,True,0.510989010989011,0.07198257473569258,1.959924012893343,True,0,0,0,False,,380.0,100.0,0.0,1.0,0.0,0.0,0.0
2025-02-12 14:45:00+00:00,2025-02-12,2025-02-12:1,True,1,15,True,0.29153605015673983,0.1764804649465968,0.5019534792919543,True,0,0,0,False,,375.0,105.0,0.0,1.0,0.0,0.0,0.0
2025-02-12 14:50:00+00:00,2025-02-12,2025-02-12:1,True,2,5,True,0.6353276353276354,0.6353276353276354,0.0,True,0,0,0,False,,370.0,110.0,0.0,0.0,1.0,0.0,0.0
2025-02-12 14:55:00+00:00,2025-02-12,2025-02-12:1,True,2,10,True,0.30612244897959184,0.30612244897959184,-0.9564144928686051,True,0,0,0,False,,365.0,115.0,0.0,0.0,1.0,0.0,0.0
2025-02-12 15:00:00+00:00,2025-02-12,2025-02-12:1,True,0,5,True,0.2745762711864407,0.2745762711864407,-0.4748449294319899,True,0,0,0,False,,360.0,120.0,1.0,0.0,0.0,0.0,0.0
2025-02-12 15:05:00+00:00,2025-02-12,2025-02-12:1,True,1,5,True,-0.10819672131147541,0.10819672131147541,1.4731937169021967,True,0,0,0,True,0.32134446963185326,355.0,125.0,0.0,1.0,0.0,0.0,0.0
2025-02-12 15:10:00+00:00,2025-02-12,2025-02-12:1,True,1,10,True,-0.24503311258278146,0.24503311258278146,1.6788721198848928,True,0,0,0,True,-0.6926935829958859,350.0,130.0,0.0,1.0,0.0,0.0,0.0
2025-02-12 15:15:00+00:00,2025-02-12,2025-02-12:1,True,0,5,True,0.03296703296703297,0.03296703296703297,-0.7898898498429752,True,0,0,0,True,-0.8831236994917421,345.0,135.0,1.0,0.0,0.0,0.0,0.0
2025-02-12 15:20:00+00:00,2025-02-12,2025-02-12:1,True,0,10,True,-0.11254019292604502,0.11254019292604502,0.8008148024522657,True,0,0,0,True,0.0,340.0,140.0,1.0,0.0,0.0,0.0,0.0
2025-02-12 15:25:00+00:00,2025-02-12,2025-02-12:1,True,0,15,True,-0.5658914728682171,0.25685519073736746,-0.7898898498428566,True,0,0,0,True,-0.8831236994916094,335.0,145.0,1.0,0.0,0.0,0.0,0.0
2025-02-12 15:30:00+00:00,2025-02-12,2025-02-12:1,True,0,20,True,0.0,0.0,-3.3419720663967385,True,0,0,0,True,-8.55736295511137,330.0,150.0,1.0,0.0,0.0,0.0,0.0
2025-02-12 15:35:00+00:00,2025-02-12,2025-02-12:1,True,0,25,True,0.7037037037037037,0.4832546343593023,0.3758136841187555,True,0,0,0,True,0.5602299630433111,325.0,155.0,1.0,0.0,0.0,0.0,0.0
2025-02-12 15:40:00+00:00,2025-02-12,2025-02-12:1,True,3,5,True,0.6066481994459834,0.6066481994459834,-0.2534149626432098,True,0,0,0,True,-0.2325571899316211,320.0,160.0,0.0,0.0,0.0,1.0,0.0
2025-02-12 15:45:00+00:00,2025-02-12,2025-02-12:1,True,0,5,True,0.47058823529411764,0.22001874078311692,0.7602707485036594,True,0,0,0,True,0.5666723583190728,315.0,165.0,1.0,0.0,0.0,0.0,0.0
2025-02-12 15:50:00+00:00,2025-02-12,2025-02-12:1,True,0,10,True,0.5876288659793815,0.21567926897557868,1.002303129988751,True,0,0,0,True,0.026473412956161988,310.0,170.0,1.0,0.0,0.0,0.0,0.0
2025-02-12 15:55:00+00:00,2025-02-12,2025-02-12:1,True,0,15,True,0.49554896142433236,0.2947701902001745,0.5194701245681588,True,0,0,0,True,0.2903926277036717,305.0,175.0,1.0,0.0,0.0,0.0,0.0
2025-02-12 16:00:00+00:00,2025-02-12,2025-02-12:1,True,1,5,True,0.322884012539185,0.22089486237663136,0.37960631195972594,True,0,0,0,True,0.05511267280884902,300.0,180.0,0.0,1.0,0.0,0.0,0.0
2025-02-12 16:05:00+00:00,2025-02-12,2025-02-12:1,True,2,5,True,0.1657754010695187,0.1657754010695187,0.0,True,0,0,0,True,0.0,295.0,185.0,0.0,0.0,1.0,0.0,0.0
2025-02-12 16:10:00+00:00,2025-02-12,2025-02-12:1,True,1,5,True,0.2777777777777778,0.16210246531718925,0.5385927962747878,True,0,0,0,True,1.1306114120047956,290.0,190.0,0.0,1.0,0.0,0.0,0.0
2025-02-12 16:15:00+00:00,2025-02-12,2025-02-12:1,True,2,5,True,-0.21022727272727273,0.15962819483808094,-0.27534186778846115,True,0,0,0,True,0.5175360390119671,285.0,195.0,0.0,0.0,1.0,0.0,0.0
2025-02-12 16:20:00+00:00,2025-02-12,2025-02-12:1,True,0,5,True,-0.14788732394366197,0.11239814695664208,-0.2744032079314779,True,0,0,0,True,-0.613584226178794,280.0,200.0,1.0,0.0,0.0,0.0,0.0
2025-02-12 16:25:00+00:00,2025-02-12,2025-02-12:1,True,0,10,True,-0.3855072463768116,0.22269696179632106,-0.5487480585872675,True,0,0,0,True,0.0,275.0,205.0,1.0,0.0,0.0,0.0,0.0
2025-02-12 16:30:00+00:00,2025-02-12,2025-02-12:1,True,0,15,True,-0.41711229946524064,0.21090461046133196,-0.6819495406831088,True,0,0,0,True,0.6099542120761825,270.0,210.0,1.0,0.0,0.0,0.0,0.0
2025-02-12 16:35:00+00:00,2025-02-12,2025-02-12:1,True,3,5,True,-0.21768707482993196,0.13418130317396618,-0.48386670078284394,True,0,0,0,True,-1.0819588349989897,265.0,215.0,0.0,0.0,0.0,1.0,0.0
2025-02-12 16:40:00+00:00,2025-02-12,2025-02-12:1,True,4,5,True,-0.2398753894080997,0.2398753894080997,0.485575807459706,True,0,0,0,True,0.0,260.0,220.0,0.0,0.0,0.0,0.0,1.0
2025-02-12 16:45:00+00:00,2025-02-12,2025-02-12:1,True,4,10,True,-0.310580204778157,0.310580204778157,0.0,True,0,0,0,True,-2.1857099384929857,255.0,225.0,0.0,0.0,0.0,0.0,1.0
2025-02-12 16:50:00+00:00,2025-02-12,2025-02-12:1,True,0,5,True,-0.4208955223880597,0.4208955223880597,0.9265214256061147,True,0,0,0,True,0.2966004002753801,250.0,230.0,1.0,0.0,0.0,0.0,0.0
2025-02-12 16:55:00+00:00,2025-02-12,2025-02-12:1,True,3,5,True,-0.6106666666666667,0.10317239883506801,-1.778149892439041,True,0,0,0,True,-2.292285817961278,245.0,235.0,0.0,0.0,0.0,1.0,0.0
2025-02-12 17:00:00+00:00,2025-02-12,2025-02-12:1,True,0,5,True,-0.5495495495495496,0.5495495495495496,0.0,True,0,0,0,True,0.0,240.0,240.0,1.0,0.0,0.0,0.0,0.0
2025-02-12 17:05:00+00:00,2025-02-12,2025-02-12:1,True,0,10,True,-0.37531486146095716,0.37531486146095716,1.2693411698591726,True,0,0,0,True,0.9461110474831985,235.0,245.0,1.0,0.0,0.0,0.0,0.0
2025-02-12 17:10:00+00:00,2025-02-12,2025-02-12:1,True,0,15,True,-0.4520547945205479,0.4520547945205479,0.0,True,0,0,0,True,0.0,230.0,250.0,1.0,0.0,0.0,0.0,0.0
2025-02-12 17:15:00+00:00,2025-02-12,2025-02-12:1,True,3,5,True,-0.5612535612535613,0.03282971944609462,-2.8388385984338487,True,0,0,0,True,-1.8136674523570293,225.0,255.0,0.0,0.0,0.0,1.0,0.0
2025-02-12 17:20:00+00:00,2025-02-12,2025-02-12:1,True,4,5,True,-0.37362637362637363,0.37362637362637363,0.0,True,0,0,0,True,0.8950595185370275,220.0,260.0,0.0,0.0,0.0,0.0,1.0
2025-02-12 17:25:00+00:00,2025-02-12,2025-02-12:1,True,3,5,True,-0.5786924939467313,0.08240048401879846,-1.9491799270398966,True,0,0,0,True,-0.8716997634473624,215.0,265.0,0.0,0.0,0.0,1.0,0.0
2025-02-12 17:30:00+00:00,2025-02-12,2025-02-12:1,True,3,10,True,-0.6225352112676056,0.4249968328280309,-0.38171847429716377,True,0,0,0,True,0.0,210.0,270.0,0.0,0.0,0.0,1.0,0.0
2025-02-12 17:35:00+00:00,2025-02-12,2025-02-12:1,True,3,15,True,-0.7470588235294118,0.2853142809428023,-0.9625526155429307,True,0,0,0,True,-2.152333080274214,205.0,275.0,0.0,0.0,0.0,1.0,0.0
2025-02-12 17:40:00+00:00,2025-02-12,2025-02-12:1,True,3,20,True,-0.7851662404092071,0.21351586269378775,-1.302184338343715,True,0,0,0,True,-2.0798376426926914,200.0,280.0,0.0,0.0,0.0,1.0,0.0
2025-02-12 17:45:00+00:00,2025-02-12,2025-02-12:1,True,3,25,True,-0.6685714285714286,0.39188481046979823,-0.5341752940908866,True,0,0,0,True,0.0,195.0,285.0,0.0,0.0,0.0,1.0,0.0
2025-02-12 17:50:00+00:00,2025-02-12,2025-02-12:1,True,4,5,True,-0.6335078534031413,0.52620217057548,-0.18558690293365138,True,0,0,0,True,0.5153119465821406,190.0,290.0,0.0,0.0,0.0,0.0,1.0
2025-02-12 17:55:00+00:00,2025-02-12,2025-02-12:1,True,3,5,True,-0.590027700831025,0.2835882621386591,-0.7326460813490006,True,0,0,0,True,-0.8191232206737671,185.0,295.0,0.0,0.0,0.0,1.0,0.0
2025-02-12 18:00:00+00:00,2025-02-12,2025-02-12:1,True,4,5,True,-0.5902439024390244,0.5902439024390244,0.0,True,0,0,0,True,-0.8642875890051144,180.0,300.0,0.0,0.0,0.0,0.0,1.0
2025-02-12 18:05:00+00:00,2025-02-12,2025-02-12:1,True,4,10,True,-0.22324159021406728,0.22324159021406728,0.38787399867040406,True,1,0,0,True,1.399579376076134,175.0,305.0,0.0,0.0,0.0,0.0,1.0
2025-02-12 18:10:00+00:00,2025-02-12,2025-02-12:1,True,3,5,True,-0.4780058651026393,0.1501883715145556,-1.1577326861820483,True,0,1,1,True,1.3467806654404162,170.0,310.0,0.0,0.0,0.0,1.0,0.0
2025-02-12 18:15:00+00:00,2025-02-12,2025-02-12:1,True,0,5,True,-0.23615160349854228,0.23615160349854228,0.7889344601525864,True,0,0,1,True,1.7641110826932824,165.0,315.0,1.0,0.0,0.0,0.0,0.0
2025-02-12 18:20:00+00:00,2025-02-12,2025-02-12:1,True,0,10,True,-0.3126760563380282,0.3126760563380282,0.0,True,0,0,1,True,-0.874024519449224,160.0,320.0,1.0,0.0,0.0,0.0,0.0
2025-02-12 18:25:00+00:00,2025-02-12,2025-02-12:1,True,0,15,True,-0.28388746803069054,0.05884189033049358,-1.5737238984689812,True,0,0,1,True,0.48640187047608013,155.0,325.0,1.0,0.0,0.0,0.0,0.0
2025-02-12 18:30:00+00:00,2025-02-12,2025-02-12:1,True,0,20,True,-0.4402332361516035,0.4402332361516035,0.7648549526111814,True,0,0,1,True,0.39831548869519207,150.0,330.0,1.0,0.0,0.0,0.0,0.0
2025-02-12 18:35:00+00:00,2025-02-12,2025-02-12:1,True,0,25,True,-0.3333333333333333,0.3333333333333333,0.38242747630502044,True,0,0,1,True,1.710267666965862,145.0,335.0,1.0,0.0,0.0,0.0,0.0
2025-02-12 18:40:00+00:00,2025-02-12,2025-02-12:1,True,0,30,True,-0.1858974358974359,0.1858974358974359,0.7751922522552561,True,0,0,1,True,0.8666912858381903,140.0,340.0,1.0,0.0,0.0,0.0,0.0
2025-02-12 18:45:00+00:00,2025-02-12,2025-02-12:1,True,0,35,True,-0.4195804195804196,0.4195804195804196,0.8112852271012355,True,0,0,1,True,-0.9070444584724368,135.0,345.0,1.0,0.0,0.0,0.0,0.0
2025-02-12 18:50:00+00:00,2025-02-12,2025-02-12:1,True,0,40,True,-0.03816793893129771,0.017213199892764625,-0.7963193430979726,True,0,0,1,True,0.35915871094035484,130.0,350.0,1.0,0.0,0.0,0.0,0.0
2025-02-12 18:55:00+00:00,2025-02-12,2025-02-12:1,True,1,5,True,-0.0033444816053511705,0.0033444816053511705,0.8429037332105751,True,0,0,1,True,0.0,125.0,355.0,0.0,1.0,0.0,0.0,0.0
2025-02-12 19:00:00+00:00,2025-02-12,2025-02-12:1,True,0,5,True,0.2462686567164179,0.2462686567164179,-0.8489959335519637,True,0,0,1,True,-0.9492063100215428,120.0,360.0,1.0,0.0,0.0,0.0,0.0
2025-02-12 19:05:00+00:00,2025-02-12,2025-02-12:1,True,0,10,True,-0.06976744186046512,0.06976744186046512,0.42656578092752045,True,0,0,1,True,-0.5588208489651443,115.0,365.0,1.0,0.0,0.0,0.0,0.0
2025-02-12 19:10:00+00:00,2025-02-12,2025-02-12:1,True,1,5,True,0.2962962962962963,0.017535822890341612,2.827114143718269,True,0,0,1,True,0.8428825874000492,110.0,370.0,0.0,1.0,0.0,0.0,0.0
2025-02-12 19:15:00+00:00,2025-02-12,2025-02-12:1,True,1,10,True,-0.12234042553191489,0.12234042553191489,1.4731937169026852,True,0,0,1,True,-1.0773467863865112,105.0,375.0,0.0,1.0,0.0,0.0,0.0
2025-02-12 19:20:00+00:00,2025-02-12,2025-02-12:1,True,2,5,True,0.012987012987012988,0.011077553274887394,0.15902902376054878,True,0,0,1,True,0.711199415050054,100.0,380.0,0.0,0.0,1.0,0.0,0.0
2025-02-12 19:25:00+00:00,2025-02-12,2025-02-12:1,True,2,10,True,-0.055900621118012424,0.055900621118012424,0.3163450767262933,True,0,0,1,True,0.0,95.0,385.0,0.0,0.0,1.0,0.0,0.0
2025-02-12 19:30:00+00:00,2025-02-12,2025-02-12:1,True,2,15,True,0.06832298136645963,0.06832298136645963,-0.4897688363142991,True,0,0,1,True,-0.4129081683419361,90.0,390.0,0.0,0.0,1.0,0.0,0.0
2025-02-12 19:35:00+00:00,2025-02-12,2025-02-12:1,True,1,5,True,0.20915032679738563,0.09189676338445961,0.8223874505330829,True,0,0,1,True,0.7355656972938878,85.0,395.0,0.0,1.0,0.0,0.0,0.0
2025-02-12 19:40:00+00:00,2025-02-12,2025-02-12:1,True,0,5,True,-0.016286644951140065,0.00374855598125651,-1.4689747496707835,True,0,0,1,True,-1.45987884333209,80.0,400.0,1.0,0.0,0.0,0.0,0.0
2025-02-12 19:45:00+00:00,2025-02-12,2025-02-12:1,True,0,10,True,0.3667711598746082,0.26546805532348683,0.32324359648421147,True,0,0,1,True,0.34610813407820173,75.0,405.0,1.0,0.0,0.0,0.0,0.0
2025-02-12 19:50:00+00:00,2025-02-12,2025-02-12:1,True,0,15,True,0.12181303116147309,0.12181303116147309,0.0,True,0,0,1,True,-0.729939421667101,70.0,410.0,1.0,0.0,0.0,0.0,0.0
2025-02-12 19:55:00+00:00,2025-02-12,2025-02-12:1,True,0,20,True,0.1111111111111111,0.08049837400676062,0.322293716099177,True,0,0,1,True,-0.7206706579167299,65.0,415.0,1.0,0.0,0.0,0.0,0.0
2025-02-12 20:00:00+00:00,2025-02-12,2025-02-12:1,True,0,25,True,-0.2585669781931464,0.18820952754495987,-0.3175989132041131,True,0,0,1,True,0.3223832996867679,60.0,420.0,1.0,0.0,0.0,0.0,0.0
2025-02-12 20:05:00+00:00,2025-02-12,2025-02-12:1,True,0,30,True,0.22911051212938005,0.22911051212938005,0.0,True,0,0,1,True,0.0,55.0,425.0,1.0,0.0,0.0,0.0,0.0
2025-02-12 20:10:00+00:00,2025-02-12,2025-02-12:1,True,0,35,True,0.3597733711048159,0.17715717515959248,0.7084369747162014,True,0,0,1,True,0.40508826679130455,50.0,430.0,1.0,0.0,0.0,0.0,0.0
2025-02-12 20:15:00+00:00,2025-02-12,2025-02-12:1,True,0,40,True,0.44755244755244755,0.1939253408794295,0.8363204879164918,True,0,0,1,True,-0.5448911310264245,45.0,435.0,1.0,0.0,0.0,0.0,0.0
2025-02-12 20:20:00+00:00,2025-02-12,2025-02-12:1,True,1,5,True,0.553133514986376,0.15824857415533863,1.2514323590625085,True,0,0,1,True,-0.9327626080346809,40.0,440.0,0.0,1.0,0.0,0.0,0.0
2025-02-12 20:25:00+00:00,2025-02-12,2025-02-12:1,True,1,10,True,0.7884130982367759,0.5026643472938547,0.4500995430828474,True,0,0,1,True,0.5947421002134942,35.0,445.0,0.0,1.0,0.0,0.0,0.0
2025-02-12 20:30:00+00:00,2025-02-12,2025-02-12:1,True,1,15,True,0.6931216931216931,0.29451208160094877,0.8558855607615903,True,0,0,1,True,0.36518577042297135,30.0,450.0,0.0,1.0,0.0,0.0,0.0
2025-02-12 20:35:00+00:00,2025-02-12,2025-02-12:1,True,1,20,True,0.8271604938271605,0.23795134156015596,1.2459325381576083,True,0,0,1,True,0.0,25.0,455.0,0.0,1.0,0.0,0.0,0.0
2025-02-12 20:40:00+00:00,2025-02-12,2025-02-12:1,True,2,5,True,0.6566757493188011,0.6566757493188011,0.0,True,0,0,1,True,0.0,20.0,460.0,0.0,0.0,1.0,0.0,0.0
2025-02-12 20:45:00+00:00,2025-02-12,2025-02-12:1,True,2,10,True,0.6153846153846154,0.6153846153846154,0.0,True,0,0,1,True,0.0,15.0,465.0,0.0,0.0,1.0,0.0,0.0
2025-02-12 20:50:00+00:00,2025-02-12,2025-02-12:1,True,1,5,True,0.4222222222222222,0.1715456340912254,0.9006824491719119,True,0,0,1,True,1.006993591244697,10.0,470.0,0.0,1.0,0.0,0.0,0.0
2025-02-12 20:55:00+00:00,2025-02-12,2025-02-12:1,True,1,10,True,0.5424528301886793,0.33800495676272985,0.473040572319395,True,0,0,1,True,0.0,5.0,475.0,0.0,1.0,0.0,0.0,0.0
2025-02-12 21:00:00+00:00,2025-02-12,2025-02-12:1,True,1,15,True,0.3614457831325301,0.04869156407825357,2.004606259976303,True,0,0,1,True,0.4985489257067216,0.0,480.0,0.0,1.0,0.0,0.0,0.0
2025-02-13 13:00:00+00:00,2025-02-13,2025-02-13:1,False,-1,0,False,,,,False,0,0,0,False,,480.0,0.0,,,,,
2025-02-13 13:05:00+00:00,2025-02-13,2025-02-13:1,False,-1,0,True,0.16847826086956522,,,False,0,0,0,False,,475.0,5.0,,,,,
2025-02-13 13:10:00+00:00,2025-02-13,2025-02-13:1,False,-1,0,True,0.48264984227129337,,,False,0,0,0,False,,470.0,10.0,,,,,
2025-02-13 13:15:00+00:00,2025-02-13,2025-02-13:1,False,-1,0,True,0.304635761589404,,,False,0,0,0,False,,465.0,15.0,,,,,
2025-02-13 13:20:00+00:00,2025-02-13,2025-02-13:1,False,-1,0,True,0.05454545454545454,,,False,0,0,0,False,,460.0,20.0,,,,,
2025-02-13 13:25:00+00:00,2025-02-13,2025-02-13:1,False,-1,0,True,0.16049382716049382,,,False,0,0,0,False,,455.0,25.0,,,,,
2025-02-13 13:30:00+00:00,2025-02-13,2025-02-13:1,False,-1,0,True,0.2544987146529563,,,False,0,0,0,False,,450.0,30.0,,,,,
2025-02-13 13:35:00+00:00,2025-02-13,2025-02-13:1,False,-1,0,True,0.44047619047619047,,,False,0,0,0,False,,445.0,35.0,,,,,
2025-02-13 13:40:00+00:00,2025-02-13,2025-02-13:1,False,-1,0,True,0.4012345679012346,,,False,0,0,0,False,,440.0,40.0,,,,,
2025-02-13 13:45:00+00:00,2025-02-13,2025-02-13:1,False,-1,0,True,0.23717948717948717,,,False,0,0,0,False,,435.0,45.0,,,,,
2025-02-13 13:50:00+00:00,2025-02-13,2025-02-13:1,False,-1,0,True,0.05263157894736842,,,False,0,0,0,False,,430.0,50.0,,,,,
2025-02-13 13:55:00+00:00,2025-02-13,2025-02-13:1,False,-1,0,True,0.0763888888888889,,,False,0,0,0,False,,425.0,55.0,,,,,
2025-02-13 14:00:00+00:00,2025-02-13,2025-02-13:1,False,-1,0,True,0.4329896907216495,,,False,0,0,0,False,,420.0,60.0,,,,,
2025-02-13 14:05:00+00:00,2025-02-13,2025-02-13:1,True,0,5,True,0.2915129151291513,0.2915129151291513,0.0,True,0,0,0,False,,415.0,65.0,1.0,0.0,0.0,0.0,0.0
2025-02-13 14:10:00+00:00,2025-02-13,2025-02-13:1,True,0,10,True,0.05228758169934641,0.01478818103080014,1.262930616533529,True,0,0,0,False,,410.0,70.0,1.0,0.0,0.0,0.0,0.0
2025-02-13 14:15:00+00:00,2025-02-13,2025-02-13:1,True,0,15,True,0.47093023255813954,0.20137589701426287,0.8495366609069142,True,0,0,0,False,,405.0,75.0,1.0,0.0,0.0,0.0,0.0
2025-02-13 14:20:00+00:00,2025-02-13,2025-02-13:1,True,0,20,True,0.20408163265306123,0.20408163265306123,0.0,True,0,0,0,False,,400.0,80.0,1.0,0.0,0.0,0.0,0.0
2025-02-13 14:25:00+00:00,2025-02-13,2025-02-13:1,True,2,5,True,0.47572815533980584,0.47572815533980584,0.0,True,0,0,0,False,,395.0,85.0,0.0,0.0,1.0,0.0,0.0
2025-02-13 14:30:00+00:00,2025-02-13,2025-02-13:1,True,1,5,True,0.7458823529411764,0.29826861893587925,0.9165733976267534,True,0,0,0,False,,390.0,90.0,0.0,1.0,0.0,0.0,0.0
2025-02-13 14:35:00+00:00,2025-02-13,2025-02-13:1,True,2,5,True,0.4169278996865204,0.4169278996865204,0.0,True,0,0,0,False,,385.0,95.0,0.0,0.0,1.0,0.0,0.0
2025-02-13 14:40:00+00:00,2025-02-13,2025-02-13:1,True,1,5,True,0.023668639053254437,0.00817164793164225,1.0634803314274357,True,0,0,0,False,,380.0,100.0,0.0,1.0,0.0,0.0,0.0
2025-02-13 14:45:00+00:00,2025-02-13,2025-02-13:1,True,1,10,True,0.42249240121580545,0.14669840235587367,1.0577926668108317,True,0,0,0,False,,375.0,105.0,0.0,1.0,0.0,0.0,0.0
2025-02-13 14:50:00+00:00,2025-02-13,2025-02-13:1,True,2,5,True,0.37267080745341613,0.37267080745341613,-0.5710665432110115,True,0,0,0,False,,370.0,110.0,0.0,0.0,1.0,0.0,0.0
2025-02-13 14:55:00+00:00,2025-02-13,2025-02-13:1,True,1,5,True,0.40828402366863903,0.12480300675264068,1.1852265204419807,True,0,0,0,False,,365.0,115.0,0.0,1.0,0.0,0.0,0.0
2025-02-13 15:00:00+00:00,2025-02-13,2025-02-13:1,True,2,5,True,0.46875,0.46875,0.0,True,0,0,0,False,,360.0,120.0,0.0,0.0,1.0,0.0,0.0
2025-02-13 15:05:00+00:00,2025-02-13,2025-02-13:1,True,2,10,True,0.49029126213592233,0.49029126213592233,0.0,True,0,0,0,True,1.3374536303122733,355.0,125.0,0.0,0.0,1.0,0.0,0.0
2025-02-13 15:10:00+00:00,2025-02-13,2025-02-13:1,True,1,5,True,0.5017301038062284,0.04544185324745127,2.401628775214082,True,0,0,0,True,0.0,350.0,130.0,0.0,1.0,0.0,0.0,0.0
2025-02-13 15:15:00+00:00,2025-02-13,2025-02-13:1,True,0,5,True,0.16546762589928057,0.16546762589928057,-3.4231493144581155,True,0,0,0,True,-0.8112709334306205,345.0,135.0,1.0,0.0,0.0,0.0,0.0
2025-02-13 15:20:00+00:00,2025-02-13,2025-02-13:1,True,0,10,True,0.3643410852713178,0.3643410852713178,-0.24700899505888946,True,0,0,0,True,1.104657808011173,340.0,140.0,1.0,0.0,0.0,0.0,0.0
2025-02-13 15:25:00+00:00,2025-02-13,2025-02-13:1,True,0,15,True,0.08484848484848485,0.032992409727926546,0.9445896079309382,True,0,0,0,True,-1.0560832870852253,335.0,145.0,1.0,0.0,0.0,0.0,0.0
2025-02-13 15:30:00+00:00,2025-02-13,2025-02-13:1,True,3,5,True,0.45549738219895286,0.45549738219895286,-6.406518419614659,True,0,0,0,True,-12.823922622794846,330.0,150.0,0.0,0.0,0.0,1.0,0.0
2025-02-13 15:35:00+00:00,2025-02-13,2025-02-13:1,True,0,5,True,0.9008264462809917,0.1183849037069482,2.0293714037688657,True,0,0,0,True,1.0786827472094078,325.0,155.0,1.0,0.0,0.0,0.0,0.0
2025-02-13 15:40:00+00:00,2025-02-13,2025-02-13:1,True,0,10,True,0.9121447028423773,0.586226873748799,0.442091771666489,True,0,0,0,True,0.0,320.0,160.0,1.0,0.0,0.0,0.0,0.0
2025-02-13 15:45:00+00:00,2025-02-13,2025-02-13:1,True,0,15,True,0.8941176470588236,0.5751569158042308,0.4411944621595922,True,0,0,0,True,0.4932704043433544,315.0,165.0,1.0,0.0,0.0,0.0,0.0
2025-02-13 15:50:00+00:00,2025-02-13,2025-02-13:1,True,0,20,True,0.8207282913165266,0.4267779014122871,0.6539283655169814,True,0,0,0,True,-0.4874094259033049,310.0,170.0,1.0,0.0,0.0,0.0,0.0
2025-02-13 15:55:00+00:00,2025-02-13,2025-02-13:1,True,0,25,True,0.8421052631578947,0.5478710205944265,0.4298651266886706,True,0,0,0,True,0.4018477503062511,305.0,175.0,1.0,0.0,0.0,0.0,0.0
2025-02-13 16:00:00+00:00,2025-02-13,2025-02-13:1,True,1,5,True,0.6953316953316954,0.29444114934389987,0.8593098405088597,True,0,0,0,True,0.09560037978941173,300.0,180.0,0.0,1.0,0.0,0.0,0.0
2025-02-13 16:05:00+00:00,2025-02-13,2025-02-13:1,True,2,5,True,0.7704918032786885,0.7704918032786885,-0.10696494601925342,True,0,0,0,True,-0.7906433060047083,295.0,185.0,0.0,0.0,1.0,0.0,0.0
2025-02-13 16:10:00+00:00,2025-02-13,2025-02-13:1,True,1,5,True,0.7416020671834626,0.2588708934105974,1.0524833453355804,True,0,0,0,True,0.0,290.0,190.0,0.0,1.0,0.0,0.0,0.0
2025-02-13 16:15:00+00:00,2025-02-13,2025-02-13:1,True,1,10,True,0.6538461538461539,0.1868387938848662,1.252625904740632,True,0,0,0,True,1.4004783366886149,285.0,195.0,0.0,1.0,0.0,0.0,0.0
2025-02-13 16:20:00+00:00,2025-02-13,2025-02-13:1,True,2,5,True,0.8666666666666667,0.8666666666666667,-0.7182702836292749,True,0,0,0,True,0.008233634542944712,280.0,200.0,0.0,0.0,1.0,0.0,0.0
2025-02-13 16:25:00+00:00,2025-02-13,2025-02-13:1,True,2,10,True,0.7150997150997151,0.5817946759815812,0.20630439957144822,True,0,0,0,True,0.23088297331013277,275.0,205.0,0.0,0.0,1.0,0.0,0.0
2025-02-13 16:30:00+00:00,2025-02-13,2025-02-13:1,True,1,5,True,0.5748502994011976,0.1665283503586644,1.2389440906830127,True,0,0,0,True,0.689658785509636,270.0,210.0,0.0,1.0,0.0,0.0,0.0
2025-02-13 16:35:00+00:00,2025-02-13,2025-02-13:1,True,1,10,True,0.8307349665924276,0.16024226321057972,1.6456239957455738,True,0,0,0,True,-1.4611556545984232,265.0,215.0,0.0,1.0,0.0,0.0,0.0
2025-02-13 16:40:00+00:00,2025-02-13,2025-02-13:1,True,2,5,True,0.6434108527131783,0.6434108527131783,0.0,True,0,0,0,True,-0.7071567233959274,260.0,220.0,0.0,0.0,1.0,0.0,0.0
2025-02-13 16:45:00+00:00,2025-02-13,2025-02-13:1,True,2,10,True,0.4782608695652174,0.4782608695652174,-0.31625010085278105,True,0,0,0,True,-0.03270537411735734,255.0,225.0,0.0,0.0,1.0,0.0,0.0
2025-02-13 16:50:00+00:00,2025-02-13,2025-02-13:1,True,1,5,True,0.69,0.5038724848295001,0.314368367822102,True,0,0,0,True,0.0,250.0,230.0,0.0,1.0,0.0,0.0,0.0
2025-02-13 16:55:00+00:00,2025-02-13,2025-02-13:1,True,1,10,True,0.4217506631299735,0.08312854622220865,1.6240261343685045,True,0,0,0,True,0.022484171438238384,245.0,235.0,0.0,1.0,0.0,0.0,0.0
2025-02-13 17:00:00+00:00,2025-02-13,2025-02-13:1,True,1,15,True,0.3954983922829582,0.2857656205887481,0.3249747557670246,True,0,0,0,True,0.7233029876235173,240.0,240.0,0.0,1.0,0.0,0.0,0.0
2025-02-13 17:05:00+00:00,2025-02-13,2025-02-13:1,True,0,5,True,0.31750741839762614,0.31750741839762614,-0.9637753751579818,True,0,0,0,True,0.0,235.0,245.0,1.0,0.0,0.0,0.0,0.0
2025-02-13 17:10:00+00:00,2025-02-13,2025-02-13:1,True,1,5,True,0.07586206896551724,0.027333097007712023,1.0208184968604834,True,0,0,0,True,0.760873183891174,230.0,250.0,0.0,1.0,0.0,0.0,0.0
2025-02-13 17:15:00+00:00,2025-02-13,2025-02-13:1,True,0,5,True,0.15706806282722513,0.15706806282722513,-0.7213357077342116,True,0,0,0,True,-0.8064778385446629,225.0,255.0,1.0,0.0,0.0,0.0,0.0
2025-02-13 17:20:00+00:00,2025-02-13,2025-02-13:1,True,0,10,True,0.3046153846153846,0.3046153846153846,0.0,True,0,0,0,True,-0.9503913432013777,220.0,260.0,1.0,0.0,0.0,0.0,0.0
2025-02-13 17:25:00+00:00,2025-02-13,2025-02-13:1,True,0,15,True,-0.01935483870967742,0.01935483870967742,0.0,True,0,0,0,True,0.8827591188298632,215.0,265.0,1.0,0.0,0.0,0.0,0.0
2025-02-13 17:30:00+00:00,2025-02-13,2025-02-13:1,True,0,20,True,-0.14210526315789473,0.14210526315789473,0.0,True,0,0,0,True,0.0,210.0,270.0,1.0,0.0,0.0,0.0,0.0
2025-02-13 17:35:00+00:00,2025-02-13,2025-02-13:1,True,0,25,True,-0.36904761904761907,0.36904761904761907,0.0,True,0,0,0,True,-1.1333447166383304,205.0,275.0,1.0,0.0,0.0,0.0,0.0
2025-02-13 17:40:00+00:00,2025-02-13,2025-02-13:1,True,0,30,True,-0.34545454545454546,0.34545454545454546,0.5679359584026515,True,0,0,0,True,-0.3848299036505228,200.0,280.0,1.0,0.0,0.0,0.0,0.0
2025-02-13 17:45:00+00:00,2025-02-13,2025-02-13:1,True,0,35,True,-0.3474320241691843,0.3474320241691843,0.0,True,0,0,0,True,0.0,195.0,285.0,1.0,0.0,0.0,0.0,0.0
2025-02-13 17:50:00+00:00,2025-02-13,2025-02-13:1,True,0,40,True,0.06535947712418301,0.06535947712418301,0.0,True,0,0,0,True,2.3492270046783457,190.0,290.0,1.0,0.0,0.0,0.0,0.0
2025-02-13 17:55:00+00:00,2025-02-13,2025-02-13:1,True,0,45,True,-0.12857142857142856,0.12857142857142856,0.0,True,0,0,0,True,-1.0885376462736698,185.0,295.0,1.0,0.0,0.0,0.0,0.0
2025-02-13 18:00:00+00:00,2025-02-13,2025-02-13:1,True,0,50,True,0.507537688442211,0.507537688442211,-0.4580320054570495,True,0,0,0,True,-0.8507306207940042,180.0,300.0,1.0,0.0,0.0,0.0,0.0
2025-02-13 18:05:00+00:00,2025-02-13,2025-02-13:1,True,0,55,True,0.9094650205761317,0.9094650205761317,0.0,True,0,0,0,True,0.0,175.0,305.0,1.0,0.0,0.0,0.0,0.0
2025-02-13 18:10:00+00:00,2025-02-13,2025-02-13:1,True,1,5,True,0.8129496402877698,0.032764832823172406,3.211313394384369,True,0,0,0,True,0.1210850303409544,170.0,310.0,0.0,1.0,0.0,0.0,0.0
2025-02-13 18:15:00+00:00,2025-02-13,2025-02-13:1,True,1,10,True,0.7114427860696517,0.04599562189377606,2.738748785445677,True,0,0,0,True,1.7025953217305942,165.0,315.0,0.0,1.0,0.0,0.0,0.0
2025-02-13 18:20:00+00:00,2025-02-13,2025-02-13:1,True,1,15,True,0.6524064171122995,0.20428641975626327,1.1611446793157925,True,0,0,0,True,2.9673124967578244,160.0,320.0,0.0,1.0,0.0,0.0,0.0
2025-02-13 18:25:00+00:00,2025-02-13,2025-02-13:1,True,2,5,True,0.29337539432176657,0.29337539432176657,-2.779433691154239,True,0,0,0,True,-3.5523368754070237,155.0,325.0,0.0,0.0,1.0,0.0,0.0
2025-02-13 18:30:00+00:00,2025-02-13,2025-02-13:1,True,0,5,True,0.6512261580381471,0.6512261580381471,-1.0153189071522157,True,0,0,0,True,-3.405483142850534,150.0,330.0,1.0,0.0,0.0,0.0,0.0
2025-02-13 18:35:00+00:00,2025-02-13,2025-02-13:1,True,0,10,True,0.46511627906976744,0.46511627906976744,-0.665698099619093,True,0,0,0,True,0.0,145.0,335.0,1.0,0.0,0.0,0.0,0.0
2025-02-13 18:40:00+00:00,2025-02-13,2025-02-13:1,True,0,15,True,0.5555555555555556,0.5555555555555556,0.0,True,0,0,0,True,-0.3954233458914201,140.0,340.0,1.0,0.0,0.0,0.0,0.0
2025-02-13 18:45:00+00:00,2025-02-13,2025-02-13:1,True,4,5,True,0.7798594847775175,0.5020813577383024,0.44035158196592444,True,0,0,0,True,0.38618846001327517,135.0,345.0,0.0,0.0,0.0,0.0,1.0
2025-02-13 18:50:00+00:00,2025-02-13,2025-02-13:1,True,0,5,True,0.7291666666666666,0.14392408784293392,1.6226163367468383,True,0,0,0,True,0.48377072404864935,130.0,350.0,1.0,0.0,0.0,0.0,0.0
2025-02-13 18:55:00+00:00,2025-02-13,2025-02-13:1,True,0,10,True,0.7806788511749347,0.5078216732464549,0.4300335141580042,True,0,0,0,True,0.3415722355980907,125.0,355.0,1.0,0.0,0.0,0.0,0.0
2025-02-13 19:00:00+00:00,2025-02-13,2025-02-13:1,True,0,15,True,0.7584269662921348,0.7584269662921348,-0.681523150083846,True,0,0,0,True,-0.45870481977575017,120.0,360.0,1.0,0.0,0.0,0.0,0.0
2025-02-13 19:05:00+00:00,2025-02-13,2025-02-13:1,True,1,5,True,0.2833333333333333,0.20270315363747365,0.3348814493270128,True,0,0,0,True,-0.6475833752469111,115.0,365.0,0.0,1.0,0.0,0.0,0.0
2025-02-13 19:10:00+00:00,2025-02-13,2025-02-13:1,True,0,5,True,0.6074766355140186,0.6074766355140186,-0.9380823238554005,True,0,0,0,True,-0.6734401789942018,110.0,370.0,1.0,0.0,0.0,0.0,0.0
2025-02-13 19:15:00+00:00,2025-02-13,2025-02-13:1,True,0,10,True,0.6304347826086957,0.496432913106419,0.23896135774830143,True,0,0,0,True,-0.5343338399223667,105.0,375.0,1.0,0.0,0.0,0.0,0.0
2025-02-13 19:20:00+00:00,2025-02-13,2025-02-13:1,True,0,15,True,0.8025974025974026,0.11643033245762265,1.9305601321180428,True,0,0,0,True,1.0157326329573466,100.0,380.0,1.0,0.0,0.0,0.0,0.0
2025-02-13 19:25:00+00:00,2025-02-13,2025-02-13:1,True,0,20,True,0.6966580976863753,0.6159048448425745,0.12320227730016012,True,0,0,0,True,1.1019546681053152,95.0,385.0,1.0,0.0,0.0,0.0,0.0
2025-02-13 19:30:00+00:00,2025-02-13,2025-02-13:1,True,0,25,True,0.3542319749216301,0.3542319749216301,-0.7758854024447391,True,0,0,0,True,-0.7271762926157163,90.0,390.0,1.0,0.0,0.0,0.0,0.0
2025-02-13 19:35:00+00:00,2025-02-13,2025-02-13:1,True,1,5,True,0.45549738219895286,0.11472608693765754,1.3788425350663644,True,0,0,0,True,0.3425761820766844,85.0,395.0,0.0,1.0,0.0,0.0,0.0
2025-02-13 19:40:00+00:00,2025-02-13,2025-02-13:1,True,2,5,True,0.05501618122977346,0.05501618122977346,-0.44808642797745957,True,0,0,0,True,0.0,80.0,400.0,0.0,0.0,1.0,0.0,0.0
2025-02-13 19:45:00+00:00,2025-02-13,2025-02-13:1,True,2,10,True,-0.25675675675675674,0.19258777265794913,-0.2875771532761139,True,0,0,0,True,0.0,75.0,405.0,0.0,0.0,1.0,0.0,0.0
2025-02-13 19:50:00+00:00,2025-02-13,2025-02-13:1,True,0,5,True,-0.46301369863013697,0.14353629527221437,-1.1711687083778883,True,0,0,0,True,0.0,70.0,410.0,1.0,0.0,0.0,0.0,0.0
2025-02-13 19:55:00+00:00,2025-02-13,2025-02-13:1,True,0,10,True,-0.5668449197860963,0.48999957485681034,-0.1456812327744843,True,0,0,0,True,-1.1314972038042945,65.0,415.0,1.0,0.0,0.0,0.0,0.0
2025-02-13 20:00:00+00:00,2025-02-13,2025-02-13:1,True,0,15,True,-0.47003154574132494,0.47003154574132494,0.0,True,0,0,0,True,-0.9188141856053041,60.0,420.0,1.0,0.0,0.0,0.0,0.0
2025-02-13 20:05:00+00:00,2025-02-13,2025-02-13:1,True,3,5,True,-0.6507936507936508,0.4971247676073201,-0.26935158324049824,True,0,0,0,True,-0.40668424741107995,55.0,425.0,0.0,0.0,0.0,1.0,0.0
2025-02-13 20:10:00+00:00,2025-02-13,2025-02-13:1,True,3,10,True,-0.5826558265582655,0.10329888745670372,-1.729970057023906,True,0,0,0,True,0.38166101057649565,50.0,430.0,0.0,0.0,0.0,1.0,0.0
2025-02-13 20:15:00+00:00,2025-02-13,2025-02-13:1,True,3,15,True,-0.322884012539185,0.11165367982721879,-1.0618912280881045,True,0,0,0,True,-0.21864978709095914,45.0,435.0,0.0,0.0,0.0,1.0,0.0
2025-02-13 20:20:00+00:00,2025-02-13,2025-02-13:1,True,4,5,True,-0.3501259445843829,0.3501259445843829,0.5700581485944757,True,0,0,0,True,0.8671111567715644,40.0,440.0,0.0,0.0,0.0,0.0,1.0
2025-02-13 20:25:00+00:00,2025-02-13,2025-02-13:1,True,3,5,True,-0.10294117647058823,0.016783346477320608,-1.813770609208052,True,0,0,0,True,-0.623956058121291,35.0,445.0,0.0,0.0,0.0,1.0,0.0
2025-02-13 20:30:00+00:00,2025-02-13,2025-02-13:1,True,4,5,True,0.14583333333333334,0.06255745174559467,0.8463790546889508,True,0,0,0,True,-0.6308537003400307,30.0,450.0,0.0,0.0,0.0,0.0,1.0
2025-02-13 20:35:00+00:00,2025-02-13,2025-02-13:1,True,4,10,True,-0.14006514657980457,0.14006514657980457,0.28913919833724955,True,0,0,0,True,-0.6465349024400465,25.0,455.0,0.0,0.0,0.0,0.0,1.0
2025-02-13 20:40:00+00:00,2025-02-13,2025-02-13:1,True,0,5,True,-0.3025936599423631,0.3025936599423631,0.5780736540718329,True,0,0,0,True,-0.37847215457239275,20.0,460.0,1.0,0.0,0.0,0.0,0.0
2025-02-13 20:45:00+00:00,2025-02-13,2025-02-13:1,True,0,10,True,-0.08882521489971347,0.06581347298222331,-0.2998459873246063,True,0,0,0,True,0.0,15.0,465.0,1.0,0.0,0.0,0.0,0.0
2025-02-13 20:50:00+00:00,2025-02-13,2025-02-13:1,True,0,15,True,-0.1048951048951049,0.07753169667595333,-0.30227400771135265,True,0,0,0,True,-0.4204671374417696,10.0,470.0,1.0,0.0,0.0,0.0,0.0
2025-02-13 20:55:00+00:00,2025-02-13,2025-02-13:1,True,1,5,True,-0.012244897959183673,0.012244897959183673,0.7277628928508455,True,0,0,0,True,0.1555856975111992,5.0,475.0,0.0,1.0,0.0,0.0,0.0
2025-02-13 21:00:00+00:00,2025-02-13,2025-02-13:1,True,0,5,True,-0.28735632183908044,0.28735632183908044,0.15208201924336065,True,0,0,0,True,-0.9204738694489295,0.0,480.0,1.0,0.0,0.0,0.0,0.0
2025-02-14 13:00:00+00:00,2025-02-14,2025-02-14:1,False,-1,0,False,,,,False,0,0,0,False,,480.0,0.0,,,,,
2025-02-14 13:05:00+00:00,2025-02-14,2025-02-14:1,False,-1,0,True,0.06432748538011696,,,False,0,0,0,False,,475.0,5.0,,,,,
2025-02-14 13:10:00+00:00,2025-02-14,2025-02-14:1,False,-1,0,True,0.11475409836065574,,,False,0,0,0,False,,470.0,10.0,,,,,
2025-02-14 13:15:00+00:00,2025-02-14,2025-02-14:1,False,-1,0,True,0.10465116279069768,,,False,0,0,0,False,,465.0,15.0,,,,,
2025-02-14 13:20:00+00:00,2025-02-14,2025-02-14:1,False,-1,0,True,-0.49854227405247814,,,False,0,0,0,False,,460.0,20.0,,,,,
2025-02-14 13:25:00+00:00,2025-02-14,2025-02-14:1,False,-1,0,True,-0.7158176943699732,,,False,0,0,0,False,,455.0,25.0,,,,,
2025-02-14 13:30:00+00:00,2025-02-14,2025-02-14:1,False,-1,0,True,-0.6816143497757847,,,False,0,0,0,False,,450.0,30.0,,,,,
2025-02-14 13:35:00+00:00,2025-02-14,2025-02-14:1,False,-1,0,True,-0.5789473684210527,,,False,0,0,0,False,,445.0,35.0,,,,,
2025-02-14 13:40:00+00:00,2025-02-14,2025-02-14:1,False,-1,0,True,-0.44808743169398907,,,False,0,0,0,False,,440.0,40.0,,,,,
2025-02-14 13:45:00+00:00,2025-02-14,2025-02-14:1,False,-1,0,True,-0.39941690962099125,,,False,0,0,0,False,,435.0,45.0,,,,,
2025-02-14 13:50:00+00:00,2025-02-14,2025-02-14:1,False,-1,0,True,-0.5577889447236181,,,False,0,0,0,False,,430.0,50.0,,,,,
2025-02-14 13:55:00+00:00,2025-02-14,2025-02-14:1,False,-1,0,True,-0.5256064690026954,,,False,0,0,0,False,,425.0,55.0,,,,,
2025-02-14 14:00:00+00:00,2025-02-14,2025-02-14:1,False,-1,0,True,-0.329073482428115,,,False,0,0,0,False,,420.0,60.0,,,,,
2025-02-14 14:05:00+00:00,2025-02-14,2025-02-14:1,True,4,5,True,-0.46875,0.46875,0.0,True,0,0,0,False,,415.0,65.0,0.0,0.0,0.0,0.0,1.0
2025-02-14 14:10:00+00:00,2025-02-14,2025-02-14:1,True,3,5,True,-0.5333333333333333,0.35475445525882127,-0.40772074472935016,True,0,0,0,False,,410.0,70.0,0.0,0.0,0.0,1.0,0.0
2025-02-14 14:15:00+00:00,2025-02-14,2025-02-14:1,True,3,10,True,-0.2774566473988439,0.18597634533185117,-0.40004520540176325,True,0,0,0,False,,405.0,75.0,0.0,0.0,0.0,1.0,0.0
2025-02-14 14:20:00+00:00,2025-02-14,2025-02-14:1,True,3,15,True,-0.45549738219895286,0.13590052429227223,-1.2094667905134866,True,0,0,0,False,,400.0,80.0,0.0,0.0,0.0,1.0,0.0
2025-02-14 14:25:00+00:00,2025-02-14,2025-02-14:1,True,3,20,True,-0.6568047337278107,0.08929015858503737,-1.9954954897766826,True,0,0,0,False,,395.0,85.0,0.0,0.0,0.0,1.0,0.0
2025-02-14 14:30:00+00:00,2025-02-14,2025-02-14:1,True,4,5,True,-0.5014492753623189,0.5014492753623189,0.38974188147762556,True,1,0,0,False,,390.0,90.0,0.0,0.0,0.0,0.0,1.0
2025-02-14 14:35:00+00:00,2025-02-14,2025-02-14:1,True,3,5,True,-0.5930232558139535,0.39126217772052185,-0.4158557489186969,True,1,0,0,False,,385.0,95.0,0.0,0.0,0.0,1.0,0.0
2025-02-14 14:40:00+00:00,2025-02-14,2025-02-14:1,True,4,5,True,-0.5652173913043478,0.4616739254337724,-0.20235156772355944,True,1,0,0,False,,380.0,100.0,0.0,0.0,0.0,0.0,1.0
2025-02-14 14:45:00+00:00,2025-02-14,2025-02-14:1,True,4,10,True,-0.5771144278606966,0.5771144278606966,0.2215510292662497,True,1,0,0,False,,375.0,105.0,0.0,0.0,0.0,0.0,1.0
2025-02-14 14:50:00+00:00,2025-02-14,2025-02-14:1,True,0,5,True,-0.34844192634560905,0.34844192634560905,0.45066407302251005,True,1,0,0,False,,370.0,110.0,1.0,0.0,0.0,0.0,0.0
2025-02-14 14:55:00+00:00,2025-02-14,2025-02-14:1,True,1,5,True,-0.13194444444444445,0.13194444444444445,1.5699110264150065,True,0,0,0,False,,365.0,115.0,0.0,1.0,0.0,0.0,0.0
2025-02-14 15:00:00+00:00,2025-02-14,2025-02-14:1,True,0,5,True,-0.2679738562091503,0.18001322227211816,-0.3978591190343141,True,0,0,0,False,,360.0,120.0,1.0,0.0,0.0,0.0,0.0
2025-02-14 15:05:00+00:00,2025-02-14,2025-02-14:1,True,0,10,True,-0.1928020565552699,0.1928020565552699,0.0,True,0,0,0,True,1.002698816491012,355.0,125.0,1.0,0.0,0.0,0.0,0.0
2025-02-14 15:10:00+00:00,2025-02-14,2025-02-14:1,True,1,5,True,-0.5496688741721855,0.5496688741721855,2.119202474242406,True,0,0,0,True,-1.574565115280169,350.0,130.0,0.0,1.0,0.0,0.0,0.0
2025-02-14 15:15:00+00:00,2025-02-14,2025-02-14:1,True,1,10,True,-0.45977011494252873,0.45977011494252873,0.5868648268658401,True,0,0,0,True,0.18203819013486935,345.0,135.0,0.0,1.0,0.0,0.0,0.0
2025-02-14 15:20:00+00:00,2025-02-14,2025-02-14:1,True,2,5,True,-0.3865814696485623,0.24928060248069256,-0.4387634544758677,True,0,0,0,True,-0.3270349700835582,340.0,140.0,0.0,0.0,1.0,0.0,0.0
2025-02-14 15:25:00+00:00,2025-02-14,2025-02-14:1,True,0,5,True,-0.22522522522522523,0.16751442573758404,-0.2960314311748527,True,0,0,0,True,-0.2012500668785774,335.0,145.0,1.0,0.0,0.0,0.0,0.0
2025-02-14 15:30:00+00:00,2025-02-14,2025-02-14:1,True,0,10,True,-0.43577981651376146,0.3224146563228384,-0.301298638135961,True,0,0,0,True,-1.5526146762991246,330.0,150.0,1.0,0.0,0.0,0.0,0.0
2025-02-14 15:35:00+00:00,2025-02-14,2025-02-14:1,True,1,5,True,-0.27526132404181186,0.27526132404181186,0.43294263974978103,True,0,0,0,True,0.0,325.0,155.0,0.0,1.0,0.0,0.0,0.0
2025-02-14 15:40:00+00:00,2025-02-14,2025-02-14:1,True,0,5,True,-0.17647058823529413,0.17647058823529413,0.0,True,0,0,0,True,0.0,320.0,160.0,1.0,0.0,0.0,0.0,0.0
2025-02-14 15:45:00+00:00,2025-02-14,2025-02-14:1,True,3,5,True,-0.37373737373737376,0.038309940640767204,-2.27784393222528,True,0,0,0,True,-0.10207387219210222,315.0,165.0,0.0,0.0,0.0,1.0,0.0
2025-02-14 15:50:00+00:00,2025-02-14,2025-02-14:1,True,4,5,True,-0.07641196013289037,0.07641196013289037,0.0,True,0,0,0,True,-0.5526921980011031,310.0,170.0,0.0,0.0,0.0,0.0,1.0
2025-02-14 15:55:00+00:00,2025-02-14,2025-02-14:1,True,0,5,True,-0.5481927710843374,0.5481927710843374,0.7366360622821246,True,0,0,0,True,-0.41231414541691375,305.0,175.0,1.0,0.0,0.0,0.0,0.0
2025-02-14 16:00:00+00:00,2025-02-14,2025-02-14:1,True,3,5,True,-0.4563106796116505,0.13394667932932253,-1.225732087153827,True,0,0,0,True,-0.4049780676744511,300.0,180.0,0.0,0.0,0.0,1.0,0.0
2025-02-14 16:05:00+00:00,2025-02-14,2025-02-14:1,True,3,10,True,-0.4880382775119617,0.17487177931143558,-1.0263408245752665,True,0,0,0,True,-0.741676659267631,295.0,185.0,0.0,0.0,0.0,1.0,0.0
2025-02-14 16:10:00+00:00,2025-02-14,2025-02-14:1,True,3,15,True,-0.47904191616766467,0.21084359044440046,-0.8206715201599146,True,0,0,0,True,0.739181874705797,290.0,190.0,0.0,0.0,0.0,1.0,0.0
2025-02-14 16:15:00+00:00,2025-02-14,2025-02-14:1,True,4,5,True,-0.254320987654321,0.254320987654321,0.0,True,0,0,0,True,0.9640952564381929,285.0,195.0,0.0,0.0,0.0,0.0,1.0
2025-02-14 16:20:00+00:00,2025-02-14,2025-02-14:1,True,3,5,True,-0.5126050420168067,0.3419727238540199,-0.40477467097470526,True,0,0,0,True,-1.2068049064921644,280.0,200.0,0.0,0.0,0.0,1.0,0.0
2025-02-14 16:25:00+00:00,2025-02-14,2025-02-14:1,True,4,5,True,-0.6157894736842106,0.6157894736842106,0.5201085876763495,True,1,0,0,True,0.5814990788620371,275.0,205.0,0.0,0.0,0.0,0.0,1.0
2025-02-14 16:30:00+00:00,2025-02-14,2025-02-14:1,True,3,5,True,-0.6834170854271356,0.06290541297096967,-2.3854731232178006,True,0,1,1,True,-0.5614821117904155,270.0,210.0,0.0,0.0,0.0,1.0,0.0
2025-02-14 16:35:00+00:00,2025-02-14,2025-02-14:1,True,4,5,True,-0.689119170984456,0.689119170984456,0.5093774654642184,True,1,0,1,True,-0.5889897541688519,265.0,215.0,0.0,0.0,0.0,0.0,1.0
2025-02-14 16:40:00+00:00,2025-02-14,2025-02-14:1,True,3,5,True,-0.6054794520547945,0.4125686640578639,-0.3836179766732176,True,1,0,1,True,-0.5718639154878913,260.0,220.0,0.0,0.0,0.0,1.0,0.0
2025-02-14 16:45:00+00:00,2025-02-14,2025-02-14:1,True,3,10,True,-0.6559139784946236,0.2615797202045184,-0.9192905555781278,True,0,1,2,True,0.18385956133495737,255.0,225.0,0.0,0.0,0.0,1.0,0.0
2025-02-14 16:50:00+00:00,2025-02-14,2025-02-14:1,True,3,15,True,-0.8056265984654731,0.27392248623495563,-1.0787751884099421,True,0,0,2,True,0.0,250.0,230.0,0.0,0.0,0.0,1.0,0.0
2025-02-14 16:55:00+00:00,2025-02-14,2025-02-14:1,True,4,5,True,-0.7194805194805195,0.6268336989160815,-0.13784817841796626,True,0,0,2,True,0.25544676630963703,245.0,235.0,0.0,0.0,0.0,0.0,1.0
2025-02-14 17:00:00+00:00,2025-02-14,2025-02-14:1,True,4,10,True,-0.6330275229357798,0.6330275229357798,0.13888646709141866,True,1,0,2,True,-1.109193523615863,240.0,240.0,0.0,0.0,0.0,0.0,1.0
2025-02-14 17:05:00+00:00,2025-02-14,2025-02-14:1,True,4,15,True,-0.6684210526315789,0.6684210526315789,0.1351335318095564,True,1,0,2,True,0.6043355263324555,235.0,245.0,0.0,0.0,0.0,0.0,1.0
2025-02-14 17:10:00+00:00,2025-02-14,2025-02-14:1,True,3,5,True,-0.5258358662613982,0.2249083335155894,-0.8492962101201197,True,0,1,3,True,-0.3165140098099556,230.0,250.0,0.0,0.0,0.0,1.0,0.0
2025-02-14 17:15:00+00:00,2025-02-14,2025-02-14:1,True,4,5,True,-0.686046511627907,0.686046511627907,0.0,True,0,0,3,True,0.32814224508389217,225.0,255.0,0.0,0.0,0.0,0.0,1.0
2025-02-14 17:20:00+00:00,2025-02-14,2025-02-14:1,True,0,5,True,-0.7121588089330024,0.7121588089330024,0.4475578951771153,True,0,0,3,True,-0.35712340413876054,220.0,260.0,1.0,0.0,0.0,0.0,0.0
2025-02-14 17:25:00+00:00,2025-02-14,2025-02-14:1,True,0,10,True,-0.7637362637362637,0.7637362637362637,0.0,True,0,0,3,True,-0.7093773162700083,215.0,265.0,1.0,0.0,0.0,0.0,0.0
2025-02-14 17:30:00+00:00,2025-02-14,2025-02-14:1,True,0,15,True,-0.6910112359550562,0.49445406349585375,-0.3347018321663573,True,0,0,3,True,0.0,210.0,270.0,1.0,0.0,0.0,0.0,0.0
2025-02-14 17:35:00+00:00,2025-02-14,2025-02-14:1,True,0,20,True,-0.5511363636363636,0.39193485777274295,-0.34088661561735645,True,0,0,3,True,-0.556227390999259,205.0,275.0,1.0,0.0,0.0,0.0,0.0
2025-02-14 17:40:00+00:00,2025-02-14,2025-02-14:1,True,0,25,True,-0.6557377049180327,0.39238577338773695,-0.5135153972717298,True,0,0,3,True,0.0,200.0,280.0,1.0,0.0,0.0,0.0,0.0
2025-02-14 17:45:00+00:00,2025-02-14,2025-02-14:1,True,3,5,True,-0.5217391304347826,0.15034596229204666,-1.2442286591575065,True,0,0,3,True,0.0,195.0,285.0,0.0,0.0,0.0,1.0,0.0
2025-02-14 17:50:00+00:00,2025-02-14,2025-02-14:1,True,4,5,True,-0.37752161383285304,0.37752161383285304,0.4275696768321724,True,1,0,3,True,0.0,190.0,290.0,0.0,0.0,0.0,0.0,1.0
2025-02-14 17:55:00+00:00,2025-02-14,2025-02-14:1,True,3,5,True,-0.14376996805111822,0.09246993747591271,-0.44133098677835736,True,1,0,3,True,0.6980852209112751,185.0,295.0,0.0,0.0,0.0,1.0,0.0
2025-02-14 18:00:00+00:00,2025-02-14,2025-02-14:1,True,4,5,True,-0.6118721461187214,0.6118721461187214,0.0,True,1,0,3,True,-0.7626791228966311,180.0,300.0,0.0,0.0,0.0,0.0,1.0
2025-02-14 18:05:00+00:00,2025-02-14,2025-02-14:1,True,3,5,True,-0.13993174061433447,0.019805387583174714,-1.9552007358210834,True,0,1,4,True,-2.8491877802679535,175.0,305.0,0.0,0.0,0.0,1.0,0.0
2025-02-14 18:10:00+00:00,2025-02-14,2025-02-14:1,True,4,5,True,-0.10759493670886076,0.08215750714946336,-0.2697353662649358,True,0,0,4,True,-0.40245832504783585,170.0,310.0,0.0,0.0,0.0,0.0,1.0
2025-02-14 18:15:00+00:00,2025-02-14,2025-02-14:1,True,0,5,True,-0.22968197879858657,0.22968197879858657,1.0439131619803297,True,0,0,4,True,0.41115284783579276,165.0,315.0,1.0,0.0,0.0,0.0,0.0
2025-02-14 18:20:00+00:00,2025-02-14,2025-02-14:1,True,3,5,True,0.27759197324414714,0.27759197324414714,-1.029360396886088,True,0,0,4,True,-1.1508599103900925,160.0,320.0,0.0,0.0,0.0,1.0,0.0
2025-02-14 18:25:00+00:00,2025-02-14,2025-02-14:1,True,4,5,True,0.40217391304347827,0.40217391304347827,0.0,True,0,0,4,True,0.7650020564767761,155.0,325.0,0.0,0.0,0.0,0.0,1.0
2025-02-14 18:30:00+00:00,2025-02-14,2025-02-14:1,True,0,5,True,0.5958549222797928,0.35613754550046567,0.5146801984423782,True,0,0,4,True,0.0,150.0,330.0,1.0,0.0,0.0,0.0,0.0
2025-02-14 18:35:00+00:00,2025-02-14,2025-02-14:1,True,0,10,True,0.25316455696202533,0.05667906566533593,1.4966347697625957,True,0,0,4,True,0.0,145.0,335.0,1.0,0.0,0.0,0.0,0.0
2025-02-14 18:40:00+00:00,2025-02-14,2025-02-14:1,True,1,5,True,0.43661971830985913,0.2665254663416682,0.4935928088801703,True,0,0,4,True,0.0,140.0,340.0,0.0,1.0,0.0,0.0,0.0
2025-02-14 18:45:00+00:00,2025-02-14,2025-02-14:1,True,0,5,True,0.39751552795031053,0.39751552795031053,-0.48832789121385173,True,0,0,4,True,1.0919343600601912,135.0,345.0,1.0,0.0,0.0,0.0,0.0
2025-02-14 18:50:00+00:00,2025-02-14,2025-02-14:1,True,1,5,True,0.5365079365079365,0.2806670069916527,0.647912416946763,True,0,0,4,True,-0.5660460712483353,130.0,350.0,0.0,1.0,0.0,0.0,0.0
2025-02-14 18:55:00+00:00,2025-02-14,2025-02-14:1,True,2,5,True,0.1971326164874552,0.1971326164874552,0.0,True,0,0,4,True,0.0,125.0,355.0,0.0,0.0,1.0,0.0,0.0
2025-02-14 19:00:00+00:00,2025-02-14,2025-02-14:1,True,0,5,True,0.4327485380116959,0.4327485380116959,-0.6149290983336073,True,0,0,4,True,-1.3750232652165986,120.0,360.0,1.0,0.0,0.0,0.0,0.0
2025-02-14 19:05:00+00:00,2025-02-14,2025-02-14:1,True,0,10,True,0.30919220055710306,0.30919220055710306,-0.19145117252153043,True,0,0,4,True,0.8561956722603637,115.0,365.0,1.0,0.0,0.0,0.0,0.0
2025-02-14 19:10:00+00:00,2025-02-14,2025-02-14:1,True,0,15,True,0.19760479041916168,0.19760479041916168,-0.35216493936052606,True,0,0,4,True,-0.34000282997864817,110.0,370.0,1.0,0.0,0.0,0.0,0.0
2025-02-14 19:15:00+00:00,2025-02-14,2025-02-14:1,True,0,20,True,0.26380368098159507,0.26380368098159507,-0.4794477342429,True,0,0,4,True,-0.48618088148303923,105.0,375.0,1.0,0.0,0.0,0.0,0.0
2025-02-14 19:20:00+00:00,2025-02-14,2025-02-14:1,True,0,25,True,-0.37244897959183676,0.27201664396996483,-0.31423680541006344,True,0,0,4,True,-0.19525508505290473,100.0,380.0,1.0,0.0,0.0,0.0,0.0
2025-02-14 19:25:00+00:00,2025-02-14,2025-02-14:1,True,3,5,True,-0.25,0.09815438835266277,-0.9349192874651703,True,0,0,4,True,-0.6968476934172496,95.0,385.0,0.0,0.0,0.0,1.0,0.0
2025-02-14 19:30:00+00:00,2025-02-14,2025-02-14:1,True,0,5,True,-0.17406143344709898,0.17406143344709898,1.2496484203662983,True,0,0,4,True,2.158146600396916,90.0,390.0,1.0,0.0,0.0,0.0,0.0
2025-02-14 19:35:00+00:00,2025-02-14,2025-02-14:1,True,0,10,True,-0.5850144092219021,0.5850144092219021,0.0,True,0,0,4,True,-0.1768595034772574,85.0,395.0,1.0,0.0,0.0,0.0,0.0
2025-02-14 19:40:00+00:00,2025-02-14,2025-02-14:1,True,0,15,True,-0.45741324921135645,0.13600784142045305,-1.2128747059481775,True,0,0,4,True,-0.30134114340983115,80.0,400.0,1.0,0.0,0.0,0.0,0.0
2025-02-14 19:45:00+00:00,2025-02-14,2025-02-14:1,True,0,20,True,-0.37209302325581395,0.21987638884465358,-0.5260783659714078,True,0,0,4,True,0.0,75.0,405.0,1.0,0.0,0.0,0.0,0.0
2025-02-14 19:50:00+00:00,2025-02-14,2025-02-14:1,True,3,5,True,-0.18831168831168832,0.12510109327812155,-0.40897634988671794,True,0,0,4,True,0.3889222658919195,70.0,410.0,0.0,0.0,0.0,1.0,0.0
2025-02-14 19:55:00+00:00,2025-02-14,2025-02-14:1,True,0,5,True,-0.3649025069637883,0.27719730367408274,-0.2749006734320425,True,0,0,4,True,-0.07949791380180135,65.0,415.0,1.0,0.0,0.0,0.0,0.0
2025-02-14 20:00:00+00:00,2025-02-14,2025-02-14:1,True,4,5,True,-0.48333333333333334,0.48333333333333334,0.5457317243328467,True,1,0,4,True,0.2245270640271154,60.0,420.0,0.0,0.0,0.0,0.0,1.0
2025-02-14 20:05:00+00:00,2025-02-14,2025-02-14:1,True,3,5,True,-0.45394736842105265,0.14977105579599834,-1.1088734293045188,True,0,1,5,True,-0.6198790915916125,55.0,425.0,0.0,0.0,0.0,1.0,0.0
2025-02-14 20:10:00+00:00,2025-02-14,2025-02-14:1,True,0,5,True,-0.5389221556886228,0.5389221556886228,0.4482347530253087,True,0,0,5,True,0.33409445921413994,50.0,430.0,1.0,0.0,0.0,0.0,0.0
2025-02-14 20:15:00+00:00,2025-02-14,2025-02-14:1,True,0,10,True,-0.32439678284182305,0.32439678284182305,0.32671555716594053,True,0,0,5,True,-0.6270150616834199,45.0,435.0,1.0,0.0,0.0,0.0,0.0
2025-02-14 20:20:00+00:00,2025-02-14,2025-02-14:1,True,0,15,True,-0.4947916666666667,0.4947916666666667,0.0,True,0,0,5,True,-0.8152504087097642,40.0,440.0,1.0,0.0,0.0,0.0,0.0
2025-02-14 20:25:00+00:00,2025-02-14,2025-02-14:1,True,0,20,True,-0.2127659574468085,0.09575057653816668,-0.7984461209371606,True,0,0,5,True,-0.7141519211137918,35.0,445.0,1.0,0.0,0.0,0.0,0.0
2025-02-14 20:30:00+00:00,2025-02-14,2025-02-14:1,True,0,25,True,-0.30097087378640774,0.30097087378640774,0.32446696350901433,True,0,0,5,True,0.7255301868590999,30.0,450.0,1.0,0.0,0.0,0.0,0.0
2025-02-14 20:35:00+00:00,2025-02-14,2025-02-14:1,True,0,30,True,-0.6486486486486487,0.6486486486486487,0.39446723007748097,True,0,0,5,True,-0.11753584470974504,25.0,455.0,1.0,0.0,0.0,0.0,0.0
2025-02-14 20:40:00+00:00,2025-02-14,2025-02-14:1,True,0,35,True,-0.5483870967741935,0.5483870967741935,0.4014085350563913,True,0,0,5,True,0.7984909761407307,20.0,460.0,1.0,0.0,0.0,0.0,0.0
2025-02-14 20:45:00+00:00,2025-02-14,2025-02-14:1,True,0,40,True,-0.09965635738831616,0.0637722052328385,-0.4464104010291393,True,0,0,5,True,-0.9982040025640976,15.0,465.0,1.0,0.0,0.0,0.0,0.0
2025-02-14 20:50:00+00:00,2025-02-14,2025-02-14:1,True,0,45,True,-0.41317365269461076,0.16659669168811658,-0.9082920994414942,True,0,0,5,True,-0.9118172592363485,10.0,470.0,1.0,0.0,0.0,0.0,0.0
2025-02-14 20:55:00+00:00,2025-02-14,2025-02-14:1,True,0,50,True,-0.3377049180327869,0.3377049180327869,0.8945535492960197,True,0,0,5,True,0.0,5.0,475.0,1.0,0.0,0.0,0.0,0.0
2025-02-14 21:00:00+00:00,2025-02-14,2025-02-14:1,True,0,55,True,-0.3764705882352941,0.1568213116224951,-0.8757329106511867,True,0,0,5,True,-0.9790991591735102,0.0,480.0,1.0,0.0,0.0,0.0,0.0
2025-02-17 13:00:00+00:00,2025-02-17,2025-02-17:1,False,-1,0,False,,,,False,0,0,0,False,,480.0,0.0,,,,,
2025-02-17 13:05:00+00:00,2025-02-17,2025-02-17:1,False,-1,0,True,0.23322683706070288,,,False,0,0,0,False,,475.0,5.0,,,,,
2025-02-17 13:10:00+00:00,2025-02-17,2025-02-17:1,False,-1,0,True,-0.13993174061433447,,,False,0,0,0,False,,470.0,10.0,,,,,
2025-02-17 13:15:00+00:00,2025-02-17,2025-02-17:1,False,-1,0,True,-0.36338028169014086,,,False,0,0,0,False,,465.0,15.0,,,,,
2025-02-17 13:20:00+00:00,2025-02-17,2025-02-17:1,False,-1,0,True,0.1875,,,False,0,0,0,False,,460.0,20.0,,,,,
2025-02-17 13:25:00+00:00,2025-02-17,2025-02-17:1,False,-1,0,True,-0.2912280701754386,,,False,0,0,0,False,,455.0,25.0,,,,,
2025-02-17 13:30:00+00:00,2025-02-17,2025-02-17:1,False,-1,0,True,-0.34292565947242204,,,False,0,0,0,False,,450.0,30.0,,,,,
2025-02-17 13:35:00+00:00,2025-02-17,2025-02-17:1,False,-1,0,True,-0.7476923076923077,,,False,0,0,0,False,,445.0,35.0,,,,,
2025-02-17 13:40:00+00:00,2025-02-17,2025-02-17:1,False,-1,0,True,-0.8213256484149856,,,False,0,0,0,False,,440.0,40.0,,,,,
2025-02-17 13:45:00+00:00,2025-02-17,2025-02-17:1,False,-1,0,True,-0.7474226804123711,,,False,0,0,0,False,,435.0,45.0,,,,,
2025-02-17 13:50:00+00:00,2025-02-17,2025-02-17:1,False,-1,0,True,-0.7370030581039755,,,False,0,0,0,False,,430.0,50.0,,,,,
2025-02-17 13:55:00+00:00,2025-02-17,2025-02-17:1,False,-1,0,True,-0.3401360544217687,,,False,0,0,0,False,,425.0,55.0,,,,,
2025-02-17 14:00:00+00:00,2025-02-17,2025-02-17:1,False,-1,0,True,-0.66189111747851,,,False,0,0,0,False,,420.0,60.0,,,,,
2025-02-17 14:05:00+00:00,2025-02-17,2025-02-17:1,True,4,5,True,-0.6873315363881402,0.6873315363881402,0.3259791851897205,True,1,0,0,False,,415.0,65.0,0.0,0.0,0.0,0.0,1.0
2025-02-17 14:10:00+00:00,2025-02-17,2025-02-17:1,True,3,5,True,-0.78,0.246824285495281,-1.1506172309729292,True,0,1,1,False,,410.0,70.0,0.0,0.0,0.0,1.0,0.0
2025-02-17 14:15:00+00:00,2025-02-17,2025-02-17:1,True,4,5,True,-0.7532808398950132,0.7532808398950132,0.17701515757168584,True,1,0,1,False,,405.0,75.0,0.0,0.0,0.0,0.0,1.0
2025-02-17 14:20:00+00:00,2025-02-17,2025-02-17:1,True,3,5,True,-0.6207951070336392,0.12038953356950788,-1.640268488516439,True,0,1,2,False,,400.0,80.0,0.0,0.0,0.0,1.0,0.0
2025-02-17 14:25:00+00:00,2025-02-17,2025-02-17:1,True,4,5,True,-0.7492354740061162,0.7492354740061162,0.0,True,0,0,2,False,,395.0,85.0,0.0,0.0,0.0,0.0,1.0
2025-02-17 14:30:00+00:00,2025-02-17,2025-02-17:1,True,3,5,True,-0.8901601830663616,0.6162246275160103,-0.3677898753835123,True,0,0,2,False,,390.0,90.0,0.0,0.0,0.0,1.0,0.0
2025-02-17 14:35:00+00:00,2025-02-17,2025-02-17:1,True,3,10,True,-0.8345498783454988,0.26402362337738866,-1.1508539300187368,True,0,0,2,False,,385.0,95.0,0.0,0.0,0.0,1.0,0.0
2025-02-17 14:40:00+00:00,2025-02-17,2025-02-17:1,True,4,5,True,-0.8472222222222222,0.8472222222222222,0.0,True,0,0,2,False,,380.0,100.0,0.0,0.0,0.0,0.0,1.0
2025-02-17 14:45:00+00:00,2025-02-17,2025-02-17:1,True,3,5,True,-0.8097686375321337,0.15334890991829458,-1.6640327921101838,True,0,0,2,False,,375.0,105.0,0.0,0.0,0.0,1.0,0.0
2025-02-17 14:50:00+00:00,2025-02-17,2025-02-17:1,True,3,10,True,-0.839622641509434,0.5571946540283595,-0.41003790709226307,True,0,0,2,False,,370.0,110.0,0.0,0.0,0.0,1.0,0.0
2025-02-17 14:55:00+00:00,2025-02-17,2025-02-17:1,True,3,15,True,-0.8050139275766016,0.22140645565753048,-1.2908594004120872,True,0,0,2,False,,365.0,115.0,0.0,0.0,0.0,1.0,0.0
2025-02-17 15:00:00+00:00,2025-02-17,2025-02-17:1,True,4,5,True,-0.5054545454545455,0.5054545454545455,0.33172339429104014,True,1,0,2,False,,360.0,120.0,0.0,0.0,0.0,0.0,1.0
2025-02-17 15:05:00+00:00,2025-02-17,2025-02-17:1,True,3,5,True,0.12396694214876033,0.12396694214876033,-0.9440939944812012,True,0,1,3,True,1.193882077654386,355.0,125.0,0.0,0.0,0.0,1.0,0.0
2025-02-17 15:10:00+00:00,2025-02-17,2025-02-17:1,True,4,5,True,-0.003134796238244514,0.003134796238244514,0.6369699043331049,True,1,0,3,True,0.9332479710353475,350.0,130.0,0.0,0.0,0.0,0.0,1.0
2025-02-17 15:15:00+00:00,2025-02-17,2025-02-17:1,True,3,5,True,-0.14285714285714285,0.07623746875866895,-0.627992072093886,True,1,0,3,True,-0.7021164812674366,345.0,135.0,0.0,0.0,0.0,1.0,0.0
2025-02-17 15:20:00+00:00,2025-02-17,2025-02-17:1,True,3,10,True,-0.2,0.14610438478172283,-0.3139960360465117,True,0,1,4,True,0.7021164812654745,340.0,140.0,0.0,0.0,0.0,1.0,0.0
2025-02-17 15:25:00+00:00,2025-02-17,2025-02-17:1,True,0,5,True,-0.40186915887850466,0.29221932551058927,-0.3186219251287392,True,0,0,4,True,-0.7124602837097094,335.0,145.0,1.0,0.0,0.0,0.0,0.0
2025-02-17 15:30:00+00:00,2025-02-17,2025-02-17:1,True,0,10,True,-0.5261845386533666,0.5261845386533666,2.9654631887827074,True,0,0,4,True,2.8921290316837296,330.0,150.0,1.0,0.0,0.0,0.0,0.0
2025-02-17 15:35:00+00:00,2025-02-17,2025-02-17:1,True,0,15,True,-0.7286135693215339,0.42138997009733603,-0.5475848085255188,True,0,0,4,True,-0.4697239387750918,325.0,155.0,1.0,0.0,0.0,0.0,0.0
2025-02-17 15:40:00+00:00,2025-02-17,2025-02-17:1,True,0,20,True,-0.6936416184971098,0.27177650212161925,-0.9369753821136296,True,0,0,4,True,0.13722219415136322,320.0,160.0,1.0,0.0,0.0,0.0,0.0
2025-02-17 15:45:00+00:00,2025-02-17,2025-02-17:1,True,0,25,True,-0.44807121661721067,0.1584171054878758,-1.039720722703652,True,0,0,4,True,0.0,315.0,165.0,1.0,0.0,0.0,0.0,0.0
2025-02-17 15:50:00+00:00,2025-02-17,2025-02-17:1,True,0,30,True,-0.7268518518518519,0.3347049075543232,-0.7754734059899644,True,0,0,4,True,0.11343946171318882,310.0,170.0,1.0,0.0,0.0,0.0,0.0
2025-02-17 15:55:00+00:00,2025-02-17,2025-02-17:1,True,0,35,True,-0.3982808022922636,0.23798032433736846,-0.5149692905077431,True,0,0,4,True,-1.0096082699230757,305.0,175.0,1.0,0.0,0.0,0.0,0.0
2025-02-17 16:00:00+00:00,2025-02-17,2025-02-17:1,True,4,5,True,-0.23478260869565218,0.17470904970452367,-0.2955379994251739,True,0,0,4,True,-0.6608430566489827,300.0,180.0,0.0,0.0,0.0,0.0,1.0
2025-02-17 16:05:00+00:00,2025-02-17,2025-02-17:1,True,4,10,True,-0.2992125984251969,0.22024595518909,-0.3064094522375076,True,0,0,4,True,-1.224101261382485,295.0,185.0,0.0,0.0,0.0,0.0,1.0
2025-02-17 16:10:00+00:00,2025-02-17,2025-02-17:1,True,4,15,True,0.08532423208191127,0.08532423208191127,-0.30788277985601514,True,0,0,4,True,0.6884468248596529,290.0,190.0,0.0,0.0,0.0,0.0,1.0
2025-02-17 16:15:00+00:00,2025-02-17,2025-02-17:1,True,4,20,True,0.014388489208633094,0.007772091194540716,0.6158892612361746,True,1,0,4,True,-0.6885851273671278,285.0,195.0,0.0,0.0,0.0,0.0,1.0
2025-02-17 16:20:00+00:00,2025-02-17,2025-02-17:1,True,0,5,True,-0.22282608695652173,0.22282608695652173,0.1658520308882878,True,1,0,4,True,0.4694633069512828,280.0,200.0,1.0,0.0,0.0,0.0,0.0
2025-02-17 16:25:00+00:00,2025-02-17,2025-02-17:1,True,0,10,True,-0.22424242424242424,0.13579964845108872,-0.5015470913299505,True,1,0,4,True,-1.1214933901310646,275.0,205.0,1.0,0.0,0.0,0.0,0.0
2025-02-17 16:30:00+00:00,2025-02-17,2025-02-17:1,True,0,15,True,0.016286644951140065,0.016286644951140065,-1.3523559609585427,True,0,1,5,True,-0.7559899646195511,270.0,210.0,1.0,0.0,0.0,0.0,0.0
2025-02-17 16:35:00+00:00,2025-02-17,2025-02-17:1,True,3,5,True,-0.29442970822281167,0.08139712107204362,-1.2857003881287281,True,0,0,5,True,-0.9583044888503254,265.0,215.0,0.0,0.0,0.0,1.0,0.0
2025-02-17 16:40:00+00:00,2025-02-17,2025-02-17:1,True,4,5,True,0.3229166666666667,0.3229166666666667,0.0,True,0,0,5,True,-0.3719400950802548,260.0,220.0,0.0,0.0,0.0,0.0,1.0
2025-02-17 16:45:00+00:00,2025-02-17,2025-02-17:1,True,0,5,True,0.03048780487804878,0.0029829308355698685,2.3244204445267336,True,0,0,5,True,1.7329667824679162,255.0,225.0,1.0,0.0,0.0,0.0,0.0
2025-02-17 16:50:00+00:00,2025-02-17,2025-02-17:1,True,0,10,True,-0.12987012987012986,0.12987012987012986,0.42695000032832814,True,0,0,5,True,0.0,250.0,230.0,1.0,0.0,0.0,0.0,0.0
2025-02-17 16:55:00+00:00,2025-02-17,2025-02-17:1,True,0,15,True,0.029850746268656716,0.029850746268656716,-0.41785076303909735,True,0,0,5,True,-0.7420346634601711,245.0,235.0,1.0,0.0,0.0,0.0,0.0
2025-02-17 17:00:00+00:00,2025-02-17,2025-02-17:1,True,0,20,True,0.28463476070528965,0.28463476070528965,0.0,True,0,0,5,True,-0.7208155945277748,240.0,240.0,1.0,0.0,0.0,0.0,0.0
2025-02-17 17:05:00+00:00,2025-02-17,2025-02-17:1,True,1,5,True,0.20809248554913296,0.1345134523137968,0.4363184116970111,True,0,0,5,True,-0.9756376283892563,235.0,245.0,0.0,1.0,0.0,0.0,0.0
2025-02-17 17:10:00+00:00,2025-02-17,2025-02-17:1,True,1,10,True,0.512987012987013,0.17522015364884197,1.0742073249066908,True,0,0,5,True,-0.24464635907815743,230.0,250.0,0.0,1.0,0.0,0.0,0.0
2025-02-17 17:15:00+00:00,2025-02-17,2025-02-17:1,True,1,15,True,0.5389408099688473,0.28510536114691126,0.6367469501643317,True,0,0,5,True,0.7393773028007147,225.0,255.0,0.0,1.0,0.0,0.0,0.0
2025-02-17 17:20:00+00:00,2025-02-17,2025-02-17:1,True,1,20,True,0.29620253164556964,0.08302375166899857,1.271916717332748,True,0,0,5,True,1.1914980777959356,220.0,260.0,0.0,1.0,0.0,0.0,0.0
2025-02-17 17:25:00+00:00,2025-02-17,2025-02-17:1,True,1,25,True,0.2949640287769784,0.13092488829772586,0.8122296255681417,True,0,0,5,True,0.7182563064372623,215.0,265.0,0.0,1.0,0.0,0.0,0.0
2025-02-17 17:30:00+00:00,2025-02-17,2025-02-17:1,True,2,5,True,0.1588785046728972,0.1588785046728972,0.0,True,0,0,5,True,0.0,210.0,270.0,0.0,0.0,1.0,0.0,0.0
2025-02-17 17:35:00+00:00,2025-02-17,2025-02-17:1,True,1,5,True,-0.09550561797752809,0.09550561797752809,1.067546800626893,True,0,0,5,True,0.0,205.0,275.0,0.0,1.0,0.0,0.0,0.0
2025-02-17 17:40:00+00:00,2025-02-17,2025-02-17:1,True,2,5,True,-0.2870662460567823,0.18631327228456016,-0.4322834950886987,True,0,0,5,True,-1.9332305611363063,200.0,280.0,0.0,0.0,1.0,0.0,0.0
2025-02-17 17:45:00+00:00,2025-02-17,2025-02-17:1,True,0,5,True,-0.43373493975903615,0.06106005925346629,-1.9605756519215938,True,0,0,5,True,0.0,195.0,285.0,1.0,0.0,0.0,0.0,0.0
2025-02-17 17:50:00+00:00,2025-02-17,2025-02-17:1,True,3,5,True,-0.2839506172839506,0.08288713424496705,-1.231320486221768,True,0,0,5,True,-0.9177721030924526,190.0,290.0,0.0,0.0,0.0,1.0,0.0
2025-02-17 17:55:00+00:00,2025-02-17,2025-02-17:1,True,3,10,True,-0.5989159891598916,0.17124124984831465,-1.2520479563987266,True,0,0,5,True,0.5389290465535934,185.0,295.0,0.0,0.0,0.0,1.0,0.0
2025-02-17 18:00:00+00:00,2025-02-17,2025-02-17:1,True,3,15,True,0.4207920792079208,0.4207920792079208,-1.3035336589441635,True,0,0,5,True,-1.3754276687484945,180.0,300.0,0.0,0.0,0.0,1.0,0.0
2025-02-17 18:05:00+00:00,2025-02-17,2025-02-17:1,True,4,5,True,0.9505154639175257,0.021228362728464914,3.801666278956475,True,1,0,5,True,2.550235268254849,175.0,305.0,0.0,0.0,0.0,0.0,1.0
2025-02-17 18:10:00+00:00,2025-02-17,2025-02-17:1,True,0,5,True,0.8080808080808081,0.3291295276347033,0.8982106892186318,True,1,0,5,True,0.8033840636830059,170.0,310.0,1.0,0.0,0.0,0.0,0.0
2025-02-17 18:15:00+00:00,2025-02-17,2025-02-17:1,True,1,5,True,0.7476635514018691,0.1755713679495101,1.448907463966957,True,1,0,5,True,0.8099638956336603,165.0,315.0,0.0,1.0,0.0,0.0,0.0
2025-02-17 18:20:00+00:00,2025-02-17,2025-02-17:1,True,2,5,True,0.56353591160221,0.56353591160221,0.0,True,1,0,5,True,0.9791066435630165,160.0,320.0,0.0,0.0,1.0,0.0,0.0
2025-02-17 18:25:00+00:00,2025-02-17,2025-02-17:1,True,1,5,True,0.5911602209944752,0.29473430641941245,0.696012787878276,True,0,0,5,True,-0.8792863357902205,155.0,325.0,0.0,1.0,0.0,0.0,0.0
2025-02-17 18:30:00+00:00,2025-02-17,2025-02-17:1,True,1,10,True,0.5695538057742782,0.14940802504190093,1.338172270999886,True,0,0,5,True,1.4961220817815708,150.0,330.0,0.0,1.0,0.0,0.0,0.0
2025-02-17 18:35:00+00:00,2025-02-17,2025-02-17:1,True,2,5,True,0.42939481268011526,0.42939481268011526,0.0,True,0,0,5,True,1.459796451968424,145.0,335.0,0.0,0.0,1.0,0.0,0.0
2025-02-17 18:40:00+00:00,2025-02-17,2025-02-17:1,True,1,5,True,0.0891089108910891,0.03980262582822839,0.8059264537793702,True,0,0,5,True,0.3604212671027931,140.0,340.0,0.0,1.0,0.0,0.0,0.0
2025-02-17 18:45:00+00:00,2025-02-17,2025-02-17:1,True,2,5,True,0.3096774193548387,0.3096774193548387,-0.30693904418742674,True,0,0,5,True,-1.8658861291721096,135.0,345.0,0.0,0.0,1.0,0.0,0.0
2025-02-17 18:50:00+00:00,2025-02-17,2025-02-17:1,True,2,10,True,0.34169278996865204,0.34169278996865204,-0.15079440207033282,True,0,0,5,True,-0.18732636712432635,130.0,350.0,0.0,0.0,1.0,0.0,0.0
2025-02-17 18:55:00+00:00,2025-02-17,2025-02-17:1,True,0,5,True,0.16262975778546712,0.16262975778546712,-0.6012976297038775,True,0,0,5,True,0.5085291820568293,125.0,355.0,1.0,0.0,0.0,0.0,0.0
2025-02-17 19:00:00+00:00,2025-02-17,2025-02-17:1,True,0,10,True,0.042492917847025496,0.042492917847025496,-0.2982172883348524,True,0,0,5,True,1.1527838596181588,120.0,360.0,1.0,0.0,0.0,0.0,0.0
2025-02-17 19:05:00+00:00,2025-02-17,2025-02-17:1,True,0,15,True,0.7062146892655368,0.5138839611901123,0.3179218001817353,True,0,0,5,True,0.4787573099978699,115.0,365.0,1.0,0.0,0.0,0.0,0.0
2025-02-17 19:10:00+00:00,2025-02-17,2025-02-17:1,True,0,20,True,0.3577023498694517,0.2567575840117521,0.3315688287498907,True,0,0,5,True,0.25524261639851586,110.0,370.0,1.0,0.0,0.0,0.0,0.0
2025-02-17 19:15:00+00:00,2025-02-17,2025-02-17:1,True,0,25,True,0.21311475409836064,0.10818517185754473,0.6779864590798005,True,0,0,5,True,1.024076488757276,105.0,375.0,1.0,0.0,0.0,0.0,0.0
2025-02-17 19:20:00+00:00,2025-02-17,2025-02-17:1,True,0,30,True,0.4629156010230179,0.1738561530129338,0.9793164997808254,True,0,0,5,True,-0.20009583189481434,100.0,380.0,1.0,0.0,0.0,0.0,0.0
2025-02-17 19:25:00+00:00,2025-02-17,2025-02-17:1,True,1,5,True,0.6740331491712708,0.3438450948769323,0.6730880420844921,True,0,0,5,True,1.5050706169431638,95.0,385.0,0.0,1.0,0.0,0.0,0.0
2025-02-17 19:30:00+00:00,2025-02-17,2025-02-17:1,True,1,10,True,0.441340782122905,0.09273827576900262,1.5600360389140786,True,0,0,5,True,0.3875940700396645,90.0,390.0,0.0,1.0,0.0,0.0,0.0
2025-02-17 19:35:00+00:00,2025-02-17,2025-02-17:1,True,2,5,True,0.2750642673521851,0.2750642673521851,-1.2054074845820344,True,0,0,5,True,-0.7701065931743628,85.0,395.0,0.0,0.0,1.0,0.0,0.0
2025-02-17 19:40:00+00:00,2025-02-17,2025-02-17:1,True,1,5,True,0.6753623188405797,0.2025223573530845,1.2043990283823545,True,0,0,5,True,0.38473115707077943,80.0,400.0,0.0,1.0,0.0,0.0,0.0
2025-02-17 19:45:00+00:00,2025-02-17,2025-02-17:1,True,1,10,True,0.6196721311475409,0.13165189266679675,1.5490292550910474,True,0,0,5,True,0.23058361380817935,75.0,405.0,0.0,1.0,0.0,0.0,0.0
2025-02-17 19:50:00+00:00,2025-02-17,2025-02-17:1,True,2,5,True,0.5093167701863354,0.5093167701863354,-0.3974926997174871,True,0,0,5,True,0.24240849399580366,70.0,410.0,0.0,0.0,1.0,0.0,0.0
2025-02-17 19:55:00+00:00,2025-02-17,2025-02-17:1,True,2,10,True,0.44668587896253603,0.44668587896253603,-0.40284359710389445,True,0,0,5,True,0.9007856674222853,65.0,415.0,0.0,0.0,1.0,0.0,0.0
2025-02-17 20:00:00+00:00,2025-02-17,2025-02-17:1,True,0,5,True,0.5076923076923077,0.5076923076923077,-0.5920913638096333,True,0,0,5,True,-0.40929243628489487,60.0,420.0,1.0,0.0,0.0,0.0,0.0
2025-02-17 20:05:00+00:00,2025-02-17,2025-02-17:1,True,1,5,True,0.5408805031446541,0.13401076603389364,1.3952782327553512,True,0,0,5,True,1.3371158468418025,55.0,425.0,0.0,1.0,0.0,0.0,0.0
2025-02-17 20:10:00+00:00,2025-02-17,2025-02-17:1,True,0,5,True,0.3851132686084142,0.3851132686084142,0.0,True,0,0,5,True,-1.1410382569367714,50.0,430.0,1.0,0.0,0.0,0.0,0.0
2025-02-17 20:15:00+00:00,2025-02-17,2025-02-17:1,True,0,10,True,0.6009070294784581,0.34965283764083444,0.5414994597436672,True,0,0,5,True,-0.11859207075103226,45.0,435.0,1.0,0.0,0.0,0.0,0.0
2025-02-17 20:20:00+00:00,2025-02-17,2025-02-17:1,True,1,5,True,0.08708708708708708,0.03397012461608717,0.9414271684065313,True,0,0,5,True,0.0,40.0,440.0,0.0,1.0,0.0,0.0,0.0
2025-02-17 20:25:00+00:00,2025-02-17,2025-02-17:1,True,0,5,True,0.08650519031141868,0.08650519031141868,-1.2737089367934886,True,0,0,5,True,-0.8137427903488452,35.0,445.0,1.0,0.0,0.0,0.0,0.0
2025-02-17 20:30:00+00:00,2025-02-17,2025-02-17:1,True,1,5,True,0.36,0.09859510573572622,1.2950824086422503,True,0,0,5,True,1.7466184980766348,30.0,450.0,0.0,1.0,0.0,0.0,0.0
2025-02-17 20:35:00+00:00,2025-02-17,2025-02-17:1,True,1,10,True,0.07984790874524715,0.028671013084771726,1.024237069199209,True,0,0,5,True,-1.9085530931708514,25.0,455.0,0.0,1.0,0.0,0.0,0.0
2025-02-17 20:40:00+00:00,2025-02-17,2025-02-17:1,True,0,5,True,-0.08206686930091185,0.01945593765484251,-1.4393820928605172,True,0,0,5,True,-1.6618248340447723,20.0,460.0,1.0,0.0,0.0,0.0,0.0
2025-02-17 20:45:00+00:00,2025-02-17,2025-02-17:1,True,0,10,True,0.23636363636363636,0.23636363636363636,-1.0606831027415238,True,0,0,5,True,-0.6776455772324328,15.0,465.0,1.0,0.0,0.0,0.0,0.0
2025-02-17 20:50:00+00:00,2025-02-17,2025-02-17:1,True,0,15,True,0.18769230769230769,0.18769230769230769,-0.14428026395327267,True,0,0,5,True,-0.17432254840015388,10.0,470.0,1.0,0.0,0.0,0.0,0.0
2025-02-17 20:55:00+00:00,2025-02-17,2025-02-17:1,True,0,20,True,-0.043209876543209874,0.043209876543209874,0.2927212981203684,True,0,0,5,True,-0.2973842924434816,5.0,475.0,1.0,0.0,0.0,0.0,0.0
2025-02-17 21:00:00+00:00,2025-02-17,2025-02-17:1,True,0,25,True,0.11044776119402985,0.11044776119402985,-0.28682431031395156,True,0,0,5,True,0.6413586554633126,0.0,480.0,1.0,0.0,0.0,0.0,0.0
2025-02-18 13:00:00+00:00,2025-02-18,2025-02-18:1,False,-1,0,False,,,,False,0,0,0,False,,480.0,0.0,,,,,
2025-02-18 13:05:00+00:00,2025-02-18,2025-02-18:1,False,-1,0,True,-0.22988505747126436,,,False,0,0,0,False,,475.0,5.0,,,,,
2025-02-18 13:10:00+00:00,2025-02-18,2025-02-18:1,False,-1,0,True,-0.13069908814589665,,,False,0,0,0,False,,470.0,10.0,,,,,
2025-02-18 13:15:00+00:00,2025-02-18,2025-02-18:1,False,-1,0,True,0.0759493670886076,,,False,0,0,0,False,,465.0,15.0,,,,,
2025-02-18 13:20:00+00:00,2025-02-18,2025-02-18:1,False,-1,0,True,-0.18012422360248448,,,False,0,0,0,False,,460.0,20.0,,,,,
2025-02-18 13:25:00+00:00,2025-02-18,2025-02-18:1,False,-1,0,True,-0.1484593837535014,,,False,0,0,0,False,,455.0,25.0,,,,,
2025-02-18 13:30:00+00:00,2025-02-18,2025-02-18:1,False,-1,0,True,-0.5077720207253886,,,False,0,0,0,False,,450.0,30.0,,,,,
2025-02-18 13:35:00+00:00,2025-02-18,2025-02-18:1,False,-1,0,True,-0.8730964467005076,,,False,0,0,0,False,,445.0,35.0,,,,,
2025-02-18 13:40:00+00:00,2025-02-18,2025-02-18:1,False,-1,0,True,-0.806615776081425,,,False,0,0,0,False,,440.0,40.0,,,,,
2025-02-18 13:45:00+00:00,2025-02-18,2025-02-18:1,False,-1,0,True,-0.6609336609336609,,,False,0,0,0,False,,435.0,45.0,,,,,
2025-02-18 13:50:00+00:00,2025-02-18,2025-02-18:1,False,-1,0,True,-0.7448979591836735,,,False,0,0,0,False,,430.0,50.0,,,,,
2025-02-18 13:55:00+00:00,2025-02-18,2025-02-18:1,False,-1,0,True,-0.723943661971831,,,False,0,0,0,False,,425.0,55.0,,,,,
2025-02-18 14:00:00+00:00,2025-02-18,2025-02-18:1,False,-1,0,True,-0.7892030848329049,,,False,0,0,0,False,,420.0,60.0,,,,,
2025-02-18 14:05:00+00:00,2025-02-18,2025-02-18:1,True,4,5,True,-0.7101449275362319,0.6289932819557218,-0.12134849636764658,True,0,0,0,False,,415.0,65.0,0.0,0.0,0.0,0.0,1.0
2025-02-18 14:10:00+00:00,2025-02-18,2025-02-18:1,True,3,5,True,-0.8269720101781171,0.39875356281321267,-0.7294272604287101,True,0,0,0,False,,410.0,70.0,0.0,0.0,0.0,1.0,0.0
2025-02-18 14:15:00+00:00,2025-02-18,2025-02-18:1,True,3,10,True,-0.8954248366013072,0.5404087032386803,-0.5049725722825648,True,0,0,0,False,,405.0,75.0,0.0,0.0,0.0,1.0,0.0
2025-02-18 14:20:00+00:00,2025-02-18,2025-02-18:1,True,3,15,True,-0.8666666666666667,0.4028051618936481,-0.7662014595502505,True,0,0,0,False,,400.0,80.0,0.0,0.0,0.0,1.0,0.0
2025-02-18 14:25:00+00:00,2025-02-18,2025-02-18:1,True,4,5,True,-0.9058823529411765,0.9058823529411765,0.0,True,0,0,0,False,,395.0,85.0,0.0,0.0,0.0,0.0,1.0
2025-02-18 14:30:00+00:00,2025-02-18,2025-02-18:1,True,3,5,True,-0.7872340425531915,0.27497417655680495,-1.051848400088735,True,0,0,0,False,,390.0,90.0,0.0,0.0,0.0,1.0,0.0
2025-02-18 14:35:00+00:00,2025-02-18,2025-02-18:1,True,4,5,True,-0.8309037900874635,0.6357487083854154,-0.2677106394238246,True,0,0,0,False,,385.0,95.0,0.0,0.0,0.0,0.0,1.0
2025-02-18 14:40:00+00:00,2025-02-18,2025-02-18:1,True,3,5,True,-0.7386363636363636,0.4266650667934577,-0.548806415863878,True,0,0,0,False,,380.0,100.0,0.0,0.0,0.0,1.0,0.0
2025-02-18 14:45:00+00:00,2025-02-18,2025-02-18:1,True,3,10,True,-0.7283950617283951,0.35894123461677147,-0.7076848850014046,True,0,0,0,False,,375.0,105.0,0.0,0.0,0.0,1.0,0.0
2025-02-18 14:50:00+00:00,2025-02-18,2025-02-18:1,True,3,15,True,-0.3875,0.26418375333521854,-0.38307095240667804,True,0,0,0,False,,370.0,110.0,0.0,0.0,0.0,1.0,0.0
2025-02-18 14:55:00+00:00,2025-02-18,2025-02-18:1,True,4,5,True,-0.5418994413407822,0.5418994413407822,0.43786645532505103,True,1,0,0,False,,365.0,115.0,0.0,0.0,0.0,0.0,1.0
2025-02-18 15:00:00+00:00,2025-02-18,2025-02-18:1,True,3,5,True,-0.5652173913043478,0.33524167077038913,-0.522358743492428,True,1,0,0,False,,360.0,120.0,0.0,0.0,0.0,1.0,0.0
2025-02-18 15:05:00+00:00,2025-02-18,2025-02-18:1,True,3,10,True,-0.6036036036036037,0.11295972644801408,-1.6758863449900328,True,0,1,1,True,-1.2491319299859425,355.0,125.0,0.0,0.0,0.0,1.0,0.0
2025-02-18 15:10:00+00:00,2025-02-18,2025-02-18:1,True,4,5,True,-0.5628415300546448,0.5628415300546448,0.0,True,0,0,1,True,2.0824134911008043,350.0,130.0,0.0,0.0,0.0,0.0,1.0
2025-02-18 15:15:00+00:00,2025-02-18,2025-02-18:1,True,4,10,True,-0.5863874345549738,0.5863874345549738,0.0,True,0,0,1,True,-1.258527956562157,345.0,135.0,0.0,0.0,0.0,0.0,1.0
2025-02-18 15:20:00+00:00,2025-02-18,2025-02-18:1,True,0,5,True,-0.7590361445783133,0.7590361445783133,0.592613260221392,True,0,0,1,True,0.0,340.0,140.0,1.0,0.0,0.0,0.0,0.0
2025-02-18 15:25:00+00:00,2025-02-18,2025-02-18:1,True,0,10,True,-0.8136020151133502,0.8136020151133502,0.0,True,0,0,1,True,-1.298659843546825,335.0,145.0,1.0,0.0,0.0,0.0,0.0
2025-02-18 15:30:00+00:00,2025-02-18,2025-02-18:1,True,3,5,True,-0.7603686635944701,0.005434523348819966,-4.941031582924096,True,0,0,1,True,-11.04848249839167,330.0,150.0,0.0,0.0,0.0,1.0,0.0
2025-02-18 15:35:00+00:00,2025-02-18,2025-02-18:1,True,3,10,True,-0.3037974683544304,0.2146243712441299,-0.34747186720531015,True,0,0,1,True,-0.7769707153398535,325.0,155.0,0.0,0.0,0.0,1.0,0.0
2025-02-18 15:40:00+00:00,2025-02-18,2025-02-18:1,True,3,15,True,-0.562874251497006,0.19847053428479736,-1.0424156016169182,True,0,0,1,True,-0.33778937171271284,320.0,160.0,0.0,0.0,0.0,1.0,0.0
2025-02-18 15:45:00+00:00,2025-02-18,2025-02-18:1,True,3,20,True,-0.40672782874617736,0.20442554142902025,-0.6879404277160833,True,0,0,1,True,-0.7691407804206283,315.0,165.0,0.0,0.0,0.0,1.0,0.0
2025-02-18 15:50:00+00:00,2025-02-18,2025-02-18:1,True,4,5,True,-0.16470588235294117,0.16470588235294117,0.3372732028600005,True,1,0,1,True,0.4946714764868624,310.0,170.0,0.0,0.0,0.0,0.0,1.0
2025-02-18 15:55:00+00:00,2025-02-18,2025-02-18:1,True,3,5,True,-0.1830065359477124,0.04713417822095673,-1.356523477651215,True,0,1,2,True,-0.41255968444905294,305.0,175.0,0.0,0.0,0.0,1.0,0.0
2025-02-18 16:00:00+00:00,2025-02-18,2025-02-18:1,True,4,5,True,-0.2126984126984127,0.2126984126984127,0.33982159249855504,True,1,0,2,True,0.2317597939856389,300.0,180.0,0.0,0.0,0.0,0.0,1.0
2025-02-18 16:05:00+00:00,2025-02-18,2025-02-18:1,True,3,5,True,-0.6143250688705234,0.4358627448794478,-0.3431968277123354,True,1,0,2,True,0.16511516340554586,295.0,185.0,0.0,0.0,0.0,1.0,0.0
2025-02-18 16:10:00+00:00,2025-02-18,2025-02-18:1,True,0,5,True,-0.4277456647398844,0.4277456647398844,0.6914154814546486,True,1,0,2,True,0.7730260086152683,290.0,190.0,1.0,0.0,0.0,0.0,0.0
2025-02-18 16:15:00+00:00,2025-02-18,2025-02-18:1,True,0,10,True,-0.6011080332409973,0.6011080332409973,1.0154973301994337,True,1,0,2,True,-0.5222838176938426,285.0,195.0,1.0,0.0,0.0,0.0,0.0
2025-02-18 16:20:00+00:00,2025-02-18,2025-02-18:1,True,0,15,True,-0.5695364238410596,0.20905938669781893,-1.002204379938472,True,0,1,3,True,0.746999040298232,280.0,200.0,1.0,0.0,0.0,0.0,0.0
2025-02-18 16:25:00+00:00,2025-02-18,2025-02-18:1,True,0,20,True,-0.7790368271954674,0.3979443671693049,-0.6717461051828917,True,0,0,3,True,0.0,275.0,205.0,1.0,0.0,0.0,0.0,0.0
2025-02-18 16:30:00+00:00,2025-02-18,2025-02-18:1,True,0,25,True,-0.21981424148606812,0.21981424148606812,0.6696686173083114,True,0,0,3,True,0.0,270.0,210.0,1.0,0.0,0.0,0.0,0.0
2025-02-18 16:35:00+00:00,2025-02-18,2025-02-18:1,True,0,30,True,-0.3115727002967359,0.10360386924979922,-1.101058021688299,True,0,0,3,True,-1.2310202918314879,265.0,215.0,1.0,0.0,0.0,0.0,0.0
2025-02-18 16:40:00+00:00,2025-02-18,2025-02-18:1,True,0,35,True,-0.48951048951048953,0.2807589313468937,-0.5559094852034986,True,0,0,3,True,-0.3430706254734894,260.0,220.0,1.0,0.0,0.0,0.0,0.0
2025-02-18 16:45:00+00:00,2025-02-18,2025-02-18:1,True,4,5,True,-0.17307692307692307,0.17307692307692307,0.0,True,0,0,3,True,0.0,255.0,225.0,0.0,0.0,0.0,0.0,1.0
2025-02-18 16:50:00+00:00,2025-02-18,2025-02-18:1,True,0,5,True,-0.3314917127071823,0.3314917127071823,0.5472589750621516,True,0,0,3,True,2.0787017155947836,250.0,230.0,1.0,0.0,0.0,0.0,0.0
2025-02-18 16:55:00+00:00,2025-02-18,2025-02-18:1,True,0,10,True,-0.47079037800687284,0.47079037800687284,0.0,True,0,0,3,True,0.0,245.0,235.0,1.0,0.0,0.0,0.0,0.0
2025-02-18 17:00:00+00:00,2025-02-18,2025-02-18:1,True,3,5,True,-0.6578171091445427,0.230302849799605,-1.0495317620190434,True,0,0,3,True,0.0,240.0,240.0,0.0,0.0,0.0,1.0,0.0
2025-02-18 17:05:00+00:00,2025-02-18,2025-02-18:1,True,0,5,True,-0.40384615384615385,0.2402295217829275,-0.5194391910224266,True,0,0,3,True,1.5695847601368014,235.0,245.0,1.0,0.0,0.0,0.0,0.0
2025-02-18 17:10:00+00:00,2025-02-18,2025-02-18:1,True,3,5,True,-0.6871794871794872,0.24219307076471697,-1.042860299218956,True,0,0,3,True,0.0,230.0,250.0,0.0,0.0,0.0,1.0,0.0
2025-02-18 17:15:00+00:00,2025-02-18,2025-02-18:1,True,3,10,True,-0.6895522388059702,0.38773272264843617,-0.5757262145815896,True,0,0,3,True,0.0,225.0,255.0,0.0,0.0,0.0,1.0,0.0
2025-02-18 17:20:00+00:00,2025-02-18,2025-02-18:1,True,4,5,True,-0.8541176470588235,0.8541176470588235,0.3001462933795233,True,1,0,3,True,-1.3422950303824184,220.0,260.0,0.0,0.0,0.0,0.0,1.0
2025-02-18 17:25:00+00:00,2025-02-18,2025-02-18:1,True,3,5,True,-0.7366946778711485,0.16261942323361314,-1.5107608853193615,True,0,1,4,True,-0.6756328074636032,215.0,265.0,0.0,0.0,0.0,1.0,0.0
2025-02-18 17:30:00+00:00,2025-02-18,2025-02-18:1,True,3,10,True,-0.7134831460674157,0.1581234083213019,-1.5067830216697615,True,0,0,4,True,-2.0215615582776754,210.0,270.0,0.0,0.0,0.0,1.0,0.0
2025-02-18 17:35:00+00:00,2025-02-18,2025-02-18:1,True,3,15,True,-0.637883008356546,0.06303616583101564,-2.314446271556667,True,0,0,4,True,-1.2938147983697499,205.0,275.0,0.0,0.0,0.0,1.0,0.0
2025-02-18 17:40:00+00:00,2025-02-18,2025-02-18:1,True,3,20,True,-0.6203703703703703,0.1459889853714497,-1.4467854950477912,True,0,0,4,True,0.0,200.0,280.0,0.0,0.0,0.0,1.0,0.0
2025-02-18 17:45:00+00:00,2025-02-18,2025-02-18:1,True,4,5,True,-0.410958904109589,0.410958904109589,0.6194673820288547,True,1,0,4,True,0.5355213862602134,195.0,285.0,0.0,0.0,0.0,0.0,1.0
2025-02-18 17:50:00+00:00,2025-02-18,2025-02-18:1,True,3,5,True,-0.5354107648725213,0.1625990397512859,-1.1917469456008583,True,0,1,5,True,0.0,190.0,290.0,0.0,0.0,0.0,1.0,0.0
2025-02-18 17:55:00+00:00,2025-02-18,2025-02-18:1,True,4,5,True,-0.35816618911174786,0.35816618911174786,0.0,True,0,0,5,True,0.0,185.0,295.0,0.0,0.0,0.0,0.0,1.0
2025-02-18 18:00:00+00:00,2025-02-18,2025-02-18:1,True,3,5,True,0.03474903474903475,0.03474903474903475,-0.6406518419610195,True,0,0,5,True,-1.6708383406084097,180.0,300.0,0.0,0.0,0.0,1.0,0.0
2025-02-18 18:05:00+00:00,2025-02-18,2025-02-18:1,True,4,5,True,0.17117117117117117,0.09391683511491893,0.6002543989933278,True,1,0,5,True,0.6460162034624176,175.0,305.0,0.0,0.0,0.0,0.0,1.0
2025-02-18 18:10:00+00:00,2025-02-18,2025-02-18:1,True,0,5,True,0.3194805194805195,0.05524484473521295,1.7549212719823133,True,1,0,5,True,1.3080410864363774,170.0,310.0,1.0,0.0,0.0,0.0,0.0
2025-02-18 18:15:00+00:00,2025-02-18,2025-02-18:1,True,0,10,True,-0.11320754716981132,0.11320754716981132,0.0,True,1,0,5,True,0.5196235263167284,165.0,315.0,1.0,0.0,0.0,0.0,0.0
2025-02-18 18:20:00+00:00,2025-02-18,2025-02-18:1,True,1,5,True,-0.11764705882352941,0.11764705882352941,2.6270244445949475,True,1,0,5,True,0.0,160.0,320.0,0.0,1.0,0.0,0.0,0.0
2025-02-18 18:25:00+00:00,2025-02-18,2025-02-18:1,True,1,10,True,-0.34169278996865204,0.34169278996865204,1.532614737875302,True,1,0,5,True,2.2846871581392136,155.0,325.0,0.0,1.0,0.0,0.0,0.0
2025-02-18 18:30:00+00:00,2025-02-18,2025-02-18:1,True,2,5,True,0.16447368421052633,0.10553396541006028,0.44371773488697036,True,0,0,5,True,0.9921830180294957,150.0,330.0,0.0,0.0,1.0,0.0,0.0
2025-02-18 18:35:00+00:00,2025-02-18,2025-02-18:1,True,2,10,True,0.05389221556886228,0.05389221556886228,-1.3135993659760974,True,0,0,5,True,0.9790991591734651,145.0,335.0,0.0,0.0,1.0,0.0,0.0
2025-02-18 18:40:00+00:00,2025-02-18,2025-02-18:1,True,2,15,True,0.2356687898089172,0.2356687898089172,-0.4427951798625642,True,0,0,5,True,0.0,140.0,340.0,0.0,0.0,1.0,0.0,0.0
2025-02-18 18:45:00+00:00,2025-02-18,2025-02-18:1,True,0,5,True,0.07746478873239436,0.07746478873239436,-0.43838614305552653,True,0,0,5,True,-0.9802612162661047,135.0,345.0,1.0,0.0,0.0,0.0,0.0
2025-02-18 18:50:00+00:00,2025-02-18,2025-02-18:1,True,0,10,True,0.028391167192429023,0.01166435349453862,0.8895406011749325,True,0,0,5,True,0.0,130.0,350.0,1.0,0.0,0.0,0.0,0.0
2025-02-18 18:55:00+00:00,2025-02-18,2025-02-18:1,True,0,15,True,0.31875,0.20482638034632727,0.4422444013178144,True,0,0,5,True,-0.5152390826818118,125.0,355.0,1.0,0.0,0.0,0.0,0.0
2025-02-18 19:00:00+00:00,2025-02-18,2025-02-18:1,True,0,20,True,0.1864406779661017,0.1864406779661017,0.0,True,0,0,5,True,-0.49640094512884625,120.0,360.0,1.0,0.0,0.0,0.0,0.0
2025-02-18 19:05:00+00:00,2025-02-18,2025-02-18:1,True,0,25,True,0.26732673267326734,0.17218860295802887,0.43988122325461854,True,0,0,5,True,0.9836043172230884,115.0,365.0,1.0,0.0,0.0,0.0,0.0
2025-02-18 19:10:00+00:00,2025-02-18,2025-02-18:1,True,1,5,True,-0.036585365853658534,0.036585365853658534,0.8522558812942338,True,0,0,5,True,0.0,110.0,370.0,0.0,1.0,0.0,0.0,0.0
2025-02-18 19:15:00+00:00,2025-02-18,2025-02-18:1,True,2,5,True,0.3024523160762943,0.2435940807074424,0.21642039592992204,True,0,0,5,True,0.11421349326534617,105.0,375.0,0.0,0.0,1.0,0.0,0.0
2025-02-18 19:20:00+00:00,2025-02-18,2025-02-18:1,True,1,5,True,0.5699481865284974,0.2335690177501716,0.8920678432057932,True,0,0,5,True,0.0,100.0,380.0,0.0,1.0,0.0,0.0,0.0
2025-02-18 19:25:00+00:00,2025-02-18,2025-02-18:1,True,2,5,True,0.4310850439882698,0.4310850439882698,0.0,True,0,0,5,True,0.0,95.0,385.0,0.0,0.0,1.0,0.0,0.0
2025-02-18 19:30:00+00:00,2025-02-18,2025-02-18:1,True,1,5,True,0.1956521739130435,0.056595937426387494,1.2404012541151594,True,0,0,5,True,-1.1094486094297336,90.0,390.0,0.0,1.0,0.0,0.0,0.0
2025-02-18 19:35:00+00:00,2025-02-18,2025-02-18:1,True,1,10,True,0.3905325443786982,0.1417929996569707,1.0131430609284386,True,0,0,5,True,1.1327283775857098,85.0,395.0,0.0,1.0,0.0,0.0,0.0
2025-02-18 19:40:00+00:00,2025-02-18,2025-02-18:1,True,2,5,True,-0.0896551724137931,0.0896551724137931,0.0,True,0,0,5,True,0.41732842428442507,80.0,400.0,0.0,0.0,1.0,0.0,0.0
2025-02-18 19:45:00+00:00,2025-02-18,2025-02-18:1,True,2,10,True,0.16953316953316952,0.16953316953316952,0.0,True,0,0,5,True,-1.1427122214051535,75.0,405.0,0.0,0.0,1.0,0.0,0.0
2025-02-18 19:50:00+00:00,2025-02-18,2025-02-18:1,True,0,5,True,-0.03225806451612903,0.006124964143682109,-1.6613951721760523,True,0,0,5,True,0.9287481356175852,70.0,410.0,1.0,0.0,0.0,0.0,0.0
2025-02-18 19:55:00+00:00,2025-02-18,2025-02-18:1,True,0,10,True,-0.168141592920354,0.09435632137375552,-0.5777281706741261,True,0,0,5,True,-1.7224526161919285,65.0,415.0,1.0,0.0,0.0,0.0,0.0
2025-02-18 20:00:00+00:00,2025-02-18,2025-02-18:1,True,0,15,True,-0.20765027322404372,0.20765027322404372,0.0,True,0,0,5,True,-0.8655899675076157,60.0,420.0,1.0,0.0,0.0,0.0,0.0
2025-02-18 20:05:00+00:00,2025-02-18,2025-02-18:1,True,3,5,True,0.3692722371967655,0.3692722371967655,-0.3803996564484052,True,0,0,5,True,-2.551798471303766,55.0,425.0,0.0,0.0,0.0,1.0,0.0
2025-02-18 20:10:00+00:00,2025-02-18,2025-02-18:1,True,0,5,True,-0.20474777448071216,0.20474777448071216,0.9378344498155017,True,0,0,5,True,-0.8620987089049006,50.0,430.0,1.0,0.0,0.0,0.0,0.0
2025-02-18 20:15:00+00:00,2025-02-18,2025-02-18:1,True,0,10,True,-0.2571428571428571,0.14116646829317278,-0.5996919746490986,True,0,0,5,True,0.6704760104401382,45.0,435.0,1.0,0.0,0.0,0.0,0.0
2025-02-18 20:20:00+00:00,2025-02-18,2025-02-18:1,True,3,5,True,-0.20353982300884957,0.026361595529488677,-2.043953439963609,True,0,0,5,True,0.4438838832370969,40.0,440.0,0.0,0.0,0.0,1.0,0.0
2025-02-18 20:25:00+00:00,2025-02-18,2025-02-18:1,True,3,10,True,-0.504950495049505,0.16184562280438805,-1.1378174596261172,True,0,0,5,True,0.402079507020532,35.0,445.0,0.0,0.0,0.0,1.0,0.0
2025-02-18 20:30:00+00:00,2025-02-18,2025-02-18:1,True,3,15,True,-0.5348837209302325,0.0780327164773499,-1.9249211984520391,True,0,0,5,True,0.6148935215808039,30.0,450.0,0.0,0.0,0.0,1.0,0.0
2025-02-18 20:35:00+00:00,2025-02-18,2025-02-18:1,True,4,5,True,-0.6434540389972145,0.6434540389972145,0.5443096988429624,True,1,0,5,True,1.2171134874253025,25.0,455.0,0.0,0.0,0.0,0.0,1.0
2025-02-18 20:40:00+00:00,2025-02-18,2025-02-18:1,True,4,10,True,-0.6463414634146342,0.6463414634146342,0.13130643285960042,True,1,0,5,True,-1.1744404390299836,20.0,460.0,0.0,0.0,0.0,0.0,1.0
2025-02-18 20:45:00+00:00,2025-02-18,2025-02-18:1,True,4,15,True,-0.717391304347826,0.717391304347826,0.0,True,1,0,5,True,-1.297882471258675,15.0,465.0,0.0,0.0,0.0,0.0,1.0
2025-02-18 20:50:00+00:00,2025-02-18,2025-02-18:1,True,3,5,True,-0.4385150812064965,0.08254285240927037,-1.6700766223082304,True,0,1,6,True,-0.05115162663475187,10.0,470.0,0.0,0.0,0.0,1.0,0.0
2025-02-18 20:55:00+00:00,2025-02-18,2025-02-18:1,True,4,5,True,-0.4,0.4,0.6094676008965059,True,1,0,6,True,0.03291039093002484,5.0,475.0,0.0,0.0,0.0,0.0,1.0
2025-02-18 21:00:00+00:00,2025-02-18,2025-02-18:1,True,0,5,True,-0.42946708463949845,0.3393132480575642,-0.23562138573498537,True,1,0,6,True,0.0,0.0,480.0,1.0,0.0,0.0,0.0,0.0
