configuration,horizon_minutes,model,world,gaussian_nll,mse,coverage80
price_only,60,hidden_state_oracle,0,3.7533302167280045,106.50957409282651,0.810126582278481
price_only,60,hidden_state_oracle,1,4.2346235048002105,205.712230980464,0.5569620253164557
price_only,60,hidden_state_oracle,2,3.482902945103898,50.769956473306515,0.9240506329113924
price_only,60,hidden_state_oracle,3,3.628808502284728,80.84355044546668,0.8227848101265823
price_only,60,hidden_state_oracle,4,3.8466525737139294,125.7448844315638,0.759493670886076
price_only,60,hidden_state_oracle,5,3.5068887941102265,55.71384413619982,0.9240506329113924
price_only,60,hidden_state_oracle,6,3.6732899758319038,90.01193169556028,0.8227848101265823
price_only,60,hidden_state_oracle,7,3.5600071678719596,66.66243605989189,0.9113924050632911
price_only,60,hidden_state_oracle,8,3.933052150691794,143.55329315569816,0.7215189873417721
price_only,60,hidden_state_oracle,9,3.446362974586496,43.2384528189726,0.9367088607594937
price_only,60,hidden_state_oracle,10,3.906410083002875,138.06191406269733,0.7215189873417721
price_only,60,hidden_state_oracle,11,3.4731260217473188,48.75476781974283,0.9620253164556962
price_only,60,hidden_state_oracle,12,3.8900269621900927,134.68507679316292,0.7848101265822784
price_only,60,hidden_state_oracle,13,3.7709684797926872,110.14511733073068,0.7721518987341772
price_only,60,hidden_state_oracle,14,3.426741206370513,39.19407574557601,0.9746835443037974
price_only,60,hidden_state_oracle,15,3.69314623143887,94.10464057155784,0.8354430379746836
price_only,60,hidden_state_oracle,16,3.902317537683167,137.21837150931162,0.6075949367088608
price_only,60,hidden_state_oracle,17,3.7938240246143637,114.85603025454564,0.7721518987341772
price_only,60,hidden_state_oracle,18,3.613130348325424,77.61201872374679,0.8227848101265823
price_only,60,hidden_state_oracle,19,3.5538597525737896,65.39535017757468,0.9113924050632911
price_only,60,hidden_state_oracle,20,3.4919944175121516,52.64386213596807,0.9367088607594937
price_only,60,hidden_state_oracle,21,4.006875121198932,158.76945135931518,0.6455696202531646
price_only,60,hidden_state_oracle,22,3.552214354830632,65.05620597630848,0.8734177215189873
price_only,60,hidden_state_oracle,23,3.6310250551690033,81.3004193457847,0.8734177215189873
price_only,60,hidden_state_oracle,24,3.4024675945638836,34.19087532048425,0.9746835443037974
price_only,60,hidden_state_oracle,25,3.880976746211285,132.81967477581784,0.7341772151898734
price_only,60,hidden_state_oracle,26,3.7530927320656997,106.46062450209953,0.8227848101265823
price_only,60,hidden_state_oracle,27,3.747684442028893,105.34588479106193,0.7848101265822784
price_only,60,hidden_state_oracle,28,3.58092073655171,70.97307497684714,0.9240506329113924
price_only,60,hidden_state_oracle,29,3.7602818655467876,107.94242605578516,0.7721518987341772
price_only,60,hidden_state_oracle,30,3.7761202591091307,111.20698585987019,0.759493670886076
price_only,60,hidden_state_oracle,31,3.765521884799064,109.0224823226202,0.7974683544303798
price_only,60,hidden_state_oracle,32,3.500139162967428,54.3226314204374,0.9113924050632911
price_only,60,hidden_state_oracle,33,3.6389942766278534,82.94301017685726,0.8481012658227848
price_only,60,hidden_state_oracle,34,3.9303795230953384,143.00241957193867,0.7088607594936709
price_only,60,hidden_state_oracle,35,3.7145201363022307,98.51016253302521,0.810126582278481
price_only,60,hidden_state_oracle,36,3.486182637142552,51.44595626817373,0.9493670886075949
price_only,60,hidden_state_oracle,37,3.5912801232679206,73.10831914385147,0.8354430379746836
price_only,60,hidden_state_oracle,38,3.596821289801103,74.2504469398784,0.8227848101265823
price_only,60,hidden_state_oracle,39,3.700148527807297,95.54793184795372,0.7974683544303798
price_only,60,hidden_state_oracle,40,3.538361130556665,62.200823014409266,0.8734177215189873
price_only,60,hidden_state_oracle,41,3.6306228570354837,81.21751953307331,0.8734177215189873
price_only,60,hidden_state_oracle,42,3.7811904080064744,112.2520289840885,0.7088607594936709
price_only,60,hidden_state_oracle,43,3.7337545103861793,102.47469114787714,0.810126582278481
price_only,60,hidden_state_oracle,44,3.616917558958567,78.39262665307321,0.7974683544303798
price_only,60,hidden_state_oracle,45,3.899052537273481,136.5453999067417,0.7341772151898734
price_only,60,hidden_state_oracle,46,3.664731797889047,88.24794700869859,0.8227848101265823
price_only,60,hidden_state_oracle,47,3.9818175712660095,153.60466807634597,0.6708860759493671
price_only,60,hidden_state_oracle,48,3.606567694322948,76.2593451473343,0.8227848101265823
price_only,60,hidden_state_oracle,49,3.902215255088721,137.1972893430441,0.6455696202531646
price_only,60,hidden_state_oracle,50,3.403716759079967,34.44834917677186,0.9873417721518988
price_only,60,hidden_state_oracle,51,3.49316386624524,52.88490522609905,0.8860759493670886
price_only,60,hidden_state_oracle,52,3.464467377236692,46.970075280313885,0.9367088607594937
price_only,60,hidden_state_oracle,53,3.7380181088699755,103.35349064077828,0.810126582278481
price_only,60,hidden_state_oracle,54,3.701280706641236,95.78129298383921,0.810126582278481
price_only,60,hidden_state_oracle,55,3.6314051944717978,81.37877246177298,0.8607594936708861
price_only,60,hidden_state_oracle,56,3.7137300864271987,98.34731994074426,0.7848101265822784
price_only,60,hidden_state_oracle,57,3.469581531815862,48.02418871709138,0.9493670886075949
price_only,60,hidden_state_oracle,58,3.58161465879944,71.1161040453051,0.8734177215189873
price_only,60,hidden_state_oracle,59,3.6290104094853364,80.88516692182631,0.8354430379746836
price_only,60,hidden_state_oracle,60,3.6382022300671375,82.77975603401111,0.8227848101265823
price_only,60,hidden_state_oracle,61,3.6058149026242945,76.10418209303855,0.8860759493670886
price_only,60,hidden_state_oracle,62,3.7643763954654816,108.7863776684649,0.8227848101265823
price_only,60,hidden_state_oracle,63,4.34218533117519,227.8825359078907,0.7215189873417721
price_only,60,hidden_state_oracle,64,3.769032090013578,109.7459947673823,0.810126582278481
price_only,60,hidden_state_oracle,65,4.036034652031273,164.77972202764653,0.7215189873417721
price_only,60,hidden_state_oracle,66,3.6995972847526675,95.43431136546315,0.7848101265822784
price_only,60,hidden_state_oracle,67,3.634623149601175,82.04204723931676,0.8227848101265823
price_only,60,hidden_state_oracle,68,3.709379498769334,97.45059051322346,0.8354430379746836
price_only,60,hidden_state_oracle,69,3.549320891181273,64.45981436076342,0.9113924050632911
price_only,60,hidden_state_oracle,70,3.8481356877568014,126.0505792275784,0.7974683544303798
price_only,60,hidden_state_oracle,71,3.5486126275789642,64.31382929746253,0.9113924050632911
price_only,60,hidden_state_oracle,72,3.7593675076664486,107.75396148891133,0.7721518987341772
price_only,60,hidden_state_oracle,73,4.355962804062878,230.7223052326007,0.6075949367088608
price_only,60,hidden_state_oracle,74,3.6183587834166686,78.68968729978977,0.8354430379746836
price_only,60,hidden_state_oracle,75,3.72911728590182,101.51888104033198,0.7721518987341772
price_only,60,hidden_state_oracle,76,3.7260959332103267,100.89612933816052,0.810126582278481
price_only,60,hidden_state_oracle,77,3.6437101797762947,83.91503728287377,0.8354430379746836
price_only,60,hidden_state_oracle,78,3.7432981316402425,104.44179230676627,0.810126582278481
price_only,60,hidden_state_oracle,79,3.8830691120355687,133.25094663040994,0.7215189873417721
price_only,60,hidden_state_oracle,80,3.9223645154010827,141.35039142621122,0.7088607594936709
price_only,60,hidden_state_oracle,81,3.4368912550471946,41.28617181510303,0.9746835443037974
price_only,60,hidden_state_oracle,82,3.6285293669629426,80.78601595197117,0.7974683544303798
price_only,60,hidden_state_oracle,83,3.9333843157523534,143.62175797195295,0.7088607594936709
price_only,60,hidden_state_oracle,84,3.787101273149328,113.47035789331625,0.7721518987341772
price_only,60,hidden_state_oracle,85,4.47875952622501,256.0327789031769,0.5949367088607594
price_only,60,hidden_state_oracle,86,3.6236307733003756,79.77633325249641,0.8860759493670886
price_only,60,hidden_state_oracle,87,3.8870222658077993,134.06575823699052,0.8354430379746836
price_only,60,hidden_state_oracle,88,3.741752123898464,104.12313405959273,0.7848101265822784
price_only,60,hidden_state_oracle,89,4.015454289458973,160.53776250425355,0.7341772151898734
price_only,60,hidden_state_oracle,90,3.6043850808154665,75.80947172448165,0.8481012658227848
price_only,60,hidden_state_oracle,91,4.083290657860615,174.5199811344078,0.5822784810126582
price_only,60,hidden_state_oracle,92,3.6017217305215072,75.26051034909771,0.8607594936708861
price_only,60,hidden_state_oracle,93,4.011853720099386,159.79562448647636,0.810126582278481
price_only,60,hidden_state_oracle,94,3.6819749344991726,91.80204802608978,0.8227848101265823
price_only,60,hidden_state_oracle,95,3.520795702473368,58.58029229350229,0.8734177215189873
price_only,60,hidden_state_oracle,96,3.6055108568104033,76.04151312735587,0.8481012658227848
price_only,60,hidden_state_oracle,97,3.642651810834361,83.69688960949178,0.8734177215189873
price_only,60,hidden_state_oracle,98,3.6804319718764615,91.4840174292699,0.810126582278481
price_only,60,hidden_state_oracle,99,3.812069920859567,118.61681693010983,0.759493670886076
price_only,60,hidden_state_oracle,100,3.561738133518389,67.0192172479174,0.8481012658227848
price_only,60,hidden_state_oracle,101,3.8458041682341118,125.57001376579353,0.6962025316455697
price_only,60,hidden_state_oracle,102,3.69365216799018,94.2089226202595,0.8354430379746836
price_only,60,hidden_state_oracle,103,3.6950221329679427,94.49129548729312,0.8354430379746836
price_only,60,hidden_state_oracle,104,3.8220588367339947,120.67570081386275,0.7341772151898734
price_only,60,hidden_state_oracle,105,3.4460432081905332,43.17254357641927,0.9746835443037974
price_only,60,hidden_state_oracle,106,3.665044635526306,88.31242811732812,0.810126582278481
price_only,60,hidden_state_oracle,107,3.6948197105075393,94.44957280720705,0.7848101265822784
price_only,60,hidden_state_oracle,108,3.873198541567054,131.2164557290402,0.6835443037974683
price_only,60,hidden_state_oracle,109,3.548364781407039,64.26274402500181,0.8607594936708861
price_only,60,hidden_state_oracle,110,3.533602436022813,61.21997588278653,0.9367088607594937
price_only,60,hidden_state_oracle,111,3.812335528561953,118.6715631532953,0.7721518987341772
price_only,60,hidden_state_oracle,112,3.893595376993726,135.4205872151248,0.7341772151898734
price_only,60,hidden_state_oracle,113,3.753291268727799,106.501546253676,0.7974683544303798
price_only,60,hidden_state_oracle,114,3.985976023336326,154.46179512161925,0.6835443037974683
price_only,60,hidden_state_oracle,115,4.003497473346852,158.07326122065916,0.6455696202531646
price_only,60,hidden_state_oracle,116,4.012071930593289,159.84060134630897,0.6962025316455697
price_only,60,hidden_state_oracle,117,3.4501390008901396,44.01675546952379,0.9493670886075949
price_only,60,hidden_state_oracle,118,4.329161682231171,225.19814240056883,0.569620253164557
price_only,60,hidden_state_oracle,119,4.466811382906108,253.57006522840845,0.4050632911392405
price_only,60,hidden_state_oracle,120,3.584694542003825,71.75091987247461,0.8481012658227848
price_only,60,hidden_state_oracle,121,3.59705694179305,74.29901878636278,0.8987341772151899
price_only,60,hidden_state_oracle,122,3.5949624296194127,73.86730453300036,0.8734177215189873
price_only,60,hidden_state_oracle,123,3.722424062962034,100.13929500573828,0.7341772151898734
price_only,60,hidden_state_oracle,124,3.6101966895451274,77.00734221439208,0.8607594936708861
price_only,60,hidden_state_oracle,125,3.6969875848285447,94.89640823535852,0.810126582278481
price_only,60,hidden_state_oracle,126,3.6195459591026067,78.93438421361806,0.7974683544303798
price_only,60,hidden_state_oracle,127,3.9793323067273834,153.0924131760378,0.7341772151898734
price_only,60,causal_kalman_observer,0,3.795585860876316,114.45313763105774,0.8354430379746836
price_only,60,causal_kalman_observer,1,4.586058485571001,328.4352809487186,0.43037974683544306
price_only,60,causal_kalman_observer,2,3.6922347214329547,86.44677988032738,0.8987341772151899
price_only,60,causal_kalman_observer,3,3.750431474878014,102.20341067664823,0.8354430379746836
price_only,60,causal_kalman_observer,4,3.966688185385163,160.7350932563298,0.7215189873417721
price_only,60,causal_kalman_observer,5,3.808810662188812,117.99605208531399,0.8227848101265823
price_only,60,causal_kalman_observer,6,3.8131782908186165,119.17658940833704,0.7974683544303798
price_only,60,causal_kalman_observer,7,3.7175499663822853,93.29322735377012,0.810126582278481
price_only,60,causal_kalman_observer,8,3.9532383948977357,157.1267818691492,0.7215189873417721
price_only,60,causal_kalman_observer,9,3.591602938455276,59.19228544305601,1.0
price_only,60,causal_kalman_observer,10,4.032965009892903,178.6731395256089,0.6962025316455697
price_only,60,causal_kalman_observer,11,3.7161223594848045,92.90306176372005,0.8987341772151899
price_only,60,causal_kalman_observer,12,3.939741783245714,153.44293488171283,0.8354430379746836
price_only,60,causal_kalman_observer,13,4.10808535718019,199.05761068107367,0.6455696202531646
price_only,60,causal_kalman_observer,14,3.5492106340479452,47.72272439176142,0.9873417721518988
price_only,60,causal_kalman_observer,15,4.014027242652057,173.61714298507238,0.7341772151898734
price_only,60,causal_kalman_observer,16,4.2003772703511535,224.0110467188361,0.5949367088607594
price_only,60,causal_kalman_observer,17,3.8941528634207,141.10100450323623,0.7974683544303798
price_only,60,causal_kalman_observer,18,3.881502807573489,137.7223290316429,0.7341772151898734
price_only,60,causal_kalman_observer,19,3.8010306928995385,115.89906846380086,0.810126582278481
price_only,60,causal_kalman_observer,20,3.5831492447004214,56.91331704915357,0.9620253164556962
price_only,60,causal_kalman_observer,21,4.2609253088911405,240.38491150919302,0.569620253164557
price_only,60,causal_kalman_observer,22,3.767808485569474,106.93573404665659,0.8481012658227848
price_only,60,causal_kalman_observer,23,3.7631328937668442,105.63159584294502,0.8734177215189873
price_only,60,causal_kalman_observer,24,3.683185435948149,83.98601602327469,0.8860759493670886
price_only,60,causal_kalman_observer,25,4.0823899210721875,192.10590199223753,0.7088607594936709
price_only,60,causal_kalman_observer,26,3.7941892059100506,114.10600555214054,0.8987341772151899
price_only,60,causal_kalman_observer,27,3.7354695990930367,98.14215325708253,0.8481012658227848
price_only,60,causal_kalman_observer,28,3.636917244710521,71.46528392292572,0.9493670886075949
price_only,60,causal_kalman_observer,29,3.996597061743143,168.83359414770806,0.7341772151898734
price_only,60,causal_kalman_observer,30,4.0882323174453346,193.64597053344505,0.6708860759493671
price_only,60,causal_kalman_observer,31,3.990656518915704,167.2211102208439,0.6835443037974683
price_only,60,causal_kalman_observer,32,3.718441463309368,93.53053655712583,0.8481012658227848
price_only,60,causal_kalman_observer,33,3.739914419075587,99.3721401528871,0.8607594936708861
price_only,60,causal_kalman_observer,34,4.218651126604362,228.9499090487086,0.6708860759493671
price_only,60,causal_kalman_observer,35,3.7468736823094457,101.23212445675809,0.8354430379746836
price_only,60,causal_kalman_observer,36,3.623686791301321,67.90104647553032,0.9367088607594937
price_only,60,causal_kalman_observer,37,3.801804188472093,116.09631874717844,0.8227848101265823
price_only,60,causal_kalman_observer,38,3.747777205512829,101.49984883700166,0.8481012658227848
price_only,60,causal_kalman_observer,39,3.804453116965469,116.81347204391801,0.8354430379746836
price_only,60,causal_kalman_observer,40,3.784396968066873,111.39317841569249,0.8354430379746836
price_only,60,causal_kalman_observer,41,3.7307685043406056,96.86593622502734,0.8607594936708861
price_only,60,causal_kalman_observer,42,3.985901772530403,165.94166836786363,0.6582278481012658
price_only,60,causal_kalman_observer,43,3.853744298994632,130.21079055118472,0.7974683544303798
price_only,60,causal_kalman_observer,44,3.695281476455851,87.26880056200935,0.8481012658227848
price_only,60,causal_kalman_observer,45,3.990458338717025,167.1879082416186,0.759493670886076
price_only,60,causal_kalman_observer,46,3.8901817205767237,140.0245356190967,0.7721518987341772
price_only,60,causal_kalman_observer,47,3.9242177501208153,149.2370848932469,0.6962025316455697
price_only,60,causal_kalman_observer,48,3.7727756254196962,108.2452855173189,0.8481012658227848
price_only,60,causal_kalman_observer,49,4.010297432355535,172.54311915002538,0.7215189873417721
price_only,60,causal_kalman_observer,50,3.585294362354961,57.48375035418561,0.9620253164556962
price_only,60,causal_kalman_observer,51,3.68922665087768,85.6192379839962,0.8481012658227848
price_only,60,causal_kalman_observer,52,3.6254473458815233,68.35722253627517,0.9367088607594937
price_only,60,causal_kalman_observer,53,3.7265882333396525,95.73984078091092,0.8607594936708861
price_only,60,causal_kalman_observer,54,3.997112448491342,168.98267675670434,0.7341772151898734
price_only,60,causal_kalman_observer,55,3.856712501111151,130.96117762226854,0.810126582278481
price_only,60,causal_kalman_observer,56,3.9489650956057023,155.95238788020657,0.6835443037974683
price_only,60,causal_kalman_observer,57,3.572627050982649,54.05731559178656,0.9620253164556962
price_only,60,causal_kalman_observer,58,3.8562166460233387,130.8312568469775,0.7721518987341772
price_only,60,causal_kalman_observer,59,3.817414020555694,120.32631069301415,0.8354430379746836
price_only,60,causal_kalman_observer,60,3.834584503903118,124.96956554039156,0.810126582278481
price_only,60,causal_kalman_observer,61,3.70373769131647,89.5477171300197,0.9240506329113924
price_only,60,causal_kalman_observer,62,3.8936908860900705,140.97188014979787,0.7848101265822784
price_only,60,causal_kalman_observer,63,4.2006813149948865,224.08120622795988,0.7721518987341772
price_only,60,causal_kalman_observer,64,3.7526900035961765,102.80104159271406,0.8227848101265823
price_only,60,causal_kalman_observer,65,4.066551832306013,187.79169945306256,0.7088607594936709
price_only,60,causal_kalman_observer,66,3.8238554318753457,122.06771943383983,0.810126582278481
price_only,60,causal_kalman_observer,67,3.8865735243946635,139.0715024764115,0.8354430379746836
price_only,60,causal_kalman_observer,68,3.8979799407832796,142.14621210456693,0.7974683544303798
price_only,60,causal_kalman_observer,69,3.629921732730926,69.56510404298126,0.9240506329113924
price_only,60,causal_kalman_observer,70,3.9887238771427596,166.73539771265266,0.8227848101265823
price_only,60,causal_kalman_observer,71,3.7830803056777533,111.02618621226956,0.8227848101265823
price_only,60,causal_kalman_observer,72,4.06877017799629,188.3671443634416,0.6455696202531646
price_only,60,causal_kalman_observer,73,4.176632699243928,217.56906148335844,0.6835443037974683
price_only,60,causal_kalman_observer,74,3.6561757859554938,76.67509831667182,0.9240506329113924
price_only,60,causal_kalman_observer,75,3.8020890134420133,116.18721382010142,0.810126582278481
price_only,60,causal_kalman_observer,76,3.776330205063611,109.20468242304028,0.8354430379746836
price_only,60,causal_kalman_observer,77,3.672334719083012,81.0535748645824,0.8354430379746836
price_only,60,causal_kalman_observer,78,3.8449904086573325,127.79239737273653,0.8481012658227848
price_only,60,causal_kalman_observer,79,4.115545559062598,201.0468656204325,0.7468354430379747
price_only,60,causal_kalman_observer,80,4.116907058866374,201.3994371561675,0.7341772151898734
price_only,60,causal_kalman_observer,81,3.5199472950389055,39.79371904073215,0.9873417721518988
price_only,60,causal_kalman_observer,82,3.850995021075344,129.4238853506098,0.7974683544303798
price_only,60,causal_kalman_observer,83,4.471245112467733,297.3246069974558,0.6582278481012658
price_only,60,causal_kalman_observer,84,4.027396838377834,177.16643957122207,0.7468354430379747
price_only,60,causal_kalman_observer,85,4.518542295957875,310.1988681023392,0.6582278481012658
price_only,60,causal_kalman_observer,86,3.757287404378465,104.04693992309795,0.8481012658227848
price_only,60,causal_kalman_observer,87,4.029057697079659,177.62884945557482,0.810126582278481
price_only,60,causal_kalman_observer,88,3.9481450556308912,155.73322997992202,0.7468354430379747
price_only,60,causal_kalman_observer,89,4.143022565150592,208.54642162295235,0.6835443037974683
price_only,60,causal_kalman_observer,90,3.642415616579487,72.94654500633487,0.9240506329113924
price_only,60,causal_kalman_observer,91,4.252047615058806,238.06493512004423,0.4810126582278481
price_only,60,causal_kalman_observer,92,3.924953410610976,149.4575459106445,0.7721518987341772
price_only,60,causal_kalman_observer,93,3.8939442049121884,141.0461672231844,0.8227848101265823
price_only,60,causal_kalman_observer,94,3.745279247946516,100.79589997903355,0.8481012658227848
price_only,60,causal_kalman_observer,95,3.6403289211910312,72.39048201363339,0.8987341772151899
price_only,60,causal_kalman_observer,96,3.7506206852878097,102.24104673394699,0.8227848101265823
price_only,60,causal_kalman_observer,97,3.776632853627277,109.31296702964272,0.8354430379746836
price_only,60,causal_kalman_observer,98,3.908665210392118,145.0375724070461,0.759493670886076
price_only,60,causal_kalman_observer,99,3.850540302950548,129.32545186599643,0.7215189873417721
price_only,60,causal_kalman_observer,100,3.5889139529295515,58.470593817974056,0.9746835443037974
price_only,60,causal_kalman_observer,101,3.8570253824590712,131.04865934315254,0.810126582278481
price_only,60,causal_kalman_observer,102,3.8148231930466383,119.62047263714173,0.810126582278481
price_only,60,causal_kalman_observer,103,3.824038106690343,122.14789201452577,0.8227848101265823
price_only,60,causal_kalman_observer,104,3.7516178739341908,102.51330812641322,0.8607594936708861
price_only,60,causal_kalman_observer,105,3.617428248813859,66.23564884026301,0.9113924050632911
price_only,60,causal_kalman_observer,106,3.8018983389612,116.13079569588582,0.810126582278481
price_only,60,causal_kalman_observer,107,3.881663583448552,137.71549477815228,0.810126582278481
price_only,60,causal_kalman_observer,108,3.8607021137055173,132.06682390865996,0.7848101265822784
price_only,60,causal_kalman_observer,109,3.672122540809349,80.99069221341567,0.9240506329113924
price_only,60,causal_kalman_observer,110,3.7147205407762622,92.52200088651429,0.8607594936708861
price_only,60,causal_kalman_observer,111,4.193380258392347,222.10708738546577,0.6708860759493671
price_only,60,causal_kalman_observer,112,3.7657554435665697,106.33754502596368,0.810126582278481
price_only,60,causal_kalman_observer,113,3.882144526112739,137.85171187486802,0.8607594936708861
price_only,60,causal_kalman_observer,114,4.097972658709215,196.28085898696676,0.6708860759493671
price_only,60,causal_kalman_observer,115,4.367869445367703,269.33917949029455,0.5316455696202531
price_only,60,causal_kalman_observer,116,3.861238699020695,132.2418764394885,0.7721518987341772
price_only,60,causal_kalman_observer,117,3.5973111146957644,60.76715928534536,0.8987341772151899
price_only,60,causal_kalman_observer,118,4.288139836656425,247.75954432010204,0.6075949367088608
price_only,60,causal_kalman_observer,119,4.7373741616192255,369.3843077708823,0.379746835443038
price_only,60,causal_kalman_observer,120,3.7583907441980617,104.3726214249209,0.7848101265822784
price_only,60,causal_kalman_observer,121,3.7541576367858784,103.24098834040481,0.8227848101265823
price_only,60,causal_kalman_observer,122,3.7198439905063405,93.92181555578429,0.8227848101265823
price_only,60,causal_kalman_observer,123,4.042652198975367,181.29576151380127,0.6962025316455697
price_only,60,causal_kalman_observer,124,3.843793045557284,127.46812675552462,0.8607594936708861
price_only,60,causal_kalman_observer,125,3.8429504540209583,127.28907910025923,0.8227848101265823
price_only,60,causal_kalman_observer,126,3.7457894955988054,100.931222534034,0.8354430379746836
price_only,60,causal_kalman_observer,127,4.114183138002122,200.66966942251085,0.6962025316455697
price_only,60,memory_limited_ridge,0,3.811497317273091,116.47067282893656,0.8227848101265823
price_only,60,memory_limited_ridge,1,4.534030873845805,331.2800587376736,0.4430379746835443
price_only,60,memory_limited_ridge,2,3.701055298993707,83.63623640822695,0.9367088607594937
price_only,60,memory_limited_ridge,3,3.767019315815754,103.24735317466511,0.8734177215189873
price_only,60,memory_limited_ridge,4,3.9677109858002972,162.9130309749736,0.7721518987341772
price_only,60,memory_limited_ridge,5,3.8065233747204634,114.99191860976443,0.8481012658227848
price_only,60,memory_limited_ridge,6,3.843356168052941,125.94231620040789,0.7974683544303798
price_only,60,memory_limited_ridge,7,3.727001584531334,91.3500728276561,0.8607594936708861
price_only,60,memory_limited_ridge,8,3.95938815033079,160.43865015215843,0.7341772151898734
price_only,60,memory_limited_ridge,9,3.616805041419025,58.58861622831991,1.0
price_only,60,memory_limited_ridge,10,4.006575832484831,174.4675584758731,0.7341772151898734
price_only,60,memory_limited_ridge,11,3.7511571577736027,98.53153008627578,0.8987341772151899
price_only,60,memory_limited_ridge,12,3.9655140180783706,162.2598719861419,0.8481012658227848
price_only,60,memory_limited_ridge,13,4.104130985507569,203.47072701028623,0.6835443037974683
price_only,60,memory_limited_ridge,14,3.59984770548078,53.547196509600234,0.9873417721518988
price_only,60,memory_limited_ridge,15,3.9686868835424844,163.20316558921,0.759493670886076
price_only,60,memory_limited_ridge,16,4.1532432412569555,218.07181148885434,0.6329113924050633
price_only,60,memory_limited_ridge,17,3.892616376285456,140.58738698487912,0.7848101265822784
price_only,60,memory_limited_ridge,18,3.8785591358461984,136.40816629836624,0.7974683544303798
price_only,60,memory_limited_ridge,19,3.826876279622896,121.04284173129881,0.8481012658227848
price_only,60,memory_limited_ridge,20,3.6180450081826536,58.95725862093909,0.9620253164556962
price_only,60,memory_limited_ridge,21,4.193661336625993,230.08812016662333,0.620253164556962
price_only,60,memory_limited_ridge,22,3.8097630469139485,115.95507386822624,0.8481012658227848
price_only,60,memory_limited_ridge,23,3.7970136652464257,112.1646798833334,0.8607594936708861
price_only,60,memory_limited_ridge,24,3.7024967774725748,84.06478827828138,0.8860759493670886
price_only,60,memory_limited_ridge,25,4.070751306378124,193.54694103467216,0.7215189873417721
price_only,60,memory_limited_ridge,26,3.826573631954464,120.95286451264771,0.8860759493670886
price_only,60,memory_limited_ridge,27,3.7739887711888573,105.31937379598573,0.8607594936708861
price_only,60,memory_limited_ridge,28,3.665666333937148,73.11508928281971,0.9620253164556962
price_only,60,memory_limited_ridge,29,3.9794253432809503,166.39571204057148,0.759493670886076
price_only,60,memory_limited_ridge,30,4.072281829821771,194.00196599241687,0.6708860759493671
price_only,60,memory_limited_ridge,31,4.040524832149005,184.5606035721716,0.6835443037974683
price_only,60,memory_limited_ridge,32,3.729158992129972,91.99147058309912,0.8607594936708861
price_only,60,memory_limited_ridge,33,3.7430837296520245,96.13129812306957,0.8860759493670886
price_only,60,memory_limited_ridge,34,4.147071452858873,216.23693743533738,0.7215189873417721
price_only,60,memory_limited_ridge,35,3.7567779065350653,100.20257993415268,0.8987341772151899
price_only,60,memory_limited_ridge,36,3.6512600548833745,68.83209933914125,0.9240506329113924
price_only,60,memory_limited_ridge,37,3.847558537376836,127.1916815283095,0.7848101265822784
price_only,60,memory_limited_ridge,38,3.7642161671707894,102.41397646356569,0.8860759493670886
price_only,60,memory_limited_ridge,39,3.815410429585369,117.63404198341499,0.8734177215189873
price_only,60,memory_limited_ridge,40,3.7923603141198354,110.78123756591044,0.8607594936708861
price_only,60,memory_limited_ridge,41,3.7655976043706234,102.82467804810534,0.8607594936708861
price_only,60,memory_limited_ridge,42,4.0318315443692265,181.97608719571397,0.6582278481012658
price_only,60,memory_limited_ridge,43,3.838356547462056,124.45592789479218,0.7974683544303798
price_only,60,memory_limited_ridge,44,3.717493429398107,88.52329620709106,0.8734177215189873
price_only,60,memory_limited_ridge,45,4.040521897057867,184.5597309689277,0.7468354430379747
price_only,60,memory_limited_ridge,46,3.9351498036842085,153.23258434215984,0.7721518987341772
price_only,60,memory_limited_ridge,47,3.922185796693217,149.37838220120872,0.759493670886076
price_only,60,memory_limited_ridge,48,3.7809574782710507,107.39117195025344,0.8860759493670886
price_only,60,memory_limited_ridge,49,4.0052920099285645,174.08587774641924,0.759493670886076
price_only,60,memory_limited_ridge,50,3.6290892383144304,62.24071067774715,0.9746835443037974
price_only,60,memory_limited_ridge,51,3.7210569901021224,89.58274359124944,0.8860759493670886
price_only,60,memory_limited_ridge,52,3.65815179823106,70.88101615814593,0.9493670886075949
price_only,60,memory_limited_ridge,53,3.7642545549866795,102.4253891697058,0.8860759493670886
price_only,60,memory_limited_ridge,54,4.002035500734942,173.11771684409916,0.7848101265822784
price_only,60,memory_limited_ridge,55,3.8559710550659525,129.6927248948175,0.8607594936708861
price_only,60,memory_limited_ridge,56,3.9851316409641124,168.09219560175984,0.6962025316455697
price_only,60,memory_limited_ridge,57,3.605455697357854,55.21445373293167,0.9873417721518988
price_only,60,memory_limited_ridge,58,3.8656116104564795,132.55886414111265,0.7721518987341772
price_only,60,memory_limited_ridge,59,3.838527224789387,124.50667030189408,0.8607594936708861
price_only,60,memory_limited_ridge,60,3.829266167586409,121.75335595055282,0.8227848101265823
price_only,60,memory_limited_ridge,61,3.7461349406227984,97.03842381840643,0.9367088607594937
price_only,60,memory_limited_ridge,62,3.884473511708002,138.16651154800948,0.7974683544303798
price_only,60,memory_limited_ridge,63,4.207180098286888,234.10725099342932,0.759493670886076
price_only,60,memory_limited_ridge,64,3.7954798129788903,111.70866526551113,0.8227848101265823
price_only,60,memory_limited_ridge,65,4.0887825013990415,198.90761929578483,0.7468354430379747
price_only,60,memory_limited_ridge,66,3.8499786624135868,127.9111852361135,0.8481012658227848
price_only,60,memory_limited_ridge,67,3.881142880535554,137.1763141650177,0.8734177215189873
price_only,60,memory_limited_ridge,68,3.8730303744253316,134.76446430715933,0.810126582278481
price_only,60,memory_limited_ridge,69,3.6573953278470355,70.6561173459423,0.9240506329113924
price_only,60,memory_limited_ridge,70,4.010079780589738,175.50928302115415,0.8227848101265823
price_only,60,memory_limited_ridge,71,3.813685906707489,117.12134095103659,0.810126582278481
price_only,60,memory_limited_ridge,72,4.066019176118442,192.1400776635865,0.6835443037974683
price_only,60,memory_limited_ridge,73,4.1430350225064485,215.03690580029402,0.7721518987341772
price_only,60,memory_limited_ridge,74,3.670774633441847,74.63378785350953,0.9367088607594937
price_only,60,memory_limited_ridge,75,3.8191533198626146,118.7468040892922,0.8227848101265823
price_only,60,memory_limited_ridge,76,3.7950212176116103,111.57232476155815,0.8607594936708861
price_only,60,memory_limited_ridge,77,3.7099414881808235,86.27810241567929,0.8481012658227848
price_only,60,memory_limited_ridge,78,3.8717521051169,134.3844345595131,0.8734177215189873
price_only,60,memory_limited_ridge,79,4.116305499012583,207.09021256353137,0.759493670886076
price_only,60,memory_limited_ridge,80,4.0896207838912595,199.15684086581928,0.7848101265822784
price_only,60,memory_limited_ridge,81,3.5628065710910977,42.53485907664679,0.9873417721518988
price_only,60,memory_limited_ridge,82,3.8640732166660117,132.10149932752046,0.8227848101265823
price_only,60,memory_limited_ridge,83,4.392657032954487,289.2495846245073,0.6835443037974683
price_only,60,memory_limited_ridge,84,4.001205998753319,172.8711057218037,0.7974683544303798
price_only,60,memory_limited_ridge,85,4.4444004801533135,304.63292290197666,0.6582278481012658
price_only,60,memory_limited_ridge,86,3.7564252353031304,100.09773069902661,0.8987341772151899
price_only,60,memory_limited_ridge,87,3.994526335874068,170.88524047289343,0.810126582278481
price_only,60,memory_limited_ridge,88,3.942224118617309,155.33577973382071,0.7721518987341772
price_only,60,memory_limited_ridge,89,4.080543239170826,196.45808481605886,0.7088607594936709
price_only,60,memory_limited_ridge,90,3.659613937108,71.31571036910893,0.9367088607594937
price_only,60,memory_limited_ridge,91,4.192579951570179,229.76662415075327,0.5316455696202531
price_only,60,memory_limited_ridge,92,3.8963215274353242,141.68892923985405,0.8227848101265823
price_only,60,memory_limited_ridge,93,3.9054839444058653,144.41291782831178,0.810126582278481
price_only,60,memory_limited_ridge,94,3.7790686506267708,106.82962307454441,0.8607594936708861
price_only,60,memory_limited_ridge,95,3.669955302544071,74.3902005966875,0.9367088607594937
price_only,60,memory_limited_ridge,96,3.792375990543178,110.78589817003191,0.8227848101265823
price_only,60,memory_limited_ridge,97,3.8085863338157337,115.6052368043016,0.8354430379746836
price_only,60,memory_limited_ridge,98,3.907952578451044,145.14684327503224,0.7974683544303798
price_only,60,memory_limited_ridge,99,3.8746442417412785,135.24426741654207,0.7468354430379747
price_only,60,memory_limited_ridge,100,3.6314518069747352,62.94310286212467,0.9746835443037974
price_only,60,memory_limited_ridge,101,3.8669412787881234,132.9541748297091,0.8860759493670886
price_only,60,memory_limited_ridge,102,3.8482764144151314,127.4051065303064,0.810126582278481
price_only,60,memory_limited_ridge,103,3.844600738769971,126.31232734938956,0.8481012658227848
price_only,60,memory_limited_ridge,104,3.7790585979365847,106.82663440753274,0.8607594936708861
price_only,60,memory_limited_ridge,105,3.6493853439548825,68.27474736615332,0.9240506329113924
price_only,60,memory_limited_ridge,106,3.800608824842735,113.23352162514797,0.8607594936708861
price_only,60,memory_limited_ridge,107,3.89471216968543,141.21046682545474,0.8227848101265823
price_only,60,memory_limited_ridge,108,3.8689109183141523,133.53974909570545,0.810126582278481
price_only,60,memory_limited_ridge,109,3.6986310898330905,82.91551848949577,0.9240506329113924
price_only,60,memory_limited_ridge,110,3.7586699450516874,100.76508340291787,0.8481012658227848
price_only,60,memory_limited_ridge,111,4.131328540966562,211.55656625362536,0.6962025316455697
price_only,60,memory_limited_ridge,112,3.786460647512348,109.02726538082347,0.810126582278481
price_only,60,memory_limited_ridge,113,3.8676104174316484,133.15310989617896,0.8607594936708861
price_only,60,memory_limited_ridge,114,4.079626502779349,196.185538884452,0.7088607594936709
price_only,60,memory_limited_ridge,115,4.2798566708378,255.71401206023125,0.5949367088607594
price_only,60,memory_limited_ridge,116,3.873669839629672,134.95457745360744,0.810126582278481
price_only,60,memory_limited_ridge,117,3.644742726208474,66.89449608502895,0.8987341772151899
price_only,60,memory_limited_ridge,118,4.277948870727706,255.1468226662471,0.620253164556962
price_only,60,memory_limited_ridge,119,4.724641373286621,387.9486023093506,0.379746835443038
price_only,60,memory_limited_ridge,120,3.7803607967399815,107.21377839931559,0.810126582278481
price_only,60,memory_limited_ridge,121,3.768262415507194,103.61692698741388,0.8481012658227848
price_only,60,memory_limited_ridge,122,3.7496665483351874,98.08837157109905,0.8354430379746836
price_only,60,memory_limited_ridge,123,4.0166139306588535,177.45188727948138,0.7468354430379747
price_only,60,memory_limited_ridge,124,3.8534741278584947,128.95038788470407,0.8987341772151899
price_only,60,memory_limited_ridge,125,3.860351891909045,130.9951486555839,0.810126582278481
price_only,60,memory_limited_ridge,126,3.7666331372387627,103.13254219845525,0.8481012658227848
price_only,60,memory_limited_ridge,127,4.122046043532641,208.7968777168904,0.6835443037974683
price_only,120,hidden_state_oracle,0,4.201375652264322,247.51393406820804,0.9253731343283582
price_only,120,hidden_state_oracle,1,5.313565309496324,1025.403999848405,0.417910447761194
price_only,120,hidden_state_oracle,2,4.149683782491973,211.35949609439004,0.9253731343283582
price_only,120,hidden_state_oracle,3,4.044301955945226,137.65311386772416,0.9552238805970149
price_only,120,hidden_state_oracle,4,4.502167748489495,457.89458452408,0.6865671641791045
price_only,120,hidden_state_oracle,5,4.120566876956751,190.9944878290912,0.8955223880597015
price_only,120,hidden_state_oracle,6,4.187724972544507,237.96634649971628,0.8955223880597015
price_only,120,hidden_state_oracle,7,4.16628717862289,222.97227888235358,0.8955223880597015
price_only,120,hidden_state_oracle,8,4.305118095182948,320.0736950958468,0.8208955223880597
price_only,120,hidden_state_oracle,9,3.929707976047254,57.50354766630707,1.0
price_only,120,hidden_state_oracle,10,4.7628707179010386,640.236012270639,0.6716417910447762
price_only,120,hidden_state_oracle,11,4.047457018680217,139.85983458527804,0.9850746268656716
price_only,120,hidden_state_oracle,12,4.609519631912511,532.9788681393338,0.6716417910447762
price_only,120,hidden_state_oracle,13,4.842537770560343,695.9569124162988,0.5373134328358209
price_only,120,hidden_state_oracle,14,3.9784081660279202,91.56553856977494,1.0
price_only,120,hidden_state_oracle,15,4.292198867092678,311.03770098852783,0.8656716417910447
price_only,120,hidden_state_oracle,16,4.69399001869799,592.0593264997964,0.5970149253731343
price_only,120,hidden_state_oracle,17,4.230150802067912,267.63991080967133,0.8955223880597015
price_only,120,hidden_state_oracle,18,4.263584935930487,291.024484133605,0.7910447761194029
price_only,120,hidden_state_oracle,19,4.097290215196636,174.71427534016786,0.9552238805970149
price_only,120,hidden_state_oracle,20,4.000257726259315,106.84760465908667,1.0
price_only,120,hidden_state_oracle,21,5.039551660177392,833.752787928428,0.3880597014925373
price_only,120,hidden_state_oracle,22,3.9878880465325848,98.19597684207089,1.0
price_only,120,hidden_state_oracle,23,4.0317480543177995,128.8726371754113,0.9701492537313433
price_only,120,hidden_state_oracle,24,4.071099218508432,156.39571249060833,0.9402985074626866
price_only,120,hidden_state_oracle,25,4.28643569804571,307.0068129831437,0.8208955223880597
price_only,120,hidden_state_oracle,26,4.25671726071964,286.22108006777506,0.835820895522388
price_only,120,hidden_state_oracle,27,4.180617800728216,232.99543320652288,0.8805970149253731
price_only,120,hidden_state_oracle,28,3.9941759094816334,102.59384737723265,1.0
price_only,120,hidden_state_oracle,29,4.572784701953043,507.28564495856625,0.6119402985074627
price_only,120,hidden_state_oracle,30,4.604124186106624,529.2051739087083,0.6716417910447762
price_only,120,hidden_state_oracle,31,4.75276801078981,633.1699552827762,0.5522388059701493
price_only,120,hidden_state_oracle,32,4.141855622487076,205.88430770223928,0.9402985074626866
price_only,120,hidden_state_oracle,33,4.156554751199019,216.16520370436788,0.9402985074626866
price_only,120,hidden_state_oracle,34,4.713356347473202,605.6045655396606,0.746268656716418
price_only,120,hidden_state_oracle,35,4.334592374937089,340.6886588007203,0.7761194029850746
price_only,120,hidden_state_oracle,36,4.058518647493983,147.5965826386541,0.9850746268656716
price_only,120,hidden_state_oracle,37,4.150492548718225,211.9251650959406,0.8955223880597015
price_only,120,hidden_state_oracle,38,4.073475588209669,158.05779806314732,0.9701492537313433
price_only,120,hidden_state_oracle,39,4.189142372206919,238.9577071992689,0.8507462686567164
price_only,120,hidden_state_oracle,40,4.2801012836787855,302.5763833558557,0.7761194029850746
price_only,120,hidden_state_oracle,41,4.109387412487732,183.17532291000947,0.9402985074626866
price_only,120,hidden_state_oracle,42,4.511046756559083,464.10475931432563,0.6865671641791045
price_only,120,hidden_state_oracle,43,4.266105840790897,292.78766079591185,0.8955223880597015
price_only,120,hidden_state_oracle,44,4.083552121483951,165.10554849006172,1.0
price_only,120,hidden_state_oracle,45,4.558198004701041,497.08338600831377,0.6268656716417911
price_only,120,hidden_state_oracle,46,4.360672788822287,358.92987758999146,0.835820895522388
price_only,120,hidden_state_oracle,47,4.765400994155729,642.0057434935502,0.6567164179104478
price_only,120,hidden_state_oracle,48,4.351046484226648,352.1970270672118,0.7910447761194029
price_only,120,hidden_state_oracle,49,4.835951686851672,691.3504596804206,0.5373134328358209
price_only,120,hidden_state_oracle,50,4.011740073533301,114.87861251659757,1.0
price_only,120,hidden_state_oracle,51,3.913202972447455,45.95958279263197,1.0
price_only,120,hidden_state_oracle,52,4.17878474808861,231.71335561379587,0.8955223880597015
price_only,120,hidden_state_oracle,53,4.129205423844368,197.0364787457997,0.8805970149253731
price_only,120,hidden_state_oracle,54,4.692306319852121,590.8817102565147,0.5522388059701493
price_only,120,hidden_state_oracle,55,4.017432411824128,118.85995992322187,0.9850746268656716
price_only,120,hidden_state_oracle,56,4.426203454930739,404.76347605789107,0.7611940298507462
price_only,120,hidden_state_oracle,57,3.952430097427582,73.39590233826065,1.0
price_only,120,hidden_state_oracle,58,4.107134795883956,181.5997929932448,0.9850746268656716
price_only,120,hidden_state_oracle,59,4.349239552369356,350.93321892784644,0.746268656716418
price_only,120,hidden_state_oracle,60,4.161972500384635,219.95449741248103,0.8955223880597015
price_only,120,hidden_state_oracle,61,4.272282074322358,297.10745524537407,0.7910447761194029
price_only,120,hidden_state_oracle,62,4.698977177253549,595.5474555896634,0.5671641791044776
price_only,120,hidden_state_oracle,63,4.887767716760682,727.591738002237,0.6716417910447762
price_only,120,hidden_state_oracle,64,4.255700826235244,285.51016328951914,0.7761194029850746
price_only,120,hidden_state_oracle,65,4.799392377834678,665.78006967438,0.5223880597014925
price_only,120,hidden_state_oracle,66,4.3559403864037005,355.61993058162255,0.7761194029850746
price_only,120,hidden_state_oracle,67,4.045379307808666,138.40663760935473,0.9402985074626866
price_only,120,hidden_state_oracle,68,4.313839196979219,326.1734267431115,0.8059701492537313
price_only,120,hidden_state_oracle,69,4.0480303281399115,140.26081991220863,0.9701492537313433
price_only,120,hidden_state_oracle,70,4.34708221570486,349.42432990973424,0.7761194029850746
price_only,120,hidden_state_oracle,71,4.095861086126815,173.71471083342956,0.8955223880597015
price_only,120,hidden_state_oracle,72,4.7920134752183134,660.6191018445624,0.4626865671641791
price_only,120,hidden_state_oracle,73,5.168484555620213,923.9313090692043,0.417910447761194
price_only,120,hidden_state_oracle,74,4.331913830696054,338.81522566608754,0.7910447761194029
price_only,120,hidden_state_oracle,75,4.135432395752467,201.3917607390342,0.9402985074626866
price_only,120,hidden_state_oracle,76,4.072416703634058,157.3171907514184,0.9701492537313433
price_only,120,hidden_state_oracle,77,4.133014373727067,199.70054260895495,0.8955223880597015
price_only,120,hidden_state_oracle,78,4.127985872054016,196.18349722753973,0.9552238805970149
price_only,120,hidden_state_oracle,79,4.726695053506061,614.9339518056187,0.6567164179104478
price_only,120,hidden_state_oracle,80,4.345465627414159,348.29365227430014,0.8656716417910447
price_only,120,hidden_state_oracle,81,3.9907435737438117,100.19319578376341,0.9701492537313433
price_only,120,hidden_state_oracle,82,4.3413999309435605,345.4500141642067,0.7910447761194029
price_only,120,hidden_state_oracle,83,4.609426901247521,532.9140102595462,0.6716417910447762
price_only,120,hidden_state_oracle,84,4.176159184845056,229.87697856159193,0.8955223880597015
price_only,120,hidden_state_oracle,85,4.860189261845644,708.302756155948,0.6417910447761194
price_only,120,hidden_state_oracle,86,4.075902363159689,159.75513818246188,0.9253731343283582
price_only,120,hidden_state_oracle,87,4.620779166706837,540.8540360163747,0.7313432835820896
price_only,120,hidden_state_oracle,88,4.161863036557234,219.87793598849976,0.8805970149253731
price_only,120,hidden_state_oracle,89,4.520775459877514,470.9092297705292,0.6865671641791045
price_only,120,hidden_state_oracle,90,4.211269427649553,254.43385958197726,0.8955223880597015
price_only,120,hidden_state_oracle,91,5.062242710233414,849.6234106283642,0.44776119402985076
price_only,120,hidden_state_oracle,92,4.27069971755699,296.00071989651053,0.7761194029850746
price_only,120,hidden_state_oracle,93,4.045673467192813,138.61237919415896,0.9253731343283582
price_only,120,hidden_state_oracle,94,4.117090652789829,188.56313969679235,0.9104477611940298
price_only,120,hidden_state_oracle,95,4.052463619573778,143.36156207672047,0.9850746268656716
price_only,120,hidden_state_oracle,96,4.280427797971093,302.8047546796396,0.7910447761194029
price_only,120,hidden_state_oracle,97,4.191736867617915,240.77235472166194,0.8955223880597015
price_only,120,hidden_state_oracle,98,4.20089214452825,247.17575805463477,0.8208955223880597
price_only,120,hidden_state_oracle,99,4.522804028606615,472.32805564421005,0.6417910447761194
price_only,120,hidden_state_oracle,100,4.036906391859349,132.48049263731014,0.9850746268656716
price_only,120,hidden_state_oracle,101,4.447093123896717,419.3741729479458,0.7313432835820896
price_only,120,hidden_state_oracle,102,4.427115440501737,405.4013389540272,0.8059701492537313
price_only,120,hidden_state_oracle,103,4.452381167873614,423.0727479619174,0.6716417910447762
price_only,120,hidden_state_oracle,104,4.223467629412958,262.9655519155947,0.835820895522388
price_only,120,hidden_state_oracle,105,4.008480394069974,112.59872054344247,1.0
price_only,120,hidden_state_oracle,106,4.374190488288278,368.38445582529437,0.7164179104477612
price_only,120,hidden_state_oracle,107,4.254773439347501,284.86152837152855,0.835820895522388
price_only,120,hidden_state_oracle,108,4.54708163857444,489.3083534666675,0.6417910447761194
price_only,120,hidden_state_oracle,109,4.2338942946019555,270.258192354208,0.8656716417910447
price_only,120,hidden_state_oracle,110,4.150170288101616,211.699768887099,0.9552238805970149
price_only,120,hidden_state_oracle,111,4.744732646984164,627.5498439657034,0.5671641791044776
price_only,120,hidden_state_oracle,112,4.44953476318051,421.08190951133776,0.7164179104477612
price_only,120,hidden_state_oracle,113,4.17013494951306,225.66349501747663,0.9104477611940298
price_only,120,hidden_state_oracle,114,4.490329641050741,449.61475013219746,0.6865671641791045
price_only,120,hidden_state_oracle,115,5.211838276579266,954.253861189126,0.34328358208955223
price_only,120,hidden_state_oracle,116,4.449203175341512,420.84998963669017,0.7761194029850746
price_only,120,hidden_state_oracle,117,3.966453256109381,83.20400993798239,1.0
price_only,120,hidden_state_oracle,118,5.114477888257283,886.1578504200068,0.43283582089552236
price_only,120,hidden_state_oracle,119,5.655314115741947,1264.4306799133299,0.3880597014925373
price_only,120,hidden_state_oracle,120,4.035939704232199,131.80436991221256,0.9701492537313433
price_only,120,hidden_state_oracle,121,3.988025122586782,98.29185086870206,0.9850746268656716
price_only,120,hidden_state_oracle,122,4.144766932842218,207.9205426096047,0.8805970149253731
price_only,120,hidden_state_oracle,123,4.461037451572366,429.1271443969595,0.7014925373134329
price_only,120,hidden_state_oracle,124,4.0895142036536445,169.2755607366356,0.9701492537313433
price_only,120,hidden_state_oracle,125,4.249130963061051,280.9150555545143,0.7761194029850746
price_only,120,hidden_state_oracle,126,4.145965150951869,208.75860287933904,0.8955223880597015
price_only,120,hidden_state_oracle,127,4.626511374142448,544.8632687854076,0.6268656716417911
price_only,120,causal_kalman_observer,0,4.244295822293563,262.30319521786623,0.9402985074626866
price_only,120,causal_kalman_observer,1,5.402491743130987,1198.345151316157,0.417910447761194
price_only,120,causal_kalman_observer,2,4.305002750563144,311.3492801405088,0.9104477611940298
price_only,120,causal_kalman_observer,3,4.105226749307695,149.87048298403303,0.9701492537313433
price_only,120,causal_kalman_observer,4,4.662086206022206,599.9329366714492,0.6119402985074627
price_only,120,causal_kalman_observer,5,4.318273216749509,322.0516345368209,0.8059701492537313
price_only,120,causal_kalman_observer,6,4.28631506404602,296.2192670623928,0.8805970149253731
price_only,120,causal_kalman_observer,7,4.3111350616253965,316.3315503012796,0.8208955223880597
price_only,120,causal_kalman_observer,8,4.224129412775338,245.9621331042469,0.8955223880597015
price_only,120,causal_kalman_observer,9,4.012083068978776,74.60111291740247,1.0
price_only,120,causal_kalman_observer,10,4.765838833003449,683.7714310508242,0.7014925373134329
price_only,120,causal_kalman_observer,11,4.227662708296752,248.82384208692991,0.9402985074626866
price_only,120,causal_kalman_observer,12,4.69902107889606,629.7923833291864,0.6417910447761194
price_only,120,causal_kalman_observer,13,5.045000972912408,909.4381714570036,0.44776119402985076
price_only,120,causal_kalman_observer,14,4.068176220299924,119.94346383473413,1.0
price_only,120,causal_kalman_observer,15,4.482743307944646,455.0045000452999,0.6567164179104478
price_only,120,causal_kalman_observer,16,4.774191515653284,690.5799216057167,0.6268656716417911
price_only,120,causal_kalman_observer,17,4.3077098352446965,313.5069702028797,0.8656716417910447
price_only,120,causal_kalman_observer,18,4.425326109558686,408.64898620953835,0.7014925373134329
price_only,120,causal_kalman_observer,19,4.267142230659741,280.75721826493884,0.8507462686567164
price_only,120,causal_kalman_observer,20,4.064821418679509,117.23463946115689,1.0
price_only,120,causal_kalman_observer,21,5.235295776048871,1063.1918724792704,0.417910447761194
price_only,120,causal_kalman_observer,22,4.1137815745431885,156.7979121112564,1.0
price_only,120,causal_kalman_observer,23,4.092877834330543,139.8905910749369,1.0
price_only,120,causal_kalman_observer,24,4.111330911817512,154.79394659339232,0.9402985074626866
price_only,120,causal_kalman_observer,25,4.362494925091523,357.8505456480131,0.7761194029850746
price_only,120,causal_kalman_observer,26,4.277322656534309,289.07535348196245,0.8507462686567164
price_only,120,causal_kalman_observer,27,4.111968128072871,155.3126780281084,0.9552238805970149
price_only,120,causal_kalman_observer,28,4.03895380315265,96.33552243206753,0.9850746268656716
price_only,120,causal_kalman_observer,29,4.655329201964414,594.4554199286924,0.6567164179104478
price_only,120,causal_kalman_observer,30,4.7927308829683195,705.4867987281043,0.5223880597014925
price_only,120,causal_kalman_observer,31,4.934331490360076,819.9817082104138,0.5223880597014925
price_only,120,causal_kalman_observer,32,4.322719668877313,325.63873551155064,0.835820895522388
price_only,120,causal_kalman_observer,33,4.138386724380779,176.6798457175043,0.9552238805970149
price_only,120,causal_kalman_observer,34,4.678891378887183,613.5254243824521,0.7014925373134329
price_only,120,causal_kalman_observer,35,4.342602709334693,341.7706397018143,0.7761194029850746
price_only,120,causal_kalman_observer,36,4.185579462736603,214.8393290053402,1.0
price_only,120,causal_kalman_observer,37,4.217039063853908,240.22542902966717,0.9402985074626866
price_only,120,causal_kalman_observer,38,4.160266041640055,194.39591975104875,0.9701492537313433
price_only,120,causal_kalman_observer,39,4.318991093964443,322.6866865434513,0.8208955223880597
price_only,120,causal_kalman_observer,40,4.353298091849621,350.3515871967418,0.8059701492537313
price_only,120,causal_kalman_observer,41,4.14502911527096,182.03140633845447,0.9552238805970149
price_only,120,causal_kalman_observer,42,4.730283159219302,655.0236720573595,0.5671641791044776
price_only,120,causal_kalman_observer,43,4.335309919628935,335.9757786636288,0.8805970149253731
price_only,120,causal_kalman_observer,44,4.157221922711825,191.91516399269815,0.9253731343283582
price_only,120,causal_kalman_observer,45,4.726811304577287,652.2869517039235,0.6119402985074627
price_only,120,causal_kalman_observer,46,4.5371836218683,499.02974107434386,0.7164179104477612
price_only,120,causal_kalman_observer,47,4.659184066511702,597.556502440391,0.7164179104477612
price_only,120,causal_kalman_observer,48,4.402811261646241,390.398251999937,0.7761194029850746
price_only,120,causal_kalman_observer,49,4.635640624288543,578.5609959910421,0.6716417910447762
price_only,120,causal_kalman_observer,50,4.073343024634713,124.09346658333993,1.0
price_only,120,causal_kalman_observer,51,4.012557742608065,74.98148166646583,1.0
price_only,120,causal_kalman_observer,52,4.242339496832162,260.6726952114202,0.8656716417910447
price_only,120,causal_kalman_observer,53,4.174753434616782,206.05219079792778,0.9104477611940298
price_only,120,causal_kalman_observer,54,4.860756078350579,760.5312082639133,0.47761194029850745
price_only,120,causal_kalman_observer,55,4.211322648887249,235.60560145272768,0.8656716417910447
price_only,120,causal_kalman_observer,56,4.520040635179046,485.12677787554577,0.6716417910447762
price_only,120,causal_kalman_observer,57,4.063892424498725,116.47056626461095,1.0
price_only,120,causal_kalman_observer,58,4.3499990573446405,347.69123143168275,0.835820895522388
price_only,120,causal_kalman_observer,59,4.56495177845539,521.4198437945502,0.7761194029850746
price_only,120,causal_kalman_observer,60,4.240279643356207,259.0122685964419,0.9402985074626866
price_only,120,causal_kalman_observer,61,4.276753809807211,288.4890602822169,0.835820895522388
price_only,120,causal_kalman_observer,62,4.672730557508392,608.5038310666198,0.5970149253731343
price_only,120,causal_kalman_observer,63,4.794417304558213,706.9839593296489,0.7014925373134329
price_only,120,causal_kalman_observer,64,4.215547781718101,239.02156587363027,0.9253731343283582
price_only,120,causal_kalman_observer,65,4.685265569827339,618.6404829506743,0.6567164179104478
price_only,120,causal_kalman_observer,66,4.459265571782146,435.99917417254954,0.7611940298507462
price_only,120,causal_kalman_observer,67,4.132406166683251,171.8873975954825,0.9552238805970149
price_only,120,causal_kalman_observer,68,4.408870375438184,395.3564880352232,0.7761194029850746
price_only,120,causal_kalman_observer,69,4.098687072165079,144.5871575573712,0.9552238805970149
price_only,120,causal_kalman_observer,70,4.457501845801934,434.607904226946,0.6865671641791045
price_only,120,causal_kalman_observer,71,4.151902158407273,187.59623890387945,0.9104477611940298
price_only,120,causal_kalman_observer,72,5.02015591963638,889.3206607097666,0.373134328358209
price_only,120,causal_kalman_observer,73,5.07632928775824,934.7067828230842,0.44776119402985076
price_only,120,causal_kalman_observer,74,4.304351666351763,310.79047423724546,0.7761194029850746
price_only,120,causal_kalman_observer,75,4.235570888799256,255.21248887332717,0.8805970149253731
price_only,120,causal_kalman_observer,76,4.182192703280873,212.07420498320312,0.9253731343283582
price_only,120,causal_kalman_observer,77,4.1306285230836535,170.42035271136422,0.9552238805970149
price_only,120,causal_kalman_observer,78,4.167690090651487,200.3419989029749,0.9104477611940298
price_only,120,causal_kalman_observer,79,4.819173553664064,726.8752167506597,0.746268656716418
price_only,120,causal_kalman_observer,80,4.506487390287106,474.1663718970417,0.7910447761194029
price_only,120,causal_kalman_observer,81,4.0989169885990675,144.76083012731974,1.0
price_only,120,causal_kalman_observer,82,4.3635665142891105,358.6506825947715,0.7910447761194029
price_only,120,causal_kalman_observer,83,4.89994559400822,792.1576128667703,0.6865671641791045
price_only,120,causal_kalman_observer,84,4.142238893250336,179.7889361638217,0.9552238805970149
price_only,120,causal_kalman_observer,85,4.803079679205328,713.9258428457919,0.6865671641791045
price_only,120,causal_kalman_observer,86,4.145774179357768,182.63284780798463,0.9253731343283582
price_only,120,causal_kalman_observer,87,4.6665582607166805,603.5258708927661,0.7313432835820896
price_only,120,causal_kalman_observer,88,4.251079867397826,267.7372144805356,0.9104477611940298
price_only,120,causal_kalman_observer,89,4.49524829360815,465.07536749451623,0.7611940298507462
price_only,120,causal_kalman_observer,90,4.2120542806952415,236.19572951722796,0.9253731343283582
price_only,120,causal_kalman_observer,91,5.061030492159233,922.4315702990634,0.47761194029850745
price_only,120,causal_kalman_observer,92,4.376432122762873,369.04948202023417,0.8208955223880597
price_only,120,causal_kalman_observer,93,4.1494088846253865,185.58428254139184,0.9402985074626866
price_only,120,causal_kalman_observer,94,4.124345389918538,165.3130028857924,0.9552238805970149
price_only,120,causal_kalman_observer,95,4.112848328406946,156.07399342840077,0.9701492537313433
price_only,120,causal_kalman_observer,96,4.529599676683671,492.8634344817386,0.6865671641791045
price_only,120,causal_kalman_observer,97,4.230778942588289,251.34301077860837,0.9253731343283582
price_only,120,causal_kalman_observer,98,4.288170625569959,297.81514018167013,0.8208955223880597
price_only,120,causal_kalman_observer,99,4.556156538540626,514.4059317136707,0.6567164179104478
price_only,120,causal_kalman_observer,100,4.057162719180829,111.01848906275029,1.0
price_only,120,causal_kalman_observer,101,4.296471250123114,304.4204162968578,0.8208955223880597
price_only,120,causal_kalman_observer,102,4.54796713513328,507.73340471809587,0.746268656716418
price_only,120,causal_kalman_observer,103,4.507352723210798,474.89769650032486,0.6567164179104478
price_only,120,causal_kalman_observer,104,4.255253541269508,271.1273576437294,0.8805970149253731
price_only,120,causal_kalman_observer,105,4.138938626738419,177.19456640359954,0.9104477611940298
price_only,120,causal_kalman_observer,106,4.453963143991099,431.7500981711179,0.746268656716418
price_only,120,causal_kalman_observer,107,4.321379385450845,324.5634688563612,0.7761194029850746
price_only,120,causal_kalman_observer,108,4.531133099525683,494.1578661573748,0.6865671641791045
price_only,120,causal_kalman_observer,109,4.330106653869539,331.60656101576603,0.8656716417910447
price_only,120,causal_kalman_observer,110,4.341452011863047,340.7994423570203,0.8507462686567164
price_only,120,causal_kalman_observer,111,5.053620932891702,916.4516296529629,0.5671641791044776
price_only,120,causal_kalman_observer,112,4.329069612551217,330.7682408021568,0.8507462686567164
price_only,120,causal_kalman_observer,113,4.222951429817444,245.0355785462601,0.8805970149253731
price_only,120,causal_kalman_observer,114,4.653589661844188,593.0693929494078,0.582089552238806
price_only,120,causal_kalman_observer,115,5.369659708612261,1171.8382141849593,0.373134328358209
price_only,120,causal_kalman_observer,116,4.359183172377953,355.1954987497963,0.8208955223880597
price_only,120,causal_kalman_observer,117,4.0756142388310925,125.95168366487135,1.0
price_only,120,causal_kalman_observer,118,5.0856602650907625,942.2603339480504,0.4925373134328358
price_only,120,causal_kalman_observer,119,5.883917636335429,1587.5455247063248,0.3880597014925373
price_only,120,causal_kalman_observer,120,4.170513932879707,202.64376953338282,0.9402985074626866
price_only,120,causal_kalman_observer,121,4.094950076897209,141.59814951985723,1.0
price_only,120,causal_kalman_observer,122,4.183982334044841,213.53300655906042,0.9850746268656716
price_only,120,causal_kalman_observer,123,4.687183714336865,620.2111507736456,0.7313432835820896
price_only,120,causal_kalman_observer,124,4.189906977526744,218.301042669159,0.9253731343283582
price_only,120,causal_kalman_observer,125,4.311281963012955,316.507197159459,0.8507462686567164
price_only,120,causal_kalman_observer,126,4.270121030867147,283.13641097860204,0.8955223880597015
price_only,120,causal_kalman_observer,127,4.6792784634798315,613.799025667977,0.5970149253731343
price_only,120,memory_limited_ridge,0,4.302266674174794,276.4321889058831,0.9552238805970149
price_only,120,memory_limited_ridge,1,5.242936967658249,1215.3850241625562,0.47761194029850745
price_only,120,memory_limited_ridge,2,4.30252855372252,276.69359031882834,0.9552238805970149
price_only,120,memory_limited_ridge,3,4.189591556568204,163.96279142145332,1.0
price_only,120,memory_limited_ridge,4,4.656184129575905,629.7034684368833,0.6716417910447762
price_only,120,memory_limited_ridge,5,4.325429239958214,299.55246490994676,0.8656716417910447
price_only,120,memory_limited_ridge,6,4.351204277480547,325.28044285088936,0.9104477611940298
price_only,120,memory_limited_ridge,7,4.3297036603059125,303.81908110092786,0.8507462686567164
price_only,120,memory_limited_ridge,8,4.263427772727738,237.66419879861596,0.9402985074626866
price_only,120,memory_limited_ridge,9,4.106720071367854,81.24261142868716,1.0
price_only,120,memory_limited_ridge,10,4.678507662529618,651.986243501685,0.7761194029850746
price_only,120,memory_limited_ridge,11,4.275398621254987,249.61319117453496,0.9701492537313433
price_only,120,memory_limited_ridge,12,4.701664581580363,675.1008830827728,0.6417910447761194
price_only,120,memory_limited_ridge,13,4.967501938303888,940.4528789328292,0.47761194029850745
price_only,120,memory_limited_ridge,14,4.171790849412017,146.19458446343165,1.0
price_only,120,memory_limited_ridge,15,4.465889055761715,439.7558318090286,0.8059701492537313
price_only,120,memory_limited_ridge,16,4.70307862694283,676.512346707665,0.6865671641791045
price_only,120,memory_limited_ridge,17,4.344865772632005,318.95351072593945,0.8955223880597015
price_only,120,memory_limited_ridge,18,4.415353078295679,389.3121219853837,0.7761194029850746
price_only,120,memory_limited_ridge,19,4.334734053973893,308.84029037024095,0.9253731343283582
price_only,120,memory_limited_ridge,20,4.1519531409272314,126.39309529573666,1.0
price_only,120,memory_limited_ridge,21,5.018540373092426,991.3981287017955,0.43283582089552236
price_only,120,memory_limited_ridge,22,4.215438839472756,189.76288284034501,1.0
price_only,120,memory_limited_ridge,23,4.189008411544205,163.38071109273136,1.0
price_only,120,memory_limited_ridge,24,4.171190998493253,145.5958287412562,0.9850746268656716
price_only,120,memory_limited_ridge,25,4.394053026471225,368.0509593971385,0.8507462686567164
price_only,120,memory_limited_ridge,26,4.332302446578876,306.41312255852444,0.8656716417910447
price_only,120,memory_limited_ridge,27,4.201957889727718,176.30654636119397,0.9701492537313433
price_only,120,memory_limited_ridge,28,4.121868397830828,96.36328036055001,0.9850746268656716
price_only,120,memory_limited_ridge,29,4.618687824375284,592.275623288935,0.746268656716418
price_only,120,memory_limited_ridge,30,4.690096477189654,663.5538995206805,0.6865671641791045
price_only,120,memory_limited_ridge,31,4.91379817949282,886.8471714400803,0.582089552238806
price_only,120,memory_limited_ridge,32,4.317285374558298,291.4234684271487,0.9104477611940298
price_only,120,memory_limited_ridge,33,4.1926495533937915,167.0152050136346,0.9701492537313433
price_only,120,memory_limited_ridge,34,4.625067070822061,598.6432226268726,0.7611940298507462
price_only,120,memory_limited_ridge,35,4.362614402938467,336.66973591517177,0.8656716417910447
price_only,120,memory_limited_ridge,36,4.2433521440657715,217.62522384394882,1.0
price_only,120,memory_limited_ridge,37,4.3113310362092445,285.4800013976786,0.9402985074626866
price_only,120,memory_limited_ridge,38,4.216810855101766,191.1323934688841,0.9850746268656716
price_only,120,memory_limited_ridge,39,4.331240219932848,305.35283530603687,0.8507462686567164
price_only,120,memory_limited_ridge,40,4.356498395260627,330.5648947297522,0.9104477611940298
price_only,120,memory_limited_ridge,41,4.234095008129678,208.38498941349596,0.9850746268656716
price_only,120,memory_limited_ridge,42,4.735478916458693,708.8534803809725,0.6119402985074627
price_only,120,memory_limited_ridge,43,4.34819241513528,322.27407950755475,0.9104477611940298
price_only,120,memory_limited_ridge,44,4.229747052396239,204.04497209630532,0.9701492537313433
price_only,120,memory_limited_ridge,45,4.745405573428343,718.7620134460041,0.6567164179104478
price_only,120,memory_limited_ridge,46,4.570440307045872,544.1161953742023,0.746268656716418
price_only,120,memory_limited_ridge,47,4.587359747981616,561.0047451111614,0.7761194029850746
price_only,120,memory_limited_ridge,48,4.411017458887531,384.98441847005415,0.8805970149253731
price_only,120,memory_limited_ridge,49,4.613785132372084,587.3818825290908,0.7164179104477612
price_only,120,memory_limited_ridge,50,4.169674101499178,144.0817012693401,1.0
price_only,120,memory_limited_ridge,51,4.103227720450785,77.75663678059739,1.0
price_only,120,memory_limited_ridge,52,4.307543040792485,281.69892203209673,0.9402985074626866
price_only,120,memory_limited_ridge,53,4.2625037171977,236.74183039187923,0.9253731343283582
price_only,120,memory_limited_ridge,54,4.795357457882708,768.622696684072,0.5522388059701493
price_only,120,memory_limited_ridge,55,4.271460868079068,245.6826274747109,0.9253731343283582
price_only,120,memory_limited_ridge,56,4.538158152202945,511.8929806857559,0.746268656716418
price_only,120,memory_limited_ridge,57,4.139309381285495,113.7724203938557,1.0
price_only,120,memory_limited_ridge,58,4.400665542122491,374.65140204101374,0.8955223880597015
price_only,120,memory_limited_ridge,59,4.557032836686494,530.7332041234229,0.7910447761194029
price_only,120,memory_limited_ridge,60,4.278462077946345,252.67105466396754,0.9552238805970149
price_only,120,memory_limited_ridge,61,4.34665111181892,320.7355902739619,0.8955223880597015
price_only,120,memory_limited_ridge,62,4.599671598574827,573.2941169578494,0.7313432835820896
price_only,120,memory_limited_ridge,63,4.76776429515732,741.0799130390637,0.7014925373134329
price_only,120,memory_limited_ridge,64,4.302071195874217,276.2370675059311,0.9402985074626866
price_only,120,memory_limited_ridge,65,4.703159937707294,676.5935090164578,0.746268656716418
price_only,120,memory_limited_ridge,66,4.468585934468099,442.4477866047153,0.8507462686567164
price_only,120,memory_limited_ridge,67,4.196179236328616,170.53844351937957,1.0
price_only,120,memory_limited_ridge,68,4.392299876175702,366.30100997063244,0.8059701492537313
price_only,120,memory_limited_ridge,69,4.173260169897078,147.66122229063603,0.9850746268656716
price_only,120,memory_limited_ridge,70,4.513607708348902,487.38736057289,0.7014925373134329
price_only,120,memory_limited_ridge,71,4.240647294652941,214.92531289458304,0.9253731343283582
price_only,120,memory_limited_ridge,72,4.929918150479432,902.9377108851861,0.47761194029850745
price_only,120,memory_limited_ridge,73,4.959544743627264,932.5102123534089,0.5671641791044776
price_only,120,memory_limited_ridge,74,4.314534859260338,288.67797496857224,0.8805970149253731
price_only,120,memory_limited_ridge,75,4.261976131536224,236.2152079864358,0.9402985074626866
price_only,120,memory_limited_ridge,76,4.268434835451099,242.66211972051232,0.9402985074626866
price_only,120,memory_limited_ridge,77,4.223821187713573,198.12992674653555,0.9402985074626866
price_only,120,memory_limited_ridge,78,4.21411740889732,188.4438649081373,0.9402985074626866
price_only,120,memory_limited_ridge,79,4.784132251929956,757.4179855023846,0.7761194029850746
price_only,120,memory_limited_ridge,80,4.498447518897772,472.25485031209246,0.8208955223880597
price_only,120,memory_limited_ridge,81,4.18107700027453,155.4637808453971,1.0
price_only,120,memory_limited_ridge,82,4.4017772677828395,375.7610979334469,0.835820895522388
price_only,120,memory_limited_ridge,83,4.816444670778396,789.6714089408891,0.746268656716418
price_only,120,memory_limited_ridge,84,4.21579150639997,190.1149058748812,0.9552238805970149
price_only,120,memory_limited_ridge,85,4.763498647961216,736.8220539818219,0.7611940298507462
price_only,120,memory_limited_ridge,86,4.214217285501073,188.54355915905637,0.9850746268656716
price_only,120,memory_limited_ridge,87,4.589094664729321,562.736494280319,0.746268656716418
price_only,120,memory_limited_ridge,88,4.308676422469203,282.83023440174827,0.9253731343283582
price_only,120,memory_limited_ridge,89,4.5248103109883,498.5695097099326,0.7761194029850746
price_only,120,memory_limited_ridge,90,4.258709791234969,232.9548313082064,0.9402985074626866
price_only,120,memory_limited_ridge,91,4.893889954160805,866.9752941734977,0.5373134328358209
price_only,120,memory_limited_ridge,92,4.387157541596089,361.1680641693083,0.8955223880597015
price_only,120,memory_limited_ridge,93,4.223733327932506,198.04222737821416,0.9402985074626866
price_only,120,memory_limited_ridge,94,4.211307980846591,185.63956625859248,0.9701492537313433
price_only,120,memory_limited_ridge,95,4.182946496480249,157.32986375991243,1.0
price_only,120,memory_limited_ridge,96,4.564229037827749,537.9162665752369,0.7164179104477612
price_only,120,memory_limited_ridge,97,4.317353052858147,291.49102316122446,0.9552238805970149
price_only,120,memory_limited_ridge,98,4.3258104664302035,299.9329953457742,0.835820895522388
price_only,120,memory_limited_ridge,99,4.546614546325734,520.3339352823295,0.7014925373134329
price_only,120,memory_limited_ridge,100,4.153246560860583,127.6841537271689,1.0
price_only,120,memory_limited_ridge,101,4.356614171346856,330.6804594341682,0.835820895522388
price_only,120,memory_limited_ridge,102,4.572473573515501,546.145749543943,0.7611940298507462
price_only,120,memory_limited_ridge,103,4.520727833137536,494.4944855708662,0.7014925373134329
price_only,120,memory_limited_ridge,104,4.305036936613748,279.1973934514928,0.8955223880597015
price_only,120,memory_limited_ridge,105,4.204456061248253,178.8001567668944,0.9253731343283582
price_only,120,memory_limited_ridge,106,4.418719446560543,392.6723439980367,0.8507462686567164
price_only,120,memory_limited_ridge,107,4.372050093660811,346.08819912988884,0.8208955223880597
price_only,120,memory_limited_ridge,108,4.506387917029353,480.1807510132869,0.7611940298507462
price_only,120,memory_limited_ridge,109,4.368499027105055,342.54361604502736,0.9104477611940298
price_only,120,memory_limited_ridge,110,4.393701407171124,367.6999820769773,0.8805970149253731
price_only,120,memory_limited_ridge,111,4.901685901208104,874.7570075264998,0.582089552238806
price_only,120,memory_limited_ridge,112,4.341213917608406,315.30832319093497,0.8805970149253731
price_only,120,memory_limited_ridge,113,4.270969835798721,245.19249171191638,0.9402985074626866
price_only,120,memory_limited_ridge,114,4.60273565490507,576.3525789913568,0.6865671641791045
price_only,120,memory_limited_ridge,115,5.144358535206687,1116.986574369073,0.417910447761194
price_only,120,memory_limited_ridge,116,4.393288006114369,367.28733580013943,0.8507462686567164
price_only,120,memory_limited_ridge,117,4.173694630186884,148.09488935097175,1.0
price_only,120,memory_limited_ridge,118,5.004112624845026,976.9967223672768,0.582089552238806
price_only,120,memory_limited_ridge,119,5.702982001911065,1674.5901167968873,0.40298507462686567
price_only,120,memory_limited_ridge,120,4.241393717759252,215.6703731955481,0.9552238805970149
price_only,120,memory_limited_ridge,121,4.169209271384403,143.61771983269375,1.0
price_only,120,memory_limited_ridge,122,4.258908060338706,233.15273841592244,1.0
price_only,120,memory_limited_ridge,123,4.610829440923455,584.4315875266226,0.7761194029850746
price_only,120,memory_limited_ridge,124,4.24167992935002,215.9560622265451,0.9552238805970149
price_only,120,memory_limited_ridge,125,4.351895707331955,325.97061030260664,0.8507462686567164
price_only,120,memory_limited_ridge,126,4.324005761215926,298.1315851285209,0.8955223880597015
price_only,120,memory_limited_ridge,127,4.688251652337847,661.7124429155822,0.6567164179104478
price_only,240,hidden_state_oracle,0,4.617790814692207,492.9151674440509,0.9302325581395349
price_only,240,hidden_state_oracle,1,5.2510253013150185,1751.977227661051,0.7209302325581395
price_only,240,hidden_state_oracle,2,4.97417656944827,1201.5180500953784,0.8837209302325582
price_only,240,hidden_state_oracle,3,4.414777902634451,89.2639754988675,1.0
price_only,240,hidden_state_oracle,4,5.037204923269384,1326.8375181447643,0.5813953488372093
price_only,240,hidden_state_oracle,5,4.845472556475403,945.6154687371757,0.813953488372093
price_only,240,hidden_state_oracle,6,4.832572072647088,919.9653974132054,0.8604651162790697
price_only,240,hidden_state_oracle,7,4.540809500479514,339.85298571139543,1.0
price_only,240,hidden_state_oracle,8,4.825498999567535,905.9019846463132,0.9069767441860465
price_only,240,hidden_state_oracle,9,4.399226490086775,58.343054520632556,1.0
price_only,240,hidden_state_oracle,10,5.4910727097352305,2229.2642216262593,0.4186046511627907
price_only,240,hidden_state_oracle,11,4.5830023051053415,423.7450677769923,0.9767441860465116
price_only,240,hidden_state_oracle,12,5.769992457557516,2783.84120652998,0.20930232558139536
price_only,240,hidden_state_oracle,13,6.208461206351948,3655.649956464219,0.18604651162790697
price_only,240,hidden_state_oracle,14,4.50740482381818,273.4343652688953,1.0
price_only,240,hidden_state_oracle,15,4.656209627569647,569.3034102110205,0.8604651162790697
price_only,240,hidden_state_oracle,16,4.641312373722102,539.6831549705063,1.0
price_only,240,hidden_state_oracle,17,4.474392957125979,207.79677008553404,1.0
price_only,240,hidden_state_oracle,18,4.890618380138871,1035.379047557825,0.7674418604651163
price_only,240,hidden_state_oracle,19,4.704756353732733,665.829013839577,1.0
price_only,240,hidden_state_oracle,20,4.402303316228228,64.46071731762919,1.0
price_only,240,hidden_state_oracle,21,5.7966427378566525,2836.8300400942157,0.09302325581395349
price_only,240,hidden_state_oracle,22,4.506355123792766,271.3472435082692,1.0
price_only,240,hidden_state_oracle,23,4.434307432836683,128.09459993727197,1.0
price_only,240,hidden_state_oracle,24,4.484216963927842,227.32987275892913,1.0
price_only,240,hidden_state_oracle,25,4.453594035266539,166.44221034526873,1.0
price_only,240,hidden_state_oracle,26,4.7069157966650215,670.1226408050759,0.8372093023255814
price_only,240,hidden_state_oracle,27,4.577406711121487,412.61933120028647,1.0
price_only,240,hidden_state_oracle,28,4.437623833900072,134.68861028191307,1.0
price_only,240,hidden_state_oracle,29,4.735206618622965,726.3733683508361,0.7674418604651163
price_only,240,hidden_state_oracle,30,5.609908532661477,2465.5458506308114,0.18604651162790697
price_only,240,hidden_state_oracle,31,6.200633708214276,3640.0865180543483,0.09302325581395349
price_only,240,hidden_state_oracle,32,4.96529512368188,1183.8590444022846,0.8372093023255814
price_only,240,hidden_state_oracle,33,4.5936890709227844,444.9935968312531,1.0
price_only,240,hidden_state_oracle,34,4.905094021915655,1064.1610102327322,0.6744186046511628
price_only,240,hidden_state_oracle,35,4.6307255221040515,518.6332856234877,1.0
price_only,240,hidden_state_oracle,36,4.653158902703453,563.2376446591904,1.0
price_only,240,hidden_state_oracle,37,4.857694337397164,969.9160730029744,0.7674418604651163
price_only,240,hidden_state_oracle,38,4.526269191271853,310.9424445865304,1.0
price_only,240,hidden_state_oracle,39,4.68723253718479,630.9863559745755,0.813953488372093
price_only,240,hidden_state_oracle,40,5.0404620399185625,1333.3136531079008,0.6744186046511628
price_only,240,hidden_state_oracle,41,4.627527740453368,512.2751266187414,0.9767441860465116
price_only,240,hidden_state_oracle,42,5.843773847708542,2930.5409694956015,0.2558139534883721
price_only,240,hidden_state_oracle,43,4.6043736895423955,466.2378566055231,1.0
price_only,240,hidden_state_oracle,44,4.508268657920221,275.1519292474512,1.0
price_only,240,hidden_state_oracle,45,5.701177394656468,2647.016007175721,0.3953488372093023
price_only,240,hidden_state_oracle,46,4.928880905685778,1111.45654374904,0.6976744186046512
price_only,240,hidden_state_oracle,47,5.729531607333829,2703.392774682154,0.20930232558139536
price_only,240,hidden_state_oracle,48,4.6705600874944775,597.8364734280594,1.0
price_only,240,hidden_state_oracle,49,4.719551850989606,695.2469461406457,0.9069767441860465
price_only,240,hidden_state_oracle,50,4.582375316477134,422.4984243761045,1.0
price_only,240,hidden_state_oracle,51,4.411866634518431,83.47549222856105,1.0
price_only,240,hidden_state_oracle,52,4.739592917693814,735.0946601653847,0.9302325581395349
price_only,240,hidden_state_oracle,53,4.6764309898577325,609.5096064948241,0.9069767441860465
price_only,240,hidden_state_oracle,54,5.235563195146427,1721.2338748285977,0.5348837209302325
price_only,240,hidden_state_oracle,55,4.443707930673679,146.78563844472188,1.0
price_only,240,hidden_state_oracle,56,5.041860273464745,1336.0937651304025,0.5813953488372093
price_only,240,hidden_state_oracle,57,4.423612457435577,106.82974774278291,1.0
price_only,240,hidden_state_oracle,58,4.690060491042471,636.6091852510422,0.8372093023255814
price_only,240,hidden_state_oracle,59,4.82318034826372,901.2918031903446,0.7906976744186046
price_only,240,hidden_state_oracle,60,4.49876010451922,256.24604353266847,1.0
price_only,240,hidden_state_oracle,61,4.873424767317065,1001.1929347681566,0.7441860465116279
price_only,240,hidden_state_oracle,62,5.7532994811141025,2750.650510577696,0.27906976744186046
price_only,240,hidden_state_oracle,63,5.1117611322499545,1475.077855751269,0.627906976744186
price_only,240,hidden_state_oracle,64,4.824794075470253,904.5003819146687,0.9069767441860465
price_only,240,hidden_state_oracle,65,5.69835494776333,2641.4041274136453,0.3953488372093023
price_only,240,hidden_state_oracle,66,4.776831066656967,809.1353852722295,0.8372093023255814
price_only,240,hidden_state_oracle,67,4.451114682879181,161.51250643498585,1.0
price_only,240,hidden_state_oracle,68,4.857873777537409,970.2728543808552,0.7441860465116279
price_only,240,hidden_state_oracle,69,4.4400332254328925,139.47921081183785,1.0
price_only,240,hidden_state_oracle,70,5.0391729406510315,1330.7505331043533,0.5581395348837209
price_only,240,hidden_state_oracle,71,4.5574873569572905,373.01361858990583,1.0
price_only,240,hidden_state_oracle,72,5.745140828081445,2734.428635880567,0.4418604651162791
price_only,240,hidden_state_oracle,73,5.304723965394742,1858.7464451553424,0.5813953488372093
price_only,240,hidden_state_oracle,74,4.959696895839076,1172.7280709158006,0.6744186046511628
price_only,240,hidden_state_oracle,75,4.763902413072515,783.4293039362525,0.8604651162790697
price_only,240,hidden_state_oracle,76,4.611337914750352,480.08484681748934,0.9302325581395349
price_only,240,hidden_state_oracle,77,4.543253929512406,344.71325140952524,1.0
price_only,240,hidden_state_oracle,78,4.571002868599362,399.8865515909341,1.0
price_only,240,hidden_state_oracle,79,5.038885376822909,1330.1787690682365,0.5581395348837209
price_only,240,hidden_state_oracle,80,4.750257024956533,756.2981371462153,0.9302325581395349
price_only,240,hidden_state_oracle,81,4.4969396910309944,252.62650984435692,1.0
price_only,240,hidden_state_oracle,82,4.7524358512057185,760.6303040197905,0.7674418604651163
price_only,240,hidden_state_oracle,83,5.013831459504628,1280.36398888547,0.5348837209302325
price_only,240,hidden_state_oracle,84,4.493332593258648,245.45450634708305,1.0
price_only,240,hidden_state_oracle,85,5.456866084164004,2161.251083721412,0.5813953488372093
price_only,240,hidden_state_oracle,86,4.409785479986636,79.33752632842985,1.0
price_only,240,hidden_state_oracle,87,5.554811753772316,2355.9967571986567,0.23255813953488372
price_only,240,hidden_state_oracle,88,4.472268451075315,203.57260822827536,1.0
price_only,240,hidden_state_oracle,89,4.801686175051151,858.5548730651282,0.7674418604651163
price_only,240,hidden_state_oracle,90,4.602514682129023,462.54158649818436,0.9767441860465116
price_only,240,hidden_state_oracle,91,6.134626974142908,3508.8451274735576,0.3953488372093023
price_only,240,hidden_state_oracle,92,4.519616302673939,297.7144859054469,0.9534883720930233
price_only,240,hidden_state_oracle,93,4.449454980828623,158.2125157881283,1.0
price_only,240,hidden_state_oracle,94,4.649636338669193,556.2337198510602,0.9534883720930233
price_only,240,hidden_state_oracle,95,4.484740507564181,228.37083616712863,1.0
price_only,240,hidden_state_oracle,96,4.96601807330852,1185.2964873489018,0.7209302325581395
price_only,240,hidden_state_oracle,97,4.793313865433728,841.9081843291643,0.9069767441860465
price_only,240,hidden_state_oracle,98,4.508824195224526,276.25650576319873,1.0
price_only,240,hidden_state_oracle,99,5.092118248499511,1436.0218501073928,0.6976744186046512
price_only,240,hidden_state_oracle,100,4.598491084004855,454.5414540816444,1.0
price_only,240,hidden_state_oracle,101,4.87302433499012,1000.3967539517427,0.7209302325581395
price_only,240,hidden_state_oracle,102,4.892059944681376,1038.2453147324106,0.6976744186046512
price_only,240,hidden_state_oracle,103,4.959944926733173,1173.2212314986778,0.7209302325581395
price_only,240,hidden_state_oracle,104,4.54881985185973,355.7799917808611,1.0
price_only,240,hidden_state_oracle,105,4.486472291222189,231.81414689381936,1.0
price_only,240,hidden_state_oracle,106,5.358878353564321,1966.4217802468033,0.4883720930232558
price_only,240,hidden_state_oracle,107,4.433916260852032,127.31683148767051,1.0
price_only,240,hidden_state_oracle,108,4.985402733388111,1223.8390660807977,0.5813953488372093
price_only,240,hidden_state_oracle,109,4.7708102927003075,797.1642620594035,0.8604651162790697
price_only,240,hidden_state_oracle,110,4.6957425545851414,647.9068495151481,0.9302325581395349
price_only,240,hidden_state_oracle,111,5.133748868970252,1518.7961397035717,0.5348837209302325
price_only,240,hidden_state_oracle,112,4.969076652828746,1191.3778703332814,0.7906976744186046
price_only,240,hidden_state_oracle,113,4.5642747716213785,386.5090558584785,0.9302325581395349
price_only,240,hidden_state_oracle,114,5.192296488378526,1635.2065498600407,0.5581395348837209
price_only,240,hidden_state_oracle,115,5.384926000268017,2018.2123955960462,0.4883720930232558
price_only,240,hidden_state_oracle,116,4.982445116338419,1217.958427084374,0.7209302325581395
price_only,240,hidden_state_oracle,117,4.500097160682774,258.9045163787836,1.0
price_only,240,hidden_state_oracle,118,5.76571175115509,2775.329864939964,0.6046511627906976
price_only,240,hidden_state_oracle,119,6.231089536808406,3700.641934895037,0.2558139534883721
price_only,240,hidden_state_oracle,120,4.426257530441654,112.08895446447868,1.0
price_only,240,hidden_state_oracle,121,4.417275550752516,94.230056866295,1.0
price_only,240,hidden_state_oracle,122,4.582614514297176,422.9740221309096,0.9534883720930233
price_only,240,hidden_state_oracle,123,5.598727139720655,2443.313852959229,0.18604651162790697
price_only,240,hidden_state_oracle,124,4.667732767239557,592.2149039458958,0.9069767441860465
price_only,240,hidden_state_oracle,125,4.7413989046078635,738.6855094522797,0.813953488372093
price_only,240,hidden_state_oracle,126,4.5424286992820075,343.0724436266455,1.0
price_only,240,hidden_state_oracle,127,5.378762440930042,2005.957371774259,0.4418604651162791
price_only,240,causal_kalman_observer,0,4.624349983376351,472.3118637112614,0.9069767441860465
price_only,240,causal_kalman_observer,1,4.995325134001101,1257.6253182361218,0.7674418604651163
price_only,240,causal_kalman_observer,2,5.171247392311584,1630.1788085423038,0.627906976744186
price_only,240,causal_kalman_observer,3,4.464450240161727,133.67794021753522,1.0
price_only,240,causal_kalman_observer,4,5.022071112165287,1314.33121645716,0.6046511627906976
price_only,240,causal_kalman_observer,5,4.897583474389966,1050.7155343193983,0.8837209302325582
price_only,240,causal_kalman_observer,6,4.89722428791901,1049.9485470001418,0.7906976744186046
price_only,240,causal_kalman_observer,7,4.641906028661012,509.4596953881758,0.9534883720930233
price_only,240,causal_kalman_observer,8,4.754451272843408,747.6652128324414,0.9534883720930233
price_only,240,causal_kalman_observer,9,4.438724579065944,79.21505370299518,1.0
price_only,240,causal_kalman_observer,10,5.360825771993588,2031.4780598254388,0.4883720930232558
price_only,240,causal_kalman_observer,11,4.644702884517118,515.3106503898256,0.9534883720930233
price_only,240,causal_kalman_observer,12,5.816585995150603,2996.5107133983092,0.0
price_only,240,causal_kalman_observer,13,6.228162547531206,3867.757125033236,0.3488372093023256
price_only,240,causal_kalman_observer,14,4.573452699595843,364.4808961366333,1.0
price_only,240,causal_kalman_observer,15,4.652218980744744,531.2201810855894,0.9302325581395349
price_only,240,causal_kalman_observer,16,4.585452676978709,389.88074459678546,1.0
price_only,240,causal_kalman_observer,17,4.514047874030774,238.6818349367049,1.0
price_only,240,causal_kalman_observer,18,4.824323633364746,895.6397256768338,0.9069767441860465
price_only,240,causal_kalman_observer,19,4.8493374125239,948.6860826352994,0.8372093023255814
price_only,240,causal_kalman_observer,20,4.456056871945451,115.91570166979048,1.0
price_only,240,causal_kalman_observer,21,5.862942148701854,3094.6693261945256,0.023255813953488372
price_only,240,causal_kalman_observer,22,4.644629874566022,515.2018352755961,1.0
price_only,240,causal_kalman_observer,23,4.502266283638191,213.7587053513679,1.0
price_only,240,causal_kalman_observer,24,4.534015472190827,280.95930309054023,1.0
price_only,240,causal_kalman_observer,25,4.475376384307126,156.85052872234868,1.0
price_only,240,causal_kalman_observer,26,4.7512592751087235,741.1217319844812,0.8372093023255814
price_only,240,causal_kalman_observer,27,4.5478765575351865,310.34399056629275,1.0
price_only,240,causal_kalman_observer,28,4.46760048585892,140.37280358555398,1.0
price_only,240,causal_kalman_observer,29,4.80375079653075,852.133663601986,0.813953488372093
price_only,240,causal_kalman_observer,30,5.916045951092608,3207.0116062451066,0.20930232558139536
price_only,240,causal_kalman_observer,31,6.379207976856863,4187.828046789675,0.046511627906976744
price_only,240,causal_kalman_observer,32,5.06264886063396,1400.1846051518803,0.7441860465116279
price_only,240,causal_kalman_observer,33,4.601495272996998,423.8512702234404,1.0
price_only,240,causal_kalman_observer,34,4.967913973988827,1199.5918763182135,0.6744186046511628
price_only,240,causal_kalman_observer,35,4.67378232657721,576.9425061126244,1.0
price_only,240,causal_kalman_observer,36,4.619871091612922,462.7618618362263,1.0
price_only,240,causal_kalman_observer,37,4.866455228057975,984.8122406008322,0.9302325581395349
price_only,240,causal_kalman_observer,38,4.570422215335522,358.0993219743245,1.0
price_only,240,causal_kalman_observer,39,4.801929514481634,848.312003518617,0.7441860465116279
price_only,240,causal_kalman_observer,40,5.06097118588583,1396.6471267502034,0.6744186046511628
price_only,240,causal_kalman_observer,41,4.602873551174871,426.7415745032905,0.9767441860465116
price_only,240,causal_kalman_observer,42,5.9804085261592235,3343.3111024114464,0.06976744186046512
price_only,240,causal_kalman_observer,43,4.6496644846144815,525.8593125253446,1.0
price_only,240,causal_kalman_observer,44,4.529405891289856,271.20014945189746,1.0
price_only,240,causal_kalman_observer,45,5.783054296426398,2925.723524274391,0.18604651162790697
price_only,240,causal_kalman_observer,46,5.119026020281549,1519.695680765632,0.5813953488372093
price_only,240,causal_kalman_observer,47,5.674327271236733,2695.2110372606876,0.3023255813953488
price_only,240,causal_kalman_observer,48,4.660245165471491,548.3014576802998,0.9767441860465116
price_only,240,causal_kalman_observer,49,4.5897026040704345,398.85743800442594,1.0
price_only,240,causal_kalman_observer,50,4.576345315953453,370.57844684943626,1.0
price_only,240,causal_kalman_observer,51,4.465356193993261,135.60107117487033,1.0
price_only,240,causal_kalman_observer,52,4.794620251567018,832.6991164969613,0.9302325581395349
price_only,240,causal_kalman_observer,53,4.718241208056213,671.0015415496638,0.9767441860465116
price_only,240,causal_kalman_observer,54,5.191612500156055,1673.2990796288416,0.6046511627906976
price_only,240,causal_kalman_observer,55,4.486092750523573,179.51546408411906,1.0
price_only,240,causal_kalman_observer,56,5.087095760824332,1452.0793184463994,0.5813953488372093
price_only,240,causal_kalman_observer,57,4.4514628090261885,106.19161922451093,1.0
price_only,240,causal_kalman_observer,58,4.764558455424382,769.1711602233817,0.8604651162790697
price_only,240,causal_kalman_observer,59,4.928296898453441,1115.8549612476907,0.7674418604651163
price_only,240,causal_kalman_observer,60,4.531467537006821,275.5815268498244,1.0
price_only,240,causal_kalman_observer,61,4.88075443571701,1015.0692352449807,0.7906976744186046
price_only,240,causal_kalman_observer,62,5.607477794601815,2553.7222856877306,0.3023255813953488
price_only,240,causal_kalman_observer,63,5.0738289644193575,1423.9985797759407,0.6046511627906976
price_only,240,causal_kalman_observer,64,4.857548199845198,965.9553162526703,0.813953488372093
price_only,240,causal_kalman_observer,65,5.61010165369072,2559.229480338443,0.37209302325581395
price_only,240,causal_kalman_observer,66,4.766805108352711,773.8765287923494,0.8837209302325582
price_only,240,causal_kalman_observer,67,4.529478254548379,271.4026874304411,1.0
price_only,240,causal_kalman_observer,68,4.935292028202542,1130.6582133872196,0.6744186046511628
price_only,240,causal_kalman_observer,69,4.46605955799368,137.08932313460167,1.0
price_only,240,causal_kalman_observer,70,5.198815905132192,1688.665480657737,0.5116279069767442
price_only,240,causal_kalman_observer,71,4.593310070403615,406.5099793846154,1.0
price_only,240,causal_kalman_observer,72,5.6694758648215275,2684.9394375055244,0.4883720930232558
price_only,240,causal_kalman_observer,73,5.306486190444801,1916.6964625516687,0.5581395348837209
price_only,240,causal_kalman_observer,74,4.9123634782807155,1082.0480487059554,0.7441860465116279
price_only,240,causal_kalman_observer,75,4.870815643594644,994.0919840651726,0.813953488372093
price_only,240,causal_kalman_observer,76,4.681794612045288,593.8440995266549,0.9767441860465116
price_only,240,causal_kalman_observer,77,4.626595120735779,477.0122125899676,1.0
price_only,240,causal_kalman_observer,78,4.574550459423946,366.7837325945385,1.0
price_only,240,causal_kalman_observer,79,5.090381275851737,1459.0855496775462,0.6744186046511628
price_only,240,causal_kalman_observer,80,4.860979018434869,973.2036013284766,0.8372093023255814
price_only,240,causal_kalman_observer,81,4.541334999615382,296.48107584256536,1.0
price_only,240,causal_kalman_observer,82,4.692144630915358,615.7428885455075,0.8604651162790697
price_only,240,causal_kalman_observer,83,4.96273244553035,1188.6903164582886,0.7441860465116279
price_only,240,causal_kalman_observer,84,4.556267376457179,328.06775798953,1.0
price_only,240,causal_kalman_observer,85,5.395167953252149,2104.170931551126,0.627906976744186
price_only,240,causal_kalman_observer,86,4.434691529707454,70.67749348541892,1.0
price_only,240,causal_kalman_observer,87,5.553974034027362,2440.385856523224,0.2558139534883721
price_only,240,causal_kalman_observer,88,4.481899013261285,170.61672424410926,1.0
price_only,240,causal_kalman_observer,89,4.781985257315903,805.9571344117398,0.813953488372093
price_only,240,causal_kalman_observer,90,4.559717838774757,335.39563052345244,1.0
price_only,240,causal_kalman_observer,91,5.8839533952767304,3139.0126415530267,0.3488372093023256
price_only,240,causal_kalman_observer,92,4.6068691283674745,435.31678189125216,0.9534883720930233
price_only,240,causal_kalman_observer,93,4.480264469450626,167.15667922387922,1.0
price_only,240,causal_kalman_observer,94,4.651439054638643,529.572736173466,1.0
price_only,240,causal_kalman_observer,95,4.503441803600507,216.26631378199608,1.0
price_only,240,causal_kalman_observer,96,5.19980330086565,1690.6973738407717,0.5581395348837209
price_only,240,causal_kalman_observer,97,4.850309902401062,950.663448473352,0.813953488372093
price_only,240,causal_kalman_observer,98,4.539823160386175,293.267993567158,1.0
price_only,240,causal_kalman_observer,99,5.059831987881607,1394.4961069562623,0.6976744186046512
price_only,240,causal_kalman_observer,100,4.587731072300017,394.68371377061027,1.0
price_only,240,causal_kalman_observer,101,4.782614769027281,807.2886909257944,0.7906976744186046
price_only,240,causal_kalman_observer,102,5.036383833537572,1344.7138174814222,0.6046511627906976
price_only,240,causal_kalman_observer,103,4.924788735015504,1108.3191110699452,0.7441860465116279
price_only,240,causal_kalman_observer,104,4.583428158008225,385.6285302611336,1.0
price_only,240,causal_kalman_observer,105,4.563093722479897,342.6174628221484,0.9534883720930233
price_only,240,causal_kalman_observer,106,5.381277885040738,2074.9678099317834,0.4883720930232558
price_only,240,causal_kalman_observer,107,4.444462056522908,91.35769527267288,1.0
price_only,240,causal_kalman_observer,108,4.9175448146072,1093.056644949168,0.7209302325581395
price_only,240,causal_kalman_observer,109,4.832219155419421,912.3679451198301,0.8372093023255814
price_only,240,causal_kalman_observer,110,4.854760438574528,960.1366317230527,0.7906976744186046
price_only,240,causal_kalman_observer,111,5.350558442877839,2009.9653217901282,0.5348837209302325
price_only,240,causal_kalman_observer,112,4.992600426929155,1251.896696694955,0.7209302325581395
price_only,240,causal_kalman_observer,113,4.579673168891211,377.6336121442345,0.9767441860465116
price_only,240,causal_kalman_observer,114,5.32479580948812,1955.1731895170717,0.5116279069767442
price_only,240,causal_kalman_observer,115,5.2941707656789445,1890.6785776851755,0.6046511627906976
price_only,240,causal_kalman_observer,116,4.913379547324036,1084.1395838339954,0.7441860465116279
price_only,240,causal_kalman_observer,117,4.537874691079377,289.14472372179506,1.0
price_only,240,causal_kalman_observer,118,5.709816782152799,2770.3752753527374,0.6046511627906976
price_only,240,causal_kalman_observer,119,6.5391682915472895,4526.7109371535835,0.18604651162790697
price_only,240,causal_kalman_observer,120,4.489059517181259,185.79517451992626,1.0
price_only,240,causal_kalman_observer,121,4.466138653541059,137.26574147837022,1.0
price_only,240,causal_kalman_observer,122,4.665762414821526,559.8888660600167,0.9767441860465116
price_only,240,causal_kalman_observer,123,5.655422231435733,2655.209752723151,0.3023255813953488
price_only,240,causal_kalman_observer,124,4.6905142809813904,612.3053604293447,0.8372093023255814
price_only,240,causal_kalman_observer,125,4.688873750201428,608.9330917473713,0.8604651162790697
price_only,240,causal_kalman_observer,126,4.584710338183598,388.2878692642403,1.0
price_only,240,causal_kalman_observer,127,5.365443860419508,2041.2649422441084,0.5348837209302325
price_only,240,memory_limited_ridge,0,4.7234975525425265,550.1914746619309,0.9069767441860465
price_only,240,memory_limited_ridge,1,5.059834665382899,1448.6744922122018,0.7674418604651163
price_only,240,memory_limited_ridge,2,5.033519139692689,1378.3758185663266,0.9534883720930233
price_only,240,memory_limited_ridge,3,4.588399135357991,189.29275458569776,1.0
price_only,240,memory_limited_ridge,4,5.067922606025092,1470.2804257727191,0.6511627906976745
price_only,240,memory_limited_ridge,5,4.842595514202399,868.3469558473662,1.0
price_only,240,memory_limited_ridge,6,4.966909037805336,1200.435165994084,0.8604651162790697
price_only,240,memory_limited_ridge,7,4.671852277466192,412.2275069007448,1.0
price_only,240,memory_limited_ridge,8,4.768895561154612,671.4666423771247,1.0
price_only,240,memory_limited_ridge,9,4.566600216679729,131.05963821035917,1.0
price_only,240,memory_limited_ridge,10,5.217112228883143,1868.8220597918794,0.627906976744186
price_only,240,memory_limited_ridge,11,4.709413216428638,512.5669118983097,0.9767441860465116
price_only,240,memory_limited_ridge,12,5.6960711330892515,3148.301561472432,0.09302325581395349
price_only,240,memory_limited_ridge,13,6.071044768635117,4149.997273021642,0.3488372093023256
price_only,240,memory_limited_ridge,14,4.69983771066017,486.9871320019816,1.0
price_only,240,memory_limited_ridge,15,4.720771101301334,542.9080972264107,0.9767441860465116
price_only,240,memory_limited_ridge,16,4.688262025024527,456.06411886110726,1.0
price_only,240,memory_limited_ridge,17,4.64490767213724,340.2483247694332,1.0
price_only,240,memory_limited_ridge,18,4.828462307780195,830.5918420966294,0.9534883720930233
price_only,240,memory_limited_ridge,19,4.913840651754286,1058.669533194887,0.8604651162790697
price_only,240,memory_limited_ridge,20,4.5707402063642215,142.1191088496152,1.0
price_only,240,memory_limited_ridge,21,5.525483599345535,2692.598053821595,0.37209302325581395
price_only,240,memory_limited_ridge,22,4.748621600189362,617.3072620104401,1.0
price_only,240,memory_limited_ridge,23,4.6218914543279945,278.7633442532927,1.0
price_only,240,memory_limited_ridge,24,4.599702190334854,219.48746862538366,1.0
price_only,240,memory_limited_ridge,25,4.591739171103643,198.21524717099385,1.0
price_only,240,memory_limited_ridge,26,4.80980942830476,780.7629805251019,0.8604651162790697
price_only,240,memory_limited_ridge,27,4.65947229100783,379.1559035430185,1.0
price_only,240,memory_limited_ridge,28,4.561603887599987,117.71256274095882,1.0
price_only,240,memory_limited_ridge,29,4.837791904404132,855.5147061136649,0.8604651162790697
price_only,240,memory_limited_ridge,30,5.604596065415575,2903.9372267132526,0.37209302325581395
price_only,240,memory_limited_ridge,31,6.141183249933594,4337.363554997663,0.09302325581395349
price_only,240,memory_limited_ridge,32,4.972513463894641,1215.4066974490324,0.9302325581395349
price_only,240,memory_limited_ridge,33,4.641976219174771,332.4173105786915,1.0
price_only,240,memory_limited_ridge,34,4.913415641655411,1057.5341712572717,0.8372093023255814
price_only,240,memory_limited_ridge,35,4.727178248186105,560.0239980507379,1.0
price_only,240,memory_limited_ridge,36,4.722491736749169,547.5045621131383,1.0
price_only,240,memory_limited_ridge,37,4.935250909949573,1115.8643911377926,0.9302325581395349
price_only,240,memory_limited_ridge,38,4.654963216986587,367.11046972588923,1.0
price_only,240,memory_limited_ridge,39,4.803713011857196,764.4771576499738,0.8604651162790697
price_only,240,memory_limited_ridge,40,4.971382964458709,1212.386707963016,0.7906976744186046
price_only,240,memory_limited_ridge,41,4.720210258344388,541.4098746006846,1.0
price_only,240,memory_limited_ridge,42,5.851192442592054,3562.688963063093,0.18604651162790697
price_only,240,memory_limited_ridge,43,4.702577885913567,494.3071714394847,1.0
price_only,240,memory_limited_ridge,44,4.650873411494981,356.1850599539493,1.0
price_only,240,memory_limited_ridge,45,5.645911812560437,3014.3071375850195,0.3023255813953488
price_only,240,memory_limited_ridge,46,5.1175326850217795,1602.8076188065895,0.6511627906976745
price_only,240,memory_limited_ridge,47,5.436976804793577,2456.1630937567306,0.4883720930232558
price_only,240,memory_limited_ridge,48,4.73567804504414,582.730154576486,1.0
price_only,240,memory_limited_ridge,49,4.682094625750989,439.5886741415835,1.0
price_only,240,memory_limited_ridge,50,4.695566543986598,475.57723825304686,1.0
price_only,240,memory_limited_ridge,51,4.567804383808467,134.27642183060308,1.0
price_only,240,memory_limited_ridge,52,4.877384353050126,961.2810380870852,0.9302325581395349
price_only,240,memory_limited_ridge,53,4.82715375351534,827.096201147029,0.9534883720930233
price_only,240,memory_limited_ridge,54,5.211435443186097,1853.6572285902482,0.6976744186046512
price_only,240,memory_limited_ridge,55,4.5952031060191,207.46872107149449,1.0
price_only,240,memory_limited_ridge,56,5.105336186087689,1570.2261796864568,0.6511627906976745
price_only,240,memory_limited_ridge,57,4.556006209563464,102.75905787479981,1.0
price_only,240,memory_limited_ridge,58,4.842790575637701,868.8680383574646,0.9069767441860465
price_only,240,memory_limited_ridge,59,4.971476641905615,1212.636955681627,0.8372093023255814
price_only,240,memory_limited_ridge,60,4.595354846432543,207.87407682722306,1.0
price_only,240,memory_limited_ridge,61,4.958335358857329,1177.5316425985916,0.813953488372093
price_only,240,memory_limited_ridge,62,5.373873653717962,2287.590826734095,0.4883720930232558
price_only,240,memory_limited_ridge,63,5.0814425190582675,1506.3972020525646,0.627906976744186
price_only,240,memory_limited_ridge,64,4.933313697978151,1110.689368842397,0.8372093023255814
price_only,240,memory_limited_ridge,65,5.55044225060802,2759.272005176302,0.4186046511627907
price_only,240,memory_limited_ridge,66,4.840628778799804,863.0930653554042,0.9302325581395349
price_only,240,memory_limited_ridge,67,4.6101941266599455,247.51537946074657,1.0
price_only,240,memory_limited_ridge,68,4.869185959016389,939.3800419457676,0.8372093023255814
price_only,240,memory_limited_ridge,69,4.582480123272237,173.48084553167172,1.0
price_only,240,memory_limited_ridge,70,5.207856308690275,1844.0960132522587,0.627906976744186
price_only,240,memory_limited_ridge,71,4.704191190119947,498.61691418340763,1.0
price_only,240,memory_limited_ridge,72,5.610251778134169,2919.0457640580826,0.46511627906976744
price_only,240,memory_limited_ridge,73,5.300865762239735,2092.5592701913815,0.6046511627906976
price_only,240,memory_limited_ridge,74,4.872704629307793,948.779734636492,0.8837209302325582
price_only,240,memory_limited_ridge,75,4.832367695017257,841.0246013001096,0.8837209302325582
price_only,240,memory_limited_ridge,76,4.78434198650362,712.7298581451938,0.9767441860465116
price_only,240,memory_limited_ridge,77,4.743012916230151,602.3243561824141,0.9767441860465116
price_only,240,memory_limited_ridge,78,4.62745855936062,293.63517711910595,1.0
price_only,240,memory_limited_ridge,79,5.1398960344932165,1662.5485422685965,0.6976744186046512
price_only,240,memory_limited_ridge,80,4.847202716173003,880.6545263502292,0.8604651162790697
price_only,240,memory_limited_ridge,81,4.657146163198999,372.94194066739254,1.0
price_only,240,memory_limited_ridge,82,4.797581441407595,748.0974252042851,0.8604651162790697
price_only,240,memory_limited_ridge,83,5.02791931535246,1363.4165801151473,0.8372093023255814
price_only,240,memory_limited_ridge,84,4.661871399243533,385.5648246068905,1.0
price_only,240,memory_limited_ridge,85,5.406870055603573,2375.7366352180848,0.627906976744186
price_only,240,memory_limited_ridge,86,4.544607010428774,72.30750660321944,1.0
price_only,240,memory_limited_ridge,87,5.345192198087423,2210.9718637388,0.4418604651162791
price_only,240,memory_limited_ridge,88,4.5989778964643655,217.5526070906162,1.0
price_only,240,memory_limited_ridge,89,4.881964987275273,973.5176361423713,0.8372093023255814
price_only,240,memory_limited_ridge,90,4.628647079551645,296.810161879585,1.0
price_only,240,memory_limited_ridge,91,5.621067954927601,2947.9398432206485,0.4186046511627907
price_only,240,memory_limited_ridge,92,4.659809342186381,380.05629409883846,1.0
price_only,240,memory_limited_ridge,93,4.577471002513077,160.09959867206635,1.0
price_only,240,memory_limited_ridge,94,4.759370147453682,646.0206772466337,1.0
price_only,240,memory_limited_ridge,95,4.6057977174073885,235.77091564506648,1.0
price_only,240,memory_limited_ridge,96,5.205442942655487,1837.6490042407406,0.6046511627906976
price_only,240,memory_limited_ridge,97,4.914354027783224,1060.0409537905005,0.8837209302325582
price_only,240,memory_limited_ridge,98,4.648629613314553,350.19103050266517,1.0
price_only,240,memory_limited_ridge,99,5.042296487612358,1401.823418441204,0.7441860465116279
price_only,240,memory_limited_ridge,100,4.706385811570358,504.4795740798838,1.0
price_only,240,memory_limited_ridge,101,4.863484337642129,924.14886530275,0.8604651162790697
price_only,240,memory_limited_ridge,102,5.056962355447731,1441.001471307387,0.627906976744186
price_only,240,memory_limited_ridge,103,4.996481511697624,1279.434374124234,0.7441860465116279
price_only,240,memory_limited_ridge,104,4.658676824618095,377.03091342172996,1.0
price_only,240,memory_limited_ridge,105,4.659530748137697,379.31206453874364,1.0
price_only,240,memory_limited_ridge,106,5.195788995191881,1811.8596770531433,0.6976744186046512
price_only,240,memory_limited_ridge,107,4.566391587357742,130.5023107683053,1.0
price_only,240,memory_limited_ridge,108,4.920536954560523,1076.5578783167446,0.8837209302325582
price_only,240,memory_limited_ridge,109,4.904106051703441,1032.6647525910903,0.8837209302325582
price_only,240,memory_limited_ridge,110,4.913225076411542,1057.0250997667506,0.813953488372093
price_only,240,memory_limited_ridge,111,5.254747047547292,1969.3588252792215,0.6046511627906976
price_only,240,memory_limited_ridge,112,4.9335154843800195,1111.228416269309,0.9767441860465116
price_only,240,memory_limited_ridge,113,4.66738253372375,400.28713906125824,1.0
price_only,240,memory_limited_ridge,114,5.201564592190648,1827.288470431853,0.5813953488372093
price_only,240,memory_limited_ridge,115,5.215803641978515,1865.3263316491605,0.627906976744186
price_only,240,memory_limited_ridge,116,5.0064758276482815,1306.1329536472092,0.7441860465116279
price_only,240,memory_limited_ridge,117,4.664248221263396,391.91421080026043,1.0
price_only,240,memory_limited_ridge,118,5.678578583743751,3101.572378398152,0.6046511627906976
price_only,240,memory_limited_ridge,119,6.22743545144896,4567.775648487504,0.20930232558139536
price_only,240,memory_limited_ridge,120,4.6192597103974835,271.7329656901435,1.0
price_only,240,memory_limited_ridge,121,4.5769479568252365,158.70234677810262,1.0
price_only,240,memory_limited_ridge,122,4.772148293069812,680.1559135722363,1.0
price_only,240,memory_limited_ridge,123,5.426561358774461,2428.3395173177264,0.5581395348837209
price_only,240,memory_limited_ridge,124,4.720122341059619,541.1750144431278,0.9534883720930233
price_only,240,memory_limited_ridge,125,4.7600209388476715,647.759186002116,0.9302325581395349
price_only,240,memory_limited_ridge,126,4.6963756316371486,477.73861588868886,1.0
price_only,240,memory_limited_ridge,127,5.348168873314841,2218.923683619787,0.6511627906976745
precise_current_proxy,60,hidden_state_oracle,0,3.7533302167280045,106.50957409282651,0.810126582278481
precise_current_proxy,60,hidden_state_oracle,1,4.2346235048002105,205.712230980464,0.5569620253164557
precise_current_proxy,60,hidden_state_oracle,2,3.482902945103898,50.769956473306515,0.9240506329113924
precise_current_proxy,60,hidden_state_oracle,3,3.628808502284728,80.84355044546668,0.8227848101265823
precise_current_proxy,60,hidden_state_oracle,4,3.8466525737139294,125.7448844315638,0.759493670886076
precise_current_proxy,60,hidden_state_oracle,5,3.5068887941102265,55.71384413619982,0.9240506329113924
precise_current_proxy,60,hidden_state_oracle,6,3.6732899758319038,90.01193169556028,0.8227848101265823
precise_current_proxy,60,hidden_state_oracle,7,3.5600071678719596,66.66243605989189,0.9113924050632911
precise_current_proxy,60,hidden_state_oracle,8,3.933052150691794,143.55329315569816,0.7215189873417721
precise_current_proxy,60,hidden_state_oracle,9,3.446362974586496,43.2384528189726,0.9367088607594937
precise_current_proxy,60,hidden_state_oracle,10,3.906410083002875,138.06191406269733,0.7215189873417721
precise_current_proxy,60,hidden_state_oracle,11,3.4731260217473188,48.75476781974283,0.9620253164556962
precise_current_proxy,60,hidden_state_oracle,12,3.8900269621900927,134.68507679316292,0.7848101265822784
precise_current_proxy,60,hidden_state_oracle,13,3.7709684797926872,110.14511733073068,0.7721518987341772
precise_current_proxy,60,hidden_state_oracle,14,3.426741206370513,39.19407574557601,0.9746835443037974
precise_current_proxy,60,hidden_state_oracle,15,3.69314623143887,94.10464057155784,0.8354430379746836
precise_current_proxy,60,hidden_state_oracle,16,3.902317537683167,137.21837150931162,0.6075949367088608
precise_current_proxy,60,hidden_state_oracle,17,3.7938240246143637,114.85603025454564,0.7721518987341772
precise_current_proxy,60,hidden_state_oracle,18,3.613130348325424,77.61201872374679,0.8227848101265823
precise_current_proxy,60,hidden_state_oracle,19,3.5538597525737896,65.39535017757468,0.9113924050632911
precise_current_proxy,60,hidden_state_oracle,20,3.4919944175121516,52.64386213596807,0.9367088607594937
precise_current_proxy,60,hidden_state_oracle,21,4.006875121198932,158.76945135931518,0.6455696202531646
precise_current_proxy,60,hidden_state_oracle,22,3.552214354830632,65.05620597630848,0.8734177215189873
precise_current_proxy,60,hidden_state_oracle,23,3.6310250551690033,81.3004193457847,0.8734177215189873
precise_current_proxy,60,hidden_state_oracle,24,3.4024675945638836,34.19087532048425,0.9746835443037974
precise_current_proxy,60,hidden_state_oracle,25,3.880976746211285,132.81967477581784,0.7341772151898734
precise_current_proxy,60,hidden_state_oracle,26,3.7530927320656997,106.46062450209953,0.8227848101265823
precise_current_proxy,60,hidden_state_oracle,27,3.747684442028893,105.34588479106193,0.7848101265822784
precise_current_proxy,60,hidden_state_oracle,28,3.58092073655171,70.97307497684714,0.9240506329113924
precise_current_proxy,60,hidden_state_oracle,29,3.7602818655467876,107.94242605578516,0.7721518987341772
precise_current_proxy,60,hidden_state_oracle,30,3.7761202591091307,111.20698585987019,0.759493670886076
precise_current_proxy,60,hidden_state_oracle,31,3.765521884799064,109.0224823226202,0.7974683544303798
precise_current_proxy,60,hidden_state_oracle,32,3.500139162967428,54.3226314204374,0.9113924050632911
precise_current_proxy,60,hidden_state_oracle,33,3.6389942766278534,82.94301017685726,0.8481012658227848
precise_current_proxy,60,hidden_state_oracle,34,3.9303795230953384,143.00241957193867,0.7088607594936709
precise_current_proxy,60,hidden_state_oracle,35,3.7145201363022307,98.51016253302521,0.810126582278481
precise_current_proxy,60,hidden_state_oracle,36,3.486182637142552,51.44595626817373,0.9493670886075949
precise_current_proxy,60,hidden_state_oracle,37,3.5912801232679206,73.10831914385147,0.8354430379746836
precise_current_proxy,60,hidden_state_oracle,38,3.596821289801103,74.2504469398784,0.8227848101265823
precise_current_proxy,60,hidden_state_oracle,39,3.700148527807297,95.54793184795372,0.7974683544303798
precise_current_proxy,60,hidden_state_oracle,40,3.538361130556665,62.200823014409266,0.8734177215189873
precise_current_proxy,60,hidden_state_oracle,41,3.6306228570354837,81.21751953307331,0.8734177215189873
precise_current_proxy,60,hidden_state_oracle,42,3.7811904080064744,112.2520289840885,0.7088607594936709
precise_current_proxy,60,hidden_state_oracle,43,3.7337545103861793,102.47469114787714,0.810126582278481
precise_current_proxy,60,hidden_state_oracle,44,3.616917558958567,78.39262665307321,0.7974683544303798
precise_current_proxy,60,hidden_state_oracle,45,3.899052537273481,136.5453999067417,0.7341772151898734
precise_current_proxy,60,hidden_state_oracle,46,3.664731797889047,88.24794700869859,0.8227848101265823
precise_current_proxy,60,hidden_state_oracle,47,3.9818175712660095,153.60466807634597,0.6708860759493671
precise_current_proxy,60,hidden_state_oracle,48,3.606567694322948,76.2593451473343,0.8227848101265823
precise_current_proxy,60,hidden_state_oracle,49,3.902215255088721,137.1972893430441,0.6455696202531646
precise_current_proxy,60,hidden_state_oracle,50,3.403716759079967,34.44834917677186,0.9873417721518988
precise_current_proxy,60,hidden_state_oracle,51,3.49316386624524,52.88490522609905,0.8860759493670886
precise_current_proxy,60,hidden_state_oracle,52,3.464467377236692,46.970075280313885,0.9367088607594937
precise_current_proxy,60,hidden_state_oracle,53,3.7380181088699755,103.35349064077828,0.810126582278481
precise_current_proxy,60,hidden_state_oracle,54,3.701280706641236,95.78129298383921,0.810126582278481
precise_current_proxy,60,hidden_state_oracle,55,3.6314051944717978,81.37877246177298,0.8607594936708861
precise_current_proxy,60,hidden_state_oracle,56,3.7137300864271987,98.34731994074426,0.7848101265822784
precise_current_proxy,60,hidden_state_oracle,57,3.469581531815862,48.02418871709138,0.9493670886075949
precise_current_proxy,60,hidden_state_oracle,58,3.58161465879944,71.1161040453051,0.8734177215189873
precise_current_proxy,60,hidden_state_oracle,59,3.6290104094853364,80.88516692182631,0.8354430379746836
precise_current_proxy,60,hidden_state_oracle,60,3.6382022300671375,82.77975603401111,0.8227848101265823
precise_current_proxy,60,hidden_state_oracle,61,3.6058149026242945,76.10418209303855,0.8860759493670886
precise_current_proxy,60,hidden_state_oracle,62,3.7643763954654816,108.7863776684649,0.8227848101265823
precise_current_proxy,60,hidden_state_oracle,63,4.34218533117519,227.8825359078907,0.7215189873417721
precise_current_proxy,60,hidden_state_oracle,64,3.769032090013578,109.7459947673823,0.810126582278481
precise_current_proxy,60,hidden_state_oracle,65,4.036034652031273,164.77972202764653,0.7215189873417721
precise_current_proxy,60,hidden_state_oracle,66,3.6995972847526675,95.43431136546315,0.7848101265822784
precise_current_proxy,60,hidden_state_oracle,67,3.634623149601175,82.04204723931676,0.8227848101265823
precise_current_proxy,60,hidden_state_oracle,68,3.709379498769334,97.45059051322346,0.8354430379746836
precise_current_proxy,60,hidden_state_oracle,69,3.549320891181273,64.45981436076342,0.9113924050632911
precise_current_proxy,60,hidden_state_oracle,70,3.8481356877568014,126.0505792275784,0.7974683544303798
precise_current_proxy,60,hidden_state_oracle,71,3.5486126275789642,64.31382929746253,0.9113924050632911
precise_current_proxy,60,hidden_state_oracle,72,3.7593675076664486,107.75396148891133,0.7721518987341772
precise_current_proxy,60,hidden_state_oracle,73,4.355962804062878,230.7223052326007,0.6075949367088608
precise_current_proxy,60,hidden_state_oracle,74,3.6183587834166686,78.68968729978977,0.8354430379746836
precise_current_proxy,60,hidden_state_oracle,75,3.72911728590182,101.51888104033198,0.7721518987341772
precise_current_proxy,60,hidden_state_oracle,76,3.7260959332103267,100.89612933816052,0.810126582278481
precise_current_proxy,60,hidden_state_oracle,77,3.6437101797762947,83.91503728287377,0.8354430379746836
precise_current_proxy,60,hidden_state_oracle,78,3.7432981316402425,104.44179230676627,0.810126582278481
precise_current_proxy,60,hidden_state_oracle,79,3.8830691120355687,133.25094663040994,0.7215189873417721
precise_current_proxy,60,hidden_state_oracle,80,3.9223645154010827,141.35039142621122,0.7088607594936709
precise_current_proxy,60,hidden_state_oracle,81,3.4368912550471946,41.28617181510303,0.9746835443037974
precise_current_proxy,60,hidden_state_oracle,82,3.6285293669629426,80.78601595197117,0.7974683544303798
precise_current_proxy,60,hidden_state_oracle,83,3.9333843157523534,143.62175797195295,0.7088607594936709
precise_current_proxy,60,hidden_state_oracle,84,3.787101273149328,113.47035789331625,0.7721518987341772
precise_current_proxy,60,hidden_state_oracle,85,4.47875952622501,256.0327789031769,0.5949367088607594
precise_current_proxy,60,hidden_state_oracle,86,3.6236307733003756,79.77633325249641,0.8860759493670886
precise_current_proxy,60,hidden_state_oracle,87,3.8870222658077993,134.06575823699052,0.8354430379746836
precise_current_proxy,60,hidden_state_oracle,88,3.741752123898464,104.12313405959273,0.7848101265822784
precise_current_proxy,60,hidden_state_oracle,89,4.015454289458973,160.53776250425355,0.7341772151898734
precise_current_proxy,60,hidden_state_oracle,90,3.6043850808154665,75.80947172448165,0.8481012658227848
precise_current_proxy,60,hidden_state_oracle,91,4.083290657860615,174.5199811344078,0.5822784810126582
precise_current_proxy,60,hidden_state_oracle,92,3.6017217305215072,75.26051034909771,0.8607594936708861
precise_current_proxy,60,hidden_state_oracle,93,4.011853720099386,159.79562448647636,0.810126582278481
precise_current_proxy,60,hidden_state_oracle,94,3.6819749344991726,91.80204802608978,0.8227848101265823
precise_current_proxy,60,hidden_state_oracle,95,3.520795702473368,58.58029229350229,0.8734177215189873
precise_current_proxy,60,hidden_state_oracle,96,3.6055108568104033,76.04151312735587,0.8481012658227848
precise_current_proxy,60,hidden_state_oracle,97,3.642651810834361,83.69688960949178,0.8734177215189873
precise_current_proxy,60,hidden_state_oracle,98,3.6804319718764615,91.4840174292699,0.810126582278481
precise_current_proxy,60,hidden_state_oracle,99,3.812069920859567,118.61681693010983,0.759493670886076
precise_current_proxy,60,hidden_state_oracle,100,3.561738133518389,67.0192172479174,0.8481012658227848
precise_current_proxy,60,hidden_state_oracle,101,3.8458041682341118,125.57001376579353,0.6962025316455697
precise_current_proxy,60,hidden_state_oracle,102,3.69365216799018,94.2089226202595,0.8354430379746836
precise_current_proxy,60,hidden_state_oracle,103,3.6950221329679427,94.49129548729312,0.8354430379746836
precise_current_proxy,60,hidden_state_oracle,104,3.8220588367339947,120.67570081386275,0.7341772151898734
precise_current_proxy,60,hidden_state_oracle,105,3.4460432081905332,43.17254357641927,0.9746835443037974
precise_current_proxy,60,hidden_state_oracle,106,3.665044635526306,88.31242811732812,0.810126582278481
precise_current_proxy,60,hidden_state_oracle,107,3.6948197105075393,94.44957280720705,0.7848101265822784
precise_current_proxy,60,hidden_state_oracle,108,3.873198541567054,131.2164557290402,0.6835443037974683
precise_current_proxy,60,hidden_state_oracle,109,3.548364781407039,64.26274402500181,0.8607594936708861
precise_current_proxy,60,hidden_state_oracle,110,3.533602436022813,61.21997588278653,0.9367088607594937
precise_current_proxy,60,hidden_state_oracle,111,3.812335528561953,118.6715631532953,0.7721518987341772
precise_current_proxy,60,hidden_state_oracle,112,3.893595376993726,135.4205872151248,0.7341772151898734
precise_current_proxy,60,hidden_state_oracle,113,3.753291268727799,106.501546253676,0.7974683544303798
precise_current_proxy,60,hidden_state_oracle,114,3.985976023336326,154.46179512161925,0.6835443037974683
precise_current_proxy,60,hidden_state_oracle,115,4.003497473346852,158.07326122065916,0.6455696202531646
precise_current_proxy,60,hidden_state_oracle,116,4.012071930593289,159.84060134630897,0.6962025316455697
precise_current_proxy,60,hidden_state_oracle,117,3.4501390008901396,44.01675546952379,0.9493670886075949
precise_current_proxy,60,hidden_state_oracle,118,4.329161682231171,225.19814240056883,0.569620253164557
precise_current_proxy,60,hidden_state_oracle,119,4.466811382906108,253.57006522840845,0.4050632911392405
precise_current_proxy,60,hidden_state_oracle,120,3.584694542003825,71.75091987247461,0.8481012658227848
precise_current_proxy,60,hidden_state_oracle,121,3.59705694179305,74.29901878636278,0.8987341772151899
precise_current_proxy,60,hidden_state_oracle,122,3.5949624296194127,73.86730453300036,0.8734177215189873
precise_current_proxy,60,hidden_state_oracle,123,3.722424062962034,100.13929500573828,0.7341772151898734
precise_current_proxy,60,hidden_state_oracle,124,3.6101966895451274,77.00734221439208,0.8607594936708861
precise_current_proxy,60,hidden_state_oracle,125,3.6969875848285447,94.89640823535852,0.810126582278481
precise_current_proxy,60,hidden_state_oracle,126,3.6195459591026067,78.93438421361806,0.7974683544303798
precise_current_proxy,60,hidden_state_oracle,127,3.9793323067273834,153.0924131760378,0.7341772151898734
precise_current_proxy,60,causal_kalman_observer,0,3.7545431709763437,106.82551152330312,0.7848101265822784
precise_current_proxy,60,causal_kalman_observer,1,4.286731520410376,221.09863816845296,0.5822784810126582
precise_current_proxy,60,causal_kalman_observer,2,3.5258381272977686,57.71725793515153,0.9113924050632911
precise_current_proxy,60,causal_kalman_observer,3,3.6427862751494784,82.82872556608793,0.8607594936708861
precise_current_proxy,60,causal_kalman_observer,4,3.891501474788579,136.2336216656698,0.7341772151898734
precise_current_proxy,60,causal_kalman_observer,5,3.5238180563332198,57.28350205641123,0.9240506329113924
precise_current_proxy,60,causal_kalman_observer,6,3.6958717132568637,94.2273948498289,0.810126582278481
precise_current_proxy,60,causal_kalman_observer,7,3.5919537403295503,71.91380663682332,0.9113924050632911
precise_current_proxy,60,causal_kalman_observer,8,3.9791516451473896,155.0541370499944,0.7468354430379747
precise_current_proxy,60,causal_kalman_observer,9,3.424990516362833,36.06294733537166,0.9620253164556962
precise_current_proxy,60,causal_kalman_observer,10,3.925009695236981,143.4286102876984,0.7215189873417721
precise_current_proxy,60,causal_kalman_observer,11,3.503532303866995,52.92768261179119,0.9367088607594937
precise_current_proxy,60,causal_kalman_observer,12,3.925316263475337,143.49443756701456,0.7974683544303798
precise_current_proxy,60,causal_kalman_observer,13,3.8016259655912075,116.93527465049998,0.759493670886076
precise_current_proxy,60,causal_kalman_observer,14,3.4326348902763213,37.7043709202134,0.9873417721518988
precise_current_proxy,60,causal_kalman_observer,15,3.70732707114147,96.6871246874047,0.810126582278481
precise_current_proxy,60,causal_kalman_observer,16,3.931751370748794,144.87620368274577,0.6075949367088608
precise_current_proxy,60,causal_kalman_observer,17,3.8477243103912495,126.83365367189205,0.7341772151898734
precise_current_proxy,60,causal_kalman_observer,18,3.622673964743162,78.51014813643988,0.8481012658227848
precise_current_proxy,60,causal_kalman_observer,19,3.6119523440601466,76.20796861775175,0.8987341772151899
precise_current_proxy,60,causal_kalman_observer,20,3.507547222668962,53.78977838148447,0.9367088607594937
precise_current_proxy,60,causal_kalman_observer,21,4.044596439105279,169.1066454075503,0.6582278481012658
precise_current_proxy,60,causal_kalman_observer,22,3.580545997495994,69.46430085012086,0.8227848101265823
precise_current_proxy,60,causal_kalman_observer,23,3.631963518511733,80.50482982272938,0.8860759493670886
precise_current_proxy,60,causal_kalman_observer,24,3.43566162584778,38.35428093355079,0.9746835443037974
precise_current_proxy,60,causal_kalman_observer,25,3.8616220676279585,129.81782304441427,0.759493670886076
precise_current_proxy,60,causal_kalman_observer,26,3.7803857279536204,112.37450520089787,0.8227848101265823
precise_current_proxy,60,causal_kalman_observer,27,3.7800767571383167,112.30816203283638,0.7974683544303798
precise_current_proxy,60,causal_kalman_observer,28,3.6135819626568946,76.5578853577317,0.9240506329113924
precise_current_proxy,60,causal_kalman_observer,29,3.7936316462890933,115.2187097106179,0.7721518987341772
precise_current_proxy,60,causal_kalman_observer,30,3.837404937829694,124.61784611263329,0.759493670886076
precise_current_proxy,60,causal_kalman_observer,31,3.7663352017410645,109.35753280188555,0.810126582278481
precise_current_proxy,60,causal_kalman_observer,32,3.5101756444001864,54.354161216412116,0.8987341772151899
precise_current_proxy,60,causal_kalman_observer,33,3.6455531082080284,83.4228285088563,0.8607594936708861
precise_current_proxy,60,causal_kalman_observer,34,3.9619469223144255,151.35988580740917,0.7215189873417721
precise_current_proxy,60,causal_kalman_observer,35,3.7098558464050937,97.23011112494031,0.810126582278481
precise_current_proxy,60,causal_kalman_observer,36,3.5106707400587123,54.46046968586373,0.9240506329113924
precise_current_proxy,60,causal_kalman_observer,37,3.612677083685201,76.36358694920663,0.8734177215189873
precise_current_proxy,60,causal_kalman_observer,38,3.641295309298017,82.50858077195853,0.8481012658227848
precise_current_proxy,60,causal_kalman_observer,39,3.724949929671164,100.4711593186682,0.810126582278481
precise_current_proxy,60,causal_kalman_observer,40,3.5846006008202256,70.33491780304465,0.8607594936708861
precise_current_proxy,60,causal_kalman_observer,41,3.6677559601107714,88.19029346757574,0.8354430379746836
precise_current_proxy,60,causal_kalman_observer,42,3.7749203965553377,111.2009723573135,0.7721518987341772
precise_current_proxy,60,causal_kalman_observer,43,3.7404961022150105,103.80928151889992,0.7974683544303798
precise_current_proxy,60,causal_kalman_observer,44,3.592503112395638,72.03176950419919,0.8227848101265823
precise_current_proxy,60,causal_kalman_observer,45,3.9066258510449368,139.48117446386573,0.7215189873417721
precise_current_proxy,60,causal_kalman_observer,46,3.676378120445092,90.04167037367752,0.8227848101265823
precise_current_proxy,60,causal_kalman_observer,47,4.013855778992832,162.50591589154143,0.6835443037974683
precise_current_proxy,60,causal_kalman_observer,48,3.622877076587382,78.55376093916709,0.8734177215189873
precise_current_proxy,60,causal_kalman_observer,49,3.9519369524808607,149.21051415783904,0.6329113924050633
precise_current_proxy,60,causal_kalman_observer,50,3.411025495696434,33.06433495140905,0.9873417721518988
precise_current_proxy,60,causal_kalman_observer,51,3.5041186533404374,53.05358538232031,0.8987341772151899
precise_current_proxy,60,causal_kalman_observer,52,3.5149742612639234,55.384535055250794,0.9493670886075949
precise_current_proxy,60,causal_kalman_observer,53,3.7771528909876024,111.68034045934726,0.7974683544303798
precise_current_proxy,60,causal_kalman_observer,54,3.750491827685937,105.95559457491494,0.7974683544303798
precise_current_proxy,60,causal_kalman_observer,55,3.6613668075149013,86.81839488219806,0.8481012658227848
precise_current_proxy,60,causal_kalman_observer,56,3.7590868994294633,107.80115493510804,0.8227848101265823
precise_current_proxy,60,causal_kalman_observer,57,3.4776213863568146,47.3640103493643,0.9493670886075949
precise_current_proxy,60,causal_kalman_observer,58,3.566759827147114,66.50409175891332,0.8987341772151899
precise_current_proxy,60,causal_kalman_observer,59,3.643748015585327,83.03523344387622,0.8481012658227848
precise_current_proxy,60,causal_kalman_observer,60,3.657987078714159,86.09268907205711,0.8227848101265823
precise_current_proxy,60,causal_kalman_observer,61,3.657503711022106,85.98889886780171,0.8860759493670886
precise_current_proxy,60,causal_kalman_observer,62,3.7477095719927607,105.35818003638946,0.8227848101265823
precise_current_proxy,60,causal_kalman_observer,63,4.346735136271458,233.98279995394137,0.7215189873417721
precise_current_proxy,60,causal_kalman_observer,64,3.765758654048748,109.2337347000833,0.7974683544303798
precise_current_proxy,60,causal_kalman_observer,65,3.99523045888158,158.5066296122703,0.7468354430379747
precise_current_proxy,60,causal_kalman_observer,66,3.7325085552492,102.09417075599215,0.7974683544303798
precise_current_proxy,60,causal_kalman_observer,67,3.6733422676458933,89.38980268103163,0.7974683544303798
precise_current_proxy,60,causal_kalman_observer,68,3.7163260740962323,98.61941840526467,0.810126582278481
precise_current_proxy,60,causal_kalman_observer,69,3.596480600297516,72.88582799537842,0.8607594936708861
precise_current_proxy,60,causal_kalman_observer,70,3.8776078829940506,133.25034670976294,0.8227848101265823
precise_current_proxy,60,causal_kalman_observer,71,3.5671508354375736,66.58805026710424,0.8987341772151899
precise_current_proxy,60,causal_kalman_observer,72,3.8093311310815627,118.58975159054901,0.7215189873417721
precise_current_proxy,60,causal_kalman_observer,73,4.317019920633901,227.60225704380534,0.6075949367088608
precise_current_proxy,60,causal_kalman_observer,74,3.648150420555693,83.98053144083009,0.810126582278481
precise_current_proxy,60,causal_kalman_observer,75,3.736229125315171,102.89306305566978,0.7721518987341772
precise_current_proxy,60,causal_kalman_observer,76,3.7817602616988615,112.6696493334496,0.7468354430379747
precise_current_proxy,60,causal_kalman_observer,77,3.663284605387903,87.23019036673733,0.8354430379746836
precise_current_proxy,60,causal_kalman_observer,78,3.7428273311779976,104.30985020442156,0.810126582278481
precise_current_proxy,60,causal_kalman_observer,79,3.923115829054545,143.02195348969707,0.7215189873417721
precise_current_proxy,60,causal_kalman_observer,80,3.97053703864157,153.2043821252866,0.6962025316455697
precise_current_proxy,60,causal_kalman_observer,81,3.439252629269834,39.12535228313589,0.9873417721518988
precise_current_proxy,60,causal_kalman_observer,82,3.6580165661425617,86.09902070378878,0.8227848101265823
precise_current_proxy,60,causal_kalman_observer,83,3.9982472002895246,159.15439364793977,0.7088607594936709
precise_current_proxy,60,causal_kalman_observer,84,3.8017157777186306,116.95455938798489,0.7721518987341772
precise_current_proxy,60,causal_kalman_observer,85,4.487624251337178,264.2349460333325,0.569620253164557
precise_current_proxy,60,causal_kalman_observer,86,3.6498264452439284,84.34041264015102,0.8734177215189873
precise_current_proxy,60,causal_kalman_observer,87,3.9136542280378315,140.990329286727,0.8227848101265823
precise_current_proxy,60,causal_kalman_observer,88,3.7485033223845092,105.52861657288523,0.8227848101265823
precise_current_proxy,60,causal_kalman_observer,89,4.0464995461151405,169.51528642456717,0.7088607594936709
precise_current_proxy,60,causal_kalman_observer,90,3.6117286336422114,76.1599328256343,0.8607594936708861
precise_current_proxy,60,causal_kalman_observer,91,4.109814067796949,183.11037613729147,0.5569620253164557
precise_current_proxy,60,causal_kalman_observer,92,3.6373668006390347,81.66503925514058,0.8354430379746836
precise_current_proxy,60,causal_kalman_observer,93,4.008889191782327,161.4394749408823,0.810126582278481
precise_current_proxy,60,causal_kalman_observer,94,3.689610008477383,92.88286225335032,0.8354430379746836
precise_current_proxy,60,causal_kalman_observer,95,3.571502516801009,67.52245673446131,0.8987341772151899
precise_current_proxy,60,causal_kalman_observer,96,3.6102558559684823,75.84369345322206,0.8860759493670886
precise_current_proxy,60,causal_kalman_observer,97,3.7005941877075195,95.24141915447998,0.8481012658227848
precise_current_proxy,60,causal_kalman_observer,98,3.6720245051035847,89.10684863657353,0.810126582278481
precise_current_proxy,60,causal_kalman_observer,99,3.8094227871782604,118.60943227081356,0.759493670886076
precise_current_proxy,60,causal_kalman_observer,100,3.5711311302075814,67.44271145768072,0.8734177215189873
precise_current_proxy,60,causal_kalman_observer,101,3.8703542096597956,131.69281556040679,0.7341772151898734
precise_current_proxy,60,causal_kalman_observer,102,3.701873759317818,95.5161727240211,0.8227848101265823
precise_current_proxy,60,causal_kalman_observer,103,3.6935416933746397,93.72708578186405,0.8734177215189873
precise_current_proxy,60,causal_kalman_observer,104,3.8536560098305226,128.10732650213305,0.7721518987341772
precise_current_proxy,60,causal_kalman_observer,105,3.4587662021789614,43.31536694752202,0.9746835443037974
precise_current_proxy,60,causal_kalman_observer,106,3.6791400393774345,90.63471814008358,0.7974683544303798
precise_current_proxy,60,causal_kalman_observer,107,3.726350206765317,100.7718311426352,0.8354430379746836
precise_current_proxy,60,causal_kalman_observer,108,3.8643079560241813,130.39454529919954,0.7088607594936709
precise_current_proxy,60,causal_kalman_observer,109,3.571197099216054,67.45687652699844,0.8607594936708861
precise_current_proxy,60,causal_kalman_observer,110,3.5544243205169184,63.85537366336809,0.8860759493670886
precise_current_proxy,60,causal_kalman_observer,111,3.844395325352473,126.11884371909895,0.6962025316455697
precise_current_proxy,60,causal_kalman_observer,112,3.9602794720124908,151.00184572680593,0.6582278481012658
precise_current_proxy,60,causal_kalman_observer,113,3.769357105044768,110.00640521576041,0.8227848101265823
precise_current_proxy,60,causal_kalman_observer,114,4.01769241125366,163.32972942428563,0.6582278481012658
precise_current_proxy,60,causal_kalman_observer,115,4.02675434086594,165.2755349484665,0.6329113924050633
precise_current_proxy,60,causal_kalman_observer,116,4.035516585598409,167.1569912093451,0.6455696202531646
precise_current_proxy,60,causal_kalman_observer,117,3.4415455605882768,39.617697580096326,0.9620253164556962
precise_current_proxy,60,causal_kalman_observer,118,4.298698173985205,223.66815499633788,0.5822784810126582
precise_current_proxy,60,causal_kalman_observer,119,4.472276821306725,260.93949843961354,0.4050632911392405
precise_current_proxy,60,causal_kalman_observer,120,3.587454094247671,70.94762872796882,0.8607594936708861
precise_current_proxy,60,causal_kalman_observer,121,3.6157046541452287,77.01367623239688,0.8987341772151899
precise_current_proxy,60,causal_kalman_observer,122,3.633420457665457,80.8176682991913,0.8607594936708861
precise_current_proxy,60,causal_kalman_observer,123,3.752684344568558,106.42637857397402,0.759493670886076
precise_current_proxy,60,causal_kalman_observer,124,3.6374273044418493,81.67803081861396,0.8481012658227848
precise_current_proxy,60,causal_kalman_observer,125,3.7318331221251975,101.94913966878153,0.8227848101265823
precise_current_proxy,60,causal_kalman_observer,126,3.634267626487295,80.999575006038,0.8354430379746836
precise_current_proxy,60,causal_kalman_observer,127,4.029649298181364,165.89714912752478,0.7468354430379747
precise_current_proxy,60,memory_limited_ridge,0,3.785389714755189,113.1792466521277,0.8481012658227848
precise_current_proxy,60,memory_limited_ridge,1,4.291963383857745,238.6428179895894,0.5822784810126582
precise_current_proxy,60,memory_limited_ridge,2,3.54657620623595,54.03208309044041,0.9493670886075949
precise_current_proxy,60,memory_limited_ridge,3,3.6761086859141043,86.11351269456796,0.8734177215189873
precise_current_proxy,60,memory_limited_ridge,4,3.9104669830693077,144.15724991791996,0.7341772151898734
precise_current_proxy,60,memory_limited_ridge,5,3.5857933059007547,63.745018605150925,0.9240506329113924
precise_current_proxy,60,memory_limited_ridge,6,3.736521252021856,101.07594907813892,0.7974683544303798
precise_current_proxy,60,memory_limited_ridge,7,3.6275638643849804,74.09037163835431,0.9493670886075949
precise_current_proxy,60,memory_limited_ridge,8,3.9457564619971426,152.8974279551402,0.759493670886076
precise_current_proxy,60,memory_limited_ridge,9,3.5028394889528207,43.199769680547256,0.9620253164556962
precise_current_proxy,60,memory_limited_ridge,10,3.9399087917846254,151.44913003992113,0.7215189873417721
precise_current_proxy,60,memory_limited_ridge,11,3.58761909738324,64.19721407815292,0.8987341772151899
precise_current_proxy,60,memory_limited_ridge,12,3.9299106845119636,148.97288952140894,0.8227848101265823
precise_current_proxy,60,memory_limited_ridge,13,3.864233112098418,132.70646413381152,0.7341772151898734
precise_current_proxy,60,memory_limited_ridge,14,3.5033987039458654,43.33827097749998,0.9620253164556962
precise_current_proxy,60,memory_limited_ridge,15,3.7450445677058775,103.1869265935088,0.8354430379746836
precise_current_proxy,60,memory_limited_ridge,16,3.94245080841045,152.07871365969385,0.6962025316455697
precise_current_proxy,60,memory_limited_ridge,17,3.861471883284123,132.0225880276273,0.7974683544303798
precise_current_proxy,60,memory_limited_ridge,18,3.69496102618966,90.78268932830551,0.8607594936708861
precise_current_proxy,60,memory_limited_ridge,19,3.687163401393941,88.85144434955717,0.8860759493670886
precise_current_proxy,60,memory_limited_ridge,20,3.5758244146549045,61.276014047146674,0.9367088607594937
precise_current_proxy,60,memory_limited_ridge,21,4.022576572630181,171.9235361372625,0.6835443037974683
precise_current_proxy,60,memory_limited_ridge,22,3.63150212219888,75.06576361057253,0.8607594936708861
precise_current_proxy,60,memory_limited_ridge,23,3.6909394992532554,89.78667401514284,0.8734177215189873
precise_current_proxy,60,memory_limited_ridge,24,3.499408699348924,42.35006283144296,0.9873417721518988
precise_current_proxy,60,memory_limited_ridge,25,3.9139814368618713,145.0276779543729,0.7341772151898734
precise_current_proxy,60,memory_limited_ridge,26,3.7747408908460773,110.54184253961662,0.8354430379746836
precise_current_proxy,60,memory_limited_ridge,27,3.760130898279259,106.9233721049134,0.8481012658227848
precise_current_proxy,60,memory_limited_ridge,28,3.627115212393422,73.97925358271577,0.9493670886075949
precise_current_proxy,60,memory_limited_ridge,29,3.8511381574492445,129.46322454795234,0.7721518987341772
precise_current_proxy,60,memory_limited_ridge,30,3.8481039802216492,128.71174705462062,0.7974683544303798
precise_current_proxy,60,memory_limited_ridge,31,3.7935143342820896,115.19147871979342,0.8227848101265823
precise_current_proxy,60,memory_limited_ridge,32,3.600046028385083,67.27500362654706,0.8987341772151899
precise_current_proxy,60,memory_limited_ridge,33,3.692987134602882,90.29381376485794,0.8481012658227848
precise_current_proxy,60,memory_limited_ridge,34,4.029011839885044,173.51736475795752,0.7088607594936709
precise_current_proxy,60,memory_limited_ridge,35,3.726908246902491,98.69508716777247,0.810126582278481
precise_current_proxy,60,memory_limited_ridge,36,3.562443475878449,57.96194450674596,0.9367088607594937
precise_current_proxy,60,memory_limited_ridge,37,3.6735652643150276,85.48358110376428,0.8734177215189873
precise_current_proxy,60,memory_limited_ridge,38,3.678312109587067,86.65923668308312,0.8734177215189873
precise_current_proxy,60,memory_limited_ridge,39,3.7355267117448467,100.82963036359995,0.8354430379746836
precise_current_proxy,60,memory_limited_ridge,40,3.616864620082786,71.4404798602379,0.8987341772151899
precise_current_proxy,60,memory_limited_ridge,41,3.6918359799141034,90.00870621342948,0.9113924050632911
precise_current_proxy,60,memory_limited_ridge,42,3.8446417288843886,127.85424804877964,0.7721518987341772
precise_current_proxy,60,memory_limited_ridge,43,3.7691127064275585,109.14790487494447,0.8227848101265823
precise_current_proxy,60,memory_limited_ridge,44,3.6137492207417914,70.66888601060882,0.8860759493670886
precise_current_proxy,60,memory_limited_ridge,45,3.8979943741793526,141.06814728453344,0.7088607594936709
precise_current_proxy,60,memory_limited_ridge,46,3.7489172063428677,104.14606660320759,0.8354430379746836
precise_current_proxy,60,memory_limited_ridge,47,3.956147245139373,155.4709228711454,0.7341772151898734
precise_current_proxy,60,memory_limited_ridge,48,3.660732867897215,82.3053695590367,0.8987341772151899
precise_current_proxy,60,memory_limited_ridge,49,3.9406439978605916,151.63121921191296,0.6708860759493671
precise_current_proxy,60,memory_limited_ridge,50,3.48609472741618,39.05257903144987,0.9873417721518988
precise_current_proxy,60,memory_limited_ridge,51,3.575155074286362,61.11023789611565,0.9240506329113924
precise_current_proxy,60,memory_limited_ridge,52,3.5864392477416778,63.90499962110503,0.9367088607594937
precise_current_proxy,60,memory_limited_ridge,53,3.75807457961189,106.41408174982448,0.8607594936708861
precise_current_proxy,60,memory_limited_ridge,54,3.7803718938248667,111.93647827973031,0.810126582278481
precise_current_proxy,60,memory_limited_ridge,55,3.711995781653786,95.00170304288696,0.8860759493670886
precise_current_proxy,60,memory_limited_ridge,56,3.7917987880485082,114.76658779002767,0.7974683544303798
precise_current_proxy,60,memory_limited_ridge,57,3.5474024291847774,54.23671449590704,0.9493670886075949
precise_current_proxy,60,memory_limited_ridge,58,3.676248510791762,86.14814325194355,0.8860759493670886
precise_current_proxy,60,memory_limited_ridge,59,3.6688782960294843,84.32275531332905,0.8860759493670886
precise_current_proxy,60,memory_limited_ridge,60,3.705956527036163,93.50595524003417,0.8481012658227848
precise_current_proxy,60,memory_limited_ridge,61,3.7077649569324547,93.95385075285137,0.8734177215189873
precise_current_proxy,60,memory_limited_ridge,62,3.7472027870147375,103.72145477516244,0.8734177215189873
precise_current_proxy,60,memory_limited_ridge,63,4.231237001582166,223.6026584641335,0.7721518987341772
precise_current_proxy,60,memory_limited_ridge,64,3.788814989649659,114.02758766802427,0.7974683544303798
precise_current_proxy,60,memory_limited_ridge,65,4.005507697003921,167.6960718504208,0.7721518987341772
precise_current_proxy,60,memory_limited_ridge,66,3.7809539295234424,112.08063160202674,0.810126582278481
precise_current_proxy,60,memory_limited_ridge,67,3.7394762386268146,101.80781335637727,0.8227848101265823
precise_current_proxy,60,memory_limited_ridge,68,3.7587528199045193,106.58206215332409,0.8354430379746836
precise_current_proxy,60,memory_limited_ridge,69,3.6179161155101767,71.70090470979466,0.9113924050632911
precise_current_proxy,60,memory_limited_ridge,70,3.92068634325814,146.68828835176967,0.810126582278481
precise_current_proxy,60,memory_limited_ridge,71,3.653460569957554,80.50423277086455,0.8607594936708861
precise_current_proxy,60,memory_limited_ridge,72,3.869716707227564,134.0645912348319,0.7215189873417721
precise_current_proxy,60,memory_limited_ridge,73,4.155439918795935,204.8299245394327,0.6835443037974683
precise_current_proxy,60,memory_limited_ridge,74,3.656764109789711,81.322423550761,0.8860759493670886
precise_current_proxy,60,memory_limited_ridge,75,3.7555547533347506,105.78999403432975,0.7848101265822784
precise_current_proxy,60,memory_limited_ridge,76,3.7937685208658687,115.2544333471892,0.7974683544303798
precise_current_proxy,60,memory_limited_ridge,77,3.693934900332347,90.52854778374343,0.8734177215189873
precise_current_proxy,60,memory_limited_ridge,78,3.763416163904956,107.73703689511545,0.8481012658227848
precise_current_proxy,60,memory_limited_ridge,79,3.964482423629834,157.53530427296838,0.7468354430379747
precise_current_proxy,60,memory_limited_ridge,80,3.9897699467574634,163.7982886232829,0.7341772151898734
precise_current_proxy,60,memory_limited_ridge,81,3.49186857912716,40.48259424980064,1.0
precise_current_proxy,60,memory_limited_ridge,82,3.724111954535302,98.00252683886157,0.8227848101265823
precise_current_proxy,60,memory_limited_ridge,83,4.0645576141066515,182.3210196887376,0.7215189873417721
precise_current_proxy,60,memory_limited_ridge,84,3.8321043403587396,124.74910138282709,0.810126582278481
precise_current_proxy,60,memory_limited_ridge,85,4.454792452322158,278.9708446777699,0.5822784810126582
precise_current_proxy,60,memory_limited_ridge,86,3.6741170212804484,85.62023526408558,0.8987341772151899
precise_current_proxy,60,memory_limited_ridge,87,3.8994231558084307,141.42201495823787,0.8227848101265823
precise_current_proxy,60,memory_limited_ridge,88,3.7783898212511042,111.44557652363456,0.8607594936708861
precise_current_proxy,60,memory_limited_ridge,89,4.027940270620589,173.2519682025225,0.7468354430379747
precise_current_proxy,60,memory_limited_ridge,90,3.664535479796004,83.24716598141634,0.8860759493670886
precise_current_proxy,60,memory_limited_ridge,91,4.055807020639964,180.15375207374692,0.6329113924050633
precise_current_proxy,60,memory_limited_ridge,92,3.718455950198925,96.60169898928295,0.8987341772151899
precise_current_proxy,60,memory_limited_ridge,93,3.917240061061671,145.83474443786707,0.8354430379746836
precise_current_proxy,60,memory_limited_ridge,94,3.7330131436149303,100.20709260924329,0.810126582278481
precise_current_proxy,60,memory_limited_ridge,95,3.6336213103267734,75.5906249033681,0.8734177215189873
precise_current_proxy,60,memory_limited_ridge,96,3.669320853676208,84.43236397692037,0.8354430379746836
precise_current_proxy,60,memory_limited_ridge,97,3.7255010641295936,98.34656890284757,0.8607594936708861
precise_current_proxy,60,memory_limited_ridge,98,3.735791093197174,100.89510996356279,0.8734177215189873
precise_current_proxy,60,memory_limited_ridge,99,3.819981768305429,121.74669269802783,0.7721518987341772
precise_current_proxy,60,memory_limited_ridge,100,3.598986612650464,67.01261714713912,0.9240506329113924
precise_current_proxy,60,memory_limited_ridge,101,3.8546618877358547,130.33595010230476,0.759493670886076
precise_current_proxy,60,memory_limited_ridge,102,3.745530921588649,103.30738231157719,0.810126582278481
precise_current_proxy,60,memory_limited_ridge,103,3.7554432693175617,105.76238268420097,0.810126582278481
precise_current_proxy,60,memory_limited_ridge,104,3.815466808862562,120.62846849748979,0.8354430379746836
precise_current_proxy,60,memory_limited_ridge,105,3.5297230056740783,49.858035247201556,0.9493670886075949
precise_current_proxy,60,memory_limited_ridge,106,3.708345613798026,94.09766257829645,0.8734177215189873
precise_current_proxy,60,memory_limited_ridge,107,3.768360965383139,108.96172047195157,0.8354430379746836
precise_current_proxy,60,memory_limited_ridge,108,3.8992386651178474,141.37632197747158,0.7341772151898734
precise_current_proxy,60,memory_limited_ridge,109,3.6143438912263366,70.81616860208716,0.8860759493670886
precise_current_proxy,60,memory_limited_ridge,110,3.6252985176857453,73.52931111638352,0.8481012658227848
precise_current_proxy,60,memory_limited_ridge,111,3.8762329421632766,135.67847319627808,0.6835443037974683
precise_current_proxy,60,memory_limited_ridge,112,3.911851128046447,144.5000623905628,0.7341772151898734
precise_current_proxy,60,memory_limited_ridge,113,3.801967039907228,117.2849681762683,0.8354430379746836
precise_current_proxy,60,memory_limited_ridge,114,4.009697296751465,168.73371391289263,0.7088607594936709
precise_current_proxy,60,memory_limited_ridge,115,4.009190195729383,168.60811973155282,0.6835443037974683
precise_current_proxy,60,memory_limited_ridge,116,3.964488743158566,157.53686943652107,0.7215189873417721
precise_current_proxy,60,memory_limited_ridge,117,3.522336493837598,48.0286109970762,0.9367088607594937
precise_current_proxy,60,memory_limited_ridge,118,4.212296605844819,218.9116730523528,0.6075949367088608
precise_current_proxy,60,memory_limited_ridge,119,4.418673670742854,270.0252724822685,0.3924050632911392
precise_current_proxy,60,memory_limited_ridge,120,3.6445843524850456,78.30585174162174,0.8734177215189873
precise_current_proxy,60,memory_limited_ridge,121,3.682758348193395,87.76044073018029,0.8734177215189873
precise_current_proxy,60,memory_limited_ridge,122,3.6787936898019966,86.77851010240192,0.8860759493670886
precise_current_proxy,60,memory_limited_ridge,123,3.782116060148029,112.36845757367583,0.8227848101265823
precise_current_proxy,60,memory_limited_ridge,124,3.724536403785519,98.10765057906322,0.8227848101265823
precise_current_proxy,60,memory_limited_ridge,125,3.754771359391823,105.59597012855122,0.8354430379746836
precise_current_proxy,60,memory_limited_ridge,126,3.675498864683665,85.96247770377636,0.8734177215189873
precise_current_proxy,60,memory_limited_ridge,127,4.049041147943561,178.47804209614563,0.7341772151898734
precise_current_proxy,120,hidden_state_oracle,0,4.201375652264322,247.51393406820804,0.9253731343283582
precise_current_proxy,120,hidden_state_oracle,1,5.313565309496324,1025.403999848405,0.417910447761194
precise_current_proxy,120,hidden_state_oracle,2,4.149683782491973,211.35949609439004,0.9253731343283582
precise_current_proxy,120,hidden_state_oracle,3,4.044301955945226,137.65311386772416,0.9552238805970149
precise_current_proxy,120,hidden_state_oracle,4,4.502167748489495,457.89458452408,0.6865671641791045
precise_current_proxy,120,hidden_state_oracle,5,4.120566876956751,190.9944878290912,0.8955223880597015
precise_current_proxy,120,hidden_state_oracle,6,4.187724972544507,237.96634649971628,0.8955223880597015
precise_current_proxy,120,hidden_state_oracle,7,4.16628717862289,222.97227888235358,0.8955223880597015
precise_current_proxy,120,hidden_state_oracle,8,4.305118095182948,320.0736950958468,0.8208955223880597
precise_current_proxy,120,hidden_state_oracle,9,3.929707976047254,57.50354766630707,1.0
precise_current_proxy,120,hidden_state_oracle,10,4.7628707179010386,640.236012270639,0.6716417910447762
precise_current_proxy,120,hidden_state_oracle,11,4.047457018680217,139.85983458527804,0.9850746268656716
precise_current_proxy,120,hidden_state_oracle,12,4.609519631912511,532.9788681393338,0.6716417910447762
precise_current_proxy,120,hidden_state_oracle,13,4.842537770560343,695.9569124162988,0.5373134328358209
precise_current_proxy,120,hidden_state_oracle,14,3.9784081660279202,91.56553856977494,1.0
precise_current_proxy,120,hidden_state_oracle,15,4.292198867092678,311.03770098852783,0.8656716417910447
precise_current_proxy,120,hidden_state_oracle,16,4.69399001869799,592.0593264997964,0.5970149253731343
precise_current_proxy,120,hidden_state_oracle,17,4.230150802067912,267.63991080967133,0.8955223880597015
precise_current_proxy,120,hidden_state_oracle,18,4.263584935930487,291.024484133605,0.7910447761194029
precise_current_proxy,120,hidden_state_oracle,19,4.097290215196636,174.71427534016786,0.9552238805970149
precise_current_proxy,120,hidden_state_oracle,20,4.000257726259315,106.84760465908667,1.0
precise_current_proxy,120,hidden_state_oracle,21,5.039551660177392,833.752787928428,0.3880597014925373
precise_current_proxy,120,hidden_state_oracle,22,3.9878880465325848,98.19597684207089,1.0
precise_current_proxy,120,hidden_state_oracle,23,4.0317480543177995,128.8726371754113,0.9701492537313433
precise_current_proxy,120,hidden_state_oracle,24,4.071099218508432,156.39571249060833,0.9402985074626866
precise_current_proxy,120,hidden_state_oracle,25,4.28643569804571,307.0068129831437,0.8208955223880597
precise_current_proxy,120,hidden_state_oracle,26,4.25671726071964,286.22108006777506,0.835820895522388
precise_current_proxy,120,hidden_state_oracle,27,4.180617800728216,232.99543320652288,0.8805970149253731
precise_current_proxy,120,hidden_state_oracle,28,3.9941759094816334,102.59384737723265,1.0
precise_current_proxy,120,hidden_state_oracle,29,4.572784701953043,507.28564495856625,0.6119402985074627
precise_current_proxy,120,hidden_state_oracle,30,4.604124186106624,529.2051739087083,0.6716417910447762
precise_current_proxy,120,hidden_state_oracle,31,4.75276801078981,633.1699552827762,0.5522388059701493
precise_current_proxy,120,hidden_state_oracle,32,4.141855622487076,205.88430770223928,0.9402985074626866
precise_current_proxy,120,hidden_state_oracle,33,4.156554751199019,216.16520370436788,0.9402985074626866
precise_current_proxy,120,hidden_state_oracle,34,4.713356347473202,605.6045655396606,0.746268656716418
precise_current_proxy,120,hidden_state_oracle,35,4.334592374937089,340.6886588007203,0.7761194029850746
precise_current_proxy,120,hidden_state_oracle,36,4.058518647493983,147.5965826386541,0.9850746268656716
precise_current_proxy,120,hidden_state_oracle,37,4.150492548718225,211.9251650959406,0.8955223880597015
precise_current_proxy,120,hidden_state_oracle,38,4.073475588209669,158.05779806314732,0.9701492537313433
precise_current_proxy,120,hidden_state_oracle,39,4.189142372206919,238.9577071992689,0.8507462686567164
precise_current_proxy,120,hidden_state_oracle,40,4.2801012836787855,302.5763833558557,0.7761194029850746
precise_current_proxy,120,hidden_state_oracle,41,4.109387412487732,183.17532291000947,0.9402985074626866
precise_current_proxy,120,hidden_state_oracle,42,4.511046756559083,464.10475931432563,0.6865671641791045
precise_current_proxy,120,hidden_state_oracle,43,4.266105840790897,292.78766079591185,0.8955223880597015
precise_current_proxy,120,hidden_state_oracle,44,4.083552121483951,165.10554849006172,1.0
precise_current_proxy,120,hidden_state_oracle,45,4.558198004701041,497.08338600831377,0.6268656716417911
precise_current_proxy,120,hidden_state_oracle,46,4.360672788822287,358.92987758999146,0.835820895522388
precise_current_proxy,120,hidden_state_oracle,47,4.765400994155729,642.0057434935502,0.6567164179104478
precise_current_proxy,120,hidden_state_oracle,48,4.351046484226648,352.1970270672118,0.7910447761194029
precise_current_proxy,120,hidden_state_oracle,49,4.835951686851672,691.3504596804206,0.5373134328358209
precise_current_proxy,120,hidden_state_oracle,50,4.011740073533301,114.87861251659757,1.0
precise_current_proxy,120,hidden_state_oracle,51,3.913202972447455,45.95958279263197,1.0
precise_current_proxy,120,hidden_state_oracle,52,4.17878474808861,231.71335561379587,0.8955223880597015
precise_current_proxy,120,hidden_state_oracle,53,4.129205423844368,197.0364787457997,0.8805970149253731
precise_current_proxy,120,hidden_state_oracle,54,4.692306319852121,590.8817102565147,0.5522388059701493
precise_current_proxy,120,hidden_state_oracle,55,4.017432411824128,118.85995992322187,0.9850746268656716
precise_current_proxy,120,hidden_state_oracle,56,4.426203454930739,404.76347605789107,0.7611940298507462
precise_current_proxy,120,hidden_state_oracle,57,3.952430097427582,73.39590233826065,1.0
precise_current_proxy,120,hidden_state_oracle,58,4.107134795883956,181.5997929932448,0.9850746268656716
precise_current_proxy,120,hidden_state_oracle,59,4.349239552369356,350.93321892784644,0.746268656716418
precise_current_proxy,120,hidden_state_oracle,60,4.161972500384635,219.95449741248103,0.8955223880597015
precise_current_proxy,120,hidden_state_oracle,61,4.272282074322358,297.10745524537407,0.7910447761194029
precise_current_proxy,120,hidden_state_oracle,62,4.698977177253549,595.5474555896634,0.5671641791044776
precise_current_proxy,120,hidden_state_oracle,63,4.887767716760682,727.591738002237,0.6716417910447762
precise_current_proxy,120,hidden_state_oracle,64,4.255700826235244,285.51016328951914,0.7761194029850746
precise_current_proxy,120,hidden_state_oracle,65,4.799392377834678,665.78006967438,0.5223880597014925
precise_current_proxy,120,hidden_state_oracle,66,4.3559403864037005,355.61993058162255,0.7761194029850746
precise_current_proxy,120,hidden_state_oracle,67,4.045379307808666,138.40663760935473,0.9402985074626866
precise_current_proxy,120,hidden_state_oracle,68,4.313839196979219,326.1734267431115,0.8059701492537313
precise_current_proxy,120,hidden_state_oracle,69,4.0480303281399115,140.26081991220863,0.9701492537313433
precise_current_proxy,120,hidden_state_oracle,70,4.34708221570486,349.42432990973424,0.7761194029850746
precise_current_proxy,120,hidden_state_oracle,71,4.095861086126815,173.71471083342956,0.8955223880597015
precise_current_proxy,120,hidden_state_oracle,72,4.7920134752183134,660.6191018445624,0.4626865671641791
precise_current_proxy,120,hidden_state_oracle,73,5.168484555620213,923.9313090692043,0.417910447761194
precise_current_proxy,120,hidden_state_oracle,74,4.331913830696054,338.81522566608754,0.7910447761194029
precise_current_proxy,120,hidden_state_oracle,75,4.135432395752467,201.3917607390342,0.9402985074626866
precise_current_proxy,120,hidden_state_oracle,76,4.072416703634058,157.3171907514184,0.9701492537313433
precise_current_proxy,120,hidden_state_oracle,77,4.133014373727067,199.70054260895495,0.8955223880597015
precise_current_proxy,120,hidden_state_oracle,78,4.127985872054016,196.18349722753973,0.9552238805970149
precise_current_proxy,120,hidden_state_oracle,79,4.726695053506061,614.9339518056187,0.6567164179104478
precise_current_proxy,120,hidden_state_oracle,80,4.345465627414159,348.29365227430014,0.8656716417910447
precise_current_proxy,120,hidden_state_oracle,81,3.9907435737438117,100.19319578376341,0.9701492537313433
precise_current_proxy,120,hidden_state_oracle,82,4.3413999309435605,345.4500141642067,0.7910447761194029
precise_current_proxy,120,hidden_state_oracle,83,4.609426901247521,532.9140102595462,0.6716417910447762
precise_current_proxy,120,hidden_state_oracle,84,4.176159184845056,229.87697856159193,0.8955223880597015
precise_current_proxy,120,hidden_state_oracle,85,4.860189261845644,708.302756155948,0.6417910447761194
precise_current_proxy,120,hidden_state_oracle,86,4.075902363159689,159.75513818246188,0.9253731343283582
precise_current_proxy,120,hidden_state_oracle,87,4.620779166706837,540.8540360163747,0.7313432835820896
precise_current_proxy,120,hidden_state_oracle,88,4.161863036557234,219.87793598849976,0.8805970149253731
precise_current_proxy,120,hidden_state_oracle,89,4.520775459877514,470.9092297705292,0.6865671641791045
precise_current_proxy,120,hidden_state_oracle,90,4.211269427649553,254.43385958197726,0.8955223880597015
precise_current_proxy,120,hidden_state_oracle,91,5.062242710233414,849.6234106283642,0.44776119402985076
precise_current_proxy,120,hidden_state_oracle,92,4.27069971755699,296.00071989651053,0.7761194029850746
precise_current_proxy,120,hidden_state_oracle,93,4.045673467192813,138.61237919415896,0.9253731343283582
precise_current_proxy,120,hidden_state_oracle,94,4.117090652789829,188.56313969679235,0.9104477611940298
precise_current_proxy,120,hidden_state_oracle,95,4.052463619573778,143.36156207672047,0.9850746268656716
precise_current_proxy,120,hidden_state_oracle,96,4.280427797971093,302.8047546796396,0.7910447761194029
precise_current_proxy,120,hidden_state_oracle,97,4.191736867617915,240.77235472166194,0.8955223880597015
precise_current_proxy,120,hidden_state_oracle,98,4.20089214452825,247.17575805463477,0.8208955223880597
precise_current_proxy,120,hidden_state_oracle,99,4.522804028606615,472.32805564421005,0.6417910447761194
precise_current_proxy,120,hidden_state_oracle,100,4.036906391859349,132.48049263731014,0.9850746268656716
precise_current_proxy,120,hidden_state_oracle,101,4.447093123896717,419.3741729479458,0.7313432835820896
precise_current_proxy,120,hidden_state_oracle,102,4.427115440501737,405.4013389540272,0.8059701492537313
precise_current_proxy,120,hidden_state_oracle,103,4.452381167873614,423.0727479619174,0.6716417910447762
precise_current_proxy,120,hidden_state_oracle,104,4.223467629412958,262.9655519155947,0.835820895522388
precise_current_proxy,120,hidden_state_oracle,105,4.008480394069974,112.59872054344247,1.0
precise_current_proxy,120,hidden_state_oracle,106,4.374190488288278,368.38445582529437,0.7164179104477612
precise_current_proxy,120,hidden_state_oracle,107,4.254773439347501,284.86152837152855,0.835820895522388
precise_current_proxy,120,hidden_state_oracle,108,4.54708163857444,489.3083534666675,0.6417910447761194
precise_current_proxy,120,hidden_state_oracle,109,4.2338942946019555,270.258192354208,0.8656716417910447
precise_current_proxy,120,hidden_state_oracle,110,4.150170288101616,211.699768887099,0.9552238805970149
precise_current_proxy,120,hidden_state_oracle,111,4.744732646984164,627.5498439657034,0.5671641791044776
precise_current_proxy,120,hidden_state_oracle,112,4.44953476318051,421.08190951133776,0.7164179104477612
precise_current_proxy,120,hidden_state_oracle,113,4.17013494951306,225.66349501747663,0.9104477611940298
precise_current_proxy,120,hidden_state_oracle,114,4.490329641050741,449.61475013219746,0.6865671641791045
precise_current_proxy,120,hidden_state_oracle,115,5.211838276579266,954.253861189126,0.34328358208955223
precise_current_proxy,120,hidden_state_oracle,116,4.449203175341512,420.84998963669017,0.7761194029850746
precise_current_proxy,120,hidden_state_oracle,117,3.966453256109381,83.20400993798239,1.0
precise_current_proxy,120,hidden_state_oracle,118,5.114477888257283,886.1578504200068,0.43283582089552236
precise_current_proxy,120,hidden_state_oracle,119,5.655314115741947,1264.4306799133299,0.3880597014925373
precise_current_proxy,120,hidden_state_oracle,120,4.035939704232199,131.80436991221256,0.9701492537313433
precise_current_proxy,120,hidden_state_oracle,121,3.988025122586782,98.29185086870206,0.9850746268656716
precise_current_proxy,120,hidden_state_oracle,122,4.144766932842218,207.9205426096047,0.8805970149253731
precise_current_proxy,120,hidden_state_oracle,123,4.461037451572366,429.1271443969595,0.7014925373134329
precise_current_proxy,120,hidden_state_oracle,124,4.0895142036536445,169.2755607366356,0.9701492537313433
precise_current_proxy,120,hidden_state_oracle,125,4.249130963061051,280.9150555545143,0.7761194029850746
precise_current_proxy,120,hidden_state_oracle,126,4.145965150951869,208.75860287933904,0.8955223880597015
precise_current_proxy,120,hidden_state_oracle,127,4.626511374142448,544.8632687854076,0.6268656716417911
precise_current_proxy,120,causal_kalman_observer,0,4.196655448632861,241.95238537544776,0.9402985074626866
precise_current_proxy,120,causal_kalman_observer,1,5.3362642899537756,1055.5327892908315,0.3880597014925373
precise_current_proxy,120,causal_kalman_observer,2,4.176261878961256,227.3931716793953,0.8955223880597015
precise_current_proxy,120,causal_kalman_observer,3,4.047953520564103,135.79229753254435,0.9701492537313433
precise_current_proxy,120,causal_kalman_observer,4,4.511675346823096,466.84886451641785,0.6716417910447762
precise_current_proxy,120,causal_kalman_observer,5,4.133625795002281,196.95476057641864,0.9253731343283582
precise_current_proxy,120,causal_kalman_observer,6,4.196612560990452,241.92176737375394,0.8507462686567164
precise_current_proxy,120,causal_kalman_observer,7,4.196321423605374,241.7139209068275,0.8805970149253731
precise_current_proxy,120,causal_kalman_observer,8,4.315057161625097,326.4807866897454,0.7910447761194029
precise_current_proxy,120,causal_kalman_observer,9,3.924864544939504,47.91760327331358,1.0
precise_current_proxy,120,causal_kalman_observer,10,4.742757240480569,631.8209966749098,0.6865671641791045
precise_current_proxy,120,causal_kalman_observer,11,4.063931180685029,147.1989404993885,0.9701492537313433
precise_current_proxy,120,causal_kalman_observer,12,4.656441119911908,570.1988841654422,0.6268656716417911
precise_current_proxy,120,causal_kalman_observer,13,4.844546478675006,704.4895532196971,0.5522388059701493
precise_current_proxy,120,causal_kalman_observer,14,3.9938703290421067,97.18165920817317,1.0
precise_current_proxy,120,causal_kalman_observer,15,4.314395055221097,326.00810099613824,0.835820895522388
precise_current_proxy,120,causal_kalman_observer,16,4.701724673533312,602.527355576144,0.5671641791044776
precise_current_proxy,120,causal_kalman_observer,17,4.239464548821049,272.5143148371311,0.8656716417910447
precise_current_proxy,120,causal_kalman_observer,18,4.262153777478374,288.712426984242,0.7761194029850746
precise_current_proxy,120,causal_kalman_observer,19,4.143084172101103,203.70720929516148,0.9402985074626866
precise_current_proxy,120,causal_kalman_observer,20,4.016082974158467,113.03953265609266,1.0
precise_current_proxy,120,causal_kalman_observer,21,5.046669930573795,848.7879068951419,0.40298507462686567
precise_current_proxy,120,causal_kalman_observer,22,3.9883341623867765,93.22932351168501,1.0
precise_current_proxy,120,causal_kalman_observer,23,4.041979604762647,131.52744747656263,0.9850746268656716
precise_current_proxy,120,causal_kalman_observer,24,4.108686400733574,179.15022824318305,0.8955223880597015
precise_current_proxy,120,causal_kalman_observer,25,4.296554341147691,313.271401493916,0.8208955223880597
precise_current_proxy,120,causal_kalman_observer,26,4.283862638270711,304.21064276808954,0.8208955223880597
precise_current_proxy,120,causal_kalman_observer,27,4.1791489409430405,229.45427981413653,0.8805970149253731
precise_current_proxy,120,causal_kalman_observer,28,4.006907465960383,106.48902743425376,0.9850746268656716
precise_current_proxy,120,causal_kalman_observer,29,4.570260283321044,508.6733525083782,0.6567164179104478
precise_current_proxy,120,causal_kalman_observer,30,4.641911808283709,559.8262345382406,0.6417910447761194
precise_current_proxy,120,causal_kalman_observer,31,4.761052898649831,644.8824862172277,0.5373134328358209
precise_current_proxy,120,causal_kalman_observer,32,4.151667336639757,209.8348332824715,0.9552238805970149
precise_current_proxy,120,causal_kalman_observer,33,4.153830756064122,211.37932432649896,0.9402985074626866
precise_current_proxy,120,causal_kalman_observer,34,4.707012888722174,606.3026757503523,0.7313432835820896
precise_current_proxy,120,causal_kalman_observer,35,4.323068619645929,332.2002625451502,0.7910447761194029
precise_current_proxy,120,causal_kalman_observer,36,4.085177865001236,162.36720296022278,0.9850746268656716
precise_current_proxy,120,causal_kalman_observer,37,4.159993813642932,215.77920496318146,0.8805970149253731
precise_current_proxy,120,causal_kalman_observer,38,4.096334798748456,170.33227161834225,0.9850746268656716
precise_current_proxy,120,causal_kalman_observer,39,4.203230173672002,246.64616034368743,0.8656716417910447
precise_current_proxy,120,causal_kalman_observer,40,4.308824029012209,322.03087864675996,0.7611940298507462
precise_current_proxy,120,causal_kalman_observer,41,4.125438119740504,191.10948112168646,0.9402985074626866
precise_current_proxy,120,causal_kalman_observer,42,4.494414277159953,454.52598010260994,0.6865671641791045
precise_current_proxy,120,causal_kalman_observer,43,4.261391064312815,288.1679169183244,0.8805970149253731
precise_current_proxy,120,causal_kalman_observer,44,4.084170284280672,161.64787901336373,1.0
precise_current_proxy,120,causal_kalman_observer,45,4.563422220882941,503.7915778163338,0.6268656716417911
precise_current_proxy,120,causal_kalman_observer,46,4.369465868541147,365.3238143534884,0.8208955223880597
precise_current_proxy,120,causal_kalman_observer,47,4.762824986548433,646.1476009970032,0.6417910447761194
precise_current_proxy,120,causal_kalman_observer,48,4.359192557107538,357.98957425052805,0.8059701492537313
precise_current_proxy,120,causal_kalman_observer,49,4.831444316174532,695.1357624515034,0.5522388059701493
precise_current_proxy,120,causal_kalman_observer,50,4.022542482337252,117.65105292746968,0.9701492537313433
precise_current_proxy,120,causal_kalman_observer,51,3.919095237846675,43.79882582555737,1.0
precise_current_proxy,120,causal_kalman_observer,52,4.204597214491378,247.62210716128806,0.8805970149253731
precise_current_proxy,120,causal_kalman_observer,53,4.149257766268527,208.11461212868136,0.9104477611940298
precise_current_proxy,120,causal_kalman_observer,54,4.7172996229859185,613.6464985725478,0.5522388059701493
precise_current_proxy,120,causal_kalman_observer,55,4.0214798835803345,116.89245094536085,0.9850746268656716
precise_current_proxy,120,causal_kalman_observer,56,4.4480888930083315,421.4537333956379,0.7611940298507462
precise_current_proxy,120,causal_kalman_observer,57,3.953795158998776,68.57151522838447,1.0
precise_current_proxy,120,causal_kalman_observer,58,4.104927653282178,176.46681340921327,1.0
precise_current_proxy,120,causal_kalman_observer,59,4.3900036790352575,379.9860033006795,0.7164179104477612
precise_current_proxy,120,causal_kalman_observer,60,4.1864940353992175,234.69803073794205,0.8805970149253731
precise_current_proxy,120,causal_kalman_observer,61,4.292346758492958,310.26755783140345,0.8059701492537313
precise_current_proxy,120,causal_kalman_observer,62,4.668263503138019,578.6390251783824,0.5671641791044776
precise_current_proxy,120,causal_kalman_observer,63,4.902741606265511,746.0357519628661,0.6865671641791045
precise_current_proxy,120,causal_kalman_observer,64,4.246210665957342,277.33044867674215,0.7761194029850746
precise_current_proxy,120,causal_kalman_observer,65,4.77345795362606,653.7386035727701,0.5373134328358209
precise_current_proxy,120,causal_kalman_observer,66,4.3707420229941425,366.2348763053438,0.7761194029850746
precise_current_proxy,120,causal_kalman_observer,67,4.06526869785865,148.15381003260205,0.9552238805970149
precise_current_proxy,120,causal_kalman_observer,68,4.3082632686019995,321.63054507220755,0.7910447761194029
precise_current_proxy,120,causal_kalman_observer,69,4.065821812857311,148.54868545626093,0.9402985074626866
precise_current_proxy,120,causal_kalman_observer,70,4.377676008550865,371.18513166089565,0.7611940298507462
precise_current_proxy,120,causal_kalman_observer,71,4.096845016533962,170.69652220763533,0.9104477611940298
precise_current_proxy,120,causal_kalman_observer,72,4.851892509768379,709.7339728200166,0.40298507462686567
precise_current_proxy,120,causal_kalman_observer,73,5.149068889445654,921.8917503357707,0.417910447761194
precise_current_proxy,120,causal_kalman_observer,74,4.359180081495302,357.98066776149903,0.7611940298507462
precise_current_proxy,120,causal_kalman_observer,75,4.1514201132215405,209.65833752256114,0.9253731343283582
precise_current_proxy,120,causal_kalman_observer,76,4.098446115710365,171.8395660902522,0.9402985074626866
precise_current_proxy,120,causal_kalman_observer,77,4.151707706578946,209.86365386567508,0.9253731343283582
precise_current_proxy,120,causal_kalman_observer,78,4.12038488794585,187.50191840761744,0.9552238805970149
precise_current_proxy,120,causal_kalman_observer,79,4.76216015709897,645.6729712886172,0.6716417910447762
precise_current_proxy,120,causal_kalman_observer,80,4.376511638801449,370.353874148064,0.8656716417910447
precise_current_proxy,120,causal_kalman_observer,81,3.9895066279863216,94.06636074890781,1.0
precise_current_proxy,120,causal_kalman_observer,82,4.332801090519628,339.1483900933182,0.8059701492537313
precise_current_proxy,120,causal_kalman_observer,83,4.627461109789604,549.5097077692254,0.6716417910447762
precise_current_proxy,120,causal_kalman_observer,84,4.162993905854842,217.92100673327067,0.9253731343283582
precise_current_proxy,120,causal_kalman_observer,85,4.837711413967245,699.6099186432559,0.6865671641791045
precise_current_proxy,120,causal_kalman_observer,86,4.09905741981263,172.27598341205848,0.9402985074626866
precise_current_proxy,120,causal_kalman_observer,87,4.635852067932932,555.5001133083528,0.7164179104477612
precise_current_proxy,120,causal_kalman_observer,88,4.14840138165405,207.503228893231,0.9253731343283582
precise_current_proxy,120,causal_kalman_observer,89,4.533594698383506,482.49735218119486,0.6865671641791045
precise_current_proxy,120,causal_kalman_observer,90,4.208777540768091,250.60649216901064,0.8805970149253731
precise_current_proxy,120,causal_kalman_observer,91,5.048933833974985,850.404134653984,0.5074626865671642
precise_current_proxy,120,causal_kalman_observer,92,4.255617347455256,284.0459912866997,0.7761194029850746
precise_current_proxy,120,causal_kalman_observer,93,4.069369523867347,151.08143884660424,0.9402985074626866
precise_current_proxy,120,causal_kalman_observer,94,4.103793946921677,175.6574468570657,0.9402985074626866
precise_current_proxy,120,causal_kalman_observer,95,4.083396806781335,161.0956841606097,0.9850746268656716
precise_current_proxy,120,causal_kalman_observer,96,4.29019662384696,308.73255094979993,0.8507462686567164
precise_current_proxy,120,causal_kalman_observer,97,4.196657578147022,241.95390566111763,0.8805970149253731
precise_current_proxy,120,causal_kalman_observer,98,4.192243341403589,238.8025291690425,0.8507462686567164
precise_current_proxy,120,causal_kalman_observer,99,4.513142206095221,467.8960729232252,0.6268656716417911
precise_current_proxy,120,causal_kalman_observer,100,4.03892962028976,129.3500270236738,0.9850746268656716
precise_current_proxy,120,causal_kalman_observer,101,4.457498039555215,428.1710358335868,0.7164179104477612
precise_current_proxy,120,causal_kalman_observer,102,4.4371042935897345,413.611696279225,0.8059701492537313
precise_current_proxy,120,causal_kalman_observer,103,4.4399234041217435,415.624293059938,0.6567164179104478
precise_current_proxy,120,causal_kalman_observer,104,4.231670251896,266.9498728895165,0.8656716417910447
precise_current_proxy,120,causal_kalman_observer,105,4.01751512378625,114.06196143199479,1.0
precise_current_proxy,120,causal_kalman_observer,106,4.38518013339699,376.5424162852108,0.7313432835820896
precise_current_proxy,120,causal_kalman_observer,107,4.271547067701015,295.4184094023614,0.8059701492537313
precise_current_proxy,120,causal_kalman_observer,108,4.541032061168338,487.80697457016856,0.6417910447761194
precise_current_proxy,120,causal_kalman_observer,109,4.2638677054408705,289.9360206888961,0.8208955223880597
precise_current_proxy,120,causal_kalman_observer,110,4.1600577245614225,215.82483173352196,0.9552238805970149
precise_current_proxy,120,causal_kalman_observer,111,4.7784812830585945,657.3248186323036,0.5671641791044776
precise_current_proxy,120,causal_kalman_observer,112,4.482524349808872,446.03761852970086,0.7164179104477612
precise_current_proxy,120,causal_kalman_observer,113,4.17108155597607,223.6948770419005,0.9552238805970149
precise_current_proxy,120,causal_kalman_observer,114,4.527206186561534,477.9365170594588,0.6865671641791045
precise_current_proxy,120,causal_kalman_observer,115,5.1874288265617885,949.2773689809726,0.3582089552238806
precise_current_proxy,120,causal_kalman_observer,116,4.468848064448394,436.2739545739667,0.7761194029850746
precise_current_proxy,120,causal_kalman_observer,117,3.9657884324223835,77.13365680051928,1.0
precise_current_proxy,120,causal_kalman_observer,118,5.0596505041445194,858.0548938697974,0.44776119402985076
precise_current_proxy,120,causal_kalman_observer,119,5.673713634253584,1296.4419187059734,0.40298507462686567
precise_current_proxy,120,causal_kalman_observer,120,4.0401118063582775,130.1940038201438,0.9850746268656716
precise_current_proxy,120,causal_kalman_observer,121,3.9927508005119945,96.38241437898466,0.9850746268656716
precise_current_proxy,120,causal_kalman_observer,122,4.152814860729954,210.65406447738218,0.8656716417910447
precise_current_proxy,120,causal_kalman_observer,123,4.463019758897799,432.11305742043214,0.6865671641791045
precise_current_proxy,120,causal_kalman_observer,124,4.0935872307220365,168.37074988942175,0.9701492537313433
precise_current_proxy,120,causal_kalman_observer,125,4.262142028925858,288.704039551857,0.8208955223880597
precise_current_proxy,120,causal_kalman_observer,126,4.172822956997877,224.9380840927146,0.8955223880597015
precise_current_proxy,120,causal_kalman_observer,127,4.650590592914373,566.0221228547329,0.5970149253731343
precise_current_proxy,120,memory_limited_ridge,0,4.272226826788738,265.86794988805696,0.9552238805970149
precise_current_proxy,120,memory_limited_ridge,1,5.204044529985826,1117.8043798278013,0.44776119402985076
precise_current_proxy,120,memory_limited_ridge,2,4.190096153720001,190.77803459383236,0.9850746268656716
precise_current_proxy,120,memory_limited_ridge,3,4.152972341124526,156.83670866728426,0.9701492537313433
precise_current_proxy,120,memory_limited_ridge,4,4.55665737693659,525.9153246346025,0.7164179104477612
precise_current_proxy,120,memory_limited_ridge,5,4.205431844903827,204.7990538908262,0.9552238805970149
precise_current_proxy,120,memory_limited_ridge,6,4.288418252456055,280.67134472732823,0.8955223880597015
precise_current_proxy,120,memory_limited_ridge,7,4.25473990334716,249.88011549047678,0.8955223880597015
precise_current_proxy,120,memory_limited_ridge,8,4.296108418496695,287.70226137532524,0.8805970149253731
precise_current_proxy,120,memory_limited_ridge,9,4.0478781961427766,60.75189467831377,1.0
precise_current_proxy,120,memory_limited_ridge,10,4.666091425870568,625.9679987175134,0.7313432835820896
precise_current_proxy,120,memory_limited_ridge,11,4.157993258509591,161.42720144004116,0.9701492537313433
precise_current_proxy,120,memory_limited_ridge,12,4.660865280470614,621.1898713658803,0.6716417910447762
precise_current_proxy,120,memory_limited_ridge,13,4.798370555001383,746.9073290614108,0.582089552238806
precise_current_proxy,120,memory_limited_ridge,14,4.116095291328681,123.12099148140999,1.0
precise_current_proxy,120,memory_limited_ridge,15,4.342008576052731,329.667568782336,0.9104477611940298
precise_current_proxy,120,memory_limited_ridge,16,4.647353315722985,608.8362372064611,0.6567164179104478
precise_current_proxy,120,memory_limited_ridge,17,4.304974628645973,295.80840423541025,0.8955223880597015
precise_current_proxy,120,memory_limited_ridge,18,4.297948283565396,289.38440164033847,0.8656716417910447
precise_current_proxy,120,memory_limited_ridge,19,4.244746170117783,240.74310791915423,0.9701492537313433
precise_current_proxy,120,memory_limited_ridge,20,4.1238560587017385,130.2164570716339,1.0
precise_current_proxy,120,memory_limited_ridge,21,4.86350443787254,806.4575258981749,0.5671641791044776
precise_current_proxy,120,memory_limited_ridge,22,4.1075799733518545,115.33566011016865,1.0
precise_current_proxy,120,memory_limited_ridge,23,4.150075717795691,154.18840210562263,0.9850746268656716
precise_current_proxy,120,memory_limited_ridge,24,4.169097835568118,171.5798243219349,0.9552238805970149
precise_current_proxy,120,memory_limited_ridge,25,4.347437363747995,334.6309666574096,0.8507462686567164
precise_current_proxy,120,memory_limited_ridge,26,4.31453862225983,304.55251217347586,0.8656716417910447
precise_current_proxy,120,memory_limited_ridge,27,4.226886695113432,224.41465942155514,0.9253731343283582
precise_current_proxy,120,memory_limited_ridge,28,4.0976144673804145,106.22445997872443,1.0
precise_current_proxy,120,memory_limited_ridge,29,4.569930299658849,538.0504089542836,0.7313432835820896
precise_current_proxy,120,memory_limited_ridge,30,4.5388273518711335,509.6138014419403,0.7611940298507462
precise_current_proxy,120,memory_limited_ridge,31,4.7109135082585265,666.947650339335,0.6119402985074627
precise_current_proxy,120,memory_limited_ridge,32,4.211695278193477,210.5255462912627,0.9701492537313433
precise_current_proxy,120,memory_limited_ridge,33,4.213346755582824,212.03544865347433,0.9701492537313433
precise_current_proxy,120,memory_limited_ridge,34,4.661024754827736,621.3356745782536,0.7761194029850746
precise_current_proxy,120,memory_limited_ridge,35,4.3474274906853525,334.62193997578385,0.8507462686567164
precise_current_proxy,120,memory_limited_ridge,36,4.193994161380085,194.34188052465814,1.0
precise_current_proxy,120,memory_limited_ridge,37,4.254951044645707,250.07315642915052,0.9104477611940298
precise_current_proxy,120,memory_limited_ridge,38,4.178111890253793,179.82113755503607,0.9850746268656716
precise_current_proxy,120,memory_limited_ridge,39,4.2433923598483,239.5053547794124,0.8955223880597015
precise_current_proxy,120,memory_limited_ridge,40,4.2985268955816816,289.91341139598507,0.8805970149253731
precise_current_proxy,120,memory_limited_ridge,41,4.217736055522064,216.0484701997916,0.9552238805970149
precise_current_proxy,120,memory_limited_ridge,42,4.57132959482755,539.32974774165,0.6865671641791045
precise_current_proxy,120,memory_limited_ridge,43,4.30739505997899,298.02134097366906,0.9253731343283582
precise_current_proxy,120,memory_limited_ridge,44,4.182077050547226,183.4463793731895,1.0
precise_current_proxy,120,memory_limited_ridge,45,4.548966702959182,518.8839435933717,0.6716417910447762
precise_current_proxy,120,memory_limited_ridge,46,4.409449986175695,391.3274771239871,0.8656716417910447
precise_current_proxy,120,memory_limited_ridge,47,4.621455038323824,585.1581230073748,0.7164179104477612
precise_current_proxy,120,memory_limited_ridge,48,4.385714892310801,369.6271047634218,0.8805970149253731
precise_current_proxy,120,memory_limited_ridge,49,4.758692541041333,710.6307639733636,0.6119402985074627
precise_current_proxy,120,memory_limited_ridge,50,4.1344374296874,139.89072639541203,0.9850746268656716
precise_current_proxy,120,memory_limited_ridge,51,4.038032349044618,51.750095509057395,1.0
precise_current_proxy,120,memory_limited_ridge,52,4.283721755026417,276.37746059130217,0.8805970149253731
precise_current_proxy,120,memory_limited_ridge,53,4.230673224371905,227.876583580388,0.8955223880597015
precise_current_proxy,120,memory_limited_ridge,54,4.653330627184999,614.3011359416037,0.6119402985074627
precise_current_proxy,120,memory_limited_ridge,55,4.154348340678637,158.09474888663664,0.9850746268656716
precise_current_proxy,120,memory_limited_ridge,56,4.463838395246533,441.05336974754823,0.8208955223880597
precise_current_proxy,120,memory_limited_ridge,57,4.074635151433384,85.2150755001923,1.0
precise_current_proxy,120,memory_limited_ridge,58,4.234350987628763,231.23906584323927,0.9701492537313433
precise_current_proxy,120,memory_limited_ridge,59,4.402348895071413,384.8351362044044,0.8507462686567164
precise_current_proxy,120,memory_limited_ridge,60,4.2532923553794655,248.55666043748508,0.9104477611940298
precise_current_proxy,120,memory_limited_ridge,61,4.359258261754015,345.43850295058996,0.8656716417910447
precise_current_proxy,120,memory_limited_ridge,62,4.565357154052107,533.8693021471947,0.6716417910447762
precise_current_proxy,120,memory_limited_ridge,63,4.787175550184357,736.6720304571342,0.7164179104477612
precise_current_proxy,120,memory_limited_ridge,64,4.313391220823301,303.5034732035249,0.8208955223880597
precise_current_proxy,120,memory_limited_ridge,65,4.747872873389637,700.7386262722927,0.582089552238806
precise_current_proxy,120,memory_limited_ridge,66,4.416655367321246,397.9151676866743,0.8507462686567164
precise_current_proxy,120,memory_limited_ridge,67,4.165333290015965,168.13799928787242,0.9402985074626866
precise_current_proxy,120,memory_limited_ridge,68,4.326172740319811,315.18928047215763,0.8955223880597015
precise_current_proxy,120,memory_limited_ridge,69,4.150032128864738,154.14854989194126,1.0
precise_current_proxy,120,memory_limited_ridge,70,4.452521484656955,430.7066159001457,0.7761194029850746
precise_current_proxy,120,memory_limited_ridge,71,4.194522594513318,194.82501304665584,0.9104477611940298
precise_current_proxy,120,memory_limited_ridge,72,4.813737167970623,760.9566193339218,0.4626865671641791
precise_current_proxy,120,memory_limited_ridge,73,4.9496065012287405,885.1783789303182,0.5373134328358209
precise_current_proxy,120,memory_limited_ridge,74,4.336597082014183,324.71998204297563,0.835820895522388
precise_current_proxy,120,memory_limited_ridge,75,4.201264617475453,200.9890674032385,0.9850746268656716
precise_current_proxy,120,memory_limited_ridge,76,4.215858634045394,214.3319930982739,0.9552238805970149
precise_current_proxy,120,memory_limited_ridge,77,4.231182086978559,228.34182328441563,0.9253731343283582
precise_current_proxy,120,memory_limited_ridge,78,4.163393483369244,166.36448506538986,0.9701492537313433
precise_current_proxy,120,memory_limited_ridge,79,4.736960717331205,690.7619288523255,0.7164179104477612
precise_current_proxy,120,memory_limited_ridge,80,4.394096050808719,377.289777649952,0.8507462686567164
precise_current_proxy,120,memory_limited_ridge,81,4.108734369920108,116.39109454516543,1.0
precise_current_proxy,120,memory_limited_ridge,82,4.383987151104486,368.04747639822034,0.835820895522388
precise_current_proxy,120,memory_limited_ridge,83,4.640627619036428,602.6871095344452,0.7164179104477612
precise_current_proxy,120,memory_limited_ridge,84,4.217723940756263,216.0373939878988,0.9701492537313433
precise_current_proxy,120,memory_limited_ridge,85,4.813394553711822,760.6433761239174,0.7611940298507462
precise_current_proxy,120,memory_limited_ridge,86,4.177078451344772,178.87629152808182,0.9850746268656716
precise_current_proxy,120,memory_limited_ridge,87,4.536695316812228,507.66453783559484,0.7761194029850746
precise_current_proxy,120,memory_limited_ridge,88,4.223280069553574,221.11721648496757,0.9701492537313433
precise_current_proxy,120,memory_limited_ridge,89,4.552017887555682,521.6735614588731,0.7761194029850746
precise_current_proxy,120,memory_limited_ridge,90,4.269575173983824,263.44361343651104,0.9253731343283582
precise_current_proxy,120,memory_limited_ridge,91,4.845970665643464,790.4268588857705,0.5522388059701493
precise_current_proxy,120,memory_limited_ridge,92,4.320872676466557,310.3435714218775,0.8656716417910447
precise_current_proxy,120,memory_limited_ridge,93,4.164023243615011,166.94025830264064,0.9402985074626866
precise_current_proxy,120,memory_limited_ridge,94,4.195393906054936,195.6216302836816,0.9253731343283582
precise_current_proxy,120,memory_limited_ridge,95,4.170939799294161,173.26388333418546,0.9850746268656716
precise_current_proxy,120,memory_limited_ridge,96,4.389599906707644,373.17907129524116,0.8656716417910447
precise_current_proxy,120,memory_limited_ridge,97,4.253803810404854,249.024270321811,0.9402985074626866
precise_current_proxy,120,memory_limited_ridge,98,4.276484206077025,269.7603598512061,0.8955223880597015
precise_current_proxy,120,memory_limited_ridge,99,4.505999524565675,479.6001819310268,0.7164179104477612
precise_current_proxy,120,memory_limited_ridge,100,4.148980924417862,153.1874613007544,1.0
precise_current_proxy,120,memory_limited_ridge,101,4.467584235949718,444.4780934299231,0.7761194029850746
precise_current_proxy,120,memory_limited_ridge,102,4.4847507395231485,460.17297636541326,0.8059701492537313
precise_current_proxy,120,memory_limited_ridge,103,4.463273996995307,440.53735526363886,0.7611940298507462
precise_current_proxy,120,memory_limited_ridge,104,4.269601587167839,263.4677623162927,0.9253731343283582
precise_current_proxy,120,memory_limited_ridge,105,4.124849481915083,131.12471779998486,1.0
precise_current_proxy,120,memory_limited_ridge,106,4.361873574828672,347.8296149420803,0.8656716417910447
precise_current_proxy,120,memory_limited_ridge,107,4.319153218722817,308.77151640874763,0.835820895522388
precise_current_proxy,120,memory_limited_ridge,108,4.528349123708961,500.0338328902083,0.7611940298507462
precise_current_proxy,120,memory_limited_ridge,109,4.307037441404238,297.6943797120287,0.8955223880597015
precise_current_proxy,120,memory_limited_ridge,110,4.2543374046263205,249.51212149110398,0.9552238805970149
precise_current_proxy,120,memory_limited_ridge,111,4.697874012747851,655.0259823827524,0.6417910447761194
precise_current_proxy,120,memory_limited_ridge,112,4.437054301447939,416.56537690125026,0.8208955223880597
precise_current_proxy,120,memory_limited_ridge,113,4.236263355015614,232.98749307175999,0.9701492537313433
precise_current_proxy,120,memory_limited_ridge,114,4.484630886779507,460.0633981526504,0.7761194029850746
precise_current_proxy,120,memory_limited_ridge,115,5.022009758936522,951.3747740792173,0.4626865671641791
precise_current_proxy,120,memory_limited_ridge,116,4.463998540187593,441.1997860571885,0.7761194029850746
precise_current_proxy,120,memory_limited_ridge,117,4.101409459515527,109.69412152319147,1.0
precise_current_proxy,120,memory_limited_ridge,118,4.924088067481519,861.8475457966786,0.582089552238806
precise_current_proxy,120,memory_limited_ridge,119,5.437486120407897,1331.2338891205338,0.43283582089552236
precise_current_proxy,120,memory_limited_ridge,120,4.143732731724973,148.3891766887812,0.9701492537313433
precise_current_proxy,120,memory_limited_ridge,121,4.11647946665954,123.47223288702095,0.9850746268656716
precise_current_proxy,120,memory_limited_ridge,122,4.245190430899808,241.14928387320805,0.9402985074626866
precise_current_proxy,120,memory_limited_ridge,123,4.43202073265678,411.9633172804861,0.7910447761194029
precise_current_proxy,120,memory_limited_ridge,124,4.169982613907733,172.38875389834652,0.9850746268656716
precise_current_proxy,120,memory_limited_ridge,125,4.306646662431055,297.33710076984255,0.8656716417910447
precise_current_proxy,120,memory_limited_ridge,126,4.242396248377368,238.59463624781873,0.8805970149253731
precise_current_proxy,120,memory_limited_ridge,127,4.687191209311832,645.258976036121,0.6567164179104478
precise_current_proxy,240,hidden_state_oracle,0,4.617790814692207,492.9151674440509,0.9302325581395349
precise_current_proxy,240,hidden_state_oracle,1,5.2510253013150185,1751.977227661051,0.7209302325581395
precise_current_proxy,240,hidden_state_oracle,2,4.97417656944827,1201.5180500953784,0.8837209302325582
precise_current_proxy,240,hidden_state_oracle,3,4.414777902634451,89.2639754988675,1.0
precise_current_proxy,240,hidden_state_oracle,4,5.037204923269384,1326.8375181447643,0.5813953488372093
precise_current_proxy,240,hidden_state_oracle,5,4.845472556475403,945.6154687371757,0.813953488372093
precise_current_proxy,240,hidden_state_oracle,6,4.832572072647088,919.9653974132054,0.8604651162790697
precise_current_proxy,240,hidden_state_oracle,7,4.540809500479514,339.85298571139543,1.0
precise_current_proxy,240,hidden_state_oracle,8,4.825498999567535,905.9019846463132,0.9069767441860465
precise_current_proxy,240,hidden_state_oracle,9,4.399226490086775,58.343054520632556,1.0
precise_current_proxy,240,hidden_state_oracle,10,5.4910727097352305,2229.2642216262593,0.4186046511627907
precise_current_proxy,240,hidden_state_oracle,11,4.5830023051053415,423.7450677769923,0.9767441860465116
precise_current_proxy,240,hidden_state_oracle,12,5.769992457557516,2783.84120652998,0.20930232558139536
precise_current_proxy,240,hidden_state_oracle,13,6.208461206351948,3655.649956464219,0.18604651162790697
precise_current_proxy,240,hidden_state_oracle,14,4.50740482381818,273.4343652688953,1.0
precise_current_proxy,240,hidden_state_oracle,15,4.656209627569647,569.3034102110205,0.8604651162790697
precise_current_proxy,240,hidden_state_oracle,16,4.641312373722102,539.6831549705063,1.0
precise_current_proxy,240,hidden_state_oracle,17,4.474392957125979,207.79677008553404,1.0
precise_current_proxy,240,hidden_state_oracle,18,4.890618380138871,1035.379047557825,0.7674418604651163
precise_current_proxy,240,hidden_state_oracle,19,4.704756353732733,665.829013839577,1.0
precise_current_proxy,240,hidden_state_oracle,20,4.402303316228228,64.46071731762919,1.0
precise_current_proxy,240,hidden_state_oracle,21,5.7966427378566525,2836.8300400942157,0.09302325581395349
precise_current_proxy,240,hidden_state_oracle,22,4.506355123792766,271.3472435082692,1.0
precise_current_proxy,240,hidden_state_oracle,23,4.434307432836683,128.09459993727197,1.0
precise_current_proxy,240,hidden_state_oracle,24,4.484216963927842,227.32987275892913,1.0
precise_current_proxy,240,hidden_state_oracle,25,4.453594035266539,166.44221034526873,1.0
precise_current_proxy,240,hidden_state_oracle,26,4.7069157966650215,670.1226408050759,0.8372093023255814
precise_current_proxy,240,hidden_state_oracle,27,4.577406711121487,412.61933120028647,1.0
precise_current_proxy,240,hidden_state_oracle,28,4.437623833900072,134.68861028191307,1.0
precise_current_proxy,240,hidden_state_oracle,29,4.735206618622965,726.3733683508361,0.7674418604651163
precise_current_proxy,240,hidden_state_oracle,30,5.609908532661477,2465.5458506308114,0.18604651162790697
precise_current_proxy,240,hidden_state_oracle,31,6.200633708214276,3640.0865180543483,0.09302325581395349
precise_current_proxy,240,hidden_state_oracle,32,4.96529512368188,1183.8590444022846,0.8372093023255814
precise_current_proxy,240,hidden_state_oracle,33,4.5936890709227844,444.9935968312531,1.0
precise_current_proxy,240,hidden_state_oracle,34,4.905094021915655,1064.1610102327322,0.6744186046511628
precise_current_proxy,240,hidden_state_oracle,35,4.6307255221040515,518.6332856234877,1.0
precise_current_proxy,240,hidden_state_oracle,36,4.653158902703453,563.2376446591904,1.0
precise_current_proxy,240,hidden_state_oracle,37,4.857694337397164,969.9160730029744,0.7674418604651163
precise_current_proxy,240,hidden_state_oracle,38,4.526269191271853,310.9424445865304,1.0
precise_current_proxy,240,hidden_state_oracle,39,4.68723253718479,630.9863559745755,0.813953488372093
precise_current_proxy,240,hidden_state_oracle,40,5.0404620399185625,1333.3136531079008,0.6744186046511628
precise_current_proxy,240,hidden_state_oracle,41,4.627527740453368,512.2751266187414,0.9767441860465116
precise_current_proxy,240,hidden_state_oracle,42,5.843773847708542,2930.5409694956015,0.2558139534883721
precise_current_proxy,240,hidden_state_oracle,43,4.6043736895423955,466.2378566055231,1.0
precise_current_proxy,240,hidden_state_oracle,44,4.508268657920221,275.1519292474512,1.0
precise_current_proxy,240,hidden_state_oracle,45,5.701177394656468,2647.016007175721,0.3953488372093023
precise_current_proxy,240,hidden_state_oracle,46,4.928880905685778,1111.45654374904,0.6976744186046512
precise_current_proxy,240,hidden_state_oracle,47,5.729531607333829,2703.392774682154,0.20930232558139536
precise_current_proxy,240,hidden_state_oracle,48,4.6705600874944775,597.8364734280594,1.0
precise_current_proxy,240,hidden_state_oracle,49,4.719551850989606,695.2469461406457,0.9069767441860465
precise_current_proxy,240,hidden_state_oracle,50,4.582375316477134,422.4984243761045,1.0
precise_current_proxy,240,hidden_state_oracle,51,4.411866634518431,83.47549222856105,1.0
precise_current_proxy,240,hidden_state_oracle,52,4.739592917693814,735.0946601653847,0.9302325581395349
precise_current_proxy,240,hidden_state_oracle,53,4.6764309898577325,609.5096064948241,0.9069767441860465
precise_current_proxy,240,hidden_state_oracle,54,5.235563195146427,1721.2338748285977,0.5348837209302325
precise_current_proxy,240,hidden_state_oracle,55,4.443707930673679,146.78563844472188,1.0
precise_current_proxy,240,hidden_state_oracle,56,5.041860273464745,1336.0937651304025,0.5813953488372093
precise_current_proxy,240,hidden_state_oracle,57,4.423612457435577,106.82974774278291,1.0
precise_current_proxy,240,hidden_state_oracle,58,4.690060491042471,636.6091852510422,0.8372093023255814
precise_current_proxy,240,hidden_state_oracle,59,4.82318034826372,901.2918031903446,0.7906976744186046
precise_current_proxy,240,hidden_state_oracle,60,4.49876010451922,256.24604353266847,1.0
precise_current_proxy,240,hidden_state_oracle,61,4.873424767317065,1001.1929347681566,0.7441860465116279
precise_current_proxy,240,hidden_state_oracle,62,5.7532994811141025,2750.650510577696,0.27906976744186046
precise_current_proxy,240,hidden_state_oracle,63,5.1117611322499545,1475.077855751269,0.627906976744186
precise_current_proxy,240,hidden_state_oracle,64,4.824794075470253,904.5003819146687,0.9069767441860465
precise_current_proxy,240,hidden_state_oracle,65,5.69835494776333,2641.4041274136453,0.3953488372093023
precise_current_proxy,240,hidden_state_oracle,66,4.776831066656967,809.1353852722295,0.8372093023255814
precise_current_proxy,240,hidden_state_oracle,67,4.451114682879181,161.51250643498585,1.0
precise_current_proxy,240,hidden_state_oracle,68,4.857873777537409,970.2728543808552,0.7441860465116279
precise_current_proxy,240,hidden_state_oracle,69,4.4400332254328925,139.47921081183785,1.0
precise_current_proxy,240,hidden_state_oracle,70,5.0391729406510315,1330.7505331043533,0.5581395348837209
precise_current_proxy,240,hidden_state_oracle,71,4.5574873569572905,373.01361858990583,1.0
precise_current_proxy,240,hidden_state_oracle,72,5.745140828081445,2734.428635880567,0.4418604651162791
precise_current_proxy,240,hidden_state_oracle,73,5.304723965394742,1858.7464451553424,0.5813953488372093
precise_current_proxy,240,hidden_state_oracle,74,4.959696895839076,1172.7280709158006,0.6744186046511628
precise_current_proxy,240,hidden_state_oracle,75,4.763902413072515,783.4293039362525,0.8604651162790697
precise_current_proxy,240,hidden_state_oracle,76,4.611337914750352,480.08484681748934,0.9302325581395349
precise_current_proxy,240,hidden_state_oracle,77,4.543253929512406,344.71325140952524,1.0
precise_current_proxy,240,hidden_state_oracle,78,4.571002868599362,399.8865515909341,1.0
precise_current_proxy,240,hidden_state_oracle,79,5.038885376822909,1330.1787690682365,0.5581395348837209
precise_current_proxy,240,hidden_state_oracle,80,4.750257024956533,756.2981371462153,0.9302325581395349
precise_current_proxy,240,hidden_state_oracle,81,4.4969396910309944,252.62650984435692,1.0
precise_current_proxy,240,hidden_state_oracle,82,4.7524358512057185,760.6303040197905,0.7674418604651163
precise_current_proxy,240,hidden_state_oracle,83,5.013831459504628,1280.36398888547,0.5348837209302325
precise_current_proxy,240,hidden_state_oracle,84,4.493332593258648,245.45450634708305,1.0
precise_current_proxy,240,hidden_state_oracle,85,5.456866084164004,2161.251083721412,0.5813953488372093
precise_current_proxy,240,hidden_state_oracle,86,4.409785479986636,79.33752632842985,1.0
precise_current_proxy,240,hidden_state_oracle,87,5.554811753772316,2355.9967571986567,0.23255813953488372
precise_current_proxy,240,hidden_state_oracle,88,4.472268451075315,203.57260822827536,1.0
precise_current_proxy,240,hidden_state_oracle,89,4.801686175051151,858.5548730651282,0.7674418604651163
precise_current_proxy,240,hidden_state_oracle,90,4.602514682129023,462.54158649818436,0.9767441860465116
precise_current_proxy,240,hidden_state_oracle,91,6.134626974142908,3508.8451274735576,0.3953488372093023
precise_current_proxy,240,hidden_state_oracle,92,4.519616302673939,297.7144859054469,0.9534883720930233
precise_current_proxy,240,hidden_state_oracle,93,4.449454980828623,158.2125157881283,1.0
precise_current_proxy,240,hidden_state_oracle,94,4.649636338669193,556.2337198510602,0.9534883720930233
precise_current_proxy,240,hidden_state_oracle,95,4.484740507564181,228.37083616712863,1.0
precise_current_proxy,240,hidden_state_oracle,96,4.96601807330852,1185.2964873489018,0.7209302325581395
precise_current_proxy,240,hidden_state_oracle,97,4.793313865433728,841.9081843291643,0.9069767441860465
precise_current_proxy,240,hidden_state_oracle,98,4.508824195224526,276.25650576319873,1.0
precise_current_proxy,240,hidden_state_oracle,99,5.092118248499511,1436.0218501073928,0.6976744186046512
precise_current_proxy,240,hidden_state_oracle,100,4.598491084004855,454.5414540816444,1.0
precise_current_proxy,240,hidden_state_oracle,101,4.87302433499012,1000.3967539517427,0.7209302325581395
precise_current_proxy,240,hidden_state_oracle,102,4.892059944681376,1038.2453147324106,0.6976744186046512
precise_current_proxy,240,hidden_state_oracle,103,4.959944926733173,1173.2212314986778,0.7209302325581395
precise_current_proxy,240,hidden_state_oracle,104,4.54881985185973,355.7799917808611,1.0
precise_current_proxy,240,hidden_state_oracle,105,4.486472291222189,231.81414689381936,1.0
precise_current_proxy,240,hidden_state_oracle,106,5.358878353564321,1966.4217802468033,0.4883720930232558
precise_current_proxy,240,hidden_state_oracle,107,4.433916260852032,127.31683148767051,1.0
precise_current_proxy,240,hidden_state_oracle,108,4.985402733388111,1223.8390660807977,0.5813953488372093
precise_current_proxy,240,hidden_state_oracle,109,4.7708102927003075,797.1642620594035,0.8604651162790697
precise_current_proxy,240,hidden_state_oracle,110,4.6957425545851414,647.9068495151481,0.9302325581395349
precise_current_proxy,240,hidden_state_oracle,111,5.133748868970252,1518.7961397035717,0.5348837209302325
precise_current_proxy,240,hidden_state_oracle,112,4.969076652828746,1191.3778703332814,0.7906976744186046
precise_current_proxy,240,hidden_state_oracle,113,4.5642747716213785,386.5090558584785,0.9302325581395349
precise_current_proxy,240,hidden_state_oracle,114,5.192296488378526,1635.2065498600407,0.5581395348837209
precise_current_proxy,240,hidden_state_oracle,115,5.384926000268017,2018.2123955960462,0.4883720930232558
precise_current_proxy,240,hidden_state_oracle,116,4.982445116338419,1217.958427084374,0.7209302325581395
precise_current_proxy,240,hidden_state_oracle,117,4.500097160682774,258.9045163787836,1.0
precise_current_proxy,240,hidden_state_oracle,118,5.76571175115509,2775.329864939964,0.6046511627906976
precise_current_proxy,240,hidden_state_oracle,119,6.231089536808406,3700.641934895037,0.2558139534883721
precise_current_proxy,240,hidden_state_oracle,120,4.426257530441654,112.08895446447868,1.0
precise_current_proxy,240,hidden_state_oracle,121,4.417275550752516,94.230056866295,1.0
precise_current_proxy,240,hidden_state_oracle,122,4.582614514297176,422.9740221309096,0.9534883720930233
precise_current_proxy,240,hidden_state_oracle,123,5.598727139720655,2443.313852959229,0.18604651162790697
precise_current_proxy,240,hidden_state_oracle,124,4.667732767239557,592.2149039458958,0.9069767441860465
precise_current_proxy,240,hidden_state_oracle,125,4.7413989046078635,738.6855094522797,0.813953488372093
precise_current_proxy,240,hidden_state_oracle,126,4.5424286992820075,343.0724436266455,1.0
precise_current_proxy,240,hidden_state_oracle,127,5.378762440930042,2005.957371774259,0.4418604651162791
precise_current_proxy,240,causal_kalman_observer,0,4.618090849509541,489.15168622668074,0.9302325581395349
precise_current_proxy,240,causal_kalman_observer,1,5.229292220942941,1714.8990924341974,0.7441860465116279
precise_current_proxy,240,causal_kalman_observer,2,4.9977699451054045,1250.58758668352,0.8604651162790697
precise_current_proxy,240,causal_kalman_observer,3,4.417674604069166,87.22246209181938,1.0
precise_current_proxy,240,causal_kalman_observer,4,5.022245955478197,1299.6735469430625,0.5813953488372093
precise_current_proxy,240,causal_kalman_observer,5,4.86147226003884,977.2463578334879,0.7674418604651163
precise_current_proxy,240,causal_kalman_observer,6,4.828168031454555,910.4556506935616,0.8372093023255814
precise_current_proxy,240,causal_kalman_observer,7,4.561607559852331,375.8760146930519,1.0
precise_current_proxy,240,causal_kalman_observer,8,4.8335854642095155,921.3201618973287,0.8837209302325582
precise_current_proxy,240,causal_kalman_observer,9,4.401195793953758,54.174665243823384,1.0
precise_current_proxy,240,causal_kalman_observer,10,5.481466485031162,2220.6275880910657,0.3488372093023256
precise_current_proxy,240,causal_kalman_observer,11,4.5813513662792795,415.47167112905976,1.0
precise_current_proxy,240,causal_kalman_observer,12,5.820727771824255,2901.0066934880374,0.13953488372093023
precise_current_proxy,240,causal_kalman_observer,13,6.181648379482389,3624.8229664232276,0.20930232558139536
precise_current_proxy,240,causal_kalman_observer,14,4.516001103946736,284.41353171219873,1.0
precise_current_proxy,240,causal_kalman_observer,15,4.657409767880383,568.0046869896139,0.8837209302325582
precise_current_proxy,240,causal_kalman_observer,16,4.628807776052741,510.644185306052,1.0
precise_current_proxy,240,causal_kalman_observer,17,4.47734323023481,206.88623768672267,1.0
precise_current_proxy,240,causal_kalman_observer,18,4.863852492260465,982.0198475672985,0.8604651162790697
precise_current_proxy,240,causal_kalman_observer,19,4.730093095316987,713.769085179707,0.9767441860465116
precise_current_proxy,240,causal_kalman_observer,20,4.408601720596611,69.02704581317583,1.0
precise_current_proxy,240,causal_kalman_observer,21,5.791878376941033,2843.150031835211,0.09302325581395349
precise_current_proxy,240,causal_kalman_observer,22,4.503902897885371,260.15091485205494,1.0
precise_current_proxy,240,causal_kalman_observer,23,4.433495732610775,118.95129677632191,1.0
precise_current_proxy,240,causal_kalman_observer,24,4.496913675374066,246.13422286632468,1.0
precise_current_proxy,240,causal_kalman_observer,25,4.456259585307971,164.60357228323377,1.0
precise_current_proxy,240,causal_kalman_observer,26,4.732529613088417,718.6554540232613,0.8372093023255814
precise_current_proxy,240,causal_kalman_observer,27,4.573900018547428,400.52819982491906,1.0
precise_current_proxy,240,causal_kalman_observer,28,4.44032515433404,132.64751271176473,1.0
precise_current_proxy,240,causal_kalman_observer,29,4.749184990325488,752.0573513388205,0.7441860465116279
precise_current_proxy,240,causal_kalman_observer,30,5.614079020592397,2486.5783517707555,0.20930232558139536
precise_current_proxy,240,causal_kalman_observer,31,6.19973819137587,3661.101582675697,0.06976744186046512
precise_current_proxy,240,causal_kalman_observer,32,4.965084605807925,1185.0380448509472,0.9302325581395349
precise_current_proxy,240,causal_kalman_observer,33,4.600130394281909,453.13249118144375,1.0
precise_current_proxy,240,causal_kalman_observer,34,4.918467302968893,1091.5483363685782,0.6976744186046512
precise_current_proxy,240,causal_kalman_observer,35,4.629007616898849,511.0449605827768,1.0
precise_current_proxy,240,causal_kalman_observer,36,4.658965421520906,571.1245072386376,1.0
precise_current_proxy,240,causal_kalman_observer,37,4.8639708105881185,982.2571316932942,0.813953488372093
precise_current_proxy,240,causal_kalman_observer,38,4.544051554053269,340.66793176434595,1.0
precise_current_proxy,240,causal_kalman_observer,39,4.694133681787131,641.6534782405498,0.8604651162790697
precise_current_proxy,240,causal_kalman_observer,40,5.0632800815393875,1381.9663491786644,0.6744186046511628
precise_current_proxy,240,causal_kalman_observer,41,4.636037470545698,525.1431371844362,0.9534883720930233
precise_current_proxy,240,causal_kalman_observer,42,5.835313944634066,2930.25885868883,0.16279069767441862
precise_current_proxy,240,causal_kalman_observer,43,4.595138666743363,443.12171998746146,1.0
precise_current_proxy,240,causal_kalman_observer,44,4.505698187602579,263.7513186094912,1.0
precise_current_proxy,240,causal_kalman_observer,45,5.69351928872369,2645.8936072028564,0.37209302325581395
precise_current_proxy,240,causal_kalman_observer,46,4.933823507738064,1122.344779316438,0.7209302325581395
precise_current_proxy,240,causal_kalman_observer,47,5.663028098117377,2584.744369742514,0.23255813953488372
precise_current_proxy,240,causal_kalman_observer,48,4.669052340086907,591.3535427853083,0.9767441860465116
precise_current_proxy,240,causal_kalman_observer,49,4.6977916928266215,648.9895179700061,0.9069767441860465
precise_current_proxy,240,causal_kalman_observer,50,4.584116223521659,421.01651567911847,1.0
precise_current_proxy,240,causal_kalman_observer,51,4.413494859945241,78.84010112542045,1.0
precise_current_proxy,240,causal_kalman_observer,52,4.735687712679352,724.9889352015753,0.9534883720930233
precise_current_proxy,240,causal_kalman_observer,53,4.693956466961298,641.2980788202309,0.8837209302325582
precise_current_proxy,240,causal_kalman_observer,54,5.244714354432637,1745.827753603345,0.5813953488372093
precise_current_proxy,240,causal_kalman_observer,55,4.4427840818246995,137.5788236259709,1.0
precise_current_proxy,240,causal_kalman_observer,56,5.0581121432925364,1371.6021922942289,0.6046511627906976
precise_current_proxy,240,causal_kalman_observer,57,4.415275261524596,82.41064713513285,1.0
precise_current_proxy,240,causal_kalman_observer,58,4.675736940446817,604.7593234913955,0.8372093023255814
precise_current_proxy,240,causal_kalman_observer,59,4.840927873656779,936.0451604918002,0.7674418604651163
precise_current_proxy,240,causal_kalman_observer,60,4.511977016656117,276.3433362097551,1.0
precise_current_proxy,240,causal_kalman_observer,61,4.870860076438045,996.0733633657078,0.7674418604651163
precise_current_proxy,240,causal_kalman_observer,62,5.725208403075302,2709.4452475246167,0.3023255813953488
precise_current_proxy,240,causal_kalman_observer,63,5.129941127277064,1515.6532283759605,0.627906976744186
precise_current_proxy,240,causal_kalman_observer,64,4.824753188313164,903.60727744245,0.8837209302325582
precise_current_proxy,240,causal_kalman_observer,65,5.660354081862676,2579.381704274879,0.3953488372093023
precise_current_proxy,240,causal_kalman_observer,66,4.757093739822939,767.9181292034225,0.8604651162790697
precise_current_proxy,240,causal_kalman_observer,67,4.4620089744915115,176.1338129017608,1.0
precise_current_proxy,240,causal_kalman_observer,68,4.850398531808683,955.0383028624557,0.6976744186046512
precise_current_proxy,240,causal_kalman_observer,69,4.446956815331646,145.947124994373,1.0
precise_current_proxy,240,causal_kalman_observer,70,5.074402329361203,1404.2717088456693,0.627906976744186
precise_current_proxy,240,causal_kalman_observer,71,4.563807043847085,380.2870188687149,1.0
precise_current_proxy,240,causal_kalman_observer,72,5.758943348532251,2777.0997454119984,0.46511627906976744
precise_current_proxy,240,causal_kalman_observer,73,5.315014469934432,1886.8126863274456,0.6046511627906976
precise_current_proxy,240,causal_kalman_observer,74,4.980883501148677,1216.7222914674996,0.6976744186046512
precise_current_proxy,240,causal_kalman_observer,75,4.783393042471233,820.6606515747509,0.8837209302325582
precise_current_proxy,240,causal_kalman_observer,76,4.634017409065499,521.0919598876216,0.9534883720930233
precise_current_proxy,240,causal_kalman_observer,77,4.557010519170205,366.6567770477997,0.9767441860465116
precise_current_proxy,240,causal_kalman_observer,78,4.568245350338573,389.1879194951926,1.0
precise_current_proxy,240,causal_kalman_observer,79,5.065151622403061,1385.7196724964442,0.627906976744186
precise_current_proxy,240,causal_kalman_observer,80,4.760973974023843,775.6998313224482,0.9069767441860465
precise_current_proxy,240,causal_kalman_observer,81,4.496968194129133,246.2435587181988,1.0
precise_current_proxy,240,causal_kalman_observer,82,4.731253274674475,716.0957927177532,0.813953488372093
precise_current_proxy,240,causal_kalman_observer,83,5.024041757180109,1303.2749774716308,0.5348837209302325
precise_current_proxy,240,causal_kalman_observer,84,4.49166474767691,235.6076438845531,1.0
precise_current_proxy,240,causal_kalman_observer,85,5.433756939368542,2124.9474169059986,0.5813953488372093
precise_current_proxy,240,causal_kalman_observer,86,4.4143210505197334,80.49700341826481,1.0
precise_current_proxy,240,causal_kalman_observer,87,5.544350247533166,2346.739230476016,0.20930232558139536
precise_current_proxy,240,causal_kalman_observer,88,4.470450432773532,193.0629234656485,1.0
precise_current_proxy,240,causal_kalman_observer,89,4.805773804888033,865.5446501446553,0.7209302325581395
precise_current_proxy,240,causal_kalman_observer,90,4.592468853150229,437.76748284108857,0.9767441860465116
precise_current_proxy,240,causal_kalman_observer,91,6.109666064402904,3480.464429081322,0.2558139534883721
precise_current_proxy,240,causal_kalman_observer,92,4.533137873878072,318.78084873056315,0.9534883720930233
precise_current_proxy,240,causal_kalman_observer,93,4.451219373948666,154.49556813082228,1.0
precise_current_proxy,240,causal_kalman_observer,94,4.65372995091393,560.6249160781534,0.9534883720930233
precise_current_proxy,240,causal_kalman_observer,95,4.5013446087694025,255.02033695287182,1.0
precise_current_proxy,240,causal_kalman_observer,96,4.974300301422439,1203.5198669211404,0.7209302325581395
precise_current_proxy,240,causal_kalman_observer,97,4.806210471595444,866.4203731207513,0.9302325581395349
precise_current_proxy,240,causal_kalman_observer,98,4.503537549391265,259.41821857560103,1.0
precise_current_proxy,240,causal_kalman_observer,99,5.083644887559448,1422.8074030828259,0.6976744186046512
precise_current_proxy,240,causal_kalman_observer,100,4.599908664053233,452.68781735481065,1.0
precise_current_proxy,240,causal_kalman_observer,101,4.881650925705158,1017.7141124185447,0.7674418604651163
precise_current_proxy,240,causal_kalman_observer,102,4.908015012656758,1070.586557914152,0.6744186046511628
precise_current_proxy,240,causal_kalman_observer,103,4.956310791599801,1167.4424036910902,0.6976744186046512
precise_current_proxy,240,causal_kalman_observer,104,4.551705530825923,356.01776999237825,1.0
precise_current_proxy,240,causal_kalman_observer,105,4.49348636902304,239.26085499380565,1.0
precise_current_proxy,240,causal_kalman_observer,106,5.37489431321241,2006.9000519856083,0.5348837209302325
precise_current_proxy,240,causal_kalman_observer,107,4.432234247966984,116.42142429506299,1.0
precise_current_proxy,240,causal_kalman_observer,108,4.976815480445232,1208.5639887235934,0.5813953488372093
precise_current_proxy,240,causal_kalman_observer,109,4.77647782857565,806.7923818161228,0.8372093023255814
precise_current_proxy,240,causal_kalman_observer,110,4.707212467319653,667.8826200457086,0.8837209302325582
precise_current_proxy,240,causal_kalman_observer,111,5.150195177545886,1556.2721646914697,0.5348837209302325
precise_current_proxy,240,causal_kalman_observer,112,4.982517428518001,1219.99908750967,0.7674418604651163
precise_current_proxy,240,causal_kalman_observer,113,4.562538424376315,377.74283768974675,0.9534883720930233
precise_current_proxy,240,causal_kalman_observer,114,5.2241729450353915,1704.6325265221767,0.5581395348837209
precise_current_proxy,240,causal_kalman_observer,115,5.346476564853087,1949.909045470019,0.5116279069767442
precise_current_proxy,240,causal_kalman_observer,116,5.000304980640258,1255.67153017043,0.7209302325581395
precise_current_proxy,240,causal_kalman_observer,117,4.5057209151886495,263.7968981532858,1.0
precise_current_proxy,240,causal_kalman_observer,118,5.72953735245366,2718.1268354923923,0.627906976744186
precise_current_proxy,240,causal_kalman_observer,119,6.272226561989104,3806.47500036127,0.23255813953488372
precise_current_proxy,240,causal_kalman_observer,120,4.43139907790765,114.74651389430649,1.0
precise_current_proxy,240,causal_kalman_observer,121,4.419809398069123,91.50373227630597,1.0
precise_current_proxy,240,causal_kalman_observer,122,4.600360060268121,453.59307994980975,0.9767441860465116
precise_current_proxy,240,causal_kalman_observer,123,5.605670941612011,2469.7161824709283,0.2558139534883721
precise_current_proxy,240,causal_kalman_observer,124,4.6771024392747185,607.4977935353243,0.9302325581395349
precise_current_proxy,240,causal_kalman_observer,125,4.733531538937493,720.6647885374097,0.813953488372093
precise_current_proxy,240,causal_kalman_observer,126,4.559597957952287,371.84581379426703,1.0
precise_current_proxy,240,causal_kalman_observer,127,5.392361214443681,2041.929438173832,0.4883720930232558
precise_current_proxy,240,memory_limited_ridge,0,4.725660027189578,574.2746652380952,0.9302325581395349
precise_current_proxy,240,memory_limited_ridge,1,5.263101107123179,1975.5617454949638,0.7441860465116279
precise_current_proxy,240,memory_limited_ridge,2,4.882997829316332,984.506479641769,1.0
precise_current_proxy,240,memory_limited_ridge,3,4.559347281257876,140.6421967544264,1.0
precise_current_proxy,240,memory_limited_ridge,4,5.057356336327684,1439.1169147764854,0.6511627906976745
precise_current_proxy,240,memory_limited_ridge,5,4.8182316721670935,815.6396351826043,0.9767441860465116
precise_current_proxy,240,memory_limited_ridge,6,4.919899917445171,1080.722458025543,0.9069767441860465
precise_current_proxy,240,memory_limited_ridge,7,4.62579643188689,313.8971632002064,1.0
precise_current_proxy,240,memory_limited_ridge,8,4.813909932392355,804.3714267469538,0.9767441860465116
precise_current_proxy,240,memory_limited_ridge,9,4.542278073408459,96.13711271328214,1.0
precise_current_proxy,240,memory_limited_ridge,10,5.290480332217804,2046.9484627092186,0.5813953488372093
precise_current_proxy,240,memory_limited_ridge,11,4.658380661048266,398.85505169954763,1.0
precise_current_proxy,240,memory_limited_ridge,12,5.668001876377098,3031.2722929873235,0.2558139534883721
precise_current_proxy,240,memory_limited_ridge,13,6.019422482016092,3947.542322957503,0.3023255813953488
precise_current_proxy,240,memory_limited_ridge,14,4.666668063926883,420.4630586351611,1.0
precise_current_proxy,240,memory_limited_ridge,15,4.744408068528199,623.1570247912169,0.9767441860465116
precise_current_proxy,240,memory_limited_ridge,16,4.736530681021927,602.6180638690611,1.0
precise_current_proxy,240,memory_limited_ridge,17,4.636330293591917,341.3624330941456,1.0
precise_current_proxy,240,memory_limited_ridge,18,4.863556076237088,933.8153835855219,0.9302325581395349
precise_current_proxy,240,memory_limited_ridge,19,4.839138474492443,870.1506003503893,0.9534883720930233
precise_current_proxy,240,memory_limited_ridge,20,4.544737755322546,102.55031895382285,1.0
precise_current_proxy,240,memory_limited_ridge,21,5.424935830122292,2397.518523535872,0.5116279069767442
precise_current_proxy,240,memory_limited_ridge,22,4.631637386348129,329.12646800867805,1.0
precise_current_proxy,240,memory_limited_ridge,23,4.586328820310308,210.99201460662619,1.0
precise_current_proxy,240,memory_limited_ridge,24,4.571528638561209,172.4030338889109,1.0
precise_current_proxy,240,memory_limited_ridge,25,4.575075853067183,181.65179816040194,1.0
precise_current_proxy,240,memory_limited_ridge,26,4.785858258152066,731.231411664095,0.8372093023255814
precise_current_proxy,240,memory_limited_ridge,27,4.680967975240403,457.74766846612226,1.0
precise_current_proxy,240,memory_limited_ridge,28,4.553632689931712,125.74236253391739,1.0
precise_current_proxy,240,memory_limited_ridge,29,4.81418381555503,805.085530956116,0.8604651162790697
precise_current_proxy,240,memory_limited_ridge,30,5.357474120587195,2221.6234803150332,0.5348837209302325
precise_current_proxy,240,memory_limited_ridge,31,5.90056274461362,3637.635580426053,0.11627906976744186
precise_current_proxy,240,memory_limited_ridge,32,4.90189204954693,1033.769976030877,0.9534883720930233
precise_current_proxy,240,memory_limited_ridge,33,4.64607440105369,366.7685518383723,1.0
precise_current_proxy,240,memory_limited_ridge,34,4.89745511718335,1022.2014223248106,0.813953488372093
precise_current_proxy,240,memory_limited_ridge,35,4.703849180080886,517.4065555903481,1.0
precise_current_proxy,240,memory_limited_ridge,36,4.788169699581386,737.2581058127391,1.0
precise_current_proxy,240,memory_limited_ridge,37,4.9397243669395206,1132.4113705163193,0.8837209302325582
precise_current_proxy,240,memory_limited_ridge,38,4.662097878547232,408.54707013708264,0.9767441860465116
precise_current_proxy,240,memory_limited_ridge,39,4.725729844940261,574.4567032617189,1.0
precise_current_proxy,240,memory_limited_ridge,40,4.944317564419377,1144.3873591891363,0.8372093023255814
precise_current_proxy,240,memory_limited_ridge,41,4.758202105235603,659.1226518048104,1.0
precise_current_proxy,240,memory_limited_ridge,42,5.744852548521872,3231.6474745771498,0.2558139534883721
precise_current_proxy,240,memory_limited_ridge,43,4.679029271876828,452.692826033601,1.0
precise_current_proxy,240,memory_limited_ridge,44,4.642913261537209,358.5264130649755,1.0
precise_current_proxy,240,memory_limited_ridge,45,5.472143517732856,2520.6046165186717,0.4883720930232558
precise_current_proxy,240,memory_limited_ridge,46,4.944656859144163,1145.2720130274713,0.7906976744186046
precise_current_proxy,240,memory_limited_ridge,47,5.38935208633036,2304.7399059263557,0.5116279069767442
precise_current_proxy,240,memory_limited_ridge,48,4.751982237591898,642.9053947036056,0.9767441860465116
precise_current_proxy,240,memory_limited_ridge,49,4.774205301367117,700.8482898685697,0.9767441860465116
precise_current_proxy,240,memory_limited_ridge,50,4.712441597056216,539.8098354014069,0.9767441860465116
precise_current_proxy,240,memory_limited_ridge,51,4.539581458518146,89.10614365023385,1.0
precise_current_proxy,240,memory_limited_ridge,52,4.849134071776644,896.2124364413907,0.9534883720930233
precise_current_proxy,240,memory_limited_ridge,53,4.818074878581588,815.2308223213647,0.9302325581395349
precise_current_proxy,240,memory_limited_ridge,54,5.255327526296965,1955.2934430041096,0.6744186046511628
precise_current_proxy,240,memory_limited_ridge,55,4.574334013620094,179.71757677010575,1.0
precise_current_proxy,240,memory_limited_ridge,56,5.072823181166333,1479.4441071961876,0.6744186046511628
precise_current_proxy,240,memory_limited_ridge,57,4.545876898591294,105.5204431305091,1.0
precise_current_proxy,240,memory_limited_ridge,58,4.783697618450761,725.5979076176535,0.8372093023255814
precise_current_proxy,240,memory_limited_ridge,59,4.873841076213445,960.631788444436,0.8837209302325582
precise_current_proxy,240,memory_limited_ridge,60,4.587842455069989,214.93856226024147,1.0
precise_current_proxy,240,memory_limited_ridge,61,4.969858789864566,1210.9818019412485,0.7906976744186046
precise_current_proxy,240,memory_limited_ridge,62,5.415275886698382,2372.33184834236,0.4418604651162791
precise_current_proxy,240,memory_limited_ridge,63,5.088585406825963,1520.5414553476594,0.627906976744186
precise_current_proxy,240,memory_limited_ridge,64,4.90655385091444,1045.92483778395,0.9534883720930233
precise_current_proxy,240,memory_limited_ridge,65,5.577040804230723,2794.106620387868,0.3953488372093023
precise_current_proxy,240,memory_limited_ridge,66,4.8601965669741505,925.0560291150033,0.8604651162790697
precise_current_proxy,240,memory_limited_ridge,67,4.5895364297670875,219.3553159211612,1.0
precise_current_proxy,240,memory_limited_ridge,68,4.795385086439477,756.0710115633515,0.9302325581395349
precise_current_proxy,240,memory_limited_ridge,69,4.572722693169045,175.5163301320788,1.0
precise_current_proxy,240,memory_limited_ridge,70,5.101056857395278,1553.0586618049767,0.7906976744186046
precise_current_proxy,240,memory_limited_ridge,71,4.697037140871795,499.6453108877997,1.0
precise_current_proxy,240,memory_limited_ridge,72,5.697928149651068,3109.3000092613174,0.4418604651162791
precise_current_proxy,240,memory_limited_ridge,73,5.270001442705345,1993.5532081161712,0.6046511627906976
precise_current_proxy,240,memory_limited_ridge,74,4.914492516388167,1066.623570683542,0.7906976744186046
precise_current_proxy,240,memory_limited_ridge,75,4.769282079039618,688.0118170004948,0.9302325581395349
precise_current_proxy,240,memory_limited_ridge,76,4.760144889132238,664.1881335398892,0.9534883720930233
precise_current_proxy,240,memory_limited_ridge,77,4.700410309056456,508.44027869577485,0.9767441860465116
precise_current_proxy,240,memory_limited_ridge,78,4.616643448616353,290.0323012056669,1.0
precise_current_proxy,240,memory_limited_ridge,79,5.126986311394544,1620.665345112056,0.6976744186046512
precise_current_proxy,240,memory_limited_ridge,80,4.775112369088109,703.2133161492243,0.9534883720930233
precise_current_proxy,240,memory_limited_ridge,81,4.63663960963151,342.16892256095844,1.0
precise_current_proxy,240,memory_limited_ridge,82,4.833623781842039,855.7719682526111,0.8604651162790697
precise_current_proxy,240,memory_limited_ridge,83,5.075995081574668,1487.7143031823432,0.6976744186046512
precise_current_proxy,240,memory_limited_ridge,84,4.620372782686928,299.75591156255564,1.0
precise_current_proxy,240,memory_limited_ridge,85,5.467378364825755,2508.180283036397,0.6046511627906976
precise_current_proxy,240,memory_limited_ridge,86,4.546814453437116,107.96495945339008,1.0
precise_current_proxy,240,memory_limited_ridge,87,5.312954192286109,2105.5452669600363,0.4186046511627907
precise_current_proxy,240,memory_limited_ridge,88,4.597548697307516,240.24595381090276,1.0
precise_current_proxy,240,memory_limited_ridge,89,4.922391319879233,1087.2183701783742,0.7906976744186046
precise_current_proxy,240,memory_limited_ridge,90,4.6666222119090595,420.34350722277566,1.0
precise_current_proxy,240,memory_limited_ridge,91,5.746677489382875,3236.4057004482925,0.46511627906976744
precise_current_proxy,240,memory_limited_ridge,92,4.624602251617149,310.7835393147882,0.9767441860465116
precise_current_proxy,240,memory_limited_ridge,93,4.5670516630334,160.7300743776652,1.0
precise_current_proxy,240,memory_limited_ridge,94,4.771367251151122,693.4485520195677,0.9767441860465116
precise_current_proxy,240,memory_limited_ridge,95,4.627200703357922,317.55856450167136,0.9767441860465116
precise_current_proxy,240,memory_limited_ridge,96,5.0357301006415005,1382.7301483138565,0.813953488372093
precise_current_proxy,240,memory_limited_ridge,97,4.864265655913715,935.6654930587199,0.9302325581395349
precise_current_proxy,240,memory_limited_ridge,98,4.653234531747993,385.43738645018834,1.0
precise_current_proxy,240,memory_limited_ridge,99,5.063957034032687,1456.3271221090627,0.7209302325581395
precise_current_proxy,240,memory_limited_ridge,100,4.734297462708369,596.7953233175432,1.0
precise_current_proxy,240,memory_limited_ridge,101,4.955906829027394,1174.6044143627012,0.7906976744186046
precise_current_proxy,240,memory_limited_ridge,102,4.959047202702965,1182.7924097040675,0.7209302325581395
precise_current_proxy,240,memory_limited_ridge,103,4.986412546483846,1254.142933731137,0.7674418604651163
precise_current_proxy,240,memory_limited_ridge,104,4.637166001669871,343.5414011265997,1.0
precise_current_proxy,240,memory_limited_ridge,105,4.6325315534329174,331.4578580536288,1.0
precise_current_proxy,240,memory_limited_ridge,106,5.175587984163994,1747.3860195702057,0.7441860465116279
precise_current_proxy,240,memory_limited_ridge,107,4.5593016991255535,140.5233490230208,1.0
precise_current_proxy,240,memory_limited_ridge,108,4.979326845887121,1235.6681630604849,0.7674418604651163
precise_current_proxy,240,memory_limited_ridge,109,4.8609737008248395,927.0822747170982,0.8837209302325582
precise_current_proxy,240,memory_limited_ridge,110,4.810407632472437,795.2397696924297,0.9069767441860465
precise_current_proxy,240,memory_limited_ridge,111,5.126028902994446,1618.1690639908707,0.6511627906976745
precise_current_proxy,240,memory_limited_ridge,112,4.924892487607592,1093.7397436910526,0.8604651162790697
precise_current_proxy,240,memory_limited_ridge,113,4.6750314535274615,442.26918814780447,0.9767441860465116
precise_current_proxy,240,memory_limited_ridge,114,5.1226499928723275,1609.3591250482446,0.6046511627906976
precise_current_proxy,240,memory_limited_ridge,115,5.305772294971819,2086.819679553337,0.6046511627906976
precise_current_proxy,240,memory_limited_ridge,116,5.102041069059617,1555.6248279224703,0.6976744186046512
precise_current_proxy,240,memory_limited_ridge,117,4.64603121515349,366.6559518785628,1.0
precise_current_proxy,240,memory_limited_ridge,118,5.665093597313715,3023.689445249286,0.5813953488372093
precise_current_proxy,240,memory_limited_ridge,119,5.9157022761401805,3677.1093585226768,0.3488372093023256
precise_current_proxy,240,memory_limited_ridge,120,4.572493711256868,174.91929836966557,1.0
precise_current_proxy,240,memory_limited_ridge,121,4.56750373815882,161.90878411201302,1.0
precise_current_proxy,240,memory_limited_ridge,122,4.764025291854666,674.3056299579185,0.9767441860465116
precise_current_proxy,240,memory_limited_ridge,123,5.36734626961706,2247.363445878567,0.46511627906976744
precise_current_proxy,240,memory_limited_ridge,124,4.717746525510064,553.6415426928985,0.9534883720930233
precise_current_proxy,240,memory_limited_ridge,125,4.803219450886673,776.4977971064949,0.8837209302325582
precise_current_proxy,240,memory_limited_ridge,126,4.699034396712885,504.8528190418706,0.9767441860465116
precise_current_proxy,240,memory_limited_ridge,127,5.40751327626261,2352.0921492965426,0.5348837209302325
noisy_current_proxy,60,hidden_state_oracle,0,3.7533302167280045,106.50957409282651,0.810126582278481
noisy_current_proxy,60,hidden_state_oracle,1,4.2346235048002105,205.712230980464,0.5569620253164557
noisy_current_proxy,60,hidden_state_oracle,2,3.482902945103898,50.769956473306515,0.9240506329113924
noisy_current_proxy,60,hidden_state_oracle,3,3.628808502284728,80.84355044546668,0.8227848101265823
noisy_current_proxy,60,hidden_state_oracle,4,3.8466525737139294,125.7448844315638,0.759493670886076
noisy_current_proxy,60,hidden_state_oracle,5,3.5068887941102265,55.71384413619982,0.9240506329113924
noisy_current_proxy,60,hidden_state_oracle,6,3.6732899758319038,90.01193169556028,0.8227848101265823
noisy_current_proxy,60,hidden_state_oracle,7,3.5600071678719596,66.66243605989189,0.9113924050632911
noisy_current_proxy,60,hidden_state_oracle,8,3.933052150691794,143.55329315569816,0.7215189873417721
noisy_current_proxy,60,hidden_state_oracle,9,3.446362974586496,43.2384528189726,0.9367088607594937
noisy_current_proxy,60,hidden_state_oracle,10,3.906410083002875,138.06191406269733,0.7215189873417721
noisy_current_proxy,60,hidden_state_oracle,11,3.4731260217473188,48.75476781974283,0.9620253164556962
noisy_current_proxy,60,hidden_state_oracle,12,3.8900269621900927,134.68507679316292,0.7848101265822784
noisy_current_proxy,60,hidden_state_oracle,13,3.7709684797926872,110.14511733073068,0.7721518987341772
noisy_current_proxy,60,hidden_state_oracle,14,3.426741206370513,39.19407574557601,0.9746835443037974
noisy_current_proxy,60,hidden_state_oracle,15,3.69314623143887,94.10464057155784,0.8354430379746836
noisy_current_proxy,60,hidden_state_oracle,16,3.902317537683167,137.21837150931162,0.6075949367088608
noisy_current_proxy,60,hidden_state_oracle,17,3.7938240246143637,114.85603025454564,0.7721518987341772
noisy_current_proxy,60,hidden_state_oracle,18,3.613130348325424,77.61201872374679,0.8227848101265823
noisy_current_proxy,60,hidden_state_oracle,19,3.5538597525737896,65.39535017757468,0.9113924050632911
noisy_current_proxy,60,hidden_state_oracle,20,3.4919944175121516,52.64386213596807,0.9367088607594937
noisy_current_proxy,60,hidden_state_oracle,21,4.006875121198932,158.76945135931518,0.6455696202531646
noisy_current_proxy,60,hidden_state_oracle,22,3.552214354830632,65.05620597630848,0.8734177215189873
noisy_current_proxy,60,hidden_state_oracle,23,3.6310250551690033,81.3004193457847,0.8734177215189873
noisy_current_proxy,60,hidden_state_oracle,24,3.4024675945638836,34.19087532048425,0.9746835443037974
noisy_current_proxy,60,hidden_state_oracle,25,3.880976746211285,132.81967477581784,0.7341772151898734
noisy_current_proxy,60,hidden_state_oracle,26,3.7530927320656997,106.46062450209953,0.8227848101265823
noisy_current_proxy,60,hidden_state_oracle,27,3.747684442028893,105.34588479106193,0.7848101265822784
noisy_current_proxy,60,hidden_state_oracle,28,3.58092073655171,70.97307497684714,0.9240506329113924
noisy_current_proxy,60,hidden_state_oracle,29,3.7602818655467876,107.94242605578516,0.7721518987341772
noisy_current_proxy,60,hidden_state_oracle,30,3.7761202591091307,111.20698585987019,0.759493670886076
noisy_current_proxy,60,hidden_state_oracle,31,3.765521884799064,109.0224823226202,0.7974683544303798
noisy_current_proxy,60,hidden_state_oracle,32,3.500139162967428,54.3226314204374,0.9113924050632911
noisy_current_proxy,60,hidden_state_oracle,33,3.6389942766278534,82.94301017685726,0.8481012658227848
noisy_current_proxy,60,hidden_state_oracle,34,3.9303795230953384,143.00241957193867,0.7088607594936709
noisy_current_proxy,60,hidden_state_oracle,35,3.7145201363022307,98.51016253302521,0.810126582278481
noisy_current_proxy,60,hidden_state_oracle,36,3.486182637142552,51.44595626817373,0.9493670886075949
noisy_current_proxy,60,hidden_state_oracle,37,3.5912801232679206,73.10831914385147,0.8354430379746836
noisy_current_proxy,60,hidden_state_oracle,38,3.596821289801103,74.2504469398784,0.8227848101265823
noisy_current_proxy,60,hidden_state_oracle,39,3.700148527807297,95.54793184795372,0.7974683544303798
noisy_current_proxy,60,hidden_state_oracle,40,3.538361130556665,62.200823014409266,0.8734177215189873
noisy_current_proxy,60,hidden_state_oracle,41,3.6306228570354837,81.21751953307331,0.8734177215189873
noisy_current_proxy,60,hidden_state_oracle,42,3.7811904080064744,112.2520289840885,0.7088607594936709
noisy_current_proxy,60,hidden_state_oracle,43,3.7337545103861793,102.47469114787714,0.810126582278481
noisy_current_proxy,60,hidden_state_oracle,44,3.616917558958567,78.39262665307321,0.7974683544303798
noisy_current_proxy,60,hidden_state_oracle,45,3.899052537273481,136.5453999067417,0.7341772151898734
noisy_current_proxy,60,hidden_state_oracle,46,3.664731797889047,88.24794700869859,0.8227848101265823
noisy_current_proxy,60,hidden_state_oracle,47,3.9818175712660095,153.60466807634597,0.6708860759493671
noisy_current_proxy,60,hidden_state_oracle,48,3.606567694322948,76.2593451473343,0.8227848101265823
noisy_current_proxy,60,hidden_state_oracle,49,3.902215255088721,137.1972893430441,0.6455696202531646
noisy_current_proxy,60,hidden_state_oracle,50,3.403716759079967,34.44834917677186,0.9873417721518988
noisy_current_proxy,60,hidden_state_oracle,51,3.49316386624524,52.88490522609905,0.8860759493670886
noisy_current_proxy,60,hidden_state_oracle,52,3.464467377236692,46.970075280313885,0.9367088607594937
noisy_current_proxy,60,hidden_state_oracle,53,3.7380181088699755,103.35349064077828,0.810126582278481
noisy_current_proxy,60,hidden_state_oracle,54,3.701280706641236,95.78129298383921,0.810126582278481
noisy_current_proxy,60,hidden_state_oracle,55,3.6314051944717978,81.37877246177298,0.8607594936708861
noisy_current_proxy,60,hidden_state_oracle,56,3.7137300864271987,98.34731994074426,0.7848101265822784
noisy_current_proxy,60,hidden_state_oracle,57,3.469581531815862,48.02418871709138,0.9493670886075949
noisy_current_proxy,60,hidden_state_oracle,58,3.58161465879944,71.1161040453051,0.8734177215189873
noisy_current_proxy,60,hidden_state_oracle,59,3.6290104094853364,80.88516692182631,0.8354430379746836
noisy_current_proxy,60,hidden_state_oracle,60,3.6382022300671375,82.77975603401111,0.8227848101265823
noisy_current_proxy,60,hidden_state_oracle,61,3.6058149026242945,76.10418209303855,0.8860759493670886
noisy_current_proxy,60,hidden_state_oracle,62,3.7643763954654816,108.7863776684649,0.8227848101265823
noisy_current_proxy,60,hidden_state_oracle,63,4.34218533117519,227.8825359078907,0.7215189873417721
noisy_current_proxy,60,hidden_state_oracle,64,3.769032090013578,109.7459947673823,0.810126582278481
noisy_current_proxy,60,hidden_state_oracle,65,4.036034652031273,164.77972202764653,0.7215189873417721
noisy_current_proxy,60,hidden_state_oracle,66,3.6995972847526675,95.43431136546315,0.7848101265822784
noisy_current_proxy,60,hidden_state_oracle,67,3.634623149601175,82.04204723931676,0.8227848101265823
noisy_current_proxy,60,hidden_state_oracle,68,3.709379498769334,97.45059051322346,0.8354430379746836
noisy_current_proxy,60,hidden_state_oracle,69,3.549320891181273,64.45981436076342,0.9113924050632911
noisy_current_proxy,60,hidden_state_oracle,70,3.8481356877568014,126.0505792275784,0.7974683544303798
noisy_current_proxy,60,hidden_state_oracle,71,3.5486126275789642,64.31382929746253,0.9113924050632911
noisy_current_proxy,60,hidden_state_oracle,72,3.7593675076664486,107.75396148891133,0.7721518987341772
noisy_current_proxy,60,hidden_state_oracle,73,4.355962804062878,230.7223052326007,0.6075949367088608
noisy_current_proxy,60,hidden_state_oracle,74,3.6183587834166686,78.68968729978977,0.8354430379746836
noisy_current_proxy,60,hidden_state_oracle,75,3.72911728590182,101.51888104033198,0.7721518987341772
noisy_current_proxy,60,hidden_state_oracle,76,3.7260959332103267,100.89612933816052,0.810126582278481
noisy_current_proxy,60,hidden_state_oracle,77,3.6437101797762947,83.91503728287377,0.8354430379746836
noisy_current_proxy,60,hidden_state_oracle,78,3.7432981316402425,104.44179230676627,0.810126582278481
noisy_current_proxy,60,hidden_state_oracle,79,3.8830691120355687,133.25094663040994,0.7215189873417721
noisy_current_proxy,60,hidden_state_oracle,80,3.9223645154010827,141.35039142621122,0.7088607594936709
noisy_current_proxy,60,hidden_state_oracle,81,3.4368912550471946,41.28617181510303,0.9746835443037974
noisy_current_proxy,60,hidden_state_oracle,82,3.6285293669629426,80.78601595197117,0.7974683544303798
noisy_current_proxy,60,hidden_state_oracle,83,3.9333843157523534,143.62175797195295,0.7088607594936709
noisy_current_proxy,60,hidden_state_oracle,84,3.787101273149328,113.47035789331625,0.7721518987341772
noisy_current_proxy,60,hidden_state_oracle,85,4.47875952622501,256.0327789031769,0.5949367088607594
noisy_current_proxy,60,hidden_state_oracle,86,3.6236307733003756,79.77633325249641,0.8860759493670886
noisy_current_proxy,60,hidden_state_oracle,87,3.8870222658077993,134.06575823699052,0.8354430379746836
noisy_current_proxy,60,hidden_state_oracle,88,3.741752123898464,104.12313405959273,0.7848101265822784
noisy_current_proxy,60,hidden_state_oracle,89,4.015454289458973,160.53776250425355,0.7341772151898734
noisy_current_proxy,60,hidden_state_oracle,90,3.6043850808154665,75.80947172448165,0.8481012658227848
noisy_current_proxy,60,hidden_state_oracle,91,4.083290657860615,174.5199811344078,0.5822784810126582
noisy_current_proxy,60,hidden_state_oracle,92,3.6017217305215072,75.26051034909771,0.8607594936708861
noisy_current_proxy,60,hidden_state_oracle,93,4.011853720099386,159.79562448647636,0.810126582278481
noisy_current_proxy,60,hidden_state_oracle,94,3.6819749344991726,91.80204802608978,0.8227848101265823
noisy_current_proxy,60,hidden_state_oracle,95,3.520795702473368,58.58029229350229,0.8734177215189873
noisy_current_proxy,60,hidden_state_oracle,96,3.6055108568104033,76.04151312735587,0.8481012658227848
noisy_current_proxy,60,hidden_state_oracle,97,3.642651810834361,83.69688960949178,0.8734177215189873
noisy_current_proxy,60,hidden_state_oracle,98,3.6804319718764615,91.4840174292699,0.810126582278481
noisy_current_proxy,60,hidden_state_oracle,99,3.812069920859567,118.61681693010983,0.759493670886076
noisy_current_proxy,60,hidden_state_oracle,100,3.561738133518389,67.0192172479174,0.8481012658227848
noisy_current_proxy,60,hidden_state_oracle,101,3.8458041682341118,125.57001376579353,0.6962025316455697
noisy_current_proxy,60,hidden_state_oracle,102,3.69365216799018,94.2089226202595,0.8354430379746836
noisy_current_proxy,60,hidden_state_oracle,103,3.6950221329679427,94.49129548729312,0.8354430379746836
noisy_current_proxy,60,hidden_state_oracle,104,3.8220588367339947,120.67570081386275,0.7341772151898734
noisy_current_proxy,60,hidden_state_oracle,105,3.4460432081905332,43.17254357641927,0.9746835443037974
noisy_current_proxy,60,hidden_state_oracle,106,3.665044635526306,88.31242811732812,0.810126582278481
noisy_current_proxy,60,hidden_state_oracle,107,3.6948197105075393,94.44957280720705,0.7848101265822784
noisy_current_proxy,60,hidden_state_oracle,108,3.873198541567054,131.2164557290402,0.6835443037974683
noisy_current_proxy,60,hidden_state_oracle,109,3.548364781407039,64.26274402500181,0.8607594936708861
noisy_current_proxy,60,hidden_state_oracle,110,3.533602436022813,61.21997588278653,0.9367088607594937
noisy_current_proxy,60,hidden_state_oracle,111,3.812335528561953,118.6715631532953,0.7721518987341772
noisy_current_proxy,60,hidden_state_oracle,112,3.893595376993726,135.4205872151248,0.7341772151898734
noisy_current_proxy,60,hidden_state_oracle,113,3.753291268727799,106.501546253676,0.7974683544303798
noisy_current_proxy,60,hidden_state_oracle,114,3.985976023336326,154.46179512161925,0.6835443037974683
noisy_current_proxy,60,hidden_state_oracle,115,4.003497473346852,158.07326122065916,0.6455696202531646
noisy_current_proxy,60,hidden_state_oracle,116,4.012071930593289,159.84060134630897,0.6962025316455697
noisy_current_proxy,60,hidden_state_oracle,117,3.4501390008901396,44.01675546952379,0.9493670886075949
noisy_current_proxy,60,hidden_state_oracle,118,4.329161682231171,225.19814240056883,0.569620253164557
noisy_current_proxy,60,hidden_state_oracle,119,4.466811382906108,253.57006522840845,0.4050632911392405
noisy_current_proxy,60,hidden_state_oracle,120,3.584694542003825,71.75091987247461,0.8481012658227848
noisy_current_proxy,60,hidden_state_oracle,121,3.59705694179305,74.29901878636278,0.8987341772151899
noisy_current_proxy,60,hidden_state_oracle,122,3.5949624296194127,73.86730453300036,0.8734177215189873
noisy_current_proxy,60,hidden_state_oracle,123,3.722424062962034,100.13929500573828,0.7341772151898734
noisy_current_proxy,60,hidden_state_oracle,124,3.6101966895451274,77.00734221439208,0.8607594936708861
noisy_current_proxy,60,hidden_state_oracle,125,3.6969875848285447,94.89640823535852,0.810126582278481
noisy_current_proxy,60,hidden_state_oracle,126,3.6195459591026067,78.93438421361806,0.7974683544303798
noisy_current_proxy,60,hidden_state_oracle,127,3.9793323067273834,153.0924131760378,0.7341772151898734
noisy_current_proxy,60,causal_kalman_observer,0,3.823057570167176,122.31035213256254,0.8227848101265823
noisy_current_proxy,60,causal_kalman_observer,1,4.540530108300477,308.6131023437569,0.46835443037974683
noisy_current_proxy,60,causal_kalman_observer,2,3.670539405982725,82.69371683005548,0.8987341772151899
noisy_current_proxy,60,causal_kalman_observer,3,3.7006323834316097,90.50878987495784,0.8734177215189873
noisy_current_proxy,60,causal_kalman_observer,4,3.9828421193033785,163.78863581409948,0.6708860759493671
noisy_current_proxy,60,causal_kalman_observer,5,3.7507692721814383,103.5248906273862,0.8354430379746836
noisy_current_proxy,60,causal_kalman_observer,6,3.7882435208990914,113.25562930171851,0.7974683544303798
noisy_current_proxy,60,causal_kalman_observer,7,3.7110552770217353,93.21529240776734,0.8481012658227848
noisy_current_proxy,60,causal_kalman_observer,8,4.003145673901698,169.0677017991094,0.6962025316455697
noisy_current_proxy,60,causal_kalman_observer,9,3.5699949825841033,56.58293048805548,0.9746835443037974
noisy_current_proxy,60,causal_kalman_observer,10,4.015798617143914,172.34433732262482,0.7088607594936709
noisy_current_proxy,60,causal_kalman_observer,11,3.6765237042690924,84.24666659151812,0.8860759493670886
noisy_current_proxy,60,causal_kalman_observer,12,3.9760399500208186,162.0230122425681,0.8227848101265823
noisy_current_proxy,60,causal_kalman_observer,13,4.021326643066743,173.79724157764906,0.6455696202531646
noisy_current_proxy,60,causal_kalman_observer,14,3.499049637549774,38.16084050906276,0.9873417721518988
noisy_current_proxy,60,causal_kalman_observer,15,3.922849841632167,148.22985458173034,0.759493670886076
noisy_current_proxy,60,causal_kalman_observer,16,4.093486541802774,192.5212960760412,0.6329113924050633
noisy_current_proxy,60,causal_kalman_observer,17,3.920765069866965,147.66918458519552,0.7088607594936709
noisy_current_proxy,60,causal_kalman_observer,18,3.775242248799957,109.89558380595072,0.7974683544303798
noisy_current_proxy,60,causal_kalman_observer,19,3.794438280186391,114.8660773486948,0.8354430379746836
noisy_current_proxy,60,causal_kalman_observer,20,3.561891302826127,54.48484266743297,0.9620253164556962
noisy_current_proxy,60,causal_kalman_observer,21,4.189295046912765,217.3961656635167,0.6455696202531646
noisy_current_proxy,60,causal_kalman_observer,22,3.7411317590951967,101.0373828640334,0.8481012658227848
noisy_current_proxy,60,causal_kalman_observer,23,3.7346758733418244,99.34738832118425,0.8734177215189873
noisy_current_proxy,60,causal_kalman_observer,24,3.6367498858737832,73.91835527152467,0.8987341772151899
noisy_current_proxy,60,causal_kalman_observer,25,4.010362909031405,170.95331054929557,0.7088607594936709
noisy_current_proxy,60,causal_kalman_observer,26,3.78172851139428,111.58711343792686,0.8860759493670886
noisy_current_proxy,60,causal_kalman_observer,27,3.7493429337435913,103.15678865845845,0.8481012658227848
noisy_current_proxy,60,causal_kalman_observer,28,3.6665639021645062,81.66139600818113,0.9113924050632911
noisy_current_proxy,60,causal_kalman_observer,29,3.9522112620884564,155.8351446365572,0.759493670886076
noisy_current_proxy,60,causal_kalman_observer,30,4.126003563326217,200.9660562909317,0.6708860759493671
noisy_current_proxy,60,causal_kalman_observer,31,3.9360480623007343,151.63584295095052,0.7468354430379747
noisy_current_proxy,60,causal_kalman_observer,32,3.6704380846588047,82.66627404997985,0.8734177215189873
noisy_current_proxy,60,causal_kalman_observer,33,3.6902731151745307,87.82832950449976,0.8607594936708861
noisy_current_proxy,60,causal_kalman_observer,34,4.140651362540077,204.76588389102258,0.6962025316455697
noisy_current_proxy,60,causal_kalman_observer,35,3.7280303013580927,97.62097415684393,0.8227848101265823
noisy_current_proxy,60,causal_kalman_observer,36,3.6023639951156827,64.99680251149442,0.9240506329113924
noisy_current_proxy,60,causal_kalman_observer,37,3.7930310369130757,114.5000768846515,0.7721518987341772
noisy_current_proxy,60,causal_kalman_observer,38,3.785197443484832,112.47550675843128,0.7974683544303798
noisy_current_proxy,60,causal_kalman_observer,39,3.8143163537176474,120.02585049413696,0.7974683544303798
noisy_current_proxy,60,causal_kalman_observer,40,3.764120885786458,106.99361555670588,0.8481012658227848
noisy_current_proxy,60,causal_kalman_observer,41,3.7175326947591345,94.89420832914999,0.8607594936708861
noisy_current_proxy,60,causal_kalman_observer,42,3.902536735955526,142.93549219136446,0.7088607594936709
noisy_current_proxy,60,causal_kalman_observer,43,3.8052735666658926,117.6947173460478,0.8227848101265823
noisy_current_proxy,60,causal_kalman_observer,44,3.609574435687429,66.86231198012783,0.9113924050632911
noisy_current_proxy,60,causal_kalman_observer,45,3.958006993521431,157.34250582806976,0.7215189873417721
noisy_current_proxy,60,causal_kalman_observer,46,3.8009564102001163,116.5575494342382,0.8481012658227848
noisy_current_proxy,60,causal_kalman_observer,47,4.001294336415543,168.58219851103902,0.6708860759493671
noisy_current_proxy,60,causal_kalman_observer,48,3.744275291200923,101.84079116108474,0.8481012658227848
noisy_current_proxy,60,causal_kalman_observer,49,4.023222374202195,174.27800871161494,0.6835443037974683
noisy_current_proxy,60,causal_kalman_observer,50,3.5104926937808174,41.13198758642825,1.0
noisy_current_proxy,60,causal_kalman_observer,51,3.5993281342969485,64.2000549446872,0.9367088607594937
noisy_current_proxy,60,causal_kalman_observer,52,3.6800098061047923,85.15517241038339,0.8860759493670886
noisy_current_proxy,60,causal_kalman_observer,53,3.7722675079955184,109.10937016354617,0.8607594936708861
noisy_current_proxy,60,causal_kalman_observer,54,3.9688015882841654,160.14649882945724,0.6708860759493671
noisy_current_proxy,60,causal_kalman_observer,55,3.8207820227519913,121.70505266565145,0.810126582278481
noisy_current_proxy,60,causal_kalman_observer,56,3.937097438524869,151.91826037845487,0.7341772151898734
noisy_current_proxy,60,causal_kalman_observer,57,3.563584347418985,54.91875220222747,0.9746835443037974
noisy_current_proxy,60,causal_kalman_observer,58,3.7290809246375507,97.89449220732946,0.8734177215189873
noisy_current_proxy,60,causal_kalman_observer,59,3.827571069111653,123.46893175684427,0.8481012658227848
noisy_current_proxy,60,causal_kalman_observer,60,3.7949611057578636,114.99991549532574,0.7721518987341772
noisy_current_proxy,60,causal_kalman_observer,61,3.705454847936658,91.75773017961664,0.8734177215189873
noisy_current_proxy,60,causal_kalman_observer,62,3.7945716493092667,114.89938250571986,0.810126582278481
noisy_current_proxy,60,causal_kalman_observer,63,4.252536692469942,233.8197205505127,0.7721518987341772
noisy_current_proxy,60,causal_kalman_observer,64,3.7666406438632003,107.64676536381687,0.8607594936708861
noisy_current_proxy,60,causal_kalman_observer,65,4.00213988406115,168.8037524455506,0.7848101265822784
noisy_current_proxy,60,causal_kalman_observer,66,3.790084037783762,113.73444207712274,0.8227848101265823
noisy_current_proxy,60,causal_kalman_observer,67,3.8307598067062294,124.30627292437435,0.810126582278481
noisy_current_proxy,60,causal_kalman_observer,68,3.860716626491053,132.07891865757128,0.810126582278481
noisy_current_proxy,60,causal_kalman_observer,69,3.657351671112259,79.26728590601903,0.8860759493670886
noisy_current_proxy,60,causal_kalman_observer,70,4.026461563244755,175.12989784830506,0.810126582278481
noisy_current_proxy,60,causal_kalman_observer,71,3.6832980981098946,86.00416698929902,0.8734177215189873
noisy_current_proxy,60,causal_kalman_observer,72,4.090479796456995,191.73705000052522,0.620253164556962
noisy_current_proxy,60,causal_kalman_observer,73,4.182364633263042,215.59770229135185,0.7215189873417721
noisy_current_proxy,60,causal_kalman_observer,74,3.725365944534584,96.92919219793012,0.8354430379746836
noisy_current_proxy,60,causal_kalman_observer,75,3.7801357447207495,111.15643407580977,0.810126582278481
noisy_current_proxy,60,causal_kalman_observer,76,3.8155373796519907,120.34551607252048,0.810126582278481
noisy_current_proxy,60,causal_kalman_observer,77,3.684841337528488,86.40742119290053,0.8354430379746836
noisy_current_proxy,60,causal_kalman_observer,78,3.8196307482741148,121.4084448366281,0.8607594936708861
noisy_current_proxy,60,causal_kalman_observer,79,4.068792552016993,186.11344094523636,0.7468354430379747
noisy_current_proxy,60,causal_kalman_observer,80,4.072152649348169,186.97826432236283,0.7341772151898734
noisy_current_proxy,60,causal_kalman_observer,81,3.4794455258503665,33.07166064771171,1.0
noisy_current_proxy,60,causal_kalman_observer,82,3.7477451222435736,102.74717548104509,0.8227848101265823
noisy_current_proxy,60,causal_kalman_observer,83,4.372804019718293,265.04888701629466,0.6835443037974683
noisy_current_proxy,60,causal_kalman_observer,84,4.004619106487791,169.44170211150066,0.7974683544303798
noisy_current_proxy,60,causal_kalman_observer,85,4.516394758601342,302.36650678348053,0.6075949367088608
noisy_current_proxy,60,causal_kalman_observer,86,3.7119986421806512,93.45706153205415,0.8607594936708861
noisy_current_proxy,60,causal_kalman_observer,87,3.9834513624825147,163.94971383487152,0.810126582278481
noisy_current_proxy,60,causal_kalman_observer,88,3.902743697614745,142.99255901183895,0.7468354430379747
noisy_current_proxy,60,causal_kalman_observer,89,4.183318838315542,215.86714119520926,0.6582278481012658
noisy_current_proxy,60,causal_kalman_observer,90,3.626890770703181,71.35725319582662,0.9240506329113924
noisy_current_proxy,60,causal_kalman_observer,91,4.284606882324365,242.16735710311508,0.5189873417721519
noisy_current_proxy,60,causal_kalman_observer,92,3.865084527110147,133.21923676420906,0.7848101265822784
noisy_current_proxy,60,causal_kalman_observer,93,3.9819694303272786,163.56247430158555,0.7848101265822784
noisy_current_proxy,60,causal_kalman_observer,94,3.7333627219100314,99.00495131883463,0.8607594936708861
noisy_current_proxy,60,causal_kalman_observer,95,3.6717779875902212,83.01631615738921,0.8734177215189873
noisy_current_proxy,60,causal_kalman_observer,96,3.720869863909721,95.76091925073584,0.8354430379746836
noisy_current_proxy,60,causal_kalman_observer,97,3.8124559952845853,119.55305883934277,0.8227848101265823
noisy_current_proxy,60,causal_kalman_observer,98,3.8433181560453136,127.56112001702809,0.7721518987341772
noisy_current_proxy,60,causal_kalman_observer,99,3.8400730051157423,126.72715628143158,0.759493670886076
noisy_current_proxy,60,causal_kalman_observer,100,3.5833632769210757,60.056033641205026,0.9620253164556962
noisy_current_proxy,60,causal_kalman_observer,101,3.9285347396459023,149.68919001850225,0.7341772151898734
noisy_current_proxy,60,causal_kalman_observer,102,3.784286866071819,112.22853114266475,0.8227848101265823
noisy_current_proxy,60,causal_kalman_observer,103,3.830554705450179,124.25711867527804,0.7974683544303798
noisy_current_proxy,60,causal_kalman_observer,104,3.7972388330815776,115.5931445308216,0.8354430379746836
noisy_current_proxy,60,causal_kalman_observer,105,3.6099837653194147,66.98589838343513,0.9113924050632911
noisy_current_proxy,60,causal_kalman_observer,106,3.7878474597681406,113.1583484768262,0.7974683544303798
noisy_current_proxy,60,causal_kalman_observer,107,3.876174147710322,136.08851422596112,0.8227848101265823
noisy_current_proxy,60,causal_kalman_observer,108,3.8863084961480268,138.73274076981565,0.7974683544303798
noisy_current_proxy,60,causal_kalman_observer,109,3.672080425749142,83.0934547271977,0.8987341772151899
noisy_current_proxy,60,causal_kalman_observer,110,3.683765354038346,86.1260869633212,0.8227848101265823
noisy_current_proxy,60,causal_kalman_observer,111,4.134274226891565,203.11041050162444,0.620253164556962
noisy_current_proxy,60,causal_kalman_observer,112,3.8865753904422533,138.7891689209295,0.7721518987341772
noisy_current_proxy,60,causal_kalman_observer,113,3.8437910807292237,127.68154414969389,0.8227848101265823
noisy_current_proxy,60,causal_kalman_observer,114,4.114285138715799,197.91954027863193,0.6835443037974683
noisy_current_proxy,60,causal_kalman_observer,115,4.25634565165133,234.80756490400003,0.5822784810126582
noisy_current_proxy,60,causal_kalman_observer,116,3.927667219767264,149.47740813022997,0.7721518987341772
noisy_current_proxy,60,causal_kalman_observer,117,3.5256918752927806,45.08706075239459,0.9746835443037974
noisy_current_proxy,60,causal_kalman_observer,118,4.236692753871859,229.70575044588816,0.6075949367088608
noisy_current_proxy,60,causal_kalman_observer,119,4.699859515138244,349.98001928481193,0.35443037974683544
noisy_current_proxy,60,causal_kalman_observer,120,3.6714587737953286,82.93895086544133,0.8354430379746836
noisy_current_proxy,60,causal_kalman_observer,121,3.734395726362118,99.29112292082223,0.8227848101265823
noisy_current_proxy,60,causal_kalman_observer,122,3.7489257401226026,103.05086790813667,0.7974683544303798
noisy_current_proxy,60,causal_kalman_observer,123,3.981323867211988,163.39305993770444,0.6582278481012658
noisy_current_proxy,60,causal_kalman_observer,124,3.7530636497391203,104.12472860861762,0.8860759493670886
noisy_current_proxy,60,causal_kalman_observer,125,3.7986486285410486,115.9758017286708,0.8354430379746836
noisy_current_proxy,60,causal_kalman_observer,126,3.740883018474037,100.95745676862907,0.8227848101265823
noisy_current_proxy,60,causal_kalman_observer,127,4.101904750507604,194.70684979531828,0.7341772151898734
noisy_current_proxy,60,memory_limited_ridge,0,3.8164572291244374,118.13315383863375,0.8227848101265823
noisy_current_proxy,60,memory_limited_ridge,1,4.523094359276519,326.9112533652429,0.46835443037974683
noisy_current_proxy,60,memory_limited_ridge,2,3.6939570163526327,81.94009162493658,0.9240506329113924
noisy_current_proxy,60,memory_limited_ridge,3,3.76020961637571,101.51462476408508,0.8734177215189873
noisy_current_proxy,60,memory_limited_ridge,4,3.973646131484278,164.5750953968112,0.7468354430379747
noisy_current_proxy,60,memory_limited_ridge,5,3.7936825956588,111.40431878386175,0.8481012658227848
noisy_current_proxy,60,memory_limited_ridge,6,3.8361382734053584,123.94797851503498,0.7974683544303798
noisy_current_proxy,60,memory_limited_ridge,7,3.7248106236128344,91.05588417597194,0.9113924050632911
noisy_current_proxy,60,memory_limited_ridge,8,3.961399289752223,160.9567285817652,0.759493670886076
noisy_current_proxy,60,memory_limited_ridge,9,3.6188287593847015,59.74321851817537,1.0
noisy_current_proxy,60,memory_limited_ridge,10,4.011303774512185,175.70116110797142,0.6962025316455697
noisy_current_proxy,60,memory_limited_ridge,11,3.7465060468460063,97.4658632695874,0.8987341772151899
noisy_current_proxy,60,memory_limited_ridge,12,3.9690920387566546,163.22957478351367,0.8481012658227848
noisy_current_proxy,60,memory_limited_ridge,13,4.096920551282134,200.996899442266,0.6582278481012658
noisy_current_proxy,60,memory_limited_ridge,14,3.59933062900975,53.98243631426258,0.9873417721518988
noisy_current_proxy,60,memory_limited_ridge,15,3.9409201811599304,154.90611336575222,0.7721518987341772
noisy_current_proxy,60,memory_limited_ridge,16,4.1406267690819565,213.91003505372083,0.6075949367088608
noisy_current_proxy,60,memory_limited_ridge,17,3.9027357039596913,143.6243928884156,0.759493670886076
noisy_current_proxy,60,memory_limited_ridge,18,3.8671122331441157,133.09932957364614,0.7848101265822784
noisy_current_proxy,60,memory_limited_ridge,19,3.8355080312919014,123.76177155664774,0.8607594936708861
noisy_current_proxy,60,memory_limited_ridge,20,3.621979872462971,60.67422450668509,0.9620253164556962
noisy_current_proxy,60,memory_limited_ridge,21,4.182348741052292,226.2369191711664,0.620253164556962
noisy_current_proxy,60,memory_limited_ridge,22,3.7989232296915203,112.95268012376197,0.8481012658227848
noisy_current_proxy,60,memory_limited_ridge,23,3.7920628744755,110.92576721052494,0.8481012658227848
noisy_current_proxy,60,memory_limited_ridge,24,3.6881128889056907,80.21342631157901,0.8987341772151899
noisy_current_proxy,60,memory_limited_ridge,25,4.06304448974169,190.98811353776927,0.7215189873417721
noisy_current_proxy,60,memory_limited_ridge,26,3.8203336097973524,119.27844235433746,0.8987341772151899
noisy_current_proxy,60,memory_limited_ridge,27,3.76906706554708,104.1315851893802,0.8734177215189873
noisy_current_proxy,60,memory_limited_ridge,28,3.6689872135561408,74.56268708311205,0.9620253164556962
noisy_current_proxy,60,memory_limited_ridge,29,3.9862302873925484,168.2931227160238,0.7468354430379747
noisy_current_proxy,60,memory_limited_ridge,30,4.063265394645083,191.05338056654347,0.7215189873417721
noisy_current_proxy,60,memory_limited_ridge,31,4.0043978244295655,173.66077705206357,0.7088607594936709
noisy_current_proxy,60,memory_limited_ridge,32,3.7314966565935728,93.03129305208128,0.8607594936708861
noisy_current_proxy,60,memory_limited_ridge,33,3.742991042893581,96.42734461028883,0.8734177215189873
noisy_current_proxy,60,memory_limited_ridge,34,4.164770374928862,221.0433371820024,0.7215189873417721
noisy_current_proxy,60,memory_limited_ridge,35,3.756523537711589,100.42556155842706,0.8607594936708861
noisy_current_proxy,60,memory_limited_ridge,36,3.6509326502805353,69.22841119011919,0.9367088607594937
noisy_current_proxy,60,memory_limited_ridge,37,3.836618470608891,124.08985424626059,0.759493670886076
noisy_current_proxy,60,memory_limited_ridge,38,3.7651431811106892,102.9722615415905,0.8734177215189873
noisy_current_proxy,60,memory_limited_ridge,39,3.8117074458780387,116.72981586355033,0.8481012658227848
noisy_current_proxy,60,memory_limited_ridge,40,3.785444222994498,108.97026640442519,0.8734177215189873
noisy_current_proxy,60,memory_limited_ridge,41,3.76596049604232,103.21373973578598,0.8607594936708861
noisy_current_proxy,60,memory_limited_ridge,42,4.025406340388616,179.86780729240908,0.6962025316455697
noisy_current_proxy,60,memory_limited_ridge,43,3.8366584354196593,124.10166197173096,0.7974683544303798
noisy_current_proxy,60,memory_limited_ridge,44,3.6958596493538725,82.50223035943803,0.8734177215189873
noisy_current_proxy,60,memory_limited_ridge,45,4.028448663901295,180.76667107131257,0.7721518987341772
noisy_current_proxy,60,memory_limited_ridge,46,3.9254594414051223,150.33819055848392,0.7974683544303798
noisy_current_proxy,60,memory_limited_ridge,47,3.9375758768621894,153.9180284410742,0.7215189873417721
noisy_current_proxy,60,memory_limited_ridge,48,3.7736438518234032,105.48381068099123,0.8860759493670886
noisy_current_proxy,60,memory_limited_ridge,49,4.004259426889146,173.6198870758152,0.7341772151898734
noisy_current_proxy,60,memory_limited_ridge,50,3.613725996368202,58.23559159133956,0.9873417721518988
noisy_current_proxy,60,memory_limited_ridge,51,3.712814145118862,87.51148794470623,0.8860759493670886
noisy_current_proxy,60,memory_limited_ridge,52,3.666359247115155,73.78624636728007,0.9367088607594937
noisy_current_proxy,60,memory_limited_ridge,53,3.7615467953354216,101.90969837403739,0.8860759493670886
noisy_current_proxy,60,memory_limited_ridge,54,3.988742550436403,169.03537850959307,0.7974683544303798
noisy_current_proxy,60,memory_limited_ridge,55,3.8523807675582935,128.7468730482052,0.8481012658227848
noisy_current_proxy,60,memory_limited_ridge,56,3.9742767990668986,164.7614280613631,0.6962025316455697
noisy_current_proxy,60,memory_limited_ridge,57,3.6114865915272967,57.573952587663115,0.9620253164556962
noisy_current_proxy,60,memory_limited_ridge,58,3.8491605945451974,127.79546309090956,0.810126582278481
noisy_current_proxy,60,memory_limited_ridge,59,3.8254496360944623,120.78998795796133,0.8734177215189873
noisy_current_proxy,60,memory_limited_ridge,60,3.819315356700076,118.97759636505134,0.8227848101265823
noisy_current_proxy,60,memory_limited_ridge,61,3.75597650975431,100.26394047677722,0.9367088607594937
noisy_current_proxy,60,memory_limited_ridge,62,3.867885004126806,133.32764712200495,0.7974683544303798
noisy_current_proxy,60,memory_limited_ridge,63,4.200373817757342,231.56248316678,0.759493670886076
noisy_current_proxy,60,memory_limited_ridge,64,3.796853857295358,112.34127772548965,0.8354430379746836
noisy_current_proxy,60,memory_limited_ridge,65,4.070699209472906,193.24972387453155,0.7848101265822784
noisy_current_proxy,60,memory_limited_ridge,66,3.8590627740248284,130.72109227838834,0.8481012658227848
noisy_current_proxy,60,memory_limited_ridge,67,3.8816724653721795,137.40119468026325,0.8607594936708861
noisy_current_proxy,60,memory_limited_ridge,68,3.8740618859654177,135.15262573725002,0.8227848101265823
noisy_current_proxy,60,memory_limited_ridge,69,3.6612639960565776,72.28083887136829,0.9240506329113924
noisy_current_proxy,60,memory_limited_ridge,70,4.007952023677413,174.71087608117182,0.8354430379746836
noisy_current_proxy,60,memory_limited_ridge,71,3.8152716574201433,117.78287305559354,0.810126582278481
noisy_current_proxy,60,memory_limited_ridge,72,4.063676429253385,191.17482199765288,0.7215189873417721
noisy_current_proxy,60,memory_limited_ridge,73,4.120885541855257,208.07742914207535,0.7848101265822784
noisy_current_proxy,60,memory_limited_ridge,74,3.678134717688711,77.2653451330776,0.9240506329113924
noisy_current_proxy,60,memory_limited_ridge,75,3.8136032663812784,117.28994182469923,0.8354430379746836
noisy_current_proxy,60,memory_limited_ridge,76,3.8048553454721046,114.70534185917928,0.8481012658227848
noisy_current_proxy,60,memory_limited_ridge,77,3.7136225813469186,87.75034289879794,0.8481012658227848
noisy_current_proxy,60,memory_limited_ridge,78,3.8704120477936717,134.0742698958113,0.8607594936708861
noisy_current_proxy,60,memory_limited_ridge,79,4.117758481835414,207.1535297031823,0.7721518987341772
noisy_current_proxy,60,memory_limited_ridge,80,4.090912036010861,199.22166524385491,0.7468354430379747
noisy_current_proxy,60,memory_limited_ridge,81,3.5569836254060956,41.47088469070903,0.9873417721518988
noisy_current_proxy,60,memory_limited_ridge,82,3.8616101894226054,131.47373394234728,0.8481012658227848
noisy_current_proxy,60,memory_limited_ridge,83,4.382128042203039,285.26232420476606,0.6962025316455697
noisy_current_proxy,60,memory_limited_ridge,84,3.990457025581292,169.5419254304416,0.7848101265822784
noisy_current_proxy,60,memory_limited_ridge,85,4.4550672303928245,306.8124302514153,0.6708860759493671
noisy_current_proxy,60,memory_limited_ridge,86,3.7554481160771394,100.10782495013079,0.9113924050632911
noisy_current_proxy,60,memory_limited_ridge,87,3.9910726585742253,169.7238160795258,0.8227848101265823
noisy_current_proxy,60,memory_limited_ridge,88,3.931803788286134,152.2126472322653,0.7848101265822784
noisy_current_proxy,60,memory_limited_ridge,89,4.079062617924044,195.72071845928753,0.6962025316455697
noisy_current_proxy,60,memory_limited_ridge,90,3.666833055001925,73.92623435534314,0.9367088607594937
noisy_current_proxy,60,memory_limited_ridge,91,4.190389031088119,228.61244743269677,0.5569620253164557
noisy_current_proxy,60,memory_limited_ridge,92,3.9023552771360213,143.51199462081016,0.8354430379746836
noisy_current_proxy,60,memory_limited_ridge,93,3.8906723575361113,140.06024032300456,0.8227848101265823
noisy_current_proxy,60,memory_limited_ridge,94,3.780491268886351,107.50690097736518,0.8481012658227848
noisy_current_proxy,60,memory_limited_ridge,95,3.6763967524874364,76.75185800328634,0.9240506329113924
noisy_current_proxy,60,memory_limited_ridge,96,3.7874341267219194,109.55818954166861,0.8227848101265823
noisy_current_proxy,60,memory_limited_ridge,97,3.807019168144089,115.34464988007502,0.8354430379746836
noisy_current_proxy,60,memory_limited_ridge,98,3.8965565954960337,141.79875640999643,0.7721518987341772
noisy_current_proxy,60,memory_limited_ridge,99,3.8665939011587707,132.9461868045973,0.7468354430379747
noisy_current_proxy,60,memory_limited_ridge,100,3.625290699905746,61.652418592260595,0.9746835443037974
noisy_current_proxy,60,memory_limited_ridge,101,3.8655293258484713,132.63165477591792,0.8734177215189873
noisy_current_proxy,60,memory_limited_ridge,102,3.8436784942194238,126.17575979682651,0.8227848101265823
noisy_current_proxy,60,memory_limited_ridge,103,3.840181338741142,125.14251452375738,0.8481012658227848
noisy_current_proxy,60,memory_limited_ridge,104,3.7850610328157854,108.85705169512751,0.8607594936708861
noisy_current_proxy,60,memory_limited_ridge,105,3.641282180473225,66.37715039453181,0.9240506329113924
noisy_current_proxy,60,memory_limited_ridge,106,3.801511903804206,113.71751180112366,0.8481012658227848
noisy_current_proxy,60,memory_limited_ridge,107,3.8878431914062164,139.2243545442351,0.8354430379746836
noisy_current_proxy,60,memory_limited_ridge,108,3.879476663201179,136.75243821865607,0.810126582278481
noisy_current_proxy,60,memory_limited_ridge,109,3.692719886394667,81.57457779829132,0.9240506329113924
noisy_current_proxy,60,memory_limited_ridge,110,3.7555532153296984,100.13887684547409,0.8354430379746836
noisy_current_proxy,60,memory_limited_ridge,111,4.108307488298047,204.36120478113216,0.6708860759493671
noisy_current_proxy,60,memory_limited_ridge,112,3.8092622816553914,116.00738462175441,0.810126582278481
noisy_current_proxy,60,memory_limited_ridge,113,3.8756581032683424,135.62423301730385,0.8607594936708861
noisy_current_proxy,60,memory_limited_ridge,114,4.0854761177586685,197.61560658453945,0.7088607594936709
noisy_current_proxy,60,memory_limited_ridge,115,4.252182471059598,246.86950810778544,0.620253164556962
noisy_current_proxy,60,memory_limited_ridge,116,3.8794837729358096,136.75453881147973,0.8227848101265823
noisy_current_proxy,60,memory_limited_ridge,117,3.640237046391255,66.0683623361727,0.8987341772151899
noisy_current_proxy,60,memory_limited_ridge,118,4.255780982319335,247.93269925621962,0.5949367088607594
noisy_current_proxy,60,memory_limited_ridge,119,4.6859960237486895,375.04104794722497,0.3670886075949367
noisy_current_proxy,60,memory_limited_ridge,120,3.771053414526168,104.71845806536618,0.8227848101265823
noisy_current_proxy,60,memory_limited_ridge,121,3.767181656718151,103.57453538922348,0.8734177215189873
noisy_current_proxy,60,memory_limited_ridge,122,3.7478689799946823,97.86854603337154,0.8227848101265823
noisy_current_proxy,60,memory_limited_ridge,123,4.006783223318873,174.36555044348614,0.7468354430379747
noisy_current_proxy,60,memory_limited_ridge,124,3.8577047619092806,130.3198634488795,0.8607594936708861
noisy_current_proxy,60,memory_limited_ridge,125,3.8589116219714583,130.67643394231206,0.8354430379746836
noisy_current_proxy,60,memory_limited_ridge,126,3.7649273700472476,102.90849950339619,0.8607594936708861
noisy_current_proxy,60,memory_limited_ridge,127,4.126323952748024,209.68422425966588,0.6962025316455697
noisy_current_proxy,120,hidden_state_oracle,0,4.201375652264322,247.51393406820804,0.9253731343283582
noisy_current_proxy,120,hidden_state_oracle,1,5.313565309496324,1025.403999848405,0.417910447761194
noisy_current_proxy,120,hidden_state_oracle,2,4.149683782491973,211.35949609439004,0.9253731343283582
noisy_current_proxy,120,hidden_state_oracle,3,4.044301955945226,137.65311386772416,0.9552238805970149
noisy_current_proxy,120,hidden_state_oracle,4,4.502167748489495,457.89458452408,0.6865671641791045
noisy_current_proxy,120,hidden_state_oracle,5,4.120566876956751,190.9944878290912,0.8955223880597015
noisy_current_proxy,120,hidden_state_oracle,6,4.187724972544507,237.96634649971628,0.8955223880597015
noisy_current_proxy,120,hidden_state_oracle,7,4.16628717862289,222.97227888235358,0.8955223880597015
noisy_current_proxy,120,hidden_state_oracle,8,4.305118095182948,320.0736950958468,0.8208955223880597
noisy_current_proxy,120,hidden_state_oracle,9,3.929707976047254,57.50354766630707,1.0
noisy_current_proxy,120,hidden_state_oracle,10,4.7628707179010386,640.236012270639,0.6716417910447762
noisy_current_proxy,120,hidden_state_oracle,11,4.047457018680217,139.85983458527804,0.9850746268656716
noisy_current_proxy,120,hidden_state_oracle,12,4.609519631912511,532.9788681393338,0.6716417910447762
noisy_current_proxy,120,hidden_state_oracle,13,4.842537770560343,695.9569124162988,0.5373134328358209
noisy_current_proxy,120,hidden_state_oracle,14,3.9784081660279202,91.56553856977494,1.0
noisy_current_proxy,120,hidden_state_oracle,15,4.292198867092678,311.03770098852783,0.8656716417910447
noisy_current_proxy,120,hidden_state_oracle,16,4.69399001869799,592.0593264997964,0.5970149253731343
noisy_current_proxy,120,hidden_state_oracle,17,4.230150802067912,267.63991080967133,0.8955223880597015
noisy_current_proxy,120,hidden_state_oracle,18,4.263584935930487,291.024484133605,0.7910447761194029
noisy_current_proxy,120,hidden_state_oracle,19,4.097290215196636,174.71427534016786,0.9552238805970149
noisy_current_proxy,120,hidden_state_oracle,20,4.000257726259315,106.84760465908667,1.0
noisy_current_proxy,120,hidden_state_oracle,21,5.039551660177392,833.752787928428,0.3880597014925373
noisy_current_proxy,120,hidden_state_oracle,22,3.9878880465325848,98.19597684207089,1.0
noisy_current_proxy,120,hidden_state_oracle,23,4.0317480543177995,128.8726371754113,0.9701492537313433
noisy_current_proxy,120,hidden_state_oracle,24,4.071099218508432,156.39571249060833,0.9402985074626866
noisy_current_proxy,120,hidden_state_oracle,25,4.28643569804571,307.0068129831437,0.8208955223880597
noisy_current_proxy,120,hidden_state_oracle,26,4.25671726071964,286.22108006777506,0.835820895522388
noisy_current_proxy,120,hidden_state_oracle,27,4.180617800728216,232.99543320652288,0.8805970149253731
noisy_current_proxy,120,hidden_state_oracle,28,3.9941759094816334,102.59384737723265,1.0
noisy_current_proxy,120,hidden_state_oracle,29,4.572784701953043,507.28564495856625,0.6119402985074627
noisy_current_proxy,120,hidden_state_oracle,30,4.604124186106624,529.2051739087083,0.6716417910447762
noisy_current_proxy,120,hidden_state_oracle,31,4.75276801078981,633.1699552827762,0.5522388059701493
noisy_current_proxy,120,hidden_state_oracle,32,4.141855622487076,205.88430770223928,0.9402985074626866
noisy_current_proxy,120,hidden_state_oracle,33,4.156554751199019,216.16520370436788,0.9402985074626866
noisy_current_proxy,120,hidden_state_oracle,34,4.713356347473202,605.6045655396606,0.746268656716418
noisy_current_proxy,120,hidden_state_oracle,35,4.334592374937089,340.6886588007203,0.7761194029850746
noisy_current_proxy,120,hidden_state_oracle,36,4.058518647493983,147.5965826386541,0.9850746268656716
noisy_current_proxy,120,hidden_state_oracle,37,4.150492548718225,211.9251650959406,0.8955223880597015
noisy_current_proxy,120,hidden_state_oracle,38,4.073475588209669,158.05779806314732,0.9701492537313433
noisy_current_proxy,120,hidden_state_oracle,39,4.189142372206919,238.9577071992689,0.8507462686567164
noisy_current_proxy,120,hidden_state_oracle,40,4.2801012836787855,302.5763833558557,0.7761194029850746
noisy_current_proxy,120,hidden_state_oracle,41,4.109387412487732,183.17532291000947,0.9402985074626866
noisy_current_proxy,120,hidden_state_oracle,42,4.511046756559083,464.10475931432563,0.6865671641791045
noisy_current_proxy,120,hidden_state_oracle,43,4.266105840790897,292.78766079591185,0.8955223880597015
noisy_current_proxy,120,hidden_state_oracle,44,4.083552121483951,165.10554849006172,1.0
noisy_current_proxy,120,hidden_state_oracle,45,4.558198004701041,497.08338600831377,0.6268656716417911
noisy_current_proxy,120,hidden_state_oracle,46,4.360672788822287,358.92987758999146,0.835820895522388
noisy_current_proxy,120,hidden_state_oracle,47,4.765400994155729,642.0057434935502,0.6567164179104478
noisy_current_proxy,120,hidden_state_oracle,48,4.351046484226648,352.1970270672118,0.7910447761194029
noisy_current_proxy,120,hidden_state_oracle,49,4.835951686851672,691.3504596804206,0.5373134328358209
noisy_current_proxy,120,hidden_state_oracle,50,4.011740073533301,114.87861251659757,1.0
noisy_current_proxy,120,hidden_state_oracle,51,3.913202972447455,45.95958279263197,1.0
noisy_current_proxy,120,hidden_state_oracle,52,4.17878474808861,231.71335561379587,0.8955223880597015
noisy_current_proxy,120,hidden_state_oracle,53,4.129205423844368,197.0364787457997,0.8805970149253731
noisy_current_proxy,120,hidden_state_oracle,54,4.692306319852121,590.8817102565147,0.5522388059701493
noisy_current_proxy,120,hidden_state_oracle,55,4.017432411824128,118.85995992322187,0.9850746268656716
noisy_current_proxy,120,hidden_state_oracle,56,4.426203454930739,404.76347605789107,0.7611940298507462
noisy_current_proxy,120,hidden_state_oracle,57,3.952430097427582,73.39590233826065,1.0
noisy_current_proxy,120,hidden_state_oracle,58,4.107134795883956,181.5997929932448,0.9850746268656716
noisy_current_proxy,120,hidden_state_oracle,59,4.349239552369356,350.93321892784644,0.746268656716418
noisy_current_proxy,120,hidden_state_oracle,60,4.161972500384635,219.95449741248103,0.8955223880597015
noisy_current_proxy,120,hidden_state_oracle,61,4.272282074322358,297.10745524537407,0.7910447761194029
noisy_current_proxy,120,hidden_state_oracle,62,4.698977177253549,595.5474555896634,0.5671641791044776
noisy_current_proxy,120,hidden_state_oracle,63,4.887767716760682,727.591738002237,0.6716417910447762
noisy_current_proxy,120,hidden_state_oracle,64,4.255700826235244,285.51016328951914,0.7761194029850746
noisy_current_proxy,120,hidden_state_oracle,65,4.799392377834678,665.78006967438,0.5223880597014925
noisy_current_proxy,120,hidden_state_oracle,66,4.3559403864037005,355.61993058162255,0.7761194029850746
noisy_current_proxy,120,hidden_state_oracle,67,4.045379307808666,138.40663760935473,0.9402985074626866
noisy_current_proxy,120,hidden_state_oracle,68,4.313839196979219,326.1734267431115,0.8059701492537313
noisy_current_proxy,120,hidden_state_oracle,69,4.0480303281399115,140.26081991220863,0.9701492537313433
noisy_current_proxy,120,hidden_state_oracle,70,4.34708221570486,349.42432990973424,0.7761194029850746
noisy_current_proxy,120,hidden_state_oracle,71,4.095861086126815,173.71471083342956,0.8955223880597015
noisy_current_proxy,120,hidden_state_oracle,72,4.7920134752183134,660.6191018445624,0.4626865671641791
noisy_current_proxy,120,hidden_state_oracle,73,5.168484555620213,923.9313090692043,0.417910447761194
noisy_current_proxy,120,hidden_state_oracle,74,4.331913830696054,338.81522566608754,0.7910447761194029
noisy_current_proxy,120,hidden_state_oracle,75,4.135432395752467,201.3917607390342,0.9402985074626866
noisy_current_proxy,120,hidden_state_oracle,76,4.072416703634058,157.3171907514184,0.9701492537313433
noisy_current_proxy,120,hidden_state_oracle,77,4.133014373727067,199.70054260895495,0.8955223880597015
noisy_current_proxy,120,hidden_state_oracle,78,4.127985872054016,196.18349722753973,0.9552238805970149
noisy_current_proxy,120,hidden_state_oracle,79,4.726695053506061,614.9339518056187,0.6567164179104478
noisy_current_proxy,120,hidden_state_oracle,80,4.345465627414159,348.29365227430014,0.8656716417910447
noisy_current_proxy,120,hidden_state_oracle,81,3.9907435737438117,100.19319578376341,0.9701492537313433
noisy_current_proxy,120,hidden_state_oracle,82,4.3413999309435605,345.4500141642067,0.7910447761194029
noisy_current_proxy,120,hidden_state_oracle,83,4.609426901247521,532.9140102595462,0.6716417910447762
noisy_current_proxy,120,hidden_state_oracle,84,4.176159184845056,229.87697856159193,0.8955223880597015
noisy_current_proxy,120,hidden_state_oracle,85,4.860189261845644,708.302756155948,0.6417910447761194
noisy_current_proxy,120,hidden_state_oracle,86,4.075902363159689,159.75513818246188,0.9253731343283582
noisy_current_proxy,120,hidden_state_oracle,87,4.620779166706837,540.8540360163747,0.7313432835820896
noisy_current_proxy,120,hidden_state_oracle,88,4.161863036557234,219.87793598849976,0.8805970149253731
noisy_current_proxy,120,hidden_state_oracle,89,4.520775459877514,470.9092297705292,0.6865671641791045
noisy_current_proxy,120,hidden_state_oracle,90,4.211269427649553,254.43385958197726,0.8955223880597015
noisy_current_proxy,120,hidden_state_oracle,91,5.062242710233414,849.6234106283642,0.44776119402985076
noisy_current_proxy,120,hidden_state_oracle,92,4.27069971755699,296.00071989651053,0.7761194029850746
noisy_current_proxy,120,hidden_state_oracle,93,4.045673467192813,138.61237919415896,0.9253731343283582
noisy_current_proxy,120,hidden_state_oracle,94,4.117090652789829,188.56313969679235,0.9104477611940298
noisy_current_proxy,120,hidden_state_oracle,95,4.052463619573778,143.36156207672047,0.9850746268656716
noisy_current_proxy,120,hidden_state_oracle,96,4.280427797971093,302.8047546796396,0.7910447761194029
noisy_current_proxy,120,hidden_state_oracle,97,4.191736867617915,240.77235472166194,0.8955223880597015
noisy_current_proxy,120,hidden_state_oracle,98,4.20089214452825,247.17575805463477,0.8208955223880597
noisy_current_proxy,120,hidden_state_oracle,99,4.522804028606615,472.32805564421005,0.6417910447761194
noisy_current_proxy,120,hidden_state_oracle,100,4.036906391859349,132.48049263731014,0.9850746268656716
noisy_current_proxy,120,hidden_state_oracle,101,4.447093123896717,419.3741729479458,0.7313432835820896
noisy_current_proxy,120,hidden_state_oracle,102,4.427115440501737,405.4013389540272,0.8059701492537313
noisy_current_proxy,120,hidden_state_oracle,103,4.452381167873614,423.0727479619174,0.6716417910447762
noisy_current_proxy,120,hidden_state_oracle,104,4.223467629412958,262.9655519155947,0.835820895522388
noisy_current_proxy,120,hidden_state_oracle,105,4.008480394069974,112.59872054344247,1.0
noisy_current_proxy,120,hidden_state_oracle,106,4.374190488288278,368.38445582529437,0.7164179104477612
noisy_current_proxy,120,hidden_state_oracle,107,4.254773439347501,284.86152837152855,0.835820895522388
noisy_current_proxy,120,hidden_state_oracle,108,4.54708163857444,489.3083534666675,0.6417910447761194
noisy_current_proxy,120,hidden_state_oracle,109,4.2338942946019555,270.258192354208,0.8656716417910447
noisy_current_proxy,120,hidden_state_oracle,110,4.150170288101616,211.699768887099,0.9552238805970149
noisy_current_proxy,120,hidden_state_oracle,111,4.744732646984164,627.5498439657034,0.5671641791044776
noisy_current_proxy,120,hidden_state_oracle,112,4.44953476318051,421.08190951133776,0.7164179104477612
noisy_current_proxy,120,hidden_state_oracle,113,4.17013494951306,225.66349501747663,0.9104477611940298
noisy_current_proxy,120,hidden_state_oracle,114,4.490329641050741,449.61475013219746,0.6865671641791045
noisy_current_proxy,120,hidden_state_oracle,115,5.211838276579266,954.253861189126,0.34328358208955223
noisy_current_proxy,120,hidden_state_oracle,116,4.449203175341512,420.84998963669017,0.7761194029850746
noisy_current_proxy,120,hidden_state_oracle,117,3.966453256109381,83.20400993798239,1.0
noisy_current_proxy,120,hidden_state_oracle,118,5.114477888257283,886.1578504200068,0.43283582089552236
noisy_current_proxy,120,hidden_state_oracle,119,5.655314115741947,1264.4306799133299,0.3880597014925373
noisy_current_proxy,120,hidden_state_oracle,120,4.035939704232199,131.80436991221256,0.9701492537313433
noisy_current_proxy,120,hidden_state_oracle,121,3.988025122586782,98.29185086870206,0.9850746268656716
noisy_current_proxy,120,hidden_state_oracle,122,4.144766932842218,207.9205426096047,0.8805970149253731
noisy_current_proxy,120,hidden_state_oracle,123,4.461037451572366,429.1271443969595,0.7014925373134329
noisy_current_proxy,120,hidden_state_oracle,124,4.0895142036536445,169.2755607366356,0.9701492537313433
noisy_current_proxy,120,hidden_state_oracle,125,4.249130963061051,280.9150555545143,0.7761194029850746
noisy_current_proxy,120,hidden_state_oracle,126,4.145965150951869,208.75860287933904,0.8955223880597015
noisy_current_proxy,120,hidden_state_oracle,127,4.626511374142448,544.8632687854076,0.6268656716417911
noisy_current_proxy,120,causal_kalman_observer,0,4.252704719234291,272.0872286013073,0.9402985074626866
noisy_current_proxy,120,causal_kalman_observer,1,5.395622783789979,1174.5228134355857,0.40298507462686567
noisy_current_proxy,120,causal_kalman_observer,2,4.280267892487737,293.84029820545584,0.9104477611940298
noisy_current_proxy,120,causal_kalman_observer,3,4.068605607404242,126.70846409543107,0.9701492537313433
noisy_current_proxy,120,causal_kalman_observer,4,4.632694306174755,572.1160687242322,0.6268656716417911
noisy_current_proxy,120,causal_kalman_observer,5,4.280730574498878,294.19960508341137,0.8208955223880597
noisy_current_proxy,120,causal_kalman_observer,6,4.261930813370933,279.35404981116164,0.8805970149253731
noisy_current_proxy,120,causal_kalman_observer,7,4.301949720811401,310.9764833260628,0.835820895522388
noisy_current_proxy,120,causal_kalman_observer,8,4.253793962257699,272.9294603579815,0.8507462686567164
noisy_current_proxy,120,causal_kalman_observer,9,4.001324720449762,73.58639234452407,1.0
noisy_current_proxy,120,causal_kalman_observer,10,4.735970002873499,653.6521128953882,0.7313432835820896
noisy_current_proxy,120,causal_kalman_observer,11,4.182587276482159,216.70870536142016,0.9552238805970149
noisy_current_proxy,120,causal_kalman_observer,12,4.73317375655273,651.4551777322837,0.5671641791044776
noisy_current_proxy,120,causal_kalman_observer,13,4.944065342895626,817.9831959454556,0.47761194029850745
noisy_current_proxy,120,causal_kalman_observer,14,4.040369440572797,104.41543736633784,1.0
noisy_current_proxy,120,causal_kalman_observer,15,4.466512488820856,440.90024755502833,0.7164179104477612
noisy_current_proxy,120,causal_kalman_observer,16,4.721655061089491,642.3669484916645,0.6417910447761194
noisy_current_proxy,120,causal_kalman_observer,17,4.271083894144937,286.5817246619179,0.8955223880597015
noisy_current_proxy,120,causal_kalman_observer,18,4.350053231491067,348.96314171958886,0.746268656716418
noisy_current_proxy,120,causal_kalman_observer,19,4.273703232114988,288.65783592493125,0.8805970149253731
noisy_current_proxy,120,causal_kalman_observer,20,4.061973448561626,121.48383465045775,0.9850746268656716
noisy_current_proxy,120,causal_kalman_observer,21,5.144427513108108,976.1688380588226,0.417910447761194
noisy_current_proxy,120,causal_kalman_observer,22,4.068479635369563,126.61533516594461,0.9850746268656716
noisy_current_proxy,120,causal_kalman_observer,23,4.09998515832324,151.48732726147105,0.9552238805970149
noisy_current_proxy,120,causal_kalman_observer,24,4.147521707437752,189.0176605328697,0.9104477611940298
noisy_current_proxy,120,causal_kalman_observer,25,4.349231333802946,348.31164914455223,0.7611940298507462
noisy_current_proxy,120,causal_kalman_observer,26,4.280281799638179,293.8861128898002,0.8507462686567164
noisy_current_proxy,120,causal_kalman_observer,27,4.120846010331566,167.95676063431316,0.9701492537313433
noisy_current_proxy,120,causal_kalman_observer,28,4.047629330938391,110.15680525158379,0.9850746268656716
noisy_current_proxy,120,causal_kalman_observer,29,4.615042607466431,558.1723317372853,0.6716417910447762
noisy_current_proxy,120,causal_kalman_observer,30,4.794314638904854,699.7161302498341,0.5970149253731343
noisy_current_proxy,120,causal_kalman_observer,31,4.886462374193353,772.4896618761629,0.4626865671641791
noisy_current_proxy,120,causal_kalman_observer,32,4.288682260364988,300.47727988716156,0.835820895522388
noisy_current_proxy,120,causal_kalman_observer,33,4.143682740007348,185.99472073614982,0.9552238805970149
noisy_current_proxy,120,causal_kalman_observer,34,4.630070305132501,570.038991443128,0.7313432835820896
noisy_current_proxy,120,causal_kalman_observer,35,4.3316551467278925,334.42432173889586,0.8059701492537313
noisy_current_proxy,120,causal_kalman_observer,36,4.183622186808137,217.53574488565783,1.0
noisy_current_proxy,120,causal_kalman_observer,37,4.2373435647299855,259.94026818603714,0.8955223880597015
noisy_current_proxy,120,causal_kalman_observer,38,4.178687280393908,213.6446630492095,0.9552238805970149
noisy_current_proxy,120,causal_kalman_observer,39,4.322729451940312,327.3774950793701,0.8208955223880597
noisy_current_proxy,120,causal_kalman_observer,40,4.365539786463286,361.1640733199452,0.7761194029850746
noisy_current_proxy,120,causal_kalman_observer,41,4.133479557469689,177.93078112052095,0.9850746268656716
noisy_current_proxy,120,causal_kalman_observer,42,4.641394255252089,578.9767167901631,0.6268656716417911
noisy_current_proxy,120,causal_kalman_observer,43,4.280858168937675,294.3537670386767,0.8805970149253731
noisy_current_proxy,120,causal_kalman_observer,44,4.099164930103583,150.84216292744227,1.0
noisy_current_proxy,120,causal_kalman_observer,45,4.685015517565283,613.4357514588661,0.5970149253731343
noisy_current_proxy,120,causal_kalman_observer,46,4.470456442950466,444.02405168146464,0.746268656716418
noisy_current_proxy,120,causal_kalman_observer,47,4.67834803143869,608.1504969531411,0.6567164179104478
noisy_current_proxy,120,causal_kalman_observer,48,4.420370012675592,404.4665795972917,0.7611940298507462
noisy_current_proxy,120,causal_kalman_observer,49,4.699313602896454,624.7223942219799,0.6119402985074627
noisy_current_proxy,120,causal_kalman_observer,50,4.052684696520679,114.13566534394704,1.0
noisy_current_proxy,120,causal_kalman_observer,51,3.9841668642768284,60.03749309713074,1.0
noisy_current_proxy,120,causal_kalman_observer,52,4.273948799361148,288.8425408135171,0.8507462686567164
noisy_current_proxy,120,causal_kalman_observer,53,4.1856282720893585,219.10668177998255,0.8955223880597015
noisy_current_proxy,120,causal_kalman_observer,54,4.864067190691278,754.8169462352009,0.4626865671641791
noisy_current_proxy,120,causal_kalman_observer,55,4.135265737641064,179.34035314052736,0.9104477611940298
noisy_current_proxy,120,causal_kalman_observer,56,4.494443622494258,462.953520765516,0.6417910447761194
noisy_current_proxy,120,causal_kalman_observer,57,4.0470401559389675,109.68262761847144,1.0
noisy_current_proxy,120,causal_kalman_observer,58,4.245167554504858,266.12099882247287,0.9402985074626866
noisy_current_proxy,120,causal_kalman_observer,59,4.588670490758738,537.347216699704,0.6716417910447762
noisy_current_proxy,120,causal_kalman_observer,60,4.258760488326347,276.85212876518926,0.8805970149253731
noisy_current_proxy,120,causal_kalman_observer,61,4.289160827982499,300.8542129866999,0.8805970149253731
noisy_current_proxy,120,causal_kalman_observer,62,4.6361509997224495,574.8320308424918,0.6567164179104478
noisy_current_proxy,120,causal_kalman_observer,63,4.856596276863682,748.9413989313399,0.7014925373134329
noisy_current_proxy,120,causal_kalman_observer,64,4.225439351173643,250.54150028606813,0.8656716417910447
noisy_current_proxy,120,causal_kalman_observer,65,4.678355970284699,608.1574602620474,0.6716417910447762
noisy_current_proxy,120,causal_kalman_observer,66,4.426590465611887,409.3702068065376,0.8208955223880597
noisy_current_proxy,120,causal_kalman_observer,67,4.109882367007679,159.32044827937935,0.9253731343283582
noisy_current_proxy,120,causal_kalman_observer,68,4.365590135113162,361.2375030280198,0.7910447761194029
noisy_current_proxy,120,causal_kalman_observer,69,4.100552455380807,151.93351356838008,0.9104477611940298
noisy_current_proxy,120,causal_kalman_observer,70,4.524927688198536,487.03118421874143,0.6567164179104478
noisy_current_proxy,120,causal_kalman_observer,71,4.106176140333031,156.37630729026125,0.9402985074626866
noisy_current_proxy,120,causal_kalman_observer,72,5.075180087488394,921.4916922215842,0.373134328358209
noisy_current_proxy,120,causal_kalman_observer,73,5.09601898670997,937.945128821769,0.47761194029850745
noisy_current_proxy,120,causal_kalman_observer,74,4.388550147058398,379.3306034571666,0.7313432835820896
noisy_current_proxy,120,causal_kalman_observer,75,4.233547293588309,256.9463007664946,0.8805970149253731
noisy_current_proxy,120,causal_kalman_observer,76,4.176574560703297,211.9597868705455,0.9253731343283582
noisy_current_proxy,120,causal_kalman_observer,77,4.146197502007044,187.97929854115546,0.9402985074626866
noisy_current_proxy,120,causal_kalman_observer,78,4.125201981572221,171.39449288343823,0.9552238805970149
noisy_current_proxy,120,causal_kalman_observer,79,4.848689861353937,742.6575507594904,0.6865671641791045
noisy_current_proxy,120,causal_kalman_observer,80,4.476173583031038,448.5212903952305,0.7910447761194029
noisy_current_proxy,120,causal_kalman_observer,81,4.046422011758227,109.19102653594659,1.0
noisy_current_proxy,120,causal_kalman_observer,82,4.297635197473114,307.55002504188786,0.8656716417910447
noisy_current_proxy,120,causal_kalman_observer,83,4.802104037743523,705.8743100296465,0.6865671641791045
noisy_current_proxy,120,causal_kalman_observer,84,4.143093295722275,185.5265378734677,0.9552238805970149
noisy_current_proxy,120,causal_kalman_observer,85,4.804903063420892,708.1129748864672,0.6716417910447762
noisy_current_proxy,120,causal_kalman_observer,86,4.140783971552431,183.70137734408868,0.9850746268656716
noisy_current_proxy,120,causal_kalman_observer,87,4.62196386085317,563.6336810500816,0.7164179104477612
noisy_current_proxy,120,causal_kalman_observer,88,4.213113599423575,240.80799413819275,0.9104477611940298
noisy_current_proxy,120,causal_kalman_observer,89,4.5743352766773695,526.0250120666353,0.7164179104477612
noisy_current_proxy,120,causal_kalman_observer,90,4.206349125337944,235.4668907636474,0.9253731343283582
noisy_current_proxy,120,causal_kalman_observer,91,5.08202157345311,926.9134885389393,0.5373134328358209
noisy_current_proxy,120,causal_kalman_observer,92,4.333708862510472,336.0319078876646,0.8507462686567164
noisy_current_proxy,120,causal_kalman_observer,93,4.1821542336387845,216.36875238356743,0.9402985074626866
noisy_current_proxy,120,causal_kalman_observer,94,4.124347659835443,170.7198672154618,0.9402985074626866
noisy_current_proxy,120,causal_kalman_observer,95,4.142151107390366,184.79691763336245,0.9402985074626866
noisy_current_proxy,120,causal_kalman_observer,96,4.475940695244563,448.342063227287,0.6865671641791045
noisy_current_proxy,120,causal_kalman_observer,97,4.230720501841937,254.71451483085488,0.8955223880597015
noisy_current_proxy,120,causal_kalman_observer,98,4.260622692089549,278.35486269609254,0.8059701492537313
noisy_current_proxy,120,causal_kalman_observer,99,4.523383630980288,485.83218219158556,0.6417910447761194
noisy_current_proxy,120,causal_kalman_observer,100,4.042833851262762,106.35785709855553,1.0
noisy_current_proxy,120,causal_kalman_observer,101,4.351533048281087,350.10338845966476,0.7910447761194029
noisy_current_proxy,120,causal_kalman_observer,102,4.516918640876166,480.70327473839603,0.7611940298507462
noisy_current_proxy,120,causal_kalman_observer,103,4.5010914471339465,468.2121429936885,0.6417910447761194
noisy_current_proxy,120,causal_kalman_observer,104,4.26814863684485,284.2701587367691,0.8656716417910447
noisy_current_proxy,120,causal_kalman_observer,105,4.139993256041682,183.10501250808838,0.9253731343283582
noisy_current_proxy,120,causal_kalman_observer,106,4.4682218072155315,442.2620305310554,0.7014925373134329
noisy_current_proxy,120,causal_kalman_observer,107,4.310306178786186,317.555503051066,0.8059701492537313
noisy_current_proxy,120,causal_kalman_observer,108,4.561609308128327,516.0129913515652,0.7313432835820896
noisy_current_proxy,120,causal_kalman_observer,109,4.343607413057867,343.8448226284726,0.8656716417910447
noisy_current_proxy,120,causal_kalman_observer,110,4.275842614691186,290.34428878065677,0.9104477611940298
noisy_current_proxy,120,causal_kalman_observer,111,5.019199528558595,877.3176425261065,0.5671641791044776
noisy_current_proxy,120,causal_kalman_observer,112,4.401616328948167,389.64749466707207,0.8208955223880597
noisy_current_proxy,120,causal_kalman_observer,113,4.208494058608718,237.17039945659727,0.9253731343283582
noisy_current_proxy,120,causal_kalman_observer,114,4.682657170665315,611.5600723383614,0.5970149253731343
noisy_current_proxy,120,causal_kalman_observer,115,5.24898739432057,1058.744433191814,0.40298507462686567
noisy_current_proxy,120,causal_kalman_observer,116,4.422755559042922,406.3681031724546,0.8208955223880597
noisy_current_proxy,120,causal_kalman_observer,117,4.031112277225312,97.10815517189494,1.0
noisy_current_proxy,120,causal_kalman_observer,118,4.986384477906615,851.3822047603301,0.4925373134328358
noisy_current_proxy,120,causal_kalman_observer,119,5.878585998977144,1555.9027543374139,0.3880597014925373
noisy_current_proxy,120,causal_kalman_observer,120,4.137237525614844,180.90258541372228,0.9552238805970149
noisy_current_proxy,120,causal_kalman_observer,121,4.0670227411133135,125.47536623409351,0.9850746268656716
noisy_current_proxy,120,causal_kalman_observer,122,4.200359091417908,230.74575508254532,0.9701492537313433
noisy_current_proxy,120,causal_kalman_observer,123,4.630678407639608,570.5215383490195,0.7014925373134329
noisy_current_proxy,120,causal_kalman_observer,124,4.155020459713792,194.93904636489157,0.9552238805970149
noisy_current_proxy,120,causal_kalman_observer,125,4.282699062919101,295.79214043254416,0.835820895522388
noisy_current_proxy,120,causal_kalman_observer,126,4.285614496796981,298.05840463583417,0.8507462686567164
noisy_current_proxy,120,causal_kalman_observer,127,4.686209451837716,614.3586913728209,0.5671641791044776
noisy_current_proxy,120,memory_limited_ridge,0,4.304319307798181,278.8740063898937,0.9701492537313433
noisy_current_proxy,120,memory_limited_ridge,1,5.2464257340578335,1217.58199674384,0.47761194029850745
noisy_current_proxy,120,memory_limited_ridge,2,4.295221824349727,269.8093400558763,0.9552238805970149
noisy_current_proxy,120,memory_limited_ridge,3,4.188990632575166,163.96135328488097,1.0
noisy_current_proxy,120,memory_limited_ridge,4,4.654409365094081,627.70119296569,0.6567164179104478
noisy_current_proxy,120,memory_limited_ridge,5,4.319185850137275,293.68692103908955,0.8656716417910447
noisy_current_proxy,120,memory_limited_ridge,6,4.348157391143921,322.5539537625338,0.8955223880597015
noisy_current_proxy,120,memory_limited_ridge,7,4.3342997160296735,308.7462670777938,0.8507462686567164
noisy_current_proxy,120,memory_limited_ridge,8,4.265250137614928,239.94576940384232,0.9253731343283582
noisy_current_proxy,120,memory_limited_ridge,9,4.1059531862087,81.22344572993718,1.0
noisy_current_proxy,120,memory_limited_ridge,10,4.67654855263111,649.7605183897427,0.7761194029850746
noisy_current_proxy,120,memory_limited_ridge,11,4.269461469514103,244.14190987544836,0.9701492537313433
noisy_current_proxy,120,memory_limited_ridge,12,4.713430210710813,686.509134227522,0.6268656716417911
noisy_current_proxy,120,memory_limited_ridge,13,4.9490097060939755,921.2388298498054,0.4925373134328358
noisy_current_proxy,120,memory_limited_ridge,14,4.175838458146941,150.8566223519654,1.0
noisy_current_proxy,120,memory_limited_ridge,15,4.445936574058522,419.9804203843842,0.8507462686567164
noisy_current_proxy,120,memory_limited_ridge,16,4.699427041716524,672.5564784990146,0.7164179104477612
noisy_current_proxy,120,memory_limited_ridge,17,4.34711614024677,321.5164589425496,0.8955223880597015
noisy_current_proxy,120,memory_limited_ridge,18,4.402735771930935,376.9354553820031,0.7761194029850746
noisy_current_proxy,120,memory_limited_ridge,19,4.344404256700524,318.81435790299156,0.9253731343283582
noisy_current_proxy,120,memory_limited_ridge,20,4.158004911977618,133.08740666796476,1.0
noisy_current_proxy,120,memory_limited_ridge,21,5.0042119570928305,976.2419512103924,0.44776119402985076
noisy_current_proxy,120,memory_limited_ridge,22,4.205742977010185,180.6532674253534,1.0
noisy_current_proxy,120,memory_limited_ridge,23,4.191014200120415,165.97762126777513,1.0
noisy_current_proxy,120,memory_limited_ridge,24,4.179456919651212,154.46203107455725,0.9701492537313433
noisy_current_proxy,120,memory_limited_ridge,25,4.396720219545104,370.94160274118065,0.8208955223880597
noisy_current_proxy,120,memory_limited_ridge,26,4.332281664638636,306.73549535083214,0.8805970149253731
noisy_current_proxy,120,memory_limited_ridge,27,4.197986217560059,172.92448873100153,0.9850746268656716
noisy_current_proxy,120,memory_limited_ridge,28,4.125079448535024,100.2807143897069,0.9850746268656716
noisy_current_proxy,120,memory_limited_ridge,29,4.618816146163914,592.2363685245516,0.7313432835820896
noisy_current_proxy,120,memory_limited_ridge,30,4.68260991321592,655.8000139868244,0.6865671641791045
noisy_current_proxy,120,memory_limited_ridge,31,4.879732857880049,852.2118822010829,0.5970149253731343
noisy_current_proxy,120,memory_limited_ridge,32,4.31881473214621,293.3171417722594,0.9253731343283582
noisy_current_proxy,120,memory_limited_ridge,33,4.197356601979447,172.2971443462303,0.9701492537313433
noisy_current_proxy,120,memory_limited_ridge,34,4.641138372454942,614.4780724316881,0.7313432835820896
noisy_current_proxy,120,memory_limited_ridge,35,4.361127107106715,335.47688440767587,0.8507462686567164
noisy_current_proxy,120,memory_limited_ridge,36,4.251152980636051,225.89946473114898,1.0
noisy_current_proxy,120,memory_limited_ridge,37,4.30837174099767,282.9118213529415,0.9552238805970149
noisy_current_proxy,120,memory_limited_ridge,38,4.217288662538982,192.15730450428995,0.9850746268656716
noisy_current_proxy,120,memory_limited_ridge,39,4.3263687835188005,300.8439436126303,0.8656716417910447
noisy_current_proxy,120,memory_limited_ridge,40,4.356615759370923,330.98181033874516,0.9104477611940298
noisy_current_proxy,120,memory_limited_ridge,41,4.2393488242601,214.1378891801933,0.9552238805970149
noisy_current_proxy,120,memory_limited_ridge,42,4.727837195689231,700.8641492653065,0.6268656716417911
noisy_current_proxy,120,memory_limited_ridge,43,4.346198451996343,320.60208104497957,0.9104477611940298
noisy_current_proxy,120,memory_limited_ridge,44,4.22311736151328,197.96497776501155,0.9850746268656716
noisy_current_proxy,120,memory_limited_ridge,45,4.723178185190365,696.2219450933292,0.6567164179104478
noisy_current_proxy,120,memory_limited_ridge,46,4.550868943884963,524.5342704137516,0.746268656716418
noisy_current_proxy,120,memory_limited_ridge,47,4.594272822110012,567.7815789624923,0.7761194029850746
noisy_current_proxy,120,memory_limited_ridge,48,4.414790392758859,388.94659189105454,0.8805970149253731
noisy_current_proxy,120,memory_limited_ridge,49,4.62861092866869,601.9958185662175,0.7164179104477612
noisy_current_proxy,120,memory_limited_ridge,50,4.166375092146794,141.4273933048263,1.0
noisy_current_proxy,120,memory_limited_ridge,51,4.098928944386445,74.22454227174946,1.0
noisy_current_proxy,120,memory_limited_ridge,52,4.313660698559756,288.1817001965507,0.8955223880597015
noisy_current_proxy,120,memory_limited_ridge,53,4.25982099511952,234.5362113123606,0.9253731343283582
noisy_current_proxy,120,memory_limited_ridge,54,4.776522373329311,749.3737061356343,0.5522388059701493
noisy_current_proxy,120,memory_limited_ridge,55,4.2676316389262015,242.31867998763448,0.9253731343283582
noisy_current_proxy,120,memory_limited_ridge,56,4.535141626126037,508.86368539741477,0.7611940298507462
noisy_current_proxy,120,memory_limited_ridge,57,4.139995326190366,115.14278638915336,1.0
noisy_current_proxy,120,memory_limited_ridge,58,4.382597320866439,356.8696492260592,0.8955223880597015
noisy_current_proxy,120,memory_limited_ridge,59,4.546728586247543,520.4088481803002,0.7761194029850746
noisy_current_proxy,120,memory_limited_ridge,60,4.284956739960152,259.5812846371197,0.9552238805970149
noisy_current_proxy,120,memory_limited_ridge,61,4.358270909482117,332.63098987017173,0.8955223880597015
noisy_current_proxy,120,memory_limited_ridge,62,4.586331949745209,559.8693514991738,0.7164179104477612
noisy_current_proxy,120,memory_limited_ridge,63,4.764057764340142,736.9540604049229,0.7014925373134329
noisy_current_proxy,120,memory_limited_ridge,64,4.302202763975334,276.76509752029824,0.9253731343283582
noisy_current_proxy,120,memory_limited_ridge,65,4.701961003616323,675.0812997042339,0.7164179104477612
noisy_current_proxy,120,memory_limited_ridge,66,4.477432677564865,451.36290881915676,0.8656716417910447
noisy_current_proxy,120,memory_limited_ridge,67,4.201036515676956,175.9637835871688,0.9701492537313433
noisy_current_proxy,120,memory_limited_ridge,68,4.390599400004379,364.8428626729213,0.835820895522388
noisy_current_proxy,120,memory_limited_ridge,69,4.175377417506837,150.39724481172095,0.9850746268656716
noisy_current_proxy,120,memory_limited_ridge,70,4.518476845052621,492.25901875351764,0.6865671641791045
noisy_current_proxy,120,memory_limited_ridge,71,4.241324848968048,216.10678582582338,0.9402985074626866
noisy_current_proxy,120,memory_limited_ridge,72,4.936333797276222,908.6086465068637,0.4925373134328358
noisy_current_proxy,120,memory_limited_ridge,73,4.935425840794779,907.7039652731211,0.5671641791044776
noisy_current_proxy,120,memory_limited_ridge,74,4.322926340006639,297.4139179370392,0.8805970149253731
noisy_current_proxy,120,memory_limited_ridge,75,4.259664127279783,234.37990933788575,0.9701492537313433
noisy_current_proxy,120,memory_limited_ridge,76,4.274980468934431,249.64100075331083,0.9104477611940298
noisy_current_proxy,120,memory_limited_ridge,77,4.230338508971758,205.16007656686133,0.9402985074626866
noisy_current_proxy,120,memory_limited_ridge,78,4.21043512881234,185.3284933508602,0.9402985074626866
noisy_current_proxy,120,memory_limited_ridge,79,4.793738252601733,766.5274830163972,0.7761194029850746
noisy_current_proxy,120,memory_limited_ridge,80,4.494818278538419,468.6857951683928,0.835820895522388
noisy_current_proxy,120,memory_limited_ridge,81,4.174241472089904,149.2653970610224,1.0
noisy_current_proxy,120,memory_limited_ridge,82,4.397904083018382,372.1211956946705,0.8656716417910447
noisy_current_proxy,120,memory_limited_ridge,83,4.797909475136866,770.6836588094228,0.7313432835820896
noisy_current_proxy,120,memory_limited_ridge,84,4.210287419322744,185.1813166898474,0.9701492537313433
noisy_current_proxy,120,memory_limited_ridge,85,4.76888096143992,741.7598589117754,0.7611940298507462
noisy_current_proxy,120,memory_limited_ridge,86,4.21605232748101,190.9254292454816,0.9850746268656716
noisy_current_proxy,120,memory_limited_ridge,87,4.583626024892075,557.1731876580891,0.746268656716418
noisy_current_proxy,120,memory_limited_ridge,88,4.294270946532878,268.8618923157426,0.9402985074626866
noisy_current_proxy,120,memory_limited_ridge,89,4.523042647549203,496.8083511500018,0.7761194029850746
noisy_current_proxy,120,memory_limited_ridge,90,4.261451195015483,236.16053063081546,0.9253731343283582
noisy_current_proxy,120,memory_limited_ridge,91,4.883885812462427,856.3498559388613,0.5223880597014925
noisy_current_proxy,120,memory_limited_ridge,92,4.387886419271187,362.1396684042709,0.8955223880597015
noisy_current_proxy,120,memory_limited_ridge,93,4.22474860276101,199.59033467879212,0.9402985074626866
noisy_current_proxy,120,memory_limited_ridge,94,4.208802181963955,183.7014369889932,0.9701492537313433
noisy_current_proxy,120,memory_limited_ridge,95,4.187035495362622,162.0132687877387,1.0
noisy_current_proxy,120,memory_limited_ridge,96,4.556363594177668,530.0090999979644,0.7313432835820896
noisy_current_proxy,120,memory_limited_ridge,97,4.301635975172796,276.20035328020504,0.9701492537313433
noisy_current_proxy,120,memory_limited_ridge,98,4.323904642819887,298.3886917441021,0.8208955223880597
noisy_current_proxy,120,memory_limited_ridge,99,4.539117949356398,512.8256649408405,0.7313432835820896
noisy_current_proxy,120,memory_limited_ridge,100,4.15328185644768,128.3813884928851,1.0
noisy_current_proxy,120,memory_limited_ridge,101,4.367321557371729,341.6489895940348,0.8208955223880597
noisy_current_proxy,120,memory_limited_ridge,102,4.571020878609185,544.6135115901671,0.7761194029850746
noisy_current_proxy,120,memory_limited_ridge,103,4.508947537811093,482.76408633311786,0.7164179104477612
noisy_current_proxy,120,memory_limited_ridge,104,4.300549228974119,275.1175272727073,0.8955223880597015
noisy_current_proxy,120,memory_limited_ridge,105,4.198932689927596,173.86754691348696,0.9253731343283582
noisy_current_proxy,120,memory_limited_ridge,106,4.419902187481402,394.03994697000394,0.8507462686567164
noisy_current_proxy,120,memory_limited_ridge,107,4.367041129612408,341.36957341444514,0.835820895522388
noisy_current_proxy,120,memory_limited_ridge,108,4.51356464871248,487.3645420509374,0.7761194029850746
noisy_current_proxy,120,memory_limited_ridge,109,4.362758779010362,337.10267042388165,0.9104477611940298
noisy_current_proxy,120,memory_limited_ridge,110,4.387154581308145,361.4104703812003,0.8955223880597015
noisy_current_proxy,120,memory_limited_ridge,111,4.872369829240825,844.8754140227632,0.582089552238806
noisy_current_proxy,120,memory_limited_ridge,112,4.358759343701148,333.1176621732014,0.8955223880597015
noisy_current_proxy,120,memory_limited_ridge,113,4.274872363747382,249.53328553127918,0.9104477611940298
noisy_current_proxy,120,memory_limited_ridge,114,4.6004516119375,573.9380802028134,0.7014925373134329
noisy_current_proxy,120,memory_limited_ridge,115,5.118553477253116,1090.1710101913518,0.3880597014925373
noisy_current_proxy,120,memory_limited_ridge,116,4.402465667994779,376.66632578472036,0.8208955223880597
noisy_current_proxy,120,memory_limited_ridge,117,4.173867364342607,148.89263882283007,1.0
noisy_current_proxy,120,memory_limited_ridge,118,4.9707566074504035,942.9072841769507,0.582089552238806
noisy_current_proxy,120,memory_limited_ridge,119,5.6632940973110735,1632.9466016379952,0.40298507462686567
noisy_current_proxy,120,memory_limited_ridge,120,4.232313082915557,207.1275276816443,0.9552238805970149
noisy_current_proxy,120,memory_limited_ridge,121,4.1677934518245126,142.8406365707255,1.0
noisy_current_proxy,120,memory_limited_ridge,122,4.261465732981981,236.1750161548883,0.9850746268656716
noisy_current_proxy,120,memory_limited_ridge,123,4.599244117475925,572.7349415044712,0.7611940298507462
noisy_current_proxy,120,memory_limited_ridge,124,4.236366173178035,211.16599733747634,0.9552238805970149
noisy_current_proxy,120,memory_limited_ridge,125,4.348548028068182,322.9431815524194,0.8507462686567164
noisy_current_proxy,120,memory_limited_ridge,126,4.32254328940086,297.03224909970777,0.9104477611940298
noisy_current_proxy,120,memory_limited_ridge,127,4.7006926580533115,673.8175294110449,0.6567164179104478
noisy_current_proxy,240,hidden_state_oracle,0,4.617790814692207,492.9151674440509,0.9302325581395349
noisy_current_proxy,240,hidden_state_oracle,1,5.2510253013150185,1751.977227661051,0.7209302325581395
noisy_current_proxy,240,hidden_state_oracle,2,4.97417656944827,1201.5180500953784,0.8837209302325582
noisy_current_proxy,240,hidden_state_oracle,3,4.414777902634451,89.2639754988675,1.0
noisy_current_proxy,240,hidden_state_oracle,4,5.037204923269384,1326.8375181447643,0.5813953488372093
noisy_current_proxy,240,hidden_state_oracle,5,4.845472556475403,945.6154687371757,0.813953488372093
noisy_current_proxy,240,hidden_state_oracle,6,4.832572072647088,919.9653974132054,0.8604651162790697
noisy_current_proxy,240,hidden_state_oracle,7,4.540809500479514,339.85298571139543,1.0
noisy_current_proxy,240,hidden_state_oracle,8,4.825498999567535,905.9019846463132,0.9069767441860465
noisy_current_proxy,240,hidden_state_oracle,9,4.399226490086775,58.343054520632556,1.0
noisy_current_proxy,240,hidden_state_oracle,10,5.4910727097352305,2229.2642216262593,0.4186046511627907
noisy_current_proxy,240,hidden_state_oracle,11,4.5830023051053415,423.7450677769923,0.9767441860465116
noisy_current_proxy,240,hidden_state_oracle,12,5.769992457557516,2783.84120652998,0.20930232558139536
noisy_current_proxy,240,hidden_state_oracle,13,6.208461206351948,3655.649956464219,0.18604651162790697
noisy_current_proxy,240,hidden_state_oracle,14,4.50740482381818,273.4343652688953,1.0
noisy_current_proxy,240,hidden_state_oracle,15,4.656209627569647,569.3034102110205,0.8604651162790697
noisy_current_proxy,240,hidden_state_oracle,16,4.641312373722102,539.6831549705063,1.0
noisy_current_proxy,240,hidden_state_oracle,17,4.474392957125979,207.79677008553404,1.0
noisy_current_proxy,240,hidden_state_oracle,18,4.890618380138871,1035.379047557825,0.7674418604651163
noisy_current_proxy,240,hidden_state_oracle,19,4.704756353732733,665.829013839577,1.0
noisy_current_proxy,240,hidden_state_oracle,20,4.402303316228228,64.46071731762919,1.0
noisy_current_proxy,240,hidden_state_oracle,21,5.7966427378566525,2836.8300400942157,0.09302325581395349
noisy_current_proxy,240,hidden_state_oracle,22,4.506355123792766,271.3472435082692,1.0
noisy_current_proxy,240,hidden_state_oracle,23,4.434307432836683,128.09459993727197,1.0
noisy_current_proxy,240,hidden_state_oracle,24,4.484216963927842,227.32987275892913,1.0
noisy_current_proxy,240,hidden_state_oracle,25,4.453594035266539,166.44221034526873,1.0
noisy_current_proxy,240,hidden_state_oracle,26,4.7069157966650215,670.1226408050759,0.8372093023255814
noisy_current_proxy,240,hidden_state_oracle,27,4.577406711121487,412.61933120028647,1.0
noisy_current_proxy,240,hidden_state_oracle,28,4.437623833900072,134.68861028191307,1.0
noisy_current_proxy,240,hidden_state_oracle,29,4.735206618622965,726.3733683508361,0.7674418604651163
noisy_current_proxy,240,hidden_state_oracle,30,5.609908532661477,2465.5458506308114,0.18604651162790697
noisy_current_proxy,240,hidden_state_oracle,31,6.200633708214276,3640.0865180543483,0.09302325581395349
noisy_current_proxy,240,hidden_state_oracle,32,4.96529512368188,1183.8590444022846,0.8372093023255814
noisy_current_proxy,240,hidden_state_oracle,33,4.5936890709227844,444.9935968312531,1.0
noisy_current_proxy,240,hidden_state_oracle,34,4.905094021915655,1064.1610102327322,0.6744186046511628
noisy_current_proxy,240,hidden_state_oracle,35,4.6307255221040515,518.6332856234877,1.0
noisy_current_proxy,240,hidden_state_oracle,36,4.653158902703453,563.2376446591904,1.0
noisy_current_proxy,240,hidden_state_oracle,37,4.857694337397164,969.9160730029744,0.7674418604651163
noisy_current_proxy,240,hidden_state_oracle,38,4.526269191271853,310.9424445865304,1.0
noisy_current_proxy,240,hidden_state_oracle,39,4.68723253718479,630.9863559745755,0.813953488372093
noisy_current_proxy,240,hidden_state_oracle,40,5.0404620399185625,1333.3136531079008,0.6744186046511628
noisy_current_proxy,240,hidden_state_oracle,41,4.627527740453368,512.2751266187414,0.9767441860465116
noisy_current_proxy,240,hidden_state_oracle,42,5.843773847708542,2930.5409694956015,0.2558139534883721
noisy_current_proxy,240,hidden_state_oracle,43,4.6043736895423955,466.2378566055231,1.0
noisy_current_proxy,240,hidden_state_oracle,44,4.508268657920221,275.1519292474512,1.0
noisy_current_proxy,240,hidden_state_oracle,45,5.701177394656468,2647.016007175721,0.3953488372093023
noisy_current_proxy,240,hidden_state_oracle,46,4.928880905685778,1111.45654374904,0.6976744186046512
noisy_current_proxy,240,hidden_state_oracle,47,5.729531607333829,2703.392774682154,0.20930232558139536
noisy_current_proxy,240,hidden_state_oracle,48,4.6705600874944775,597.8364734280594,1.0
noisy_current_proxy,240,hidden_state_oracle,49,4.719551850989606,695.2469461406457,0.9069767441860465
noisy_current_proxy,240,hidden_state_oracle,50,4.582375316477134,422.4984243761045,1.0
noisy_current_proxy,240,hidden_state_oracle,51,4.411866634518431,83.47549222856105,1.0
noisy_current_proxy,240,hidden_state_oracle,52,4.739592917693814,735.0946601653847,0.9302325581395349
noisy_current_proxy,240,hidden_state_oracle,53,4.6764309898577325,609.5096064948241,0.9069767441860465
noisy_current_proxy,240,hidden_state_oracle,54,5.235563195146427,1721.2338748285977,0.5348837209302325
noisy_current_proxy,240,hidden_state_oracle,55,4.443707930673679,146.78563844472188,1.0
noisy_current_proxy,240,hidden_state_oracle,56,5.041860273464745,1336.0937651304025,0.5813953488372093
noisy_current_proxy,240,hidden_state_oracle,57,4.423612457435577,106.82974774278291,1.0
noisy_current_proxy,240,hidden_state_oracle,58,4.690060491042471,636.6091852510422,0.8372093023255814
noisy_current_proxy,240,hidden_state_oracle,59,4.82318034826372,901.2918031903446,0.7906976744186046
noisy_current_proxy,240,hidden_state_oracle,60,4.49876010451922,256.24604353266847,1.0
noisy_current_proxy,240,hidden_state_oracle,61,4.873424767317065,1001.1929347681566,0.7441860465116279
noisy_current_proxy,240,hidden_state_oracle,62,5.7532994811141025,2750.650510577696,0.27906976744186046
noisy_current_proxy,240,hidden_state_oracle,63,5.1117611322499545,1475.077855751269,0.627906976744186
noisy_current_proxy,240,hidden_state_oracle,64,4.824794075470253,904.5003819146687,0.9069767441860465
noisy_current_proxy,240,hidden_state_oracle,65,5.69835494776333,2641.4041274136453,0.3953488372093023
noisy_current_proxy,240,hidden_state_oracle,66,4.776831066656967,809.1353852722295,0.8372093023255814
noisy_current_proxy,240,hidden_state_oracle,67,4.451114682879181,161.51250643498585,1.0
noisy_current_proxy,240,hidden_state_oracle,68,4.857873777537409,970.2728543808552,0.7441860465116279
noisy_current_proxy,240,hidden_state_oracle,69,4.4400332254328925,139.47921081183785,1.0
noisy_current_proxy,240,hidden_state_oracle,70,5.0391729406510315,1330.7505331043533,0.5581395348837209
noisy_current_proxy,240,hidden_state_oracle,71,4.5574873569572905,373.01361858990583,1.0
noisy_current_proxy,240,hidden_state_oracle,72,5.745140828081445,2734.428635880567,0.4418604651162791
noisy_current_proxy,240,hidden_state_oracle,73,5.304723965394742,1858.7464451553424,0.5813953488372093
noisy_current_proxy,240,hidden_state_oracle,74,4.959696895839076,1172.7280709158006,0.6744186046511628
noisy_current_proxy,240,hidden_state_oracle,75,4.763902413072515,783.4293039362525,0.8604651162790697
noisy_current_proxy,240,hidden_state_oracle,76,4.611337914750352,480.08484681748934,0.9302325581395349
noisy_current_proxy,240,hidden_state_oracle,77,4.543253929512406,344.71325140952524,1.0
noisy_current_proxy,240,hidden_state_oracle,78,4.571002868599362,399.8865515909341,1.0
noisy_current_proxy,240,hidden_state_oracle,79,5.038885376822909,1330.1787690682365,0.5581395348837209
noisy_current_proxy,240,hidden_state_oracle,80,4.750257024956533,756.2981371462153,0.9302325581395349
noisy_current_proxy,240,hidden_state_oracle,81,4.4969396910309944,252.62650984435692,1.0
noisy_current_proxy,240,hidden_state_oracle,82,4.7524358512057185,760.6303040197905,0.7674418604651163
noisy_current_proxy,240,hidden_state_oracle,83,5.013831459504628,1280.36398888547,0.5348837209302325
noisy_current_proxy,240,hidden_state_oracle,84,4.493332593258648,245.45450634708305,1.0
noisy_current_proxy,240,hidden_state_oracle,85,5.456866084164004,2161.251083721412,0.5813953488372093
noisy_current_proxy,240,hidden_state_oracle,86,4.409785479986636,79.33752632842985,1.0
noisy_current_proxy,240,hidden_state_oracle,87,5.554811753772316,2355.9967571986567,0.23255813953488372
noisy_current_proxy,240,hidden_state_oracle,88,4.472268451075315,203.57260822827536,1.0
noisy_current_proxy,240,hidden_state_oracle,89,4.801686175051151,858.5548730651282,0.7674418604651163
noisy_current_proxy,240,hidden_state_oracle,90,4.602514682129023,462.54158649818436,0.9767441860465116
noisy_current_proxy,240,hidden_state_oracle,91,6.134626974142908,3508.8451274735576,0.3953488372093023
noisy_current_proxy,240,hidden_state_oracle,92,4.519616302673939,297.7144859054469,0.9534883720930233
noisy_current_proxy,240,hidden_state_oracle,93,4.449454980828623,158.2125157881283,1.0
noisy_current_proxy,240,hidden_state_oracle,94,4.649636338669193,556.2337198510602,0.9534883720930233
noisy_current_proxy,240,hidden_state_oracle,95,4.484740507564181,228.37083616712863,1.0
noisy_current_proxy,240,hidden_state_oracle,96,4.96601807330852,1185.2964873489018,0.7209302325581395
noisy_current_proxy,240,hidden_state_oracle,97,4.793313865433728,841.9081843291643,0.9069767441860465
noisy_current_proxy,240,hidden_state_oracle,98,4.508824195224526,276.25650576319873,1.0
noisy_current_proxy,240,hidden_state_oracle,99,5.092118248499511,1436.0218501073928,0.6976744186046512
noisy_current_proxy,240,hidden_state_oracle,100,4.598491084004855,454.5414540816444,1.0
noisy_current_proxy,240,hidden_state_oracle,101,4.87302433499012,1000.3967539517427,0.7209302325581395
noisy_current_proxy,240,hidden_state_oracle,102,4.892059944681376,1038.2453147324106,0.6976744186046512
noisy_current_proxy,240,hidden_state_oracle,103,4.959944926733173,1173.2212314986778,0.7209302325581395
noisy_current_proxy,240,hidden_state_oracle,104,4.54881985185973,355.7799917808611,1.0
noisy_current_proxy,240,hidden_state_oracle,105,4.486472291222189,231.81414689381936,1.0
noisy_current_proxy,240,hidden_state_oracle,106,5.358878353564321,1966.4217802468033,0.4883720930232558
noisy_current_proxy,240,hidden_state_oracle,107,4.433916260852032,127.31683148767051,1.0
noisy_current_proxy,240,hidden_state_oracle,108,4.985402733388111,1223.8390660807977,0.5813953488372093
noisy_current_proxy,240,hidden_state_oracle,109,4.7708102927003075,797.1642620594035,0.8604651162790697
noisy_current_proxy,240,hidden_state_oracle,110,4.6957425545851414,647.9068495151481,0.9302325581395349
noisy_current_proxy,240,hidden_state_oracle,111,5.133748868970252,1518.7961397035717,0.5348837209302325
noisy_current_proxy,240,hidden_state_oracle,112,4.969076652828746,1191.3778703332814,0.7906976744186046
noisy_current_proxy,240,hidden_state_oracle,113,4.5642747716213785,386.5090558584785,0.9302325581395349
noisy_current_proxy,240,hidden_state_oracle,114,5.192296488378526,1635.2065498600407,0.5581395348837209
noisy_current_proxy,240,hidden_state_oracle,115,5.384926000268017,2018.2123955960462,0.4883720930232558
noisy_current_proxy,240,hidden_state_oracle,116,4.982445116338419,1217.958427084374,0.7209302325581395
noisy_current_proxy,240,hidden_state_oracle,117,4.500097160682774,258.9045163787836,1.0
noisy_current_proxy,240,hidden_state_oracle,118,5.76571175115509,2775.329864939964,0.6046511627906976
noisy_current_proxy,240,hidden_state_oracle,119,6.231089536808406,3700.641934895037,0.2558139534883721
noisy_current_proxy,240,hidden_state_oracle,120,4.426257530441654,112.08895446447868,1.0
noisy_current_proxy,240,hidden_state_oracle,121,4.417275550752516,94.230056866295,1.0
noisy_current_proxy,240,hidden_state_oracle,122,4.582614514297176,422.9740221309096,0.9534883720930233
noisy_current_proxy,240,hidden_state_oracle,123,5.598727139720655,2443.313852959229,0.18604651162790697
noisy_current_proxy,240,hidden_state_oracle,124,4.667732767239557,592.2149039458958,0.9069767441860465
noisy_current_proxy,240,hidden_state_oracle,125,4.7413989046078635,738.6855094522797,0.813953488372093
noisy_current_proxy,240,hidden_state_oracle,126,4.5424286992820075,343.0724436266455,1.0
noisy_current_proxy,240,hidden_state_oracle,127,5.378762440930042,2005.957371774259,0.4418604651162791
noisy_current_proxy,240,causal_kalman_observer,0,4.63504958771681,500.7467872839382,0.8837209302325582
noisy_current_proxy,240,causal_kalman_observer,1,5.061158005079914,1393.4671027380198,0.7674418604651163
noisy_current_proxy,240,causal_kalman_observer,2,5.113488339917626,1503.1333407816735,0.6744186046511628
noisy_current_proxy,240,causal_kalman_observer,3,4.44316809242057,98.69282386305846,1.0
noisy_current_proxy,240,causal_kalman_observer,4,5.029370197162873,1326.8960143996576,0.6046511627906976
noisy_current_proxy,240,causal_kalman_observer,5,4.900015090526045,1055.8560697278178,0.8837209302325582
noisy_current_proxy,240,causal_kalman_observer,6,4.846838215120865,944.44798479445,0.8604651162790697
noisy_current_proxy,240,causal_kalman_observer,7,4.636350248945039,503.4700073865022,0.9534883720930233
noisy_current_proxy,240,causal_kalman_observer,8,4.791186926624528,827.8417256131904,0.9302325581395349
noisy_current_proxy,240,causal_kalman_observer,9,4.4331195414249,77.6403446207049,1.0
noisy_current_proxy,240,causal_kalman_observer,10,5.385465650061624,2072.9474638763104,0.4186046511627907
noisy_current_proxy,240,causal_kalman_observer,11,4.605871686514659,439.5819629298808,0.9767441860465116
noisy_current_proxy,240,causal_kalman_observer,12,5.8759311476420475,3100.576471149134,0.0
noisy_current_proxy,240,causal_kalman_observer,13,6.129865763824913,3632.560297095559,0.32558139534883723
noisy_current_proxy,240,causal_kalman_observer,14,4.542987075359774,307.8315461798284,1.0
noisy_current_proxy,240,causal_kalman_observer,15,4.657816067559072,548.4123867182202,0.9069767441860465
noisy_current_proxy,240,causal_kalman_observer,16,4.571745490635578,368.0862552061649,1.0
noisy_current_proxy,240,causal_kalman_observer,17,4.499565263477602,216.85258912557333,1.0
noisy_current_proxy,240,causal_kalman_observer,18,4.7912798558502026,828.052021448006,0.9534883720930233
noisy_current_proxy,240,causal_kalman_observer,19,4.8316752359405895,912.7088421133944,0.8604651162790697
noisy_current_proxy,240,causal_kalman_observer,20,4.439110149725265,90.19659918893873,1.0
noisy_current_proxy,240,causal_kalman_observer,21,5.847805205514923,3041.648681851999,0.023255813953488372
noisy_current_proxy,240,causal_kalman_observer,22,4.587321392312751,400.7333942710667,1.0
noisy_current_proxy,240,causal_kalman_observer,23,4.484767851088203,185.85761989470802,1.0
noisy_current_proxy,240,causal_kalman_observer,24,4.537170727950681,295.6421252181847,1.0
noisy_current_proxy,240,causal_kalman_observer,25,4.469860582482228,154.6335271873451,1.0
noisy_current_proxy,240,causal_kalman_observer,26,4.752075104083407,745.970322159268,0.8372093023255814
noisy_current_proxy,240,causal_kalman_observer,27,4.5482843667523625,318.9420304245546,1.0
noisy_current_proxy,240,causal_kalman_observer,28,4.466063051558012,146.67125949154257,1.0
noisy_current_proxy,240,causal_kalman_observer,29,4.801723123427852,849.9536382500106,0.7906976744186046
noisy_current_proxy,240,causal_kalman_observer,30,5.787008661996973,2914.2453026815565,0.23255813953488372
noisy_current_proxy,240,causal_kalman_observer,31,6.316689835624366,4024.069602279662,0.046511627906976744
noisy_current_proxy,240,causal_kalman_observer,32,5.028329354083815,1324.6928621794236,0.7906976744186046
noisy_current_proxy,240,causal_kalman_observer,33,4.613556752366797,455.6917776724891,1.0
noisy_current_proxy,240,causal_kalman_observer,34,4.95624830909592,1173.6668751709105,0.6511627906976745
noisy_current_proxy,240,causal_kalman_observer,35,4.660889826608693,554.870821084488,1.0
noisy_current_proxy,240,causal_kalman_observer,36,4.642753395071228,516.8635556658696,1.0
noisy_current_proxy,240,causal_kalman_observer,37,4.906993924851151,1070.4837833874192,0.8604651162790697
noisy_current_proxy,240,causal_kalman_observer,38,4.5975820492386426,422.23379113802577,0.9767441860465116
noisy_current_proxy,240,causal_kalman_observer,39,4.7820781574570645,808.797170170841,0.813953488372093
noisy_current_proxy,240,causal_kalman_observer,40,5.086703188070972,1447.0020225442408,0.6976744186046512
noisy_current_proxy,240,causal_kalman_observer,41,4.636354127782868,503.44418515141007,0.9069767441860465
noisy_current_proxy,240,causal_kalman_observer,42,5.936209062377474,3226.860143589611,0.046511627906976744
noisy_current_proxy,240,causal_kalman_observer,43,4.603172150331057,433.9407526457775,1.0
noisy_current_proxy,240,causal_kalman_observer,44,4.49734661307725,212.204354174221,1.0
noisy_current_proxy,240,causal_kalman_observer,45,5.734371977424856,2804.0499846958637,0.23255813953488372
noisy_current_proxy,240,causal_kalman_observer,46,5.053398968989307,1377.2677778174884,0.6046511627906976
noisy_current_proxy,240,causal_kalman_observer,47,5.563076727124027,2445.0592930571656,0.37209302325581395
noisy_current_proxy,240,causal_kalman_observer,48,4.659807544816052,552.6140075329149,0.9767441860465116
noisy_current_proxy,240,causal_kalman_observer,49,4.611666231831006,451.71939670063205,1.0
noisy_current_proxy,240,causal_kalman_observer,50,4.565768989003873,355.56021099904956,1.0
noisy_current_proxy,240,causal_kalman_observer,51,4.4452805992292586,103.11981154433622,1.0
noisy_current_proxy,240,causal_kalman_observer,52,4.754597375552621,751.1808280891565,0.9767441860465116
noisy_current_proxy,240,causal_kalman_observer,53,4.720149683314221,679.0095553123696,0.9534883720930233
noisy_current_proxy,240,causal_kalman_observer,54,5.253301631230085,1796.0707017879647,0.627906976744186
noisy_current_proxy,240,causal_kalman_observer,55,4.469441219291135,153.74804194885502,1.0
noisy_current_proxy,240,causal_kalman_observer,56,5.075631106673999,1423.8520654633874,0.6046511627906976
noisy_current_proxy,240,causal_kalman_observer,57,4.4338651725052385,79.20519668079015,1.0
noisy_current_proxy,240,causal_kalman_observer,58,4.708024024236862,653.6442452290503,0.8837209302325582
noisy_current_proxy,240,causal_kalman_observer,59,4.94227172978935,1144.4275550750745,0.7674418604651163
noisy_current_proxy,240,causal_kalman_observer,60,4.533286447980803,287.5085976768341,1.0
noisy_current_proxy,240,causal_kalman_observer,61,4.868250621398105,989.3007378691334,0.813953488372093
noisy_current_proxy,240,causal_kalman_observer,62,5.620238729938756,2564.838312833152,0.32558139534883723
noisy_current_proxy,240,causal_kalman_observer,63,5.114213532881847,1504.685676439438,0.6046511627906976
noisy_current_proxy,240,causal_kalman_observer,64,4.844239768930028,939.0034607551722,0.8372093023255814
noisy_current_proxy,240,causal_kalman_observer,65,5.5885735014902425,2498.4855715908975,0.37209302325581395
noisy_current_proxy,240,causal_kalman_observer,66,4.742685347117626,726.2450562494379,0.9069767441860465
noisy_current_proxy,240,causal_kalman_observer,67,4.500748463000064,219.35060089758434,1.0
noisy_current_proxy,240,causal_kalman_observer,68,4.902337478332096,1060.7628268166616,0.6744186046511628
noisy_current_proxy,240,causal_kalman_observer,69,4.464953866579612,144.33795782764474,1.0
noisy_current_proxy,240,causal_kalman_observer,70,5.238979716673921,1766.1077835903002,0.46511627906976744
noisy_current_proxy,240,causal_kalman_observer,71,4.563382280638371,350.56363566756073,1.0
noisy_current_proxy,240,causal_kalman_observer,72,5.745821195641946,2827.9375088683573,0.4883720930232558
noisy_current_proxy,240,causal_kalman_observer,73,5.347711140665512,1993.9340177827476,0.5581395348837209
noisy_current_proxy,240,causal_kalman_observer,74,4.9829708665832095,1229.6764023996402,0.6511627906976745
noisy_current_proxy,240,causal_kalman_observer,75,4.863875862871871,980.1612390194557,0.813953488372093
noisy_current_proxy,240,causal_kalman_observer,76,4.686179319221076,607.838298339032,0.9534883720930233
noisy_current_proxy,240,causal_kalman_observer,77,4.6024688481209886,432.4621392377823,0.9767441860465116
noisy_current_proxy,240,causal_kalman_observer,78,4.566639533983734,357.38523975560406,1.0
noisy_current_proxy,240,causal_kalman_observer,79,5.139233668582419,1557.1235513860522,0.5116279069767442
noisy_current_proxy,240,causal_kalman_observer,80,4.827036000154984,902.9540115413862,0.813953488372093
noisy_current_proxy,240,causal_kalman_observer,81,4.5166127382636745,252.5752605206649,1.0
noisy_current_proxy,240,causal_kalman_observer,82,4.692967294009555,622.0566588899566,0.8604651162790697
noisy_current_proxy,240,causal_kalman_observer,83,4.976623454780668,1216.3799809032496,0.7674418604651163
noisy_current_proxy,240,causal_kalman_observer,84,4.533377345131786,287.6935957956321,1.0
noisy_current_proxy,240,causal_kalman_observer,85,5.39054165518488,2083.5732609768656,0.627906976744186
noisy_current_proxy,240,causal_kalman_observer,86,4.419313455471195,48.714396228671895,1.0
noisy_current_proxy,240,causal_kalman_observer,87,5.497239206800791,2307.118624036554,0.2558139534883721
noisy_current_proxy,240,causal_kalman_observer,88,4.477724225125203,171.09291547322036,1.0
noisy_current_proxy,240,causal_kalman_observer,89,4.8097422091688795,866.7173800618864,0.7674418604651163
noisy_current_proxy,240,causal_kalman_observer,90,4.551594295727221,325.87002943633286,1.0
noisy_current_proxy,240,causal_kalman_observer,91,5.987542800008295,3334.3743229633587,0.27906976744186046
noisy_current_proxy,240,causal_kalman_observer,92,4.5907457500316875,407.933127880879,0.9534883720930233
noisy_current_proxy,240,causal_kalman_observer,93,4.4757899010033695,167.03991208119666,1.0
noisy_current_proxy,240,causal_kalman_observer,94,4.658896633750514,550.6788095061897,0.9767441860465116
noisy_current_proxy,240,causal_kalman_observer,95,4.515928290038712,251.149696907813,1.0
noisy_current_proxy,240,causal_kalman_observer,96,5.161171775205838,1603.0592565161533,0.5813953488372093
noisy_current_proxy,240,causal_kalman_observer,97,4.847915814371441,946.714573401608,0.8604651162790697
noisy_current_proxy,240,causal_kalman_observer,98,4.524337611518327,268.7589689918077,1.0
noisy_current_proxy,240,causal_kalman_observer,99,5.034765774525083,1338.2751689758277,0.6976744186046512
noisy_current_proxy,240,causal_kalman_observer,100,4.585574718416414,397.05554551354675,1.0
noisy_current_proxy,240,causal_kalman_observer,101,4.8403254823932835,930.7973990468975,0.6976744186046512
noisy_current_proxy,240,causal_kalman_observer,102,5.004611170648645,1275.0406494727958,0.6046511627906976
noisy_current_proxy,240,causal_kalman_observer,103,4.940594581773909,1140.8835480519463,0.7209302325581395
noisy_current_proxy,240,causal_kalman_observer,104,4.577631329353025,380.433145511634,1.0
noisy_current_proxy,240,causal_kalman_observer,105,4.561524160037557,346.69979849386766,0.9534883720930233
noisy_current_proxy,240,causal_kalman_observer,106,5.43138524976314,2169.230535763949,0.4418604651162791
noisy_current_proxy,240,causal_kalman_observer,107,4.436605842089249,84.94517136765181,1.0
noisy_current_proxy,240,causal_kalman_observer,108,4.948322305010498,1157.104168770503,0.6046511627906976
noisy_current_proxy,240,causal_kalman_observer,109,4.813906140943749,875.4548121507814,0.813953488372093
noisy_current_proxy,240,causal_kalman_observer,110,4.7958574756274315,837.6572125116176,0.8372093023255814
noisy_current_proxy,240,causal_kalman_observer,111,5.2971349853709455,1887.952503148468,0.4883720930232558
noisy_current_proxy,240,causal_kalman_observer,112,4.960330412288326,1182.2300265544081,0.7441860465116279
noisy_current_proxy,240,causal_kalman_observer,113,4.562114584842589,347.90525169086067,0.9767441860465116
noisy_current_proxy,240,causal_kalman_observer,114,5.356393456602538,2012.0272517518636,0.5116279069767442
noisy_current_proxy,240,causal_kalman_observer,115,5.258162498068297,1806.3279654354221,0.6046511627906976
noisy_current_proxy,240,causal_kalman_observer,116,4.984359989788052,1232.5658710391342,0.6744186046511628
noisy_current_proxy,240,causal_kalman_observer,117,4.535508829290652,292.1634322002907,1.0
noisy_current_proxy,240,causal_kalman_observer,118,5.662578178616274,2653.5420266776828,0.6046511627906976
noisy_current_proxy,240,causal_kalman_observer,119,6.512400467565364,4434.19423237695,0.18604651162790697
noisy_current_proxy,240,causal_kalman_observer,120,4.475045863660838,165.485910502773,1.0
noisy_current_proxy,240,causal_kalman_observer,121,4.450256613669799,113.55124542148761,1.0
noisy_current_proxy,240,causal_kalman_observer,122,4.6638114281333864,560.9719534115656,0.9534883720930233
noisy_current_proxy,240,causal_kalman_observer,123,5.685962597813775,2702.5363970712356,0.2558139534883721
noisy_current_proxy,240,causal_kalman_observer,124,4.696236752667885,628.9146045115605,0.8837209302325582
noisy_current_proxy,240,causal_kalman_observer,125,4.697958536549454,632.553762895303,0.8372093023255814
noisy_current_proxy,240,causal_kalman_observer,126,4.598044754572689,423.18151778416467,1.0
noisy_current_proxy,240,causal_kalman_observer,127,5.406880255396171,2117.8153237532765,0.5116279069767442
noisy_current_proxy,240,memory_limited_ridge,0,4.727406397608055,557.9603726448898,0.9302325581395349
noisy_current_proxy,240,memory_limited_ridge,1,5.0847476724923295,1515.8360079670738,0.7674418604651163
noisy_current_proxy,240,memory_limited_ridge,2,5.022519563466911,1349.029670000867,0.9767441860465116
noisy_current_proxy,240,memory_limited_ridge,3,4.587176373936952,182.0650242592214,1.0
noisy_current_proxy,240,memory_limited_ridge,4,5.061488007879836,1453.4870223222185,0.6976744186046512
noisy_current_proxy,240,memory_limited_ridge,5,4.849123022421993,884.2293975726144,1.0
noisy_current_proxy,240,memory_limited_ridge,6,4.955413926658992,1169.1488137748333,0.8372093023255814
noisy_current_proxy,240,memory_limited_ridge,7,4.675993428094598,420.1446925154377,1.0
noisy_current_proxy,240,memory_limited_ridge,8,4.772264567171816,678.2055015743477,1.0
noisy_current_proxy,240,memory_limited_ridge,9,4.569400228919773,134.4149558269521,1.0
noisy_current_proxy,240,memory_limited_ridge,10,5.225737721241727,1893.768651106802,0.6511627906976745
noisy_current_proxy,240,memory_limited_ridge,11,4.701746051740209,489.17621075732245,0.9767441860465116
noisy_current_proxy,240,memory_limited_ridge,12,5.705885666704858,3180.8352472006486,0.09302325581395349
noisy_current_proxy,240,memory_limited_ridge,13,6.048162881248865,4098.330726679823,0.32558139534883723
noisy_current_proxy,240,memory_limited_ridge,14,4.7059403911553614,500.4193998721156,1.0
noisy_current_proxy,240,memory_limited_ridge,15,4.719704142027319,537.3139948644275,0.9767441860465116
noisy_current_proxy,240,memory_limited_ridge,16,4.689850279175658,457.2888484407049,1.0
noisy_current_proxy,240,memory_limited_ridge,17,4.648439204337965,346.2838725045325,1.0
noisy_current_proxy,240,memory_limited_ridge,18,4.822738775823244,813.5047745033711,0.9534883720930233
noisy_current_proxy,240,memory_limited_ridge,19,4.923103590473177,1082.5389369519464,0.8604651162790697
noisy_current_proxy,240,memory_limited_ridge,20,4.574068786367092,146.9293160343971,1.0
noisy_current_proxy,240,memory_limited_ridge,21,5.512919858792497,2663.578331079297,0.4186046511627907
noisy_current_proxy,240,memory_limited_ridge,22,4.737031442209093,583.7609066447983,1.0
noisy_current_proxy,240,memory_limited_ridge,23,4.625463130926204,284.6950708089309,1.0
noisy_current_proxy,240,memory_limited_ridge,24,4.599076495405838,213.9640440858914,1.0
noisy_current_proxy,240,memory_limited_ridge,25,4.593169214059894,198.1292069988344,1.0
noisy_current_proxy,240,memory_limited_ridge,26,4.811601730814794,783.6512288514267,0.8372093023255814
noisy_current_proxy,240,memory_limited_ridge,27,4.658673805493483,373.7183609701721,1.0
noisy_current_proxy,240,memory_limited_ridge,28,4.564779598931902,122.02906817192878,1.0
noisy_current_proxy,240,memory_limited_ridge,29,4.842662003984105,866.9102335800868,0.8604651162790697
noisy_current_proxy,240,memory_limited_ridge,30,5.583181655724478,2851.9194719029965,0.37209302325581395
noisy_current_proxy,240,memory_limited_ridge,31,6.09200280671867,4215.846388634816,0.11627906976744186
noisy_current_proxy,240,memory_limited_ridge,32,4.972339283168996,1214.518290405614,0.9302325581395349
noisy_current_proxy,240,memory_limited_ridge,33,4.646245097586895,340.4024321396405,1.0
noisy_current_proxy,240,memory_limited_ridge,34,4.924307327798471,1085.7656301336972,0.8372093023255814
noisy_current_proxy,240,memory_limited_ridge,35,4.7276043942843105,558.491115118233,1.0
noisy_current_proxy,240,memory_limited_ridge,36,4.733995207666447,575.6220900682233,1.0
noisy_current_proxy,240,memory_limited_ridge,37,4.942724283231822,1135.1334309625663,0.9302325581395349
noisy_current_proxy,240,memory_limited_ridge,38,4.659371374506425,375.5882383350787,1.0
noisy_current_proxy,240,memory_limited_ridge,39,4.799019356429677,749.923387414949,0.8837209302325582
noisy_current_proxy,240,memory_limited_ridge,40,4.9757739426143965,1223.7251098513777,0.7906976744186046
noisy_current_proxy,240,memory_limited_ridge,41,4.725970267995833,554.1107374042975,1.0
noisy_current_proxy,240,memory_limited_ridge,42,5.835359901868898,3527.8990318299825,0.18604651162790697
noisy_current_proxy,240,memory_limited_ridge,43,4.698984063977644,481.772529826042,1.0
noisy_current_proxy,240,memory_limited_ridge,44,4.6463956215274855,340.80592097610474,1.0
noisy_current_proxy,240,memory_limited_ridge,45,5.614220219504387,2935.1202832556623,0.3488372093023256
noisy_current_proxy,240,memory_limited_ridge,46,5.0942700491381006,1541.3613340920754,0.6511627906976745
noisy_current_proxy,240,memory_limited_ridge,47,5.414566760541233,2399.9367002493723,0.5116279069767442
noisy_current_proxy,240,memory_limited_ridge,48,4.742640197612757,598.7955262738689,0.9767441860465116
noisy_current_proxy,240,memory_limited_ridge,49,4.6873925465878585,450.7007425333917,1.0
noisy_current_proxy,240,memory_limited_ridge,50,4.6962777431524465,474.5180676017707,1.0
noisy_current_proxy,240,memory_limited_ridge,51,4.567052030111981,128.12046206715792,1.0
noisy_current_proxy,240,memory_limited_ridge,52,4.875750954096368,955.6072337270533,0.9302325581395349
noisy_current_proxy,240,memory_limited_ridge,53,4.830320680817241,833.828545009394,0.9534883720930233
noisy_current_proxy,240,memory_limited_ridge,54,5.209757782474669,1850.9334258620752,0.7209302325581395
noisy_current_proxy,240,memory_limited_ridge,55,4.5942722351811085,201.0859240967946,1.0
noisy_current_proxy,240,memory_limited_ridge,56,5.106050536481453,1572.9396671633751,0.6744186046511628
noisy_current_proxy,240,memory_limited_ridge,57,4.555335189415076,96.71273781209652,1.0
noisy_current_proxy,240,memory_limited_ridge,58,4.829185317095128,830.7851315470291,0.9069767441860465
noisy_current_proxy,240,memory_limited_ridge,59,4.953864746820459,1164.9961403324953,0.8604651162790697
noisy_current_proxy,240,memory_limited_ridge,60,4.598354048146302,212.02747902511018,1.0
noisy_current_proxy,240,memory_limited_ridge,61,4.964514850962831,1193.5444105398112,0.813953488372093
noisy_current_proxy,240,memory_limited_ridge,62,5.370580010345316,2282.0274654336718,0.4883720930232558
noisy_current_proxy,240,memory_limited_ridge,63,5.07732463678831,1495.9380965284647,0.6511627906976745
noisy_current_proxy,240,memory_limited_ridge,64,4.933278885454646,1109.8144515090667,0.8837209302325582
noisy_current_proxy,240,memory_limited_ridge,65,5.53953196903895,2734.913756906723,0.3953488372093023
noisy_current_proxy,240,memory_limited_ridge,66,4.843824083212367,870.02525962746,0.9302325581395349
noisy_current_proxy,240,memory_limited_ridge,67,4.612377185081008,249.61737458053696,1.0
noisy_current_proxy,240,memory_limited_ridge,68,4.865084148128611,927.0141932322675,0.8372093023255814
noisy_current_proxy,240,memory_limited_ridge,69,4.582815727019547,170.3760374838268,1.0
noisy_current_proxy,240,memory_limited_ridge,70,5.204910116980515,1837.9389553337394,0.6511627906976745
noisy_current_proxy,240,memory_limited_ridge,71,4.711506563936047,515.3398741171902,1.0
noisy_current_proxy,240,memory_limited_ridge,72,5.617092826434019,2942.8204857823503,0.46511627906976744
noisy_current_proxy,240,memory_limited_ridge,73,5.284764493294167,2051.9936051064756,0.627906976744186
noisy_current_proxy,240,memory_limited_ridge,74,4.88415838254616,978.1438714842749,0.8837209302325582
noisy_current_proxy,240,memory_limited_ridge,75,4.8328797485174295,840.6882860229235,0.8837209302325582
noisy_current_proxy,240,memory_limited_ridge,76,4.79224232016384,731.7571178709605,0.9534883720930233
noisy_current_proxy,240,memory_limited_ridge,77,4.743370448438282,600.7530092813128,0.9534883720930233
noisy_current_proxy,240,memory_limited_ridge,78,4.629013164606642,294.21115810717635,1.0
noisy_current_proxy,240,memory_limited_ridge,79,5.150544098117007,1692.20744173883,0.6976744186046512
noisy_current_proxy,240,memory_limited_ridge,80,4.8443099023724105,871.3275282689093,0.8837209302325582
noisy_current_proxy,240,memory_limited_ridge,81,4.6565541625374225,368.0365254647446,1.0
noisy_current_proxy,240,memory_limited_ridge,82,4.796498672620029,743.1665368205284,0.8604651162790697
noisy_current_proxy,240,memory_limited_ridge,83,5.027071549602909,1361.2315535179891,0.8372093023255814
noisy_current_proxy,240,memory_limited_ridge,84,4.65792971302598,371.7237745757563,1.0
noisy_current_proxy,240,memory_limited_ridge,85,5.404546169820893,2373.0758801393613,0.627906976744186
noisy_current_proxy,240,memory_limited_ridge,86,4.547316618118689,75.21845597356781,1.0
noisy_current_proxy,240,memory_limited_ridge,87,5.335316900933862,2187.5024953140833,0.4186046511627907
noisy_current_proxy,240,memory_limited_ridge,88,4.601536970733476,220.55950207886522,1.0
noisy_current_proxy,240,memory_limited_ridge,89,4.880129042470273,967.3429734173787,0.8604651162790697
noisy_current_proxy,240,memory_limited_ridge,90,4.633786162260047,307.0054768186881,1.0
noisy_current_proxy,240,memory_limited_ridge,91,5.616122552936315,2940.219606991197,0.3953488372093023
noisy_current_proxy,240,memory_limited_ridge,92,4.667977414461461,398.65726665320017,1.0
noisy_current_proxy,240,memory_limited_ridge,93,4.577925472569335,157.26740459527903,1.0
noisy_current_proxy,240,memory_limited_ridge,94,4.763096558121966,653.6300799522364,1.0
noisy_current_proxy,240,memory_limited_ridge,95,4.612898338074779,251.01435777305988,1.0
noisy_current_proxy,240,memory_limited_ridge,96,5.197514383363022,1818.1142288455305,0.627906976744186
noisy_current_proxy,240,memory_limited_ridge,97,4.910163404471268,1047.8519590992494,0.9302325581395349
noisy_current_proxy,240,memory_limited_ridge,98,4.647737088250023,344.4018064207122,1.0
noisy_current_proxy,240,memory_limited_ridge,99,5.0419868139827395,1401.212852483396,0.7441860465116279
noisy_current_proxy,240,memory_limited_ridge,100,4.708037172091525,506.03995230342935,1.0
noisy_current_proxy,240,memory_limited_ridge,101,4.87259558678688,947.1490743184307,0.8372093023255814
noisy_current_proxy,240,memory_limited_ridge,102,5.054404161977731,1434.498330360448,0.627906976744186
noisy_current_proxy,240,memory_limited_ridge,103,4.980709988029307,1236.956488284548,0.7674418604651163
noisy_current_proxy,240,memory_limited_ridge,104,4.655513455864328,365.2468461420924,1.0
noisy_current_proxy,240,memory_limited_ridge,105,4.660525992612302,378.68326437728393,1.0
noisy_current_proxy,240,memory_limited_ridge,106,5.201054254484467,1827.6030747688305,0.6744186046511628
noisy_current_proxy,240,memory_limited_ridge,107,4.566419455141336,126.42480529733287,1.0
noisy_current_proxy,240,memory_limited_ridge,108,4.927136943120746,1093.3505909681796,0.8837209302325582
noisy_current_proxy,240,memory_limited_ridge,109,4.894946701572361,1007.0626353315986,0.8604651162790697
noisy_current_proxy,240,memory_limited_ridge,110,4.916124573392307,1063.831245201459,0.8604651162790697
noisy_current_proxy,240,memory_limited_ridge,111,5.230494032616915,1906.5182412059971,0.6046511627906976
noisy_current_proxy,240,memory_limited_ridge,112,4.942698450967711,1135.0641859630753,0.9302325581395349
noisy_current_proxy,240,memory_limited_ridge,113,4.675525982903144,418.8916764458874,1.0
noisy_current_proxy,240,memory_limited_ridge,114,5.207815424969911,1845.7268150962323,0.6046511627906976
noisy_current_proxy,240,memory_limited_ridge,115,5.21594095296421,1867.5078010525517,0.627906976744186
noisy_current_proxy,240,memory_limited_ridge,116,5.018485527534165,1338.2161843959855,0.7209302325581395
noisy_current_proxy,240,memory_limited_ridge,117,4.667326584859481,396.9126772024428,1.0
noisy_current_proxy,240,memory_limited_ridge,118,5.651203305336944,3034.2557577387283,0.6046511627906976
noisy_current_proxy,240,memory_limited_ridge,119,6.188888041555628,4475.553319783041,0.20930232558139536
noisy_current_proxy,240,memory_limited_ridge,120,4.616494115166359,260.65306314564856,1.0
noisy_current_proxy,240,memory_limited_ridge,121,4.580245670962468,163.486841492444,1.0
noisy_current_proxy,240,memory_limited_ridge,122,4.7817575920411235,703.6521484268928,0.9534883720930233
noisy_current_proxy,240,memory_limited_ridge,123,5.435302800369635,2455.52095183388,0.5348837209302325
noisy_current_proxy,240,memory_limited_ridge,124,4.727733490747409,558.837166261211,0.9534883720930233
noisy_current_proxy,240,memory_limited_ridge,125,4.757266696617699,638.0027715926096,0.9302325581395349
noisy_current_proxy,240,memory_limited_ridge,126,4.707670766462158,505.05777909903316,1.0
noisy_current_proxy,240,memory_limited_ridge,127,5.364800434453423,2266.534950802851,0.6511627906976745
precise_5min_late_proxy,60,hidden_state_oracle,0,3.7533302167280045,106.50957409282651,0.810126582278481
precise_5min_late_proxy,60,hidden_state_oracle,1,4.2346235048002105,205.712230980464,0.5569620253164557
precise_5min_late_proxy,60,hidden_state_oracle,2,3.482902945103898,50.769956473306515,0.9240506329113924
precise_5min_late_proxy,60,hidden_state_oracle,3,3.628808502284728,80.84355044546668,0.8227848101265823
precise_5min_late_proxy,60,hidden_state_oracle,4,3.8466525737139294,125.7448844315638,0.759493670886076
precise_5min_late_proxy,60,hidden_state_oracle,5,3.5068887941102265,55.71384413619982,0.9240506329113924
precise_5min_late_proxy,60,hidden_state_oracle,6,3.6732899758319038,90.01193169556028,0.8227848101265823
precise_5min_late_proxy,60,hidden_state_oracle,7,3.5600071678719596,66.66243605989189,0.9113924050632911
precise_5min_late_proxy,60,hidden_state_oracle,8,3.933052150691794,143.55329315569816,0.7215189873417721
precise_5min_late_proxy,60,hidden_state_oracle,9,3.446362974586496,43.2384528189726,0.9367088607594937
precise_5min_late_proxy,60,hidden_state_oracle,10,3.906410083002875,138.06191406269733,0.7215189873417721
precise_5min_late_proxy,60,hidden_state_oracle,11,3.4731260217473188,48.75476781974283,0.9620253164556962
precise_5min_late_proxy,60,hidden_state_oracle,12,3.8900269621900927,134.68507679316292,0.7848101265822784
precise_5min_late_proxy,60,hidden_state_oracle,13,3.7709684797926872,110.14511733073068,0.7721518987341772
precise_5min_late_proxy,60,hidden_state_oracle,14,3.426741206370513,39.19407574557601,0.9746835443037974
precise_5min_late_proxy,60,hidden_state_oracle,15,3.69314623143887,94.10464057155784,0.8354430379746836
precise_5min_late_proxy,60,hidden_state_oracle,16,3.902317537683167,137.21837150931162,0.6075949367088608
precise_5min_late_proxy,60,hidden_state_oracle,17,3.7938240246143637,114.85603025454564,0.7721518987341772
precise_5min_late_proxy,60,hidden_state_oracle,18,3.613130348325424,77.61201872374679,0.8227848101265823
precise_5min_late_proxy,60,hidden_state_oracle,19,3.5538597525737896,65.39535017757468,0.9113924050632911
precise_5min_late_proxy,60,hidden_state_oracle,20,3.4919944175121516,52.64386213596807,0.9367088607594937
precise_5min_late_proxy,60,hidden_state_oracle,21,4.006875121198932,158.76945135931518,0.6455696202531646
precise_5min_late_proxy,60,hidden_state_oracle,22,3.552214354830632,65.05620597630848,0.8734177215189873
precise_5min_late_proxy,60,hidden_state_oracle,23,3.6310250551690033,81.3004193457847,0.8734177215189873
precise_5min_late_proxy,60,hidden_state_oracle,24,3.4024675945638836,34.19087532048425,0.9746835443037974
precise_5min_late_proxy,60,hidden_state_oracle,25,3.880976746211285,132.81967477581784,0.7341772151898734
precise_5min_late_proxy,60,hidden_state_oracle,26,3.7530927320656997,106.46062450209953,0.8227848101265823
precise_5min_late_proxy,60,hidden_state_oracle,27,3.747684442028893,105.34588479106193,0.7848101265822784
precise_5min_late_proxy,60,hidden_state_oracle,28,3.58092073655171,70.97307497684714,0.9240506329113924
precise_5min_late_proxy,60,hidden_state_oracle,29,3.7602818655467876,107.94242605578516,0.7721518987341772
precise_5min_late_proxy,60,hidden_state_oracle,30,3.7761202591091307,111.20698585987019,0.759493670886076
precise_5min_late_proxy,60,hidden_state_oracle,31,3.765521884799064,109.0224823226202,0.7974683544303798
precise_5min_late_proxy,60,hidden_state_oracle,32,3.500139162967428,54.3226314204374,0.9113924050632911
precise_5min_late_proxy,60,hidden_state_oracle,33,3.6389942766278534,82.94301017685726,0.8481012658227848
precise_5min_late_proxy,60,hidden_state_oracle,34,3.9303795230953384,143.00241957193867,0.7088607594936709
precise_5min_late_proxy,60,hidden_state_oracle,35,3.7145201363022307,98.51016253302521,0.810126582278481
precise_5min_late_proxy,60,hidden_state_oracle,36,3.486182637142552,51.44595626817373,0.9493670886075949
precise_5min_late_proxy,60,hidden_state_oracle,37,3.5912801232679206,73.10831914385147,0.8354430379746836
precise_5min_late_proxy,60,hidden_state_oracle,38,3.596821289801103,74.2504469398784,0.8227848101265823
precise_5min_late_proxy,60,hidden_state_oracle,39,3.700148527807297,95.54793184795372,0.7974683544303798
precise_5min_late_proxy,60,hidden_state_oracle,40,3.538361130556665,62.200823014409266,0.8734177215189873
precise_5min_late_proxy,60,hidden_state_oracle,41,3.6306228570354837,81.21751953307331,0.8734177215189873
precise_5min_late_proxy,60,hidden_state_oracle,42,3.7811904080064744,112.2520289840885,0.7088607594936709
precise_5min_late_proxy,60,hidden_state_oracle,43,3.7337545103861793,102.47469114787714,0.810126582278481
precise_5min_late_proxy,60,hidden_state_oracle,44,3.616917558958567,78.39262665307321,0.7974683544303798
precise_5min_late_proxy,60,hidden_state_oracle,45,3.899052537273481,136.5453999067417,0.7341772151898734
precise_5min_late_proxy,60,hidden_state_oracle,46,3.664731797889047,88.24794700869859,0.8227848101265823
precise_5min_late_proxy,60,hidden_state_oracle,47,3.9818175712660095,153.60466807634597,0.6708860759493671
precise_5min_late_proxy,60,hidden_state_oracle,48,3.606567694322948,76.2593451473343,0.8227848101265823
precise_5min_late_proxy,60,hidden_state_oracle,49,3.902215255088721,137.1972893430441,0.6455696202531646
precise_5min_late_proxy,60,hidden_state_oracle,50,3.403716759079967,34.44834917677186,0.9873417721518988
precise_5min_late_proxy,60,hidden_state_oracle,51,3.49316386624524,52.88490522609905,0.8860759493670886
precise_5min_late_proxy,60,hidden_state_oracle,52,3.464467377236692,46.970075280313885,0.9367088607594937
precise_5min_late_proxy,60,hidden_state_oracle,53,3.7380181088699755,103.35349064077828,0.810126582278481
precise_5min_late_proxy,60,hidden_state_oracle,54,3.701280706641236,95.78129298383921,0.810126582278481
precise_5min_late_proxy,60,hidden_state_oracle,55,3.6314051944717978,81.37877246177298,0.8607594936708861
precise_5min_late_proxy,60,hidden_state_oracle,56,3.7137300864271987,98.34731994074426,0.7848101265822784
precise_5min_late_proxy,60,hidden_state_oracle,57,3.469581531815862,48.02418871709138,0.9493670886075949
precise_5min_late_proxy,60,hidden_state_oracle,58,3.58161465879944,71.1161040453051,0.8734177215189873
precise_5min_late_proxy,60,hidden_state_oracle,59,3.6290104094853364,80.88516692182631,0.8354430379746836
precise_5min_late_proxy,60,hidden_state_oracle,60,3.6382022300671375,82.77975603401111,0.8227848101265823
precise_5min_late_proxy,60,hidden_state_oracle,61,3.6058149026242945,76.10418209303855,0.8860759493670886
precise_5min_late_proxy,60,hidden_state_oracle,62,3.7643763954654816,108.7863776684649,0.8227848101265823
precise_5min_late_proxy,60,hidden_state_oracle,63,4.34218533117519,227.8825359078907,0.7215189873417721
precise_5min_late_proxy,60,hidden_state_oracle,64,3.769032090013578,109.7459947673823,0.810126582278481
precise_5min_late_proxy,60,hidden_state_oracle,65,4.036034652031273,164.77972202764653,0.7215189873417721
precise_5min_late_proxy,60,hidden_state_oracle,66,3.6995972847526675,95.43431136546315,0.7848101265822784
precise_5min_late_proxy,60,hidden_state_oracle,67,3.634623149601175,82.04204723931676,0.8227848101265823
precise_5min_late_proxy,60,hidden_state_oracle,68,3.709379498769334,97.45059051322346,0.8354430379746836
precise_5min_late_proxy,60,hidden_state_oracle,69,3.549320891181273,64.45981436076342,0.9113924050632911
precise_5min_late_proxy,60,hidden_state_oracle,70,3.8481356877568014,126.0505792275784,0.7974683544303798
precise_5min_late_proxy,60,hidden_state_oracle,71,3.5486126275789642,64.31382929746253,0.9113924050632911
precise_5min_late_proxy,60,hidden_state_oracle,72,3.7593675076664486,107.75396148891133,0.7721518987341772
precise_5min_late_proxy,60,hidden_state_oracle,73,4.355962804062878,230.7223052326007,0.6075949367088608
precise_5min_late_proxy,60,hidden_state_oracle,74,3.6183587834166686,78.68968729978977,0.8354430379746836
precise_5min_late_proxy,60,hidden_state_oracle,75,3.72911728590182,101.51888104033198,0.7721518987341772
precise_5min_late_proxy,60,hidden_state_oracle,76,3.7260959332103267,100.89612933816052,0.810126582278481
precise_5min_late_proxy,60,hidden_state_oracle,77,3.6437101797762947,83.91503728287377,0.8354430379746836
precise_5min_late_proxy,60,hidden_state_oracle,78,3.7432981316402425,104.44179230676627,0.810126582278481
precise_5min_late_proxy,60,hidden_state_oracle,79,3.8830691120355687,133.25094663040994,0.7215189873417721
precise_5min_late_proxy,60,hidden_state_oracle,80,3.9223645154010827,141.35039142621122,0.7088607594936709
precise_5min_late_proxy,60,hidden_state_oracle,81,3.4368912550471946,41.28617181510303,0.9746835443037974
precise_5min_late_proxy,60,hidden_state_oracle,82,3.6285293669629426,80.78601595197117,0.7974683544303798
precise_5min_late_proxy,60,hidden_state_oracle,83,3.9333843157523534,143.62175797195295,0.7088607594936709
precise_5min_late_proxy,60,hidden_state_oracle,84,3.787101273149328,113.47035789331625,0.7721518987341772
precise_5min_late_proxy,60,hidden_state_oracle,85,4.47875952622501,256.0327789031769,0.5949367088607594
precise_5min_late_proxy,60,hidden_state_oracle,86,3.6236307733003756,79.77633325249641,0.8860759493670886
precise_5min_late_proxy,60,hidden_state_oracle,87,3.8870222658077993,134.06575823699052,0.8354430379746836
precise_5min_late_proxy,60,hidden_state_oracle,88,3.741752123898464,104.12313405959273,0.7848101265822784
precise_5min_late_proxy,60,hidden_state_oracle,89,4.015454289458973,160.53776250425355,0.7341772151898734
precise_5min_late_proxy,60,hidden_state_oracle,90,3.6043850808154665,75.80947172448165,0.8481012658227848
precise_5min_late_proxy,60,hidden_state_oracle,91,4.083290657860615,174.5199811344078,0.5822784810126582
precise_5min_late_proxy,60,hidden_state_oracle,92,3.6017217305215072,75.26051034909771,0.8607594936708861
precise_5min_late_proxy,60,hidden_state_oracle,93,4.011853720099386,159.79562448647636,0.810126582278481
precise_5min_late_proxy,60,hidden_state_oracle,94,3.6819749344991726,91.80204802608978,0.8227848101265823
precise_5min_late_proxy,60,hidden_state_oracle,95,3.520795702473368,58.58029229350229,0.8734177215189873
precise_5min_late_proxy,60,hidden_state_oracle,96,3.6055108568104033,76.04151312735587,0.8481012658227848
precise_5min_late_proxy,60,hidden_state_oracle,97,3.642651810834361,83.69688960949178,0.8734177215189873
precise_5min_late_proxy,60,hidden_state_oracle,98,3.6804319718764615,91.4840174292699,0.810126582278481
precise_5min_late_proxy,60,hidden_state_oracle,99,3.812069920859567,118.61681693010983,0.759493670886076
precise_5min_late_proxy,60,hidden_state_oracle,100,3.561738133518389,67.0192172479174,0.8481012658227848
precise_5min_late_proxy,60,hidden_state_oracle,101,3.8458041682341118,125.57001376579353,0.6962025316455697
precise_5min_late_proxy,60,hidden_state_oracle,102,3.69365216799018,94.2089226202595,0.8354430379746836
precise_5min_late_proxy,60,hidden_state_oracle,103,3.6950221329679427,94.49129548729312,0.8354430379746836
precise_5min_late_proxy,60,hidden_state_oracle,104,3.8220588367339947,120.67570081386275,0.7341772151898734
precise_5min_late_proxy,60,hidden_state_oracle,105,3.4460432081905332,43.17254357641927,0.9746835443037974
precise_5min_late_proxy,60,hidden_state_oracle,106,3.665044635526306,88.31242811732812,0.810126582278481
precise_5min_late_proxy,60,hidden_state_oracle,107,3.6948197105075393,94.44957280720705,0.7848101265822784
precise_5min_late_proxy,60,hidden_state_oracle,108,3.873198541567054,131.2164557290402,0.6835443037974683
precise_5min_late_proxy,60,hidden_state_oracle,109,3.548364781407039,64.26274402500181,0.8607594936708861
precise_5min_late_proxy,60,hidden_state_oracle,110,3.533602436022813,61.21997588278653,0.9367088607594937
precise_5min_late_proxy,60,hidden_state_oracle,111,3.812335528561953,118.6715631532953,0.7721518987341772
precise_5min_late_proxy,60,hidden_state_oracle,112,3.893595376993726,135.4205872151248,0.7341772151898734
precise_5min_late_proxy,60,hidden_state_oracle,113,3.753291268727799,106.501546253676,0.7974683544303798
precise_5min_late_proxy,60,hidden_state_oracle,114,3.985976023336326,154.46179512161925,0.6835443037974683
precise_5min_late_proxy,60,hidden_state_oracle,115,4.003497473346852,158.07326122065916,0.6455696202531646
precise_5min_late_proxy,60,hidden_state_oracle,116,4.012071930593289,159.84060134630897,0.6962025316455697
precise_5min_late_proxy,60,hidden_state_oracle,117,3.4501390008901396,44.01675546952379,0.9493670886075949
precise_5min_late_proxy,60,hidden_state_oracle,118,4.329161682231171,225.19814240056883,0.569620253164557
precise_5min_late_proxy,60,hidden_state_oracle,119,4.466811382906108,253.57006522840845,0.4050632911392405
precise_5min_late_proxy,60,hidden_state_oracle,120,3.584694542003825,71.75091987247461,0.8481012658227848
precise_5min_late_proxy,60,hidden_state_oracle,121,3.59705694179305,74.29901878636278,0.8987341772151899
precise_5min_late_proxy,60,hidden_state_oracle,122,3.5949624296194127,73.86730453300036,0.8734177215189873
precise_5min_late_proxy,60,hidden_state_oracle,123,3.722424062962034,100.13929500573828,0.7341772151898734
precise_5min_late_proxy,60,hidden_state_oracle,124,3.6101966895451274,77.00734221439208,0.8607594936708861
precise_5min_late_proxy,60,hidden_state_oracle,125,3.6969875848285447,94.89640823535852,0.810126582278481
precise_5min_late_proxy,60,hidden_state_oracle,126,3.6195459591026067,78.93438421361806,0.7974683544303798
precise_5min_late_proxy,60,hidden_state_oracle,127,3.9793323067273834,153.0924131760378,0.7341772151898734
precise_5min_late_proxy,60,causal_kalman_observer,0,3.765290333420644,108.82643457279437,0.810126582278481
precise_5min_late_proxy,60,causal_kalman_observer,1,4.400643762084017,258.300987427212,0.4936708860759494
precise_5min_late_proxy,60,causal_kalman_observer,2,3.570043100138048,62.89216936803185,0.9113924050632911
precise_5min_late_proxy,60,causal_kalman_observer,3,3.692167694415867,91.62345230233089,0.8481012658227848
precise_5min_late_proxy,60,causal_kalman_observer,4,3.9277349749065262,147.04349464403705,0.6835443037974683
precise_5min_late_proxy,60,causal_kalman_observer,5,3.5866398082718463,66.7967450187427,0.8860759493670886
precise_5min_late_proxy,60,causal_kalman_observer,6,3.730564437591218,100.65674898143378,0.7721518987341772
precise_5min_late_proxy,60,causal_kalman_observer,7,3.6390246999282705,79.12092224580866,0.8860759493670886
precise_5min_late_proxy,60,causal_kalman_observer,8,4.000093213049086,164.06664239732189,0.6962025316455697
precise_5min_late_proxy,60,causal_kalman_observer,9,3.458077848939028,36.55099435711828,1.0
precise_5min_late_proxy,60,causal_kalman_observer,10,3.970284131625117,157.0536966637601,0.7215189873417721
precise_5min_late_proxy,60,causal_kalman_observer,11,3.551737436782521,58.58554140109495,0.9493670886075949
precise_5min_late_proxy,60,causal_kalman_observer,12,3.9729366145658083,157.67772524946866,0.7848101265822784
precise_5min_late_proxy,60,causal_kalman_observer,13,3.9113267127101863,143.18325317170337,0.6962025316455697
precise_5min_late_proxy,60,causal_kalman_observer,14,3.466832407988319,38.61060990382768,0.9873417721518988
precise_5min_late_proxy,60,causal_kalman_observer,15,3.790957411077294,114.86492399100455,0.7974683544303798
precise_5min_late_proxy,60,causal_kalman_observer,16,4.015314758952854,167.64769455675588,0.6455696202531646
precise_5min_late_proxy,60,causal_kalman_observer,17,3.882610932604529,136.4275197522915,0.7215189873417721
precise_5min_late_proxy,60,causal_kalman_observer,18,3.6750347655137703,87.59272425209441,0.8607594936708861
precise_5min_late_proxy,60,causal_kalman_observer,19,3.6726046413298916,87.02100824431238,0.8860759493670886
precise_5min_late_proxy,60,causal_kalman_observer,20,3.5229166474566105,51.805103296803004,0.9493670886075949
precise_5min_late_proxy,60,causal_kalman_observer,21,4.119004801589431,192.04202700124088,0.6329113924050633
precise_5min_late_proxy,60,causal_kalman_observer,22,3.6322772332044244,77.53349936281788,0.8354430379746836
precise_5min_late_proxy,60,causal_kalman_observer,23,3.6620357612294305,84.53455179988566,0.8734177215189873
precise_5min_late_proxy,60,causal_kalman_observer,24,3.491559126463353,44.427868489160865,0.9746835443037974
precise_5min_late_proxy,60,causal_kalman_observer,25,3.9117018570375515,143.27151039683073,0.7721518987341772
precise_5min_late_proxy,60,causal_kalman_observer,26,3.81689282874091,120.9665436305132,0.8227848101265823
precise_5min_late_proxy,60,causal_kalman_observer,27,3.7920691914760436,115.12648373158088,0.8354430379746836
precise_5min_late_proxy,60,causal_kalman_observer,28,3.623543125031631,75.47869513132582,0.9493670886075949
precise_5min_late_proxy,60,causal_kalman_observer,29,3.864191853408838,132.09420934180392,0.7721518987341772
precise_5min_late_proxy,60,causal_kalman_observer,30,3.9156468644265523,144.19962093952282,0.7215189873417721
precise_5min_late_proxy,60,causal_kalman_observer,31,3.8304862442911385,124.16455849825222,0.7848101265822784
precise_5min_late_proxy,60,causal_kalman_observer,32,3.5586310075268988,60.20733701610259,0.8987341772151899
precise_5min_late_proxy,60,causal_kalman_observer,33,3.704394700339756,94.50000283431807,0.810126582278481
precise_5min_late_proxy,60,causal_kalman_observer,34,4.062510243232969,178.75100114370383,0.7088607594936709
precise_5min_late_proxy,60,causal_kalman_observer,35,3.7348017639292848,101.65363108060362,0.7974683544303798
precise_5min_late_proxy,60,causal_kalman_observer,36,3.5443223797949925,56.841059861218085,0.9493670886075949
precise_5min_late_proxy,60,causal_kalman_observer,37,3.678546455555023,88.4188916653774,0.8481012658227848
precise_5min_late_proxy,60,causal_kalman_observer,38,3.7144029118532416,96.85455523517312,0.8354430379746836
precise_5min_late_proxy,60,causal_kalman_observer,39,3.7500684926399233,105.24531304000247,0.8354430379746836
precise_5min_late_proxy,60,causal_kalman_observer,40,3.6716312143622623,86.7919978161653,0.8481012658227848
precise_5min_late_proxy,60,causal_kalman_observer,41,3.6971796426432695,92.80257353851663,0.8481012658227848
precise_5min_late_proxy,60,causal_kalman_observer,42,3.828520882744534,123.70218350329259,0.7341772151898734
precise_5min_late_proxy,60,causal_kalman_observer,43,3.7943682688508185,115.6673693978393,0.7974683544303798
precise_5min_late_proxy,60,causal_kalman_observer,44,3.624685044143544,75.74734536747586,0.8481012658227848
precise_5min_late_proxy,60,causal_kalman_observer,45,3.9429070767192136,150.61291448502902,0.7341772151898734
precise_5min_late_proxy,60,causal_kalman_observer,46,3.725552508327609,99.47763220670898,0.8734177215189873
precise_5min_late_proxy,60,causal_kalman_observer,47,4.019719380620001,168.68393489872528,0.620253164556962
precise_5min_late_proxy,60,causal_kalman_observer,48,3.687137590416121,90.44005970184546,0.8607594936708861
precise_5min_late_proxy,60,causal_kalman_observer,49,4.025223113631442,169.97875443349346,0.620253164556962
precise_5min_late_proxy,60,causal_kalman_observer,50,3.467083010866724,38.66956725182274,0.9873417721518988
precise_5min_late_proxy,60,causal_kalman_observer,51,3.559401996199894,60.3887213951783,0.9367088607594937
precise_5min_late_proxy,60,causal_kalman_observer,52,3.565340070439438,61.785724939551166,0.9240506329113924
precise_5min_late_proxy,60,causal_kalman_observer,53,3.8187754317166376,121.40944867407467,0.8354430379746836
precise_5min_late_proxy,60,causal_kalman_observer,54,3.822568764988635,122.30187605241215,0.7974683544303798
precise_5min_late_proxy,60,causal_kalman_observer,55,3.698835442170923,93.19212033695513,0.8354430379746836
precise_5min_late_proxy,60,causal_kalman_observer,56,3.8339342247163155,124.97573745637732,0.7215189873417721
precise_5min_late_proxy,60,causal_kalman_observer,57,3.4921174952657954,44.55923148069856,0.9746835443037974
precise_5min_late_proxy,60,causal_kalman_observer,58,3.6284741665269213,76.63878208350538,0.8987341772151899
precise_5min_late_proxy,60,causal_kalman_observer,59,3.7012526405090633,93.7607953837146,0.8481012658227848
precise_5min_late_proxy,60,causal_kalman_observer,60,3.7173749403491314,97.55376076465026,0.7848101265822784
precise_5min_late_proxy,60,causal_kalman_observer,61,3.6752253230978353,87.63755522079015,0.8987341772151899
precise_5min_late_proxy,60,causal_kalman_observer,62,3.8065556609413953,118.53460029802149,0.8227848101265823
precise_5min_late_proxy,60,causal_kalman_observer,63,4.3462612710928905,245.50685087693125,0.7215189873417721
precise_5min_late_proxy,60,causal_kalman_observer,64,3.776279763758213,111.41183052995227,0.8227848101265823
precise_5min_late_proxy,60,causal_kalman_observer,65,4.05578733160001,177.16935514183928,0.7341772151898734
precise_5min_late_proxy,60,causal_kalman_observer,66,3.7745890829341087,111.01407748605335,0.810126582278481
precise_5min_late_proxy,60,causal_kalman_observer,67,3.71586375169579,97.19823541758169,0.8354430379746836
precise_5min_late_proxy,60,causal_kalman_observer,68,3.7755340037379037,111.23638149553554,0.810126582278481
precise_5min_late_proxy,60,causal_kalman_observer,69,3.6168011313325965,73.89255984339549,0.8860759493670886
precise_5min_late_proxy,60,causal_kalman_observer,70,3.9679738635654442,156.51017825398355,0.810126582278481
precise_5min_late_proxy,60,causal_kalman_observer,71,3.6227806106753913,75.299304437419,0.9240506329113924
precise_5min_late_proxy,60,causal_kalman_observer,72,3.8796673830633446,135.7350142402038,0.7341772151898734
precise_5min_late_proxy,60,causal_kalman_observer,73,4.310255347629179,237.03602335472718,0.6582278481012658
precise_5min_late_proxy,60,causal_kalman_observer,74,3.668572319100126,86.07235583280779,0.810126582278481
precise_5min_late_proxy,60,causal_kalman_observer,75,3.7572914582062036,106.94460275749704,0.7721518987341772
precise_5min_late_proxy,60,causal_kalman_observer,76,3.8030578648526805,117.71170160455486,0.7974683544303798
precise_5min_late_proxy,60,causal_kalman_observer,77,3.6791532974056063,88.56165852580067,0.8227848101265823
precise_5min_late_proxy,60,causal_kalman_observer,78,3.7775398564684664,111.70828252961562,0.8354430379746836
precise_5min_late_proxy,60,causal_kalman_observer,79,3.9957498463489753,163.04481302473542,0.7215189873417721
precise_5min_late_proxy,60,causal_kalman_observer,80,4.008866321746444,166.1306219723428,0.7088607594936709
precise_5min_late_proxy,60,causal_kalman_observer,81,3.460378782628078,37.09231674368651,0.9620253164556962
precise_5min_late_proxy,60,causal_kalman_observer,82,3.70763532388977,95.26239858801236,0.7974683544303798
precise_5min_late_proxy,60,causal_kalman_observer,83,4.072153796889825,181.01976338807933,0.7088607594936709
precise_5min_late_proxy,60,causal_kalman_observer,84,3.8808661327416027,136.0170345521408,0.7341772151898734
precise_5min_late_proxy,60,causal_kalman_observer,85,4.574266445969495,299.14781671679816,0.5949367088607594
precise_5min_late_proxy,60,causal_kalman_observer,86,3.6742085760603613,87.39835322401755,0.8860759493670886
precise_5min_late_proxy,60,causal_kalman_observer,87,3.960241266536579,154.6909915916484,0.8227848101265823
precise_5min_late_proxy,60,causal_kalman_observer,88,3.8130548115247853,120.0636038156847,0.7848101265822784
precise_5min_late_proxy,60,causal_kalman_observer,89,4.121738021506045,192.68504993376595,0.6962025316455697
precise_5min_late_proxy,60,causal_kalman_observer,90,3.648453970535376,81.33927181969129,0.8987341772151899
precise_5min_late_proxy,60,causal_kalman_observer,91,4.185547264086379,207.69694342860367,0.5189873417721519
precise_5min_late_proxy,60,causal_kalman_observer,92,3.7219761272790644,98.63624545415324,0.7848101265822784
precise_5min_late_proxy,60,causal_kalman_observer,93,4.005347541059191,165.30278639911504,0.8354430379746836
precise_5min_late_proxy,60,causal_kalman_observer,94,3.741436329168807,103.21449252845538,0.8227848101265823
precise_5min_late_proxy,60,causal_kalman_observer,95,3.5969651563735456,69.22590762484505,0.9240506329113924
precise_5min_late_proxy,60,causal_kalman_observer,96,3.6371909402411804,78.68950817467197,0.8354430379746836
precise_5min_late_proxy,60,causal_kalman_observer,97,3.7503394047070397,105.30904836945578,0.8354430379746836
precise_5min_late_proxy,60,causal_kalman_observer,98,3.7417572408933046,103.28999088002014,0.8354430379746836
precise_5min_late_proxy,60,causal_kalman_observer,99,3.856656798048269,130.32149673816903,0.7215189873417721
precise_5min_late_proxy,60,causal_kalman_observer,100,3.580016626671507,65.23856170923133,0.9240506329113924
precise_5min_late_proxy,60,causal_kalman_observer,101,3.923116143443216,145.9568588653643,0.7215189873417721
precise_5min_late_proxy,60,causal_kalman_observer,102,3.741660384003623,103.26720412917763,0.7974683544303798
precise_5min_late_proxy,60,causal_kalman_observer,103,3.748561303537705,104.89072863554719,0.8734177215189873
precise_5min_late_proxy,60,causal_kalman_observer,104,3.8340270414546116,124.99757371290512,0.8481012658227848
precise_5min_late_proxy,60,causal_kalman_observer,105,3.511865746872285,49.205245723112554,0.9367088607594937
precise_5min_late_proxy,60,causal_kalman_observer,106,3.7365144662598784,102.05656494935911,0.7848101265822784
precise_5min_late_proxy,60,causal_kalman_observer,107,3.782092344044146,112.77931010899236,0.7721518987341772
precise_5min_late_proxy,60,causal_kalman_observer,108,3.8864048851105633,137.32009281290058,0.7341772151898734
precise_5min_late_proxy,60,causal_kalman_observer,109,3.5825640205581615,65.83786682819922,0.9240506329113924
precise_5min_late_proxy,60,causal_kalman_observer,110,3.5936278553922034,68.44076734004948,0.9113924050632911
precise_5min_late_proxy,60,causal_kalman_observer,111,3.9497876853258416,152.23166060088096,0.6835443037974683
precise_5min_late_proxy,60,causal_kalman_observer,112,3.9458943609071033,151.31570909994633,0.6962025316455697
precise_5min_late_proxy,60,causal_kalman_observer,113,3.8101521276052113,119.38071243368863,0.8481012658227848
precise_5min_late_proxy,60,causal_kalman_observer,114,4.033038851548632,171.81750099201435,0.6582278481012658
precise_5min_late_proxy,60,causal_kalman_observer,115,4.146248192649869,198.45136314909783,0.5569620253164557
precise_5min_late_proxy,60,causal_kalman_observer,116,4.026307205061064,170.23380001031092,0.7088607594936709
precise_5min_late_proxy,60,causal_kalman_observer,117,3.4774892327269233,41.1177563844913,0.9873417721518988
precise_5min_late_proxy,60,causal_kalman_observer,118,4.340328148504597,244.11101226820398,0.5569620253164557
precise_5min_late_proxy,60,causal_kalman_observer,119,4.573076503828591,298.86786848419183,0.35443037974683544
precise_5min_late_proxy,60,causal_kalman_observer,120,3.6334315223918496,77.80505980834505,0.8734177215189873
precise_5min_late_proxy,60,causal_kalman_observer,121,3.6576651586871534,83.50631486712008,0.8354430379746836
precise_5min_late_proxy,60,causal_kalman_observer,122,3.6746746489598032,87.5080024918089,0.8354430379746836
precise_5min_late_proxy,60,causal_kalman_observer,123,3.813699035055991,120.21516516708546,0.759493670886076
precise_5min_late_proxy,60,causal_kalman_observer,124,3.6925571383853777,91.71507369064534,0.8354430379746836
precise_5min_late_proxy,60,causal_kalman_observer,125,3.785352980814377,113.54641421398858,0.810126582278481
precise_5min_late_proxy,60,causal_kalman_observer,126,3.6808866409301406,88.9694484842463,0.810126582278481
precise_5min_late_proxy,60,causal_kalman_observer,127,4.077396063229887,182.25306973659988,0.7215189873417721
precise_5min_late_proxy,60,memory_limited_ridge,0,3.7868918530616846,112.33760063374233,0.8354430379746836
precise_5min_late_proxy,60,memory_limited_ridge,1,4.382903621692703,271.7975875634204,0.569620253164557
precise_5min_late_proxy,60,memory_limited_ridge,2,3.584239797007427,58.119050077419296,0.9873417721518988
precise_5min_late_proxy,60,memory_limited_ridge,3,3.722231223445161,95.03797049858812,0.8607594936708861
precise_5min_late_proxy,60,memory_limited_ridge,4,3.940422290047218,153.41390610880597,0.7088607594936709
precise_5min_late_proxy,60,memory_limited_ridge,5,3.642295477776532,73.65155897048794,0.8987341772151899
precise_5min_late_proxy,60,memory_limited_ridge,6,3.769386688045081,107.65418072215047,0.8227848101265823
precise_5min_late_proxy,60,memory_limited_ridge,7,3.6734544916184464,81.98799828507718,0.9113924050632911
precise_5min_late_proxy,60,memory_limited_ridge,8,3.970618402545408,161.4927259538376,0.759493670886076
precise_5min_late_proxy,60,memory_limited_ridge,9,3.527165446311757,42.84909116896385,0.9873417721518988
precise_5min_late_proxy,60,memory_limited_ridge,10,3.9716123786911117,161.7586593322442,0.7215189873417721
precise_5min_late_proxy,60,memory_limited_ridge,11,3.6193466107451644,67.51170363629207,0.9620253164556962
precise_5min_late_proxy,60,memory_limited_ridge,12,3.959658620713449,158.56049078725616,0.8227848101265823
precise_5min_late_proxy,60,memory_limited_ridge,13,3.948827119138615,155.66257636600383,0.6708860759493671
precise_5min_late_proxy,60,memory_limited_ridge,14,3.5364358644470895,45.329345473485844,0.9873417721518988
precise_5min_late_proxy,60,memory_limited_ridge,15,3.8192964070634594,121.00727802862598,0.8354430379746836
precise_5min_late_proxy,60,memory_limited_ridge,16,4.0148943291932,173.33853010762596,0.7088607594936709
precise_5min_late_proxy,60,memory_limited_ridge,17,3.8961617984242767,141.57223151921482,0.759493670886076
precise_5min_late_proxy,60,memory_limited_ridge,18,3.733693731326315,98.10470752142987,0.8860759493670886
precise_5min_late_proxy,60,memory_limited_ridge,19,3.741256957634049,100.12821113604365,0.9240506329113924
precise_5min_late_proxy,60,memory_limited_ridge,20,3.5804323774762157,57.100393902093614,0.9367088607594937
precise_5min_late_proxy,60,memory_limited_ridge,21,4.08111888306781,191.05658040640597,0.6455696202531646
precise_5min_late_proxy,60,memory_limited_ridge,22,3.684307456125986,84.89165500731839,0.8734177215189873
precise_5min_late_proxy,60,memory_limited_ridge,23,3.7160673475556654,93.38885613456675,0.8860759493670886
precise_5min_late_proxy,60,memory_limited_ridge,24,3.542215420681255,46.87563702352716,0.9873417721518988
precise_5min_late_proxy,60,memory_limited_ridge,25,3.951459907106453,156.36696570365797,0.759493670886076
precise_5min_late_proxy,60,memory_limited_ridge,26,3.8126844066106416,119.23827016455793,0.8734177215189873
precise_5min_late_proxy,60,memory_limited_ridge,27,3.7717268724919513,108.28028544180708,0.8607594936708861
precise_5min_late_proxy,60,memory_limited_ridge,28,3.6445670341405285,74.25930258760624,0.9493670886075949
precise_5min_late_proxy,60,memory_limited_ridge,29,3.898797848465226,142.2774936083192,0.7848101265822784
precise_5min_late_proxy,60,memory_limited_ridge,30,3.918922107828788,147.66163919734683,0.7341772151898734
precise_5min_late_proxy,60,memory_limited_ridge,31,3.8579043284245955,131.33663553404807,0.810126582278481
precise_5min_late_proxy,60,memory_limited_ridge,32,3.629944178012267,70.34703009600301,0.8987341772151899
precise_5min_late_proxy,60,memory_limited_ridge,33,3.7382975850170084,99.33644569839626,0.810126582278481
precise_5min_late_proxy,60,memory_limited_ridge,34,4.097936457977468,195.55603900173298,0.6962025316455697
precise_5min_late_proxy,60,memory_limited_ridge,35,3.74349902137158,100.72806414750939,0.810126582278481
precise_5min_late_proxy,60,memory_limited_ridge,36,3.59526740253852,61.06943113766678,0.9620253164556962
precise_5min_late_proxy,60,memory_limited_ridge,37,3.727697561308284,96.50046202993644,0.8354430379746836
precise_5min_late_proxy,60,memory_limited_ridge,38,3.731703255400844,97.5721655788628,0.8607594936708861
precise_5min_late_proxy,60,memory_limited_ridge,39,3.7609012280682586,105.38393807223711,0.8734177215189873
precise_5min_late_proxy,60,memory_limited_ridge,40,3.6832261722667776,84.60236288402245,0.8860759493670886
precise_5min_late_proxy,60,memory_limited_ridge,41,3.7244254379701136,95.62502169100611,0.8987341772151899
precise_5min_late_proxy,60,memory_limited_ridge,42,3.900642051325959,142.770900919292,0.7468354430379747
precise_5min_late_proxy,60,memory_limited_ridge,43,3.8082983371522965,118.0647990767188,0.8354430379746836
precise_5min_late_proxy,60,memory_limited_ridge,44,3.6510080399290037,75.98256167895488,0.8734177215189873
precise_5min_late_proxy,60,memory_limited_ridge,45,3.9411965148009753,153.62104609431083,0.6962025316455697
precise_5min_late_proxy,60,memory_limited_ridge,46,3.794321604068745,114.32539359494135,0.8734177215189873
precise_5min_late_proxy,60,memory_limited_ridge,47,3.9610788245314796,158.9404592613364,0.6708860759493671
precise_5min_late_proxy,60,memory_limited_ridge,48,3.715011892630262,93.10647441415874,0.9113924050632911
precise_5min_late_proxy,60,memory_limited_ridge,49,3.99838946242742,168.92273502224975,0.6455696202531646
precise_5min_late_proxy,60,memory_limited_ridge,50,3.5421080217912713,46.84690298421039,0.9873417721518988
precise_5min_late_proxy,60,memory_limited_ridge,51,3.624160490202096,68.79963316333233,0.9113924050632911
precise_5min_late_proxy,60,memory_limited_ridge,52,3.617282051292286,66.95934101411116,0.9493670886075949
precise_5min_late_proxy,60,memory_limited_ridge,53,3.803000046818861,116.64726782685807,0.8607594936708861
precise_5min_late_proxy,60,memory_limited_ridge,54,3.838615520762607,126.1760108961581,0.7974683544303798
precise_5min_late_proxy,60,memory_limited_ridge,55,3.744073612996927,100.88179328154702,0.8734177215189873
precise_5min_late_proxy,60,memory_limited_ridge,56,3.8465594914506482,128.30138077768638,0.7848101265822784
precise_5min_late_proxy,60,memory_limited_ridge,57,3.554139155298085,50.06577296751982,0.9620253164556962
precise_5min_late_proxy,60,memory_limited_ridge,58,3.722183149030146,95.0251084277474,0.8734177215189873
precise_5min_late_proxy,60,memory_limited_ridge,59,3.717994457027977,93.90444469747865,0.8734177215189873
precise_5min_late_proxy,60,memory_limited_ridge,60,3.7494413800186823,102.31791267411647,0.7974683544303798
precise_5min_late_proxy,60,memory_limited_ridge,61,3.7256653754447995,95.95676080072379,0.9113924050632911
precise_5min_late_proxy,60,memory_limited_ridge,62,3.8053893500397424,117.28651403041492,0.8227848101265823
precise_5min_late_proxy,60,memory_limited_ridge,63,4.2527905432720505,236.98648000426357,0.7468354430379747
precise_5min_late_proxy,60,memory_limited_ridge,64,3.789339444916172,112.99244167156634,0.8354430379746836
precise_5min_late_proxy,60,memory_limited_ridge,65,4.0585486334796235,185.01802228766536,0.7974683544303798
precise_5min_late_proxy,60,memory_limited_ridge,66,3.8023388027668594,116.47035526667202,0.8354430379746836
precise_5min_late_proxy,60,memory_limited_ridge,67,3.7660754378855255,106.76827219659168,0.8354430379746836
precise_5min_late_proxy,60,memory_limited_ridge,68,3.794929556929575,114.48804836174983,0.8227848101265823
precise_5min_late_proxy,60,memory_limited_ridge,69,3.642604168991302,73.73414777101739,0.8860759493670886
precise_5min_late_proxy,60,memory_limited_ridge,70,3.999598616313698,169.24623813586228,0.8227848101265823
precise_5min_late_proxy,60,memory_limited_ridge,71,3.7057932141034624,90.64006278478897,0.8734177215189873
precise_5min_late_proxy,60,memory_limited_ridge,72,3.92514979460448,149.32782584687428,0.6962025316455697
precise_5min_late_proxy,60,memory_limited_ridge,73,4.172740517940958,215.56949352036284,0.6708860759493671
precise_5min_late_proxy,60,memory_limited_ridge,74,3.673982584734016,82.12928697388892,0.8860759493670886
precise_5min_late_proxy,60,memory_limited_ridge,75,3.783982991085074,111.55934906693847,0.7848101265822784
precise_5min_late_proxy,60,memory_limited_ridge,76,3.8202428529937533,121.26049493409275,0.8227848101265823
precise_5min_late_proxy,60,memory_limited_ridge,77,3.7100146511861163,91.76948729862171,0.8227848101265823
precise_5min_late_proxy,60,memory_limited_ridge,78,3.7915324533468664,113.57917017945859,0.8860759493670886
precise_5min_late_proxy,60,memory_limited_ridge,79,4.018335200047489,174.25911800593573,0.759493670886076
precise_5min_late_proxy,60,memory_limited_ridge,80,4.0081562637497505,171.5357941817709,0.7088607594936709
precise_5min_late_proxy,60,memory_limited_ridge,81,3.5162319649540126,39.92389256356345,0.9746835443037974
precise_5min_late_proxy,60,memory_limited_ridge,82,3.7667194158554005,106.9405653023051,0.8227848101265823
precise_5min_late_proxy,60,memory_limited_ridge,83,4.133091904929982,204.96170413554594,0.7215189873417721
precise_5min_late_proxy,60,memory_limited_ridge,84,3.8893253864087884,139.7431834567253,0.7974683544303798
precise_5min_late_proxy,60,memory_limited_ridge,85,4.510670079159447,305.9808683474469,0.6075949367088608
precise_5min_late_proxy,60,memory_limited_ridge,86,3.701225046843547,89.41787233504016,0.8987341772151899
precise_5min_late_proxy,60,memory_limited_ridge,87,3.9289785969914606,150.35220289900278,0.8354430379746836
precise_5min_late_proxy,60,memory_limited_ridge,88,3.8269994134998746,123.06817912205791,0.810126582278481
precise_5min_late_proxy,60,memory_limited_ridge,89,4.093526712548572,194.37623352562616,0.6962025316455697
precise_5min_late_proxy,60,memory_limited_ridge,90,3.686202510381985,85.39866735639791,0.8987341772151899
precise_5min_late_proxy,60,memory_limited_ridge,91,4.119410475854236,201.30130577359992,0.5949367088607594
precise_5min_late_proxy,60,memory_limited_ridge,92,3.777809424398052,109.90764197819531,0.8481012658227848
precise_5min_late_proxy,60,memory_limited_ridge,93,3.9479357761222627,155.42410197133873,0.8354430379746836
precise_5min_late_proxy,60,memory_limited_ridge,94,3.772573376510041,108.50676338530599,0.8354430379746836
precise_5min_late_proxy,60,memory_limited_ridge,95,3.6499252609825508,75.69286955249616,0.9240506329113924
precise_5min_late_proxy,60,memory_limited_ridge,96,3.692721483024873,87.14278609220332,0.8734177215189873
precise_5min_late_proxy,60,memory_limited_ridge,97,3.7701727397182605,107.86448494117452,0.8734177215189873
precise_5min_late_proxy,60,memory_limited_ridge,98,3.7849606684367605,111.8209217839996,0.8227848101265823
precise_5min_late_proxy,60,memory_limited_ridge,99,3.872300470302322,135.1882517545346,0.759493670886076
precise_5min_late_proxy,60,memory_limited_ridge,100,3.602805471560119,63.086204045390225,0.9620253164556962
precise_5min_late_proxy,60,memory_limited_ridge,101,3.8980928778402504,142.0888822208252,0.7341772151898734
precise_5min_late_proxy,60,memory_limited_ridge,102,3.7762215093811897,109.48280320627681,0.810126582278481
precise_5min_late_proxy,60,memory_limited_ridge,103,3.7955668517191854,114.65855341579463,0.8354430379746836
precise_5min_late_proxy,60,memory_limited_ridge,104,3.8066317819179565,117.61892050540143,0.8354430379746836
precise_5min_late_proxy,60,memory_limited_ridge,105,3.5732795736565093,55.186696784634435,0.9367088607594937
precise_5min_late_proxy,60,memory_limited_ridge,106,3.748532738972221,102.0748102774554,0.8354430379746836
precise_5min_late_proxy,60,memory_limited_ridge,107,3.8187417841779814,120.85889143170941,0.8227848101265823
precise_5min_late_proxy,60,memory_limited_ridge,108,3.9065541745724413,144.3526601147121,0.7721518987341772
precise_5min_late_proxy,60,memory_limited_ridge,109,3.6240017283257133,68.7571572122431,0.9367088607594937
precise_5min_late_proxy,60,memory_limited_ridge,110,3.664335383837702,79.5482263140171,0.9113924050632911
precise_5min_late_proxy,60,memory_limited_ridge,111,3.942225848145908,153.89643911567038,0.7088607594936709
precise_5min_late_proxy,60,memory_limited_ridge,112,3.8953882269532474,141.36526631625753,0.7468354430379747
precise_5min_late_proxy,60,memory_limited_ridge,113,3.8370236925452037,125.75012516688021,0.8607594936708861
precise_5min_late_proxy,60,memory_limited_ridge,114,4.024754695055261,175.9766219948008,0.6835443037974683
precise_5min_late_proxy,60,memory_limited_ridge,115,4.112600290139648,199.47927442758868,0.5949367088607594
precise_5min_late_proxy,60,memory_limited_ridge,116,3.968352666105593,160.88653942851286,0.7721518987341772
precise_5min_late_proxy,60,memory_limited_ridge,117,3.5587196898668214,51.29127222928692,0.9873417721518988
precise_5min_late_proxy,60,memory_limited_ridge,118,4.265098491666786,240.2794104352572,0.6075949367088608
precise_5min_late_proxy,60,memory_limited_ridge,119,4.508103901863095,305.2943003639394,0.4050632911392405
precise_5min_late_proxy,60,memory_limited_ridge,120,3.6774188554793272,83.04864413590087,0.8860759493670886
precise_5min_late_proxy,60,memory_limited_ridge,121,3.7141245877946147,92.86908041467434,0.8607594936708861
precise_5min_late_proxy,60,memory_limited_ridge,122,3.7190510082522827,94.18711972721007,0.8607594936708861
precise_5min_late_proxy,60,memory_limited_ridge,123,3.830717705243285,124.06298960066101,0.810126582278481
precise_5min_late_proxy,60,memory_limited_ridge,124,3.7555756093456876,103.95909524766614,0.8607594936708861
precise_5min_late_proxy,60,memory_limited_ridge,125,3.801111104355813,116.14189065761123,0.810126582278481
precise_5min_late_proxy,60,memory_limited_ridge,126,3.723679408498801,95.42542521320793,0.8607594936708861
precise_5min_late_proxy,60,memory_limited_ridge,127,4.091938139403738,193.95121867483945,0.7215189873417721
precise_5min_late_proxy,120,hidden_state_oracle,0,4.201375652264322,247.51393406820804,0.9253731343283582
precise_5min_late_proxy,120,hidden_state_oracle,1,5.313565309496324,1025.403999848405,0.417910447761194
precise_5min_late_proxy,120,hidden_state_oracle,2,4.149683782491973,211.35949609439004,0.9253731343283582
precise_5min_late_proxy,120,hidden_state_oracle,3,4.044301955945226,137.65311386772416,0.9552238805970149
precise_5min_late_proxy,120,hidden_state_oracle,4,4.502167748489495,457.89458452408,0.6865671641791045
precise_5min_late_proxy,120,hidden_state_oracle,5,4.120566876956751,190.9944878290912,0.8955223880597015
precise_5min_late_proxy,120,hidden_state_oracle,6,4.187724972544507,237.96634649971628,0.8955223880597015
precise_5min_late_proxy,120,hidden_state_oracle,7,4.16628717862289,222.97227888235358,0.8955223880597015
precise_5min_late_proxy,120,hidden_state_oracle,8,4.305118095182948,320.0736950958468,0.8208955223880597
precise_5min_late_proxy,120,hidden_state_oracle,9,3.929707976047254,57.50354766630707,1.0
precise_5min_late_proxy,120,hidden_state_oracle,10,4.7628707179010386,640.236012270639,0.6716417910447762
precise_5min_late_proxy,120,hidden_state_oracle,11,4.047457018680217,139.85983458527804,0.9850746268656716
precise_5min_late_proxy,120,hidden_state_oracle,12,4.609519631912511,532.9788681393338,0.6716417910447762
precise_5min_late_proxy,120,hidden_state_oracle,13,4.842537770560343,695.9569124162988,0.5373134328358209
precise_5min_late_proxy,120,hidden_state_oracle,14,3.9784081660279202,91.56553856977494,1.0
precise_5min_late_proxy,120,hidden_state_oracle,15,4.292198867092678,311.03770098852783,0.8656716417910447
precise_5min_late_proxy,120,hidden_state_oracle,16,4.69399001869799,592.0593264997964,0.5970149253731343
precise_5min_late_proxy,120,hidden_state_oracle,17,4.230150802067912,267.63991080967133,0.8955223880597015
precise_5min_late_proxy,120,hidden_state_oracle,18,4.263584935930487,291.024484133605,0.7910447761194029
precise_5min_late_proxy,120,hidden_state_oracle,19,4.097290215196636,174.71427534016786,0.9552238805970149
precise_5min_late_proxy,120,hidden_state_oracle,20,4.000257726259315,106.84760465908667,1.0
precise_5min_late_proxy,120,hidden_state_oracle,21,5.039551660177392,833.752787928428,0.3880597014925373
precise_5min_late_proxy,120,hidden_state_oracle,22,3.9878880465325848,98.19597684207089,1.0
precise_5min_late_proxy,120,hidden_state_oracle,23,4.0317480543177995,128.8726371754113,0.9701492537313433
precise_5min_late_proxy,120,hidden_state_oracle,24,4.071099218508432,156.39571249060833,0.9402985074626866
precise_5min_late_proxy,120,hidden_state_oracle,25,4.28643569804571,307.0068129831437,0.8208955223880597
precise_5min_late_proxy,120,hidden_state_oracle,26,4.25671726071964,286.22108006777506,0.835820895522388
precise_5min_late_proxy,120,hidden_state_oracle,27,4.180617800728216,232.99543320652288,0.8805970149253731
precise_5min_late_proxy,120,hidden_state_oracle,28,3.9941759094816334,102.59384737723265,1.0
precise_5min_late_proxy,120,hidden_state_oracle,29,4.572784701953043,507.28564495856625,0.6119402985074627
precise_5min_late_proxy,120,hidden_state_oracle,30,4.604124186106624,529.2051739087083,0.6716417910447762
precise_5min_late_proxy,120,hidden_state_oracle,31,4.75276801078981,633.1699552827762,0.5522388059701493
precise_5min_late_proxy,120,hidden_state_oracle,32,4.141855622487076,205.88430770223928,0.9402985074626866
precise_5min_late_proxy,120,hidden_state_oracle,33,4.156554751199019,216.16520370436788,0.9402985074626866
precise_5min_late_proxy,120,hidden_state_oracle,34,4.713356347473202,605.6045655396606,0.746268656716418
precise_5min_late_proxy,120,hidden_state_oracle,35,4.334592374937089,340.6886588007203,0.7761194029850746
precise_5min_late_proxy,120,hidden_state_oracle,36,4.058518647493983,147.5965826386541,0.9850746268656716
precise_5min_late_proxy,120,hidden_state_oracle,37,4.150492548718225,211.9251650959406,0.8955223880597015
precise_5min_late_proxy,120,hidden_state_oracle,38,4.073475588209669,158.05779806314732,0.9701492537313433
precise_5min_late_proxy,120,hidden_state_oracle,39,4.189142372206919,238.9577071992689,0.8507462686567164
precise_5min_late_proxy,120,hidden_state_oracle,40,4.2801012836787855,302.5763833558557,0.7761194029850746
precise_5min_late_proxy,120,hidden_state_oracle,41,4.109387412487732,183.17532291000947,0.9402985074626866
precise_5min_late_proxy,120,hidden_state_oracle,42,4.511046756559083,464.10475931432563,0.6865671641791045
precise_5min_late_proxy,120,hidden_state_oracle,43,4.266105840790897,292.78766079591185,0.8955223880597015
precise_5min_late_proxy,120,hidden_state_oracle,44,4.083552121483951,165.10554849006172,1.0
precise_5min_late_proxy,120,hidden_state_oracle,45,4.558198004701041,497.08338600831377,0.6268656716417911
precise_5min_late_proxy,120,hidden_state_oracle,46,4.360672788822287,358.92987758999146,0.835820895522388
precise_5min_late_proxy,120,hidden_state_oracle,47,4.765400994155729,642.0057434935502,0.6567164179104478
precise_5min_late_proxy,120,hidden_state_oracle,48,4.351046484226648,352.1970270672118,0.7910447761194029
precise_5min_late_proxy,120,hidden_state_oracle,49,4.835951686851672,691.3504596804206,0.5373134328358209
precise_5min_late_proxy,120,hidden_state_oracle,50,4.011740073533301,114.87861251659757,1.0
precise_5min_late_proxy,120,hidden_state_oracle,51,3.913202972447455,45.95958279263197,1.0
precise_5min_late_proxy,120,hidden_state_oracle,52,4.17878474808861,231.71335561379587,0.8955223880597015
precise_5min_late_proxy,120,hidden_state_oracle,53,4.129205423844368,197.0364787457997,0.8805970149253731
precise_5min_late_proxy,120,hidden_state_oracle,54,4.692306319852121,590.8817102565147,0.5522388059701493
precise_5min_late_proxy,120,hidden_state_oracle,55,4.017432411824128,118.85995992322187,0.9850746268656716
precise_5min_late_proxy,120,hidden_state_oracle,56,4.426203454930739,404.76347605789107,0.7611940298507462
precise_5min_late_proxy,120,hidden_state_oracle,57,3.952430097427582,73.39590233826065,1.0
precise_5min_late_proxy,120,hidden_state_oracle,58,4.107134795883956,181.5997929932448,0.9850746268656716
precise_5min_late_proxy,120,hidden_state_oracle,59,4.349239552369356,350.93321892784644,0.746268656716418
precise_5min_late_proxy,120,hidden_state_oracle,60,4.161972500384635,219.95449741248103,0.8955223880597015
precise_5min_late_proxy,120,hidden_state_oracle,61,4.272282074322358,297.10745524537407,0.7910447761194029
precise_5min_late_proxy,120,hidden_state_oracle,62,4.698977177253549,595.5474555896634,0.5671641791044776
precise_5min_late_proxy,120,hidden_state_oracle,63,4.887767716760682,727.591738002237,0.6716417910447762
precise_5min_late_proxy,120,hidden_state_oracle,64,4.255700826235244,285.51016328951914,0.7761194029850746
precise_5min_late_proxy,120,hidden_state_oracle,65,4.799392377834678,665.78006967438,0.5223880597014925
precise_5min_late_proxy,120,hidden_state_oracle,66,4.3559403864037005,355.61993058162255,0.7761194029850746
precise_5min_late_proxy,120,hidden_state_oracle,67,4.045379307808666,138.40663760935473,0.9402985074626866
precise_5min_late_proxy,120,hidden_state_oracle,68,4.313839196979219,326.1734267431115,0.8059701492537313
precise_5min_late_proxy,120,hidden_state_oracle,69,4.0480303281399115,140.26081991220863,0.9701492537313433
precise_5min_late_proxy,120,hidden_state_oracle,70,4.34708221570486,349.42432990973424,0.7761194029850746
precise_5min_late_proxy,120,hidden_state_oracle,71,4.095861086126815,173.71471083342956,0.8955223880597015
precise_5min_late_proxy,120,hidden_state_oracle,72,4.7920134752183134,660.6191018445624,0.4626865671641791
precise_5min_late_proxy,120,hidden_state_oracle,73,5.168484555620213,923.9313090692043,0.417910447761194
precise_5min_late_proxy,120,hidden_state_oracle,74,4.331913830696054,338.81522566608754,0.7910447761194029
precise_5min_late_proxy,120,hidden_state_oracle,75,4.135432395752467,201.3917607390342,0.9402985074626866
precise_5min_late_proxy,120,hidden_state_oracle,76,4.072416703634058,157.3171907514184,0.9701492537313433
precise_5min_late_proxy,120,hidden_state_oracle,77,4.133014373727067,199.70054260895495,0.8955223880597015
precise_5min_late_proxy,120,hidden_state_oracle,78,4.127985872054016,196.18349722753973,0.9552238805970149
precise_5min_late_proxy,120,hidden_state_oracle,79,4.726695053506061,614.9339518056187,0.6567164179104478
precise_5min_late_proxy,120,hidden_state_oracle,80,4.345465627414159,348.29365227430014,0.8656716417910447
precise_5min_late_proxy,120,hidden_state_oracle,81,3.9907435737438117,100.19319578376341,0.9701492537313433
precise_5min_late_proxy,120,hidden_state_oracle,82,4.3413999309435605,345.4500141642067,0.7910447761194029
precise_5min_late_proxy,120,hidden_state_oracle,83,4.609426901247521,532.9140102595462,0.6716417910447762
precise_5min_late_proxy,120,hidden_state_oracle,84,4.176159184845056,229.87697856159193,0.8955223880597015
precise_5min_late_proxy,120,hidden_state_oracle,85,4.860189261845644,708.302756155948,0.6417910447761194
precise_5min_late_proxy,120,hidden_state_oracle,86,4.075902363159689,159.75513818246188,0.9253731343283582
precise_5min_late_proxy,120,hidden_state_oracle,87,4.620779166706837,540.8540360163747,0.7313432835820896
precise_5min_late_proxy,120,hidden_state_oracle,88,4.161863036557234,219.87793598849976,0.8805970149253731
precise_5min_late_proxy,120,hidden_state_oracle,89,4.520775459877514,470.9092297705292,0.6865671641791045
precise_5min_late_proxy,120,hidden_state_oracle,90,4.211269427649553,254.43385958197726,0.8955223880597015
precise_5min_late_proxy,120,hidden_state_oracle,91,5.062242710233414,849.6234106283642,0.44776119402985076
precise_5min_late_proxy,120,hidden_state_oracle,92,4.27069971755699,296.00071989651053,0.7761194029850746
precise_5min_late_proxy,120,hidden_state_oracle,93,4.045673467192813,138.61237919415896,0.9253731343283582
precise_5min_late_proxy,120,hidden_state_oracle,94,4.117090652789829,188.56313969679235,0.9104477611940298
precise_5min_late_proxy,120,hidden_state_oracle,95,4.052463619573778,143.36156207672047,0.9850746268656716
precise_5min_late_proxy,120,hidden_state_oracle,96,4.280427797971093,302.8047546796396,0.7910447761194029
precise_5min_late_proxy,120,hidden_state_oracle,97,4.191736867617915,240.77235472166194,0.8955223880597015
precise_5min_late_proxy,120,hidden_state_oracle,98,4.20089214452825,247.17575805463477,0.8208955223880597
precise_5min_late_proxy,120,hidden_state_oracle,99,4.522804028606615,472.32805564421005,0.6417910447761194
precise_5min_late_proxy,120,hidden_state_oracle,100,4.036906391859349,132.48049263731014,0.9850746268656716
precise_5min_late_proxy,120,hidden_state_oracle,101,4.447093123896717,419.3741729479458,0.7313432835820896
precise_5min_late_proxy,120,hidden_state_oracle,102,4.427115440501737,405.4013389540272,0.8059701492537313
precise_5min_late_proxy,120,hidden_state_oracle,103,4.452381167873614,423.0727479619174,0.6716417910447762
precise_5min_late_proxy,120,hidden_state_oracle,104,4.223467629412958,262.9655519155947,0.835820895522388
precise_5min_late_proxy,120,hidden_state_oracle,105,4.008480394069974,112.59872054344247,1.0
precise_5min_late_proxy,120,hidden_state_oracle,106,4.374190488288278,368.38445582529437,0.7164179104477612
precise_5min_late_proxy,120,hidden_state_oracle,107,4.254773439347501,284.86152837152855,0.835820895522388
precise_5min_late_proxy,120,hidden_state_oracle,108,4.54708163857444,489.3083534666675,0.6417910447761194
precise_5min_late_proxy,120,hidden_state_oracle,109,4.2338942946019555,270.258192354208,0.8656716417910447
precise_5min_late_proxy,120,hidden_state_oracle,110,4.150170288101616,211.699768887099,0.9552238805970149
precise_5min_late_proxy,120,hidden_state_oracle,111,4.744732646984164,627.5498439657034,0.5671641791044776
precise_5min_late_proxy,120,hidden_state_oracle,112,4.44953476318051,421.08190951133776,0.7164179104477612
precise_5min_late_proxy,120,hidden_state_oracle,113,4.17013494951306,225.66349501747663,0.9104477611940298
precise_5min_late_proxy,120,hidden_state_oracle,114,4.490329641050741,449.61475013219746,0.6865671641791045
precise_5min_late_proxy,120,hidden_state_oracle,115,5.211838276579266,954.253861189126,0.34328358208955223
precise_5min_late_proxy,120,hidden_state_oracle,116,4.449203175341512,420.84998963669017,0.7761194029850746
precise_5min_late_proxy,120,hidden_state_oracle,117,3.966453256109381,83.20400993798239,1.0
precise_5min_late_proxy,120,hidden_state_oracle,118,5.114477888257283,886.1578504200068,0.43283582089552236
precise_5min_late_proxy,120,hidden_state_oracle,119,5.655314115741947,1264.4306799133299,0.3880597014925373
precise_5min_late_proxy,120,hidden_state_oracle,120,4.035939704232199,131.80436991221256,0.9701492537313433
precise_5min_late_proxy,120,hidden_state_oracle,121,3.988025122586782,98.29185086870206,0.9850746268656716
precise_5min_late_proxy,120,hidden_state_oracle,122,4.144766932842218,207.9205426096047,0.8805970149253731
precise_5min_late_proxy,120,hidden_state_oracle,123,4.461037451572366,429.1271443969595,0.7014925373134329
precise_5min_late_proxy,120,hidden_state_oracle,124,4.0895142036536445,169.2755607366356,0.9701492537313433
precise_5min_late_proxy,120,hidden_state_oracle,125,4.249130963061051,280.9150555545143,0.7761194029850746
precise_5min_late_proxy,120,hidden_state_oracle,126,4.145965150951869,208.75860287933904,0.8955223880597015
precise_5min_late_proxy,120,hidden_state_oracle,127,4.626511374142448,544.8632687854076,0.6268656716417911
precise_5min_late_proxy,120,causal_kalman_observer,0,4.203808892535934,241.3240178772968,0.9402985074626866
precise_5min_late_proxy,120,causal_kalman_observer,1,5.375022066784622,1117.9680459393965,0.373134328358209
precise_5min_late_proxy,120,causal_kalman_observer,2,4.194842838253361,234.61299539657637,0.9552238805970149
precise_5min_late_proxy,120,causal_kalman_observer,3,4.062258697403223,135.3747885120131,0.9701492537313433
precise_5min_late_proxy,120,causal_kalman_observer,4,4.550071444706072,500.4988676617634,0.6716417910447762
precise_5min_late_proxy,120,causal_kalman_observer,5,4.167277448246325,213.9805135715897,0.8656716417910447
precise_5min_late_proxy,120,causal_kalman_observer,6,4.224167754972248,256.5624693952116,0.8656716417910447
precise_5min_late_proxy,120,causal_kalman_observer,7,4.2325158250662955,262.8109354769596,0.8507462686567164
precise_5min_late_proxy,120,causal_kalman_observer,8,4.306004009002845,317.8162743832882,0.8208955223880597
precise_5min_late_proxy,120,causal_kalman_observer,9,3.950736701425392,51.9014346247107,1.0
precise_5min_late_proxy,120,causal_kalman_observer,10,4.764606801756571,661.0769278318389,0.6865671641791045
precise_5min_late_proxy,120,causal_kalman_observer,11,4.1090593223241,170.40469532020654,0.9701492537313433
precise_5min_late_proxy,120,causal_kalman_observer,12,4.687953994419686,603.7028927171974,0.582089552238806
precise_5min_late_proxy,120,causal_kalman_observer,13,4.914327098587755,773.1414153073476,0.5223880597014925
precise_5min_late_proxy,120,causal_kalman_observer,14,4.017781758303229,102.08414261955744,1.0
precise_5min_late_proxy,120,causal_kalman_observer,15,4.353017644465756,353.0056179393728,0.8059701492537313
precise_5min_late_proxy,120,causal_kalman_observer,16,4.738158629824273,641.2806751193613,0.582089552238806
precise_5min_late_proxy,120,causal_kalman_observer,17,4.256501483433038,280.76401577750505,0.8805970149253731
precise_5min_late_proxy,120,causal_kalman_observer,18,4.305332655954712,317.3137718045039,0.746268656716418
precise_5min_late_proxy,120,causal_kalman_observer,19,4.169269670376611,215.47167647129766,0.9104477611940298
precise_5min_late_proxy,120,causal_kalman_observer,20,4.0245951112411955,107.18388474633124,1.0
precise_5min_late_proxy,120,causal_kalman_observer,21,5.104473924842272,915.4648482707044,0.40298507462686567
precise_5min_late_proxy,120,causal_kalman_observer,22,4.019889079887385,103.66145657279284,1.0
precise_5min_late_proxy,120,causal_kalman_observer,23,4.055739035802247,130.49487208591276,0.9850746268656716
precise_5min_late_proxy,120,causal_kalman_observer,24,4.120430699442913,178.916083393044,0.8955223880597015
precise_5min_late_proxy,120,causal_kalman_observer,25,4.320455319385843,328.632968750695,0.8059701492537313
precise_5min_late_proxy,120,causal_kalman_observer,26,4.300739876879474,313.87611208803156,0.8208955223880597
precise_5min_late_proxy,120,causal_kalman_observer,27,4.176054970685374,220.55042142146416,0.8805970149253731
precise_5min_late_proxy,120,causal_kalman_observer,28,4.01990943756006,103.67669413378438,0.9850746268656716
precise_5min_late_proxy,120,causal_kalman_observer,29,4.587252164410774,528.3283496081962,0.6417910447761194
precise_5min_late_proxy,120,causal_kalman_observer,30,4.673485409141241,592.8732682237801,0.6417910447761194
precise_5min_late_proxy,120,causal_kalman_observer,31,4.799371286209749,687.0978763274751,0.5373134328358209
precise_5min_late_proxy,120,causal_kalman_observer,32,4.193722898835497,233.77472937972442,0.9402985074626866
precise_5min_late_proxy,120,causal_kalman_observer,33,4.1614610701989765,209.62699946137602,0.9552238805970149
precise_5min_late_proxy,120,causal_kalman_observer,34,4.709874186483995,620.1099874200692,0.7313432835820896
precise_5min_late_proxy,120,causal_kalman_observer,35,4.329575635884943,335.4594553107529,0.835820895522388
precise_5min_late_proxy,120,causal_kalman_observer,36,4.1152677816470025,175.0516792412865,0.9701492537313433
precise_5min_late_proxy,120,causal_kalman_observer,37,4.190696249687452,231.50930583513696,0.8656716417910447
precise_5min_late_proxy,120,causal_kalman_observer,38,4.125144703517133,182.444479086319,0.9701492537313433
precise_5min_late_proxy,120,causal_kalman_observer,39,4.235610208205072,265.1270573912182,0.8656716417910447
precise_5min_late_proxy,120,causal_kalman_observer,40,4.33237174151243,337.55231880824584,0.7761194029850746
precise_5min_late_proxy,120,causal_kalman_observer,41,4.1346443980085725,189.5549271477278,0.9552238805970149
precise_5min_late_proxy,120,causal_kalman_observer,42,4.539967781880118,492.9363539600138,0.7164179104477612
precise_5min_late_proxy,120,causal_kalman_observer,43,4.295892793412562,310.2481074956888,0.9104477611940298
precise_5min_late_proxy,120,causal_kalman_observer,44,4.1021221476526755,165.21227358090283,1.0
precise_5min_late_proxy,120,causal_kalman_observer,45,4.613424267465859,547.9179668952322,0.6268656716417911
precise_5min_late_proxy,120,causal_kalman_observer,46,4.416237051216889,400.3248563193214,0.8059701492537313
precise_5min_late_proxy,120,causal_kalman_observer,47,4.754581831946355,653.5733152454567,0.6567164179104478
precise_5min_late_proxy,120,causal_kalman_observer,48,4.382412293669844,375.00728616537725,0.8059701492537313
precise_5min_late_proxy,120,causal_kalman_observer,49,4.811336152814752,696.0534867034976,0.5373134328358209
precise_5min_late_proxy,120,causal_kalman_observer,50,4.044664724078384,122.20583517010809,0.9850746268656716
precise_5min_late_proxy,120,causal_kalman_observer,51,3.94089792733227,44.537188096557124,1.0
precise_5min_late_proxy,120,causal_kalman_observer,52,4.225370525043088,257.4627335169933,0.8805970149253731
precise_5min_late_proxy,120,causal_kalman_observer,53,4.170774240941133,216.59783593499324,0.8507462686567164
precise_5min_late_proxy,120,causal_kalman_observer,54,4.7685297961851925,664.013258905964,0.5223880597014925
precise_5min_late_proxy,120,causal_kalman_observer,55,4.05267530632313,128.20169419949582,0.9701492537313433
precise_5min_late_proxy,120,causal_kalman_observer,56,4.478256559775195,446.745980156032,0.7313432835820896
precise_5min_late_proxy,120,causal_kalman_observer,57,3.9872620779473618,79.24039725313625,1.0
precise_5min_late_proxy,120,causal_kalman_observer,58,4.160848638992746,209.168599426827,0.9850746268656716
precise_5min_late_proxy,120,causal_kalman_observer,59,4.430297513065634,410.8490035732178,0.7014925373134329
precise_5min_late_proxy,120,causal_kalman_observer,60,4.197475464179653,236.58349559854474,0.9104477611940298
precise_5min_late_proxy,120,causal_kalman_observer,61,4.300068535235647,313.3736180452817,0.8208955223880597
precise_5min_late_proxy,120,causal_kalman_observer,62,4.699605588208625,612.4240208064801,0.582089552238806
precise_5min_late_proxy,120,causal_kalman_observer,63,4.905283762615694,766.3725480780727,0.6865671641791045
precise_5min_late_proxy,120,causal_kalman_observer,64,4.244819807090658,272.0203711289806,0.835820895522388
precise_5min_late_proxy,120,causal_kalman_observer,65,4.7787569552829625,671.6682086147161,0.5970149253731343
precise_5min_late_proxy,120,causal_kalman_observer,66,4.403641891211565,390.8974761942333,0.8059701492537313
precise_5min_late_proxy,120,causal_kalman_observer,67,4.0996418980988265,163.35582591852048,0.9402985074626866
precise_5min_late_proxy,120,causal_kalman_observer,68,4.346807551736044,348.35741142589603,0.7910447761194029
precise_5min_late_proxy,120,causal_kalman_observer,69,4.078171404376332,147.28532695624358,0.9253731343283582
precise_5min_late_proxy,120,causal_kalman_observer,70,4.418435540371317,401.9704084957866,0.7164179104477612
precise_5min_late_proxy,120,causal_kalman_observer,71,4.1199405100028095,178.54918037766322,0.8955223880597015
precise_5min_late_proxy,120,causal_kalman_observer,72,4.9101976860924035,770.0505819022527,0.40298507462686567
precise_5min_late_proxy,120,causal_kalman_observer,73,5.13861394009595,941.0183863866696,0.43283582089552236
precise_5min_late_proxy,120,causal_kalman_observer,74,4.362561545467543,360.14915423284,0.8059701492537313
precise_5min_late_proxy,120,causal_kalman_observer,75,4.168323547036417,214.76351044804187,0.9402985074626866
precise_5min_late_proxy,120,causal_kalman_observer,76,4.122570719518683,180.51787191506926,0.9552238805970149
precise_5min_late_proxy,120,causal_kalman_observer,77,4.153340250570297,203.5486286003086,0.9253731343283582
precise_5min_late_proxy,120,causal_kalman_observer,78,4.144079735510516,196.61720449884785,0.9253731343283582
precise_5min_late_proxy,120,causal_kalman_observer,79,4.78786886109175,678.4883998379426,0.6716417910447762
precise_5min_late_proxy,120,causal_kalman_observer,80,4.411196517926565,396.55205602611613,0.8059701492537313
precise_5min_late_proxy,120,causal_kalman_observer,81,4.016990544343238,101.49192507266109,1.0
precise_5min_late_proxy,120,causal_kalman_observer,82,4.345674778272512,347.50953922484223,0.8208955223880597
precise_5min_late_proxy,120,causal_kalman_observer,83,4.682783289934283,599.8326602884075,0.7014925373134329
precise_5min_late_proxy,120,causal_kalman_observer,84,4.16121643968679,209.44389540969246,0.9253731343283582
precise_5min_late_proxy,120,causal_kalman_observer,85,4.856416339007841,729.7956583926531,0.6865671641791045
precise_5min_late_proxy,120,causal_kalman_observer,86,4.117109317007649,176.43005425607436,0.9402985074626866
precise_5min_late_proxy,120,causal_kalman_observer,87,4.650240721914889,575.4747991071519,0.7164179104477612
precise_5min_late_proxy,120,causal_kalman_observer,88,4.178041840589496,222.03757822116634,0.9402985074626866
precise_5min_late_proxy,120,causal_kalman_observer,89,4.542693798918375,494.9767566890186,0.7313432835820896
precise_5min_late_proxy,120,causal_kalman_observer,90,4.219794406122454,253.28905151015167,0.9104477611940298
precise_5min_late_proxy,120,causal_kalman_observer,91,5.070603290030733,890.1129393381092,0.5074626865671642
precise_5min_late_proxy,120,causal_kalman_observer,92,4.287071878224148,303.64572050757596,0.8059701492537313
precise_5min_late_proxy,120,causal_kalman_observer,93,4.095010387918886,159.88917626888852,0.9402985074626866
precise_5min_late_proxy,120,causal_kalman_observer,94,4.1175914547452335,176.7909306342172,0.9402985074626866
precise_5min_late_proxy,120,causal_kalman_observer,95,4.107880331949538,169.52223011769178,0.9552238805970149
precise_5min_late_proxy,120,causal_kalman_observer,96,4.327719501647527,334.07015314929413,0.8507462686567164
precise_5min_late_proxy,120,causal_kalman_observer,97,4.219796799999523,253.2908433086743,0.8656716417910447
precise_5min_late_proxy,120,causal_kalman_observer,98,4.2172611711182535,251.3929446468257,0.8208955223880597
precise_5min_late_proxy,120,causal_kalman_observer,99,4.552464075018322,502.2897329975638,0.6119402985074627
precise_5min_late_proxy,120,causal_kalman_observer,100,4.049818408098745,126.06332791208261,0.9701492537313433
precise_5min_late_proxy,120,causal_kalman_observer,101,4.429118532485583,409.9665457018179,0.746268656716418
precise_5min_late_proxy,120,causal_kalman_observer,102,4.4571291485188835,430.9322757737042,0.7910447761194029
precise_5min_late_proxy,120,causal_kalman_observer,103,4.471901369404448,441.9891691772907,0.6417910447761194
precise_5min_late_proxy,120,causal_kalman_observer,104,4.257258358138502,281.3305306572258,0.8656716417910447
precise_5min_late_proxy,120,causal_kalman_observer,105,4.056680621519852,131.19964173365432,0.9850746268656716
precise_5min_late_proxy,120,causal_kalman_observer,106,4.422663667990337,405.1351294096153,0.7164179104477612
precise_5min_late_proxy,120,causal_kalman_observer,107,4.2968866012695806,310.9919650120239,0.8208955223880597
precise_5min_late_proxy,120,causal_kalman_observer,108,4.563504401510503,510.55333222956125,0.6865671641791045
precise_5min_late_proxy,120,causal_kalman_observer,109,4.285842345171862,302.7254245005898,0.8507462686567164
precise_5min_late_proxy,120,causal_kalman_observer,110,4.196856566296911,236.12025530649905,0.9552238805970149
precise_5min_late_proxy,120,causal_kalman_observer,111,4.848775187950906,724.0763157581405,0.582089552238806
precise_5min_late_proxy,120,causal_kalman_observer,112,4.465847679101566,437.458028674057,0.7910447761194029
precise_5min_late_proxy,120,causal_kalman_observer,113,4.183106510302428,225.82844444054405,0.9253731343283582
precise_5min_late_proxy,120,causal_kalman_observer,114,4.554024833380814,503.45794859469845,0.6417910447761194
precise_5min_late_proxy,120,causal_kalman_observer,115,5.251304603489887,1025.3664788216988,0.373134328358209
precise_5min_late_proxy,120,causal_kalman_observer,116,4.462844203895811,435.2099506465482,0.7611940298507462
precise_5min_late_proxy,120,causal_kalman_observer,117,3.9883076871451455,80.0230276735214,1.0
precise_5min_late_proxy,120,causal_kalman_observer,118,5.0676046410978435,887.8684737386181,0.40298507462686567
precise_5min_late_proxy,120,causal_kalman_observer,119,5.727685520284997,1381.9339210032417,0.417910447761194
precise_5min_late_proxy,120,causal_kalman_observer,120,4.077691414892803,146.92605852969191,0.9701492537313433
precise_5min_late_proxy,120,causal_kalman_observer,121,4.020719484330127,104.2830078937761,0.9850746268656716
precise_5min_late_proxy,120,causal_kalman_observer,122,4.161927782986061,209.97633038303374,0.9552238805970149
precise_5min_late_proxy,120,causal_kalman_observer,123,4.524614405621932,481.44447024212144,0.6716417910447762
precise_5min_late_proxy,120,causal_kalman_observer,124,4.110904097675012,171.78549544272119,0.9701492537313433
precise_5min_late_proxy,120,causal_kalman_observer,125,4.301903232728066,314.7468749684388,0.8059701492537313
precise_5min_late_proxy,120,causal_kalman_observer,126,4.2009558199626715,239.18851506024257,0.8805970149253731
precise_5min_late_proxy,120,causal_kalman_observer,127,4.669685442078924,590.0290221844965,0.5671641791044776
precise_5min_late_proxy,120,memory_limited_ridge,0,4.275829160291554,261.1750406291437,0.9701492537313433
precise_5min_late_proxy,120,memory_limited_ridge,1,5.236844944050039,1175.4059023199359,0.44776119402985076
precise_5min_late_proxy,120,memory_limited_ridge,2,4.205019627507583,193.81271290562586,1.0
precise_5min_late_proxy,120,memory_limited_ridge,3,4.166216793965499,156.89890925665458,0.9701492537313433
precise_5min_late_proxy,120,memory_limited_ridge,4,4.582056089062448,552.4939905304867,0.7014925373134329
precise_5min_late_proxy,120,memory_limited_ridge,5,4.230856319402522,218.3916027569148,0.9104477611940298
precise_5min_late_proxy,120,memory_limited_ridge,6,4.307081446422293,290.90587852170154,0.8805970149253731
precise_5min_late_proxy,120,memory_limited_ridge,7,4.283517639899897,268.48922365945435,0.9104477611940298
precise_5min_late_proxy,120,memory_limited_ridge,8,4.299230565644098,283.4372004623149,0.8955223880597015
precise_5min_late_proxy,120,memory_limited_ridge,9,4.066673312149382,62.201481082757546,1.0
precise_5min_late_proxy,120,memory_limited_ridge,10,4.687000489419667,652.3294055046044,0.7313432835820896
precise_5min_late_proxy,120,memory_limited_ridge,11,4.190618342961204,180.1125229578622,0.9850746268656716
precise_5min_late_proxy,120,memory_limited_ridge,12,4.677566370728967,643.3545659591385,0.6865671641791045
precise_5min_late_proxy,120,memory_limited_ridge,13,4.852577473085911,809.845640941789,0.5970149253731343
precise_5min_late_proxy,120,memory_limited_ridge,14,4.140127362515793,132.07958391528987,1.0
precise_5min_late_proxy,120,memory_limited_ridge,15,4.3775473027673675,357.9412609315377,0.8955223880597015
precise_5min_late_proxy,120,memory_limited_ridge,16,4.6742063676648415,640.1581371922913,0.6716417910447762
precise_5min_late_proxy,120,memory_limited_ridge,17,4.316666357495233,300.0241694567084,0.9104477611940298
precise_5min_late_proxy,120,memory_limited_ridge,18,4.331526768910976,314.16113470046275,0.8805970149253731
precise_5min_late_proxy,120,memory_limited_ridge,19,4.267500228098686,253.2515840279723,0.9552238805970149
precise_5min_late_proxy,120,memory_limited_ridge,20,4.128304552980641,120.8323416414381,1.0
precise_5min_late_proxy,120,memory_limited_ridge,21,4.909270797344106,863.7789764443312,0.5373134328358209
precise_5min_late_proxy,120,memory_limited_ridge,22,4.13264137588655,124.95803594248444,1.0
precise_5min_late_proxy,120,memory_limited_ridge,23,4.164602616343598,155.36331429231166,0.9850746268656716
precise_5min_late_proxy,120,memory_limited_ridge,24,4.1777692521304735,167.88896161719333,0.9552238805970149
precise_5min_late_proxy,120,memory_limited_ridge,25,4.363645682240867,344.7164099690109,0.8208955223880597
precise_5min_late_proxy,120,memory_limited_ridge,26,4.3319694005753355,314.58221782392354,0.8656716417910447
precise_5min_late_proxy,120,memory_limited_ridge,27,4.234354972110941,221.71993131762278,0.9253731343283582
precise_5min_late_proxy,120,memory_limited_ridge,28,4.112363891034802,105.66771546883719,1.0
precise_5min_late_proxy,120,memory_limited_ridge,29,4.5841928461840675,554.5267243705944,0.7164179104477612
precise_5min_late_proxy,120,memory_limited_ridge,30,4.571083579301564,542.055653072208,0.7164179104477612
precise_5min_late_proxy,120,memory_limited_ridge,31,4.7513694875208055,713.5647416923458,0.6119402985074627
precise_5min_late_proxy,120,memory_limited_ridge,32,4.238434346818869,225.6007107152338,0.9850746268656716
precise_5min_late_proxy,120,memory_limited_ridge,33,4.219182074260019,207.28569234774406,0.9701492537313433
precise_5min_late_proxy,120,memory_limited_ridge,34,4.655404104100757,622.2712201297,0.7761194029850746
precise_5min_late_proxy,120,memory_limited_ridge,35,4.352328387837574,333.95007294396527,0.8955223880597015
precise_5min_late_proxy,120,memory_limited_ridge,36,4.214517382548341,202.84809080658104,1.0
precise_5min_late_proxy,120,memory_limited_ridge,37,4.2787205299712765,263.92565038855946,0.9253731343283582
precise_5min_late_proxy,120,memory_limited_ridge,38,4.200778163083621,189.77773477031988,1.0
precise_5min_late_proxy,120,memory_limited_ridge,39,4.269595514556363,255.24486611143666,0.9104477611940298
precise_5min_late_proxy,120,memory_limited_ridge,40,4.319068138421981,302.3090250057662,0.8805970149253731
precise_5min_late_proxy,120,memory_limited_ridge,41,4.228458882953991,216.11088018478526,0.9402985074626866
precise_5min_late_proxy,120,memory_limited_ridge,42,4.603246641578559,572.6529279942837,0.7313432835820896
precise_5min_late_proxy,120,memory_limited_ridge,43,4.3306035232109155,313.28283516971504,0.9104477611940298
precise_5min_late_proxy,120,memory_limited_ridge,44,4.200738598294524,189.74009610523206,1.0
precise_5min_late_proxy,120,memory_limited_ridge,45,4.588738765134243,558.8513353387326,0.6716417910447762
precise_5min_late_proxy,120,memory_limited_ridge,46,4.45003471115675,426.8997806078511,0.8208955223880597
precise_5min_late_proxy,120,memory_limited_ridge,47,4.623249485865511,591.6819781699279,0.7313432835820896
precise_5min_late_proxy,120,memory_limited_ridge,48,4.401828058070569,381.0399615132618,0.8955223880597015
precise_5min_late_proxy,120,memory_limited_ridge,49,4.746626100401764,709.0522758551937,0.6417910447761194
precise_5min_late_proxy,120,memory_limited_ridge,50,4.1548278658741955,146.06442587082879,0.9850746268656716
precise_5min_late_proxy,120,memory_limited_ridge,51,4.060921032709039,56.7292386094197,1.0
precise_5min_late_proxy,120,memory_limited_ridge,52,4.297123151295362,281.4323809072717,0.8955223880597015
precise_5min_late_proxy,120,memory_limited_ridge,53,4.25406047204051,240.46611268646575,0.8955223880597015
precise_5min_late_proxy,120,memory_limited_ridge,54,4.69772018815176,662.5272394783381,0.6119402985074627
precise_5min_late_proxy,120,memory_limited_ridge,55,4.171201627444791,161.64106717349418,0.9701492537313433
precise_5min_late_proxy,120,memory_limited_ridge,56,4.486983356239646,462.04966285050455,0.8059701492537313
precise_5min_late_proxy,120,memory_limited_ridge,57,4.097970803999044,91.97532395407045,1.0
precise_5min_late_proxy,120,memory_limited_ridge,58,4.26964793114697,255.2947309165813,1.0
precise_5min_late_proxy,120,memory_limited_ridge,59,4.432676592590077,410.38670354633064,0.8208955223880597
precise_5min_late_proxy,120,memory_limited_ridge,60,4.262722444544475,248.70639626981287,0.9402985074626866
precise_5min_late_proxy,120,memory_limited_ridge,61,4.366700164527014,347.62219155936384,0.8507462686567164
precise_5min_late_proxy,120,memory_limited_ridge,62,4.595935575109182,565.697784581305,0.6417910447761194
precise_5min_late_proxy,120,memory_limited_ridge,63,4.806037509005498,765.5713717951465,0.7014925373134329
precise_5min_late_proxy,120,memory_limited_ridge,64,4.31439837812446,297.8666016316203,0.8955223880597015
precise_5min_late_proxy,120,memory_limited_ridge,65,4.757748253024024,719.6329711440247,0.6716417910447762
precise_5min_late_proxy,120,memory_limited_ridge,66,4.434214047313854,411.8493106966851,0.8656716417910447
precise_5min_late_proxy,120,memory_limited_ridge,67,4.187030715324076,176.6995510155185,0.9701492537313433
precise_5min_late_proxy,120,memory_limited_ridge,68,4.350048408625175,331.7810894629277,0.8955223880597015
precise_5min_late_proxy,120,memory_limited_ridge,69,4.166025859477933,156.71726999115626,1.0
precise_5min_late_proxy,120,memory_limited_ridge,70,4.485262584189272,460.4126627710322,0.746268656716418
precise_5min_late_proxy,120,memory_limited_ridge,71,4.217569519614614,205.75164134888757,0.9402985074626866
precise_5min_late_proxy,120,memory_limited_ridge,72,4.854867906036173,812.0245692436453,0.47761194029850745
precise_5min_late_proxy,120,memory_limited_ridge,73,4.956764257728576,908.9603230421563,0.5671641791044776
precise_5min_late_proxy,120,memory_limited_ridge,74,4.342321144401103,324.43000995988655,0.8208955223880597
precise_5min_late_proxy,120,memory_limited_ridge,75,4.213512374383544,201.8920092353557,0.9701492537313433
precise_5min_late_proxy,120,memory_limited_ridge,76,4.235700514186098,222.9999686610266,0.9701492537313433
precise_5min_late_proxy,120,memory_limited_ridge,77,4.236822727141068,224.0675491671569,0.9253731343283582
precise_5min_late_proxy,120,memory_limited_ridge,78,4.187584535084709,177.22640928938048,0.9552238805970149
precise_5min_late_proxy,120,memory_limited_ridge,79,4.756371774438457,718.323503365607,0.7313432835820896
precise_5min_late_proxy,120,memory_limited_ridge,80,4.41575682772585,394.29063990944405,0.8507462686567164
precise_5min_late_proxy,120,memory_limited_ridge,81,4.132853286001553,125.15962968351968,1.0
precise_5min_late_proxy,120,memory_limited_ridge,82,4.397262920382076,376.69706742845773,0.8507462686567164
precise_5min_late_proxy,120,memory_limited_ridge,83,4.677228308073058,643.0329611338695,0.7313432835820896
precise_5min_late_proxy,120,memory_limited_ridge,84,4.225205758113254,213.01612651205969,0.9552238805970149
precise_5min_late_proxy,120,memory_limited_ridge,85,4.820715956617261,779.5352317391549,0.7761194029850746
precise_5min_late_proxy,120,memory_limited_ridge,86,4.19525640409709,184.52479037375525,1.0
precise_5min_late_proxy,120,memory_limited_ridge,87,4.5515769350099715,523.4986464956347,0.7611940298507462
precise_5min_late_proxy,120,memory_limited_ridge,88,4.251474759013101,238.0062793631386,0.9701492537313433
precise_5min_late_proxy,120,memory_limited_ridge,89,4.563867081748801,535.1904746978747,0.746268656716418
precise_5min_late_proxy,120,memory_limited_ridge,90,4.278653164897732,263.8615648342172,0.9253731343283582
precise_5min_late_proxy,120,memory_limited_ridge,91,4.870438409652997,826.8370574245338,0.5522388059701493
precise_5min_late_proxy,120,memory_limited_ridge,92,4.341206527012996,323.36965524729357,0.8507462686567164
precise_5min_late_proxy,120,memory_limited_ridge,93,4.187347424602749,177.00084200536486,0.9402985074626866
precise_5min_late_proxy,120,memory_limited_ridge,94,4.211637086129241,200.10801523065206,0.9552238805970149
precise_5min_late_proxy,120,memory_limited_ridge,95,4.185732108315014,175.46416380861015,0.9701492537313433
precise_5min_late_proxy,120,memory_limited_ridge,96,4.415624959417999,394.16519131770065,0.8656716417910447
precise_5min_late_proxy,120,memory_limited_ridge,97,4.278393267291285,263.6143197663325,0.9552238805970149
precise_5min_late_proxy,120,memory_limited_ridge,98,4.289688333913428,274.3595111204551,0.8955223880597015
precise_5min_late_proxy,120,memory_limited_ridge,99,4.539594870821893,512.0999025284332,0.7014925373134329
precise_5min_late_proxy,120,memory_limited_ridge,100,4.15191931456444,143.29747093093098,0.9850746268656716
precise_5min_late_proxy,120,memory_limited_ridge,101,4.459531236999634,435.9339891517035,0.7910447761194029
precise_5min_late_proxy,120,memory_limited_ridge,102,4.498852171294821,473.3406709676706,0.7910447761194029
precise_5min_late_proxy,120,memory_limited_ridge,103,4.487202714856787,462.25834247986796,0.7313432835820896
precise_5min_late_proxy,120,memory_limited_ridge,104,4.291876199167314,276.4408650067578,0.9253731343283582
precise_5min_late_proxy,120,memory_limited_ridge,105,4.158695369660082,149.74364881234484,0.9850746268656716
precise_5min_late_proxy,120,memory_limited_ridge,106,4.386643737141131,366.5948555721103,0.8656716417910447
precise_5min_late_proxy,120,memory_limited_ridge,107,4.345299739169857,327.2635984483243,0.8507462686567164
precise_5min_late_proxy,120,memory_limited_ridge,108,4.543560275286951,515.8722600716827,0.7313432835820896
precise_5min_late_proxy,120,memory_limited_ridge,109,4.329043804266478,311.7990476829031,0.9402985074626866
precise_5min_late_proxy,120,memory_limited_ridge,110,4.281932661920523,266.98140681780393,0.9253731343283582
precise_5min_late_proxy,120,memory_limited_ridge,111,4.74863619860041,710.9645168810833,0.582089552238806
precise_5min_late_proxy,120,memory_limited_ridge,112,4.4337002017038945,411.3604805206271,0.8507462686567164
precise_5min_late_proxy,120,memory_limited_ridge,113,4.2467834251889744,233.5433327216827,0.9701492537313433
precise_5min_late_proxy,120,memory_limited_ridge,114,4.507795743368993,481.84884507068614,0.7761194029850746
precise_5min_late_proxy,120,memory_limited_ridge,115,5.070134168469232,1016.8110711129963,0.43283582089552236
precise_5min_late_proxy,120,memory_limited_ridge,116,4.46519395164772,441.32102709605533,0.7910447761194029
precise_5min_late_proxy,120,memory_limited_ridge,117,4.12110917413628,113.98725385802575,1.0
precise_5min_late_proxy,120,memory_limited_ridge,118,4.94275878751434,895.6366780836221,0.5970149253731343
precise_5min_late_proxy,120,memory_limited_ridge,119,5.485767019914397,1412.209758986378,0.44776119402985076
precise_5min_late_proxy,120,memory_limited_ridge,120,4.169852336782586,160.3574637346877,0.9850746268656716
precise_5min_late_proxy,120,memory_limited_ridge,121,4.133475415504462,125.75147219135307,1.0
precise_5min_late_proxy,120,memory_limited_ridge,122,4.254237431268537,240.6344570469415,0.9552238805970149
precise_5min_late_proxy,120,memory_limited_ridge,123,4.479524543203997,454.95396558515597,0.7761194029850746
precise_5min_late_proxy,120,memory_limited_ridge,124,4.188929907931336,178.5062856427698,0.9701492537313433
precise_5min_late_proxy,120,memory_limited_ridge,125,4.340567791083129,322.7620147595681,0.8805970149253731
precise_5min_late_proxy,120,memory_limited_ridge,126,4.272744692508502,258.24073331930094,0.8955223880597015
precise_5min_late_proxy,120,memory_limited_ridge,127,4.70129368958127,665.9267729161531,0.6417910447761194
precise_5min_late_proxy,240,hidden_state_oracle,0,4.617790814692207,492.9151674440509,0.9302325581395349
precise_5min_late_proxy,240,hidden_state_oracle,1,5.2510253013150185,1751.977227661051,0.7209302325581395
precise_5min_late_proxy,240,hidden_state_oracle,2,4.97417656944827,1201.5180500953784,0.8837209302325582
precise_5min_late_proxy,240,hidden_state_oracle,3,4.414777902634451,89.2639754988675,1.0
precise_5min_late_proxy,240,hidden_state_oracle,4,5.037204923269384,1326.8375181447643,0.5813953488372093
precise_5min_late_proxy,240,hidden_state_oracle,5,4.845472556475403,945.6154687371757,0.813953488372093
precise_5min_late_proxy,240,hidden_state_oracle,6,4.832572072647088,919.9653974132054,0.8604651162790697
precise_5min_late_proxy,240,hidden_state_oracle,7,4.540809500479514,339.85298571139543,1.0
precise_5min_late_proxy,240,hidden_state_oracle,8,4.825498999567535,905.9019846463132,0.9069767441860465
precise_5min_late_proxy,240,hidden_state_oracle,9,4.399226490086775,58.343054520632556,1.0
precise_5min_late_proxy,240,hidden_state_oracle,10,5.4910727097352305,2229.2642216262593,0.4186046511627907
precise_5min_late_proxy,240,hidden_state_oracle,11,4.5830023051053415,423.7450677769923,0.9767441860465116
precise_5min_late_proxy,240,hidden_state_oracle,12,5.769992457557516,2783.84120652998,0.20930232558139536
precise_5min_late_proxy,240,hidden_state_oracle,13,6.208461206351948,3655.649956464219,0.18604651162790697
precise_5min_late_proxy,240,hidden_state_oracle,14,4.50740482381818,273.4343652688953,1.0
precise_5min_late_proxy,240,hidden_state_oracle,15,4.656209627569647,569.3034102110205,0.8604651162790697
precise_5min_late_proxy,240,hidden_state_oracle,16,4.641312373722102,539.6831549705063,1.0
precise_5min_late_proxy,240,hidden_state_oracle,17,4.474392957125979,207.79677008553404,1.0
precise_5min_late_proxy,240,hidden_state_oracle,18,4.890618380138871,1035.379047557825,0.7674418604651163
precise_5min_late_proxy,240,hidden_state_oracle,19,4.704756353732733,665.829013839577,1.0
precise_5min_late_proxy,240,hidden_state_oracle,20,4.402303316228228,64.46071731762919,1.0
precise_5min_late_proxy,240,hidden_state_oracle,21,5.7966427378566525,2836.8300400942157,0.09302325581395349
precise_5min_late_proxy,240,hidden_state_oracle,22,4.506355123792766,271.3472435082692,1.0
precise_5min_late_proxy,240,hidden_state_oracle,23,4.434307432836683,128.09459993727197,1.0
precise_5min_late_proxy,240,hidden_state_oracle,24,4.484216963927842,227.32987275892913,1.0
precise_5min_late_proxy,240,hidden_state_oracle,25,4.453594035266539,166.44221034526873,1.0
precise_5min_late_proxy,240,hidden_state_oracle,26,4.7069157966650215,670.1226408050759,0.8372093023255814
precise_5min_late_proxy,240,hidden_state_oracle,27,4.577406711121487,412.61933120028647,1.0
precise_5min_late_proxy,240,hidden_state_oracle,28,4.437623833900072,134.68861028191307,1.0
precise_5min_late_proxy,240,hidden_state_oracle,29,4.735206618622965,726.3733683508361,0.7674418604651163
precise_5min_late_proxy,240,hidden_state_oracle,30,5.609908532661477,2465.5458506308114,0.18604651162790697
precise_5min_late_proxy,240,hidden_state_oracle,31,6.200633708214276,3640.0865180543483,0.09302325581395349
precise_5min_late_proxy,240,hidden_state_oracle,32,4.96529512368188,1183.8590444022846,0.8372093023255814
precise_5min_late_proxy,240,hidden_state_oracle,33,4.5936890709227844,444.9935968312531,1.0
precise_5min_late_proxy,240,hidden_state_oracle,34,4.905094021915655,1064.1610102327322,0.6744186046511628
precise_5min_late_proxy,240,hidden_state_oracle,35,4.6307255221040515,518.6332856234877,1.0
precise_5min_late_proxy,240,hidden_state_oracle,36,4.653158902703453,563.2376446591904,1.0
precise_5min_late_proxy,240,hidden_state_oracle,37,4.857694337397164,969.9160730029744,0.7674418604651163
precise_5min_late_proxy,240,hidden_state_oracle,38,4.526269191271853,310.9424445865304,1.0
precise_5min_late_proxy,240,hidden_state_oracle,39,4.68723253718479,630.9863559745755,0.813953488372093
precise_5min_late_proxy,240,hidden_state_oracle,40,5.0404620399185625,1333.3136531079008,0.6744186046511628
precise_5min_late_proxy,240,hidden_state_oracle,41,4.627527740453368,512.2751266187414,0.9767441860465116
precise_5min_late_proxy,240,hidden_state_oracle,42,5.843773847708542,2930.5409694956015,0.2558139534883721
precise_5min_late_proxy,240,hidden_state_oracle,43,4.6043736895423955,466.2378566055231,1.0
precise_5min_late_proxy,240,hidden_state_oracle,44,4.508268657920221,275.1519292474512,1.0
precise_5min_late_proxy,240,hidden_state_oracle,45,5.701177394656468,2647.016007175721,0.3953488372093023
precise_5min_late_proxy,240,hidden_state_oracle,46,4.928880905685778,1111.45654374904,0.6976744186046512
precise_5min_late_proxy,240,hidden_state_oracle,47,5.729531607333829,2703.392774682154,0.20930232558139536
precise_5min_late_proxy,240,hidden_state_oracle,48,4.6705600874944775,597.8364734280594,1.0
precise_5min_late_proxy,240,hidden_state_oracle,49,4.719551850989606,695.2469461406457,0.9069767441860465
precise_5min_late_proxy,240,hidden_state_oracle,50,4.582375316477134,422.4984243761045,1.0
precise_5min_late_proxy,240,hidden_state_oracle,51,4.411866634518431,83.47549222856105,1.0
precise_5min_late_proxy,240,hidden_state_oracle,52,4.739592917693814,735.0946601653847,0.9302325581395349
precise_5min_late_proxy,240,hidden_state_oracle,53,4.6764309898577325,609.5096064948241,0.9069767441860465
precise_5min_late_proxy,240,hidden_state_oracle,54,5.235563195146427,1721.2338748285977,0.5348837209302325
precise_5min_late_proxy,240,hidden_state_oracle,55,4.443707930673679,146.78563844472188,1.0
precise_5min_late_proxy,240,hidden_state_oracle,56,5.041860273464745,1336.0937651304025,0.5813953488372093
precise_5min_late_proxy,240,hidden_state_oracle,57,4.423612457435577,106.82974774278291,1.0
precise_5min_late_proxy,240,hidden_state_oracle,58,4.690060491042471,636.6091852510422,0.8372093023255814
precise_5min_late_proxy,240,hidden_state_oracle,59,4.82318034826372,901.2918031903446,0.7906976744186046
precise_5min_late_proxy,240,hidden_state_oracle,60,4.49876010451922,256.24604353266847,1.0
precise_5min_late_proxy,240,hidden_state_oracle,61,4.873424767317065,1001.1929347681566,0.7441860465116279
precise_5min_late_proxy,240,hidden_state_oracle,62,5.7532994811141025,2750.650510577696,0.27906976744186046
precise_5min_late_proxy,240,hidden_state_oracle,63,5.1117611322499545,1475.077855751269,0.627906976744186
precise_5min_late_proxy,240,hidden_state_oracle,64,4.824794075470253,904.5003819146687,0.9069767441860465
precise_5min_late_proxy,240,hidden_state_oracle,65,5.69835494776333,2641.4041274136453,0.3953488372093023
precise_5min_late_proxy,240,hidden_state_oracle,66,4.776831066656967,809.1353852722295,0.8372093023255814
precise_5min_late_proxy,240,hidden_state_oracle,67,4.451114682879181,161.51250643498585,1.0
precise_5min_late_proxy,240,hidden_state_oracle,68,4.857873777537409,970.2728543808552,0.7441860465116279
precise_5min_late_proxy,240,hidden_state_oracle,69,4.4400332254328925,139.47921081183785,1.0
precise_5min_late_proxy,240,hidden_state_oracle,70,5.0391729406510315,1330.7505331043533,0.5581395348837209
precise_5min_late_proxy,240,hidden_state_oracle,71,4.5574873569572905,373.01361858990583,1.0
precise_5min_late_proxy,240,hidden_state_oracle,72,5.745140828081445,2734.428635880567,0.4418604651162791
precise_5min_late_proxy,240,hidden_state_oracle,73,5.304723965394742,1858.7464451553424,0.5813953488372093
precise_5min_late_proxy,240,hidden_state_oracle,74,4.959696895839076,1172.7280709158006,0.6744186046511628
precise_5min_late_proxy,240,hidden_state_oracle,75,4.763902413072515,783.4293039362525,0.8604651162790697
precise_5min_late_proxy,240,hidden_state_oracle,76,4.611337914750352,480.08484681748934,0.9302325581395349
precise_5min_late_proxy,240,hidden_state_oracle,77,4.543253929512406,344.71325140952524,1.0
precise_5min_late_proxy,240,hidden_state_oracle,78,4.571002868599362,399.8865515909341,1.0
precise_5min_late_proxy,240,hidden_state_oracle,79,5.038885376822909,1330.1787690682365,0.5581395348837209
precise_5min_late_proxy,240,hidden_state_oracle,80,4.750257024956533,756.2981371462153,0.9302325581395349
precise_5min_late_proxy,240,hidden_state_oracle,81,4.4969396910309944,252.62650984435692,1.0
precise_5min_late_proxy,240,hidden_state_oracle,82,4.7524358512057185,760.6303040197905,0.7674418604651163
precise_5min_late_proxy,240,hidden_state_oracle,83,5.013831459504628,1280.36398888547,0.5348837209302325
precise_5min_late_proxy,240,hidden_state_oracle,84,4.493332593258648,245.45450634708305,1.0
precise_5min_late_proxy,240,hidden_state_oracle,85,5.456866084164004,2161.251083721412,0.5813953488372093
precise_5min_late_proxy,240,hidden_state_oracle,86,4.409785479986636,79.33752632842985,1.0
precise_5min_late_proxy,240,hidden_state_oracle,87,5.554811753772316,2355.9967571986567,0.23255813953488372
precise_5min_late_proxy,240,hidden_state_oracle,88,4.472268451075315,203.57260822827536,1.0
precise_5min_late_proxy,240,hidden_state_oracle,89,4.801686175051151,858.5548730651282,0.7674418604651163
precise_5min_late_proxy,240,hidden_state_oracle,90,4.602514682129023,462.54158649818436,0.9767441860465116
precise_5min_late_proxy,240,hidden_state_oracle,91,6.134626974142908,3508.8451274735576,0.3953488372093023
precise_5min_late_proxy,240,hidden_state_oracle,92,4.519616302673939,297.7144859054469,0.9534883720930233
precise_5min_late_proxy,240,hidden_state_oracle,93,4.449454980828623,158.2125157881283,1.0
precise_5min_late_proxy,240,hidden_state_oracle,94,4.649636338669193,556.2337198510602,0.9534883720930233
precise_5min_late_proxy,240,hidden_state_oracle,95,4.484740507564181,228.37083616712863,1.0
precise_5min_late_proxy,240,hidden_state_oracle,96,4.96601807330852,1185.2964873489018,0.7209302325581395
precise_5min_late_proxy,240,hidden_state_oracle,97,4.793313865433728,841.9081843291643,0.9069767441860465
precise_5min_late_proxy,240,hidden_state_oracle,98,4.508824195224526,276.25650576319873,1.0
precise_5min_late_proxy,240,hidden_state_oracle,99,5.092118248499511,1436.0218501073928,0.6976744186046512
precise_5min_late_proxy,240,hidden_state_oracle,100,4.598491084004855,454.5414540816444,1.0
precise_5min_late_proxy,240,hidden_state_oracle,101,4.87302433499012,1000.3967539517427,0.7209302325581395
precise_5min_late_proxy,240,hidden_state_oracle,102,4.892059944681376,1038.2453147324106,0.6976744186046512
precise_5min_late_proxy,240,hidden_state_oracle,103,4.959944926733173,1173.2212314986778,0.7209302325581395
precise_5min_late_proxy,240,hidden_state_oracle,104,4.54881985185973,355.7799917808611,1.0
precise_5min_late_proxy,240,hidden_state_oracle,105,4.486472291222189,231.81414689381936,1.0
precise_5min_late_proxy,240,hidden_state_oracle,106,5.358878353564321,1966.4217802468033,0.4883720930232558
precise_5min_late_proxy,240,hidden_state_oracle,107,4.433916260852032,127.31683148767051,1.0
precise_5min_late_proxy,240,hidden_state_oracle,108,4.985402733388111,1223.8390660807977,0.5813953488372093
precise_5min_late_proxy,240,hidden_state_oracle,109,4.7708102927003075,797.1642620594035,0.8604651162790697
precise_5min_late_proxy,240,hidden_state_oracle,110,4.6957425545851414,647.9068495151481,0.9302325581395349
precise_5min_late_proxy,240,hidden_state_oracle,111,5.133748868970252,1518.7961397035717,0.5348837209302325
precise_5min_late_proxy,240,hidden_state_oracle,112,4.969076652828746,1191.3778703332814,0.7906976744186046
precise_5min_late_proxy,240,hidden_state_oracle,113,4.5642747716213785,386.5090558584785,0.9302325581395349
precise_5min_late_proxy,240,hidden_state_oracle,114,5.192296488378526,1635.2065498600407,0.5581395348837209
precise_5min_late_proxy,240,hidden_state_oracle,115,5.384926000268017,2018.2123955960462,0.4883720930232558
precise_5min_late_proxy,240,hidden_state_oracle,116,4.982445116338419,1217.958427084374,0.7209302325581395
precise_5min_late_proxy,240,hidden_state_oracle,117,4.500097160682774,258.9045163787836,1.0
precise_5min_late_proxy,240,hidden_state_oracle,118,5.76571175115509,2775.329864939964,0.6046511627906976
precise_5min_late_proxy,240,hidden_state_oracle,119,6.231089536808406,3700.641934895037,0.2558139534883721
precise_5min_late_proxy,240,hidden_state_oracle,120,4.426257530441654,112.08895446447868,1.0
precise_5min_late_proxy,240,hidden_state_oracle,121,4.417275550752516,94.230056866295,1.0
precise_5min_late_proxy,240,hidden_state_oracle,122,4.582614514297176,422.9740221309096,0.9534883720930233
precise_5min_late_proxy,240,hidden_state_oracle,123,5.598727139720655,2443.313852959229,0.18604651162790697
precise_5min_late_proxy,240,hidden_state_oracle,124,4.667732767239557,592.2149039458958,0.9069767441860465
precise_5min_late_proxy,240,hidden_state_oracle,125,4.7413989046078635,738.6855094522797,0.813953488372093
precise_5min_late_proxy,240,hidden_state_oracle,126,4.5424286992820075,343.0724436266455,1.0
precise_5min_late_proxy,240,hidden_state_oracle,127,5.378762440930042,2005.957371774259,0.4418604651162791
precise_5min_late_proxy,240,causal_kalman_observer,0,4.623302990342358,489.1168966192485,0.9302325581395349
precise_5min_late_proxy,240,causal_kalman_observer,1,5.140291859064733,1547.1072121577115,0.7441860465116279
precise_5min_late_proxy,240,causal_kalman_observer,2,5.031337524423777,1324.1379417149255,0.813953488372093
precise_5min_late_proxy,240,causal_kalman_observer,3,4.43324645106523,100.17626341591216,1.0
precise_5min_late_proxy,240,causal_kalman_observer,4,5.036757470566523,1335.2295741981102,0.5813953488372093
precise_5min_late_proxy,240,causal_kalman_observer,5,4.874992607515169,1004.1863567190046,0.7906976744186046
precise_5min_late_proxy,240,causal_kalman_observer,6,4.849224876974465,951.4540620511484,0.8372093023255814
precise_5min_late_proxy,240,causal_kalman_observer,7,4.586910152894942,414.6408838774559,1.0
precise_5min_late_proxy,240,causal_kalman_observer,8,4.8239447434150735,899.7196087592379,0.9302325581395349
precise_5min_late_proxy,240,causal_kalman_observer,9,4.413972590334634,60.73332909045385,1.0
precise_5min_late_proxy,240,causal_kalman_observer,10,5.465217125655736,2212.0495467510686,0.32558139534883723
precise_5min_late_proxy,240,causal_kalman_observer,11,4.602100559172632,445.7272451188645,0.9767441860465116
precise_5min_late_proxy,240,causal_kalman_observer,12,5.835632193038289,2970.0843473624504,0.11627906976744186
precise_5min_late_proxy,240,causal_kalman_observer,13,6.1866761095662595,3688.4771145667455,0.23255813953488372
precise_5min_late_proxy,240,causal_kalman_observer,14,4.526495893716039,291.0063048783583,1.0
precise_5min_late_proxy,240,causal_kalman_observer,15,4.657461778995705,559.0210469253798,0.9069767441860465
precise_5min_late_proxy,240,causal_kalman_observer,16,4.609487526947815,460.84428310587504,1.0
precise_5min_late_proxy,240,causal_kalman_observer,17,4.484726836781929,205.5281439371549,1.0
precise_5min_late_proxy,240,causal_kalman_observer,18,4.863108521635009,979.8662049112716,0.8372093023255814
precise_5min_late_proxy,240,causal_kalman_observer,19,4.745414327179788,739.011274636956,1.0
precise_5min_late_proxy,240,causal_kalman_observer,20,4.418530340451908,70.06052311039095,1.0
precise_5min_late_proxy,240,causal_kalman_observer,21,5.813058982980187,2923.889469528607,0.046511627906976744
precise_5min_late_proxy,240,causal_kalman_observer,22,4.531155380029065,300.5416966301152,1.0
precise_5min_late_proxy,240,causal_kalman_observer,23,4.44261197813455,119.34231811983787,1.0
precise_5min_late_proxy,240,causal_kalman_observer,24,4.504657044286605,246.31425714444302,1.0
precise_5min_late_proxy,240,causal_kalman_observer,25,4.4656566213928945,166.50195900846757,1.0
precise_5min_late_proxy,240,causal_kalman_observer,26,4.750249058929177,748.9052968849049,0.813953488372093
precise_5min_late_proxy,240,causal_kalman_observer,27,4.573210074654727,386.60439996613735,1.0
precise_5min_late_proxy,240,causal_kalman_observer,28,4.448262154334459,130.90510421107723,1.0
precise_5min_late_proxy,240,causal_kalman_observer,29,4.762247360332025,773.4591847055354,0.7441860465116279
precise_5min_late_proxy,240,causal_kalman_observer,30,5.677402309882311,2646.2752788586854,0.18604651162790697
precise_5min_late_proxy,240,causal_kalman_observer,31,6.237888054758275,3793.2796457835907,0.06976744186046512
precise_5min_late_proxy,240,causal_kalman_observer,32,4.984196821134378,1227.6669912453178,0.8837209302325582
precise_5min_late_proxy,240,causal_kalman_observer,33,4.605005595885862,451.6722487636741,1.0
precise_5min_late_proxy,240,causal_kalman_observer,34,4.94229891126248,1141.925139597102,0.6744186046511628
precise_5min_late_proxy,240,causal_kalman_observer,35,4.637478795296782,518.1269300341004,1.0
precise_5min_late_proxy,240,causal_kalman_observer,36,4.6590549323207116,562.2813507558866,1.0
precise_5min_late_proxy,240,causal_kalman_observer,37,4.866963036124905,987.7542644965582,0.8372093023255814
precise_5min_late_proxy,240,causal_kalman_observer,38,4.560489125582717,360.5716519963316,1.0
precise_5min_late_proxy,240,causal_kalman_observer,39,4.725575320029421,698.4117981204546,0.8372093023255814
precise_5min_late_proxy,240,causal_kalman_observer,40,5.072834148051564,1409.0585823357605,0.7209302325581395
precise_5min_late_proxy,240,causal_kalman_observer,41,4.628981538683634,500.7377447938596,0.9534883720930233
precise_5min_late_proxy,240,causal_kalman_observer,42,5.875819383473731,3052.3253023649654,0.11627906976744186
precise_5min_late_proxy,240,causal_kalman_observer,43,4.611738301710997,465.45037435072504,1.0
precise_5min_late_proxy,240,causal_kalman_observer,44,4.511786281965004,260.9038641500212,1.0
precise_5min_late_proxy,240,causal_kalman_observer,45,5.730113794418054,2754.1465378555977,0.27906976744186046
precise_5min_late_proxy,240,causal_kalman_observer,46,4.978187710507265,1215.3696648750285,0.6511627906976745
precise_5min_late_proxy,240,causal_kalman_observer,47,5.64112695259342,2572.039683033984,0.23255813953488372
precise_5min_late_proxy,240,causal_kalman_observer,48,4.660301642740929,564.8326775458252,1.0
precise_5min_late_proxy,240,causal_kalman_observer,49,4.6735732640162695,591.9923469899755,0.9534883720930233
precise_5min_late_proxy,240,causal_kalman_observer,50,4.579025517019253,398.50539450291365,1.0
precise_5min_late_proxy,240,causal_kalman_observer,51,4.428473134537842,90.40792416431972,1.0
precise_5min_late_proxy,240,causal_kalman_observer,52,4.747929167601163,744.1577622538248,0.9767441860465116
precise_5min_late_proxy,240,causal_kalman_observer,53,4.696012630343594,637.9133207235074,0.8837209302325582
precise_5min_late_proxy,240,causal_kalman_observer,54,5.230957510121219,1732.649661082784,0.5813953488372093
precise_5min_late_proxy,240,causal_kalman_observer,55,4.4465352982755775,127.3711848229491,1.0
precise_5min_late_proxy,240,causal_kalman_observer,56,5.076558118782365,1416.6794910378608,0.5348837209302325
precise_5min_late_proxy,240,causal_kalman_observer,57,4.425467243462812,84.25652741412672,1.0
precise_5min_late_proxy,240,causal_kalman_observer,58,4.696997250440997,639.9282935605665,0.8372093023255814
precise_5min_late_proxy,240,causal_kalman_observer,59,4.85778864142753,968.979352060361,0.7906976744186046
precise_5min_late_proxy,240,causal_kalman_observer,60,4.517401025609066,272.3941393939138,1.0
precise_5min_late_proxy,240,causal_kalman_observer,61,4.86499074010612,983.7180652406514,0.813953488372093
precise_5min_late_proxy,240,causal_kalman_observer,62,5.7069586019274166,2706.7606638230172,0.32558139534883723
precise_5min_late_proxy,240,causal_kalman_observer,63,5.142338052978925,1551.2946395394254,0.6046511627906976
precise_5min_late_proxy,240,causal_kalman_observer,64,4.836599004094998,925.6158824696261,0.9069767441860465
precise_5min_late_proxy,240,causal_kalman_observer,65,5.653127956141479,2596.5991006515565,0.37209302325581395
precise_5min_late_proxy,240,causal_kalman_observer,66,4.774580638356641,798.6985844263306,0.8372093023255814
precise_5min_late_proxy,240,causal_kalman_observer,67,4.481666417148662,199.26515738295174,1.0
precise_5min_late_proxy,240,causal_kalman_observer,68,4.883236596449481,1021.0572430795992,0.7209302325581395
precise_5min_late_proxy,240,causal_kalman_observer,69,4.452950720911187,140.50000718102794,1.0
precise_5min_late_proxy,240,causal_kalman_observer,70,5.136317582591556,1538.974066021927,0.6046511627906976
precise_5min_late_proxy,240,causal_kalman_observer,71,4.565681595429691,371.1977662981731,1.0
precise_5min_late_proxy,240,causal_kalman_observer,72,5.7395727039206,2773.503694759146,0.46511627906976744
precise_5min_late_proxy,240,causal_kalman_observer,73,5.321979656603502,1918.9216589998089,0.5813953488372093
precise_5min_late_proxy,240,causal_kalman_observer,74,4.971936675450139,1202.5772529825358,0.6744186046511628
precise_5min_late_proxy,240,causal_kalman_observer,75,4.803401623980394,857.6792037761451,0.8372093023255814
precise_5min_late_proxy,240,causal_kalman_observer,76,4.649901640707253,543.5496246623062,0.9302325581395349
precise_5min_late_proxy,240,causal_kalman_observer,77,4.568766237887046,377.51032357787875,0.9767441860465116
precise_5min_late_proxy,240,causal_kalman_observer,78,4.576072220599625,392.4616299270877,1.0
precise_5min_late_proxy,240,causal_kalman_observer,79,5.0728193553280025,1409.0283098111174,0.627906976744186
precise_5min_late_proxy,240,causal_kalman_observer,80,4.777179981765573,804.0180029279435,0.8837209302325582
precise_5min_late_proxy,240,causal_kalman_observer,81,4.507302651851422,251.72835278872353,1.0
precise_5min_late_proxy,240,causal_kalman_observer,82,4.728291414445434,703.9701413693741,0.813953488372093
precise_5min_late_proxy,240,causal_kalman_observer,83,5.018018066199183,1296.8803764898487,0.5581395348837209
precise_5min_late_proxy,240,causal_kalman_observer,84,4.506879048075899,250.86147011630584,1.0
precise_5min_late_proxy,240,causal_kalman_observer,85,5.4261086442556845,2132.016112609781,0.6046511627906976
precise_5min_late_proxy,240,causal_kalman_observer,86,4.4175184733551,67.98979073334647,1.0
precise_5min_late_proxy,240,causal_kalman_observer,87,5.537675334561903,2360.33143044701,0.20930232558139536
precise_5min_late_proxy,240,causal_kalman_observer,88,4.473764455150806,183.0942110178118,1.0
precise_5min_late_proxy,240,causal_kalman_observer,89,4.814048900940353,879.468291688869,0.7441860465116279
precise_5min_late_proxy,240,causal_kalman_observer,90,4.596637579585595,434.5475469730347,0.9767441860465116
precise_5min_late_proxy,240,causal_kalman_observer,91,6.077019220671415,3464.0701040840427,0.27906976744186046
precise_5min_late_proxy,240,causal_kalman_observer,92,4.5537493250920695,346.7790075523822,0.9534883720930233
precise_5min_late_proxy,240,causal_kalman_observer,93,4.452120693380073,138.80139983631207,1.0
precise_5min_late_proxy,240,causal_kalman_observer,94,4.656569685956937,557.1954258091879,0.9534883720930233
precise_5min_late_proxy,240,causal_kalman_observer,95,4.506894384188579,250.89285465797607,1.0
precise_5min_late_proxy,240,causal_kalman_observer,96,5.015877581794816,1292.4999886180974,0.6511627906976745
precise_5min_late_proxy,240,causal_kalman_observer,97,4.825671533973801,903.2533941047742,0.8837209302325582
precise_5min_late_proxy,240,causal_kalman_observer,98,4.516273438294075,270.08659172440156,1.0
precise_5min_late_proxy,240,causal_kalman_observer,99,5.109395990446151,1483.8804547434029,0.6976744186046512
precise_5min_late_proxy,240,causal_kalman_observer,100,4.601280056747526,444.0481303986917,1.0
precise_5min_late_proxy,240,causal_kalman_observer,101,4.883295825690119,1021.1784525809704,0.7441860465116279
precise_5min_late_proxy,240,causal_kalman_observer,102,4.929422073774713,1115.5733742477107,0.627906976744186
precise_5min_late_proxy,240,causal_kalman_observer,103,4.9472050648257255,1151.9653228012135,0.6976744186046512
precise_5min_late_proxy,240,causal_kalman_observer,104,4.5692379482793335,378.475653891493,0.9767441860465116
precise_5min_late_proxy,240,causal_kalman_observer,105,4.513246197024196,263.89150293216966,1.0
precise_5min_late_proxy,240,causal_kalman_observer,106,5.402878654854222,2084.4771706640017,0.46511627906976744
precise_5min_late_proxy,240,causal_kalman_observer,107,4.438411743345486,110.74676026807994,1.0
precise_5min_late_proxy,240,causal_kalman_observer,108,4.965932525440838,1190.2900782536506,0.5813953488372093
precise_5min_late_proxy,240,causal_kalman_observer,109,4.786372071432839,822.8291271820534,0.8372093023255814
precise_5min_late_proxy,240,causal_kalman_observer,110,4.722346687260833,691.8045723013806,0.8837209302325582
precise_5min_late_proxy,240,causal_kalman_observer,111,5.204204409884887,1677.9008595648386,0.5116279069767442
precise_5min_late_proxy,240,causal_kalman_observer,112,4.983203172893077,1225.6335427903307,0.7674418604651163
precise_5min_late_proxy,240,causal_kalman_observer,113,4.557864678330523,355.2008598101749,0.9534883720930233
precise_5min_late_proxy,240,causal_kalman_observer,114,5.241868410503954,1754.978240356195,0.5348837209302325
precise_5min_late_proxy,240,causal_kalman_observer,115,5.332330935231596,1940.1050020165117,0.5813953488372093
precise_5min_late_proxy,240,causal_kalman_observer,116,4.977995208885537,1214.9757205101994,0.7209302325581395
precise_5min_late_proxy,240,causal_kalman_observer,117,4.514265267833502,265.97697732498864,1.0
precise_5min_late_proxy,240,causal_kalman_observer,118,5.725697423724277,2745.108669331674,0.6046511627906976
precise_5min_late_proxy,240,causal_kalman_observer,119,6.358493230515676,4040.0917449889007,0.23255813953488372
precise_5min_late_proxy,240,causal_kalman_observer,120,4.447559378068227,129.4669098346663,1.0
precise_5min_late_proxy,240,causal_kalman_observer,121,4.431277447136238,96.1468012472603,1.0
precise_5min_late_proxy,240,causal_kalman_observer,122,4.6178381638239605,477.9334188262914,0.9767441860465116
precise_5min_late_proxy,240,causal_kalman_observer,123,5.631563379277171,2552.4683371836595,0.16279069767441862
precise_5min_late_proxy,240,causal_kalman_observer,124,4.689690592197708,624.9756047735646,0.8837209302325582
precise_5min_late_proxy,240,causal_kalman_observer,125,4.746933002296369,742.1191627618235,0.8372093023255814
precise_5min_late_proxy,240,causal_kalman_observer,126,4.568681810188803,377.3375467687254,1.0
precise_5min_late_proxy,240,causal_kalman_observer,127,5.39110896383983,2060.39112188527,0.5116279069767442
precise_5min_late_proxy,240,memory_limited_ridge,0,4.722933714603706,558.5867989535574,0.9534883720930233
precise_5min_late_proxy,240,memory_limited_ridge,1,5.190508068139061,1791.7667413595177,0.7674418604651163
precise_5min_late_proxy,240,memory_limited_ridge,2,4.908504395240258,1048.0106510731828,1.0
precise_5min_late_proxy,240,memory_limited_ridge,3,4.570178767924888,155.71111742119243,1.0
precise_5min_late_proxy,240,memory_limited_ridge,4,5.070729864765174,1475.863876240266,0.6976744186046512
precise_5min_late_proxy,240,memory_limited_ridge,5,4.82570367005673,829.6321349271429,1.0
precise_5min_late_proxy,240,memory_limited_ridge,6,4.932211203072563,1110.5349527082608,0.8372093023255814
precise_5min_late_proxy,240,memory_limited_ridge,7,4.640321734881947,340.70607982293046,1.0
precise_5min_late_proxy,240,memory_limited_ridge,8,4.811064138794836,791.0218557664227,0.9534883720930233
precise_5min_late_proxy,240,memory_limited_ridge,9,4.550424624717178,103.61156790789286,1.0
precise_5min_late_proxy,240,memory_limited_ridge,10,5.283214634880107,2036.2709100975333,0.6744186046511628
precise_5min_late_proxy,240,memory_limited_ridge,11,4.672789767474059,426.33722331751835,1.0
precise_5min_late_proxy,240,memory_limited_ridge,12,5.677899683204831,3077.2127014543125,0.23255813953488372
precise_5min_late_proxy,240,memory_limited_ridge,13,6.032576278700087,4012.636255587522,0.3023255813953488
precise_5min_late_proxy,240,memory_limited_ridge,14,4.674356214185403,430.4685676709258,1.0
precise_5min_late_proxy,240,memory_limited_ridge,15,4.740691612970095,605.4214551299219,0.9302325581395349
precise_5min_late_proxy,240,memory_limited_ridge,16,4.718184001969811,546.0599135330358,1.0
precise_5min_late_proxy,240,memory_limited_ridge,17,4.637068263115337,332.12537796143323,1.0
precise_5min_late_proxy,240,memory_limited_ridge,18,4.8625001969746,926.679243268786,0.9534883720930233
precise_5min_late_proxy,240,memory_limited_ridge,19,4.848455790739333,889.6385460162915,0.9767441860465116
precise_5min_late_proxy,240,memory_limited_ridge,20,4.548806553620679,99.3440694736815,1.0
precise_5min_late_proxy,240,memory_limited_ridge,21,5.4517064805134305,2480.6510667997445,0.4883720930232558
precise_5min_late_proxy,240,memory_limited_ridge,22,4.651109636325319,369.15807591730226,1.0
precise_5min_late_proxy,240,memory_limited_ridge,23,4.587413020935598,201.16471207295518,1.0
precise_5min_late_proxy,240,memory_limited_ridge,24,4.574762781797684,167.80098916223244,1.0
precise_5min_late_proxy,240,memory_limited_ridge,25,4.580253250999865,182.28154491413446,1.0
precise_5min_late_proxy,240,memory_limited_ridge,26,4.799915841945094,761.6193533341552,0.8372093023255814
precise_5min_late_proxy,240,memory_limited_ridge,27,4.675795073664031,434.26341363621134,1.0
precise_5min_late_proxy,240,memory_limited_ridge,28,4.559038477300831,126.32973059728302,1.0
precise_5min_late_proxy,240,memory_limited_ridge,29,4.821956267349792,819.7487402983039,0.8604651162790697
precise_5min_late_proxy,240,memory_limited_ridge,30,5.416916221589884,2388.895286844669,0.4883720930232558
precise_5min_late_proxy,240,memory_limited_ridge,31,5.956263337231889,3811.3686110877125,0.09302325581395349
precise_5min_late_proxy,240,memory_limited_ridge,32,4.914448942472529,1063.6887915830155,1.0
precise_5min_late_proxy,240,memory_limited_ridge,33,4.647438966931221,359.4770576198316,1.0
precise_5min_late_proxy,240,memory_limited_ridge,34,4.914371728851952,1063.4851484887024,0.7906976744186046
precise_5min_late_proxy,240,memory_limited_ridge,35,4.710743824563809,526.4372001064971,1.0
precise_5min_late_proxy,240,memory_limited_ridge,36,4.782532008288342,715.7712548968949,1.0
precise_5min_late_proxy,240,memory_limited_ridge,37,4.938823633478198,1127.974567360198,0.8604651162790697
precise_5min_late_proxy,240,memory_limited_ridge,38,4.670591566637581,420.5396915229936,1.0
precise_5min_late_proxy,240,memory_limited_ridge,39,4.745694482246336,618.6160155229184,0.9534883720930233
precise_5min_late_proxy,240,memory_limited_ridge,40,4.956025333787755,1173.342307563724,0.8372093023255814
precise_5min_late_proxy,240,memory_limited_ridge,41,4.750910172993941,632.3718709651755,0.9767441860465116
precise_5min_late_proxy,240,memory_limited_ridge,42,5.779178474543331,3344.3252432894587,0.27906976744186046
precise_5min_late_proxy,240,memory_limited_ridge,43,4.689557552697291,470.56055648263873,1.0
precise_5min_late_proxy,240,memory_limited_ridge,44,4.646290516731761,356.4481366789859,1.0
precise_5min_late_proxy,240,memory_limited_ridge,45,5.515212531305553,2648.1418358424025,0.46511627906976744
precise_5min_late_proxy,240,memory_limited_ridge,46,4.981562626312328,1240.6943269517458,0.7441860465116279
precise_5min_late_proxy,240,memory_limited_ridge,47,5.385325638579265,2305.578327642241,0.5348837209302325
precise_5min_late_proxy,240,memory_limited_ridge,48,4.742419001228964,609.9772664944201,0.9767441860465116
precise_5min_late_proxy,240,memory_limited_ridge,49,4.756846608494155,648.0286176042872,0.9767441860465116
precise_5min_late_proxy,240,memory_limited_ridge,50,4.708438665222287,520.3575761011986,1.0
precise_5min_late_proxy,240,memory_limited_ridge,51,4.551837266270418,107.33726675363772,1.0
precise_5min_late_proxy,240,memory_limited_ridge,52,4.855391038733956,907.9295593234051,0.9534883720930233
precise_5min_late_proxy,240,memory_limited_ridge,53,4.81984034138765,814.1682001416425,0.9302325581395349
precise_5min_late_proxy,240,memory_limited_ridge,54,5.244400377870385,1933.9022432494282,0.6744186046511628
precise_5min_late_proxy,240,memory_limited_ridge,55,4.574337233048875,166.6786474906265,1.0
precise_5min_late_proxy,240,memory_limited_ridge,56,5.08248385954848,1506.8638455506493,0.6511627906976745
precise_5min_late_proxy,240,memory_limited_ridge,57,4.550017571133711,102.53800535935035,1.0
precise_5min_late_proxy,240,memory_limited_ridge,58,4.800998076378133,764.4736369057711,0.9069767441860465
precise_5min_late_proxy,240,memory_limited_ridge,59,4.89300890699766,1007.1428721753945,0.8837209302325582
precise_5min_late_proxy,240,memory_limited_ridge,60,4.588586110732144,204.25861745250415,1.0
precise_5min_late_proxy,240,memory_limited_ridge,61,4.9616940235766975,1188.2929020404956,0.813953488372093
precise_5min_late_proxy,240,memory_limited_ridge,62,5.412429399048245,2377.061747383725,0.4418604651162791
precise_5min_late_proxy,240,memory_limited_ridge,63,5.10677761799804,1570.9361699181725,0.627906976744186
precise_5min_late_proxy,240,memory_limited_ridge,64,4.912761122280698,1059.2373369828745,0.9534883720930233
precise_5min_late_proxy,240,memory_limited_ridge,65,5.574781735304905,2805.2495706906843,0.3953488372093023
precise_5min_late_proxy,240,memory_limited_ridge,66,4.866115830372023,936.215109706033,0.8604651162790697
precise_5min_late_proxy,240,memory_limited_ridge,67,4.598264320905761,229.78391535272794,1.0
precise_5min_late_proxy,240,memory_limited_ridge,68,4.819465769795098,813.1803055502533,0.9302325581395349
precise_5min_late_proxy,240,memory_limited_ridge,69,4.576684988965056,172.87061564201838,1.0
precise_5min_late_proxy,240,memory_limited_ridge,70,5.156424124088944,1701.873795258248,0.7906976744186046
precise_5min_late_proxy,240,memory_limited_ridge,71,4.693319723645343,480.4829008498181,1.0
precise_5min_late_proxy,240,memory_limited_ridge,72,5.683963734996281,3093.206023120443,0.4418604651162791
precise_5min_late_proxy,240,memory_limited_ridge,73,5.278939569559979,2024.9958588347881,0.627906976744186
precise_5min_late_proxy,240,memory_limited_ridge,74,4.909264477366434,1050.0152906037652,0.8372093023255814
precise_5min_late_proxy,240,memory_limited_ridge,75,4.785788244741065,724.3592483376543,0.9767441860465116
precise_5min_late_proxy,240,memory_limited_ridge,76,4.769147163142097,680.4700831329656,0.9767441860465116
precise_5min_late_proxy,240,memory_limited_ridge,77,4.706988195314931,516.532108807516,0.9534883720930233
precise_5min_late_proxy,240,memory_limited_ridge,78,4.624287887126068,298.4184323019757,1.0
precise_5min_late_proxy,240,memory_limited_ridge,79,5.132710014082043,1639.3302348781583,0.6976744186046512
precise_5min_late_proxy,240,memory_limited_ridge,80,4.789048516731072,732.9578850987721,0.9069767441860465
precise_5min_late_proxy,240,memory_limited_ridge,81,4.643523275633435,349.1498188981752,1.0
precise_5min_late_proxy,240,memory_limited_ridge,82,4.831515085467393,844.9591537579053,0.8372093023255814
precise_5min_late_proxy,240,memory_limited_ridge,83,5.074551395426106,1485.9427758307118,0.627906976744186
precise_5min_late_proxy,240,memory_limited_ridge,84,4.627168779363368,306.0164934368698,1.0
precise_5min_late_proxy,240,memory_limited_ridge,85,5.457507515647477,2495.950708703562,0.627906976744186
precise_5min_late_proxy,240,memory_limited_ridge,86,4.544377497461329,87.66288298814742,1.0
precise_5min_late_proxy,240,memory_limited_ridge,87,5.314117187925013,2117.77326003605,0.4186046511627907
precise_5min_late_proxy,240,memory_limited_ridge,88,4.599334732214457,232.60701663282512,1.0
precise_5min_late_proxy,240,memory_limited_ridge,89,4.924501064629328,1090.2002444218033,0.7906976744186046
precise_5min_late_proxy,240,memory_limited_ridge,90,4.668028084319817,413.7787668634678,1.0
precise_5min_late_proxy,240,memory_limited_ridge,91,5.7333507391752825,3223.459238483034,0.3953488372093023
precise_5min_late_proxy,240,memory_limited_ridge,92,4.634001157301219,324.03619740093126,1.0
precise_5min_late_proxy,240,memory_limited_ridge,93,4.56795426479491,149.84421599478486,1.0
precise_5min_late_proxy,240,memory_limited_ridge,94,4.771554719114352,686.8197678681435,1.0
precise_5min_late_proxy,240,memory_limited_ridge,95,4.6249204145757,300.0866593080313,1.0
precise_5min_late_proxy,240,memory_limited_ridge,96,5.068588566311082,1470.2164187090195,0.8372093023255814
precise_5min_late_proxy,240,memory_limited_ridge,97,4.878892744849494,969.9129259791436,0.9534883720930233
precise_5min_late_proxy,240,memory_limited_ridge,98,4.654711459258293,378.65751865503665,1.0
precise_5min_late_proxy,240,memory_limited_ridge,99,5.085192103270229,1514.006563733449,0.6976744186046512
precise_5min_late_proxy,240,memory_limited_ridge,100,4.730201149212019,577.7539207684184,1.0
precise_5min_late_proxy,240,memory_limited_ridge,101,4.9550110447350795,1170.6672230427178,0.813953488372093
precise_5min_late_proxy,240,memory_limited_ridge,102,4.975345949175985,1224.2984714156478,0.7441860465116279
precise_5min_late_proxy,240,memory_limited_ridge,103,4.984097115161727,1247.378784278585,0.7441860465116279
precise_5min_late_proxy,240,memory_limited_ridge,104,4.649882057748525,365.9204619053659,1.0
precise_5min_late_proxy,240,memory_limited_ridge,105,4.643132983262906,348.1204623490609,1.0
precise_5min_late_proxy,240,memory_limited_ridge,106,5.195781145011294,1805.6739468861592,0.7209302325581395
precise_5min_late_proxy,240,memory_limited_ridge,107,4.56606897550305,144.87195666795176,1.0
precise_5min_late_proxy,240,memory_limited_ridge,108,4.967111703543307,1202.5814835648712,0.7674418604651163
precise_5min_late_proxy,240,memory_limited_ridge,109,4.8695359949425745,945.2354469341985,0.9069767441860465
precise_5min_late_proxy,240,memory_limited_ridge,110,4.819405352707113,813.0209616073726,0.8837209302325582
precise_5min_late_proxy,240,memory_limited_ridge,111,5.162313701428367,1717.4069582499933,0.6511627906976745
precise_5min_late_proxy,240,memory_limited_ridge,112,4.929206084658816,1102.6092576303165,0.813953488372093
precise_5min_late_proxy,240,memory_limited_ridge,113,4.671106892121686,421.89881023000447,0.9767441860465116
precise_5min_late_proxy,240,memory_limited_ridge,114,5.140403260375838,1659.6203918334409,0.627906976744186
precise_5min_late_proxy,240,memory_limited_ridge,115,5.284879296019711,2040.6612850459087,0.6511627906976745
precise_5min_late_proxy,240,memory_limited_ridge,116,5.084511732583343,1512.2121550407471,0.6976744186046512
precise_5min_late_proxy,240,memory_limited_ridge,117,4.651556863373691,370.33759190568935,1.0
precise_5min_late_proxy,240,memory_limited_ridge,118,5.676744225083734,3074.1652978307907,0.6046511627906976
precise_5min_late_proxy,240,memory_limited_ridge,119,5.99381185782197,3910.3990264828203,0.2558139534883721
precise_5min_late_proxy,240,memory_limited_ridge,120,4.580339798654028,182.5098055754979,1.0
precise_5min_late_proxy,240,memory_limited_ridge,121,4.570267204086459,155.94435882933993,1.0
precise_5min_late_proxy,240,memory_limited_ridge,122,4.77008352603188,682.9396453015551,0.9767441860465116
precise_5min_late_proxy,240,memory_limited_ridge,123,5.388323743213417,2313.4855245877457,0.5813953488372093
precise_5min_late_proxy,240,memory_limited_ridge,124,4.724796754857596,563.50037869894,0.9302325581395349
precise_5min_late_proxy,240,memory_limited_ridge,125,4.810355686618019,789.153384991672,0.8604651162790697
precise_5min_late_proxy,240,memory_limited_ridge,126,4.700981600483912,500.6903240480084,1.0
precise_5min_late_proxy,240,memory_limited_ridge,127,5.399276939714062,2342.373469633697,0.5813953488372093
precise_30min_late_proxy,60,hidden_state_oracle,0,3.7533302167280045,106.50957409282651,0.810126582278481
precise_30min_late_proxy,60,hidden_state_oracle,1,4.2346235048002105,205.712230980464,0.5569620253164557
precise_30min_late_proxy,60,hidden_state_oracle,2,3.482902945103898,50.769956473306515,0.9240506329113924
precise_30min_late_proxy,60,hidden_state_oracle,3,3.628808502284728,80.84355044546668,0.8227848101265823
precise_30min_late_proxy,60,hidden_state_oracle,4,3.8466525737139294,125.7448844315638,0.759493670886076
precise_30min_late_proxy,60,hidden_state_oracle,5,3.5068887941102265,55.71384413619982,0.9240506329113924
precise_30min_late_proxy,60,hidden_state_oracle,6,3.6732899758319038,90.01193169556028,0.8227848101265823
precise_30min_late_proxy,60,hidden_state_oracle,7,3.5600071678719596,66.66243605989189,0.9113924050632911
precise_30min_late_proxy,60,hidden_state_oracle,8,3.933052150691794,143.55329315569816,0.7215189873417721
precise_30min_late_proxy,60,hidden_state_oracle,9,3.446362974586496,43.2384528189726,0.9367088607594937
precise_30min_late_proxy,60,hidden_state_oracle,10,3.906410083002875,138.06191406269733,0.7215189873417721
precise_30min_late_proxy,60,hidden_state_oracle,11,3.4731260217473188,48.75476781974283,0.9620253164556962
precise_30min_late_proxy,60,hidden_state_oracle,12,3.8900269621900927,134.68507679316292,0.7848101265822784
precise_30min_late_proxy,60,hidden_state_oracle,13,3.7709684797926872,110.14511733073068,0.7721518987341772
precise_30min_late_proxy,60,hidden_state_oracle,14,3.426741206370513,39.19407574557601,0.9746835443037974
precise_30min_late_proxy,60,hidden_state_oracle,15,3.69314623143887,94.10464057155784,0.8354430379746836
precise_30min_late_proxy,60,hidden_state_oracle,16,3.902317537683167,137.21837150931162,0.6075949367088608
precise_30min_late_proxy,60,hidden_state_oracle,17,3.7938240246143637,114.85603025454564,0.7721518987341772
precise_30min_late_proxy,60,hidden_state_oracle,18,3.613130348325424,77.61201872374679,0.8227848101265823
precise_30min_late_proxy,60,hidden_state_oracle,19,3.5538597525737896,65.39535017757468,0.9113924050632911
precise_30min_late_proxy,60,hidden_state_oracle,20,3.4919944175121516,52.64386213596807,0.9367088607594937
precise_30min_late_proxy,60,hidden_state_oracle,21,4.006875121198932,158.76945135931518,0.6455696202531646
precise_30min_late_proxy,60,hidden_state_oracle,22,3.552214354830632,65.05620597630848,0.8734177215189873
precise_30min_late_proxy,60,hidden_state_oracle,23,3.6310250551690033,81.3004193457847,0.8734177215189873
precise_30min_late_proxy,60,hidden_state_oracle,24,3.4024675945638836,34.19087532048425,0.9746835443037974
precise_30min_late_proxy,60,hidden_state_oracle,25,3.880976746211285,132.81967477581784,0.7341772151898734
precise_30min_late_proxy,60,hidden_state_oracle,26,3.7530927320656997,106.46062450209953,0.8227848101265823
precise_30min_late_proxy,60,hidden_state_oracle,27,3.747684442028893,105.34588479106193,0.7848101265822784
precise_30min_late_proxy,60,hidden_state_oracle,28,3.58092073655171,70.97307497684714,0.9240506329113924
precise_30min_late_proxy,60,hidden_state_oracle,29,3.7602818655467876,107.94242605578516,0.7721518987341772
precise_30min_late_proxy,60,hidden_state_oracle,30,3.7761202591091307,111.20698585987019,0.759493670886076
precise_30min_late_proxy,60,hidden_state_oracle,31,3.765521884799064,109.0224823226202,0.7974683544303798
precise_30min_late_proxy,60,hidden_state_oracle,32,3.500139162967428,54.3226314204374,0.9113924050632911
precise_30min_late_proxy,60,hidden_state_oracle,33,3.6389942766278534,82.94301017685726,0.8481012658227848
precise_30min_late_proxy,60,hidden_state_oracle,34,3.9303795230953384,143.00241957193867,0.7088607594936709
precise_30min_late_proxy,60,hidden_state_oracle,35,3.7145201363022307,98.51016253302521,0.810126582278481
precise_30min_late_proxy,60,hidden_state_oracle,36,3.486182637142552,51.44595626817373,0.9493670886075949
precise_30min_late_proxy,60,hidden_state_oracle,37,3.5912801232679206,73.10831914385147,0.8354430379746836
precise_30min_late_proxy,60,hidden_state_oracle,38,3.596821289801103,74.2504469398784,0.8227848101265823
precise_30min_late_proxy,60,hidden_state_oracle,39,3.700148527807297,95.54793184795372,0.7974683544303798
precise_30min_late_proxy,60,hidden_state_oracle,40,3.538361130556665,62.200823014409266,0.8734177215189873
precise_30min_late_proxy,60,hidden_state_oracle,41,3.6306228570354837,81.21751953307331,0.8734177215189873
precise_30min_late_proxy,60,hidden_state_oracle,42,3.7811904080064744,112.2520289840885,0.7088607594936709
precise_30min_late_proxy,60,hidden_state_oracle,43,3.7337545103861793,102.47469114787714,0.810126582278481
precise_30min_late_proxy,60,hidden_state_oracle,44,3.616917558958567,78.39262665307321,0.7974683544303798
precise_30min_late_proxy,60,hidden_state_oracle,45,3.899052537273481,136.5453999067417,0.7341772151898734
precise_30min_late_proxy,60,hidden_state_oracle,46,3.664731797889047,88.24794700869859,0.8227848101265823
precise_30min_late_proxy,60,hidden_state_oracle,47,3.9818175712660095,153.60466807634597,0.6708860759493671
precise_30min_late_proxy,60,hidden_state_oracle,48,3.606567694322948,76.2593451473343,0.8227848101265823
precise_30min_late_proxy,60,hidden_state_oracle,49,3.902215255088721,137.1972893430441,0.6455696202531646
precise_30min_late_proxy,60,hidden_state_oracle,50,3.403716759079967,34.44834917677186,0.9873417721518988
precise_30min_late_proxy,60,hidden_state_oracle,51,3.49316386624524,52.88490522609905,0.8860759493670886
precise_30min_late_proxy,60,hidden_state_oracle,52,3.464467377236692,46.970075280313885,0.9367088607594937
precise_30min_late_proxy,60,hidden_state_oracle,53,3.7380181088699755,103.35349064077828,0.810126582278481
precise_30min_late_proxy,60,hidden_state_oracle,54,3.701280706641236,95.78129298383921,0.810126582278481
precise_30min_late_proxy,60,hidden_state_oracle,55,3.6314051944717978,81.37877246177298,0.8607594936708861
precise_30min_late_proxy,60,hidden_state_oracle,56,3.7137300864271987,98.34731994074426,0.7848101265822784
precise_30min_late_proxy,60,hidden_state_oracle,57,3.469581531815862,48.02418871709138,0.9493670886075949
precise_30min_late_proxy,60,hidden_state_oracle,58,3.58161465879944,71.1161040453051,0.8734177215189873
precise_30min_late_proxy,60,hidden_state_oracle,59,3.6290104094853364,80.88516692182631,0.8354430379746836
precise_30min_late_proxy,60,hidden_state_oracle,60,3.6382022300671375,82.77975603401111,0.8227848101265823
precise_30min_late_proxy,60,hidden_state_oracle,61,3.6058149026242945,76.10418209303855,0.8860759493670886
precise_30min_late_proxy,60,hidden_state_oracle,62,3.7643763954654816,108.7863776684649,0.8227848101265823
precise_30min_late_proxy,60,hidden_state_oracle,63,4.34218533117519,227.8825359078907,0.7215189873417721
precise_30min_late_proxy,60,hidden_state_oracle,64,3.769032090013578,109.7459947673823,0.810126582278481
precise_30min_late_proxy,60,hidden_state_oracle,65,4.036034652031273,164.77972202764653,0.7215189873417721
precise_30min_late_proxy,60,hidden_state_oracle,66,3.6995972847526675,95.43431136546315,0.7848101265822784
precise_30min_late_proxy,60,hidden_state_oracle,67,3.634623149601175,82.04204723931676,0.8227848101265823
precise_30min_late_proxy,60,hidden_state_oracle,68,3.709379498769334,97.45059051322346,0.8354430379746836
precise_30min_late_proxy,60,hidden_state_oracle,69,3.549320891181273,64.45981436076342,0.9113924050632911
precise_30min_late_proxy,60,hidden_state_oracle,70,3.8481356877568014,126.0505792275784,0.7974683544303798
precise_30min_late_proxy,60,hidden_state_oracle,71,3.5486126275789642,64.31382929746253,0.9113924050632911
precise_30min_late_proxy,60,hidden_state_oracle,72,3.7593675076664486,107.75396148891133,0.7721518987341772
precise_30min_late_proxy,60,hidden_state_oracle,73,4.355962804062878,230.7223052326007,0.6075949367088608
precise_30min_late_proxy,60,hidden_state_oracle,74,3.6183587834166686,78.68968729978977,0.8354430379746836
precise_30min_late_proxy,60,hidden_state_oracle,75,3.72911728590182,101.51888104033198,0.7721518987341772
precise_30min_late_proxy,60,hidden_state_oracle,76,3.7260959332103267,100.89612933816052,0.810126582278481
precise_30min_late_proxy,60,hidden_state_oracle,77,3.6437101797762947,83.91503728287377,0.8354430379746836
precise_30min_late_proxy,60,hidden_state_oracle,78,3.7432981316402425,104.44179230676627,0.810126582278481
precise_30min_late_proxy,60,hidden_state_oracle,79,3.8830691120355687,133.25094663040994,0.7215189873417721
precise_30min_late_proxy,60,hidden_state_oracle,80,3.9223645154010827,141.35039142621122,0.7088607594936709
precise_30min_late_proxy,60,hidden_state_oracle,81,3.4368912550471946,41.28617181510303,0.9746835443037974
precise_30min_late_proxy,60,hidden_state_oracle,82,3.6285293669629426,80.78601595197117,0.7974683544303798
precise_30min_late_proxy,60,hidden_state_oracle,83,3.9333843157523534,143.62175797195295,0.7088607594936709
precise_30min_late_proxy,60,hidden_state_oracle,84,3.787101273149328,113.47035789331625,0.7721518987341772
precise_30min_late_proxy,60,hidden_state_oracle,85,4.47875952622501,256.0327789031769,0.5949367088607594
precise_30min_late_proxy,60,hidden_state_oracle,86,3.6236307733003756,79.77633325249641,0.8860759493670886
precise_30min_late_proxy,60,hidden_state_oracle,87,3.8870222658077993,134.06575823699052,0.8354430379746836
precise_30min_late_proxy,60,hidden_state_oracle,88,3.741752123898464,104.12313405959273,0.7848101265822784
precise_30min_late_proxy,60,hidden_state_oracle,89,4.015454289458973,160.53776250425355,0.7341772151898734
precise_30min_late_proxy,60,hidden_state_oracle,90,3.6043850808154665,75.80947172448165,0.8481012658227848
precise_30min_late_proxy,60,hidden_state_oracle,91,4.083290657860615,174.5199811344078,0.5822784810126582
precise_30min_late_proxy,60,hidden_state_oracle,92,3.6017217305215072,75.26051034909771,0.8607594936708861
precise_30min_late_proxy,60,hidden_state_oracle,93,4.011853720099386,159.79562448647636,0.810126582278481
precise_30min_late_proxy,60,hidden_state_oracle,94,3.6819749344991726,91.80204802608978,0.8227848101265823
precise_30min_late_proxy,60,hidden_state_oracle,95,3.520795702473368,58.58029229350229,0.8734177215189873
precise_30min_late_proxy,60,hidden_state_oracle,96,3.6055108568104033,76.04151312735587,0.8481012658227848
precise_30min_late_proxy,60,hidden_state_oracle,97,3.642651810834361,83.69688960949178,0.8734177215189873
precise_30min_late_proxy,60,hidden_state_oracle,98,3.6804319718764615,91.4840174292699,0.810126582278481
precise_30min_late_proxy,60,hidden_state_oracle,99,3.812069920859567,118.61681693010983,0.759493670886076
precise_30min_late_proxy,60,hidden_state_oracle,100,3.561738133518389,67.0192172479174,0.8481012658227848
precise_30min_late_proxy,60,hidden_state_oracle,101,3.8458041682341118,125.57001376579353,0.6962025316455697
precise_30min_late_proxy,60,hidden_state_oracle,102,3.69365216799018,94.2089226202595,0.8354430379746836
precise_30min_late_proxy,60,hidden_state_oracle,103,3.6950221329679427,94.49129548729312,0.8354430379746836
precise_30min_late_proxy,60,hidden_state_oracle,104,3.8220588367339947,120.67570081386275,0.7341772151898734
precise_30min_late_proxy,60,hidden_state_oracle,105,3.4460432081905332,43.17254357641927,0.9746835443037974
precise_30min_late_proxy,60,hidden_state_oracle,106,3.665044635526306,88.31242811732812,0.810126582278481
precise_30min_late_proxy,60,hidden_state_oracle,107,3.6948197105075393,94.44957280720705,0.7848101265822784
precise_30min_late_proxy,60,hidden_state_oracle,108,3.873198541567054,131.2164557290402,0.6835443037974683
precise_30min_late_proxy,60,hidden_state_oracle,109,3.548364781407039,64.26274402500181,0.8607594936708861
precise_30min_late_proxy,60,hidden_state_oracle,110,3.533602436022813,61.21997588278653,0.9367088607594937
precise_30min_late_proxy,60,hidden_state_oracle,111,3.812335528561953,118.6715631532953,0.7721518987341772
precise_30min_late_proxy,60,hidden_state_oracle,112,3.893595376993726,135.4205872151248,0.7341772151898734
precise_30min_late_proxy,60,hidden_state_oracle,113,3.753291268727799,106.501546253676,0.7974683544303798
precise_30min_late_proxy,60,hidden_state_oracle,114,3.985976023336326,154.46179512161925,0.6835443037974683
precise_30min_late_proxy,60,hidden_state_oracle,115,4.003497473346852,158.07326122065916,0.6455696202531646
precise_30min_late_proxy,60,hidden_state_oracle,116,4.012071930593289,159.84060134630897,0.6962025316455697
precise_30min_late_proxy,60,hidden_state_oracle,117,3.4501390008901396,44.01675546952379,0.9493670886075949
precise_30min_late_proxy,60,hidden_state_oracle,118,4.329161682231171,225.19814240056883,0.569620253164557
precise_30min_late_proxy,60,hidden_state_oracle,119,4.466811382906108,253.57006522840845,0.4050632911392405
precise_30min_late_proxy,60,hidden_state_oracle,120,3.584694542003825,71.75091987247461,0.8481012658227848
precise_30min_late_proxy,60,hidden_state_oracle,121,3.59705694179305,74.29901878636278,0.8987341772151899
precise_30min_late_proxy,60,hidden_state_oracle,122,3.5949624296194127,73.86730453300036,0.8734177215189873
precise_30min_late_proxy,60,hidden_state_oracle,123,3.722424062962034,100.13929500573828,0.7341772151898734
precise_30min_late_proxy,60,hidden_state_oracle,124,3.6101966895451274,77.00734221439208,0.8607594936708861
precise_30min_late_proxy,60,hidden_state_oracle,125,3.6969875848285447,94.89640823535852,0.810126582278481
precise_30min_late_proxy,60,hidden_state_oracle,126,3.6195459591026067,78.93438421361806,0.7974683544303798
precise_30min_late_proxy,60,hidden_state_oracle,127,3.9793323067273834,153.0924131760378,0.7341772151898734
precise_30min_late_proxy,60,causal_kalman_observer,0,3.793900249801491,114.13535837934151,0.8354430379746836
precise_30min_late_proxy,60,causal_kalman_observer,1,4.587345923965653,327.2459928510191,0.45569620253164556
precise_30min_late_proxy,60,causal_kalman_observer,2,3.6701145716222556,80.88787635330243,0.9240506329113924
precise_30min_late_proxy,60,causal_kalman_observer,3,3.7647496472320006,106.3058113250114,0.8354430379746836
precise_30min_late_proxy,60,causal_kalman_observer,4,3.948773245571144,155.7324819095181,0.7721518987341772
precise_30min_late_proxy,60,causal_kalman_observer,5,3.7697470354445963,107.64804183527343,0.8354430379746836
precise_30min_late_proxy,60,causal_kalman_observer,6,3.793915770726026,114.13949551594347,0.7974683544303798
precise_30min_late_proxy,60,causal_kalman_observer,7,3.7063874519189484,90.63036384553716,0.8607594936708861
precise_30min_late_proxy,60,causal_kalman_observer,8,3.971158077275399,161.74481543857502,0.7215189873417721
precise_30min_late_proxy,60,causal_kalman_observer,9,3.565960247770655,52.91318449362406,1.0
precise_30min_late_proxy,60,causal_kalman_observer,10,4.030382691788905,177.65186725125372,0.6835443037974683
precise_30min_late_proxy,60,causal_kalman_observer,11,3.6828203102570845,84.30049285389833,0.8987341772151899
precise_30min_late_proxy,60,causal_kalman_observer,12,3.9523488770173376,156.69286095146236,0.8354430379746836
precise_30min_late_proxy,60,causal_kalman_observer,13,4.101814769907155,196.83776546444642,0.6455696202531646
precise_30min_late_proxy,60,causal_kalman_observer,14,3.535881537057724,44.83438329880812,0.9873417721518988
precise_30min_late_proxy,60,causal_kalman_observer,15,3.9781421802418633,163.6207096883813,0.7341772151898734
precise_30min_late_proxy,60,causal_kalman_observer,16,4.187656237674684,219.8937935393994,0.5443037974683544
precise_30min_late_proxy,60,causal_kalman_observer,17,3.891229077810937,140.2767613992951,0.7848101265822784
precise_30min_late_proxy,60,causal_kalman_observer,18,3.8419912392644155,127.05205839644321,0.7721518987341772
precise_30min_late_proxy,60,causal_kalman_observer,19,3.785171259239961,111.79082263579076,0.8481012658227848
precise_30min_late_proxy,60,causal_kalman_observer,20,3.579792701329216,56.62843777235322,0.9620253164556962
precise_30min_late_proxy,60,causal_kalman_observer,21,4.235025396225803,232.61661380885667,0.6075949367088608
precise_30min_late_proxy,60,causal_kalman_observer,22,3.756063296080391,103.97276147505572,0.8607594936708861
precise_30min_late_proxy,60,causal_kalman_observer,23,3.7394750579265263,99.51732853629701,0.8860759493670886
precise_30min_late_proxy,60,causal_kalman_observer,24,3.677365762328778,82.83546267885988,0.8734177215189873
precise_30min_late_proxy,60,causal_kalman_observer,25,4.071449936319852,188.68211589849562,0.7088607594936709
precise_30min_late_proxy,60,causal_kalman_observer,26,3.829684217625918,123.74654013567424,0.8860759493670886
precise_30min_late_proxy,60,causal_kalman_observer,27,3.763492730418906,105.96820634538811,0.8354430379746836
precise_30min_late_proxy,60,causal_kalman_observer,28,3.6238357902411096,68.4579106351786,0.9620253164556962
precise_30min_late_proxy,60,causal_kalman_observer,29,3.987192076238976,166.0513508495889,0.7215189873417721
precise_30min_late_proxy,60,causal_kalman_observer,30,4.078952597944884,190.69720387721955,0.6835443037974683
precise_30min_late_proxy,60,causal_kalman_observer,31,3.9768851970686314,163.28303851430348,0.6835443037974683
precise_30min_late_proxy,60,causal_kalman_observer,32,3.6940220483611226,87.30915397770188,0.8607594936708861
precise_30min_late_proxy,60,causal_kalman_observer,33,3.7608229928629564,105.25116842695351,0.8607594936708861
precise_30min_late_proxy,60,causal_kalman_observer,34,4.197851169144591,222.63203130443168,0.6582278481012658
precise_30min_late_proxy,60,causal_kalman_observer,35,3.753145816150985,103.18913920897333,0.8354430379746836
precise_30min_late_proxy,60,causal_kalman_observer,36,3.6104965064732686,64.87515017419376,0.9493670886075949
precise_30min_late_proxy,60,causal_kalman_observer,37,3.787020971293067,112.2876289448056,0.810126582278481
precise_30min_late_proxy,60,causal_kalman_observer,38,3.769467224894937,107.5729008228358,0.8607594936708861
precise_30min_late_proxy,60,causal_kalman_observer,39,3.786851544929717,112.24212159698361,0.8481012658227848
precise_30min_late_proxy,60,causal_kalman_observer,40,3.800809131932466,115.99097466162839,0.7974683544303798
precise_30min_late_proxy,60,causal_kalman_observer,41,3.7299198857735965,96.95091233738891,0.8481012658227848
precise_30min_late_proxy,60,causal_kalman_observer,42,3.9807326601698407,164.3164274878166,0.6708860759493671
precise_30min_late_proxy,60,causal_kalman_observer,43,3.8411718641366,126.83197754263847,0.7848101265822784
precise_30min_late_proxy,60,causal_kalman_observer,44,3.6698936459591978,80.82853824731025,0.8607594936708861
precise_30min_late_proxy,60,causal_kalman_observer,45,3.9865095734922815,165.86805842660362,0.7341772151898734
precise_30min_late_proxy,60,causal_kalman_observer,46,3.852715848749873,129.93253978764548,0.7974683544303798
precise_30min_late_proxy,60,causal_kalman_observer,47,3.9681494753220456,160.93672099113974,0.6962025316455697
precise_30min_late_proxy,60,causal_kalman_observer,48,3.7866329846493922,112.18342400177488,0.8227848101265823
precise_30min_late_proxy,60,causal_kalman_observer,49,4.059151606315866,185.37887956953352,0.7341772151898734
precise_30min_late_proxy,60,causal_kalman_observer,50,3.5745755083313067,55.227146990117035,0.9746835443037974
precise_30min_late_proxy,60,causal_kalman_observer,51,3.671851111584831,81.35428791741731,0.8860759493670886
precise_30min_late_proxy,60,causal_kalman_observer,52,3.629256412253823,69.91383069711316,0.9240506329113924
precise_30min_late_proxy,60,causal_kalman_observer,53,3.7489951966194814,102.07433076931864,0.8734177215189873
precise_30min_late_proxy,60,causal_kalman_observer,54,3.994794157181111,168.09319870184927,0.7341772151898734
precise_30min_late_proxy,60,causal_kalman_observer,55,3.8089974536756355,118.19026621042906,0.8481012658227848
precise_30min_late_proxy,60,causal_kalman_observer,56,3.9533428068021697,156.95983460912993,0.7088607594936709
precise_30min_late_proxy,60,causal_kalman_observer,57,3.561662892504553,51.75896456928136,0.9746835443037974
precise_30min_late_proxy,60,causal_kalman_observer,58,3.8046049073826955,117.01047846214354,0.8227848101265823
precise_30min_late_proxy,60,causal_kalman_observer,59,3.7956187243984414,114.59688780795712,0.8354430379746836
precise_30min_late_proxy,60,causal_kalman_observer,60,3.813551946292446,119.41355089989052,0.7974683544303798
precise_30min_late_proxy,60,causal_kalman_observer,61,3.709119882694636,91.36426365743455,0.8860759493670886
precise_30min_late_proxy,60,causal_kalman_observer,62,3.8864444152032425,138.99165614317045,0.7974683544303798
precise_30min_late_proxy,60,causal_kalman_observer,63,4.230193566807329,231.3188400126115,0.7848101265822784
precise_30min_late_proxy,60,causal_kalman_observer,64,3.7762881131106742,109.4049029525824,0.8481012658227848
precise_30min_late_proxy,60,causal_kalman_observer,65,4.108765702516811,198.70468399741506,0.7341772151898734
precise_30min_late_proxy,60,causal_kalman_observer,66,3.8178047783646725,120.55581401046787,0.810126582278481
precise_30min_late_proxy,60,causal_kalman_observer,67,3.8418113635858013,127.00373716469194,0.8481012658227848
precise_30min_late_proxy,60,causal_kalman_observer,68,3.8829125788278436,138.04304432483394,0.7974683544303798
precise_30min_late_proxy,60,causal_kalman_observer,69,3.62692509618973,69.28766180767731,0.9240506329113924
precise_30min_late_proxy,60,causal_kalman_observer,70,3.985030853649811,165.470881676301,0.810126582278481
precise_30min_late_proxy,60,causal_kalman_observer,71,3.753765141350382,103.35548168224764,0.8607594936708861
precise_30min_late_proxy,60,causal_kalman_observer,72,4.0453076459146144,181.66054363889725,0.6455696202531646
precise_30min_late_proxy,60,causal_kalman_observer,73,4.205993004439848,224.8188395508177,0.7215189873417721
precise_30min_late_proxy,60,causal_kalman_observer,74,3.675261953054321,82.2704075649542,0.9113924050632911
precise_30min_late_proxy,60,causal_kalman_observer,75,3.7929140190005515,113.87043897132811,0.810126582278481
precise_30min_late_proxy,60,causal_kalman_observer,76,3.765537994707261,106.5175438683805,0.8354430379746836
precise_30min_late_proxy,60,causal_kalman_observer,77,3.667094388536466,80.0766856479033,0.8734177215189873
precise_30min_late_proxy,60,causal_kalman_observer,78,3.839952708642067,126.5045047596102,0.8481012658227848
precise_30min_late_proxy,60,causal_kalman_observer,79,4.113990462563203,200.10799032292502,0.7468354430379747
precise_30min_late_proxy,60,causal_kalman_observer,80,4.088149182158208,193.16730225098988,0.7341772151898734
precise_30min_late_proxy,60,causal_kalman_observer,81,3.5015849758429964,35.62270561773736,1.0
precise_30min_late_proxy,60,causal_kalman_observer,82,3.8397950331189845,126.46215680895014,0.7974683544303798
precise_30min_late_proxy,60,causal_kalman_observer,83,4.366579764348067,267.95064826206016,0.6962025316455697
precise_30min_late_proxy,60,causal_kalman_observer,84,4.014060440043111,173.26789616823862,0.7341772151898734
precise_30min_late_proxy,60,causal_kalman_observer,85,4.587937517734066,327.404922056665,0.5949367088607594
precise_30min_late_proxy,60,causal_kalman_observer,86,3.7322480241241034,97.57622509528446,0.8354430379746836
precise_30min_late_proxy,60,causal_kalman_observer,87,4.027392298627715,176.84869766524758,0.810126582278481
precise_30min_late_proxy,60,causal_kalman_observer,88,3.9394541939368852,153.22950689169562,0.7341772151898734
precise_30min_late_proxy,60,causal_kalman_observer,89,4.155282141817056,211.19852088401026,0.6835443037974683
precise_30min_late_proxy,60,causal_kalman_observer,90,3.6516057492382603,75.91660961221021,0.9240506329113924
precise_30min_late_proxy,60,causal_kalman_observer,91,4.26453111943303,240.5415786956372,0.45569620253164556
precise_30min_late_proxy,60,causal_kalman_observer,92,3.9063405840515424,144.33555601689906,0.759493670886076
precise_30min_late_proxy,60,causal_kalman_observer,93,3.8950474529377592,141.30233432261417,0.810126582278481
precise_30min_late_proxy,60,causal_kalman_observer,94,3.757891520405583,104.46378322827076,0.8354430379746836
precise_30min_late_proxy,60,causal_kalman_observer,95,3.622860222135561,68.19589104467501,0.9113924050632911
precise_30min_late_proxy,60,causal_kalman_observer,96,3.7096278253362254,91.50069149536724,0.8354430379746836
precise_30min_late_proxy,60,causal_kalman_observer,97,3.7815755728810174,110.82507850765874,0.8354430379746836
precise_30min_late_proxy,60,causal_kalman_observer,98,3.906911709302228,144.48895218374372,0.7848101265822784
precise_30min_late_proxy,60,causal_kalman_observer,99,3.8524205497742736,129.85324394593792,0.7088607594936709
precise_30min_late_proxy,60,causal_kalman_observer,100,3.5894275367673365,59.21624069547421,0.9620253164556962
precise_30min_late_proxy,60,causal_kalman_observer,101,3.9121696683492266,145.90117261099002,0.7721518987341772
precise_30min_late_proxy,60,causal_kalman_observer,102,3.7975097637844164,115.10479881669788,0.7974683544303798
precise_30min_late_proxy,60,causal_kalman_observer,103,3.829812199230818,123.78090472795246,0.8354430379746836
precise_30min_late_proxy,60,causal_kalman_observer,104,3.7602053251435392,105.08524849598533,0.8607594936708861
precise_30min_late_proxy,60,causal_kalman_observer,105,3.6052540313434878,63.46709243583295,0.9113924050632911
precise_30min_late_proxy,60,causal_kalman_observer,106,3.8075289286401466,117.79583589457363,0.7848101265822784
precise_30min_late_proxy,60,causal_kalman_observer,107,3.876706971246857,136.3762844097761,0.810126582278481
precise_30min_late_proxy,60,causal_kalman_observer,108,3.8623972151448926,132.53285890059732,0.7974683544303798
precise_30min_late_proxy,60,causal_kalman_observer,109,3.659613874026213,78.06750341263772,0.9113924050632911
precise_30min_late_proxy,60,causal_kalman_observer,110,3.6731976180119257,81.715944537943,0.8860759493670886
precise_30min_late_proxy,60,causal_kalman_observer,111,4.161488199549463,212.86534386818994,0.6708860759493671
precise_30min_late_proxy,60,causal_kalman_observer,112,3.801830415532662,116.26527756576245,0.7974683544303798
precise_30min_late_proxy,60,causal_kalman_observer,113,3.8554781396267757,130.67445974192202,0.8481012658227848
precise_30min_late_proxy,60,causal_kalman_observer,114,4.073271498558659,189.17132216350436,0.6708860759493671
precise_30min_late_proxy,60,causal_kalman_observer,115,4.36396731071475,267.2489739001642,0.5316455696202531
precise_30min_late_proxy,60,causal_kalman_observer,116,3.8782369850732503,136.7872724588296,0.759493670886076
precise_30min_late_proxy,60,causal_kalman_observer,117,3.579157501343944,56.457837344372784,0.9240506329113924
precise_30min_late_proxy,60,causal_kalman_observer,118,4.301547705024899,250.48376836239868,0.569620253164557
precise_30min_late_proxy,60,causal_kalman_observer,119,4.738691313050054,367.89566262057286,0.35443037974683544
precise_30min_late_proxy,60,causal_kalman_observer,120,3.7344180003416634,98.15907452205569,0.7848101265822784
precise_30min_late_proxy,60,causal_kalman_observer,121,3.744877720336635,100.96844560952438,0.7974683544303798
precise_30min_late_proxy,60,causal_kalman_observer,122,3.7254393790726983,95.74750383556871,0.8354430379746836
precise_30min_late_proxy,60,causal_kalman_observer,123,3.9917949501807404,167.28763146048487,0.7215189873417721
precise_30min_late_proxy,60,causal_kalman_observer,124,3.8172969278475577,120.41941663336083,0.8860759493670886
precise_30min_late_proxy,60,causal_kalman_observer,125,3.8417751950518015,126.99402758911062,0.810126582278481
precise_30min_late_proxy,60,causal_kalman_observer,126,3.7348726310025255,98.28116427248385,0.8607594936708861
precise_30min_late_proxy,60,causal_kalman_observer,127,4.123547484106401,202.6748945804161,0.6835443037974683
precise_30min_late_proxy,60,memory_limited_ridge,0,3.808886439929705,115.96071173394753,0.8227848101265823
precise_30min_late_proxy,60,memory_limited_ridge,1,4.539242242111415,331.30810942183484,0.5063291139240507
precise_30min_late_proxy,60,memory_limited_ridge,2,3.6696040633174998,74.89292359887092,0.9367088607594937
precise_30min_late_proxy,60,memory_limited_ridge,3,3.7818780751657504,107.99722181526846,0.8607594936708861
precise_30min_late_proxy,60,memory_limited_ridge,4,3.9687190613174024,163.0877955178462,0.759493670886076
precise_30min_late_proxy,60,memory_limited_ridge,5,3.7720035131329284,105.08568030259225,0.8607594936708861
precise_30min_late_proxy,60,memory_limited_ridge,6,3.824768005487977,120.64343459856649,0.7974683544303798
precise_30min_late_proxy,60,memory_limited_ridge,7,3.7150134852439893,88.28201534452356,0.9113924050632911
precise_30min_late_proxy,60,memory_limited_ridge,8,3.967506224770825,162.73018735844508,0.7468354430379747
precise_30min_late_proxy,60,memory_limited_ridge,9,3.603469174739255,55.39287155689375,1.0
precise_30min_late_proxy,60,memory_limited_ridge,10,4.019251327460249,177.98737183479668,0.7341772151898734
precise_30min_late_proxy,60,memory_limited_ridge,11,3.704490230592628,85.17920504629834,0.9240506329113924
precise_30min_late_proxy,60,memory_limited_ridge,12,3.9659890261691326,162.28283721804226,0.8354430379746836
precise_30min_late_proxy,60,memory_limited_ridge,13,4.085584194468824,197.54579835622948,0.6455696202531646
precise_30min_late_proxy,60,memory_limited_ridge,14,3.581795140817404,49.0022236171809,1.0
precise_30min_late_proxy,60,memory_limited_ridge,15,3.9510612408158643,157.88133904486827,0.7721518987341772
precise_30min_late_proxy,60,memory_limited_ridge,16,4.144674424055784,214.96871350569467,0.6075949367088608
precise_30min_late_proxy,60,memory_limited_ridge,17,3.904088571930406,144.03131967523868,0.7848101265822784
precise_30min_late_proxy,60,memory_limited_ridge,18,3.847691329773662,127.40243920499503,0.8227848101265823
precise_30min_late_proxy,60,memory_limited_ridge,19,3.816557128921599,118.2224352773808,0.8481012658227848
precise_30min_late_proxy,60,memory_limited_ridge,20,3.6112638736955405,57.69115977611798,1.0
precise_30min_late_proxy,60,memory_limited_ridge,21,4.165255219342818,221.0370170560611,0.6329113924050633
precise_30min_late_proxy,60,memory_limited_ridge,22,3.7966780240225595,112.36102704924818,0.8481012658227848
precise_30min_late_proxy,60,memory_limited_ridge,23,3.769723340761915,104.41336526804217,0.8734177215189873
precise_30min_late_proxy,60,memory_limited_ridge,24,3.6973438127523526,83.07206427998132,0.8987341772151899
precise_30min_late_proxy,60,memory_limited_ridge,25,4.070409679693779,193.07155134097934,0.7468354430379747
precise_30min_late_proxy,60,memory_limited_ridge,26,3.8450615036371003,126.6270278052521,0.8860759493670886
precise_30min_late_proxy,60,memory_limited_ridge,27,3.7896483565312624,110.28831044134255,0.8607594936708861
precise_30min_late_proxy,60,memory_limited_ridge,28,3.652828261799466,69.94653282570826,0.9746835443037974
precise_30min_late_proxy,60,memory_limited_ridge,29,3.9801008422016317,166.44374461436965,0.759493670886076
precise_30min_late_proxy,60,memory_limited_ridge,30,4.0486867370005415,186.66648251680047,0.6708860759493671
precise_30min_late_proxy,60,memory_limited_ridge,31,3.994132699593465,170.58107598769814,0.6708860759493671
precise_30min_late_proxy,60,memory_limited_ridge,32,3.7025433586291823,84.60516454479625,0.8860759493670886
precise_30min_late_proxy,60,memory_limited_ridge,33,3.760629384911921,101.7319876146648,0.8607594936708861
precise_30min_late_proxy,60,memory_limited_ridge,34,4.151619960472274,217.01662383702887,0.6835443037974683
precise_30min_late_proxy,60,memory_limited_ridge,35,3.762900085273161,102.40150980133248,0.8860759493670886
precise_30min_late_proxy,60,memory_limited_ridge,36,3.6447895216778425,67.5762884041404,0.9367088607594937
precise_30min_late_proxy,60,memory_limited_ridge,37,3.823876538055008,120.38058299768949,0.810126582278481
precise_30min_late_proxy,60,memory_limited_ridge,38,3.782450714364492,108.16606604282825,0.8607594936708861
precise_30min_late_proxy,60,memory_limited_ridge,39,3.7928532254609677,111.23327477500197,0.8734177215189873
precise_30min_late_proxy,60,memory_limited_ridge,40,3.790155245510839,110.43776803768442,0.8734177215189873
precise_30min_late_proxy,60,memory_limited_ridge,41,3.7655107574654134,103.17127360842245,0.8481012658227848
precise_30min_late_proxy,60,memory_limited_ridge,42,4.018945068935433,177.89707067453745,0.6582278481012658
precise_30min_late_proxy,60,memory_limited_ridge,43,3.842613088155801,125.90510583135695,0.7974683544303798
precise_30min_late_proxy,60,memory_limited_ridge,44,3.6998700296196954,83.81692620447399,0.8734177215189873
precise_30min_late_proxy,60,memory_limited_ridge,45,3.9967513876549163,171.3532032956559,0.759493670886076
precise_30min_late_proxy,60,memory_limited_ridge,46,3.8824684236576545,137.6565600659418,0.8481012658227848
precise_30min_late_proxy,60,memory_limited_ridge,47,3.940194770091359,154.67733055259154,0.7468354430379747
precise_30min_late_proxy,60,memory_limited_ridge,48,3.7894213772294836,110.22138497594449,0.8734177215189873
precise_30min_late_proxy,60,memory_limited_ridge,49,4.053841475724795,188.18637127062868,0.7468354430379747
precise_30min_late_proxy,60,memory_limited_ridge,50,3.611675618885708,57.81256396699088,0.9873417721518988
precise_30min_late_proxy,60,memory_limited_ridge,51,3.6994452870739614,83.69168970790888,0.8987341772151899
precise_30min_late_proxy,60,memory_limited_ridge,52,3.6592466600287628,71.8390150266778,0.9367088607594937
precise_30min_late_proxy,60,memory_limited_ridge,53,3.7753624661483736,106.07607674864147,0.8734177215189873
precise_30min_late_proxy,60,memory_limited_ridge,54,3.9875611606206784,168.64343982137143,0.7721518987341772
precise_30min_late_proxy,60,memory_limited_ridge,55,3.8285643083087404,121.76278482600979,0.8860759493670886
precise_30min_late_proxy,60,memory_limited_ridge,56,3.9641028426271485,161.72669086291648,0.7088607594936709
precise_30min_late_proxy,60,memory_limited_ridge,57,3.593142110848092,52.34790863871672,0.9873417721518988
precise_30min_late_proxy,60,memory_limited_ridge,58,3.8320268350548514,122.78372026866998,0.7974683544303798
precise_30min_late_proxy,60,memory_limited_ridge,59,3.814212119331423,117.53100281215116,0.8354430379746836
precise_30min_late_proxy,60,memory_limited_ridge,60,3.819470495637869,119.08144938938635,0.810126582278481
precise_30min_late_proxy,60,memory_limited_ridge,61,3.744086997703631,96.85441968652708,0.9240506329113924
precise_30min_late_proxy,60,memory_limited_ridge,62,3.8729416945693247,134.8475780444112,0.810126582278481
precise_30min_late_proxy,60,memory_limited_ridge,63,4.208243259835,233.71215789021286,0.7721518987341772
precise_30min_late_proxy,60,memory_limited_ridge,64,3.7995618238414792,113.21132328103228,0.8227848101265823
precise_30min_late_proxy,60,memory_limited_ridge,65,4.112651542374893,205.5266796150253,0.7341772151898734
precise_30min_late_proxy,60,memory_limited_ridge,66,3.8240811061313678,120.44090045222654,0.8354430379746836
precise_30min_late_proxy,60,memory_limited_ridge,67,3.8557927764244275,129.79117281748637,0.8607594936708861
precise_30min_late_proxy,60,memory_limited_ridge,68,3.862151149903759,131.6659565574273,0.810126582278481
precise_30min_late_proxy,60,memory_limited_ridge,69,3.6574741907985224,71.31639764611619,0.9240506329113924
precise_30min_late_proxy,60,memory_limited_ridge,70,4.011748236540506,175.77506503945705,0.8227848101265823
precise_30min_late_proxy,60,memory_limited_ridge,71,3.783254114225369,108.40295068018658,0.8860759493670886
precise_30min_late_proxy,60,memory_limited_ridge,72,4.03528668821756,182.71544163277426,0.6962025316455697
precise_30min_late_proxy,60,memory_limited_ridge,73,4.168211109127952,221.90856921074973,0.7848101265822784
precise_30min_late_proxy,60,memory_limited_ridge,74,3.6816032695859544,78.4309222517364,0.9240506329113924
precise_30min_late_proxy,60,memory_limited_ridge,75,3.801454451303138,113.76936964342634,0.8227848101265823
precise_30min_late_proxy,60,memory_limited_ridge,76,3.7948766843725963,111.8298971467911,0.8481012658227848
precise_30min_late_proxy,60,memory_limited_ridge,77,3.703775864217892,84.96857217484668,0.8734177215189873
precise_30min_late_proxy,60,memory_limited_ridge,78,3.8437730422856107,126.24712146612814,0.8481012658227848
precise_30min_late_proxy,60,memory_limited_ridge,79,4.112250270873511,205.40836361982028,0.7468354430379747
precise_30min_late_proxy,60,memory_limited_ridge,80,4.061004391166994,190.29837639981147,0.7721518987341772
precise_30min_late_proxy,60,memory_limited_ridge,81,3.544463417872955,37.99486341920959,0.9873417721518988
precise_30min_late_proxy,60,memory_limited_ridge,82,3.8613773763099,131.43780730559808,0.8227848101265823
precise_30min_late_proxy,60,memory_limited_ridge,83,4.3455710254548325,274.2036236500282,0.7088607594936709
precise_30min_late_proxy,60,memory_limited_ridge,84,3.9962948660137876,171.21859664625114,0.759493670886076
precise_30min_late_proxy,60,memory_limited_ridge,85,4.533395216576717,329.5840980162285,0.6329113924050633
precise_30min_late_proxy,60,memory_limited_ridge,86,3.7430206648878284,96.54000855120609,0.8607594936708861
precise_30min_late_proxy,60,memory_limited_ridge,87,3.986985135722828,168.47359731120702,0.810126582278481
precise_30min_late_proxy,60,memory_limited_ridge,88,3.9303864598215434,151.78532355270067,0.810126582278481
precise_30min_late_proxy,60,memory_limited_ridge,89,4.136150326345639,212.45536007708708,0.7088607594936709
precise_30min_late_proxy,60,memory_limited_ridge,90,3.668134458590242,74.45960664198552,0.9367088607594937
precise_30min_late_proxy,60,memory_limited_ridge,91,4.20114598968732,231.6195084549302,0.5316455696202531
precise_30min_late_proxy,60,memory_limited_ridge,92,3.898001657100877,142.23657625761717,0.8354430379746836
precise_30min_late_proxy,60,memory_limited_ridge,93,3.910399573413944,145.8921356531829,0.8481012658227848
precise_30min_late_proxy,60,memory_limited_ridge,94,3.7825291787139843,108.18920147000509,0.8354430379746836
precise_30min_late_proxy,60,memory_limited_ridge,95,3.6555221450163775,70.74083163007747,0.9240506329113924
precise_30min_late_proxy,60,memory_limited_ridge,96,3.754019351890232,99.78300137316478,0.8481012658227848
precise_30min_late_proxy,60,memory_limited_ridge,97,3.8062543583384705,115.18463530725069,0.8354430379746836
precise_30min_late_proxy,60,memory_limited_ridge,98,3.9041153727438664,144.03922196808978,0.7974683544303798
precise_30min_late_proxy,60,memory_limited_ridge,99,3.8710534156678107,134.29081386682057,0.7468354430379747
precise_30min_late_proxy,60,memory_limited_ridge,100,3.629396780654892,63.03769678526963,0.9620253164556962
precise_30min_late_proxy,60,memory_limited_ridge,101,3.9211561332492506,149.06373662039357,0.8354430379746836
precise_30min_late_proxy,60,memory_limited_ridge,102,3.83070416980915,122.39372881816948,0.810126582278481
precise_30min_late_proxy,60,memory_limited_ridge,103,3.8450076800083273,126.6111577616978,0.8354430379746836
precise_30min_late_proxy,60,memory_limited_ridge,104,3.785432096791714,109.04513477247569,0.8860759493670886
precise_30min_late_proxy,60,memory_limited_ridge,105,3.6360098582774176,64.98758073561885,0.9240506329113924
precise_30min_late_proxy,60,memory_limited_ridge,106,3.798887113709399,113.01238316074698,0.8481012658227848
precise_30min_late_proxy,60,memory_limited_ridge,107,3.8865404253892706,138.85720086822545,0.8481012658227848
precise_30min_late_proxy,60,memory_limited_ridge,108,3.8664140765434736,132.9228920889237,0.8354430379746836
precise_30min_late_proxy,60,memory_limited_ridge,109,3.681094055689786,78.28077914740476,0.9240506329113924
precise_30min_late_proxy,60,memory_limited_ridge,110,3.7128669772167884,87.64911160583459,0.8734177215189873
precise_30min_late_proxy,60,memory_limited_ridge,111,4.124552823800827,209.03580486133728,0.6835443037974683
precise_30min_late_proxy,60,memory_limited_ridge,112,3.8135402324175107,117.3328951254328,0.8227848101265823
precise_30min_late_proxy,60,memory_limited_ridge,113,3.8619234171146846,131.59880892424792,0.8860759493670886
precise_30min_late_proxy,60,memory_limited_ridge,114,4.048927365308411,186.73743242882284,0.6962025316455697
precise_30min_late_proxy,60,memory_limited_ridge,115,4.287931016556199,257.2083100207687,0.5949367088607594
precise_30min_late_proxy,60,memory_limited_ridge,116,3.8861413694962845,138.73953815119123,0.7721518987341772
precise_30min_late_proxy,60,memory_limited_ridge,117,3.6267914185233963,62.26949866405751,0.9240506329113924
precise_30min_late_proxy,60,memory_limited_ridge,118,4.284429435330835,256.1758592585203,0.6329113924050633
precise_30min_late_proxy,60,memory_limited_ridge,119,4.692400576271733,376.4672614366638,0.379746835443038
precise_30min_late_proxy,60,memory_limited_ridge,120,3.756857924005856,100.61996209343712,0.810126582278481
precise_30min_late_proxy,60,memory_limited_ridge,121,3.767151071636105,103.65492470969885,0.8354430379746836
precise_30min_late_proxy,60,memory_limited_ridge,122,3.7518428958962238,99.1412673948882,0.8354430379746836
precise_30min_late_proxy,60,memory_limited_ridge,123,3.966395173059331,162.40259073491984,0.7848101265822784
precise_30min_late_proxy,60,memory_limited_ridge,124,3.8236316791164895,120.3083856726967,0.8987341772151899
precise_30min_late_proxy,60,memory_limited_ridge,125,3.856086911041287,129.87789921046038,0.8354430379746836
precise_30min_late_proxy,60,memory_limited_ridge,126,3.757864347933885,100.91670893001235,0.8734177215189873
precise_30min_late_proxy,60,memory_limited_ridge,127,4.141241153665326,213.95640437919036,0.6708860759493671
precise_30min_late_proxy,120,hidden_state_oracle,0,4.201375652264322,247.51393406820804,0.9253731343283582
precise_30min_late_proxy,120,hidden_state_oracle,1,5.313565309496324,1025.403999848405,0.417910447761194
precise_30min_late_proxy,120,hidden_state_oracle,2,4.149683782491973,211.35949609439004,0.9253731343283582
precise_30min_late_proxy,120,hidden_state_oracle,3,4.044301955945226,137.65311386772416,0.9552238805970149
precise_30min_late_proxy,120,hidden_state_oracle,4,4.502167748489495,457.89458452408,0.6865671641791045
precise_30min_late_proxy,120,hidden_state_oracle,5,4.120566876956751,190.9944878290912,0.8955223880597015
precise_30min_late_proxy,120,hidden_state_oracle,6,4.187724972544507,237.96634649971628,0.8955223880597015
precise_30min_late_proxy,120,hidden_state_oracle,7,4.16628717862289,222.97227888235358,0.8955223880597015
precise_30min_late_proxy,120,hidden_state_oracle,8,4.305118095182948,320.0736950958468,0.8208955223880597
precise_30min_late_proxy,120,hidden_state_oracle,9,3.929707976047254,57.50354766630707,1.0
precise_30min_late_proxy,120,hidden_state_oracle,10,4.7628707179010386,640.236012270639,0.6716417910447762
precise_30min_late_proxy,120,hidden_state_oracle,11,4.047457018680217,139.85983458527804,0.9850746268656716
precise_30min_late_proxy,120,hidden_state_oracle,12,4.609519631912511,532.9788681393338,0.6716417910447762
precise_30min_late_proxy,120,hidden_state_oracle,13,4.842537770560343,695.9569124162988,0.5373134328358209
precise_30min_late_proxy,120,hidden_state_oracle,14,3.9784081660279202,91.56553856977494,1.0
precise_30min_late_proxy,120,hidden_state_oracle,15,4.292198867092678,311.03770098852783,0.8656716417910447
precise_30min_late_proxy,120,hidden_state_oracle,16,4.69399001869799,592.0593264997964,0.5970149253731343
precise_30min_late_proxy,120,hidden_state_oracle,17,4.230150802067912,267.63991080967133,0.8955223880597015
precise_30min_late_proxy,120,hidden_state_oracle,18,4.263584935930487,291.024484133605,0.7910447761194029
precise_30min_late_proxy,120,hidden_state_oracle,19,4.097290215196636,174.71427534016786,0.9552238805970149
precise_30min_late_proxy,120,hidden_state_oracle,20,4.000257726259315,106.84760465908667,1.0
precise_30min_late_proxy,120,hidden_state_oracle,21,5.039551660177392,833.752787928428,0.3880597014925373
precise_30min_late_proxy,120,hidden_state_oracle,22,3.9878880465325848,98.19597684207089,1.0
precise_30min_late_proxy,120,hidden_state_oracle,23,4.0317480543177995,128.8726371754113,0.9701492537313433
precise_30min_late_proxy,120,hidden_state_oracle,24,4.071099218508432,156.39571249060833,0.9402985074626866
precise_30min_late_proxy,120,hidden_state_oracle,25,4.28643569804571,307.0068129831437,0.8208955223880597
precise_30min_late_proxy,120,hidden_state_oracle,26,4.25671726071964,286.22108006777506,0.835820895522388
precise_30min_late_proxy,120,hidden_state_oracle,27,4.180617800728216,232.99543320652288,0.8805970149253731
precise_30min_late_proxy,120,hidden_state_oracle,28,3.9941759094816334,102.59384737723265,1.0
precise_30min_late_proxy,120,hidden_state_oracle,29,4.572784701953043,507.28564495856625,0.6119402985074627
precise_30min_late_proxy,120,hidden_state_oracle,30,4.604124186106624,529.2051739087083,0.6716417910447762
precise_30min_late_proxy,120,hidden_state_oracle,31,4.75276801078981,633.1699552827762,0.5522388059701493
precise_30min_late_proxy,120,hidden_state_oracle,32,4.141855622487076,205.88430770223928,0.9402985074626866
precise_30min_late_proxy,120,hidden_state_oracle,33,4.156554751199019,216.16520370436788,0.9402985074626866
precise_30min_late_proxy,120,hidden_state_oracle,34,4.713356347473202,605.6045655396606,0.746268656716418
precise_30min_late_proxy,120,hidden_state_oracle,35,4.334592374937089,340.6886588007203,0.7761194029850746
precise_30min_late_proxy,120,hidden_state_oracle,36,4.058518647493983,147.5965826386541,0.9850746268656716
precise_30min_late_proxy,120,hidden_state_oracle,37,4.150492548718225,211.9251650959406,0.8955223880597015
precise_30min_late_proxy,120,hidden_state_oracle,38,4.073475588209669,158.05779806314732,0.9701492537313433
precise_30min_late_proxy,120,hidden_state_oracle,39,4.189142372206919,238.9577071992689,0.8507462686567164
precise_30min_late_proxy,120,hidden_state_oracle,40,4.2801012836787855,302.5763833558557,0.7761194029850746
precise_30min_late_proxy,120,hidden_state_oracle,41,4.109387412487732,183.17532291000947,0.9402985074626866
precise_30min_late_proxy,120,hidden_state_oracle,42,4.511046756559083,464.10475931432563,0.6865671641791045
precise_30min_late_proxy,120,hidden_state_oracle,43,4.266105840790897,292.78766079591185,0.8955223880597015
precise_30min_late_proxy,120,hidden_state_oracle,44,4.083552121483951,165.10554849006172,1.0
precise_30min_late_proxy,120,hidden_state_oracle,45,4.558198004701041,497.08338600831377,0.6268656716417911
precise_30min_late_proxy,120,hidden_state_oracle,46,4.360672788822287,358.92987758999146,0.835820895522388
precise_30min_late_proxy,120,hidden_state_oracle,47,4.765400994155729,642.0057434935502,0.6567164179104478
precise_30min_late_proxy,120,hidden_state_oracle,48,4.351046484226648,352.1970270672118,0.7910447761194029
precise_30min_late_proxy,120,hidden_state_oracle,49,4.835951686851672,691.3504596804206,0.5373134328358209
precise_30min_late_proxy,120,hidden_state_oracle,50,4.011740073533301,114.87861251659757,1.0
precise_30min_late_proxy,120,hidden_state_oracle,51,3.913202972447455,45.95958279263197,1.0
precise_30min_late_proxy,120,hidden_state_oracle,52,4.17878474808861,231.71335561379587,0.8955223880597015
precise_30min_late_proxy,120,hidden_state_oracle,53,4.129205423844368,197.0364787457997,0.8805970149253731
precise_30min_late_proxy,120,hidden_state_oracle,54,4.692306319852121,590.8817102565147,0.5522388059701493
precise_30min_late_proxy,120,hidden_state_oracle,55,4.017432411824128,118.85995992322187,0.9850746268656716
precise_30min_late_proxy,120,hidden_state_oracle,56,4.426203454930739,404.76347605789107,0.7611940298507462
precise_30min_late_proxy,120,hidden_state_oracle,57,3.952430097427582,73.39590233826065,1.0
precise_30min_late_proxy,120,hidden_state_oracle,58,4.107134795883956,181.5997929932448,0.9850746268656716
precise_30min_late_proxy,120,hidden_state_oracle,59,4.349239552369356,350.93321892784644,0.746268656716418
precise_30min_late_proxy,120,hidden_state_oracle,60,4.161972500384635,219.95449741248103,0.8955223880597015
precise_30min_late_proxy,120,hidden_state_oracle,61,4.272282074322358,297.10745524537407,0.7910447761194029
precise_30min_late_proxy,120,hidden_state_oracle,62,4.698977177253549,595.5474555896634,0.5671641791044776
precise_30min_late_proxy,120,hidden_state_oracle,63,4.887767716760682,727.591738002237,0.6716417910447762
precise_30min_late_proxy,120,hidden_state_oracle,64,4.255700826235244,285.51016328951914,0.7761194029850746
precise_30min_late_proxy,120,hidden_state_oracle,65,4.799392377834678,665.78006967438,0.5223880597014925
precise_30min_late_proxy,120,hidden_state_oracle,66,4.3559403864037005,355.61993058162255,0.7761194029850746
precise_30min_late_proxy,120,hidden_state_oracle,67,4.045379307808666,138.40663760935473,0.9402985074626866
precise_30min_late_proxy,120,hidden_state_oracle,68,4.313839196979219,326.1734267431115,0.8059701492537313
precise_30min_late_proxy,120,hidden_state_oracle,69,4.0480303281399115,140.26081991220863,0.9701492537313433
precise_30min_late_proxy,120,hidden_state_oracle,70,4.34708221570486,349.42432990973424,0.7761194029850746
precise_30min_late_proxy,120,hidden_state_oracle,71,4.095861086126815,173.71471083342956,0.8955223880597015
precise_30min_late_proxy,120,hidden_state_oracle,72,4.7920134752183134,660.6191018445624,0.4626865671641791
precise_30min_late_proxy,120,hidden_state_oracle,73,5.168484555620213,923.9313090692043,0.417910447761194
precise_30min_late_proxy,120,hidden_state_oracle,74,4.331913830696054,338.81522566608754,0.7910447761194029
precise_30min_late_proxy,120,hidden_state_oracle,75,4.135432395752467,201.3917607390342,0.9402985074626866
precise_30min_late_proxy,120,hidden_state_oracle,76,4.072416703634058,157.3171907514184,0.9701492537313433
precise_30min_late_proxy,120,hidden_state_oracle,77,4.133014373727067,199.70054260895495,0.8955223880597015
precise_30min_late_proxy,120,hidden_state_oracle,78,4.127985872054016,196.18349722753973,0.9552238805970149
precise_30min_late_proxy,120,hidden_state_oracle,79,4.726695053506061,614.9339518056187,0.6567164179104478
precise_30min_late_proxy,120,hidden_state_oracle,80,4.345465627414159,348.29365227430014,0.8656716417910447
precise_30min_late_proxy,120,hidden_state_oracle,81,3.9907435737438117,100.19319578376341,0.9701492537313433
precise_30min_late_proxy,120,hidden_state_oracle,82,4.3413999309435605,345.4500141642067,0.7910447761194029
precise_30min_late_proxy,120,hidden_state_oracle,83,4.609426901247521,532.9140102595462,0.6716417910447762
precise_30min_late_proxy,120,hidden_state_oracle,84,4.176159184845056,229.87697856159193,0.8955223880597015
precise_30min_late_proxy,120,hidden_state_oracle,85,4.860189261845644,708.302756155948,0.6417910447761194
precise_30min_late_proxy,120,hidden_state_oracle,86,4.075902363159689,159.75513818246188,0.9253731343283582
precise_30min_late_proxy,120,hidden_state_oracle,87,4.620779166706837,540.8540360163747,0.7313432835820896
precise_30min_late_proxy,120,hidden_state_oracle,88,4.161863036557234,219.87793598849976,0.8805970149253731
precise_30min_late_proxy,120,hidden_state_oracle,89,4.520775459877514,470.9092297705292,0.6865671641791045
precise_30min_late_proxy,120,hidden_state_oracle,90,4.211269427649553,254.43385958197726,0.8955223880597015
precise_30min_late_proxy,120,hidden_state_oracle,91,5.062242710233414,849.6234106283642,0.44776119402985076
precise_30min_late_proxy,120,hidden_state_oracle,92,4.27069971755699,296.00071989651053,0.7761194029850746
precise_30min_late_proxy,120,hidden_state_oracle,93,4.045673467192813,138.61237919415896,0.9253731343283582
precise_30min_late_proxy,120,hidden_state_oracle,94,4.117090652789829,188.56313969679235,0.9104477611940298
precise_30min_late_proxy,120,hidden_state_oracle,95,4.052463619573778,143.36156207672047,0.9850746268656716
precise_30min_late_proxy,120,hidden_state_oracle,96,4.280427797971093,302.8047546796396,0.7910447761194029
precise_30min_late_proxy,120,hidden_state_oracle,97,4.191736867617915,240.77235472166194,0.8955223880597015
precise_30min_late_proxy,120,hidden_state_oracle,98,4.20089214452825,247.17575805463477,0.8208955223880597
precise_30min_late_proxy,120,hidden_state_oracle,99,4.522804028606615,472.32805564421005,0.6417910447761194
precise_30min_late_proxy,120,hidden_state_oracle,100,4.036906391859349,132.48049263731014,0.9850746268656716
precise_30min_late_proxy,120,hidden_state_oracle,101,4.447093123896717,419.3741729479458,0.7313432835820896
precise_30min_late_proxy,120,hidden_state_oracle,102,4.427115440501737,405.4013389540272,0.8059701492537313
precise_30min_late_proxy,120,hidden_state_oracle,103,4.452381167873614,423.0727479619174,0.6716417910447762
precise_30min_late_proxy,120,hidden_state_oracle,104,4.223467629412958,262.9655519155947,0.835820895522388
precise_30min_late_proxy,120,hidden_state_oracle,105,4.008480394069974,112.59872054344247,1.0
precise_30min_late_proxy,120,hidden_state_oracle,106,4.374190488288278,368.38445582529437,0.7164179104477612
precise_30min_late_proxy,120,hidden_state_oracle,107,4.254773439347501,284.86152837152855,0.835820895522388
precise_30min_late_proxy,120,hidden_state_oracle,108,4.54708163857444,489.3083534666675,0.6417910447761194
precise_30min_late_proxy,120,hidden_state_oracle,109,4.2338942946019555,270.258192354208,0.8656716417910447
precise_30min_late_proxy,120,hidden_state_oracle,110,4.150170288101616,211.699768887099,0.9552238805970149
precise_30min_late_proxy,120,hidden_state_oracle,111,4.744732646984164,627.5498439657034,0.5671641791044776
precise_30min_late_proxy,120,hidden_state_oracle,112,4.44953476318051,421.08190951133776,0.7164179104477612
precise_30min_late_proxy,120,hidden_state_oracle,113,4.17013494951306,225.66349501747663,0.9104477611940298
precise_30min_late_proxy,120,hidden_state_oracle,114,4.490329641050741,449.61475013219746,0.6865671641791045
precise_30min_late_proxy,120,hidden_state_oracle,115,5.211838276579266,954.253861189126,0.34328358208955223
precise_30min_late_proxy,120,hidden_state_oracle,116,4.449203175341512,420.84998963669017,0.7761194029850746
precise_30min_late_proxy,120,hidden_state_oracle,117,3.966453256109381,83.20400993798239,1.0
precise_30min_late_proxy,120,hidden_state_oracle,118,5.114477888257283,886.1578504200068,0.43283582089552236
precise_30min_late_proxy,120,hidden_state_oracle,119,5.655314115741947,1264.4306799133299,0.3880597014925373
precise_30min_late_proxy,120,hidden_state_oracle,120,4.035939704232199,131.80436991221256,0.9701492537313433
precise_30min_late_proxy,120,hidden_state_oracle,121,3.988025122586782,98.29185086870206,0.9850746268656716
precise_30min_late_proxy,120,hidden_state_oracle,122,4.144766932842218,207.9205426096047,0.8805970149253731
precise_30min_late_proxy,120,hidden_state_oracle,123,4.461037451572366,429.1271443969595,0.7014925373134329
precise_30min_late_proxy,120,hidden_state_oracle,124,4.0895142036536445,169.2755607366356,0.9701492537313433
precise_30min_late_proxy,120,hidden_state_oracle,125,4.249130963061051,280.9150555545143,0.7761194029850746
precise_30min_late_proxy,120,hidden_state_oracle,126,4.145965150951869,208.75860287933904,0.8955223880597015
precise_30min_late_proxy,120,hidden_state_oracle,127,4.626511374142448,544.8632687854076,0.6268656716417911
precise_30min_late_proxy,120,causal_kalman_observer,0,4.240945574360716,260.2136262300516,0.9402985074626866
precise_30min_late_proxy,120,causal_kalman_observer,1,5.420017525490333,1208.8981179194618,0.3880597014925373
precise_30min_late_proxy,120,causal_kalman_observer,2,4.275046707643538,287.6514561013087,0.9104477611940298
precise_30min_late_proxy,120,causal_kalman_observer,3,4.107556150096413,152.88808791382732,0.9701492537313433
precise_30min_late_proxy,120,causal_kalman_observer,4,4.645577586606744,585.7816126949966,0.6417910447761194
precise_30min_late_proxy,120,causal_kalman_observer,5,4.290657236246327,300.2117214050621,0.8059701492537313
precise_30min_late_proxy,120,causal_kalman_observer,6,4.278442218213092,290.3834870308345,0.8955223880597015
precise_30min_late_proxy,120,causal_kalman_observer,7,4.301185105790438,308.682492165206,0.835820895522388
precise_30min_late_proxy,120,causal_kalman_observer,8,4.245010674417717,263.4843674754283,0.8805970149253731
precise_30min_late_proxy,120,causal_kalman_observer,9,4.00617207540644,71.3141891839112,1.0
precise_30min_late_proxy,120,causal_kalman_observer,10,4.7764794574859515,691.1056087523817,0.7014925373134329
precise_30min_late_proxy,120,causal_kalman_observer,11,4.2092427111824575,234.70537276473712,0.9552238805970149
precise_30min_late_proxy,120,causal_kalman_observer,12,4.706534943957807,634.8280875702012,0.5970149253731343
precise_30min_late_proxy,120,causal_kalman_observer,13,5.034692805167203,898.8648230832005,0.4626865671641791
precise_30min_late_proxy,120,causal_kalman_observer,14,4.059485479114313,114.21030880657368,1.0
precise_30min_late_proxy,120,causal_kalman_observer,15,4.465322849483966,440.7481848978044,0.6716417910447762
precise_30min_late_proxy,120,causal_kalman_observer,16,4.7985387861171285,708.854644534517,0.6119402985074627
precise_30min_late_proxy,120,causal_kalman_observer,17,4.288521695847694,298.4934543458994,0.8656716417910447
precise_30min_late_proxy,120,causal_kalman_observer,18,4.403887676640147,391.31729415725374,0.7014925373134329
precise_30min_late_proxy,120,causal_kalman_observer,19,4.258440339205024,274.28993698665863,0.8656716417910447
precise_30min_late_proxy,120,causal_kalman_observer,20,4.055874107603217,111.3045916370987,1.0
precise_30min_late_proxy,120,causal_kalman_observer,21,5.224045257945313,1051.2182845297098,0.40298507462686567
precise_30min_late_proxy,120,causal_kalman_observer,22,4.102002987989905,148.4200026650908,1.0
precise_30min_late_proxy,120,causal_kalman_observer,23,4.086532665873758,135.9725366928262,1.0
precise_30min_late_proxy,120,causal_kalman_observer,24,4.118361698086927,161.58225396958113,0.9402985074626866
precise_30min_late_proxy,120,causal_kalman_observer,25,4.3655824182922505,360.49678050846154,0.746268656716418
precise_30min_late_proxy,120,causal_kalman_observer,26,4.297765535135065,305.9311600520346,0.8656716417910447
precise_30min_late_proxy,120,causal_kalman_observer,27,4.127495071055361,168.9309919879596,0.9552238805970149
precise_30min_late_proxy,120,causal_kalman_observer,28,4.0321964052815495,92.25344176433049,0.9850746268656716
precise_30min_late_proxy,120,causal_kalman_observer,29,4.636405030848515,578.4013391558135,0.6716417910447762
precise_30min_late_proxy,120,causal_kalman_observer,30,4.769446668035653,685.4469999098806,0.5373134328358209
precise_30min_late_proxy,120,causal_kalman_observer,31,4.910869234081972,799.236010780398,0.4626865671641791
precise_30min_late_proxy,120,causal_kalman_observer,32,4.300198002643604,307.88824728529096,0.8656716417910447
precise_30min_late_proxy,120,causal_kalman_observer,33,4.1459701671531235,183.7961199459869,0.9402985074626866
precise_30min_late_proxy,120,causal_kalman_observer,34,4.653116559156024,591.8474844644942,0.7313432835820896
precise_30min_late_proxy,120,causal_kalman_observer,35,4.336126548846516,336.7964802343365,0.7910447761194029
precise_30min_late_proxy,120,causal_kalman_observer,36,4.180502002122819,211.58054865418288,0.9701492537313433
precise_30min_late_proxy,120,causal_kalman_observer,37,4.225166685993187,247.51783960080866,0.9104477611940298
precise_30min_late_proxy,120,causal_kalman_observer,38,4.166057682497411,199.9586026692384,0.9701492537313433
precise_30min_late_proxy,120,causal_kalman_observer,39,4.313313218577164,318.44083379978065,0.7761194029850746
precise_30min_late_proxy,120,causal_kalman_observer,40,4.366580819765952,361.30003919547374,0.7910447761194029
precise_30min_late_proxy,120,causal_kalman_observer,41,4.147330346247554,184.89050958211237,0.9701492537313433
precise_30min_late_proxy,120,causal_kalman_observer,42,4.703640101625179,632.4988587745992,0.582089552238806
precise_30min_late_proxy,120,causal_kalman_observer,43,4.321531569523992,325.0533889258853,0.8955223880597015
precise_30min_late_proxy,120,causal_kalman_observer,44,4.139964017927092,178.9635449195251,0.9701492537313433
precise_30min_late_proxy,120,causal_kalman_observer,45,4.730333117439095,653.9761868273823,0.6417910447761194
precise_30min_late_proxy,120,causal_kalman_observer,46,4.516611245365618,482.0149729463769,0.746268656716418
precise_30min_late_proxy,120,causal_kalman_observer,47,4.6847318221668575,617.2851999000858,0.6716417910447762
precise_30min_late_proxy,120,causal_kalman_observer,48,4.414831023556221,400.1223038348378,0.7611940298507462
precise_30min_late_proxy,120,causal_kalman_observer,49,4.694398060129885,625.0626970548424,0.6567164179104478
precise_30min_late_proxy,120,causal_kalman_observer,50,4.07692912850023,128.24549605531763,1.0
precise_30min_late_proxy,120,causal_kalman_observer,51,4.005181682773653,70.51731056156089,1.0
precise_30min_late_proxy,120,causal_kalman_observer,52,4.245210964581616,263.6455199146448,0.8805970149253731
precise_30min_late_proxy,120,causal_kalman_observer,53,4.1790922638368135,210.44623324668817,0.9104477611940298
precise_30min_late_proxy,120,causal_kalman_observer,54,4.873683730034403,769.3164819193319,0.47761194029850745
precise_30min_late_proxy,120,causal_kalman_observer,55,4.1817342538771,212.57198683824467,0.9104477611940298
precise_30min_late_proxy,120,causal_kalman_observer,56,4.524875491710003,488.6643803943404,0.7014925373134329
precise_30min_late_proxy,120,causal_kalman_observer,57,4.053793524980763,109.63052976699421,1.0
precise_30min_late_proxy,120,causal_kalman_observer,58,4.319988082336841,323.81139253526624,0.8507462686567164
precise_30min_late_proxy,120,causal_kalman_observer,59,4.541644082804848,502.1564169839905,0.7761194029850746
precise_30min_late_proxy,120,causal_kalman_observer,60,4.226368002772104,248.48442938280022,0.9402985074626866
precise_30min_late_proxy,120,causal_kalman_observer,61,4.294048868991378,302.94063295265795,0.835820895522388
precise_30min_late_proxy,120,causal_kalman_observer,62,4.697420823781871,627.4948055179375,0.5970149253731343
precise_30min_late_proxy,120,causal_kalman_observer,63,4.820705758843294,726.6902575969034,0.7014925373134329
precise_30min_late_proxy,120,causal_kalman_observer,64,4.218967261429089,242.529768654761,0.9402985074626866
precise_30min_late_proxy,120,causal_kalman_observer,65,4.7245905355950955,649.3556336943305,0.6567164179104478
precise_30min_late_proxy,120,causal_kalman_observer,66,4.449344413979469,427.8918600594753,0.7611940298507462
precise_30min_late_proxy,120,causal_kalman_observer,67,4.130656558947138,171.4747786791328,0.9552238805970149
precise_30min_late_proxy,120,causal_kalman_observer,68,4.407466415674611,394.196758808073,0.7761194029850746
precise_30min_late_proxy,120,causal_kalman_observer,69,4.094762094218433,142.59395132532245,0.9701492537313433
precise_30min_late_proxy,120,causal_kalman_observer,70,4.4428344825080925,422.65395739116235,0.7014925373134329
precise_30min_late_proxy,120,causal_kalman_observer,71,4.150449135325213,187.39990284067198,0.9104477611940298
precise_30min_late_proxy,120,causal_kalman_observer,72,5.021611264710565,888.3393421315812,0.3582089552238806
precise_30min_late_proxy,120,causal_kalman_observer,73,5.082411826698084,937.259631520109,0.5074626865671642
precise_30min_late_proxy,120,causal_kalman_observer,74,4.323381544972541,326.5417817740946,0.8059701492537313
precise_30min_late_proxy,120,causal_kalman_observer,75,4.217692475407386,241.50406961170754,0.8805970149253731
precise_30min_late_proxy,120,causal_kalman_observer,76,4.161203784602371,196.05311718193917,0.9552238805970149
precise_30min_late_proxy,120,causal_kalman_observer,77,4.126442018052736,168.08371656998423,0.9701492537313433
precise_30min_late_proxy,120,causal_kalman_observer,78,4.1669768584829665,200.6981446757724,0.9104477611940298
precise_30min_late_proxy,120,causal_kalman_observer,79,4.832151252959694,735.8992808925228,0.7313432835820896
precise_30min_late_proxy,120,causal_kalman_observer,80,4.492490612262179,462.60741486190943,0.7910447761194029
precise_30min_late_proxy,120,causal_kalman_observer,81,4.08013895098909,130.82812747443577,1.0
precise_30min_late_proxy,120,causal_kalman_observer,82,4.363880932748764,359.1277021541812,0.7761194029850746
precise_30min_late_proxy,120,causal_kalman_observer,83,4.8743253660930845,769.8326967376407,0.6716417910447762
precise_30min_late_proxy,120,causal_kalman_observer,84,4.1488314005940055,186.09828519046584,0.9552238805970149
precise_30min_late_proxy,120,causal_kalman_observer,85,4.832395958827065,736.0962504920842,0.7014925373134329
precise_30min_late_proxy,120,causal_kalman_observer,86,4.151135154819459,187.95187056374792,0.9552238805970149
precise_30min_late_proxy,120,causal_kalman_observer,87,4.666809928192309,602.8652089361024,0.7164179104477612
precise_30min_late_proxy,120,causal_kalman_observer,88,4.242735455841863,261.65372008909014,0.9104477611940298
precise_30min_late_proxy,120,causal_kalman_observer,89,4.514952703351451,480.6804599253699,0.7611940298507462
precise_30min_late_proxy,120,causal_kalman_observer,90,4.212341830589813,237.19892505210936,0.9253731343283582
precise_30min_late_proxy,120,causal_kalman_observer,91,5.066050060971914,924.0949632759642,0.47761194029850745
precise_30min_late_proxy,120,causal_kalman_observer,92,4.372287722345385,365.89183121658243,0.8208955223880597
precise_30min_late_proxy,120,causal_kalman_observer,93,4.149627334289105,186.7386788369562,0.9402985074626866
precise_30min_late_proxy,120,causal_kalman_observer,94,4.1248236322926175,166.78154423486342,0.9402985074626866
precise_30min_late_proxy,120,causal_kalman_observer,95,4.1072589348674,152.648980987122,0.9701492537313433
precise_30min_late_proxy,120,causal_kalman_observer,96,4.475317984317401,448.79026546395284,0.7313432835820896
precise_30min_late_proxy,120,causal_kalman_observer,97,4.237262080338133,257.2498400753443,0.9253731343283582
precise_30min_late_proxy,120,causal_kalman_observer,98,4.293435131590978,302.4468848262022,0.8208955223880597
precise_30min_late_proxy,120,causal_kalman_observer,99,4.567397097235964,522.8774287551819,0.6268656716417911
precise_30min_late_proxy,120,causal_kalman_observer,100,4.053374485783653,109.29336828314922,1.0
precise_30min_late_proxy,120,causal_kalman_observer,101,4.318909813366816,322.9438155795482,0.7910447761194029
precise_30min_late_proxy,120,causal_kalman_observer,102,4.5182870119580585,483.36328217623674,0.746268656716418
precise_30min_late_proxy,120,causal_kalman_observer,103,4.515318691386987,480.97498258223817,0.6417910447761194
precise_30min_late_proxy,120,causal_kalman_observer,104,4.25924086620125,274.9340305730275,0.8955223880597015
precise_30min_late_proxy,120,causal_kalman_observer,105,4.131378729644432,172.0558656185724,0.9253731343283582
precise_30min_late_proxy,120,causal_kalman_observer,106,4.460183143539315,436.61274435329887,0.746268656716418
precise_30min_late_proxy,120,causal_kalman_observer,107,4.3241152316444875,327.13211463299155,0.7910447761194029
precise_30min_late_proxy,120,causal_kalman_observer,108,4.546422040616201,506.0008317775052,0.6865671641791045
precise_30min_late_proxy,120,causal_kalman_observer,109,4.322543572970477,325.86754725853405,0.8507462686567164
precise_30min_late_proxy,120,causal_kalman_observer,110,4.29951424473265,307.3380989485562,0.8955223880597015
precise_30min_late_proxy,120,causal_kalman_observer,111,5.021114960568612,887.9400427800102,0.5671641791044776
precise_30min_late_proxy,120,causal_kalman_observer,112,4.354729520426545,351.7644495338845,0.8208955223880597
precise_30min_late_proxy,120,causal_kalman_observer,113,4.217138834666667,241.058625264375,0.9104477611940298
precise_30min_late_proxy,120,causal_kalman_observer,114,4.6380810562021955,579.7498762042147,0.5970149253731343
precise_30min_late_proxy,120,causal_kalman_observer,115,5.371023322515403,1169.4772567903426,0.3582089552238806
precise_30min_late_proxy,120,causal_kalman_observer,116,4.3680320881874675,362.46780499469253,0.8208955223880597
precise_30min_late_proxy,120,causal_kalman_observer,117,4.060203127652293,114.78772421868875,1.0
precise_30min_late_proxy,120,causal_kalman_observer,118,5.084847041492164,939.2190255433383,0.4925373134328358
precise_30min_late_proxy,120,causal_kalman_observer,119,5.872225441268282,1572.7459108339112,0.3880597014925373
precise_30min_late_proxy,120,causal_kalman_observer,120,4.167377150611447,201.02023265622088,0.9402985074626866
precise_30min_late_proxy,120,causal_kalman_observer,121,4.0904216443235555,139.10163864104803,1.0
precise_30min_late_proxy,120,causal_kalman_observer,122,4.182479125756744,213.17132124553294,0.9552238805970149
precise_30min_late_proxy,120,causal_kalman_observer,123,4.669744228472596,605.2261632036518,0.7014925373134329
precise_30min_late_proxy,120,causal_kalman_observer,124,4.1760162657597855,207.9712768998505,0.9402985074626866
precise_30min_late_proxy,120,causal_kalman_observer,125,4.3278898000355195,330.16921409988794,0.8507462686567164
precise_30min_late_proxy,120,causal_kalman_observer,126,4.2534163526738045,270.24760555589563,0.8955223880597015
precise_30min_late_proxy,120,causal_kalman_observer,127,4.686783141086843,618.935697634466,0.5970149253731343
precise_30min_late_proxy,120,memory_limited_ridge,0,4.303023346996995,277.40778486600954,0.9701492537313433
precise_30min_late_proxy,120,memory_limited_ridge,1,5.289157695460904,1260.763315091772,0.47761194029850745
precise_30min_late_proxy,120,memory_limited_ridge,2,4.261228831642961,235.73104186388795,0.9850746268656716
precise_30min_late_proxy,120,memory_limited_ridge,3,4.189924146658335,164.6272856466355,0.9701492537313433
precise_30min_late_proxy,120,memory_limited_ridge,4,4.649763123254415,623.1704865334855,0.7014925373134329
precise_30min_late_proxy,120,memory_limited_ridge,5,4.301548337147511,275.9369314322094,0.9104477611940298
precise_30min_late_proxy,120,memory_limited_ridge,6,4.348662788014912,322.9186189539707,0.8955223880597015
precise_30min_late_proxy,120,memory_limited_ridge,7,4.316866941709463,291.2123698497051,0.8656716417910447
precise_30min_late_proxy,120,memory_limited_ridge,8,4.277068093898131,251.52567081843208,0.9402985074626866
precise_30min_late_proxy,120,memory_limited_ridge,9,4.1069196252646325,81.8566618737347,1.0
precise_30min_late_proxy,120,memory_limited_ridge,10,4.707388114742042,680.6330971268974,0.8059701492537313
precise_30min_late_proxy,120,memory_limited_ridge,11,4.2520680271476765,226.5960515090886,0.9701492537313433
precise_30min_late_proxy,120,memory_limited_ridge,12,4.692892103681724,666.1779342329357,0.6567164179104478
precise_30min_late_proxy,120,memory_limited_ridge,13,4.951267683914483,923.8254404707443,0.4925373134328358
precise_30min_late_proxy,120,memory_limited_ridge,14,4.159181687594869,133.97145545484895,1.0
precise_30min_late_proxy,120,memory_limited_ridge,15,4.463231035868748,437.16402607404297,0.835820895522388
precise_30min_late_proxy,120,memory_limited_ridge,16,4.7325600175645475,705.7340682931239,0.6567164179104478
precise_30min_late_proxy,120,memory_limited_ridge,17,4.334943619338658,309.2381093875936,0.8805970149253731
precise_30min_late_proxy,120,memory_limited_ridge,18,4.40567362503088,379.76880569554385,0.7910447761194029
precise_30min_late_proxy,120,memory_limited_ridge,19,4.326009387893138,300.32905362460053,0.9104477611940298
precise_30min_late_proxy,120,memory_limited_ridge,20,4.138419196510929,113.26747078941376,1.0
precise_30min_late_proxy,120,memory_limited_ridge,21,4.992921013163247,965.3613952145292,0.44776119402985076
precise_30min_late_proxy,120,memory_limited_ridge,22,4.195695167634753,170.38204452005738,1.0
precise_30min_late_proxy,120,memory_limited_ridge,23,4.17904812077312,153.78190720731428,1.0
precise_30min_late_proxy,120,memory_limited_ridge,24,4.179428646800234,154.16136095389595,0.9701492537313433
precise_30min_late_proxy,120,memory_limited_ridge,25,4.40359358239834,377.69462439458937,0.8507462686567164
precise_30min_late_proxy,120,memory_limited_ridge,26,4.348348989177537,322.6057043672394,0.8656716417910447
precise_30min_late_proxy,120,memory_limited_ridge,27,4.210622460630259,185.26727404410474,0.9701492537313433
precise_30min_late_proxy,120,memory_limited_ridge,28,4.120440475650367,95.33941198874629,0.9850746268656716
precise_30min_late_proxy,120,memory_limited_ridge,29,4.6134077793337624,586.9175879772986,0.7611940298507462
precise_30min_late_proxy,120,memory_limited_ridge,30,4.643261573917803,616.6872578485187,0.7761194029850746
precise_30min_late_proxy,120,memory_limited_ridge,31,4.847438010871147,820.2883480373055,0.6268656716417911
precise_30min_late_proxy,120,memory_limited_ridge,32,4.290583124704577,265.0026177530894,0.9253731343283582
precise_30min_late_proxy,120,memory_limited_ridge,33,4.2023387999791515,177.00695583850842,0.9701492537313433
precise_30min_late_proxy,120,memory_limited_ridge,34,4.604208498172209,577.7442293792475,0.7611940298507462
precise_30min_late_proxy,120,memory_limited_ridge,35,4.356488434155999,330.7222132841106,0.8656716417910447
precise_30min_late_proxy,120,memory_limited_ridge,36,4.2523430485857245,226.87029796694233,1.0
precise_30min_late_proxy,120,memory_limited_ridge,37,4.3063128764114245,280.688044748001,0.9402985074626866
precise_30min_late_proxy,120,memory_limited_ridge,38,4.230606486197009,205.1949868226396,0.9850746268656716
precise_30min_late_proxy,120,memory_limited_ridge,39,4.325543685543228,299.8646635727404,0.8656716417910447
precise_30min_late_proxy,120,memory_limited_ridge,40,4.349851654690106,324.1041355335066,0.8955223880597015
precise_30min_late_proxy,120,memory_limited_ridge,41,4.231863864278655,206.44882175101114,0.9850746268656716
precise_30min_late_proxy,120,memory_limited_ridge,42,4.717070091715246,690.2877913528404,0.7014925373134329
precise_30min_late_proxy,120,memory_limited_ridge,43,4.347368926746351,321.62840364429627,0.8955223880597015
precise_30min_late_proxy,120,memory_limited_ridge,44,4.2210896491049255,195.70496713177866,0.9850746268656716
precise_30min_late_proxy,120,memory_limited_ridge,45,4.689913799603058,663.2080226879095,0.6567164179104478
precise_30min_late_proxy,120,memory_limited_ridge,46,4.527730704508916,501.48194173516583,0.7761194029850746
precise_30min_late_proxy,120,memory_limited_ridge,47,4.593376949485162,566.9432028062362,0.7611940298507462
precise_30min_late_proxy,120,memory_limited_ridge,48,4.42745618512865,401.4899849324124,0.835820895522388
precise_30min_late_proxy,120,memory_limited_ridge,49,4.690178278339652,663.4717561524849,0.6417910447761194
precise_30min_late_proxy,120,memory_limited_ridge,50,4.170569608493517,145.3272864437011,1.0
precise_30min_late_proxy,120,memory_limited_ridge,51,4.095545477901474,70.51456560806335,1.0
precise_30min_late_proxy,120,memory_limited_ridge,52,4.311136192942636,285.49776970321096,0.9402985074626866
precise_30min_late_proxy,120,memory_limited_ridge,53,4.269743997549704,244.2222129687466,0.9253731343283582
precise_30min_late_proxy,120,memory_limited_ridge,54,4.813819666350803,786.764736317859,0.5671641791044776
precise_30min_late_proxy,120,memory_limited_ridge,55,4.246132687053378,220.6774365510035,0.9402985074626866
precise_30min_late_proxy,120,memory_limited_ridge,56,4.535730222038857,509.45891750368963,0.7313432835820896
precise_30min_late_proxy,120,memory_limited_ridge,57,4.131091950585709,105.96087223809774,1.0
precise_30min_late_proxy,120,memory_limited_ridge,58,4.37354332239994,347.72904272696036,0.9253731343283582
precise_30min_late_proxy,120,memory_limited_ridge,59,4.532683690877276,506.4209711321709,0.7910447761194029
precise_30min_late_proxy,120,memory_limited_ridge,60,4.273568077130846,248.03551671381717,0.9402985074626866
precise_30min_late_proxy,120,memory_limited_ridge,61,4.364339101552485,338.5507583624993,0.8805970149253731
precise_30min_late_proxy,120,memory_limited_ridge,62,4.619769561407436,593.2614432481166,0.7014925373134329
precise_30min_late_proxy,120,memory_limited_ridge,63,4.773562354409034,746.6208650576933,0.7014925373134329
precise_30min_late_proxy,120,memory_limited_ridge,64,4.29927499205395,273.66999237532843,0.9402985074626866
precise_30min_late_proxy,120,memory_limited_ridge,65,4.730755714917232,703.9348499724134,0.7014925373134329
precise_30min_late_proxy,120,memory_limited_ridge,66,4.456051846507013,430.00506687908467,0.8656716417910447
precise_30min_late_proxy,120,memory_limited_ridge,67,4.198606728808292,173.28540123413083,1.0
precise_30min_late_proxy,120,memory_limited_ridge,68,4.382791140300824,356.9508012931451,0.8507462686567164
precise_30min_late_proxy,120,memory_limited_ridge,69,4.171366129329819,146.12156277180821,1.0
precise_30min_late_proxy,120,memory_limited_ridge,70,4.493371064892429,467.21912380770294,0.7611940298507462
precise_30min_late_proxy,120,memory_limited_ridge,71,4.2330546292636475,207.63623129111522,0.9402985074626866
precise_30min_late_proxy,120,memory_limited_ridge,72,4.940980241250283,913.5669866895946,0.4626865671641791
precise_30min_late_proxy,120,memory_limited_ridge,73,4.976196933362824,948.6844420333507,0.5671641791044776
precise_30min_late_proxy,120,memory_limited_ridge,74,4.328220706075124,302.53414055492647,0.8656716417910447
precise_30min_late_proxy,120,memory_limited_ridge,75,4.236103349216737,210.67636028637085,1.0
precise_30min_late_proxy,120,memory_limited_ridge,76,4.244404370422931,218.9539901269147,0.9850746268656716
precise_30min_late_proxy,120,memory_limited_ridge,77,4.217745118795007,192.36986134077628,0.9701492537313433
precise_30min_late_proxy,120,memory_limited_ridge,78,4.209131225113664,183.78024066533868,0.9253731343283582
precise_30min_late_proxy,120,memory_limited_ridge,79,4.804352998545909,777.3247445426471,0.7761194029850746
precise_30min_late_proxy,120,memory_limited_ridge,80,4.4674253560767445,441.346527148562,0.8208955223880597
precise_30min_late_proxy,120,memory_limited_ridge,81,4.167432296474313,142.19881502504185,1.0
precise_30min_late_proxy,120,memory_limited_ridge,82,4.409800941587341,383.8844919274553,0.7910447761194029
precise_30min_late_proxy,120,memory_limited_ridge,83,4.8189777914646195,791.9083264018752,0.7014925373134329
precise_30min_late_proxy,120,memory_limited_ridge,84,4.223222225973287,197.83153463285032,0.9552238805970149
precise_30min_late_proxy,120,memory_limited_ridge,85,4.816106613084068,789.0452386865175,0.7164179104477612
precise_30min_late_proxy,120,memory_limited_ridge,86,4.221598000630185,196.21188617829606,0.9701492537313433
precise_30min_late_proxy,120,memory_limited_ridge,87,4.582480931752795,556.077888854592,0.746268656716418
precise_30min_late_proxy,120,memory_limited_ridge,88,4.300336744229353,274.72875264976494,0.9552238805970149
precise_30min_late_proxy,120,memory_limited_ridge,89,4.566688244084811,540.3297032451655,0.746268656716418
precise_30min_late_proxy,120,memory_limited_ridge,90,4.26075875829162,235.26229312760026,0.9402985074626866
precise_30min_late_proxy,120,memory_limited_ridge,91,4.902663687536276,875.3584048137561,0.5074626865671642
precise_30min_late_proxy,120,memory_limited_ridge,92,4.390158071353125,364.2969731432142,0.8507462686567164
precise_30min_late_proxy,120,memory_limited_ridge,93,4.221962874592398,196.575731965775,0.9402985074626866
precise_30min_late_proxy,120,memory_limited_ridge,94,4.215215987851369,189.84785721023943,0.9701492537313433
precise_30min_late_proxy,120,memory_limited_ridge,95,4.182628082006819,157.35178050362023,0.9850746268656716
precise_30min_late_proxy,120,memory_limited_ridge,96,4.510639779254508,484.43917683018503,0.7611940298507462
precise_30min_late_proxy,120,memory_limited_ridge,97,4.308246246632861,282.61596694459257,0.9552238805970149
precise_30min_late_proxy,120,memory_limited_ridge,98,4.337088527954066,311.3769738862046,0.8507462686567164
precise_30min_late_proxy,120,memory_limited_ridge,99,4.564522442922363,538.1700050724166,0.7014925373134329
precise_30min_late_proxy,120,memory_limited_ridge,100,4.154204331913352,129.0081254147329,1.0
precise_30min_late_proxy,120,memory_limited_ridge,101,4.379084906567478,353.2550113192193,0.7910447761194029
precise_30min_late_proxy,120,memory_limited_ridge,102,4.539739879043424,513.4572757353966,0.7761194029850746
precise_30min_late_proxy,120,memory_limited_ridge,103,4.52646417066873,500.2189768481758,0.6865671641791045
precise_30min_late_proxy,120,memory_limited_ridge,104,4.307101144825402,281.474091908203,0.9104477611940298
precise_30min_late_proxy,120,memory_limited_ridge,105,4.203403384316408,178.0685402940781,0.9701492537313433
precise_30min_late_proxy,120,memory_limited_ridge,106,4.415198512449922,389.266853028428,0.8507462686567164
precise_30min_late_proxy,120,memory_limited_ridge,107,4.376421888939981,350.599497782786,0.8208955223880597
precise_30min_late_proxy,120,memory_limited_ridge,108,4.53130145419646,505.0426294424429,0.7313432835820896
precise_30min_late_proxy,120,memory_limited_ridge,109,4.365014177910107,339.22393242912153,0.9104477611940298
precise_30min_late_proxy,120,memory_limited_ridge,110,4.343353026673024,317.6238199361112,0.9104477611940298
precise_30min_late_proxy,120,memory_limited_ridge,111,4.907469127865275,880.1503039399272,0.582089552238806
precise_30min_late_proxy,120,memory_limited_ridge,112,4.369406115316623,343.6034938386106,0.8805970149253731
precise_30min_late_proxy,120,memory_limited_ridge,113,4.267482805339144,241.96739254937904,0.9402985074626866
precise_30min_late_proxy,120,memory_limited_ridge,114,4.572350652760189,545.9761558750799,0.7164179104477612
precise_30min_late_proxy,120,memory_limited_ridge,115,5.1811436829369795,1153.053674186626,0.3880597014925373
precise_30min_late_proxy,120,memory_limited_ridge,116,4.418091435521735,392.15162416089686,0.8507462686567164
precise_30min_late_proxy,120,memory_limited_ridge,117,4.15962832274252,134.41683203372887,1.0
precise_30min_late_proxy,120,memory_limited_ridge,118,5.003555691198675,975.9661058957834,0.6268656716417911
precise_30min_late_proxy,120,memory_limited_ridge,119,5.63808481169903,1608.7071930562292,0.417910447761194
precise_30min_late_proxy,120,memory_limited_ridge,120,4.236756269525672,211.32744073761674,0.9552238805970149
precise_30min_late_proxy,120,memory_limited_ridge,121,4.177651953924449,152.38967460341198,1.0
precise_30min_late_proxy,120,memory_limited_ridge,122,4.254790121977427,229.31047577471054,0.9701492537313433
precise_30min_late_proxy,120,memory_limited_ridge,123,4.575938543210742,549.5539360445774,0.7761194029850746
precise_30min_late_proxy,120,memory_limited_ridge,124,4.229197109509946,203.78958160421854,0.9552238805970149
precise_30min_late_proxy,120,memory_limited_ridge,125,4.373637534834856,347.8229896815868,0.8507462686567164
precise_30min_late_proxy,120,memory_limited_ridge,126,4.307647268297075,282.0186764639399,0.8955223880597015
precise_30min_late_proxy,120,memory_limited_ridge,127,4.710299084362485,683.5358639548068,0.6268656716417911
precise_30min_late_proxy,240,hidden_state_oracle,0,4.617790814692207,492.9151674440509,0.9302325581395349
precise_30min_late_proxy,240,hidden_state_oracle,1,5.2510253013150185,1751.977227661051,0.7209302325581395
precise_30min_late_proxy,240,hidden_state_oracle,2,4.97417656944827,1201.5180500953784,0.8837209302325582
precise_30min_late_proxy,240,hidden_state_oracle,3,4.414777902634451,89.2639754988675,1.0
precise_30min_late_proxy,240,hidden_state_oracle,4,5.037204923269384,1326.8375181447643,0.5813953488372093
precise_30min_late_proxy,240,hidden_state_oracle,5,4.845472556475403,945.6154687371757,0.813953488372093
precise_30min_late_proxy,240,hidden_state_oracle,6,4.832572072647088,919.9653974132054,0.8604651162790697
precise_30min_late_proxy,240,hidden_state_oracle,7,4.540809500479514,339.85298571139543,1.0
precise_30min_late_proxy,240,hidden_state_oracle,8,4.825498999567535,905.9019846463132,0.9069767441860465
precise_30min_late_proxy,240,hidden_state_oracle,9,4.399226490086775,58.343054520632556,1.0
precise_30min_late_proxy,240,hidden_state_oracle,10,5.4910727097352305,2229.2642216262593,0.4186046511627907
precise_30min_late_proxy,240,hidden_state_oracle,11,4.5830023051053415,423.7450677769923,0.9767441860465116
precise_30min_late_proxy,240,hidden_state_oracle,12,5.769992457557516,2783.84120652998,0.20930232558139536
precise_30min_late_proxy,240,hidden_state_oracle,13,6.208461206351948,3655.649956464219,0.18604651162790697
precise_30min_late_proxy,240,hidden_state_oracle,14,4.50740482381818,273.4343652688953,1.0
precise_30min_late_proxy,240,hidden_state_oracle,15,4.656209627569647,569.3034102110205,0.8604651162790697
precise_30min_late_proxy,240,hidden_state_oracle,16,4.641312373722102,539.6831549705063,1.0
precise_30min_late_proxy,240,hidden_state_oracle,17,4.474392957125979,207.79677008553404,1.0
precise_30min_late_proxy,240,hidden_state_oracle,18,4.890618380138871,1035.379047557825,0.7674418604651163
precise_30min_late_proxy,240,hidden_state_oracle,19,4.704756353732733,665.829013839577,1.0
precise_30min_late_proxy,240,hidden_state_oracle,20,4.402303316228228,64.46071731762919,1.0
precise_30min_late_proxy,240,hidden_state_oracle,21,5.7966427378566525,2836.8300400942157,0.09302325581395349
precise_30min_late_proxy,240,hidden_state_oracle,22,4.506355123792766,271.3472435082692,1.0
precise_30min_late_proxy,240,hidden_state_oracle,23,4.434307432836683,128.09459993727197,1.0
precise_30min_late_proxy,240,hidden_state_oracle,24,4.484216963927842,227.32987275892913,1.0
precise_30min_late_proxy,240,hidden_state_oracle,25,4.453594035266539,166.44221034526873,1.0
precise_30min_late_proxy,240,hidden_state_oracle,26,4.7069157966650215,670.1226408050759,0.8372093023255814
precise_30min_late_proxy,240,hidden_state_oracle,27,4.577406711121487,412.61933120028647,1.0
precise_30min_late_proxy,240,hidden_state_oracle,28,4.437623833900072,134.68861028191307,1.0
precise_30min_late_proxy,240,hidden_state_oracle,29,4.735206618622965,726.3733683508361,0.7674418604651163
precise_30min_late_proxy,240,hidden_state_oracle,30,5.609908532661477,2465.5458506308114,0.18604651162790697
precise_30min_late_proxy,240,hidden_state_oracle,31,6.200633708214276,3640.0865180543483,0.09302325581395349
precise_30min_late_proxy,240,hidden_state_oracle,32,4.96529512368188,1183.8590444022846,0.8372093023255814
precise_30min_late_proxy,240,hidden_state_oracle,33,4.5936890709227844,444.9935968312531,1.0
precise_30min_late_proxy,240,hidden_state_oracle,34,4.905094021915655,1064.1610102327322,0.6744186046511628
precise_30min_late_proxy,240,hidden_state_oracle,35,4.6307255221040515,518.6332856234877,1.0
precise_30min_late_proxy,240,hidden_state_oracle,36,4.653158902703453,563.2376446591904,1.0
precise_30min_late_proxy,240,hidden_state_oracle,37,4.857694337397164,969.9160730029744,0.7674418604651163
precise_30min_late_proxy,240,hidden_state_oracle,38,4.526269191271853,310.9424445865304,1.0
precise_30min_late_proxy,240,hidden_state_oracle,39,4.68723253718479,630.9863559745755,0.813953488372093
precise_30min_late_proxy,240,hidden_state_oracle,40,5.0404620399185625,1333.3136531079008,0.6744186046511628
precise_30min_late_proxy,240,hidden_state_oracle,41,4.627527740453368,512.2751266187414,0.9767441860465116
precise_30min_late_proxy,240,hidden_state_oracle,42,5.843773847708542,2930.5409694956015,0.2558139534883721
precise_30min_late_proxy,240,hidden_state_oracle,43,4.6043736895423955,466.2378566055231,1.0
precise_30min_late_proxy,240,hidden_state_oracle,44,4.508268657920221,275.1519292474512,1.0
precise_30min_late_proxy,240,hidden_state_oracle,45,5.701177394656468,2647.016007175721,0.3953488372093023
precise_30min_late_proxy,240,hidden_state_oracle,46,4.928880905685778,1111.45654374904,0.6976744186046512
precise_30min_late_proxy,240,hidden_state_oracle,47,5.729531607333829,2703.392774682154,0.20930232558139536
precise_30min_late_proxy,240,hidden_state_oracle,48,4.6705600874944775,597.8364734280594,1.0
precise_30min_late_proxy,240,hidden_state_oracle,49,4.719551850989606,695.2469461406457,0.9069767441860465
precise_30min_late_proxy,240,hidden_state_oracle,50,4.582375316477134,422.4984243761045,1.0
precise_30min_late_proxy,240,hidden_state_oracle,51,4.411866634518431,83.47549222856105,1.0
precise_30min_late_proxy,240,hidden_state_oracle,52,4.739592917693814,735.0946601653847,0.9302325581395349
precise_30min_late_proxy,240,hidden_state_oracle,53,4.6764309898577325,609.5096064948241,0.9069767441860465
precise_30min_late_proxy,240,hidden_state_oracle,54,5.235563195146427,1721.2338748285977,0.5348837209302325
precise_30min_late_proxy,240,hidden_state_oracle,55,4.443707930673679,146.78563844472188,1.0
precise_30min_late_proxy,240,hidden_state_oracle,56,5.041860273464745,1336.0937651304025,0.5813953488372093
precise_30min_late_proxy,240,hidden_state_oracle,57,4.423612457435577,106.82974774278291,1.0
precise_30min_late_proxy,240,hidden_state_oracle,58,4.690060491042471,636.6091852510422,0.8372093023255814
precise_30min_late_proxy,240,hidden_state_oracle,59,4.82318034826372,901.2918031903446,0.7906976744186046
precise_30min_late_proxy,240,hidden_state_oracle,60,4.49876010451922,256.24604353266847,1.0
precise_30min_late_proxy,240,hidden_state_oracle,61,4.873424767317065,1001.1929347681566,0.7441860465116279
precise_30min_late_proxy,240,hidden_state_oracle,62,5.7532994811141025,2750.650510577696,0.27906976744186046
precise_30min_late_proxy,240,hidden_state_oracle,63,5.1117611322499545,1475.077855751269,0.627906976744186
precise_30min_late_proxy,240,hidden_state_oracle,64,4.824794075470253,904.5003819146687,0.9069767441860465
precise_30min_late_proxy,240,hidden_state_oracle,65,5.69835494776333,2641.4041274136453,0.3953488372093023
precise_30min_late_proxy,240,hidden_state_oracle,66,4.776831066656967,809.1353852722295,0.8372093023255814
precise_30min_late_proxy,240,hidden_state_oracle,67,4.451114682879181,161.51250643498585,1.0
precise_30min_late_proxy,240,hidden_state_oracle,68,4.857873777537409,970.2728543808552,0.7441860465116279
precise_30min_late_proxy,240,hidden_state_oracle,69,4.4400332254328925,139.47921081183785,1.0
precise_30min_late_proxy,240,hidden_state_oracle,70,5.0391729406510315,1330.7505331043533,0.5581395348837209
precise_30min_late_proxy,240,hidden_state_oracle,71,4.5574873569572905,373.01361858990583,1.0
precise_30min_late_proxy,240,hidden_state_oracle,72,5.745140828081445,2734.428635880567,0.4418604651162791
precise_30min_late_proxy,240,hidden_state_oracle,73,5.304723965394742,1858.7464451553424,0.5813953488372093
precise_30min_late_proxy,240,hidden_state_oracle,74,4.959696895839076,1172.7280709158006,0.6744186046511628
precise_30min_late_proxy,240,hidden_state_oracle,75,4.763902413072515,783.4293039362525,0.8604651162790697
precise_30min_late_proxy,240,hidden_state_oracle,76,4.611337914750352,480.08484681748934,0.9302325581395349
precise_30min_late_proxy,240,hidden_state_oracle,77,4.543253929512406,344.71325140952524,1.0
precise_30min_late_proxy,240,hidden_state_oracle,78,4.571002868599362,399.8865515909341,1.0
precise_30min_late_proxy,240,hidden_state_oracle,79,5.038885376822909,1330.1787690682365,0.5581395348837209
precise_30min_late_proxy,240,hidden_state_oracle,80,4.750257024956533,756.2981371462153,0.9302325581395349
precise_30min_late_proxy,240,hidden_state_oracle,81,4.4969396910309944,252.62650984435692,1.0
precise_30min_late_proxy,240,hidden_state_oracle,82,4.7524358512057185,760.6303040197905,0.7674418604651163
precise_30min_late_proxy,240,hidden_state_oracle,83,5.013831459504628,1280.36398888547,0.5348837209302325
precise_30min_late_proxy,240,hidden_state_oracle,84,4.493332593258648,245.45450634708305,1.0
precise_30min_late_proxy,240,hidden_state_oracle,85,5.456866084164004,2161.251083721412,0.5813953488372093
precise_30min_late_proxy,240,hidden_state_oracle,86,4.409785479986636,79.33752632842985,1.0
precise_30min_late_proxy,240,hidden_state_oracle,87,5.554811753772316,2355.9967571986567,0.23255813953488372
precise_30min_late_proxy,240,hidden_state_oracle,88,4.472268451075315,203.57260822827536,1.0
precise_30min_late_proxy,240,hidden_state_oracle,89,4.801686175051151,858.5548730651282,0.7674418604651163
precise_30min_late_proxy,240,hidden_state_oracle,90,4.602514682129023,462.54158649818436,0.9767441860465116
precise_30min_late_proxy,240,hidden_state_oracle,91,6.134626974142908,3508.8451274735576,0.3953488372093023
precise_30min_late_proxy,240,hidden_state_oracle,92,4.519616302673939,297.7144859054469,0.9534883720930233
precise_30min_late_proxy,240,hidden_state_oracle,93,4.449454980828623,158.2125157881283,1.0
precise_30min_late_proxy,240,hidden_state_oracle,94,4.649636338669193,556.2337198510602,0.9534883720930233
precise_30min_late_proxy,240,hidden_state_oracle,95,4.484740507564181,228.37083616712863,1.0
precise_30min_late_proxy,240,hidden_state_oracle,96,4.96601807330852,1185.2964873489018,0.7209302325581395
precise_30min_late_proxy,240,hidden_state_oracle,97,4.793313865433728,841.9081843291643,0.9069767441860465
precise_30min_late_proxy,240,hidden_state_oracle,98,4.508824195224526,276.25650576319873,1.0
precise_30min_late_proxy,240,hidden_state_oracle,99,5.092118248499511,1436.0218501073928,0.6976744186046512
precise_30min_late_proxy,240,hidden_state_oracle,100,4.598491084004855,454.5414540816444,1.0
precise_30min_late_proxy,240,hidden_state_oracle,101,4.87302433499012,1000.3967539517427,0.7209302325581395
precise_30min_late_proxy,240,hidden_state_oracle,102,4.892059944681376,1038.2453147324106,0.6976744186046512
precise_30min_late_proxy,240,hidden_state_oracle,103,4.959944926733173,1173.2212314986778,0.7209302325581395
precise_30min_late_proxy,240,hidden_state_oracle,104,4.54881985185973,355.7799917808611,1.0
precise_30min_late_proxy,240,hidden_state_oracle,105,4.486472291222189,231.81414689381936,1.0
precise_30min_late_proxy,240,hidden_state_oracle,106,5.358878353564321,1966.4217802468033,0.4883720930232558
precise_30min_late_proxy,240,hidden_state_oracle,107,4.433916260852032,127.31683148767051,1.0
precise_30min_late_proxy,240,hidden_state_oracle,108,4.985402733388111,1223.8390660807977,0.5813953488372093
precise_30min_late_proxy,240,hidden_state_oracle,109,4.7708102927003075,797.1642620594035,0.8604651162790697
precise_30min_late_proxy,240,hidden_state_oracle,110,4.6957425545851414,647.9068495151481,0.9302325581395349
precise_30min_late_proxy,240,hidden_state_oracle,111,5.133748868970252,1518.7961397035717,0.5348837209302325
precise_30min_late_proxy,240,hidden_state_oracle,112,4.969076652828746,1191.3778703332814,0.7906976744186046
precise_30min_late_proxy,240,hidden_state_oracle,113,4.5642747716213785,386.5090558584785,0.9302325581395349
precise_30min_late_proxy,240,hidden_state_oracle,114,5.192296488378526,1635.2065498600407,0.5581395348837209
precise_30min_late_proxy,240,hidden_state_oracle,115,5.384926000268017,2018.2123955960462,0.4883720930232558
precise_30min_late_proxy,240,hidden_state_oracle,116,4.982445116338419,1217.958427084374,0.7209302325581395
precise_30min_late_proxy,240,hidden_state_oracle,117,4.500097160682774,258.9045163787836,1.0
precise_30min_late_proxy,240,hidden_state_oracle,118,5.76571175115509,2775.329864939964,0.6046511627906976
precise_30min_late_proxy,240,hidden_state_oracle,119,6.231089536808406,3700.641934895037,0.2558139534883721
precise_30min_late_proxy,240,hidden_state_oracle,120,4.426257530441654,112.08895446447868,1.0
precise_30min_late_proxy,240,hidden_state_oracle,121,4.417275550752516,94.230056866295,1.0
precise_30min_late_proxy,240,hidden_state_oracle,122,4.582614514297176,422.9740221309096,0.9534883720930233
precise_30min_late_proxy,240,hidden_state_oracle,123,5.598727139720655,2443.313852959229,0.18604651162790697
precise_30min_late_proxy,240,hidden_state_oracle,124,4.667732767239557,592.2149039458958,0.9069767441860465
precise_30min_late_proxy,240,hidden_state_oracle,125,4.7413989046078635,738.6855094522797,0.813953488372093
precise_30min_late_proxy,240,hidden_state_oracle,126,4.5424286992820075,343.0724436266455,1.0
precise_30min_late_proxy,240,hidden_state_oracle,127,5.378762440930042,2005.957371774259,0.4418604651162791
precise_30min_late_proxy,240,causal_kalman_observer,0,4.63669585007982,499.52855463159966,0.8604651162790697
precise_30min_late_proxy,240,causal_kalman_observer,1,5.006839326558273,1281.6168676091802,0.7674418604651163
precise_30min_late_proxy,240,causal_kalman_observer,2,5.134398743136644,1551.1414293865384,0.6976744186046512
precise_30min_late_proxy,240,causal_kalman_observer,3,4.461628829879874,129.6235764233854,1.0
precise_30min_late_proxy,240,causal_kalman_observer,4,5.040837768621883,1353.4533395920578,0.5581395348837209
precise_30min_late_proxy,240,causal_kalman_observer,5,4.893402663188431,1041.9328032020592,0.8837209302325582
precise_30min_late_proxy,240,causal_kalman_observer,6,4.8945756736775525,1044.4112882501893,0.813953488372093
precise_30min_late_proxy,240,causal_kalman_observer,7,4.633963306706187,493.75484364188435,0.9767441860465116
precise_30min_late_proxy,240,causal_kalman_observer,8,4.77580292578019,793.4524171449627,0.9534883720930233
precise_30min_late_proxy,240,causal_kalman_observer,9,4.436025429389105,75.52530661059458,1.0
precise_30min_late_proxy,240,causal_kalman_observer,10,5.387763723884829,2086.484635259286,0.46511627906976744
precise_30min_late_proxy,240,causal_kalman_observer,11,4.641412953489828,509.4954006900312,0.9534883720930233
precise_30min_late_proxy,240,causal_kalman_observer,12,5.836738711776434,3035.1388103064337,0.046511627906976744
precise_30min_late_proxy,240,causal_kalman_observer,13,6.220792591372724,3846.618874303079,0.32558139534883723
precise_30min_late_proxy,240,causal_kalman_observer,14,4.559687673805062,336.8153681783734,1.0
precise_30min_late_proxy,240,causal_kalman_observer,15,4.65562399860066,539.5223839996698,0.9302325581395349
precise_30min_late_proxy,240,causal_kalman_observer,16,4.57848844591285,376.540142764839,1.0
precise_30min_late_proxy,240,causal_kalman_observer,17,4.507813971654087,227.20968902577798,1.0
precise_30min_late_proxy,240,causal_kalman_observer,18,4.846245703082312,942.2933240444177,0.8837209302325582
precise_30min_late_proxy,240,causal_kalman_observer,19,4.8328978559389295,914.0902697668982,0.8372093023255814
precise_30min_late_proxy,240,causal_kalman_observer,20,4.448241500373065,101.33705446205,1.0
precise_30min_late_proxy,240,causal_kalman_observer,21,5.857464458629262,3078.930955938676,0.023255813953488372
precise_30min_late_proxy,240,causal_kalman_observer,22,4.618728971857645,461.56569706337643,1.0
precise_30min_late_proxy,240,causal_kalman_observer,23,4.492687472712552,195.24842794894644,1.0
precise_30min_late_proxy,240,causal_kalman_observer,24,4.52496446946837,263.44754614368935,1.0
precise_30min_late_proxy,240,causal_kalman_observer,25,4.475633025583264,159.21354550506834,1.0
precise_30min_late_proxy,240,causal_kalman_observer,26,4.766022206929675,772.7865683252984,0.8372093023255814
precise_30min_late_proxy,240,causal_kalman_observer,27,4.5532208936451815,323.1515024106572,1.0
precise_30min_late_proxy,240,causal_kalman_observer,28,4.460978398055957,128.2492755099056,1.0
precise_30min_late_proxy,240,causal_kalman_observer,29,4.785570878147259,814.0914974859274,0.8372093023255814
precise_30min_late_proxy,240,causal_kalman_observer,30,5.871331385344923,3108.2307787541417,0.16279069767441862
precise_30min_late_proxy,240,causal_kalman_observer,31,6.352153376960927,4124.175601588139,0.0
precise_30min_late_proxy,240,causal_kalman_observer,32,5.055052413647038,1383.4879117520086,0.7209302325581395
precise_30min_late_proxy,240,causal_kalman_observer,33,4.600623196541243,423.30938982473583,1.0
precise_30min_late_proxy,240,causal_kalman_observer,34,4.958534818221239,1179.5526740883522,0.6511627906976745
precise_30min_late_proxy,240,causal_kalman_observer,35,4.657682542136633,543.8719952269703,1.0
precise_30min_late_proxy,240,causal_kalman_observer,36,4.6322791800805305,490.1963767035023,1.0
precise_30min_late_proxy,240,causal_kalman_observer,37,4.8758268569800824,1004.7963088009787,0.9069767441860465
precise_30min_late_proxy,240,causal_kalman_observer,38,4.581542961175855,382.9941464147284,0.9767441860465116
precise_30min_late_proxy,240,causal_kalman_observer,39,4.79860299409374,841.6275354783946,0.7674418604651163
precise_30min_late_proxy,240,causal_kalman_observer,40,5.0713606639990125,1417.9461609268103,0.6976744186046512
precise_30min_late_proxy,240,causal_kalman_observer,41,4.606563819798266,435.8615100197237,0.9767441860465116
precise_30min_late_proxy,240,causal_kalman_observer,42,5.992195641982803,3363.608881991857,0.06976744186046512
precise_30min_late_proxy,240,causal_kalman_observer,43,4.638855168016242,504.09100217146835,1.0
precise_30min_late_proxy,240,causal_kalman_observer,44,4.525901324926809,265.42705735408555,1.0
precise_30min_late_proxy,240,causal_kalman_observer,45,5.786369042677162,2928.7112239353673,0.23255813953488372
precise_30min_late_proxy,240,causal_kalman_observer,46,5.0994184947776935,1477.2305852315742,0.5813953488372093
precise_30min_late_proxy,240,causal_kalman_observer,47,5.6343959719150645,2607.602067289103,0.32558139534883723
precise_30min_late_proxy,240,causal_kalman_observer,48,4.662626761858374,554.3188182568117,0.9534883720930233
precise_30min_late_proxy,240,causal_kalman_observer,49,4.598313894106019,418.4299705768698,1.0
precise_30min_late_proxy,240,causal_kalman_observer,50,4.579830815486771,379.3764618285944,1.0
precise_30min_late_proxy,240,causal_kalman_observer,51,4.458238118996501,122.45923486735363,1.0
precise_30min_late_proxy,240,causal_kalman_observer,52,4.781426090501086,805.3337849593797,0.9302325581395349
precise_30min_late_proxy,240,causal_kalman_observer,53,4.700624292133358,634.6049941729933,0.9767441860465116
precise_30min_late_proxy,240,causal_kalman_observer,54,5.206672597189982,1703.8512776015289,0.6046511627906976
precise_30min_late_proxy,240,causal_kalman_observer,55,4.4755775638667075,159.09632639001808,1.0
precise_30min_late_proxy,240,causal_kalman_observer,56,5.096237440604103,1470.5092091664894,0.5348837209302325
precise_30min_late_proxy,240,causal_kalman_observer,57,4.447598855557561,99.97918333493448,1.0
precise_30min_late_proxy,240,causal_kalman_observer,58,4.752762126104672,744.7687958779384,0.8604651162790697
precise_30min_late_proxy,240,causal_kalman_observer,59,4.9222089250405965,1102.7985723488716,0.7906976744186046
precise_30min_late_proxy,240,causal_kalman_observer,60,4.525461406888332,264.49754402272856,1.0
precise_30min_late_proxy,240,causal_kalman_observer,61,4.861995456359403,975.5714666676477,0.7906976744186046
precise_30min_late_proxy,240,causal_kalman_observer,62,5.634871182421084,2608.6061750151125,0.3023255813953488
precise_30min_late_proxy,240,causal_kalman_observer,63,5.097088994371699,1472.3084650108765,0.6046511627906976
precise_30min_late_proxy,240,causal_kalman_observer,64,4.861130669181695,973.7442499174617,0.7906976744186046
precise_30min_late_proxy,240,causal_kalman_observer,65,5.624791881040265,2587.3092740588395,0.3488372093023256
precise_30min_late_proxy,240,causal_kalman_observer,66,4.763682863238163,767.8435854171582,0.8604651162790697
precise_30min_late_proxy,240,causal_kalman_observer,67,4.524656512500437,262.7968920470188,1.0
precise_30min_late_proxy,240,causal_kalman_observer,68,4.933793320336687,1127.2756217186093,0.6744186046511628
precise_30min_late_proxy,240,causal_kalman_observer,69,4.462899612239329,132.30865495735463,1.0
precise_30min_late_proxy,240,causal_kalman_observer,70,5.182971119624567,1653.7716640418018,0.5813953488372093
precise_30min_late_proxy,240,causal_kalman_observer,71,4.583554803095337,387.2450074481501,1.0
precise_30min_late_proxy,240,causal_kalman_observer,72,5.683113045946926,2710.5379994411537,0.46511627906976744
precise_30min_late_proxy,240,causal_kalman_observer,73,5.317726928866662,1938.5017556434723,0.5813953488372093
precise_30min_late_proxy,240,causal_kalman_observer,74,4.922478287780598,1103.3676712181827,0.7441860465116279
precise_30min_late_proxy,240,causal_kalman_observer,75,4.850091051045714,950.4182903846958,0.8372093023255814
precise_30min_late_proxy,240,causal_kalman_observer,76,4.666678015543415,562.8787882195878,0.9767441860465116
precise_30min_late_proxy,240,causal_kalman_observer,77,4.608416437408284,439.7759863870804,1.0
precise_30min_late_proxy,240,causal_kalman_observer,78,4.576271483290748,371.85583694854813,1.0
precise_30min_late_proxy,240,causal_kalman_observer,79,5.096332482925003,1470.7100455348327,0.6744186046511628
precise_30min_late_proxy,240,causal_kalman_observer,80,4.837629658553173,924.0881681301489,0.8372093023255814
precise_30min_late_proxy,240,causal_kalman_observer,81,4.533357777672035,281.1820574781434,1.0
precise_30min_late_proxy,240,causal_kalman_observer,82,4.708551996860452,651.3557036317702,0.8604651162790697
precise_30min_late_proxy,240,causal_kalman_observer,83,4.9851185206916275,1235.7223014235926,0.6976744186046512
precise_30min_late_proxy,240,causal_kalman_observer,84,4.550317743190806,317.01731757087487,1.0
precise_30min_late_proxy,240,causal_kalman_observer,85,5.395933748672045,2103.7473416263324,0.627906976744186
precise_30min_late_proxy,240,causal_kalman_observer,86,4.424642326275506,51.47357026135898,1.0
precise_30min_late_proxy,240,causal_kalman_observer,87,5.549960967732037,2429.1965497048777,0.23255813953488372
precise_30min_late_proxy,240,causal_kalman_observer,88,4.479581706870292,167.5568028848876,1.0
precise_30min_late_proxy,240,causal_kalman_observer,89,4.801196982379062,847.108359157023,0.7906976744186046
precise_30min_late_proxy,240,causal_kalman_observer,90,4.573489597675953,365.9779021411105,1.0
precise_30min_late_proxy,240,causal_kalman_observer,91,5.944109979817133,3262.0070371213424,0.32558139534883723
precise_30min_late_proxy,240,causal_kalman_observer,92,4.599968599349801,421.9263365098965,0.9534883720930233
precise_30min_late_proxy,240,causal_kalman_observer,93,4.469491944953392,146.23781148868494,1.0
precise_30min_late_proxy,240,causal_kalman_observer,94,4.652937488324607,533.8459726778402,1.0
precise_30min_late_proxy,240,causal_kalman_observer,95,4.500381127849557,211.50461823904752,1.0
precise_30min_late_proxy,240,causal_kalman_observer,96,5.152793298982344,1590.0079172859698,0.5813953488372093
precise_30min_late_proxy,240,causal_kalman_observer,97,4.860968422597085,973.4014596156121,0.813953488372093
precise_30min_late_proxy,240,causal_kalman_observer,98,4.545335313468277,306.4897853961874,1.0
precise_30min_late_proxy,240,causal_kalman_observer,99,5.07810425194437,1432.1950753154058,0.6744186046511628
precise_30min_late_proxy,240,causal_kalman_observer,100,4.588032302179102,396.7056536438171,1.0
precise_30min_late_proxy,240,causal_kalman_observer,101,4.817884416696386,882.3677947951738,0.7674418604651163
precise_30min_late_proxy,240,causal_kalman_observer,102,5.007533005231482,1283.0826650042795,0.6046511627906976
precise_30min_late_proxy,240,causal_kalman_observer,103,4.924936544893614,1108.5618032847458,0.7209302325581395
precise_30min_late_proxy,240,causal_kalman_observer,104,4.587229689181464,395.0098290604801,1.0
precise_30min_late_proxy,240,causal_kalman_observer,105,4.559192855684895,335.76990805487713,0.9534883720930233
precise_30min_late_proxy,240,causal_kalman_observer,106,5.401518888093202,2115.5484801812217,0.4883720930232558
precise_30min_late_proxy,240,causal_kalman_observer,107,4.441723689794516,87.56534851496059,1.0
precise_30min_late_proxy,240,causal_kalman_observer,108,4.923746692624474,1106.0477685955866,0.6976744186046512
precise_30min_late_proxy,240,causal_kalman_observer,109,4.816961432535252,880.4176139254859,0.8372093023255814
precise_30min_late_proxy,240,causal_kalman_observer,110,4.812567021841714,871.1325475712458,0.813953488372093
precise_30min_late_proxy,240,causal_kalman_observer,111,5.332219520744498,1969.1235822892522,0.5348837209302325
precise_30min_late_proxy,240,causal_kalman_observer,112,4.976256534207171,1216.9974904391127,0.7209302325581395
precise_30min_late_proxy,240,causal_kalman_observer,113,4.567728187283368,353.80442073673663,0.9767441860465116
precise_30min_late_proxy,240,causal_kalman_observer,114,5.3092532291221,1920.5972071498693,0.5348837209302325
precise_30min_late_proxy,240,causal_kalman_observer,115,5.298144876322186,1897.1262146458978,0.6046511627906976
precise_30min_late_proxy,240,causal_kalman_observer,116,4.913029242092533,1083.402439638785,0.7209302325581395
precise_30min_late_proxy,240,causal_kalman_observer,117,4.534986292192168,284.62299370730074,1.0
precise_30min_late_proxy,240,causal_kalman_observer,118,5.6871378126318755,2719.042082958298,0.6046511627906976
precise_30min_late_proxy,240,causal_kalman_observer,119,6.543020668912958,4527.465578710455,0.20930232558139536
precise_30min_late_proxy,240,causal_kalman_observer,120,4.486839584773059,182.89222750017916,1.0
precise_30min_late_proxy,240,causal_kalman_observer,121,4.464855558568473,136.44144606806105,1.0
precise_30min_late_proxy,240,causal_kalman_observer,122,4.6602126794894145,549.2179605023877,0.9767441860465116
precise_30min_late_proxy,240,causal_kalman_observer,123,5.674474826602868,2692.286030682587,0.27906976744186046
precise_30min_late_proxy,240,causal_kalman_observer,124,4.697078124610136,627.1121873928345,0.8372093023255814
precise_30min_late_proxy,240,causal_kalman_observer,125,4.7041968302353565,642.1536093041954,0.8604651162790697
precise_30min_late_proxy,240,causal_kalman_observer,126,4.585064915304804,390.435765243644,1.0
precise_30min_late_proxy,240,causal_kalman_observer,127,5.385360104302053,2081.405958667894,0.5116279069767442
precise_30min_late_proxy,240,memory_limited_ridge,0,4.7318906297387535,576.2899769628725,0.9069767441860465
precise_30min_late_proxy,240,memory_limited_ridge,1,5.063166341271689,1456.9690829160982,0.7906976744186046
precise_30min_late_proxy,240,memory_limited_ridge,2,4.990957271431893,1265.0050576214019,1.0
precise_30min_late_proxy,240,memory_limited_ridge,3,4.581870596517458,177.46958617406708,1.0
precise_30min_late_proxy,240,memory_limited_ridge,4,5.081671787519945,1506.1648412823379,0.627906976744186
precise_30min_late_proxy,240,memory_limited_ridge,5,4.83365056301865,846.8134229713454,1.0
precise_30min_late_proxy,240,memory_limited_ridge,6,4.9738793055325665,1219.6041809011595,0.8604651162790697
precise_30min_late_proxy,240,memory_limited_ridge,7,4.661453260586004,389.0359250310458,1.0
precise_30min_late_proxy,240,memory_limited_ridge,8,4.782570818003325,711.0205996331879,1.0
precise_30min_late_proxy,240,memory_limited_ridge,9,4.560659141738456,121.08004604057629,1.0
precise_30min_late_proxy,240,memory_limited_ridge,10,5.239147027317532,1924.804507779351,0.5581395348837209
precise_30min_late_proxy,240,memory_limited_ridge,11,4.703384253686924,500.5072711945494,0.9767441860465116
precise_30min_late_proxy,240,memory_limited_ridge,12,5.69841644621097,3145.7481723513874,0.09302325581395349
precise_30min_late_proxy,240,memory_limited_ridge,13,6.080827969740686,4162.369152772638,0.3488372093023256
precise_30min_late_proxy,240,memory_limited_ridge,14,4.686159456456459,454.7160510807771,1.0
precise_30min_late_proxy,240,memory_limited_ridge,15,4.725009938147085,557.9980192118795,0.9534883720930233
precise_30min_late_proxy,240,memory_limited_ridge,16,4.684409587048111,450.06411502742685,1.0
precise_30min_late_proxy,240,memory_limited_ridge,17,4.640899280723246,334.3942474822993,1.0
precise_30min_late_proxy,240,memory_limited_ridge,18,4.8533300651008915,899.1303472009985,0.9534883720930233
precise_30min_late_proxy,240,memory_limited_ridge,19,4.902994715731179,1031.1612163286102,0.8604651162790697
precise_30min_late_proxy,240,memory_limited_ridge,20,4.562060593072541,124.80573091565071,1.0
precise_30min_late_proxy,240,memory_limited_ridge,21,5.500514772497843,2619.6369513813083,0.3953488372093023
precise_30min_late_proxy,240,memory_limited_ridge,22,4.7196206753902885,543.6709468030997,1.0
precise_30min_late_proxy,240,memory_limited_ridge,23,4.60972679025859,251.5238163670403,1.0
precise_30min_late_proxy,240,memory_limited_ridge,24,4.589871291090898,198.7390131155659,1.0
precise_30min_late_proxy,240,memory_limited_ridge,25,4.584383055004484,184.14882530047674,1.0
precise_30min_late_proxy,240,memory_limited_ridge,26,4.820515221450523,811.8938062717743,0.8372093023255814
precise_30min_late_proxy,240,memory_limited_ridge,27,4.658891768243349,382.2263319709397,1.0
precise_30min_late_proxy,240,memory_limited_ridge,28,4.557627348422168,113.02018250615238,1.0
precise_30min_late_proxy,240,memory_limited_ridge,29,4.824165004997686,821.5965644255897,0.8604651162790697
precise_30min_late_proxy,240,memory_limited_ridge,30,5.565271600531497,2791.7895826537474,0.37209302325581395
precise_30min_late_proxy,240,memory_limited_ridge,31,6.099262520343549,4211.376438783598,0.06976744186046512
precise_30min_late_proxy,240,memory_limited_ridge,32,4.957217247849496,1175.3089743622718,0.9534883720930233
precise_30min_late_proxy,240,memory_limited_ridge,33,4.637316747662844,324.8702712207037,1.0
precise_30min_late_proxy,240,memory_limited_ridge,34,4.916218458036902,1066.3158417530647,0.813953488372093
precise_30min_late_proxy,240,memory_limited_ridge,35,4.72020545039388,545.2255404826764,1.0
precise_30min_late_proxy,240,memory_limited_ridge,36,4.746001588536523,613.8032209029631,1.0
precise_30min_late_proxy,240,memory_limited_ridge,37,4.938837327705941,1126.4469205623886,0.9302325581395349
precise_30min_late_proxy,240,memory_limited_ridge,38,4.672510243296373,418.4303337030508,1.0
precise_30min_late_proxy,240,memory_limited_ridge,39,4.799323200286156,755.5559293836224,0.8372093023255814
precise_30min_late_proxy,240,memory_limited_ridge,40,4.96751674663353,1202.689651740995,0.7906976744186046
precise_30min_late_proxy,240,memory_limited_ridge,41,4.7258465039876825,560.2219856269197,0.9534883720930233
precise_30min_late_proxy,240,memory_limited_ridge,42,5.887643391049955,3648.7980815400633,0.16279069767441862
precise_30min_late_proxy,240,memory_limited_ridge,43,4.703101804042384,499.756393627102,1.0
precise_30min_late_proxy,240,memory_limited_ridge,44,4.6480779988657535,353.4784931892346,1.0
precise_30min_late_proxy,240,memory_limited_ridge,45,5.597067746799193,2876.3179700148867,0.37209302325581395
precise_30min_late_proxy,240,memory_limited_ridge,46,5.087063885935592,1520.4994521414612,0.627906976744186
precise_30min_late_proxy,240,memory_limited_ridge,47,5.396976495790891,2344.385872634019,0.46511627906976744
precise_30min_late_proxy,240,memory_limited_ridge,48,4.737142494579089,590.2517842163245,0.9767441860465116
precise_30min_late_proxy,240,memory_limited_ridge,49,4.689988356473042,464.894980975109,1.0
precise_30min_late_proxy,240,memory_limited_ridge,50,4.702703600431307,498.6977902101244,1.0
precise_30min_late_proxy,240,memory_limited_ridge,51,4.55957921031135,118.20910497666755,1.0
precise_30min_late_proxy,240,memory_limited_ridge,52,4.867929614142879,937.9424826821092,0.9302325581395349
precise_30min_late_proxy,240,memory_limited_ridge,53,4.815998065470985,799.8851839942658,0.9767441860465116
precise_30min_late_proxy,240,memory_limited_ridge,54,5.238103887115043,1922.03137425664,0.6976744186046512
precise_30min_late_proxy,240,memory_limited_ridge,55,4.584739139264108,185.0954566304874,1.0
precise_30min_late_proxy,240,memory_limited_ridge,56,5.108737024569566,1578.116354591223,0.627906976744186
precise_30min_late_proxy,240,memory_limited_ridge,57,4.555151382384043,106.43795664137362,1.0
precise_30min_late_proxy,240,memory_limited_ridge,58,4.835054039348614,850.5444911917705,0.9069767441860465
precise_30min_late_proxy,240,memory_limited_ridge,59,4.969492185361849,1207.941252001908,0.813953488372093
precise_30min_late_proxy,240,memory_limited_ridge,60,4.585978085406823,188.38912997660137,1.0
precise_30min_late_proxy,240,memory_limited_ridge,61,4.942846730641028,1137.1057079994105,0.7906976744186046
precise_30min_late_proxy,240,memory_limited_ridge,62,5.388643659766223,2322.2334650629955,0.46511627906976744
precise_30min_late_proxy,240,memory_limited_ridge,63,5.086103232351307,1517.9456049673836,0.627906976744186
precise_30min_late_proxy,240,memory_limited_ridge,64,4.929496654920007,1101.6152318157192,0.8604651162790697
precise_30min_late_proxy,240,memory_limited_ridge,65,5.566570370542596,2795.2422946166084,0.4186046511627907
precise_30min_late_proxy,240,memory_limited_ridge,66,4.842489271369365,870.310665591604,0.8837209302325582
precise_30min_late_proxy,240,memory_limited_ridge,67,4.610696097003789,254.10066751560586,1.0
precise_30min_late_proxy,240,memory_limited_ridge,68,4.854041112356822,901.0206290412999,0.8604651162790697
precise_30min_late_proxy,240,memory_limited_ridge,69,4.578879474556432,169.51784530467918,1.0
precise_30min_late_proxy,240,memory_limited_ridge,70,5.194642465365569,1806.4914637915256,0.627906976744186
precise_30min_late_proxy,240,memory_limited_ridge,71,4.688487769465726,460.90574911173707,1.0
precise_30min_late_proxy,240,memory_limited_ridge,72,5.651699571391673,3021.5538106265103,0.46511627906976744
precise_30min_late_proxy,240,memory_limited_ridge,73,5.30338374259112,2095.5744465555335,0.6046511627906976
precise_30min_late_proxy,240,memory_limited_ridge,74,4.878767186564687,966.7536006085539,0.8837209302325582
precise_30min_late_proxy,240,memory_limited_ridge,75,4.812829980418171,791.4629960258669,0.9302325581395349
precise_30min_late_proxy,240,memory_limited_ridge,76,4.766623034500218,668.6242535429118,0.9767441860465116
precise_30min_late_proxy,240,memory_limited_ridge,77,4.725400372604159,559.0359687403779,1.0
precise_30min_late_proxy,240,memory_limited_ridge,78,4.622641347884788,285.8564905356104,1.0
precise_30min_late_proxy,240,memory_limited_ridge,79,5.151786403775066,1692.5608715620142,0.6976744186046512
precise_30min_late_proxy,240,memory_limited_ridge,80,4.823101229757186,818.7685737364972,0.8604651162790697
precise_30min_late_proxy,240,memory_limited_ridge,81,4.650990730064702,361.2218363287045,1.0
precise_30min_late_proxy,240,memory_limited_ridge,82,4.806246475299077,773.9610929268092,0.8604651162790697
precise_30min_late_proxy,240,memory_limited_ridge,83,5.06070793346392,1450.4335346859064,0.7674418604651163
precise_30min_late_proxy,240,memory_limited_ridge,84,4.65520035401717,372.41290084020414,1.0
precise_30min_late_proxy,240,memory_limited_ridge,85,5.4281608507970835,2427.2878450107373,0.627906976744186
precise_30min_late_proxy,240,memory_limited_ridge,86,4.535460384689389,54.090471928986425,1.0
precise_30min_late_proxy,240,memory_limited_ridge,87,5.3428115408756485,2200.3911805751964,0.3953488372093023
precise_30min_late_proxy,240,memory_limited_ridge,88,4.589929934619827,198.89491386176778,1.0
precise_30min_late_proxy,240,memory_limited_ridge,89,4.914731822379259,1062.3636988211438,0.7906976744186046
precise_30min_late_proxy,240,memory_limited_ridge,90,4.636861952800373,323.6612229297235,1.0
precise_30min_late_proxy,240,memory_limited_ridge,91,5.685007887157619,3110.102221295741,0.3488372093023256
precise_30min_late_proxy,240,memory_limited_ridge,92,4.649721897542449,357.8487116099283,1.0
precise_30min_late_proxy,240,memory_limited_ridge,93,4.568311736224489,141.42406715518067,1.0
precise_30min_late_proxy,240,memory_limited_ridge,94,4.76121334801898,654.2428857337914,1.0
precise_30min_late_proxy,240,memory_limited_ridge,95,4.606060565324781,241.7773496490581,1.0
precise_30min_late_proxy,240,memory_limited_ridge,96,5.1693808344104095,1739.334742697897,0.627906976744186
precise_30min_late_proxy,240,memory_limited_ridge,97,4.912166887933384,1055.5449551101437,0.8837209302325582
precise_30min_late_proxy,240,memory_limited_ridge,98,4.661532321425565,389.246104126814,1.0
precise_30min_late_proxy,240,memory_limited_ridge,99,5.070542381615109,1476.5778993459485,0.7209302325581395
precise_30min_late_proxy,240,memory_limited_ridge,100,4.715818137721072,533.5620998267161,1.0
precise_30min_late_proxy,240,memory_limited_ridge,101,4.9002480351172535,1023.8593099611978,0.813953488372093
precise_30min_late_proxy,240,memory_limited_ridge,102,5.030644481765916,1370.5114249702508,0.627906976744186
precise_30min_late_proxy,240,memory_limited_ridge,103,4.980397843369793,1236.933371888464,0.7441860465116279
precise_30min_late_proxy,240,memory_limited_ridge,104,4.663307302511309,393.9647982575849,1.0
precise_30min_late_proxy,240,memory_limited_ridge,105,4.661378686317322,388.83767324866716,1.0
precise_30min_late_proxy,240,memory_limited_ridge,106,5.208271189631819,1842.7227125194913,0.6511627906976745
precise_30min_late_proxy,240,memory_limited_ridge,107,4.559934873042761,119.15461569603293,1.0
precise_30min_late_proxy,240,memory_limited_ridge,108,4.9361375846062066,1119.269795114901,0.8372093023255814
precise_30min_late_proxy,240,memory_limited_ridge,109,4.8969044316282,1014.9705154347994,0.8837209302325582
precise_30min_late_proxy,240,memory_limited_ridge,110,4.871647927843839,947.8274246558568,0.8372093023255814
precise_30min_late_proxy,240,memory_limited_ridge,111,5.2772851167646655,2026.192618491255,0.5813953488372093
precise_30min_late_proxy,240,memory_limited_ridge,112,4.915428496022412,1064.2157691656787,0.9767441860465116
precise_30min_late_proxy,240,memory_limited_ridge,113,4.660530490965642,386.5827903883008,1.0
precise_30min_late_proxy,240,memory_limited_ridge,114,5.19586010101757,1809.7284843156667,0.5813953488372093
precise_30min_late_proxy,240,memory_limited_ridge,115,5.241309578483471,1930.553536642904,0.627906976744186
precise_30min_late_proxy,240,memory_limited_ridge,116,5.031692615125752,1373.2978325399126,0.7209302325581395
precise_30min_late_proxy,240,memory_limited_ridge,117,4.6582451331861705,380.50728658304206,1.0
precise_30min_late_proxy,240,memory_limited_ridge,118,5.6751532393152795,3083.9041568161088,0.6046511627906976
precise_30min_late_proxy,240,memory_limited_ridge,119,6.192732563306327,4459.861646132356,0.23255813953488372
precise_30min_late_proxy,240,memory_limited_ridge,120,4.6060153135010475,241.65705004881644,1.0
precise_30min_late_proxy,240,memory_limited_ridge,121,4.57913153956996,170.18794692404506,1.0
precise_30min_late_proxy,240,memory_limited_ridge,122,4.779872085001318,703.8461594775335,0.9534883720930233
precise_30min_late_proxy,240,memory_limited_ridge,123,5.424996549635475,2418.8757163186674,0.5581395348837209
precise_30min_late_proxy,240,memory_limited_ridge,124,4.7224363775747005,551.1563433959334,0.9534883720930233
precise_30min_late_proxy,240,memory_limited_ridge,125,4.777684841779222,698.0314880776168,0.9069767441860465
precise_30min_late_proxy,240,memory_limited_ridge,126,4.697450279384564,484.73211170830297,1.0
precise_30min_late_proxy,240,memory_limited_ridge,127,5.382467637996005,2305.8148350771894,0.5581395348837209
