path,bytes,sha256
.gitattributes,103,bfc96aea602af992dd1b894f3b1111ccc89119ba3b65f6412d0c6e92e1078bb3
.gitignore,53,e129dea0952004c4790a8b5dc5927e28bc421e0b71305015aaeaa5703e76d61e
archive/linear-duration-exploration/example-audit/rerun.json,931,b809ba08b5dd7ce4a4368150e01777373cfbae84cb9f31ee7511dc82204e2b96
archive/linear-duration-exploration/example-audit/variant-0-arrays.npz,5284,15bdb1cfcb3cd76f0f4598c24d7d1fbfa15f1c567e9b7c78bc309debcb433ec9
archive/linear-duration-exploration/example-audit/variant-1-arrays.npz,5284,15bdb1cfcb3cd76f0f4598c24d7d1fbfa15f1c567e9b7c78bc309debcb433ec9
archive/linear-duration-exploration/protocol.json,903,670e206edd2f2375c6cdb84db22556867268b76d86f2940c138958117c33f0a9
archive/linear-duration-exploration/resolved-config.json,1245,62231200ec234fc10a03777d191975790d6f5cf27f6dee54fb3978bd3b958fde
archive/linear-duration-exploration/results/base-1729/execution-rejections.csv,51,77f4125f786fd2eaea076011d536c5da23eb902186052174f1e10af178986dab
archive/linear-duration-exploration/results/base-1729/features.csv.gz,5655944,9e4e06f5cef766a90757ff03c220e5fe0f6a4c34ac707a77bb8b93c4f8dc5cc7
archive/linear-duration-exploration/results/base-1729/frozen-model/bank-120.npz,777684,b28918e317b742a14dfc3f2c0f1e112c18507424fc0f9f2e1523c7a4ef2cfb2f
archive/linear-duration-exploration/results/base-1729/frozen-model/bank-240.npz,678312,c4ba05344ab8870723946be3c5e601903a3fd278ba64ce169be1c82162999d04
archive/linear-duration-exploration/results/base-1729/frozen-model/bank-60.npz,691247,e5dada40b23f77b7e42156672096258d5504dc189d24798362cc42e155b212f8
archive/linear-duration-exploration/results/base-1729/frozen-model/deployment.json,173960,be3559b6feb05c02544c03165019a45274b485632a9b205239e78409c1363bcd
archive/linear-duration-exploration/results/base-1729/frozen-model/evaluation.json,3991,1a7f66ba4f8df241f6b9a5aa953ba9ffe1c4e8dbab36ae74f71152a8ce8912af
archive/linear-duration-exploration/results/base-1729/frozen-model/manifest.json,7431,573d34186e860a8dbca3e5ea6797f0562cd29448d82ac61caf29c325d99abc4b
archive/linear-duration-exploration/results/base-1729/frozen-model/per_session-120-local.csv,602,3ab7d2c71c6ced35ee7f9132a9e7c9d625e1130461f5cd4f52cf5c2397e3d00a
archive/linear-duration-exploration/results/base-1729/frozen-model/per_session-120-mixture.csv,598,e2d0e5ba3a2a654ebabf26dae197622c0c1b35ee00097e2d76de9f7ea2b67e1b
archive/linear-duration-exploration/results/base-1729/frozen-model/per_session-120-structural.csv,598,48fb88dd3adc2f3dc8c8625e8f34d22449c5295282c66e775796295199789c4b
archive/linear-duration-exploration/results/base-1729/frozen-model/per_session-120-supervised.csv,597,e40c4ea80612aac3e6b503c80292db983e624fb57e449f08cd7e5d13e64329fe
archive/linear-duration-exploration/results/base-1729/frozen-model/per_session-120-train_frequency.csv,603,43b2e85d0993c065a81b9c3e2be5251a073314fdba39f80361d3a560f916002f
archive/linear-duration-exploration/results/base-1729/frozen-model/per_session-240-local.csv,600,6b452c2421f6b76baf7bb2518810f1cccbe39749b91138520bdd75800602f801
archive/linear-duration-exploration/results/base-1729/frozen-model/per_session-240-mixture.csv,598,41f57a0c64a2a4079e5b9111497898cb56f3590de11f13c03eae6ed1948db6e6
archive/linear-duration-exploration/results/base-1729/frozen-model/per_session-240-structural.csv,597,c26cd7b3fa97814bc55a89994724226faea9cced96d01b2924e95a39c8fc3d5d
archive/linear-duration-exploration/results/base-1729/frozen-model/per_session-240-supervised.csv,595,7d1a16cc9b9511dc25e83d69a678596359667077f1c8d83d7ba83c9a8c18ac1b
archive/linear-duration-exploration/results/base-1729/frozen-model/per_session-240-train_frequency.csv,601,5f3d98ffa311117eefa1870b013a6e4ea918c16b5df42ba6e63282bd1ab04de9
archive/linear-duration-exploration/results/base-1729/frozen-model/per_session-60-local.csv,599,438e7821e09c58d3e408a1ebce37ff72bd7f819e52ce8cc3ad29555675b697cb
archive/linear-duration-exploration/results/base-1729/frozen-model/per_session-60-mixture.csv,598,0bb9d34040f7343a8debef34a014e3f4185e00f2cc17f06a7e781bba31354ade
archive/linear-duration-exploration/results/base-1729/frozen-model/per_session-60-structural.csv,595,7e22d5cd3b1be099b4f5655b1d102b3c97c215cc7c03dfe4652ed038f8de4e23
archive/linear-duration-exploration/results/base-1729/frozen-model/per_session-60-supervised.csv,599,975dbca98cd5057ec5c3b5380a8bfdac1bf1c13cf025d40d7e5fb6910fca50e3
archive/linear-duration-exploration/results/base-1729/frozen-model/per_session-60-train_frequency.csv,597,0d63f2131402aa977e6f89623d06fa8fba8950517049b70bdbe8452ebe18eb9f
archive/linear-duration-exploration/results/base-1729/frozen-model/pointwise_losses-120-local.csv,45413,67110d4b7833ae48618c5ea1bf55cf8f2861b59092f84f4a971313cee36dc43d
archive/linear-duration-exploration/results/base-1729/frozen-model/pointwise_losses-120-mixture.csv,45468,3912a9e205fee0dce9106f034bc6cfc4c4118dce0d683459522d1f7618719392
archive/linear-duration-exploration/results/base-1729/frozen-model/pointwise_losses-120-structural.csv,45339,c7e510f6ce4feab11134afeee51ade8abcea5b5be82d207214452e85014ac91c
archive/linear-duration-exploration/results/base-1729/frozen-model/pointwise_losses-120-supervised.csv,45444,4a4c2b304b5beb0adaac97354a4a2d6ed01c1c30197c05edaaa84c93a45cbcdc
archive/linear-duration-exploration/results/base-1729/frozen-model/pointwise_losses-120-train_frequency.csv,43882,3706e4fe02a68d0207b9a8d64cb0357d37336e38452eb544f45c37479225b764
archive/linear-duration-exploration/results/base-1729/frozen-model/pointwise_losses-240-local.csv,27217,7b66a79cb6ee5b02f99dacd76983cc2415559503cc664208c03149060902df65
archive/linear-duration-exploration/results/base-1729/frozen-model/pointwise_losses-240-mixture.csv,27196,ad2f0bd546e388bc85c3a2f3a00578661d828f11ed6aba2505b4598ce7e9beda
archive/linear-duration-exploration/results/base-1729/frozen-model/pointwise_losses-240-structural.csv,27202,6a85212219d3da551b4a2ac5797b93782270806b4e97e8b92d484ca47cc4bf73
archive/linear-duration-exploration/results/base-1729/frozen-model/pointwise_losses-240-supervised.csv,27257,30dae21ae667a3bfb882a3ce25e6b29c6bb78692ac143c71f1a7600ab4bb9616
archive/linear-duration-exploration/results/base-1729/frozen-model/pointwise_losses-240-train_frequency.csv,27323,e37e61dc783fd0ff004cd3c26d8486d258ef419b312fe72c507a69cce309aee0
archive/linear-duration-exploration/results/base-1729/frozen-model/pointwise_losses-60-local.csv,54432,f17c1651e0216ce7e5e116997af0fb4ecd38f4a39b4aea4a1ad730cf4d196e53
archive/linear-duration-exploration/results/base-1729/frozen-model/pointwise_losses-60-mixture.csv,54613,b6f707bf9a72d0faeb24839b1dd19c57708ba352ad02002404572fa1f39d8d4e
archive/linear-duration-exploration/results/base-1729/frozen-model/pointwise_losses-60-structural.csv,54475,66b42d64697d9935e0fd4e7a9c5a43ae9cd8fe58e0cbdae8d942121aaf6499cf
archive/linear-duration-exploration/results/base-1729/frozen-model/pointwise_losses-60-supervised.csv,54608,9d3d28ccdc87a72301845f23d4e905558398338927142fb02d9b780e602c5aa5
archive/linear-duration-exploration/results/base-1729/frozen-model/pointwise_losses-60-train_frequency.csv,54485,b5482e6972d6178eb41ad745991132f2c1c28521f1e68173deafe4fccfa7a538
archive/linear-duration-exploration/results/base-1729/frozen-model/price_head-120.json,233754,fe3527f9d59760dd56896d275a24022906e218f5276cb7d745e3424d930fa26a
archive/linear-duration-exploration/results/base-1729/frozen-model/price_head-240.json,228955,368c0c2e54ac36e89620daec2234ea5329032654649a57a0d4ac243cd595dda8
archive/linear-duration-exploration/results/base-1729/frozen-model/price_head-60.json,234544,707b0c066f332364a53be8c300df12a1924a1293210bfc705573cc0f00e551c9
archive/linear-duration-exploration/results/base-1729/frozen-model/reliability-120-local.csv,128,1059a2c9bff03cbb590254e04c333b41635081e2babd6f471010dadd49193e36
archive/linear-duration-exploration/results/base-1729/frozen-model/reliability-120-mixture.csv,190,d6256f7116e557ecac6226a2f2baa4ca437efa9bc982da2dfcd84be15dc1d1f2
archive/linear-duration-exploration/results/base-1729/frozen-model/reliability-120-structural.csv,129,e72e885c01b7936d8e35500bbb4609613e1f7bee1f93fca7669003b522f4f651
archive/linear-duration-exploration/results/base-1729/frozen-model/reliability-120-supervised.csv,190,7f00eee81156a5ac203cfae85737959eb67a2fba6b830b672ba1f13b59cbf603
archive/linear-duration-exploration/results/base-1729/frozen-model/reliability-120-train_frequency.csv,84,042364b3a9b370367ed0f23edc4f75243abb3189060991b42f398f2413a9f2b6
archive/linear-duration-exploration/results/base-1729/frozen-model/reliability-240-local.csv,113,23855a2411079d8606a951d91a09e1c04986c556adad5fad080177e57c89ea58
archive/linear-duration-exploration/results/base-1729/frozen-model/reliability-240-mixture.csv,129,5ab61c09fde3c8e03a7a03b5e774bc40691d8d3c1819125541afe84a39acfe0b
archive/linear-duration-exploration/results/base-1729/frozen-model/reliability-240-structural.csv,113,a5f9dde6b24f238a9b519f7011156e4dd191b0d1f20478d9321738ca080fe8b1
archive/linear-duration-exploration/results/base-1729/frozen-model/reliability-240-supervised.csv,130,901d94df0bf637099141db20e1fc957206cb1feb0b8dd6a9ca809666c666cd70
archive/linear-duration-exploration/results/base-1729/frozen-model/reliability-240-train_frequency.csv,83,f56d132dc8b818e2267e24e5cd1c1b7631a3787ffa1f64d8048711b30316fa00
archive/linear-duration-exploration/results/base-1729/frozen-model/reliability-60-local.csv,114,c7bea63d0a23077cb78e54ede9c0da53fb0109149ef665e0d41ad9a70271edd0
archive/linear-duration-exploration/results/base-1729/frozen-model/reliability-60-mixture.csv,192,3cb65abed08474daee8890890676c5f006c85c4b7742553341f60198a4e87f91
archive/linear-duration-exploration/results/base-1729/frozen-model/reliability-60-structural.csv,129,670ef94bea80d7540c31b59fedfd1eae177052a59ff84a6ef10dc2f4d78b5ebc
archive/linear-duration-exploration/results/base-1729/frozen-model/reliability-60-supervised.csv,192,3cb65abed08474daee8890890676c5f006c85c4b7742553341f60198a4e87f91
archive/linear-duration-exploration/results/base-1729/frozen-model/reliability-60-train_frequency.csv,82,c22999425c91db80a83a69a1eb035f01eaffc35c3c00bfb9a4b7b68d60bffe28
archive/linear-duration-exploration/results/base-1729/frozen-model/state_head-120.json,384194,2a8a554a644b51f6e59ed57ba5e82e1abf29743df0de3c1a90228992c5a28303
archive/linear-duration-exploration/results/base-1729/frozen-model/state_head-240.json,369196,f073b48ea8a50c5bad7c187608c70b29b29ba9598da246f243539cab65501028
archive/linear-duration-exploration/results/base-1729/frozen-model/state_head-60.json,384700,11e435e2c1cae7ecef26ec4b29467bf4625ff924711d218eff180c09bad2e022
archive/linear-duration-exploration/results/base-1729/frozen-model/state_journal.csv,544778,72e821e55e607ab74cfbeace3afd87346daf5317870051f6439fe068f6528367
archive/linear-duration-exploration/results/base-1729/frozen-model/test-predictions-120.csv,201194,23ddad5025383b0d7f39128738bf7a046a6c499dc6bfd34afcddb61200d7988a
archive/linear-duration-exploration/results/base-1729/frozen-model/test-predictions-240.csv,121899,c215e0dd460707030e5891954424780d77d62dcd41abe8322846d23f72f22195
archive/linear-duration-exploration/results/base-1729/frozen-model/test-predictions-60.csv,240373,e0d0d725c3816e4fcb44c66f317ed9b61e33c01c211e8d6eeffdeb39197b4eaa
archive/linear-duration-exploration/results/base-1729/frozen-model/test_metrics.csv,1228,3003e3dd074f9bb6a4b4b81f6f3a50978656a4b4231cb1fa38f2dcfc53f64c39
archive/linear-duration-exploration/results/base-1729/inputs/curve_truth.csv.gz,44641,d0694251a907ca0d5ce5f040e7446d956f6970f72830b25ba346dfbb11f8eedf
archive/linear-duration-exploration/results/base-1729/inputs/quotes.csv.gz,708292,d8cefca7b6f1f257456ceb4ce1a5ba7811d6bd09ff38b74336d88315361022ef
archive/linear-duration-exploration/results/base-1729/inputs/rates.csv.gz,540293,02be4b0837a1d661eebbdca1136374b20f30266d4864145fc362923d1432deb3
archive/linear-duration-exploration/results/base-1729/inputs/sessions.csv.gz,369,e87b56afe6740c31b031a168c7bf6f07572d1ee31e5fee23dfd8055b32245329
archive/linear-duration-exploration/results/base-1729/inputs/trades.csv.gz,376315,adfe422c93cefbd9e69508a9dccbfcc81a809a785931e3014bdad30e3a44bf4d
archive/linear-duration-exploration/results/base-1729/inputs/truth.csv.gz,1750555,e312ae5f4261d6798c332e6f1465bf5428aa65e161d02a8833e56b3290d824d3
archive/linear-duration-exploration/results/base-1729/marked-pnl.csv.gz,216870,005555e9c91ced43f56737dbbe9981e0472e69b360f10a7ab527e746ab07443e
archive/linear-duration-exploration/results/base-1729/observations.csv.gz,150886,67a97136fc78d489283d7249f894369635facb616200384fb24fcd7ef5a2833a
archive/linear-duration-exploration/results/base-1729/predictions-and-outcomes.csv.gz,269330,7354f053687f7aa28257e93f30bc1dd35c77a6c87bbbbd19bf130f81c855b637
archive/linear-duration-exploration/results/base-1729/reliability-120.csv,181,c5ce5eeed9783696b9436d3538619f32dd6c9778aa211a86fa80ffa67059bde8
archive/linear-duration-exploration/results/base-1729/reliability-240.csv,124,6228074e12d31f49bcbeda2b20e973cd7e1c96ddeff13b0e89681b46fcf6df89
archive/linear-duration-exploration/results/base-1729/reliability-60.csv,183,888afaa5659e2c9b78164cc5e6e8e3db1fed419d2a66dee965de695edfffe178
archive/linear-duration-exploration/results/base-1729/session-losses.csv,2082,c1b7116ee88773d0dbe1ff59040bd59aeb46169383a5f7bcb14e5df0f745c0e1
archive/linear-duration-exploration/results/base-1729/trade-ledger.csv,81248,eafc45ec94a420adf871665350bb25b15d5a6f70edc1bec9ecbe994069297c33
archive/linear-duration-exploration/results/cgb_only-1729/execution-rejections.csv,51,77f4125f786fd2eaea076011d536c5da23eb902186052174f1e10af178986dab
archive/linear-duration-exploration/results/cgb_only-1729/frozen-model/bank-120.npz,568653,25b617cc7f48e1401715dc3cc149a0132be3e47ee9757edb37ba2a4a9c2d4eba
archive/linear-duration-exploration/results/cgb_only-1729/frozen-model/bank-240.npz,556122,9276fda679e0f9f7601044370cc686f29706198607bd9ab7b925dcc99b971111
archive/linear-duration-exploration/results/cgb_only-1729/frozen-model/bank-60.npz,440109,a97f993fef1ba94a7ad1e915ba53695dd4eea37d103dc7d8ca3731cef22830fd
archive/linear-duration-exploration/results/cgb_only-1729/frozen-model/deployment.json,169385,912f54c5c1a1bc706835e24104bc87cbebd2fe188435492f0c413bfef08f7c91
archive/linear-duration-exploration/results/cgb_only-1729/frozen-model/evaluation.json,3995,dad56b7cba84b24c4ecf88e85dad64ef213d928cf1c18ffa59dfaf2f0582adda
archive/linear-duration-exploration/results/cgb_only-1729/frozen-model/manifest.json,7431,b627224aa70a6662ad3bbe27be7059678b83765958670965d7528176117bf148
archive/linear-duration-exploration/results/cgb_only-1729/frozen-model/per_session-120-local.csv,600,b23173f5b8a3a935f43fe293e734cad4678e12867936fb2698bfba77855ded97
archive/linear-duration-exploration/results/cgb_only-1729/frozen-model/per_session-120-mixture.csv,603,a72ce68f35eb9dbd49f1097d0b1c1ac74bcea7d38ceed3b645f8a18bf92c02b5
archive/linear-duration-exploration/results/cgb_only-1729/frozen-model/per_session-120-structural.csv,597,469fdb18f3675a444eaf345d88404204bb4aeb73edf83a855a5be58f938621f3
archive/linear-duration-exploration/results/cgb_only-1729/frozen-model/per_session-120-supervised.csv,598,ac2cc10d4aca1fc45fd110af0d33eeb9a71bb1a85740bcf8fdfef1a4279cc834
archive/linear-duration-exploration/results/cgb_only-1729/frozen-model/per_session-120-train_frequency.csv,603,43b2e85d0993c065a81b9c3e2be5251a073314fdba39f80361d3a560f916002f
archive/linear-duration-exploration/results/cgb_only-1729/frozen-model/per_session-240-local.csv,599,8ad048a1ee7795cb92a9f43221023931945e185a190293a27e37703d70bbf360
archive/linear-duration-exploration/results/cgb_only-1729/frozen-model/per_session-240-mixture.csv,601,afda5372b90f15b9e49c61bfdbe8d575a691a905690e6e3b2651a83865c4783d
archive/linear-duration-exploration/results/cgb_only-1729/frozen-model/per_session-240-structural.csv,601,84ed7df3b7418430acafd92ee8c3300dce571a18f825bcc6ec0bfdd251c49d90
archive/linear-duration-exploration/results/cgb_only-1729/frozen-model/per_session-240-supervised.csv,600,55e22e662e8e766788c1dcf83a90eb2cf0d7337abe6f5d48db1c9176e1e99bd9
archive/linear-duration-exploration/results/cgb_only-1729/frozen-model/per_session-240-train_frequency.csv,601,5f3d98ffa311117eefa1870b013a6e4ea918c16b5df42ba6e63282bd1ab04de9
archive/linear-duration-exploration/results/cgb_only-1729/frozen-model/per_session-60-local.csv,601,6187f53c384d6c83ff9ea6d0ba6a1ab34c6793de7b6e18b14ab44e64ebe702b2
archive/linear-duration-exploration/results/cgb_only-1729/frozen-model/per_session-60-mixture.csv,602,0d14b7b262685f777b1f44859d86ecb6bf6546db8cacc9c96ba1f9c469fb2162
archive/linear-duration-exploration/results/cgb_only-1729/frozen-model/per_session-60-structural.csv,596,fa26140fe01a53eb4cb6e8414870ef6c1d7f783f26b94f3cdc6cd2b52d9b42dd
archive/linear-duration-exploration/results/cgb_only-1729/frozen-model/per_session-60-supervised.csv,598,6049be953ddcbf48365a17a476e2254e9da170be1ae79753c798b6cf98d50f1b
archive/linear-duration-exploration/results/cgb_only-1729/frozen-model/per_session-60-train_frequency.csv,597,0d63f2131402aa977e6f89623d06fa8fba8950517049b70bdbe8452ebe18eb9f
archive/linear-duration-exploration/results/cgb_only-1729/frozen-model/pointwise_losses-120-local.csv,45371,7175eb52498657c7518ccb0396cfdeac6d3ad7f67df66dac5837357581bd9a6e
archive/linear-duration-exploration/results/cgb_only-1729/frozen-model/pointwise_losses-120-mixture.csv,45409,f8ac70727c56c9e1a1f0561f8ee4644f15ecde09e8f4bc771b42f82e642003b8
archive/linear-duration-exploration/results/cgb_only-1729/frozen-model/pointwise_losses-120-structural.csv,45398,73c873183ce81f09b4f039dce8fd518cae38db30c3c7569c1c31e6b50567106d
archive/linear-duration-exploration/results/cgb_only-1729/frozen-model/pointwise_losses-120-supervised.csv,45383,18a7c2cb77a3bca13eb959386b8ec7f43af6131485095d9b4318bed71202e03c
archive/linear-duration-exploration/results/cgb_only-1729/frozen-model/pointwise_losses-120-train_frequency.csv,43882,3706e4fe02a68d0207b9a8d64cb0357d37336e38452eb544f45c37479225b764
archive/linear-duration-exploration/results/cgb_only-1729/frozen-model/pointwise_losses-240-local.csv,27224,b678206a0ba92be526744b5d9c00a4adebea51264fc85d64fc0963123d53ba27
archive/linear-duration-exploration/results/cgb_only-1729/frozen-model/pointwise_losses-240-mixture.csv,27214,c0906850135e17626b3eef03eb3655bec8d0077e6b73b84337c228661ec8268c
archive/linear-duration-exploration/results/cgb_only-1729/frozen-model/pointwise_losses-240-structural.csv,27223,1c1fb1db3b62193b06f4e302c0b169af065fc9dd532ce86a85ff264a672da404
archive/linear-duration-exploration/results/cgb_only-1729/frozen-model/pointwise_losses-240-supervised.csv,27257,99343e9f8b0708585a2261f4418a2884bbce6984fbd6ca58b7d0366ad553e876
archive/linear-duration-exploration/results/cgb_only-1729/frozen-model/pointwise_losses-240-train_frequency.csv,27323,e37e61dc783fd0ff004cd3c26d8486d258ef419b312fe72c507a69cce309aee0
archive/linear-duration-exploration/results/cgb_only-1729/frozen-model/pointwise_losses-60-local.csv,54407,7e4656bf60fa129e750deba5413386fc725883d2755d36e48aa64aad9a80dc1d
archive/linear-duration-exploration/results/cgb_only-1729/frozen-model/pointwise_losses-60-mixture.csv,54485,ee2f8b7ed1942aa05f619c5ed2a7d128fbc2f67a9bc1cbbcbdcf84decd662d9a
archive/linear-duration-exploration/results/cgb_only-1729/frozen-model/pointwise_losses-60-structural.csv,54500,2aed0169c2798b346aa1896da624af06dbd957dc3d08e3ddd1548e5c6e462949
archive/linear-duration-exploration/results/cgb_only-1729/frozen-model/pointwise_losses-60-supervised.csv,54483,994b3882c642a917f3255a0753ce4ec33a7cb68adfb6b3cfe088bb1962f4373b
archive/linear-duration-exploration/results/cgb_only-1729/frozen-model/pointwise_losses-60-train_frequency.csv,54485,b5482e6972d6178eb41ad745991132f2c1c28521f1e68173deafe4fccfa7a538
archive/linear-duration-exploration/results/cgb_only-1729/frozen-model/price_head-120.json,228678,b336e584251ca2332c438fc9c9455bbee0d2b1f546c2453adad310bde44ef341
archive/linear-duration-exploration/results/cgb_only-1729/frozen-model/price_head-240.json,223727,a0cdcfae426c6f1337ed958d152269fe39e942a516ff3f154c4ccccdc4091289
archive/linear-duration-exploration/results/cgb_only-1729/frozen-model/price_head-60.json,232500,941803c2b239219f8e3bbabdc0b4b4104e8b46cc6b31fcdb6d71a48e2c5f937c
archive/linear-duration-exploration/results/cgb_only-1729/frozen-model/reliability-120-local.csv,112,b7c9e70f99c7d8a7ee06a3e9d7d391bd68a5faee93eb67f78873c6be7a1b27c5
archive/linear-duration-exploration/results/cgb_only-1729/frozen-model/reliability-120-mixture.csv,129,13fa79387a28129358128c255c01bc00fe5abcc52ea1783dd194a03922aab76c
archive/linear-duration-exploration/results/cgb_only-1729/frozen-model/reliability-120-structural.csv,128,f75e163057fcf53538bd216e97cca8b457846ef983ee4eea9ecf1d010cd34362
archive/linear-duration-exploration/results/cgb_only-1729/frozen-model/reliability-120-supervised.csv,206,e4b5f223302a02e3b077344d4d04309efa389f02d74afa1d068e04920af09f06
archive/linear-duration-exploration/results/cgb_only-1729/frozen-model/reliability-120-train_frequency.csv,84,042364b3a9b370367ed0f23edc4f75243abb3189060991b42f398f2413a9f2b6
archive/linear-duration-exploration/results/cgb_only-1729/frozen-model/reliability-240-local.csv,113,2fc0bed5109e80669928f26934f466ffe236147c0e3430352b03703e5b950651
archive/linear-duration-exploration/results/cgb_only-1729/frozen-model/reliability-240-mixture.csv,83,940b266b0e3d6d3be3d270070cbfde25fe42e6591247bfee0228ff255498afc2
archive/linear-duration-exploration/results/cgb_only-1729/frozen-model/reliability-240-structural.csv,83,940b266b0e3d6d3be3d270070cbfde25fe42e6591247bfee0228ff255498afc2
archive/linear-duration-exploration/results/cgb_only-1729/frozen-model/reliability-240-supervised.csv,131,e4893c224d8ed0d6630b8f954566a4806407f2e13a2dd926b66eeaec6d5cd88f
archive/linear-duration-exploration/results/cgb_only-1729/frozen-model/reliability-240-train_frequency.csv,83,f56d132dc8b818e2267e24e5cd1c1b7631a3787ffa1f64d8048711b30316fa00
archive/linear-duration-exploration/results/cgb_only-1729/frozen-model/reliability-60-local.csv,127,1ab80619538226657dc51321e6bba2eda03ba8cade3238f560321ffca814dcc2
archive/linear-duration-exploration/results/cgb_only-1729/frozen-model/reliability-60-mixture.csv,206,0ca00ee14e51549558c31e5f16e1fffa0017f1fc0fa3532e6ab8d1cc7d918401
archive/linear-duration-exploration/results/cgb_only-1729/frozen-model/reliability-60-structural.csv,130,3b60a54a48ae5f1a25d488d6309fe58d4d397b4926543b3224d2dc72806013bc
archive/linear-duration-exploration/results/cgb_only-1729/frozen-model/reliability-60-supervised.csv,221,a71535376f64b893af575d39f2c02dbb2969bb152c54ee07af59510a28368f15
archive/linear-duration-exploration/results/cgb_only-1729/frozen-model/reliability-60-train_frequency.csv,82,c22999425c91db80a83a69a1eb035f01eaffc35c3c00bfb9a4b7b68d60bffe28
archive/linear-duration-exploration/results/cgb_only-1729/frozen-model/state_head-120.json,383330,d9e7d1be44df8e5fabc86db94900690580c1ad301a7f3cbde6c41c91f5bbb5cd
archive/linear-duration-exploration/results/cgb_only-1729/frozen-model/state_head-240.json,365575,6e8ac6ecd9998d1e15c9bdfb2017342640f7d14d68eea1fbca2d7edce70e8643
archive/linear-duration-exploration/results/cgb_only-1729/frozen-model/state_head-60.json,372858,572165bbc3d764092bdd531bf1a1e2a3b34053ad9d76b2853752f5a218aacab3
archive/linear-duration-exploration/results/cgb_only-1729/frozen-model/state_journal.csv,441679,826c3fd2d398e7f5f57b9d28d748f647a3ea800a952938561cedd4da00507f05
archive/linear-duration-exploration/results/cgb_only-1729/frozen-model/test-predictions-120.csv,198903,5b508da76ebf97fbbabd1280c4ee6a43a39483d15331ddfa765b4a1c2351ab0e
archive/linear-duration-exploration/results/cgb_only-1729/frozen-model/test-predictions-240.csv,119168,2753c4c5a8c473d70d051a8cee00e6d33c2b0c38c097189c8d1f226ae546c699
archive/linear-duration-exploration/results/cgb_only-1729/frozen-model/test-predictions-60.csv,238527,4bfd675a0c7553283359e6e6cc94f2d52c07d790be4f04e13c6675e26cda1ca0
archive/linear-duration-exploration/results/cgb_only-1729/frozen-model/test_metrics.csv,1231,3c01074dd26df9bb9bdc513b774bdc98e52e61fbaa1c6cffb3ef09b789d17739
archive/linear-duration-exploration/results/cgb_only-1729/marked-pnl.csv.gz,216397,a6915624a0764bc78d25439f3e5570448d55a5a53098b455f953d61cf2928a75
archive/linear-duration-exploration/results/cgb_only-1729/predictions-and-outcomes.csv.gz,265726,d15731c6e3c3877a6e71cf6e997de5cf536e60f79de706b661dd08208421d548
archive/linear-duration-exploration/results/cgb_only-1729/reliability-120.csv,124,160639a981c2e25102bf2365cf401212219d02fb12bf57fa54034b07e6d3e4d0
archive/linear-duration-exploration/results/cgb_only-1729/reliability-240.csv,80,d820133cc30b04afdf839b9b9efa275f99aafbfc7f8b151ddc39ee7516103b0a
archive/linear-duration-exploration/results/cgb_only-1729/reliability-60.csv,197,cd3aaeca50f3508b5cf1f6ac02b16f4bfe95f21a1d4d54f4e45255bb0e75f365
archive/linear-duration-exploration/results/cgb_only-1729/session-losses.csv,2196,4861f2b90d7b242cbfefb8000152e36086a154b20b4264f98f15875361427970
archive/linear-duration-exploration/results/cgb_only-1729/trade-ledger.csv,80117,3dc1e6f1e3215ece8808d2f4102e8dbcb7d332ea60e8c71e19ed50da50a26886
archive/linear-duration-exploration/results/decoupling-1729/execution-rejections.csv,51,77f4125f786fd2eaea076011d536c5da23eb902186052174f1e10af178986dab
archive/linear-duration-exploration/results/decoupling-1729/frozen-model-reference.json,79,281b4c5e8a6dffdc8b0539cd2936b2b0d973031f1ffdd5ef91a720c98c731bbc
archive/linear-duration-exploration/results/decoupling-1729/inputs/curve_truth.csv.gz,44560,4be672ee932fddd3606cfb0562e28ee9f9174e25e9f5564f7df3816bf60bfbf8
archive/linear-duration-exploration/results/decoupling-1729/inputs/quotes.csv.gz,709241,6d95d0dc9d58b300bd59b80158769922d0604d7d43ce8bffb73a9754b08b36a8
archive/linear-duration-exploration/results/decoupling-1729/inputs/rates.csv.gz,539925,1806ddf8943e8b1028ceee9bf141839234215b5bf9d9a365a7039bf3025575a5
archive/linear-duration-exploration/results/decoupling-1729/inputs/sessions.csv.gz,369,810d2a22a012385d1f23d0099160264f75f5478eeb0a8e4f672fa3a7c2cc3139
archive/linear-duration-exploration/results/decoupling-1729/inputs/trades.csv.gz,376628,aa8ee74b22a48aa02e94beb601ce35f14908ab705fae3829be5165611aff5808
archive/linear-duration-exploration/results/decoupling-1729/inputs/truth.csv.gz,1750747,de6869accaba9290cf7b1f37e058193892f0d2787e4ed02daf57edd9d71c5c0c
archive/linear-duration-exploration/results/decoupling-1729/marked-pnl.csv.gz,211424,e68f5fa53252caf1713cdf18d4ab589c274aa5eda0e2fb22d16c78cee24e6bbb
archive/linear-duration-exploration/results/decoupling-1729/observations.csv.gz,150740,3121ede691f07f37a52498e4d340ebaca43e151be7da90d8f0f7017f974edf33
archive/linear-duration-exploration/results/decoupling-1729/predictions-and-outcomes.csv.gz,268730,b9792e96567d4e8dd0122589d63c010ad130ff3f51847442cbba6c412bee73e9
archive/linear-duration-exploration/results/decoupling-1729/reliability-120.csv,208,d63d9e5ecc63a54990c10099e8b2f7b2593f7b2f20a998566f8b86f620520979
archive/linear-duration-exploration/results/decoupling-1729/reliability-240.csv,124,d78b457553faabacbe4348f4823bd2f90f0d563d66c5f7a336cd01085ac86b27
archive/linear-duration-exploration/results/decoupling-1729/reliability-60.csv,214,53c6ed2a3935cd70fae8d3be6742c58c3191d91ddf0a1c6a365f1f1a15b129f9
archive/linear-duration-exploration/results/decoupling-1729/session-losses.csv,2220,614b015896e838961add2dcb1c92af70d0a28192295c5fca04ceeb93f2366236
archive/linear-duration-exploration/results/decoupling-1729/trade-ledger.csv,83208,d64098f3aeacb2b310aa91e16674708d636d6ce350cc876856741e66fab2b0be
archive/linear-duration-exploration/results/fast_decay-1729/execution-rejections.csv,51,77f4125f786fd2eaea076011d536c5da23eb902186052174f1e10af178986dab
archive/linear-duration-exploration/results/fast_decay-1729/frozen-model-reference.json,79,281b4c5e8a6dffdc8b0539cd2936b2b0d973031f1ffdd5ef91a720c98c731bbc
archive/linear-duration-exploration/results/fast_decay-1729/inputs/curve_truth.csv.gz,43934,f1b76640b4a411dd25b6084f9d1dd303f8a564926f00bf25c8cb870468038cc9
archive/linear-duration-exploration/results/fast_decay-1729/inputs/quotes.csv.gz,706418,a747b0f8e1428c1ef269f71e010bd48d43ee397d62abc56819b4da566adaee5e
archive/linear-duration-exploration/results/fast_decay-1729/inputs/rates.csv.gz,539980,ea6f5bf598aafa6ef0d52a8041bff762792eedfae39cdc0deb6e1fa566c9488e
archive/linear-duration-exploration/results/fast_decay-1729/inputs/sessions.csv.gz,369,5a7a275888668f303dbebb4cefc617d1911b49eb3843b81e48d1bd0a17950d6e
archive/linear-duration-exploration/results/fast_decay-1729/inputs/trades.csv.gz,375013,c44cb95ddb656824e477dacd3b2b3e7c754947ca49bf2a22b993b99bde128247
archive/linear-duration-exploration/results/fast_decay-1729/inputs/truth.csv.gz,1751325,9d35877010efe1f442f00f1589e4507813ab2fcf3a506490c0c589d48e6d0097
archive/linear-duration-exploration/results/fast_decay-1729/marked-pnl.csv.gz,191533,380d12f069c4ac2826248f7f961b5ff4cf4bb072f4fa8199baea50bed3e9a767
archive/linear-duration-exploration/results/fast_decay-1729/observations.csv.gz,149340,752da47d25752daf25907273406f1d5cbc6aff1f8ee4a782db1b0671f3a9880d
archive/linear-duration-exploration/results/fast_decay-1729/predictions-and-outcomes.csv.gz,269412,0596a35352d6f15959abd42f024dd913b7e7fcace992d8b0c2d10da49e7d88e5
archive/linear-duration-exploration/results/fast_decay-1729/reliability-120.csv,138,55790a42a9f73c19ab509fb4bc7d246d730100b073609e7e980aeae6131d9f63
archive/linear-duration-exploration/results/fast_decay-1729/reliability-240.csv,107,5f4efb63dbb2570ca76d4f528a1e8652320d8b07ecae68ff48a9deb83b71c78a
archive/linear-duration-exploration/results/fast_decay-1729/reliability-60.csv,168,2e133ea5b18e2e2b1550637ad923dc5b1fd2abf155829271a90fa619675af470
archive/linear-duration-exploration/results/fast_decay-1729/session-losses.csv,2221,3e0d4f574d2cbef08dfc96d893d027a15d49f61123fb756aeb726818bf614988
archive/linear-duration-exploration/results/fast_decay-1729/trade-ledger.csv,76192,d1778550f36660da490c24c6dd98df9c3779f5ef555eb56f6a5b630552086afc
archive/linear-duration-exploration/results/feed_gaps-1729/inputs/curve_truth.csv.gz,44641,fe8788bd644df5f3e9a6196627602577b98de0f1a4a754e0acf9fd32989e616c
archive/linear-duration-exploration/results/feed_gaps-1729/inputs/quotes.csv.gz,707963,e72f8a44b2ed8ae6f63f55e1b6ba7193a65bf31d3e416c4eda4e99255f671544
archive/linear-duration-exploration/results/feed_gaps-1729/inputs/rates.csv.gz,540293,dbe83ce3f2c21d5649869499214c6ccd41f20fea2a4f0396486c7475c6c44b97
archive/linear-duration-exploration/results/feed_gaps-1729/inputs/sessions.csv.gz,369,2a8d62aa187648c7ac972294c0dc2ce213fe52006efd4e6363208ebec0fa9ffd
archive/linear-duration-exploration/results/feed_gaps-1729/inputs/trades.csv.gz,376346,e8fab13d853f4f1f57311cff04677fb8af8f09fc7529a8563c7a64f81f12d277
archive/linear-duration-exploration/results/feed_gaps-1729/inputs/truth.csv.gz,1748462,e569d8de19355aabf5d9253fc1548b61697e47876953882645ce08bb83f64b72
archive/linear-duration-exploration/results/feed_gaps-1729/reliability-120.csv,169,298c5dfed80d8fd7aefe96aa3dd2955046956c505a81bce5d737d0a4e7a0c8c2
archive/linear-duration-exploration/results/feed_gaps-1729/reliability-60.csv,196,2d1a14087131ae0aed14b39487fd576a7a0ea553c12ea44b32e67753585c4d36
archive/linear-duration-exploration/results/liquidity_shock-1729/execution-rejections.csv,51,77f4125f786fd2eaea076011d536c5da23eb902186052174f1e10af178986dab
archive/linear-duration-exploration/results/liquidity_shock-1729/frozen-model-reference.json,79,281b4c5e8a6dffdc8b0539cd2936b2b0d973031f1ffdd5ef91a720c98c731bbc
archive/linear-duration-exploration/results/liquidity_shock-1729/inputs/curve_truth.csv.gz,44773,f525c2aa598072fd34d4a97e7213930086e2ba8fefe34d3793d3d6b00f5978df
archive/linear-duration-exploration/results/liquidity_shock-1729/inputs/quotes.csv.gz,707232,490e1b9753fbed2f143be95b4a10d35b8e766a1d63bfa7787ff86a4111292b8d
archive/linear-duration-exploration/results/liquidity_shock-1729/inputs/rates.csv.gz,541053,4794018bab45eed893d7e643ad821232719461e773834cef0f10b5be1039cea6
archive/linear-duration-exploration/results/liquidity_shock-1729/inputs/sessions.csv.gz,369,44933e1822eb3abbb77f4e172551586b5eed3b5072844a2c45d77b2c66cdbc0d
archive/linear-duration-exploration/results/liquidity_shock-1729/inputs/trades.csv.gz,377083,460a868fbbffafc875786f010f6f77a724203f1baf787a21696239112333577d
archive/linear-duration-exploration/results/liquidity_shock-1729/inputs/truth.csv.gz,1753358,ec5dfc57c850dd9ca3f62a8ac8336de6f789cd312eb165799bac63ec1c97c1e3
archive/linear-duration-exploration/results/liquidity_shock-1729/marked-pnl.csv.gz,240663,6130b595fe570c8a3dbb16168f166756d384699ddb8dacfa3363c1f727db7c4e
archive/linear-duration-exploration/results/liquidity_shock-1729/observations.csv.gz,150844,04f8cbd0ffbbd8f5278f0460fbcd8fe7822be17e3baecc65a7dba26496aa9011
archive/linear-duration-exploration/results/liquidity_shock-1729/predictions-and-outcomes.csv.gz,272568,2ae30b414d93565cad9cbf0ed4fda183a8de2bb618d366826ea791bc86035d98
archive/linear-duration-exploration/results/liquidity_shock-1729/reliability-120.csv,198,110680c391b62af2c47415a87b3b498e4276f5798166d57c77a2f4003c2f3c07
archive/linear-duration-exploration/results/liquidity_shock-1729/reliability-240.csv,125,290f5c9ec6e09b47f3095b473ee119392f86ccf58b60b48a8e4e8626402639cc
archive/linear-duration-exploration/results/liquidity_shock-1729/reliability-60.csv,213,e0828db89183d167a23a419b32b6031b519530a42a3ebe1a4344a7c91a256af6
archive/linear-duration-exploration/results/liquidity_shock-1729/session-losses.csv,2346,ddfe5af086372bd4b9f8beee89dfe5742511a12be775683a4d0593e9902f736d
archive/linear-duration-exploration/results/liquidity_shock-1729/trade-ledger.csv,83262,3a638c209d8521ffd6d6028acbdd5d5614187d002463ad0014b4828a0f09d00b
archive/linear-duration-exploration/STATUS.md,765,e397ee95155dd0ba1a3eeda0f06d0702c45657fa0d67c0bbaa7e79dc9b8f2064
cash-versus-futures-ledger.csv,13118,bd299e2c9901005e13a515737278267c741fa806baf94fce0117848cf9f1dd40
COMPLETE.json,81,6b016d68ea81d69af5e1ba5b194e29c38802d0bcb358cbf4267b82436fe04867
docs/hypotheses.md,8149,d147aa0b382cbbb6727568991401b273ca015d4c4d3673dbb9e4be02e4c4a3df
docs/provenance.md,2706,074033d5fd4b35ed7893d5b8d53c169a6ff4611c7756a52580b0bc9d7ce0fcb4
docs/reproducing.md,4902,6dcdada56f9867773a035b1ff1328769395c9a4c130e97ded1e591d7017784c0
docs/results-and-limitations.md,2740,1f4843ec38006f807e5c241fe7ab15da1df900c98923a28c6a2fa1c08374e190
docs/thesis-review/audit_saved_results.py,5874,0055dff84a5ff580362167359f5668d7b92e3c44c4bba69af69c87d024e25757
docs/thesis-review/coverage.json,38963,9e08622e145cd7fb0acead3764ed4a3ed89de255b6b3d0be272e53c5187926f8
docs/thesis-review/coverage.md,20722,c0dd31c1855fa94ac11b2a7d96618708f0828fb3617731527ae12fcd824c412f
docs/thesis-review/deployment.md,39712,2bc9a9e21ad32379bdd1d79415746629b2ba86e5a1ae32bff7b14d789cbe2318
docs/thesis-review/equations/equation-00322f646d38a4a7.svg,9529,fb9d256c78d59f623f446f402f8fd1a5709aec2507c8e1eb6cfbe898ab428a4c
docs/thesis-review/equations/equation-069519b6f210da9a.svg,9355,21d505b0638ddfce7b7a5815eb147bee94c8e3a0ae37f13c5c17e27f22fc63e1
docs/thesis-review/equations/equation-08bb154cdf960fa3.svg,6839,a7f4605a3c606f343613e9b5b0e0c2690bf7b88a2336002ebbfc656b174c46a4
docs/thesis-review/equations/equation-147a0abf97613344.svg,13127,204a52661ca8345d846c1ecc3ee4240ecc3fed4112a0988a8ba6b5dcdfb73d6b
docs/thesis-review/equations/equation-2b0b8be4d95578e3.svg,19442,70599994108509cd81c28f7ede10125645f596b7ecfb5ba9407bc2a7a38bfec3
docs/thesis-review/equations/equation-35a8ce90b46cc1e0.svg,11888,cbc1f255c232193b12016fb5812db01f9069818f686fff2b3a022217b78ec062
docs/thesis-review/equations/equation-6d8610f09cd3475d.svg,8405,69f4bf7101e7c81335694eab78b69706a97425cc2e13d29729546aded1ca059e
docs/thesis-review/equations/equation-874c4bb8485f27ae.svg,5657,056ec53a52f6e197374941773ae6797d76bc769b6f1d4823fefbc09a1a21be71
docs/thesis-review/equations/equation-a00ae92b29e93f0e.svg,10297,6fa3899fe355f7b846af9a2624fdf57811f7b98d20538e66fe839366ab2817f9
docs/thesis-review/equations/equation-b0fe54d1b9a8808d.svg,16762,1bd1b348f4af5a05dc5bc318725665c1f2dc7406de6356a53132daaf37306095
docs/thesis-review/equations/equation-c7e5af48c18dbfbb.svg,9705,7233dfc8d45071eef8d78655bf1c8c58ea87e971d9d99f0d68f13d593c9300c8
docs/thesis-review/equations/equation-d16a09461636ed70.svg,18411,045771cda0bb92735ca5cdc35312a967b43404b5ad1314e9a0ceda96a6577a66
docs/thesis-review/equations/equation-d462fdc165ab6c8d.svg,8735,385e572c68c5293f6a0b9c6b2d40d1d6c38f24ce3e5a5c0ce869353b338b462b
docs/thesis-review/equations/equation-e2fd91bf3122b71e.svg,10637,830ca587eaf3b61720bd3de6a2e8bf0b1797adb2cdccf767a1d5be49fd7ab0fe
docs/thesis-review/equations/equation-e96dfc04f9c934d4.svg,11872,cd0a8408de81301eeedaaaeb6556eb2da304727f5873686616f2548d482a99ac
docs/thesis-review/equations/equation-f21ead5699b84536.svg,13752,23789a113c1f9546644a8602cae2729a6b57f647609aeb63814966075d0c18c1
docs/thesis-review/equations/equation-f2dbd1c07deefa41.svg,13207,3f6f0bd582278fa49eceb9a88b046420f78d0ef463aca8c28b3818a561a3752e
docs/thesis-review/equations/equation-ff2d9852faf35bf1.svg,12263,4a2922630daa14e2bce85efcc07fe0fd50f8c683f7a6ef2ca6f5905fdc8406cd
docs/thesis-review/equations/source.json,2746,92f2bffebc8c66d12bce1e637b3062aa0182de4f74c592c728f3d942cacff269
docs/thesis-review/feedback.md,47252,bdf27f021e08621147e7c8e9a662cb81f26f3e544c3d08f3c5f97ada7d46c609
docs/thesis-review/foundations.md,41928,1d7072d506e6bdaba16be9c4cb0ca10abebc3c83c656a7cf10dd993c7f692c72
docs/thesis-review/physics-lessons.md,15074,645a2e00d4baf1c539d7b19e03a288ccea88a006d97d8fe9f32d3c916ac25179
docs/thesis-review/render-check-dark.png,123371,f610ee3f14734c8bc9613ccdddeb7bfdc605e247f8233d01f15d62a227f1fada
docs/thesis-review/render-check-light.png,122742,d78ac24ba736dd9c263ea70c54f7f5617d716459c60337ab59983fdc1573f894
docs/thesis-review/render-verification.json,2167,61cb949421390a7bb85910a1be07d4db78488fe806de1e80bd98f741ab5cd67c
docs/thesis-review/REPORT.md,46828,183944ad929a29bb58b0d272927087836935b86731a6e419ad2dd13c253f6b1d
docs/thesis-review/research-plan.md,20718,1182ef9f60d72572fd4e7bf87fe839a0cbbc49413bf10d63f77f896b9c1a66d8
docs/thesis-review/review-verification.json,682,6f7fad9a1fbad1799dcea34a5be359c61dc804bba945826605f90a87a7898a4f
docs/thesis-review/saved-results-audit.json,6221,4a25b2222cd021b4d5435535c7e6206bfa2550f10bc781f120289798367b29a4
docs/thesis-review/verify_review.cjs,3501,539992628f18385bf2b9dcee2b10cc123ae1875aaedc619076ed6cd8ba2616d3
docs/trader-use.md,14327,503bea68df0341b87737641763bed263347467599510422a7c2a8870200c2053
equations/equation-001be96eb7555992.svg,14454,7425cbebd2c3fa823e74e43775a2523d7df63433d280b2faff41f4e24d59b888
equations/equation-15d549ac48dd2c9e.svg,6630,54e3e136aa61a750453510c2c55202fac70c9c64ddc88ef0c48a0a293b1e9c3a
equations/equation-15f9b0799760c0cb.svg,19365,bdbaae505b9c8096ad5a25b7817a9a3279498cdfc69039aa8abce70ae7adbd0f
equations/equation-175931269eee61b5.svg,11315,ef32571f7bf06b3e1fc621523f5b7a3be7b4d930a8f8cef5220550d79de4eb10
equations/equation-260655e9284c7520.svg,20118,6cbca536866994e11f55982ba0dbb30cb07cb168b21664d5eee6db7da362c18f
equations/equation-34a959878ef724d5.svg,11454,e454f1a6409837eec9d641f9578d71ebb21ff7374e0f6619ae0d3fc3706f5117
equations/equation-4ed8cf9e91bcb1a1.svg,15151,d52026c7308e420c0a88dff25e4ec71c6c68644cb0e6917b6d8276e84a7f61f7
equations/equation-5655789a91169649.svg,19653,0789ea2d839a79e0a4cc29e8f6e21f68237ee368c872419dc07894a14fbd6843
equations/equation-5aa631a11283dbda.svg,7826,edb33ef59ea6e329ced66417a0c895bcd925f62639332f8f26ce19549317ce10
equations/equation-6f53cd7a753998cd.svg,8722,c98c7a70c3514624de908f83669178efc2db87c142d9921fcc011e840ef5f16c
equations/equation-715d97706023f791.svg,17102,a6aaeb90df08a5145aa7c98dac21d813d6088aa38bbec91ff991d8a1e1e8130f
equations/equation-7772ed00d37242c3.svg,8411,9d805604e00083968212068acd63c5e374b75250db060a54809681d0657767f6
equations/equation-7e55961980db7424.svg,11596,27bbf66dbf1a965e868f0fc8af07b0962991d6f4b52d433b0ccfb7df5a383b4a
equations/equation-7f376071bbc671b2.svg,18850,f258f23af75afaf59a5386a36d9324f323c23f88154079fb07b8520f58628c64
equations/equation-85e8ca0530209574.svg,6118,fb8e9d1605c3cdcfeda6c91e6c019522a3d0c75dbf725890e51bf988778282f1
equations/equation-9505c27cd29b1bc4.svg,12174,5604022244ee6952c45233dac00a7069f71a20e4a84024f9b0e71a9f037d699d
equations/equation-b4309a8046737b89.svg,10157,ad607fcfbb7bf49f75f38e471ab2d92c53ce9b65e1143e7cf9b490bc11e7b2eb
equations/equation-c0ef409ad64a9f9e.svg,7446,0e232df765b593abb0aff6a855c901b806a9524e78aa1626b0b3f876d24a2c24
equations/equation-c668088d5d21b535.svg,13116,1f18337fd1cc888579af8d6fb49faac7277e9eb181dcb86a3c92fc6946561ab4
equations/equation-ce02d2ebe18387f8.svg,10461,a1c0ae2f2c440a1e36c109396a59d24cba02c0d861a939301cdf76b1927a92e4
equations/equation-d4ddce48104edffd.svg,9091,c1a2be7f9d2cc16949fed2b21128fece84920800eedcfd31b1b8f1140c37a49d
equations/equation-e02217679993bf57.svg,17488,b309eff8cd2b3404424124b94533249b7cd3efdbf69733ff640bc53034028d54
equations/equation-ec5d863c4a8f8b65.svg,11340,f80ff20c1d631084f332330652d83d94d66ea9982aebb39c0d8d0b977e88d345
equations/equation-f9c7c6549c8766c1.svg,13356,2aaa95557795bec07cedd1d140c0c7c2dbd53ab0f5e7b981651bcff260358c75
equations/source.json,3792,bd865757cdf78c9aec2f048895af053c657d652d38d4c1d1508374db1b87c011
example-audit/rerun.json,931,b809ba08b5dd7ce4a4368150e01777373cfbae84cb9f31ee7511dc82204e2b96
example-audit/variant-0-arrays.npz,5284,15bdb1cfcb3cd76f0f4598c24d7d1fbfa15f1c567e9b7c78bc309debcb433ec9
example-audit/variant-1-arrays.npz,5284,15bdb1cfcb3cd76f0f4598c24d7d1fbfa15f1c567e9b7c78bc309debcb433ec9
execution-summary.csv,26069,475267df5bb62c5a5104c11a0a75d764e36db89113ed16e6d0c0add5b86eace9
experiments/structure-lab-v1/chart-workspace/chart-data.json,216293,50dc1df568950d91fa6ee3a1d594105c8963c8d330df326b60efca4796e791b1
experiments/structure-lab-v1/chart-workspace/data-verification.json,1657,c2e20b97d3859cca218eddb1567aa1c91ef3e0016e722dfc60e833f6cc10d94b
experiments/structure-lab-v1/chart-workspace/DATA.md,8259,e6b37dec3def05ae5fa0a1f750b4d323529dbd65883474899c39b340602a1930
experiments/structure-lab-v1/chart-workspace/delivery-verification.json,530,5caaaa2a3544a092bf7140d0bd527435f8298ae822e353b748193f73c125b187
experiments/structure-lab-v1/chart-workspace/desktop-dark.png,61070,6c9ef34a98006ed04e3a612ccecb42a07ba6e2259988363f0548362a85759936
experiments/structure-lab-v1/chart-workspace/mobile-light.png,52517,4cd1933d44bfd051b79827ee28224d8d67001e71d0e432e8df7bd93d5b7da62a
experiments/structure-lab-v1/chart-workspace/prepare_data.py,15148,9cdd012413855eba486ab20ac0594d77acc9a9da6629028c08576143df7f6a34
experiments/structure-lab-v1/chart-workspace/README.md,12422,efda773c4d33953d4142d8dd85a38daf0d1fc815843116ca9d6fce4f30424039
experiments/structure-lab-v1/chart-workspace/stale-dark.png,94958,c002c7e7cfc48e9f8216b78d0f966d54d2fc571028db939e90a8072c27c9ba19
experiments/structure-lab-v1/chart-workspace/test-runs.json,927,768960e257124eb6a1559f35f0afc31de22bca6379d2d14e73112be1a395cc87
experiments/structure-lab-v1/chart-workspace/UI-REVIEW.md,14831,1466cb0f18ea49e4dd944937c2daba92a1a04ea5ca0f06119909a7055cfb965c
experiments/structure-lab-v1/chart-workspace/ui-verification.json,4595,cd7da4866d2984057e7e05d97df5089f0005385ab13a7fafa81100f72312bc2b
experiments/structure-lab-v1/chart-workspace/verify_ui.cjs,12937,7210848d47feff22f2d4a53121baea75db50c007a9ff72b3659280cab139fe4d
experiments/structure-lab-v1/chart-workspace/workspace.css,5762,a486b7942310b87ca2659ae4c0b04d95be2ec0152976609375dbf1f03df469bd
experiments/structure-lab-v1/chart-workspace/workspace.js,19523,082ca4e56e5b6229b7ab5bd8aa7be650de440107c5cb8f47d9408b6c63587b62
experiments/structure-lab-v1/compact-indicator/build_preview_cases.py,1675,c1690fbc6484059c9d02c2fb371bee2b9455e18206056aede92ddbd7bda525d7
experiments/structure-lab-v1/compact-indicator/compact-preview.png,29320,d7a115e1a22bab21f613765f7b1cb9e1ea3bd7ed9541ec8d37c3a1aab1f592b8
experiments/structure-lab-v1/compact-indicator/delivery-verification.json,531,151d1ba744c9df578950045189d156d1fd7205a6e5345213ed871038fbf4345e
experiments/structure-lab-v1/compact-indicator/equations/equation-1e7a7b027749f12e.svg,8259,0ec683f4e0522878059904f6e12675b1e7bae87722a9206bcb95128462486056
experiments/structure-lab-v1/compact-indicator/equations/equation-70d52ef387501063.svg,17222,572d7df5ff7904cbbd8ec1f8b375868a3374b7059dca6f890f5cb9174c0cf8ba
experiments/structure-lab-v1/compact-indicator/equations/source.json,417,c86b120415f0392fb43bfd586f2b3c73286395ec0e7676c33afd94b9b3d13231
experiments/structure-lab-v1/compact-indicator/example-card.json,1354,13acfd7cb67bd822664057a7c5a2234f7b1f5eb460300cc2f99b98ec581a9f3c
experiments/structure-lab-v1/compact-indicator/indicator.py,7469,d2530f39d08319812f094634d36c0c356c91dbbdbc169f08eff23a89d4d235d0
experiments/structure-lab-v1/compact-indicator/logic-verification.json,3285,c5c2f19956461eedcece180d2551664462d0e0e292bb0ad3f3f536bdac5861ed
experiments/structure-lab-v1/compact-indicator/preview-cases.json,7239,49065f3dbb800aa579bc45f1b61082d795221552ef631f2f01063e4e63408eb4
experiments/structure-lab-v1/compact-indicator/preview-verification.json,1199,b7b29035f0f15e0e595191af2b0a96222c550e857912a356dc8843a5454da0d5
experiments/structure-lab-v1/compact-indicator/quotes.json,7819,b5f14b2c0d1c778d9d655a5264f42acd3d1d33550852a788825c1df27c611f97
experiments/structure-lab-v1/compact-indicator/REPORT.md,12637,ddbb5959b155e5988ef1f690512e4676c6bbec2318599fcbd59954bd9afb41b1
experiments/structure-lab-v1/compact-indicator/source-dossier.md,9417,9f2ade10a7eb97ff37a82e67337e2fa854f9b25f8f2d4ead5c36fcf98dacd3e1
experiments/structure-lab-v1/compact-indicator/stale-preview.png,17132,617d5c6b42c312ca9c6200a86b81de0b5f4ac3935552c421f40b5a3facbc4884
experiments/structure-lab-v1/compact-indicator/test_indicator.py,6253,44dd35e396efa67987334e4932ba509286d9c2ecf58ad894339dbd52afc561ed
experiments/structure-lab-v1/compact-indicator/verify_preview.cjs,3712,cacee3b810b46012aef572ccc9d7feb77af9f79fd68e04fce33e2e599f0938ef
experiments/structure-lab-v1/component-audit/alignment-forecast-summary.csv,836,6127aafe48e8b0b10fde1ee544f6a125641a6c50ac60882a0cf7ccd06a3c5669
experiments/structure-lab-v1/component-audit/alignment-forecasts.csv.gz,387856,1bef51cf1205232670b4e5c87642299bbdeacd796be635c8cdea548757e4ea89
experiments/structure-lab-v1/component-audit/alignment-protocol.md,1076,efebd8d2820dab6c64a867f129d43365ef1302b886e7f59b2bb1e6b7ab62ed78
experiments/structure-lab-v1/component-audit/alignment-trade-summary.csv,578,456aeaea77de121f0eda32772a5368aafe964e8eb5d6318a09b8495f0e67b0e0
experiments/structure-lab-v1/component-audit/alignment-trades.csv,36486,cdd30e106f88c8504779fcc8a80bdf86c91d471ededc5ae329d7f59bbe5249dd
experiments/structure-lab-v1/component-audit/alignment-verification.json,1334,a6ccad734054a6221d553c5fec0a7e1e11c0db4e26ee9687f33923145f395c38
experiments/structure-lab-v1/component-audit/alignment_audit.py,3436,5764abb916a53f572764812dbd8c5143a87ad95496976de9be14b2e5b9080a5a
experiments/structure-lab-v1/component-audit/baseline-comparison.png,164841,79e2757a0707157f340201ef2ea24bc1a63703148ce728c7438c22053578d359
experiments/structure-lab-v1/component-audit/baseline-paired-differences.csv,17840,218c739f21da9edb21597f6746f14ced4d519111ab004b79d0653c97d9065be5
experiments/structure-lab-v1/component-audit/baseline-scores-per-origin.csv.gz,443155,3a25ae648359dd23869d1721a1720ef818af4d3304fca16e489ba94a957f699e
experiments/structure-lab-v1/component-audit/baseline-scores-per-session.csv,49534,8650809fcd1d0cd746b0dc0df72586bd3e354238dc216822771509dd1ceed202
experiments/structure-lab-v1/component-audit/baseline-summary.csv,5438,6d7a3933cc3d70d3042fd24180f540faa6ce79088797d27240ba0702b1f694c3
experiments/structure-lab-v1/component-audit/cal-path-mixture-weights.csv,516,b77440027ff1d9244bd9718a1592f8f773c8d6e7645ba0fb0f8a0ecd5a9b5106
experiments/structure-lab-v1/component-audit/feature-columns.json,5045,95e4546ed92224b1f56ce01dae153c91d57d6d104ab43aee31fb2f40e638875d
experiments/structure-lab-v1/component-audit/fitted-baselines/1729-120-clock_only.json,219210,d5183f1deb58c0c6b226c1642c88b14e8e39745c818507747e88e4922c3dd862
experiments/structure-lab-v1/component-audit/fitted-baselines/1729-120-price_only.json,221940,6c002af3b85e4c3a63fb20da2769a1b72fa116086276b6f40929fcca0e082248
experiments/structure-lab-v1/component-audit/fitted-baselines/1729-240-clock_only.json,212163,b03928129b77613febebc5380ea48622bb81303e991c4ebcf203e55fc8b7335d
experiments/structure-lab-v1/component-audit/fitted-baselines/1729-240-price_only.json,227553,5a08039ae4d1523c10b02d8eac263fb76d13ac361dd64ac60d506a6d02d6ee25
experiments/structure-lab-v1/component-audit/fitted-baselines/1729-60-clock_only.json,227836,b9385cc51a61e582c0bc272ada7f06d7a658b831743c1bd24318840866985d11
experiments/structure-lab-v1/component-audit/fitted-baselines/1729-60-price_only.json,229594,e6f5c74cfd7f3b1137af0fc08b03c7bef972ed08a126ae98088b3aa7338fb372
experiments/structure-lab-v1/component-audit/fitted-baselines/2718-120-clock_only.json,222024,e07bb0af78bc394a07903ac4d41a1af1f946d0c2d3870ef54b3866ce5b89db44
experiments/structure-lab-v1/component-audit/fitted-baselines/2718-120-price_only.json,229724,8c7c43c9c20a7b9b48f3e777d5e1da8d1846a2fda6ca0621c6fdcb87cfe6309f
experiments/structure-lab-v1/component-audit/fitted-baselines/2718-240-clock_only.json,210665,c45d5c38373cd7cccb44a4bf764f2ee2fc5cd97f8b12778d7ba239ccbee7a2c6
experiments/structure-lab-v1/component-audit/fitted-baselines/2718-240-price_only.json,224845,92f7491de6113927eaa965a5fc19e94bde38d786c877b86e2fe6461b49944b37
experiments/structure-lab-v1/component-audit/fitted-baselines/2718-60-clock_only.json,227250,ba85dcf361a46ad39e6ccc2115307486d17e10c465adf6428cff6ab902d93c24
experiments/structure-lab-v1/component-audit/fitted-baselines/2718-60-price_only.json,223375,f182a7a34bd12242f261d16c1d1d615fc690b999ee8719149f51f3bfe7e4a3ac
experiments/structure-lab-v1/component-audit/fitted-baselines/3141-120-clock_only.json,223479,e1910b6dd0f20293e5c72814188916eed1050cc2b0e48eb9cd1030e8f3f8b04c
experiments/structure-lab-v1/component-audit/fitted-baselines/3141-120-price_only.json,229072,9c6579a98070b13bc9b65c45ebc9fe065a05af03fa8f7acf1ac3c242d7a16b88
experiments/structure-lab-v1/component-audit/fitted-baselines/3141-240-clock_only.json,212469,e2a563843c99a4f1f74d72287fbf65955f7cd27670c1d9b579b2de3889bb09c6
experiments/structure-lab-v1/component-audit/fitted-baselines/3141-240-price_only.json,220115,c52feec18ca086d049e14146cc507119a7704b41a32713b8ee9f6e5971123f19
experiments/structure-lab-v1/component-audit/fitted-baselines/3141-60-clock_only.json,226530,3a41ca5f5e38411f7d56f27ba18cdd57efb20639ac9c06edc0d58345c2a68d50
experiments/structure-lab-v1/component-audit/fitted-baselines/3141-60-price_only.json,224765,0df717c0ee3de5570e6dff2fdf1af8da09f5a9f4a53a8b17b6a93f3498ade7f9
experiments/structure-lab-v1/component-audit/path-attribution.png,80263,bcfd8934cb781ea5b728e04ff5ae519491dfa36eb59f69af2a9cb05c82208383
experiments/structure-lab-v1/component-audit/path-paired-differences.csv,12285,5d05c181c747ebe4b0bbc993a3c9435aede76a0050fe946b35a273d1ee0d9baa
experiments/structure-lab-v1/component-audit/path-scores-per-origin.csv.gz,652186,266f4a409e88ff71fa590556affd8c5b0e0abba00ea559d3bc2e4024f871cac0
experiments/structure-lab-v1/component-audit/path-scores-per-session.csv,28943,7fab8ee2456ff29b9389327840690f386da9fa71065eb3c1e2c8c61c17a7d253
experiments/structure-lab-v1/component-audit/path-summary.csv,3563,b4f8444d87fe1d4a937fc909730479606167452a3ebf76f1ccbe0803fc44ff6f
experiments/structure-lab-v1/component-audit/protocol.md,3605,cfc1c1026a697b671e3b01cd920df700888d8dd06de3687f6f00058c90392a3d
experiments/structure-lab-v1/component-audit/README.md,1673,3082a179846232be9ccf70a89863a09af61cf294c10011b962d06d5d512c20f8
experiments/structure-lab-v1/component-audit/report.md,11193,26edca8a45e66b2519074464ca5b47a1d35338b177d690e9fc6eb3c81ecf1ba9
experiments/structure-lab-v1/component-audit/run_audit.py,16055,21372eeeb026a015d417897c894b18be379cd70c75e98837498a0163220d65c7
experiments/structure-lab-v1/component-audit/verification.json,30056,dcdd43be03f16628a82da68d65e45bcce5b775aecf9ab843114d4d1936660469
experiments/structure-lab-v1/docs/fractal-structure.md,21926,f82242eb1f29a648b89747697ba97ad3ff979bb59fd0afda9a69d9fcbe13c6a0
experiments/structure-lab-v1/observability/audit_independent.py,7425,7c83fb49de3aa9ac75b396404e5a3d3f58abf7703011b5f35fa5d6ecde8d800d
experiments/structure-lab-v1/observability/equations/equation-49b6365a8ec8ab20.svg,11702,f9d9c182d3b351b8caecd69265bfe7da56384e286feafc9ea333e1e8c69639c5
experiments/structure-lab-v1/observability/equations/equation-71c74ea9f7fe37d8.svg,11140,e4e747b3870880cbcf6b368f70350f2c6f9ae99257dd1c6aef3668ba6d0e16d2
experiments/structure-lab-v1/observability/equations/equation-73aff6ebb818772d.svg,11668,3e209ffe6d62d0cd5e5576263001a5c5ee380182474fdd997ed7896436914594
experiments/structure-lab-v1/observability/equations/equation-ce295e3f59c582a0.svg,8488,6972014e319e788d322d571b654c3f7d345a509d1a61ba3fc07a6889513d6f25
experiments/structure-lab-v1/observability/equations/source.json,593,03b1b227919d5b9c90ad70d2a19343215e3436012069aa918019730884966760
experiments/structure-lab-v1/observability/figures/01-observability-gap.png,96087,63e48f116625aca9c830fb87e3b6ab84199def3ca53c78de0d39afcc87dd41b6
experiments/structure-lab-v1/observability/figures/02-observable-twins.png,168572,234429b5a74ecb0f0433da2c1f0b350d98917941059e846884296b9344638796
experiments/structure-lab-v1/observability/figures/03-martingale-control.png,111907,e3ff19cc439fac405ef4a39e8dae501981a438831713443aa08d67a4f211687b
experiments/structure-lab-v1/observability/independent-audit.json,4730,68699ddd3aa985b9b5123a0ab05857fc05d63f998e1da980bf769b2f27fa5f90
experiments/structure-lab-v1/observability/independent-audit.md,7514,057f8d9a6916967f687c3df56e02203d15695b843509dfa9402fe188215dbc72
experiments/structure-lab-v1/observability/protocol.json,3317,50518dcbb6a1d19ace1e0aca9bbc28dc31ea7ec3a0c3428f992eb22cc0b821e4
experiments/structure-lab-v1/observability/REPORT.md,10469,f23ce158ed7eb773a45f5502e0267d19c5ad3213fe4548f76723833d29ce9ecb
experiments/structure-lab-v1/observability/results/cal-worlds.npz,614096,730a50402ef43264cf2c340ced211925715a74970a0d91b77bd9b2ab167c9f0e
experiments/structure-lab-v1/observability/results/COMPLETE.json,187,98240ce41789709574e2023b5ac2039640d30724574b9a3905e5dca70d6c21a7
experiments/structure-lab-v1/observability/results/forecast-rows.csv.gz,12075052,0545c29a004ed5231c1afe16340765560e9c2571ff1800b6b746bed79a44124e
experiments/structure-lab-v1/observability/results/forecast-summary.csv,7520,dde114125c8954d65e2017a98ac75f1565333e6a75c1fa8e5419b4348dd21654
experiments/structure-lab-v1/observability/results/martingale-ledger.csv.gz,412816,ea9d7b49c0f5ca326345308f2ff91b779bd47bdec97629ea1877ed1310be3cdf
experiments/structure-lab-v1/observability/results/martingale-per-world.csv,271022,f52fda869539546afe29adb04b0efa051195a53c16ff9d9f1c9b2f4f5de1426a
experiments/structure-lab-v1/observability/results/martingale-summary.csv,830,ab2bc933a70a52a8d8fb4b3a3db26d995b4c29a2978743534213b751b36cb7f8
experiments/structure-lab-v1/observability/results/martingale-worlds.npz,325979,719d18b87e1d1eca938df8f542987fe90eac902601f8509d6cecd6f445e38ca0
experiments/structure-lab-v1/observability/results/paired-gaps.csv,4330,f431c1e57fa1ea32f05f77072a900ef7d730080e18800e174b9c0ffb2a7b144d
experiments/structure-lab-v1/observability/results/per-world-scores.csv,591611,62c608f4d037716b3351a96a354ebe57c58edfa2f80bff06001c6c7a4350e76a
experiments/structure-lab-v1/observability/results/ridge-noisy_current_proxy-120.npz,934,d4eca8b51a5f1d77c41529a79dac7f3909842df615bb5cb6d36e8703b67370df
experiments/structure-lab-v1/observability/results/ridge-noisy_current_proxy-240.npz,934,96841a79bec8d55181cebcbfd839fc2fece60c440ebf0d044465a7cd9f41bbfb
experiments/structure-lab-v1/observability/results/ridge-noisy_current_proxy-60.npz,932,0db0b3640d6d2aac15ebb9ce1f49ecc37bad60c0f558d25c563e81ab57ea399a
experiments/structure-lab-v1/observability/results/ridge-precise_30min_late_proxy-120.npz,933,bf4095e2afe31e63ad0be26915341ba3638685faecf7d07e4d0b2f2c47a5d9c1
experiments/structure-lab-v1/observability/results/ridge-precise_30min_late_proxy-240.npz,934,9f6180c0d74947bbdd4a2e84d2e113c66cf975603de98164a81dc8775cae3830
experiments/structure-lab-v1/observability/results/ridge-precise_30min_late_proxy-60.npz,934,12cb17ab6f5f40c43287faf00987563fa18fec641801e64be91d821e59f3cc46
experiments/structure-lab-v1/observability/results/ridge-precise_5min_late_proxy-120.npz,935,627c8e999f25d164c48f2862d2c2d3e3cdf7fe4dce9e4997c09fcaf73e688659
experiments/structure-lab-v1/observability/results/ridge-precise_5min_late_proxy-240.npz,933,f0d6a19b1739bc0e219c05776983e23ae2f599a9b5536837cf9b2985ee20a34f
experiments/structure-lab-v1/observability/results/ridge-precise_5min_late_proxy-60.npz,934,d2d186f9641f5237a6cf2863e7ede832789a02e7ff81db4bcb24db297ef0a557
experiments/structure-lab-v1/observability/results/ridge-precise_current_proxy-120.npz,934,03fef48807119a43844039d2739690e6eefe4471bc23ec13c42829b3959a7f71
experiments/structure-lab-v1/observability/results/ridge-precise_current_proxy-240.npz,934,15f5ebc9260f2b27b7820df11a76eb1a0de573ca43cff0c484670f027353ddf0
experiments/structure-lab-v1/observability/results/ridge-precise_current_proxy-60.npz,933,1f70c8893a3e0ba3a5ef7adca3a72f495789ef676f68b78e1d69ba266d666233
experiments/structure-lab-v1/observability/results/ridge-price_only-120.npz,908,f1d34ffb4a9c9c846f0d4d5ba1b184f45779b8496d2874f02ecc41a4e1691a78
experiments/structure-lab-v1/observability/results/ridge-price_only-240.npz,909,091392ec0e502756d7e4cc1e819530e2b7e07c619d7821b1e6335aa39ddb2f11
experiments/structure-lab-v1/observability/results/ridge-price_only-60.npz,909,de12203f1175e44640022d3c94bd743bbe2a24b19b23b65bff3ba06caddc119d
experiments/structure-lab-v1/observability/results/test-worlds.npz,2452575,323b8dff12864d4da900c8f55d8688028379e6e390874234ac0e9ef6c6902893
experiments/structure-lab-v1/observability/results/train-worlds.npz,1839663,d72f6a6e316b8809eb8ae3d53d96c19b8d8a5c90db0016f6dddcf294b3f669f3
experiments/structure-lab-v1/observability/results/twins-verification.json,420,f91af0fded64451e30bbd4536f6e18731a3497139268bba0a4f79316c2b6b4c3
experiments/structure-lab-v1/observability/results/twins.csv.gz,4591346,93bd46ff35b144f5ad56a486fc56120d3995776d4c2f0a947c73eeba9395561a
experiments/structure-lab-v1/observability/results/verification.json,1872,0269be13699115402fbff97de485edf2c317332a1dad7702448d49461aa88d72
experiments/structure-lab-v1/observability/run.py,19659,950e2bb547926b35aa1d517bbfc518d37927d7efae7557337f8e1e895582faa7
experiments/structure-lab-v1/preservation-verification.json,639,219b2e7671e1434801d251260c223805766640788203481e64cba72e8f71e40c
experiments/structure-lab-v1/README.md,15254,8c06d749e09e0c274ecf1532ed3adb65f11c1924f8c91057f784141d01f03850
experiments/structure-lab-v1/render-check-dark.png,111947,95e9c5e87394a3c96bbf2464a73b4af2fe77919b87922aef57b7b091066dae77
experiments/structure-lab-v1/render-check-light.png,111533,5ecee1a2b675e113dc4378ea16e354dc911d0c1715d432703a40e80788fabc48
experiments/structure-lab-v1/render-verification.json,4723,c368399d201564ab94745549a70a6d0124f8349c2922f0597ccacec9310aa29b
experiments/structure-lab-v1/trader-view/build_snapshot.py,17527,9e90f9b7fc24d447f3ef6bdabb82e4fd3486cf1b08105438b9a10f7fd50a8171
experiments/structure-lab-v1/trader-view/horizon-forecasts.csv,1568,55f77f1e91d785a1e6503be1cb9d3d51e9621c2dd2ea6afebf784fd3ed8c65f9
experiments/structure-lab-v1/trader-view/snapshot.json,6402,438ac8d63e3a4df5d69a17a1fd4dd342dd1adf069a5935705b2f700824a3e45c
experiments/structure-lab-v1/trader-view/trader-snapshot.png,462788,7b8a261846313367255b8c8b912d380ee8d913771c77c38bb98df2f3556f91e6
experiments/structure-lab-v1/trader-view/trader-snapshot.svg,218539,30f5763d93126398eee8c0ab2bbdbac311e4649e389d3d0e95f8b0258a1547f6
experiments/structure-lab-v1/trader-view/verification.json,1379,be0a82659da1bdd587388ddf55a24d0dc8c54685fbef9fcb31102270e6311ff0
experiments/structure-lab-v1/verify_presentation.cjs,3862,0d4c355d9eea6907f7ee531fcd062cf24f25fcda995e48ea346733b5c24b4d36
feature-correlations.csv,1083,452c24df9e97636fdea4e25019947cd3db498536bc1feef7ff9ef28724d5235a
figures/01-experiment.png,94886,c2b5ab92335539a1fd300eba9fba508c40b319974c0d73eeac6e08a3b87b3184
figures/02-split.png,39568,f78926179de36a0164d3e541ffa9b87186fe909397ff8bcd17e7c5388f587cbc
figures/03-first-session.png,465335,0f744174a7145d5603f710c1baaaa5c696d2fcae0ff7db5c20342aecb2864e26
figures/04-all-test-sessions.png,236183,0a3af755e38a2e1dcf421c4efc1306557d3f1302ddff05dfee62c3ee3207db74
figures/05-market-diagnostics.png,198940,ecc85ac91f184855f6d3f413b2feb873f7c53083a48c2245f0c7b181e887397c
figures/06-feature-correlation.png,125584,57b8eaf2bedac7df342fdebbbf8afac65e037c0dd2b5e789544d8d30a107765d
figures/07-transitions.png,118613,aff6947982d894aa38c18522b017fb8d83a9c2e87f05104aab564ec52e1d72d2
figures/08-calibration-weights.png,66885,1a47d7d101dd153be3efd2b1aa71f471380274bd15a3a2250abc6031604ca894
figures/09-forecast-loss.png,108470,bb02940f1208f03e335dae4b4fbf62bdf1d8da7b488cd93ba2c871edf4ecfb2c
figures/10-reliability.png,121689,0b3bad773ea155f1aed7fd7875ff2dd16b4b65590e663e77dcf8cd7554b8df06
figures/11-interval-coverage.png,89102,7153179fc299f21dbe1e3fe8712e1d3a4f4bc15bc0f4894b6e1a863952cbb639
figures/12-endpoint-forecast.png,206336,320927dfdf870aaaf50fd373d659fa80a76407dfa9fba09017882ea0d24f1cb3
figures/13-path-risk.png,90398,b415a969f4cb532e92047147d1ca331acc627e14139cb83d2a04bf8cf480e662
figures/14-path-fans.png,200675,ab7a99edc76707322b7720fbd6ee362a11da163489e003956c811a47249aae44
figures/15-execution-stress.png,104521,18911de400093d3a54d898e920fbd0d0c8fd8b2a26f7fd485e7a819dff0424f3
figures/16-marked-pnl.png,363177,a18f88ca42b2a82d841286783754efa434524fef9fdb325d869a2c8c3a128caa
figures/17-support.png,136743,37d8254f55d37ffecfd2ff07dae553f1f404904affe55658dbe8cfdaab3a8050
figures/18-data-availability.png,83852,bd89b2229f5957bf27b0c78a174b5c182b11995cff4a3c30b5ee9c0550fadbf9
figures/19-example-audit.png,89602,6ecc56b82b2690854ce9702b9f6df0fc5e73c4faf4d035a061648e4c944e2b61
figures/20-indicator-buckets.png,148526,b9aaf3741c72b876ad2aee0fed8b3594a9d1f5b6943591467e2daa7df71b8662
figures/21-zero-curves.png,205130,147a917274dd2615284c1a8565fa3672feb891e5ccd9150a01e383e9c6765c69
figures/22-risk-units.png,90724,37958765e27409125db1d07857ebf71277f11cdb4a38d4dc0d1e6d365aad9178
figures/23-delivery-basket.png,181684,795d4b88ddbe62fb9a6330bb765d3cc2783819f05bbc032c0ce7fcf98b059c7c
figures/24-context.png,198946,27e6e7445a15daf2a0525e43bfb2321674e08b0347cc1230a1016e2a26bf47f6
figures/25-cash-versus-futures.png,51469,4671aaa1ab00966aa5a729de3a2d5ae42b2ca990ca343cd440f16914fc86ca05
fitted-weights.csv,1865,bd4592a020e36f546adee5c394bf59f2f1949d03770853ac1e50684a9b399e84
fixed-decision-path-fans.csv,35503,dc005e85ba29444dde99e3495a34808b12a7258aee1750fc3179935805028c2f
market-diagnostics.csv,4525,ae7a38672c1fcb582d244b25f3876bae384d070ab38e48ab0a92070a248529f4
metrics.csv,11762,526061836f156be7793c02871f34ecac1ce4e4ad7c78e7d4192b0ef7cec351fb
model_snapshot/momentum/__init__.py,574,e120911e7b8e90b31557555fb20b6a96799314f713ecd88c4e9086e03a7b6cbc
model_snapshot/momentum/cli.py,3048,0017fe915d0c582999a76172519a9f0aebed8570252a6bf902cff36d990fbf19
model_snapshot/momentum/deployment.py,7578,f3fd7ec4a2d2e9bb1ec2614da3a2920d7dce7123eb132eea30e42e5e2122ac8c
model_snapshot/momentum/execution.py,4373,36f6709e4577106f3fc2934a3ef4a5ff12240366a8bd0925e7919c31511fea7b
model_snapshot/momentum/features.py,25875,28afdb1beb6566ebb59b1bc30b450be24c53c9eacab27c4fe665a546b0d1f06c
model_snapshot/momentum/model.py,31039,36ee962cc3b5d68f06e6ca09ac7f7f932f595326e8830359a0eebe48b4247d71
model_snapshot/momentum/scenarios.py,19782,c42274671efa55fc03381c206c1e4d2dd1de64c6374ff929ce35a42bc8cf32d7
model_snapshot/momentum/states.py,8936,3e608b74bc6d4edc0e440df3cd18672c74e447fbb84099d150c3cdf4609cc571
notebook-verification.json,110,29dd6452d5a17f2200d2ed8fd775330240f9652fd810e6e6fc58c7f67a577b17
packaging-verification.json,557,eb31729a10651a5e8fad17d0db937a808bd1c8893ab83046840a10b752b9af7d
proper-path-scores.csv,3868,2e37fbef93143dfb2ecf841d91eca2cb0db66e8698a2651782881525299c041c
protocol.json,918,79d217c158424640a65f829aea1c9c4e7e5cbad7f64c85396a966b9425695450
README.md,4160,8812a5ebd329c0b739752fc89b176492d18bd5ea067530042bc51ae70903e23c
reference/provided-example.ipynb,51274,b3539322f8fabae175df108f9f73f49cca23423e0c9df860e5a5d5600466844e
render-check-dark.png,165628,0e39eb10e158b42e8b1e40e73e6637a1a5913e9f0383d1453c881bdc26077f1a
render-check-light.png,165372,ef00ff29b51a036ed833cc3dbff0bc17134e398665df6c6068009dfb3bf37268
render-verification.json,217,4a26857a1a9cffb0be0b917493233c7a7b7c117aed7127b4b639bebb49d8d433
REPORT.md,67107,e75b9fd614395fca2747d29b355106c22a2736438ba91862229f493d3ec6a6d4
requirements-tested.txt,80,33587ba30104aea8f39a6e87bb30aff96b7613feaad6dd3b7ed8672737dc1a74
resolved-config.json,1245,62231200ec234fc10a03777d191975790d6f5cf27f6dee54fb3978bd3b958fde
results/base-1729/execution-rejections.csv,51,77f4125f786fd2eaea076011d536c5da23eb902186052174f1e10af178986dab
results/base-1729/features.csv.gz,6308615,bb18c2b5d329eb17f4fc35f8fd4b7fd9961f35a15998ecae19967cd7ab74954e
results/base-1729/frozen-model/bank-120.npz,784722,01584138cba7d4a85f49f7f74b6ccc7a0cbce07c395a507d7b5398ea3c638e04
results/base-1729/frozen-model/bank-240.npz,687179,8cf4214ad56994b37defc1486a3f8ba94f58888b2e3af0960df4ab34cd6fdddb
results/base-1729/frozen-model/bank-60.npz,699926,35548cbe8660fd184a9815b5a3b6ed981e9ab31b14a9f10c0da937401e255140
results/base-1729/frozen-model/deployment.json,174012,0eb830139c171ceae42ef23ac4ace38fa12fb82c8c359728baa7cf16494732b9
results/base-1729/frozen-model/evaluation.json,4016,071d13efe6cf582fb73d1b0fe6b2bc38c553d4fb3a177aa1d74598257006abf9
results/base-1729/frozen-model/manifest.json,7431,92a2afae705d50f9c6b5710fce265e6c8358e184b06f0838436b4f1a0fabe6d0
results/base-1729/frozen-model/per_session-120-local.csv,597,6ccb57bc59de316338ac22f61cc5764369a46007d0d19495af27c950dbd4478e
results/base-1729/frozen-model/per_session-120-mixture.csv,599,ccc476c1e80601621d97ac28f7a25ec5d79e97ba4bbac32998c3e335eba5dac1
results/base-1729/frozen-model/per_session-120-structural.csv,598,ae899f63659a1012283aa5783e4bade78fa621eaed21497283b889cd32de3260
results/base-1729/frozen-model/per_session-120-supervised.csv,602,fbe06d9860fd205a4e213c5f5dcbed7fb096b25f0fbdfd39ddb9fc7d76ef0b88
results/base-1729/frozen-model/per_session-120-train_frequency.csv,598,7d25a36e78de1e443f7e3154f0317b02bbeea28f2a0080bf99199454ac51f64b
results/base-1729/frozen-model/per_session-240-local.csv,598,2630d850846fb1928522ff66ad5e75d8674cc7e9be7dc906a925f6d85a9ce703
results/base-1729/frozen-model/per_session-240-mixture.csv,597,f9613b50c2dc8b3fa075eeab98cd14c2f7806cdb451bc8e883621e9ad99082ad
results/base-1729/frozen-model/per_session-240-structural.csv,602,463965b1d2eea06c819d027fad5f65493e48377ab3bced4795a817fa0600d366
results/base-1729/frozen-model/per_session-240-supervised.csv,596,b26f6218aa8120cc466bb5cbcb053edf62eceb07cc3c3798dbd0a5c78481c7b6
results/base-1729/frozen-model/per_session-240-train_frequency.csv,593,412815e124d89515f5ee9c8eeec67d11cf640337167f145c7ebe8e1d6d70ecd5
results/base-1729/frozen-model/per_session-60-local.csv,597,cda77d3a438770a5623bec3d25768bfb518b4583b1be5633175e6fc5469fc886
results/base-1729/frozen-model/per_session-60-mixture.csv,602,5e0f56c22bf160306bf47d308613ee30fa6259f2e53824896fab10f10a077c9d
results/base-1729/frozen-model/per_session-60-structural.csv,598,f15ce17aa06b1227fa1beaee4bd5b736f35e4cb1b5c8dd2e80582d09aea01cdb
results/base-1729/frozen-model/per_session-60-supervised.csv,602,e1f957c87111ed93aa3f107a5c366abcee350bc5d9e79be60cbd3071926ec234
results/base-1729/frozen-model/per_session-60-train_frequency.csv,598,30de97488af6679df8f540e99f4844dd1fb208ff72d8517039c0f89c2e843309
results/base-1729/frozen-model/pointwise_losses-120-local.csv,45325,74334aa62a73b3de968927569fef67ccb74155d4cfc5a499c6f6e29fa539bece
results/base-1729/frozen-model/pointwise_losses-120-mixture.csv,45445,74f236a2a9b2fc163be1b8bb2be3efd675abfdb335221fba5c57c2db1c41af49
results/base-1729/frozen-model/pointwise_losses-120-structural.csv,45350,7cbee50fbb4ef4d71bc28996d462503c06f6fbaa7f06e4b7182997c4e4eb26c8
results/base-1729/frozen-model/pointwise_losses-120-supervised.csv,45436,8a8796896342749a5363be4b5d664f2fc8fc00aa8c6ea600af9599d6aaf9c54e
results/base-1729/frozen-model/pointwise_losses-120-train_frequency.csv,45643,c48480e2e9ada21d23e083bc3faa6d0351a859fa894b521b1297fc20b714e47a
results/base-1729/frozen-model/pointwise_losses-240-local.csv,27220,f32d7ddf872afd18019591ff5c57e241948a5437917c36b904e0f50cc1e407fc
results/base-1729/frozen-model/pointwise_losses-240-mixture.csv,27213,1f44f3396ec023bdcf80a853066f2fc8bd99c75ac983a4926b9e6e4b8b06f944
results/base-1729/frozen-model/pointwise_losses-240-structural.csv,27199,d797fee8fce836bf1caf4ccb391315b58e2e5d8fbbfe514b054080b5a7726dae
results/base-1729/frozen-model/pointwise_losses-240-supervised.csv,27197,0f6f072afa9e350c79d37ce4f7e80f0ac050fa14044cd2ed0a1251da31d2c759
results/base-1729/frozen-model/pointwise_losses-240-train_frequency.csv,27026,7f0b84980af504e78c6eeee00d0d253dc162d64576df84ccee908d78e3c94204
results/base-1729/frozen-model/pointwise_losses-60-local.csv,54391,9c87f87df56b8350bd57b6e9b4f2907b9d6949e3d5b0d22e84653240aadea505
results/base-1729/frozen-model/pointwise_losses-60-mixture.csv,54550,2a2e32434b62bfd6bcca1e3b365f60e451e121c2476d5023a9d529319dd9d9c7
results/base-1729/frozen-model/pointwise_losses-60-structural.csv,54429,a49685d1bae7d13569ebf723c2fefd73793e2844e8ee2494dcb5fd8081aeeb52
results/base-1729/frozen-model/pointwise_losses-60-supervised.csv,54548,91866486c9d4c3cb531414d30b094feedc235cd2ea5df0e0aba8d2ef0151ae42
results/base-1729/frozen-model/pointwise_losses-60-train_frequency.csv,54255,53f7f8d97811250b089ff2115f1bbb1a26c55ebc81fa5a5c15a3558368f00508
results/base-1729/frozen-model/price_head-120.json,232268,cf93d55244f6232e39ba1fbfd42e99abfb5d14b6af74ef67455de60536e1fe09
results/base-1729/frozen-model/price_head-240.json,229868,c3741c7d38d1c05e7935c4cde5b3cec06f25825ae142f8eb85150d4783910909
results/base-1729/frozen-model/price_head-60.json,234791,a067a39b3a31857c0fd56e7616e97cf2f3945a8cbbbfbe4d162a2a60fb7befe1
results/base-1729/frozen-model/reliability-120-local.csv,71,a767a930136914abe3761ee21b7cb9f1c5f48f3ab14f5662b6caab23a8978972
results/base-1729/frozen-model/reliability-120-mixture.csv,177,81be384ec2ec26e15f2dd78fad910f86fb45588727d927cc196080ae183183b5
results/base-1729/frozen-model/reliability-120-structural.csv,83,2e50498ba195220f7e889234e1954e9318ed70a9c396ea9bdf973492a56b6458
results/base-1729/frozen-model/reliability-120-supervised.csv,209,2c9586e549e0708d08dfd57fad871cdc04d9879761f3461ea902c9dd6986a9e0
results/base-1729/frozen-model/reliability-120-train_frequency.csv,84,0ae4f39c2bc5edd617052e50601931fdc68a8b27a4366df30ea9b6dba1839bd9
results/base-1729/frozen-model/reliability-240-local.csv,84,d78286c309ea2c51edb2f50d89deabe8358de002b9a85810038b6535b4d67990
results/base-1729/frozen-model/reliability-240-mixture.csv,178,c1bed2a40f539b1a2531987d995c12b6c6642adfe78c805f85ae30faa4711636
results/base-1729/frozen-model/reliability-240-structural.csv,85,1c95603a9ffab208dd0524d294f594f4773c3b28d95b6f2e55ddc83f47974bf9
results/base-1729/frozen-model/reliability-240-supervised.csv,176,171778e0ff64e010ae557fe7d7f41fc39b5ce1d6f4560924ea3621f19e290992
results/base-1729/frozen-model/reliability-240-train_frequency.csv,84,25a43ce9c9d1be752d8c10c0f24944160389e205137498610c1cbaadedb18e4a
results/base-1729/frozen-model/reliability-60-local.csv,131,ce885d32485c74deaff7b6f502a7ba3059e2b765b91b3feebe0b5a0dfc250c92
results/base-1729/frozen-model/reliability-60-mixture.csv,224,9570072e60b151bdae7fcc43dc989c6f7e88143e7c8fbe79d3bec672e24d971a
results/base-1729/frozen-model/reliability-60-structural.csv,161,277faad87d6dd185311340d1d9d6873fb5d5d78c455e7977ee04c74f0bda9410
results/base-1729/frozen-model/reliability-60-supervised.csv,224,9570072e60b151bdae7fcc43dc989c6f7e88143e7c8fbe79d3bec672e24d971a
results/base-1729/frozen-model/reliability-60-train_frequency.csv,84,afd04d914f7c087dffb5487fb5d209f5f23a3060fd5290380ebcabba7d5f8129
results/base-1729/frozen-model/state_head-120.json,375609,514c46b320360382dca635775667474c1042f7d97f3df901d0ac7ad7d859541b
results/base-1729/frozen-model/state_head-240.json,369776,7cc3fb18e3e2d29d61ebbe4e1ddf8a3eee86e2cb3435b9623cc5f9e26dbe522e
results/base-1729/frozen-model/state_head-60.json,386658,efc962a2a8cc23714a19cdedf1f3d3e075280bace3338b6b19cd6fb7dee0b4b4
results/base-1729/frozen-model/state_journal.csv,545370,1ab142803835057eb7a342b74c6978b78e429e0741be33db03f2368b40f35ce2
results/base-1729/frozen-model/test-predictions-120.csv,201222,475717e57007bb1020e642a4a40dd7b5c283d24bf58edb4386fbf0e4ffc480c5
results/base-1729/frozen-model/test-predictions-240.csv,121757,77cb99ed16970c0b167caf970419c0691d335b78229dee18ca270d9c8df8861a
results/base-1729/frozen-model/test-predictions-60.csv,240441,ff84236984ed963fe2671c9e71a2992ce597ceae47f895f2502dd63b8fd9ad84
results/base-1729/frozen-model/test_metrics.csv,1238,deb475e75abed36b93cfc3bdb42d52fd2e364364b12eb5ae005d2e22c30c4627
results/base-1729/inputs/bond_specs.csv.gz,358,613c57ca9f2dca45d1afe692b52cce8ef5ed0dfd4132342a379d017680c22f43
results/base-1729/inputs/cash_bonds.csv.gz,21774458,f5a74283e109145c7199e7e8c6dbe9c6814a84cbd8a7e487d4f12d651f749f1f
results/base-1729/inputs/context.csv.gz,562936,c1e00cb691ec488c6e63d621410a4b41662a0fdd0958437fb58ecc3758e67348
results/base-1729/inputs/curve_truth.csv.gz,844347,929205c0ebf53f2a38c83fdf714d6ff9d5b59cf39c46282547190cd6a6ce7e7d
results/base-1729/inputs/curves.csv.gz,14733278,5bd66b0ad504dcb20c58e6059d7551a5680fd807e9f7b69fe8056a70ce4a06fc
results/base-1729/inputs/futures_valuation.csv.gz,2076781,d6ef231c31e48e4116c14caf907ef24b548eca8f0aa5f23dbb3cdca809dc9317
results/base-1729/inputs/quotes.csv.gz,692829,3f36354fb4f8f0185607bdb6658f982c14cfe700dc92e642c42cc0c3c5aed3ff
results/base-1729/inputs/rates.csv.gz,483594,e13905864fe8d4001d4b1507b4812b43ed47bba529cafa5121fe0fccb6376ccb
results/base-1729/inputs/sessions.csv.gz,369,854babb9a1091ac8635c35525a50c224032abdff1a21544981f7e7f7565011a8
results/base-1729/inputs/theoretical_rates.csv.gz,1011233,65e1b398fcdc16b8c6837396fa5ba54844da8e4a98137ca61acf62fd9febdb85
results/base-1729/inputs/trades.csv.gz,376359,6308aff11084058582afe327da8bbd8cd854a1e19280f320e4af5e59391eb5ed
results/base-1729/inputs/truth.csv.gz,2500400,208a1b63fcdd1f3b17d3024ac7dbfd902ef2d1afc1e1845e295a16a33913b2b7
results/base-1729/marked-pnl.csv.gz,214728,87a6b1226110fe84192de0d3e10292cfcb82bc8e6812b1a2b6e2d72ebbb7515d
results/base-1729/observations.csv.gz,150213,d8b2a15c1917d4abb79524f2397653466cb409d3ec0a6a4af2ec8e8f03ef550a
results/base-1729/predictions-and-outcomes.csv.gz,270641,f4225940b10eedcb3b3aa9916721d554f780ad433cb716e3e77737543f71e2fd
results/base-1729/reliability-120.csv,170,36c1cd326af93d61175692e379149c75e232112dd952fd9b52878bad0858f06e
results/base-1729/reliability-240.csv,171,6f7cfc2980903ad0934a74a7d5efdacbacf7c815c15bc65735b0ab8d1f191b66
results/base-1729/reliability-60.csv,215,e2f47ad645a444ee2c79ffab57cec6ad97806249bcc2cf0d3ee0c6124dbb1073
results/base-1729/session-losses.csv,2074,55f378c3871bfce5b1057e8ca30d6781619ca4226aee3f29ddadd6773f5140dd
results/base-1729/trade-ledger.csv,79248,a06bbe1a1c18f18305cd043e0451fe562f5b0f79f9bb33b30d9d11b04146ce61
results/base-2718/execution-rejections.csv,51,77f4125f786fd2eaea076011d536c5da23eb902186052174f1e10af178986dab
results/base-2718/features.csv.gz,6361222,fb21186df12e505f858dc7702f2cff7c10c92e1f42d0071d1c1323f5eb4acf2f
results/base-2718/frozen-model/bank-120.npz,795691,c277478d2024c9e23093d2cc01deae416c0236309922ae0fb20092de2b6df717
results/base-2718/frozen-model/bank-240.npz,697712,b731ab748149c68c16b1328d8d26d413ed1a42e6cc4053a38bda01207c13f225
results/base-2718/frozen-model/bank-60.npz,708100,3bdd3a778f04a9d3a6fd76ef2886bcced7badb5e338e08ca753aa994fa5f20f4
results/base-2718/frozen-model/deployment.json,174017,45546ed6876ad9add1af9e56fe190b784eb75dac224201787980eae259eb8867
results/base-2718/frozen-model/evaluation.json,4005,fefa51e0552702d26843edf5e7aa4e2f5bc3a6625e4bf32fabfd93e913368526
results/base-2718/frozen-model/manifest.json,7431,d67729fe15b7dc53c985f148a0b33dc6b4b4e18f9a1fcafb5ff9510361185525
results/base-2718/frozen-model/per_session-120-local.csv,600,a9aa5174884df5afc1fb68dc96a0924b68edc0a0fd3583b4c31f8a3e10104b9b
results/base-2718/frozen-model/per_session-120-mixture.csv,599,8b2de88e5630e51d6e28442bc4623dc2b4c96fd868c247cb0b42266ef2892771
results/base-2718/frozen-model/per_session-120-structural.csv,597,4303556a1e1faadcd6ac09222888604e083e5dadd67a4a2ca092048daa13697c
results/base-2718/frozen-model/per_session-120-supervised.csv,602,8f090f46f1e365400756aab0803bb05157006570a0817367ad44af072e7009b3
results/base-2718/frozen-model/per_session-120-train_frequency.csv,600,85e391461d9e4be72bcec15c9ef2050fc3c7c71e6aec983222475ff771244272
results/base-2718/frozen-model/per_session-240-local.csv,597,a6992c3281ea6ba6e487e93a75c3554d351bc622d786dde5f94080b468a38b9a
results/base-2718/frozen-model/per_session-240-mixture.csv,600,762f370a4d377b8c4219e228d1101cce17df21f2c17c632315a35d7ea351be25
results/base-2718/frozen-model/per_session-240-structural.csv,596,11544c29aa3bcd7e8a84a05f739b1a6ea7e2709156235d90ba04c356d6a9f327
results/base-2718/frozen-model/per_session-240-supervised.csv,595,8636608974442f62f10913be9f5e46c8813af238d477aaf8cc7b390b04768372
results/base-2718/frozen-model/per_session-240-train_frequency.csv,595,490a1573df701bdc5e5ac6b8641c8fed4a0367687dd7c0cd1e4a4cb9957c4aac
results/base-2718/frozen-model/per_session-60-local.csv,600,c5eeab6ff5200091da2e2239a453e267246f730a374cf69a5efab856907b1cbe
results/base-2718/frozen-model/per_session-60-mixture.csv,600,be890eef9d2c3d705ae49727d9f89e95993882037cf2d3c9a04ee3c05b1227cb
results/base-2718/frozen-model/per_session-60-structural.csv,600,6747faded77e1ebf96fe03090676ffffe1b8f13670eeec856b4b5bb8c52fa712
results/base-2718/frozen-model/per_session-60-supervised.csv,600,de70d27614e991585d468058fc3f99625305cc301a550f620938c1e8363be6ac
results/base-2718/frozen-model/per_session-60-train_frequency.csv,592,5e7b8ff8628583fbe18a0319fb7059d6372e6eefb2cf4040d670bb6cce616ba4
results/base-2718/frozen-model/pointwise_losses-120-local.csv,45294,198b3590d8b9f1f8bec48e212562eac4fd31bf4ee39d70226aa8476b930c987f
results/base-2718/frozen-model/pointwise_losses-120-mixture.csv,45342,e3084f26ba93f1f6c3bd1568fae12829444069f7353112da30a2c5b3b0a37c68
results/base-2718/frozen-model/pointwise_losses-120-structural.csv,45305,dc84ca62f4fdfd3da9c35734ad0ba6f5f9c9d62b053b9e58ca66ada5d28958a4
results/base-2718/frozen-model/pointwise_losses-120-supervised.csv,45432,3efe4109109e9a20a885e3e22f23f2e9f9021460bd12fff2ec61bd977ff74096
results/base-2718/frozen-model/pointwise_losses-120-train_frequency.csv,45316,5f06cdd7ab0af4b8806af889790737fd34e8d6af12f55d8b090dbc46d25e7aea
results/base-2718/frozen-model/pointwise_losses-240-local.csv,27196,3238a043ccf9263aa547f8fd63cc3e17532c44d0d71d435cafb48c0138cdfffa
results/base-2718/frozen-model/pointwise_losses-240-mixture.csv,27172,f8b21eb61d724c98b95119d1144e6d746ceb3a7025a383ae0da07e9a7c917a9b
results/base-2718/frozen-model/pointwise_losses-240-structural.csv,27182,6da7be7b90a1a68f8d99ffea079b5391b734fecd6ceb346e4089a42125de0b97
results/base-2718/frozen-model/pointwise_losses-240-supervised.csv,27266,1462ca0961371f72c9ed9a68bf2c8b27277882f920f9bcaa8e78e501dc69d4f9
results/base-2718/frozen-model/pointwise_losses-240-train_frequency.csv,27319,1d8b9714b70071af4bd97ebec0180fdb4eb3658bbce09d5781783397f1685258
results/base-2718/frozen-model/pointwise_losses-60-local.csv,54383,fab47208868334db7f007102f1b67888b282298b8dd3a16f8711c3927f75fe13
results/base-2718/frozen-model/pointwise_losses-60-mixture.csv,54546,1793069fe2d787fbcbf24cd323b26c4b36464b3eb23a36d499baa8e72355adf4
results/base-2718/frozen-model/pointwise_losses-60-structural.csv,54389,9c5a018590550ccef3f2e29ac1043e2c5aa0be515470b34136506f4cdef487b6
results/base-2718/frozen-model/pointwise_losses-60-supervised.csv,54538,c36b15d58b7df3dfa9667800c24a5ed68cbfb9db4024776ed956f0f48bf59185
results/base-2718/frozen-model/pointwise_losses-60-train_frequency.csv,54192,35782fa42d264a614a89fda535486fab42b656ac6181c269ca7c01d05694dbd5
results/base-2718/frozen-model/price_head-120.json,230885,c530afba8d6075da980d24dffd3dc49de765487c73def3dcbcd50a5f4367a951
results/base-2718/frozen-model/price_head-240.json,224367,ce97cf5c1c2fa53724c37639192dbe8a96159c72e329158f68f5705fcdd8d95f
results/base-2718/frozen-model/price_head-60.json,234087,1489c97268e2ab7f97ff548ccb31ed8d76bc37295c23a43a7788114a6dbba1cd
results/base-2718/frozen-model/reliability-120-local.csv,114,104c2b532836c1c556110bd544250c3f6bd2880a44200420e18e8ec66efb2ffb
results/base-2718/frozen-model/reliability-120-mixture.csv,178,96f954f488695816bffe8324ee2f9481191824f8ca2038dfdcb6a028687384c3
results/base-2718/frozen-model/reliability-120-structural.csv,129,52c7edd2f875c9839146c83c855e6ef261a10b1d4e60457a00264ade5772e193
results/base-2718/frozen-model/reliability-120-supervised.csv,177,7a877d5f6d3b98711a3f5d72c74fdb9f10a8ea808836941ac6a6418e6dd3d915
results/base-2718/frozen-model/reliability-120-train_frequency.csv,83,1b452737c5888ccd7bc7410d3ea9fe7b82a15b37b94fb8ad36ade82895697572
results/base-2718/frozen-model/reliability-240-local.csv,85,c6199625a601f0928478d123abc8e22a922a2f1fc7606e5cf57c676a2335a5c2
results/base-2718/frozen-model/reliability-240-mixture.csv,84,d69ce861d744cd152c72bb5b1054952dfd71e314d0479c7b8c902f408ac31529
results/base-2718/frozen-model/reliability-240-structural.csv,85,e3e263a0b2b72c285d00d0c1343ac35f1feb0a10cdb489f2f597e4600e3b13eb
results/base-2718/frozen-model/reliability-240-supervised.csv,206,39de5a17d678d72d2c1c99bacc8029094c697dd67e911513ef25509ab784621f
results/base-2718/frozen-model/reliability-240-train_frequency.csv,85,822f5efc1f65c97f9e555579d2833b5a645ec26834381f1be89541f326363766
results/base-2718/frozen-model/reliability-60-local.csv,84,820f354998b52122546e1125f1362f2946cf99a3d79a1f901ac4803a0745ae6f
results/base-2718/frozen-model/reliability-60-mixture.csv,208,bfee59103fa0a619ef0d044f689307c252119a3ad95582ff90910b9fda9e2ddf
results/base-2718/frozen-model/reliability-60-structural.csv,129,46b20f16b387c95ad819a4beff7fb35473bb49a0678ac69210335bb78993bde9
results/base-2718/frozen-model/reliability-60-supervised.csv,208,bfee59103fa0a619ef0d044f689307c252119a3ad95582ff90910b9fda9e2ddf
results/base-2718/frozen-model/reliability-60-train_frequency.csv,84,150124e19a9bff299e361b855a0529b29440c4a9941524d94ce8721ddc71bc64
results/base-2718/frozen-model/state_head-120.json,388032,11ce984dcec76425f4e0bf968b453f109d838661ff3114864d4c5b041f94859f
results/base-2718/frozen-model/state_head-240.json,381774,b83d98d68cbba285d91211213483d4bcaaa9fda027948f7f68d32e98c4d08c9d
results/base-2718/frozen-model/state_head-60.json,386619,befbbbf4b405d7d74a81356b37f4db0c23a5b8cd5bb05dc923664c4a80dee087
results/base-2718/frozen-model/state_journal.csv,545961,9561659bfa300495934c30e0da8451164253df91caa56e4bf295d4caa2ba7caf
results/base-2718/frozen-model/test-predictions-120.csv,200715,25349574190844758b9e6cd332c2ffea3d3a9f11ceab14b903b1c0e10681ee5f
results/base-2718/frozen-model/test-predictions-240.csv,121310,5ba7d14df582bf6f739d1c57fff79de0fac73cdf084ba83694d91c13350b1a11
results/base-2718/frozen-model/test-predictions-60.csv,240543,d3d637dad2d7caaffe438b1268ae30ae4bf294194fb23fb89588b02351fd6641
results/base-2718/frozen-model/test_metrics.csv,1232,95cf2ee9c8e374eb9ba215ddeded262964ff67da4f4d99186e34f4c149923801
results/base-2718/inputs/bond_specs.csv.gz,358,6728c83a576a42a237a3b2c6d32ecb1fa247693786810257cc1dad9637fdb048
results/base-2718/inputs/cash_bonds.csv.gz,21863781,dc04fb90ebfee823f04500d8d4e10bd2409356fadd2fd4fa5dde1c50badb27d0
results/base-2718/inputs/context.csv.gz,562419,fc09951392ab3a2e107df2930565997b7ff5529a296f0c87b0ec8d258761fecb
results/base-2718/inputs/curve_truth.csv.gz,845195,d1fddfd66ec1f08557a6365442df6af16fad4fcdd0716973ec18cf805e74f7ae
results/base-2718/inputs/curves.csv.gz,14754705,6114d47528082d6595521a7dbdc6a6e4306eafae45ec161f76191d38bbdabf5c
results/base-2718/inputs/futures_valuation.csv.gz,2082176,e9e8b016345ee20dadf48351abed87d7fd659b76f283802fb634ab009c8b28b6
results/base-2718/inputs/quotes.csv.gz,694993,4e1886585f21fe6301d848308c400a971d688c3f0e066eea7746d06e6c5e1454
results/base-2718/inputs/rates.csv.gz,485309,93bb68dfd172a4b9c1b1deba48f5b1ea34e118ab0e5694084996928662a77385
results/base-2718/inputs/sessions.csv.gz,369,0d0e6b81b68d0dc0a6a641bb75cbe0d2589a7be6d1d8aa648f9031ad55f630c5
results/base-2718/inputs/theoretical_rates.csv.gz,1017120,2c9b84a71d5ded1e5586f5f788b6aa9d68c7320f33686a5ff4c3da7c5a219a06
results/base-2718/inputs/trades.csv.gz,377967,621dd3c68c9e2c87639afee15302688736620a13649d27c03d79279b9002a962
results/base-2718/inputs/truth.csv.gz,2501716,aa52b4b217ef4553e30b3f2a4d16d1a34114acd5adc64d8b7bdff13e5bbef8c7
results/base-2718/marked-pnl.csv.gz,216097,8cb03813af33936c770c6feef0084ee279c33c9b06deb669b17e9dcbef0d74d1
results/base-2718/observations.csv.gz,151081,340023eeb479ff448859eb7dbb2f6ef25e5a2da8b77bdcb6e321138654bf4bba
results/base-2718/predictions-and-outcomes.csv.gz,271661,db42c5d8250cde42c520c33b15d73d1143eab8fcebdb6491f4e5a3042e2d36ce
results/base-2718/reliability-120.csv,171,01da41b749181bd99b4b38ff9f8b2c9d88df1a7e096a01c201cd749fc4501bbd
results/base-2718/reliability-240.csv,81,77d854ade09978330351885d959319b6169afe9fede1226e65911e15f880ace3
results/base-2718/reliability-60.csv,199,a2be0df8ddde618ed7a5a76b11c620cd25fdc48239e8cbd38b9b8eab55e0fd4b
results/base-2718/session-losses.csv,2086,29853460efb425f467a3292acaa0feea6545d4fd4269e77e914d5060b7557ff1
results/base-2718/trade-ledger.csv,79230,d203516dd53c93675191c1d896bdf5ff012a29b65ff7773f9165814318aceef4
results/base-3141/execution-rejections.csv,51,77f4125f786fd2eaea076011d536c5da23eb902186052174f1e10af178986dab
results/base-3141/features.csv.gz,6366053,01a7e5925c5d2fb596e0a60514b6f3d8ede67a46c8f997098af113a52267d29b
results/base-3141/frozen-model/bank-120.npz,774793,51f258dac1867de7af18ea410ca341d89ea0fce30735550c40c0bb912edde541
results/base-3141/frozen-model/bank-240.npz,675553,b062faa71fae2f7f65a20d6dbc6034c9a3d9f8ae7f22d68014ff1f4a1319d494
results/base-3141/frozen-model/bank-60.npz,694272,7e01bc882675b0baa8e11c4e05c373f85c5d2b8d8e713176442c8d9d33a8c28c
results/base-3141/frozen-model/deployment.json,174028,361cb3f6b8779a59fb0cdb4857c94a53db13c2eb73b463c7bd158d889003b76b
results/base-3141/frozen-model/evaluation.json,3992,413ac448664947f425a374a6da86bc7a1011bdae9c03e943b5909667b863ccc0
results/base-3141/frozen-model/manifest.json,7431,9cadb8dc118e8b100753a31b333b5f3bff87fd79c3a7b695d0c68f88e18b286f
results/base-3141/frozen-model/per_session-120-local.csv,592,b93582451cd925f36dbafdce5658063ea33f557df077b58a248f84dcffe0e6dc
results/base-3141/frozen-model/per_session-120-mixture.csv,602,011032004dbf874138e9d70ce1ac7a23fd1e94c2e351b7637f62bfb8ce484567
results/base-3141/frozen-model/per_session-120-structural.csv,598,ffc0ebecfc54079aace2356dd7dba9a249c4b0ed2f63b14f26e3c08cab79cf47
results/base-3141/frozen-model/per_session-120-supervised.csv,602,66e717f80b094803dfb4600f7e642e27e53acbf45c40411801f2a61af995b355
results/base-3141/frozen-model/per_session-120-train_frequency.csv,600,ef9ece6885b713039db6ba39007ff28e90239a037cfe64c8e6258486ba006bf0
results/base-3141/frozen-model/per_session-240-local.csv,598,d4a1e7049f8c88dc2ab3cf3138ede9bc9727445096e8e2a4b27ada4aac763122
results/base-3141/frozen-model/per_session-240-mixture.csv,595,dc230aa3da6030ba6520f226cd2e039777a09d3ccb52755774dd77a126e6ce47
results/base-3141/frozen-model/per_session-240-structural.csv,595,2a5d1ac552341a37330a4eed9beb671f25ae44a7b43f76b079821d2920657fc5
results/base-3141/frozen-model/per_session-240-supervised.csv,597,dac0e6bd22167e9902853abd4abc4940e2c9a330dba46452aba77ab1be08e077
results/base-3141/frozen-model/per_session-240-train_frequency.csv,596,c76fb2ddca67345bdf162675d4b5600face3687de7996f87407ce4252caff4b4
results/base-3141/frozen-model/per_session-60-local.csv,599,0644726e2d8e1fffe5d3639ea4e01bb61e4c9498aa5408c3e93e1ff86fb1b9da
results/base-3141/frozen-model/per_session-60-mixture.csv,600,436bbcf6edba3374bd00469bbb29ffb16ac9ffee3c570458c289b7235bad4b65
results/base-3141/frozen-model/per_session-60-structural.csv,602,a53a8f390babb0a9b157e0793c6d63b5b819e36135b6841ceabc4e83eb7f3dfe
results/base-3141/frozen-model/per_session-60-supervised.csv,600,26a6f0e1f93d95596412d667fa3f905e48851c3f967fbb1b49eea9ad92016af3
results/base-3141/frozen-model/per_session-60-train_frequency.csv,598,7aef0c28e11aee71d40ffac584b74bb9a4a5088f1cbe6dc0d7a79908653005e0
results/base-3141/frozen-model/pointwise_losses-120-local.csv,45350,9246a557c929b445a1641f2359e17f0e724b49ccd18f665e7c37ae5348a6e67f
results/base-3141/frozen-model/pointwise_losses-120-mixture.csv,45383,3c9d64ee79eba21280e8009aa6d4b534b928365195df514d22f54b507c5101bf
results/base-3141/frozen-model/pointwise_losses-120-structural.csv,45365,e237cd8a116a61e857d98601fef8ed1cb49077c583bfd56eb4fc5d8d3325e443
results/base-3141/frozen-model/pointwise_losses-120-supervised.csv,45399,584d7c63603375706a9889170847b9735747d3090a6c5dc896510c70a6f5988d
results/base-3141/frozen-model/pointwise_losses-120-train_frequency.csv,45136,0de571f593279b74285ece3d62c06d25475cdf51dd4e66d5414d6ea5bbc81c2c
results/base-3141/frozen-model/pointwise_losses-240-local.csv,27196,eba57efad4e4b54b9870e94ed27e3ffb1dd4a7f51de8371c5fc6e5d9d360da65
results/base-3141/frozen-model/pointwise_losses-240-mixture.csv,27184,777f8cb4961735dba377a70a754359a8494d791c8f2a0c7c50a5efd41d775ae2
results/base-3141/frozen-model/pointwise_losses-240-structural.csv,27186,4835efb83e8a7b4421765d6bc57a1703a351d41381fe3094d71d6af4f24c9e45
results/base-3141/frozen-model/pointwise_losses-240-supervised.csv,27210,fbbedd58fbe2e48c0ed5c3ee03e5436d43481d1431c0062e592bb50ba5a079e9
results/base-3141/frozen-model/pointwise_losses-240-train_frequency.csv,27237,930dc554efc709b363d332806898a9156bdd21adb4506cfc19e8f350d9472a46
results/base-3141/frozen-model/pointwise_losses-60-local.csv,54393,fe173a67e0ff0d4a9b9953a145164d1ffecb3e068124e60977ff47ef38886fbc
results/base-3141/frozen-model/pointwise_losses-60-mixture.csv,54463,66d797b86b86975bd21a3f720070b4e5cb762906a16a4fd6250a512a6f3768b6
results/base-3141/frozen-model/pointwise_losses-60-structural.csv,54401,1da0fa1c9eaf82dc77df046960f920421e5f233162fcb4be4c07c1e8d6a94b4a
results/base-3141/frozen-model/pointwise_losses-60-supervised.csv,54450,e863100854047c6ab720f909760f7c77fa5277861f2868a611a9edcd214be56a
results/base-3141/frozen-model/pointwise_losses-60-train_frequency.csv,54047,cd50b606eb749c33927554027eea2534329c8f17121d9b848e42c0fccfa483ac
results/base-3141/frozen-model/price_head-120.json,227238,b20c396af30b0836ef6ff51497b48320256387c7f8a2f5d901d19b58ef8f71e8
results/base-3141/frozen-model/price_head-240.json,227411,bc2178322013f3fcef969388fe272e780d07ddd053fc050f9dab045900f13aeb
results/base-3141/frozen-model/price_head-60.json,234425,d130825f8772e415f58e7c8defbd7bb687de53bc81654061948b7681462f3cac
results/base-3141/frozen-model/reliability-120-local.csv,84,04a5094559d93e8069a9989d6eb8c01ef5a551a1510744140408e61a0730c3b7
results/base-3141/frozen-model/reliability-120-mixture.csv,193,7bc60a720772fdd2590786e1aef33cf67e7219320bac0634032d702eba915696
results/base-3141/frozen-model/reliability-120-structural.csv,84,f39bac5978159400b27450e5a0c1bcdc8b797ed15a7fa6526524ab2514b3f09a
results/base-3141/frozen-model/reliability-120-supervised.csv,193,7bc60a720772fdd2590786e1aef33cf67e7219320bac0634032d702eba915696
results/base-3141/frozen-model/reliability-120-train_frequency.csv,83,d5ddc0ee9315595027d1925d4857f31a623ee1da2b5f411a6898ed4c9bcc4a75
results/base-3141/frozen-model/reliability-240-local.csv,82,a30e57d2280efc73ee9c47820e2ac3061606328c56ab70f29f66d779a3f93925
results/base-3141/frozen-model/reliability-240-mixture.csv,84,1f3d8db5ac1c2d70093566cae3ebabf915016c4d9645e0d6b65ff6cd71b525f8
results/base-3141/frozen-model/reliability-240-structural.csv,83,5bda18634831b84c16b7ae295f24560971def0b3c6745498d87bd96e49e72b2c
results/base-3141/frozen-model/reliability-240-supervised.csv,163,cdb5ec75ba7737c6557e28eeb785de3ed3bdb2a423b4c1affedcef1a55b79316
results/base-3141/frozen-model/reliability-240-train_frequency.csv,82,b24489bf662bdf1efcefc78b25c1384b56c634d8aa8042f05c42e6c576d6fa68
results/base-3141/frozen-model/reliability-60-local.csv,84,451b0f49907e3b46df8b2ce10a812d22d12b31ffa632c8bc92e0f967948e4a52
results/base-3141/frozen-model/reliability-60-mixture.csv,206,53f5064e51d44acae260a4bb1694cd2b77b5bbff2351074cfeaa00ccafc75a51
results/base-3141/frozen-model/reliability-60-structural.csv,128,99a02db65d24da52f65d583ed6c6ba0617fcfc43131c9179780f51598191fdf6
results/base-3141/frozen-model/reliability-60-supervised.csv,207,31cb3f1fe1ab63e7ace16b2bdee0d018743b153dc783eb470d8e8861f55f5c3d
results/base-3141/frozen-model/reliability-60-train_frequency.csv,84,0dd62d4ecb69dc9e58b1ae00a8af61e1b96e37eefd861ad88d41e2a35008fb4e
results/base-3141/frozen-model/state_head-120.json,384329,2d8832e19f7de0a901ed4c8792477229b652ee4722a1561eff9fc62296783be8
results/base-3141/frozen-model/state_head-240.json,387694,588f764f9c452988e1cef00a1e5fe83a8ca7c2547d86ea21dce5d9ce923264d4
results/base-3141/frozen-model/state_head-60.json,386695,f537740ab3316c0476d0d8b2e43c333352bfb1e08cf733c6388ba6e2f90fa05d
results/base-3141/frozen-model/state_journal.csv,546354,5e66b505e644c96e86210c7863bc195763794d684879d13e5889daaa6db86ef2
results/base-3141/frozen-model/test-predictions-120.csv,201651,8848a62017f5b69a98f4789924bbf5df0f164498ab53bc34856c088dc3c2764c
results/base-3141/frozen-model/test-predictions-240.csv,122311,9ab0cc9eb777b70f06e40c43f1d44abde8741d7b43eb5e01e0ca8fd403cf625b
results/base-3141/frozen-model/test-predictions-60.csv,240903,cd3215351e93a26914c5f594cbc2a8d7cc3c39ef1731d7baf9efcb5d398d5aed
results/base-3141/frozen-model/test_metrics.csv,1227,ee979a1e26a4fae05ab87d7a75ed91f0a89911e2bd585eff5d5e886bb76b44a8
results/base-3141/inputs/bond_specs.csv.gz,358,872f548caf076440e7df385e3fb1736197166ba4afb8aaed14b90479c60d96c6
results/base-3141/inputs/cash_bonds.csv.gz,21838585,09a381b891e6e3a935167c5e9a8eca2c9cf1077c26e037e987a62b5b3a07f57d
results/base-3141/inputs/context.csv.gz,564073,d37f0d47bf015fd208a24818dc41e61f98f2f6bce8d3f012d4464a9c15c29c17
results/base-3141/inputs/curve_truth.csv.gz,843880,f16e2df401e7dee88675ab5f943eab021deb047cccb4f35c65eddc67ad8abb66
results/base-3141/inputs/curves.csv.gz,14741634,b889bc6bb2c6a47c496f5d22103663ca4fe6e19454cf03757f814e292b289d6f
results/base-3141/inputs/futures_valuation.csv.gz,2081495,77dab666adc2bf5b4fdfc8df9f575873a95beca1e0b76be42224c6497160100a
results/base-3141/inputs/quotes.csv.gz,695983,aa1d6de974e4be919fa007a53e05fbb474a4565051c7f1ac820f5d74832075cd
results/base-3141/inputs/rates.csv.gz,483330,d10eb2b0a8965bf1ed588d902d6ec1074ccf5fa33ea61621c7d06f801d34f8df
results/base-3141/inputs/sessions.csv.gz,369,476204a1ac63df4d9bef95181b034c98c6519861f1bc932d0af7c7a4a811f74d
results/base-3141/inputs/theoretical_rates.csv.gz,1012100,1abf5405304f9e0b5059fbd9fc8d90a70f6b82f507810360fe0ada83744b2035
results/base-3141/inputs/trades.csv.gz,376882,276eb61870768ae1d58d0645e53cc54f98056de73b95db593202816a9fa5e165
results/base-3141/inputs/truth.csv.gz,2503819,c1453415df424896a1a0090ff0770e9152799de13fe832ed4591bce26aeb677b
results/base-3141/marked-pnl.csv.gz,218456,3d47bc60d29328cadb3d4907b4c6f2d6e9048a138bbd6f01abea30b06de32338
results/base-3141/observations.csv.gz,151251,86110c71d0a872cb7beecc205ff854fbcf61b4398234244681bf6dc22fb36667
results/base-3141/predictions-and-outcomes.csv.gz,271288,ed17b6908a0c01d0456539300df7bf1c9472147819dffb44a38c9ad48bef3073
results/base-3141/reliability-120.csv,184,af70a5b57f8e26a58d4feafeee7ff8528a1870abe68569cce31b4a68acfa3d0e
results/base-3141/reliability-240.csv,81,3ec7cf3ee01e531694a55b9aba4ff0f1f1ac87006e3aff8a6faa8a620f3d8d14
results/base-3141/reliability-60.csv,197,079388e76d2d41d1a68218809f9081b29a8061bce8af1adf771a6d65e85a371e
results/base-3141/session-losses.csv,2095,e172072b51a9c962888955941eb16abd37eec8103f1392905bbb7767e0257659
results/base-3141/trade-ledger.csv,77295,083ace1e2d9b16013dd18511a4e0181b1766fd8a93ae07396ce2d5f9a5a2dda0
results/cgb_only-1729/execution-rejections.csv,51,77f4125f786fd2eaea076011d536c5da23eb902186052174f1e10af178986dab
results/cgb_only-1729/frozen-model/bank-120.npz,580054,3ecfbdcfc779a33630aa3569c329df49e292729b1577eec2d2d19c65a55aa153
results/cgb_only-1729/frozen-model/bank-240.npz,567124,e886f133ad96bc1fa650edc840eac303d268604edb798a8453c1194bdbee5a38
results/cgb_only-1729/frozen-model/bank-60.npz,452857,6fd2869ab86535310363d853d0de08137de57af3fef71686b2d4a317a68b2a4a
results/cgb_only-1729/frozen-model/deployment.json,169434,791314e2dab55fed02a9af0c8c1014546a78a43bbd375a2ce98d0aa8577cb92a
results/cgb_only-1729/frozen-model/evaluation.json,4004,d0aded23678e6262fd29cac94b35276243d515a7daeea67129252b0f4c56ca5f
results/cgb_only-1729/frozen-model/manifest.json,7431,cd215943c4c4a52b3f44932847f9d2eea8a0ccf92ff909e4f92ac648f79475e7
results/cgb_only-1729/frozen-model/per_session-120-local.csv,600,22cf6ffe7b5e1a770cfb8995a8173a60171177a0ba102b12b100c2e80852e623
results/cgb_only-1729/frozen-model/per_session-120-mixture.csv,596,da2dcd3947fbc6bcb5f6b4cbc081efd9b64de7225e7a2073ac562b240f5b6b4a
results/cgb_only-1729/frozen-model/per_session-120-structural.csv,597,e2c23c09a085a52019fd601bfb1ec778a1d54ef99bbd194aac8fb99e09deb8fc
results/cgb_only-1729/frozen-model/per_session-120-supervised.csv,600,d9d9bfd3a6f572b81a60157ba4c2d63623b5a20acf441e22e9ea73d75048fae5
results/cgb_only-1729/frozen-model/per_session-120-train_frequency.csv,598,7d25a36e78de1e443f7e3154f0317b02bbeea28f2a0080bf99199454ac51f64b
results/cgb_only-1729/frozen-model/per_session-240-local.csv,600,7d22c1efdb30aeca2b9b981802a8a309345fba5009f26eacf9912ab9cbe050b7
results/cgb_only-1729/frozen-model/per_session-240-mixture.csv,596,a4a50c3902c1869eb791401fa7f064dc1a943fd1d9e2f880eb3e719592e44fd9
results/cgb_only-1729/frozen-model/per_session-240-structural.csv,598,2d0811e5d3416e7ba8a196e4664643eae0bdbddff718109dc2a0e54a3086b889
results/cgb_only-1729/frozen-model/per_session-240-supervised.csv,597,5f3c5a05cd762070f0ca7faca1965bda8dbbf12ea0e5c87d22bc8016603db757
results/cgb_only-1729/frozen-model/per_session-240-train_frequency.csv,593,412815e124d89515f5ee9c8eeec67d11cf640337167f145c7ebe8e1d6d70ecd5
results/cgb_only-1729/frozen-model/per_session-60-local.csv,597,c69b3342a9cbb0de5398e9f31fd0ee518b0e643386c2689d98c271375724569e
results/cgb_only-1729/frozen-model/per_session-60-mixture.csv,597,249189cb97d9c861ee2f9359a9eb0778151820ad5a1461130d73313f7ec0eaff
results/cgb_only-1729/frozen-model/per_session-60-structural.csv,597,8c066089b4c7ca6112f6b2dae3a71185a4d5bada4aa0bcab46816391258ccd84
results/cgb_only-1729/frozen-model/per_session-60-supervised.csv,595,a87bb430233e8ee7c63387711b2ad97c0867d6747ce895525dc8e625187e66c7
results/cgb_only-1729/frozen-model/per_session-60-train_frequency.csv,598,30de97488af6679df8f540e99f4844dd1fb208ff72d8517039c0f89c2e843309
results/cgb_only-1729/frozen-model/pointwise_losses-120-local.csv,45326,6d816b27f89493ec4e95e927b631cfacddfb2dfcaab4815137898aabf4c0a0ab
results/cgb_only-1729/frozen-model/pointwise_losses-120-mixture.csv,45330,fc8276e8b6624276be1cfe3b2ee3622ad0455006adebb02e3c7670c344b04786
results/cgb_only-1729/frozen-model/pointwise_losses-120-structural.csv,45340,f35f798eaaf4c4fc6d6f32611dce13723ad3497efe94966f283935051bf24e9a
results/cgb_only-1729/frozen-model/pointwise_losses-120-supervised.csv,45420,c2dd6a7da4deb31ef16293df7eef38625b2b601a96ecc3401358319ddeeaa855
results/cgb_only-1729/frozen-model/pointwise_losses-120-train_frequency.csv,45643,c48480e2e9ada21d23e083bc3faa6d0351a859fa894b521b1297fc20b714e47a
results/cgb_only-1729/frozen-model/pointwise_losses-240-local.csv,27219,50bb9983ca4dafa5d81ff5eabe4f1dd49384ac18bef952ef4cc17622b8f627af
results/cgb_only-1729/frozen-model/pointwise_losses-240-mixture.csv,27253,22e14844d50726ec89441fe2a77dcbee290cf8cb7959cf9f7720cc42210bad47
results/cgb_only-1729/frozen-model/pointwise_losses-240-structural.csv,27201,057b9f1392ad2bcf88fab4c7d2b766c7279936bf57df63a14353dfd7044479cf
results/cgb_only-1729/frozen-model/pointwise_losses-240-supervised.csv,27202,e2211adb78a88e99f5b7821a24744d5f64eb14fec3a2af2ce907756e8ac55416
results/cgb_only-1729/frozen-model/pointwise_losses-240-train_frequency.csv,27026,7f0b84980af504e78c6eeee00d0d253dc162d64576df84ccee908d78e3c94204
results/cgb_only-1729/frozen-model/pointwise_losses-60-local.csv,54379,cd8e8eae25cd7ce61c82857222272c44bb20b00ee79251f0581aa209243041f9
results/cgb_only-1729/frozen-model/pointwise_losses-60-mixture.csv,54385,f3105939825293091e05f1d360ea7a7b0a26051194d3f5963e1d8f7559115701
results/cgb_only-1729/frozen-model/pointwise_losses-60-structural.csv,54358,bd3d471992bc7fda90b8a6c430190d7b76586c1f702b885f09f4639cee4599de
results/cgb_only-1729/frozen-model/pointwise_losses-60-supervised.csv,54493,fcf9c188986f0164531b6e0d83137a12c465234593b0e54346abc63c71df1266
results/cgb_only-1729/frozen-model/pointwise_losses-60-train_frequency.csv,54255,53f7f8d97811250b089ff2115f1bbb1a26c55ebc81fa5a5c15a3558368f00508
results/cgb_only-1729/frozen-model/price_head-120.json,222723,849138b04caf297525695e4d91279a8fa897174a70dd91329d5032147a448d6d
results/cgb_only-1729/frozen-model/price_head-240.json,227601,c4d6d9b1e490a03cd278c1a30a90151337211ce2426299941120ea103dc56e88
results/cgb_only-1729/frozen-model/price_head-60.json,228348,1f8f2af5c3d7ebdcd7f34f9b87cf946723a458a0ed3404961ffdc4ea2cc76892
results/cgb_only-1729/frozen-model/reliability-120-local.csv,72,208d02cbb6651d420ab72ab3a4d9f285a58f9b65a9dcb23c5ce52e3779fb7dea
results/cgb_only-1729/frozen-model/reliability-120-mixture.csv,72,ab7c1afcf88c2508456b80af0fdab88fc16bcdad03ebe2e4df36317a3a1a6cf0
results/cgb_only-1729/frozen-model/reliability-120-structural.csv,73,4f76998aa587f6a468d4308d424ab22898645b2aeb6f8331dd10c977b8b50b2c
results/cgb_only-1729/frozen-model/reliability-120-supervised.csv,208,1eedfd7a243744cd44b41ea46eb8bc8a0e5bd9b69227562263927615f93ad35c
results/cgb_only-1729/frozen-model/reliability-120-train_frequency.csv,84,0ae4f39c2bc5edd617052e50601931fdc68a8b27a4366df30ea9b6dba1839bd9
results/cgb_only-1729/frozen-model/reliability-240-local.csv,84,2d49f4802b88310ffe7381dcf9d03b6e0879cf1a666d9bf2449463c80b421bd6
results/cgb_only-1729/frozen-model/reliability-240-mixture.csv,131,a8f63778dd4252d983dc8413f76ff040edec43d88e52238768624c67e6fbe59d
results/cgb_only-1729/frozen-model/reliability-240-structural.csv,83,3284b11dd1aa2d236cf6596ab1cd32cefe9dd917d876f6c534d9a296707ae72d
results/cgb_only-1729/frozen-model/reliability-240-supervised.csv,129,31004d54e24a6714220d3b514f5358d6af7598ceb1bf75fe3f492096d53df358
results/cgb_only-1729/frozen-model/reliability-240-train_frequency.csv,84,25a43ce9c9d1be752d8c10c0f24944160389e205137498610c1cbaadedb18e4a
results/cgb_only-1729/frozen-model/reliability-60-local.csv,131,07653f3b89f8f5f2170793c43a6d2787118fc7093f62704686f72a1007c9dbdf
results/cgb_only-1729/frozen-model/reliability-60-mixture.csv,161,d438e19ba1e565b5562c90dd08b1cf801f2366a3187987c9ff859f55196f8e34
results/cgb_only-1729/frozen-model/reliability-60-structural.csv,131,0d1414c0b9c5d83eb932257d3f8c48c2ec6787948570d4d6670190596a3eac33
results/cgb_only-1729/frozen-model/reliability-60-supervised.csv,222,88f889a79d73d2010c519e36b78f46ce8f6f1df519a5f117af7bff30077da225
results/cgb_only-1729/frozen-model/reliability-60-train_frequency.csv,84,afd04d914f7c087dffb5487fb5d209f5f23a3060fd5290380ebcabba7d5f8129
results/cgb_only-1729/frozen-model/state_head-120.json,374633,7dc489272633672995a89717235198671afdf0555e1e4afde2ed63333960887e
results/cgb_only-1729/frozen-model/state_head-240.json,359863,99b21576e190f462ccc7a8ca7530da50858f23237b969192afa937625d2d5ac8
results/cgb_only-1729/frozen-model/state_head-60.json,377896,98ff2b447855bdd0f54109a4654653686c3c877fe6d3df5f0066074cbc0fa4d2
results/cgb_only-1729/frozen-model/state_journal.csv,442510,0596ff1c43fb6ba50833ae98420b9de6635c979ffa1026fac2590ca4dc7719ed
results/cgb_only-1729/frozen-model/test-predictions-120.csv,198920,1c585b15591bb5e46b84b56a79e370de8072e8b14955e83db43350381f1ca515
results/cgb_only-1729/frozen-model/test-predictions-240.csv,119119,882c8b45b44822a844b9f8e5cd533b42f5b77a5472d8c5299cec4575420aee25
results/cgb_only-1729/frozen-model/test-predictions-60.csv,238877,24d764cd67fe9927076472fa5bf034de140064b548520f1d371fdd1b5b74463d
results/cgb_only-1729/frozen-model/test_metrics.csv,1227,c97d546ca38e0d431663fcf6272b6251cb1eb80aecdfaef9b94e192599f6bfb7
results/cgb_only-1729/marked-pnl.csv.gz,208006,f7ab9369facacce0f726f88aab2f4f2e3fea57da4491e31de77b9e486a9779af
results/cgb_only-1729/predictions-and-outcomes.csv.gz,268775,82eb81ec67f3debc53a731b08d3b1542271b4d7e269ef683e7aefe6d2002d3ab
results/cgb_only-1729/reliability-120.csv,69,b251ad39e6656be67f178f52b4a6aafb67f1072cae749aead02658c432c889cd
results/cgb_only-1729/reliability-240.csv,126,39f61edbc0005847b774a14a18a9379b2874b4334b5fd435e346346176ce3370
results/cgb_only-1729/reliability-60.csv,154,bd3a0b0db3e3b01f75a19e3efd6c2dac82ffa45f044160d149aab90960de28f5
results/cgb_only-1729/session-losses.csv,2187,b7a7997f128ed4948e2dcbf75150575d62c43acc4b33108b5e98ab74d2ad9d0e
results/cgb_only-1729/trade-ledger.csv,71102,05f45ce3d365ffe653c4b8cd64e689cc462e6539f3ecba38aa586c8d53364c5f
results/decoupling-1729/execution-rejections.csv,51,77f4125f786fd2eaea076011d536c5da23eb902186052174f1e10af178986dab
results/decoupling-1729/frozen-model-reference.json,79,281b4c5e8a6dffdc8b0539cd2936b2b0d973031f1ffdd5ef91a720c98c731bbc
results/decoupling-1729/inputs/bond_specs.csv.gz,358,e4988309f4b85ba3ad69b738d2ef5def3a28bf2c662aa944026b3ec85a97a377
results/decoupling-1729/inputs/cash_bonds.csv.gz,21777400,0b7f520c64695b877dc8135ecc5d063f37566883ace49272bba8803d19aafea3
results/decoupling-1729/inputs/context.csv.gz,562936,aa29a26f6e7ec0d83fae97222bbae49b823a2ebb15098cf98a5504e00efee865
results/decoupling-1729/inputs/curve_truth.csv.gz,844505,56091e429496b7b246f2e163bba7557c138b0ba90f39793672853fbe0c912171
results/decoupling-1729/inputs/curves.csv.gz,14731467,a2753eeec4623df56783ec3b3cee71e2f9a01d2df4dfe9ddc4b20c1095ba6dbc
results/decoupling-1729/inputs/futures_valuation.csv.gz,2077642,cca2e4e9ac403984d2cc8bbe21761ca172ec56fffab189ac5c47ab37fb836199
results/decoupling-1729/inputs/quotes.csv.gz,693250,c266383208950f14433cebfce608f927096f59aa364a890e7b2daa03d4f08d77
results/decoupling-1729/inputs/rates.csv.gz,483773,3e78a84f4ce3bee8a31c44283ecd93358e1e10fdc013cd6b2cbf192106918f4b
results/decoupling-1729/inputs/sessions.csv.gz,369,319bb3cdfe0456da6784af97c2a68c512d4915d7c01294afea25bb2448e8a939
results/decoupling-1729/inputs/theoretical_rates.csv.gz,1011103,90c8715b2c0533f954aeae3382ed8600eed271193d0221b494b4343ed7329811
results/decoupling-1729/inputs/trades.csv.gz,376459,1ea5f839121a88262d43bda6135d442089591a90c3c40095862bfbb3782a3593
results/decoupling-1729/inputs/truth.csv.gz,2504525,2c8a39e2422beb87eb630a3781268e0a742213426777ef4f1ca716f9dfe4558a
results/decoupling-1729/marked-pnl.csv.gz,217677,da02582e803980ddd96191c84c7d156b0427ddad9db6406dc4d769cf8ee9f874
results/decoupling-1729/observations.csv.gz,150158,907e0999b41b704e219666791af08c75334881584e5b4d2a45860d046606c7b6
results/decoupling-1729/predictions-and-outcomes.csv.gz,270766,3cb6b6a34ae7111d771901e89f54c10c5046c5e5b42cebd9a0f8ae161d756999
results/decoupling-1729/reliability-120.csv,166,edeac5df3fda8b3f93ced2a3cd4dca0be638b9b12a2bfd7e2ffb0a7077b1b799
results/decoupling-1729/reliability-240.csv,169,ae53e5fb8601daac4edeb97d10b592df36cc77c29fa6f71360bf68bc909c6121
results/decoupling-1729/reliability-60.csv,215,a96e020c14593041be2c719c60a1150a5535ee4c6de5808b3a13136d2f7fb756
results/decoupling-1729/session-losses.csv,2226,17f55d9c53cfae82c5221eefb82ba85b5b4219c2cd1600a361b795f03bf69dbc
results/decoupling-1729/trade-ledger.csv,81965,cebb8c907b8470cc1a8b6a136b5e954882744271c02bd9e06564344c60385c39
results/fast_decay-1729/execution-rejections.csv,51,77f4125f786fd2eaea076011d536c5da23eb902186052174f1e10af178986dab
results/fast_decay-1729/frozen-model-reference.json,79,281b4c5e8a6dffdc8b0539cd2936b2b0d973031f1ffdd5ef91a720c98c731bbc
results/fast_decay-1729/inputs/bond_specs.csv.gz,358,df4b443451db590913fe57e66a1f4c58645e1296e435932369ec766c1d9c5278
results/fast_decay-1729/inputs/cash_bonds.csv.gz,21753166,f468ebb26efb98c596c011c0053e6220473701e8ca0af1eed7bfea006a27d5c3
results/fast_decay-1729/inputs/context.csv.gz,562971,932c18ab28c2e298dd03fc9b9d9186ca1cc010760ba8cb47b5cda21cb8455f72
results/fast_decay-1729/inputs/curve_truth.csv.gz,842611,8c066ff5af42668d0cbc2eeb3255a6f6d715b2e5a07022c10d4ef8045598189d
results/fast_decay-1729/inputs/curves.csv.gz,14729661,0c40fc5e2eb33fed28d3751380ac0e1e0698c563f90953a838b0bd6e281e9e5b
results/fast_decay-1729/inputs/futures_valuation.csv.gz,2070826,2f0ac993b7a45e5259878fffe969af50455cc6ef0df68b7a4bdf8b50221c3828
results/fast_decay-1729/inputs/quotes.csv.gz,690999,56c2d1679fe7350976847d884fc98c173944564c11846a16601518bbab68e265
results/fast_decay-1729/inputs/rates.csv.gz,482614,9a57f302c299c5fd0e5f97c1d32ed318d17bc395bf82b78c4c08183af6ab4a77
results/fast_decay-1729/inputs/sessions.csv.gz,369,f02c6fffbeb43aa0a41dacf7f74f7b0527398c7135f823729cbe337afe030743
results/fast_decay-1729/inputs/theoretical_rates.csv.gz,1010165,3bc49ced6ee65cfcd58ead43625e889b6e407ad78e95a3ddc4a30fe8a25593b4
results/fast_decay-1729/inputs/trades.csv.gz,375272,97397eef65df6e429e132e9c51abd38b022834e7238ce5b6bf342deb3a5b740f
results/fast_decay-1729/inputs/truth.csv.gz,2503769,f666e00f1d46cfef34932179470b9d34845add83e9861ffd2386724f4a11552d
results/fast_decay-1729/marked-pnl.csv.gz,195933,e397b44e8b11bc3d0bd16d6c87ef9379912b222398774c5ff90cdb63a25833bc
results/fast_decay-1729/observations.csv.gz,149779,ec865b0c605ee06d5a097872b6c5f99571962203f656d94cffc18b2fefb78802
results/fast_decay-1729/predictions-and-outcomes.csv.gz,270130,fc55c3bd01cecbdeaad97fc327bd51746741f1a3b42c8d9136c11d3817449d88
results/fast_decay-1729/reliability-120.csv,153,88c98c8b13314c6e42380adc8493b5b52f236ff2442053a5d97b63a820691b29
results/fast_decay-1729/reliability-240.csv,171,bf585967e565d65c96e889e213a4ceb6879a123ab925becb48891fe7f97f369c
results/fast_decay-1729/reliability-60.csv,169,db954699892ecaa224a3dd3eb6f00a9e5c1b0362aebfc59d5b052c48ea2a9531
results/fast_decay-1729/session-losses.csv,2222,d174cb97f5f6b3bc04f506fa5a0381b021e42e28c80c6a03a9b1a6ce6b6c62cb
results/fast_decay-1729/trade-ledger.csv,74556,04e0d899f0a1341a2392dc22c4c87e0bf0f8bd49ebdeb54e6154c8461e2c1144
results/feed_gaps-1729/execution-rejections.csv,1533,3ea52700ada9515eec9a96b92c5ed57e994a9f4a5b4af5f53d1371110677c803
results/feed_gaps-1729/frozen-model-reference.json,79,281b4c5e8a6dffdc8b0539cd2936b2b0d973031f1ffdd5ef91a720c98c731bbc
results/feed_gaps-1729/inputs/bond_specs.csv.gz,358,440827c47c7450b34db4e596e2271c0fb59ee01481de29e7b962ce35fd6fa89e
results/feed_gaps-1729/inputs/cash_bonds.csv.gz,21774458,52287e406e4d7f3be24c1e1c25a7ac65d21020f2cadfcb51a69c7ff19664350b
results/feed_gaps-1729/inputs/context.csv.gz,562936,aed940975561e54d35bbb1db47bea93501556045ee91c213fc1c181c5874846e
results/feed_gaps-1729/inputs/curve_truth.csv.gz,844347,b2fbba8b155459c1cfdc178d536a6fece6224c9cc26717f7f34551d73f83a3cb
results/feed_gaps-1729/inputs/curves.csv.gz,14733278,4ff1f85937db3120baf002999264e7c997d62220e7286ffb5bfb4b96407edadf
results/feed_gaps-1729/inputs/futures_valuation.csv.gz,2076781,8f5907523cb6b88a968556280b21d24c3bc964be55839ce814a93470c54372da
results/feed_gaps-1729/inputs/quotes.csv.gz,692857,60075102ec94dddc98d426fba1a18d519388c52503d292b10a87281d1fac6789
results/feed_gaps-1729/inputs/rates.csv.gz,483594,08cde392b2763283c6f6d3243021ab0f565f4f9a18e5313adeb0bdea2365fab6
results/feed_gaps-1729/inputs/sessions.csv.gz,369,f003aa0fdd9eb8aabe0c5d96fcb0d9cc85c59b9f1916a0398586e28d59f1da5c
results/feed_gaps-1729/inputs/theoretical_rates.csv.gz,1011233,eda60d04bf65e883c557939286e0bff9f8d7f157b7b0c72f03090ccc2e38e880
results/feed_gaps-1729/inputs/trades.csv.gz,376405,d7884a46cabe563a3ff42deef0b556fb25dbb49de6c069023ef6245dd2459fa2
results/feed_gaps-1729/inputs/truth.csv.gz,2502684,8fd5fc4e758d1fee9cfadd2405131782ff5635290256c1512bcfcae4e3f6265f
results/feed_gaps-1729/marked-pnl.csv.gz,185646,1b5eed3a68d9eccbb998469b50577dcd5aba4364e85e3e3de161a8315c0747a2
results/feed_gaps-1729/observations.csv.gz,144572,016de6b433ec13c2c536a45ed212d10ee35d4de277bb402f592cb03a6c3e4b02
results/feed_gaps-1729/predictions-and-outcomes.csv.gz,198237,7091098ce562d1246de0b47b858fdd4b8f9826d8cfc9eae33ecb125bf33f62cc
results/feed_gaps-1729/reliability-120.csv,154,5e620ca85a7216ca48cf0cfe4f7fca4b00a27ac2a217ac12dfd32ca4df4e01b0
results/feed_gaps-1729/reliability-240.csv,35,dd15132b595348ede006286df7806e9d8b2c4ef6b451ab3b10e51e36c60dda47
results/feed_gaps-1729/reliability-60.csv,156,4d3afa0e2c285f9239fe60b365c8a855de615a5c892ed4a5c7dc2d2f605a6d0a
results/feed_gaps-1729/session-losses.csv,1489,b65dab98ead06e07d5143f96f616c347ba4b42ad3375a4f1483ddd645ce8ffc3
results/feed_gaps-1729/trade-ledger.csv,47452,3926f70a9b962313d4a7e3497151537638d5368531f0d36f302789e9bc3a60dc
results/liquidity_shock-1729/execution-rejections.csv,51,77f4125f786fd2eaea076011d536c5da23eb902186052174f1e10af178986dab
results/liquidity_shock-1729/frozen-model-reference.json,79,281b4c5e8a6dffdc8b0539cd2936b2b0d973031f1ffdd5ef91a720c98c731bbc
results/liquidity_shock-1729/inputs/bond_specs.csv.gz,358,898a87123f79eedad477ecec7b1429a76254d031e16b1384a762db55c1a34889
results/liquidity_shock-1729/inputs/cash_bonds.csv.gz,21789483,3f1a195a49b71d3fafa7d3bac25242614245a664f7bab80ab0bfbdf457789231
results/liquidity_shock-1729/inputs/context.csv.gz,563990,de86c1f9d3e03d8ab73574c3209009a19eb74e1bb6a8fa4abb8b18e52db5ab60
results/liquidity_shock-1729/inputs/curve_truth.csv.gz,844704,e5ba52e4411582be2b4ceba5e6db074292885ec060b72ffb9e466940ef583ad3
results/liquidity_shock-1729/inputs/curves.csv.gz,14740671,b71165bba9566cc43791f76d6d7df1e1215671afdb55e0b5c4c28d7eb02ee4ad
results/liquidity_shock-1729/inputs/futures_valuation.csv.gz,2080552,a8ead3e1bb176f46caad4dbb28a99e493807c2ad254029c0b0a5609db88aa45a
results/liquidity_shock-1729/inputs/quotes.csv.gz,691862,db407e61f8ca601c06a485b8ef1ec6f4c65f3cf8c8f4b22b4d775ef4b1d521e6
results/liquidity_shock-1729/inputs/rates.csv.gz,484109,f24c1669eb816cecdc588fe0e54d88b632a7bc80f4dcaabe0a33f0d8585a3e50
results/liquidity_shock-1729/inputs/sessions.csv.gz,369,657d2495526b31c63667ea4d570e9faf91568ac112a634a7e742e2d0bc35e5ee
results/liquidity_shock-1729/inputs/theoretical_rates.csv.gz,1011756,236921f6c20d91739a4f89e1d419a70e968135545973888a96e84b94d7c6fc6f
results/liquidity_shock-1729/inputs/trades.csv.gz,376887,e8ff27402a1ef5d9f043caf55cb6e2373182ebd55b5a6c9b3fce5a24a7365e0a
results/liquidity_shock-1729/inputs/truth.csv.gz,2504843,e2007745ae8e7e93a529358abcc10aa80ad1f16b74dabb27d49f6c0b69682e9c
results/liquidity_shock-1729/marked-pnl.csv.gz,231816,5a9d0dba1c648bf1f9375acc89f54271ca93bc36490839d91ca647f9ce47c0b8
results/liquidity_shock-1729/observations.csv.gz,150493,be41b176da8cf030c18d4cfdd88124b724b163bfd04d13a6c1a3962392c06071
results/liquidity_shock-1729/predictions-and-outcomes.csv.gz,272929,c829f58c16918b3b48c0c16675be7c33ecc8c462db7603df66d0c7e773a50e9e
results/liquidity_shock-1729/reliability-120.csv,169,16a259d47142a0c3218c1178372894e5776cf81799961b0d8f9d541f3bb89d9a
results/liquidity_shock-1729/reliability-240.csv,168,48575fccd4aae489e794b0c9104e7a7c8376c454806e8647334085387ddeefe7
results/liquidity_shock-1729/reliability-60.csv,214,ecee03b1c9c7cc38cf71ab1fa63fad3835488de62794cbaa7272c415dfe7da73
results/liquidity_shock-1729/session-losses.csv,2342,e79aac52a72c7877452ab8530ab5d8074faa166c3c3d390a5f8e4f546b2a0053
results/liquidity_shock-1729/trade-ledger.csv,80586,07a1bbf256d288ac01be56e62b45ab5e039904423437cb93d03272f6b027a5a1
results/null-1729/execution-rejections.csv,51,77f4125f786fd2eaea076011d536c5da23eb902186052174f1e10af178986dab
results/null-1729/features.csv.gz,6259209,fcb2987340411610bb555ebb0177c52e6b384e87af3c4dfd11240d1dbd8bf08f
results/null-1729/frozen-model/bank-120.npz,717245,24a83ef57c0b6977a7a790f19b7c31365d175fc21d123407d9b4cd20ca943732
results/null-1729/frozen-model/bank-240.npz,598891,251b48a9fa88a4474b8fd040bfeb42f6bf9629ce6d86496308724d4ad9a55936
results/null-1729/frozen-model/bank-60.npz,661733,57663b18a640b12969e588307377fe3bce7f5e659b70b76c42cc26fa724a5649
results/null-1729/frozen-model/deployment.json,173993,4750b9ff4be5fca0f177600c906d1b5fe8b0f7c2e491755228a1ac7d94687a0e
results/null-1729/frozen-model/evaluation.json,3998,f0ef09f6d4e3b960353177d6c99071a624d00201a3d05b50aa48a5011571ea9c
results/null-1729/frozen-model/manifest.json,7431,3c292d4b5c4624ce4d1b67e4efa8d02be325ee1f0366faba0c8409a4bb44a5e5
results/null-1729/frozen-model/per_session-120-local.csv,596,2e7022d163f3c344b266056269ca1e15fe900229658ef274665881c2814f7b03
results/null-1729/frozen-model/per_session-120-mixture.csv,593,7cdf8540b0eca08b4c89d2e2673b7d6587bca344c0f24aaeb2401a9a5bf97210
results/null-1729/frozen-model/per_session-120-structural.csv,599,c323376ec20d3e026783da3f41ec761cd11bad6b10882ea38258d5c1f0847e25
results/null-1729/frozen-model/per_session-120-supervised.csv,595,efbec534a4dad64caefdc0ae224285ac133cab8da51028098c6536f5fdae8bc1
results/null-1729/frozen-model/per_session-120-train_frequency.csv,597,7bf930ecc757b06948afa835ca64dc5f98e98584e48e6d59fed427b07db9140f
results/null-1729/frozen-model/per_session-240-local.csv,600,97a40c1cb2aced19d56bfb047919db8e91d4b3b867f1cf55e1d2f29bd1b5e944
results/null-1729/frozen-model/per_session-240-mixture.csv,596,34d45c77781964e01598b8d7d893096a7c6dfe84bff15f9be3053e7be2a2645b
results/null-1729/frozen-model/per_session-240-structural.csv,597,4f55e1bc4c6cbf825faba7e9695670fb3d1dfb573aa3ea33474f4cfb50827b0f
results/null-1729/frozen-model/per_session-240-supervised.csv,599,65b1da5f2ee1cae2958371062ec434856bab47739b0aab966195b3d1273395d9
results/null-1729/frozen-model/per_session-240-train_frequency.csv,594,afed257d0f4698ab55f20012eee382fdebb120554a15b7d00bafb17ea91772c2
results/null-1729/frozen-model/per_session-60-local.csv,594,9cba907d350f44a05ae7e18ff3598d9d8ebbef2f696834f3bf2c29ca43f98468
results/null-1729/frozen-model/per_session-60-mixture.csv,597,23898040b57d94aba01aa24ce5d78608bab0810cc921054c9f4492566f5286b7
results/null-1729/frozen-model/per_session-60-structural.csv,596,04370edefb01ca59af3da467f53f83d9b24ec4226facaedd17b17c1c0165c96b
results/null-1729/frozen-model/per_session-60-supervised.csv,595,67cba94803da97e277ba3e2ca4ec6145b73ad1384f8f7cb1fc72bf0ab67edf9b
results/null-1729/frozen-model/per_session-60-train_frequency.csv,590,4159e742c26c88856809683429430320aea679921f9a46d6d5ffe4ea38eaea41
results/null-1729/frozen-model/pointwise_losses-120-local.csv,45298,5943a345f8d695cd45bb058453feda6e277df87a290c81a34a43372907d56f35
results/null-1729/frozen-model/pointwise_losses-120-mixture.csv,45309,8049b15e692ef6ea1425bf7ae95b0bebe08e0701c117169d0abf97467aa1a434
results/null-1729/frozen-model/pointwise_losses-120-structural.csv,45293,b2861be0c1a51a9cda84c6e0c4969de39ebe9a11ea7c88e3489bddf99bee6a06
results/null-1729/frozen-model/pointwise_losses-120-supervised.csv,45292,05d520fd9dd47f271c886e48e38da85d0843a7761e92bfe6ae9260045b7cee9a
results/null-1729/frozen-model/pointwise_losses-120-train_frequency.csv,45286,473d6af23ea31a6c29ecd76cabbf216f1f3b2ce0b47f214517c0b2b1beefe18e
results/null-1729/frozen-model/pointwise_losses-240-local.csv,27219,d1dc0b7461d18fe8121082116efa2ed20c56b56b4ea48489c1ac2034637531ab
results/null-1729/frozen-model/pointwise_losses-240-mixture.csv,27219,f7c101809a437cb91c82b51191502bd01e66d0b1d33ea6176d5eaba899d199f9
results/null-1729/frozen-model/pointwise_losses-240-structural.csv,27212,6f6ba1bd1fac36c27064b5abd01981a25899d5bb62181e168d0d41fc19d39190
results/null-1729/frozen-model/pointwise_losses-240-supervised.csv,27238,7fad3d0917ced966e1fcf6b88ad71996cd95f27c21ec3c3d6c9bb5e11b06c180
results/null-1729/frozen-model/pointwise_losses-240-train_frequency.csv,27158,c2ef75aff1962ab362fc2453293b4a88130722c9d9c98641de1d1cb1c2c6d656
results/null-1729/frozen-model/pointwise_losses-60-local.csv,54305,ea074c94fbd540aae9e723f68434823f993505e9844c914265cbe6b31a9f2c45
results/null-1729/frozen-model/pointwise_losses-60-mixture.csv,54336,d83a95ec2baff8479145e04de55a634471cb9d12be352b714dc4f6fe491f0071
results/null-1729/frozen-model/pointwise_losses-60-structural.csv,54322,22f4d8568ec55a554b608176a37722e70fa9466015ecd66010f247e59c72c5ca
results/null-1729/frozen-model/pointwise_losses-60-supervised.csv,54376,11f3683194582b8f7687c8ffd6cb4339c9e5de8420973b37791a24dca4c6bfbf
results/null-1729/frozen-model/pointwise_losses-60-train_frequency.csv,54084,d80adb2f175fdb2dd6df83e394fc10587e264d95e06096ec3c602caf83ea9545
results/null-1729/frozen-model/price_head-120.json,231483,d49aa245cdd0fbc4d7a0588f1a69fb3ae44c627c19112961d8020d6dc7003989
results/null-1729/frozen-model/price_head-240.json,232048,8b9813e0d49b9cd5edc5a4048d22988019054f5c23ddd2a84ef4aba0552493a0
results/null-1729/frozen-model/price_head-60.json,230728,09c277619cb18e8784aac80e40d935cb73f3e6228661f507fbfe80bc8e7c6a51
results/null-1729/frozen-model/reliability-120-local.csv,131,9c9007ce2f754728653821cd0e693b63466d87a64f980797f6a1624cd1f28dce
results/null-1729/frozen-model/reliability-120-mixture.csv,133,49fdb01b2e6e70919f518166af77c2178020be0b0f30fc3c7a67c2ad3d41cfd6
results/null-1729/frozen-model/reliability-120-structural.csv,133,ccd548eb1957c984845a637f70a49ff423358f00a9936614179eae800c073c7d
results/null-1729/frozen-model/reliability-120-supervised.csv,176,d5396f76a6b519b7793832fbc01222d72a4afb403d0f0c7f1e17a9febc17351d
results/null-1729/frozen-model/reliability-120-train_frequency.csv,84,6ae7caec64eff578d7dcf2db20a1ea528f24883d9f96fd377003f88b1e6524ad
results/null-1729/frozen-model/reliability-240-local.csv,115,3328d05f9d77ca13eb9ff50173bec529938d98cb7e94b7e9b6774672f0daf753
results/null-1729/frozen-model/reliability-240-mixture.csv,116,aefdd343a74391d225ac9444668fa8f893da266a8776c9e3375b78d27ed9d6ad
results/null-1729/frozen-model/reliability-240-structural.csv,117,4d7bc5b68a2506451f67dee6b38a98119dbbe79e164c96772860e6e7c766d6eb
results/null-1729/frozen-model/reliability-240-supervised.csv,223,8678477fdefc9f49e6ba5db44b144adb4abb3ea5458a961f13d592f91e0ac76a
results/null-1729/frozen-model/reliability-240-train_frequency.csv,84,75c03378a89e8636cbccaa9c27620c65586279ac296f73f40115160cf0a90189
results/null-1729/frozen-model/reliability-60-local.csv,133,d4db2ea240a1c4f149fba7baf38c94432f713c9a411861fbd9d0b54ffa1411a4
results/null-1729/frozen-model/reliability-60-mixture.csv,129,6196dd23e891aa138383a2a2ae6bf0df8eb7615c06540444ba729127f683628e
results/null-1729/frozen-model/reliability-60-structural.csv,134,bea219189c1999359898026e9258bdbf552eaf01f03231fd78be28b9abb7bdfa
results/null-1729/frozen-model/reliability-60-supervised.csv,176,2bc310de8320a59707408dffd58860896c60376cca0017696b12a3e3d5cf0d29
results/null-1729/frozen-model/reliability-60-train_frequency.csv,84,72c9ccc942a61b45f2850a51d7df8b3d38ba077d84391e9bd6cd89434b5b4c44
results/null-1729/frozen-model/state_head-120.json,383628,6d069de1668ceb96234e24a7f3f58c4a6548a6cf3dfb83c908135dd3ce8fcc66
results/null-1729/frozen-model/state_head-240.json,382315,74b04fcb1b235e84e1ef428bae71c1d8305b4ccb2b28ef9419d1280480f67ad6
results/null-1729/frozen-model/state_head-60.json,381459,5655a5ee9a9537ab1a93d53c2f8b3be1f1a7665e62f70683a9a655417e3e0233
results/null-1729/frozen-model/state_journal.csv,547325,eac009090005596f08c6b6191bbcc78328e6aa258c31cf4ae99d940948163f36
results/null-1729/frozen-model/test-predictions-120.csv,201779,eb9b417844d4542d3c260232393376ac4cdc3187e7406c4662cbf714812af0a1
results/null-1729/frozen-model/test-predictions-240.csv,121652,55e486a5ffffccd3bc602a852b6d6e4b7dff789dc51aae74b5c737190d9bae36
results/null-1729/frozen-model/test-predictions-60.csv,240432,257708583725618fe74d2fe6430f52947f4139080415f6aa162a9f55fdd57649
results/null-1729/frozen-model/test_metrics.csv,1232,00cbf343de5aa629f3cfe52be4623e256e26a2b3cb9a951e2244c951cd10bcf3
results/null-1729/inputs/bond_specs.csv.gz,358,8fc00b161c696aa248095497484efd58e51a42526533bf2de7b9b0ce9566bd2f
results/null-1729/inputs/cash_bonds.csv.gz,21690512,8a6723d9cc32ea1d8816879c6a0a972aa8ca8763632f6af9c615af7cbd9c7661
results/null-1729/inputs/context.csv.gz,561931,e8a2a5eaa1cb496725ec35ac1b87eeddecb646f71b3db7ef5579585986663c0b
results/null-1729/inputs/curve_truth.csv.gz,837283,61b14b75d1f2d992eef9a4d034ba684bd3dfbc8bf8d12e28264c1ee945d41be1
results/null-1729/inputs/curves.csv.gz,14713744,0d100b1a8cf34386006d5d56a878180dde5c89a2e23e4ccd3cda0f4c88c83229
results/null-1729/inputs/futures_valuation.csv.gz,2046222,d5aa162513b2e8b88234d040a9b85bc88d575954c709a82f6a6b3a7227e91be4
results/null-1729/inputs/quotes.csv.gz,684394,383cde438003bddcfb812eb0cfe13c3e44f31a9a8c90f72308151baa9ce0d404
results/null-1729/inputs/rates.csv.gz,480491,c97ab6f41c20b2239c9fcd2ba880bbcd8a1e0ae87c21f5f0ee0fb68e6158ae1f
results/null-1729/inputs/sessions.csv.gz,369,fddffeb9e3b080f0468d2ee7451c4af483cfd1876b4621cc758c96e46868d244
results/null-1729/inputs/theoretical_rates.csv.gz,1007886,9503fcf64af86176e084935c933342626369ea4e99d8013bc0adbeb631d289a9
results/null-1729/inputs/trades.csv.gz,371149,f2113f6cc73a313cdac6a489e35f195e8b05bf1e6ab064b6b02e08c300dee02a
results/null-1729/inputs/truth.csv.gz,2129664,4fa5ba7a34630fb8c4ee0bc47a66aa5eb09fa418c6f5f2dedfef33a3815eec43
results/null-1729/marked-pnl.csv.gz,196067,5cf370fc77d59e21bf88006d3b636c465a36170d07909e013e879c5c5cddec06
results/null-1729/observations.csv.gz,146417,4e19f03411680b706ceaccaa570bd153ba528828580f98e8294794e2d7bc696e
results/null-1729/predictions-and-outcomes.csv.gz,270362,be2b472ac46a5b88751d6cb882f1e90083757bc3be27ed67d2bd1ed55e73e81a
results/null-1729/reliability-120.csv,128,419d2d352902c4e3279171ddf47f32d3fed4d0435e54bb916c2a907289e85e2f
results/null-1729/reliability-240.csv,111,b46f2d6e4864425e17002325409f40b19c11aa8c40549750d18c459198101066
results/null-1729/reliability-60.csv,124,5971ccdb7df5e9fbc12eeccf2e492a07e7e8f66c687fc325d83c516268160e01
results/null-1729/session-losses.csv,2085,e21470a564161afdd8e6a02410dd60c3a169c432e07db82406584d6fd7e780b2
results/null-1729/trade-ledger.csv,69279,0f99051aa1874b95f85b855af929d9b62d35a28e825b74bd10cd7849a2ea0ccf
results/null-2718/execution-rejections.csv,51,77f4125f786fd2eaea076011d536c5da23eb902186052174f1e10af178986dab
results/null-2718/features.csv.gz,6281469,a1ce8b81c63d390866daac47e45d4c6e49a77077b30f4005434035a64cb15c36
results/null-2718/frozen-model/bank-120.npz,717193,774c9b1ab2f58116bceca9eddaff4879bf55ac5476a1038502dedfb241e014fb
results/null-2718/frozen-model/bank-240.npz,597513,fdd5cefc21d7e15f27ce091ea2b82918f84afbf0c4b28f84055a06375a44e73e
results/null-2718/frozen-model/bank-60.npz,666669,a176aef6484a155dc4ae15d3eeb4b8ca734d8c608c37ee2439c3be5558d841bf
results/null-2718/frozen-model/deployment.json,174021,6501879359bd9d6c04b8420d1eb321d5259ecd158b5771ff901c53487cddeee3
results/null-2718/frozen-model/evaluation.json,3968,91975297057a96fec029ec6308553359d49e47109355df263293dc8c3e89bb3e
results/null-2718/frozen-model/manifest.json,7431,0cd915f91c7c81f30ba0262bcf0e5b3c1b610184b1fcc84e4f467c8ee8c0a6ce
results/null-2718/frozen-model/per_session-120-local.csv,598,62c5481d9d814c800400da18b75303af0c4bf86cc0716841ad97b06cdb17827a
results/null-2718/frozen-model/per_session-120-mixture.csv,598,490eebbd1ec1ffca21c3213063e4d1de08f8a75910cc21a6674bd4c7e3a22a7e
results/null-2718/frozen-model/per_session-120-structural.csv,595,ed265d15055e9c701da2d73cae40b69e42d4f44e0018cf11f1677ea01c116b61
results/null-2718/frozen-model/per_session-120-supervised.csv,598,7a5e92017f8269154ae2f5daf1b9523ae64c88dfb06c8993849f13362e95e120
results/null-2718/frozen-model/per_session-120-train_frequency.csv,594,f00261ea805fbe4eb882cf5a95fc6cfd9199eca24231fbf56422e9ad1d0eba57
results/null-2718/frozen-model/per_session-240-local.csv,596,e6281ce1a68ec994e64025d5c5047fee50c176637bbea68ab7ed7f8256a1a2be
results/null-2718/frozen-model/per_session-240-mixture.csv,594,44b8fdd4d7789a1e037abba1df69482f253e599d378d2308b2204d4effe79883
results/null-2718/frozen-model/per_session-240-structural.csv,596,fe17177da90deb94919106710470770cbd5d1211486f7c643bb71faa1d3e5511
results/null-2718/frozen-model/per_session-240-supervised.csv,597,39af6873fdd37320d8b45252d4b37a0b65cc54a3fc66add9057c37ef0a93f354
results/null-2718/frozen-model/per_session-240-train_frequency.csv,594,6239de5467b8faf51ade00a76c56e8a2291ff5bfc5cd1bf8269a34290e623075
results/null-2718/frozen-model/per_session-60-local.csv,593,648abd858be3ac8f3bd3a6be14f2aa3b94f84ad6ce12594ca9cd1b3c1cfafcc7
results/null-2718/frozen-model/per_session-60-mixture.csv,595,1417f5273822c4b48c0893528062b7c51695d53e4e7f5c8a908a029af9e97567
results/null-2718/frozen-model/per_session-60-structural.csv,592,d3c9ce1e94e0bc77264d9577fdd157a73c67e6a6a2c799d347ec699868f7b571
results/null-2718/frozen-model/per_session-60-supervised.csv,594,cc21ad3b76f901cb1c940d9d324d21de502912936bec202de8e74b6f5c9f360e
results/null-2718/frozen-model/per_session-60-train_frequency.csv,595,eb2e082a5d4b5514dd985a98b0d6de4f16e5b4891c523750c1b3bbc4c887cab9
results/null-2718/frozen-model/pointwise_losses-120-local.csv,45244,c5d590d9e6c0485b892f3e88e053b4816df4d09b823f343ef8424233a0f094fe
results/null-2718/frozen-model/pointwise_losses-120-mixture.csv,45296,7d05d0d1533a290fcb201fc53ef0d61ed5879e1f4bc8cde95e33223243e0f42a
results/null-2718/frozen-model/pointwise_losses-120-structural.csv,45242,328513e2859a6f03ae69a3c95741573c8563d2a0a69a792542b3a593e6eaee5e
results/null-2718/frozen-model/pointwise_losses-120-supervised.csv,45302,27cf6f20572ed063b6d05201bb80566ac2c53ec1a8dd739c31d9ea727d1f5f98
results/null-2718/frozen-model/pointwise_losses-120-train_frequency.csv,45439,d4bc5224711d950d7e4ea97142120ee7e36f7b455184062b3fb19e9df2972d64
results/null-2718/frozen-model/pointwise_losses-240-local.csv,27229,7a82181353b53c4cb4dda7ea4e9dfbd02e26ccec0d40c2096574c1ed97549f23
results/null-2718/frozen-model/pointwise_losses-240-mixture.csv,27198,3c1e9d7df3e4d5414189d9b2e791a4b1a06a2819002912e04a32f79f5932595e
results/null-2718/frozen-model/pointwise_losses-240-structural.csv,27223,e6e678b3ef28353004184f8373fe6d8b4ca363da7b250919cf4fb274adc6f5fe
results/null-2718/frozen-model/pointwise_losses-240-supervised.csv,27240,99fb49edd3c2e1eee4439f3c40d7680944d243cf0b83662fa06726d39e63baaf
results/null-2718/frozen-model/pointwise_losses-240-train_frequency.csv,27158,0ea76c65b4c2832ff8829e7e34f5ed847cc49ad2a390dac833cd6252eea2c6bd
results/null-2718/frozen-model/pointwise_losses-60-local.csv,54275,607e9340a3689d2217c0fc5b7379f1b566aa1aaef0f67bdc94b5eeaf143b9556
results/null-2718/frozen-model/pointwise_losses-60-mixture.csv,54323,508d10357194939d1aa48945c9f7bf47dc79941c2100e237345766a4cf6dcb3d
results/null-2718/frozen-model/pointwise_losses-60-structural.csv,54285,840cabe080c71d8b42fa97d733eced337ba509004afe2edf1a984bf0eb8d4acc
results/null-2718/frozen-model/pointwise_losses-60-supervised.csv,54383,b2e69a50a68c68d9d5af6a388d15b9b7a4bb505ddbc753e4a1f8eaef99fd8f91
results/null-2718/frozen-model/pointwise_losses-60-train_frequency.csv,54465,08a83c9d15553345bbca39c58a95e8127fcbfb1f654e54b5aa4057e1b60ad4dc
results/null-2718/frozen-model/price_head-120.json,228424,5a4098753455ec183f36f09c1fb647e21a786162be0e1316a6864feca8f96282
results/null-2718/frozen-model/price_head-240.json,224799,b2152391545c936ee1fe19e70be3e872d9bfc04fbf5c554d865619e96f8e050f
results/null-2718/frozen-model/price_head-60.json,231594,2c2d9bd2b6dd90a24db4ea6882e669b371ec63ce4ef2f2901110c234b11d3ad8
results/null-2718/frozen-model/reliability-120-local.csv,131,831aedeadac45048d7314489f48337ab28c2063e376e6a0d8f93e28f23ba816e
results/null-2718/frozen-model/reliability-120-mixture.csv,130,d3f0efaa618a79c57c89e3376a9488664d0ced874b127eba16e495c3c1536a98
results/null-2718/frozen-model/reliability-120-structural.csv,130,eed384027e753215c09b6eaa3bdbb03d2ff97e91658c42181927074476df2003
results/null-2718/frozen-model/reliability-120-supervised.csv,178,20c74e2b6d0c41c7a664996ce10bf4540395004fbae76a9c027a055937b92771
results/null-2718/frozen-model/reliability-120-train_frequency.csv,83,ca9de50bcf910229bca8e191b92fdb2b1ecb1b597f3960b432dcadc757726d91
results/null-2718/frozen-model/reliability-240-local.csv,114,b9c93f2f10ea67c75ae4a828ca37f916e3daf5c53541d450ff9086ec61047e43
results/null-2718/frozen-model/reliability-240-mixture.csv,114,b08de2593a9d3784f7949e8eec25821922d51b8c70feaffc18cdfc5995b6199d
results/null-2718/frozen-model/reliability-240-structural.csv,117,23fed86fa225864cc2c2f21831ac3f6a77ea5ff1a5f95e311fda9532da4f5650
results/null-2718/frozen-model/reliability-240-supervised.csv,177,02b34ae1b3a73d6835c041b6fcf8aff285c806699ba7fa3ec671e27d11f93a82
results/null-2718/frozen-model/reliability-240-train_frequency.csv,83,d76a08368296592fe70b499d3afd79f8353280ef8864d6ad3c125e61245aa88d
results/null-2718/frozen-model/reliability-60-local.csv,117,40100b0f992a09481c125bd64499e240ea89ef5c0de1f9d95ceac3aed8c4d9eb
results/null-2718/frozen-model/reliability-60-mixture.csv,161,ab861877336d137ae47fd87c79514d646361c7718103ef6d4a410778556f779b
results/null-2718/frozen-model/reliability-60-structural.csv,133,d7d3725233c87a1aba488c0d598b04ceb5533ac25a51be9fbbe72e65b7c60cdc
results/null-2718/frozen-model/reliability-60-supervised.csv,177,40d7ffceb81528dc4fad55281230491aab1a3f5e9b5edbbdb64155a2b885423b
results/null-2718/frozen-model/reliability-60-train_frequency.csv,84,9a6fe887f7479ab61dee374d0bd924de9d865cd6aa67aa9efdef5da33f93aa06
results/null-2718/frozen-model/state_head-120.json,384207,1349e78a7b67417b707b38d09c609fb208b51d0391e857d91c544a7cec39358d
results/null-2718/frozen-model/state_head-240.json,385952,0bdbf47eb5dfc6cfb65cb960e1ef2e0750fa74140dc17339911ac8985162d228
results/null-2718/frozen-model/state_head-60.json,387379,fe56a64896c017d4c14e6c00a619c03e492be029d70d61d4e413f1ea2fe1541d
results/null-2718/frozen-model/state_journal.csv,548222,2bac13f6196f7a3e9823e8ebd5d0411e5ff599042ebb80ea84a3a755341d8c18
results/null-2718/frozen-model/test-predictions-120.csv,200968,9463f0d59271508717f86f964f0a732d6f0da5e32d6c114cfb61cbe8cadf19c1
results/null-2718/frozen-model/test-predictions-240.csv,121121,1ba08d8d2eaff338e0cb1168a778678643ad1eeb20f3b0e1f64c1aaca7c93e3f
results/null-2718/frozen-model/test-predictions-60.csv,240211,8d75f2347de761320ccf93833a4963da510cbd37e46abfb35e826bcba4e05a3b
results/null-2718/frozen-model/test_metrics.csv,1224,2ef424e13e11996e066f61e46310ee8c38cd2da0d0c1aa10eb472a2b4124658e
results/null-2718/inputs/bond_specs.csv.gz,358,ee18c12a2bf4984f5e6f73fe13c17cfb26d99a5fcdcf4d8d4d558f8e8d0cc625
results/null-2718/inputs/cash_bonds.csv.gz,21715221,5599333c13ceb444b679df6450fadc8582ba53b8342a636e7c710665183e8817
results/null-2718/inputs/context.csv.gz,561160,2fdc2d6e00a4ec3c7a250cc8dbdc7f05fc22f6f75cb576d90660a08bb69ab097
results/null-2718/inputs/curve_truth.csv.gz,837909,5a6a8afe177385ed34522cddbf28fd445849e94f00c6df7dba7b1da9d12c70d4
results/null-2718/inputs/curves.csv.gz,14704211,274848289e792f5cc27b242aaa522c01041c4b51bdf4162a9bd181fabddaede3
results/null-2718/inputs/futures_valuation.csv.gz,2048997,8d9fea3040208d8cd6fb9bfd6f328586a2b8e78bc30cf2826c7b9cf19fa2425d
results/null-2718/inputs/quotes.csv.gz,690589,ba6f55dcecc1051e0fc3b59c52e9f006355501b7ead6b81469a92010400cb4ea
results/null-2718/inputs/rates.csv.gz,480853,9d18b12a70847db8b5b234696053bbc1aebafcc7cbfc668ba0612ed2b7a49d6c
results/null-2718/inputs/sessions.csv.gz,369,dc77a10f6476bdb83b863d61530bd0b8745b957a0908e79c3c0fa55b399c9667
results/null-2718/inputs/theoretical_rates.csv.gz,1008655,8c71819edaa33fd3262dd4443a121fa82807018d8b975616789f5bf1dd345797
results/null-2718/inputs/trades.csv.gz,371565,809c551176a647b73e95c9b01c8b8d182dedcee2d81186d075af9aef06099af6
results/null-2718/inputs/truth.csv.gz,2130292,00e26d25cedade4c8f5122023a02194c34ff325715aaaef599e6418448f53f6c
results/null-2718/marked-pnl.csv.gz,184671,29e0ee133f77080852860a76f7367ea3b184d802f4a497fc0c7ea4be3a1258f5
results/null-2718/observations.csv.gz,145832,0a2688a0a8d29775c2206a7b58c22db7265e047579d4c6c1284123fbfeeae709
results/null-2718/predictions-and-outcomes.csv.gz,265941,4104d0d6a0458bb1de3850e0304667762924534c2d4a6b57248f532796519b6e
results/null-2718/reliability-120.csv,125,0ac3325e0fed52df4d2cb204c144bc0495efd80509e2f83b470cc7bf67c9cf82
results/null-2718/reliability-240.csv,109,2e26db3cb63c49874008af2022c90cd1c153d0221397be3cee4973b49d6a6c31
results/null-2718/reliability-60.csv,154,a4f80053120d09a60dcae34c5fc01a8b4166e7d0e72a20c1253f7183dc0351eb
results/null-2718/session-losses.csv,2092,597d9de0851d1b23306a75775bcaca7f1f646bd6208fdc59edf928a96604881c
results/null-2718/trade-ledger.csv,69081,9ffb98add61b4e39e8f3a615bc23565f059731273b3912be16797b6248c56612
results/null-3141/execution-rejections.csv,51,77f4125f786fd2eaea076011d536c5da23eb902186052174f1e10af178986dab
results/null-3141/features.csv.gz,6304040,a47273aa995b194e9954c17a9bb069baffe5d451061c57f6b10fa88261877bbf
results/null-3141/frozen-model/bank-120.npz,712074,c848e16f84b3b56154767ab9a3f3beca655ad13dbc4df98ed61b24382cd0a44d
results/null-3141/frozen-model/bank-240.npz,593578,90e288455bafecf98c245e1adf1a41fdd4986dd5d659f2a69bfd655747c15dc7
results/null-3141/frozen-model/bank-60.npz,660112,210fc55961014ea9c1f02a8b88f92f11aec3870e79c937f30cd130b8c4c1dc23
results/null-3141/frozen-model/deployment.json,173991,cec0ce3e50f15b23db6c69835ac1a9cc36369ec9e8cdd96530dd43de9d1c9961
results/null-3141/frozen-model/evaluation.json,3981,34a028c24cb30254f6bfb19e97ba233d874de9fa1454423f51c1451d842d97bb
results/null-3141/frozen-model/manifest.json,7431,349eadd18d69aa7e10a25ab04b6058d6e42d0ed88ab4372c17a11c0d0c5661cf
results/null-3141/frozen-model/per_session-120-local.csv,595,009d20839ed7fcf91814ffb45e1980c6553c3aa9e8345192e67cb334a7a149d1
results/null-3141/frozen-model/per_session-120-mixture.csv,596,2851a0399f767c6b240acf8bd51a3a409d538ac1db11c64cc32ad7a5848f5f0f
results/null-3141/frozen-model/per_session-120-structural.csv,599,94b9325268be06f81d2b48b69f2778910aa0a2ed38a83e114a246b7113cc3759
results/null-3141/frozen-model/per_session-120-supervised.csv,594,2504213f91bfc4284d4e51d604a675ab54e93189f7f290b3bb41a75287173eec
results/null-3141/frozen-model/per_session-120-train_frequency.csv,599,88cb42e5113e344ae7c762d94f2fd873fde567c01f4e81430352a98a4b6e3d1b
results/null-3141/frozen-model/per_session-240-local.csv,595,a8f05bd3d28feb4875365b8503fb50b3b8af6ad0b2cec41015f2a2c33a49f9c5
results/null-3141/frozen-model/per_session-240-mixture.csv,593,7278076d992ecdff8394f29b51bdd12d257a07fc70f0fdec5a6a9fe5f98c660c
results/null-3141/frozen-model/per_session-240-structural.csv,594,44eeb0f46c43fe910b131400d5a52dd71886c8d86a0c48dfea304ca39562937d
results/null-3141/frozen-model/per_session-240-supervised.csv,598,241eef8daee0557fe5b56ae8ad9e76dc775b3ad5f660bd96ef608c755685d436
results/null-3141/frozen-model/per_session-240-train_frequency.csv,596,a233e1ab925d6d9e8e7b3c92fe68dbbfd854afbf126bfde6e2d6557a6461c816
results/null-3141/frozen-model/per_session-60-local.csv,597,aece0e19b7d8a277d285f6dbfe2b265508ca55657a6b994b6539dc9ca55ac08e
results/null-3141/frozen-model/per_session-60-mixture.csv,596,5b87356c9d8d2e309e5df7228df7d748fc828768622c5f5cbf29c0d39d047573
results/null-3141/frozen-model/per_session-60-structural.csv,600,e3c1259646e960922ef217aa6d69488400fed590d3171144f7e04ed0a3e67193
results/null-3141/frozen-model/per_session-60-supervised.csv,596,dbb93fdf0159ff10a8139d1cd646e68f5a4299f056347712d6aa60ecfe044a52
results/null-3141/frozen-model/per_session-60-train_frequency.csv,594,1546dc77b36f9ac48e4280a76b4271203a34d10ac4d60993962b467c35e1a4ef
results/null-3141/frozen-model/pointwise_losses-120-local.csv,45244,675daa02457f5be324239545b2987d71b3e97c4478dc3ef137c9ee9556f561e5
results/null-3141/frozen-model/pointwise_losses-120-mixture.csv,45297,839c3483c2f4eff33d70d72b2eaa9be1af9c7d93dcb95b9ab236a1497e65fc2f
results/null-3141/frozen-model/pointwise_losses-120-structural.csv,45262,cce32546767bfef0b5a38ba395ca5cc622961bcff7c2d33a71048206f6a970a8
results/null-3141/frozen-model/pointwise_losses-120-supervised.csv,45270,5a5e03f1e814fb47c33b7eb7ad87ef57d7b3097ae03c14b856fd21612815ef3e
results/null-3141/frozen-model/pointwise_losses-120-train_frequency.csv,45264,95f6e52f0f23327b1e6ffeb55155476fec883d333e34c66d36b1eefd3dca0320
results/null-3141/frozen-model/pointwise_losses-240-local.csv,27150,a37ce6d8df157fb756afc387f4a9c53866d8e6f1e574dddfb594d23e686f6ffc
results/null-3141/frozen-model/pointwise_losses-240-mixture.csv,27163,4c0b763c326d2008a385f7de535f96b122371c62e12a0dd8fc56c08b0492b965
results/null-3141/frozen-model/pointwise_losses-240-structural.csv,27173,f9a2a7f66b6863188a8500da56e62321790764ce1c349f1e81ffd9e26ffa7315
results/null-3141/frozen-model/pointwise_losses-240-supervised.csv,27187,53ba9e76e99c83aef02219c922bc9a08d4ebfd65009e849305cf3e28b9451e51
results/null-3141/frozen-model/pointwise_losses-240-train_frequency.csv,27150,b298cc08b0ff3aa28cd5713bfb9cdf7e7b5ea35d9c8fe290696527ad6f399426
results/null-3141/frozen-model/pointwise_losses-60-local.csv,54306,f058a25b9d7aaa8d71992d3beb34386925d0d9f3902cc632f1607120fea09b29
results/null-3141/frozen-model/pointwise_losses-60-mixture.csv,54235,b87bf2a5b40a587f1cd761985854ebf0f80b26d793308d937dcabbf57423a8a7
results/null-3141/frozen-model/pointwise_losses-60-structural.csv,54268,a8bd0bf5b4149d92bd62f928590980604db6482702a5f4cdb42b16adc549892d
results/null-3141/frozen-model/pointwise_losses-60-supervised.csv,54375,727ba4b959c6955bcbb990a1527344818b5e2f20c86c30c7811e4eb0dde7e02e
results/null-3141/frozen-model/pointwise_losses-60-train_frequency.csv,54437,bc647396087cc0cf813b6b7348e0227b477b90fcbdf7863beb09a6cea104d1e0
results/null-3141/frozen-model/price_head-120.json,231518,32ddc8d29c04a30dda05a1adcc9399d3982f22004e54f75b9390156073118827
results/null-3141/frozen-model/price_head-240.json,232024,c8d4af76756094a3bb410fcd0064749f884d486d2daec8fcc2e5ea02c8806ee7
results/null-3141/frozen-model/price_head-60.json,231902,b3668155450ccc6667f315e980549d0efe939d4dd48afb1a25aae176c181af67
results/null-3141/frozen-model/reliability-120-local.csv,132,f9fdac57962b947519d248363adee408711d392946d7b0917094dcde1360c213
results/null-3141/frozen-model/reliability-120-mixture.csv,131,964053f3159703ed327af20e56e2e21e54570a2438107e20bceb822069946e4d
results/null-3141/frozen-model/reliability-120-structural.csv,131,d6e158c052e55b8ed0ede793d025b29cb8bf0f2f55e7931999de835593f4df9b
results/null-3141/frozen-model/reliability-120-supervised.csv,179,98d2f6f202a9857c10a8ad90b558d70b0f27fe6a10074706060992e333af9ecd
results/null-3141/frozen-model/reliability-120-train_frequency.csv,84,a710bc2e37ceb270bfbd289f9c60b2b8aca6495fe6c684482c9ce7c85f979825
results/null-3141/frozen-model/reliability-240-local.csv,83,a3f156b90243aa92d343a87b8319c987c7868bfa397cbab36689fba49423079e
results/null-3141/frozen-model/reliability-240-mixture.csv,133,30b83f901ac7aad040f2fe360ee99dba8be2f4708437848cc07272d3dc978b19
results/null-3141/frozen-model/reliability-240-structural.csv,133,30b83f901ac7aad040f2fe360ee99dba8be2f4708437848cc07272d3dc978b19
results/null-3141/frozen-model/reliability-240-supervised.csv,176,42c52b26e42ee3816e76556312d5666e7b3611531074ceadc979a76d4533a1bd
results/null-3141/frozen-model/reliability-240-train_frequency.csv,83,d07598bff269379d25fa43e0537716659e81b4b56c42ba074be2c33eb65173b7
results/null-3141/frozen-model/reliability-60-local.csv,84,aea1b11c923d36ef8313ff07ce1d71db202db90dcbc156e27b862fbcae0ecf5b
results/null-3141/frozen-model/reliability-60-mixture.csv,132,011bbbafbd857bf73533710d5002b8af0049964677a0420a9a0160fd257c6a7e
results/null-3141/frozen-model/reliability-60-structural.csv,114,34760638d3a0bd5fdf76d2f41dcd2ffde893def6b5e6d3e670a0cd51c067bfeb
results/null-3141/frozen-model/reliability-60-supervised.csv,179,f47cdab8acb39d5b7cbdf2d873a6540566993aa89edf8c2042627b1bd411b467
results/null-3141/frozen-model/reliability-60-train_frequency.csv,84,eb77d2704b4b1e342eb301bd9912aa548e916fc25534987a16a6ba15d0fd395a
results/null-3141/frozen-model/state_head-120.json,383649,450d9055881a19193ce4cfeaf83e683efe9ffeb8ba3db19eee77144f2949943c
results/null-3141/frozen-model/state_head-240.json,385596,dfc0c5097c33968a380147e679d88ea08f58b969252305e550f57e1b80283196
results/null-3141/frozen-model/state_head-60.json,386441,35235496d1bdc2fc820b074da52dd4c1ca823ab9fc194c5a151d370d62ce0e63
results/null-3141/frozen-model/state_journal.csv,547707,0150cd8d9b4c496e40ba42b701e1e377bd953688e8ede16d68dc97fb48d7f7c5
results/null-3141/frozen-model/test-predictions-120.csv,201835,c9111585a8c6ea5627da247544b3084b152f379e39e3871adca2ad4bd44f6ac2
results/null-3141/frozen-model/test-predictions-240.csv,121811,e5b6c88b58bae81ac0b6e638f7549021830a6b48d924fd8fa15dc97abcf48b42
results/null-3141/frozen-model/test-predictions-60.csv,241465,cefd1fe9792a4584569f972e0d0d63cfbb7bfdce88598812d86e29a76ab6e80f
results/null-3141/frozen-model/test_metrics.csv,1229,a38c98baeae5658c1f65af9aaa68468d0d1f44fd5bc5422416ce1b7ef70b0e39
results/null-3141/inputs/bond_specs.csv.gz,358,20003302756bc1fd1a150694ee35121b0aa7e32347e53fda386619051c88a926
results/null-3141/inputs/cash_bonds.csv.gz,21715492,46e76e6979dcadd8181e0f21b910569dd4263acfca70bcec8f403c0b244ad3bd
results/null-3141/inputs/context.csv.gz,562219,3bec614e4c35f54d74f03af4359e6ef3b9a1be7e79757fab91e366ff01a7d9e7
results/null-3141/inputs/curve_truth.csv.gz,838644,218311ec3ccbed50fb52dd2928db8d91fb6165a886060a8f66abb0c512d2a767
results/null-3141/inputs/curves.csv.gz,14710763,bdaa84c991dd27273fa7674873a419b4135502fabc79438d85b9ec4c94317a26
results/null-3141/inputs/futures_valuation.csv.gz,2054161,9182970bd856cb1ff69bb48a09bd21a730ba995f85a99f7079761ceb2191b826
results/null-3141/inputs/quotes.csv.gz,687118,2484a99220bd9277e9c8685724fe09e9dc83a6d5ebea41fd4a6c7808dcb69687
results/null-3141/inputs/rates.csv.gz,481310,463cbadf19013bb5c2dd70ae9b17af12b5bfa560f60c775ef65539f946ccc6f9
results/null-3141/inputs/sessions.csv.gz,369,db724cc7532d9ca0c8e95761b03d315519ecfbb83c0b51f80436d592089a1e56
results/null-3141/inputs/theoretical_rates.csv.gz,1009277,cd31cc52f22ac292f568f318705877ebdeb73220ac1d68f028ee32ced41df500
results/null-3141/inputs/trades.csv.gz,371703,36f456ef5507180929f483d3a7aaa03dbab5afea4ec92e2c7e79ff7300852d4d
results/null-3141/inputs/truth.csv.gz,2132651,8f42f21d33e6936a9714e84d8a3b33c60729f548106f997a7173b3b40ae3a06a
results/null-3141/marked-pnl.csv.gz,195043,2e4902e73d321a518256178bbb917f9a607da3b1a3a809b234ae1fff862f006b
results/null-3141/observations.csv.gz,146094,e78c4e2902da72bb9150deea93c79fb652fe9c79cd6ed8ecf73321481ebc21b5
results/null-3141/predictions-and-outcomes.csv.gz,267845,6ce317d6714f999ca88cfab0bcf3cf17aa87c413a911004480c782ab1694f79e
results/null-3141/reliability-120.csv,126,b97c0cae34b6276a46e8fd438c52f42f639b11a09293af6b8976fd6a16a8d263
results/null-3141/reliability-240.csv,128,53fe02fd0d121ff1008400e31293dbdc0bb4e2069f1df0ca413c82e392306bcb
results/null-3141/reliability-60.csv,127,f67569a354833857ba4b155bc7ca0f4f479ab998ca03646a4b0474ad0e7873c1
results/null-3141/session-losses.csv,2086,a1a93897979421c5c66b3661e7875120359149dd0bbe002964f10ef2e4c4fd79
results/null-3141/trade-ledger.csv,63240,ec410ed95a9320a348787aedc491676388157768f778964a8a8850c1017e7204
simulation/__init__.py,455,f72e46ce92413577f12036cdcd53de8fdb11fe8dd4af4708abe5f434bb82ab6a
simulation/bond_ecosystem.py,10987,415b7619e973fb677662bd0ccab9d7645e05de72c33c4c126fb5b4fd73e7424d
simulation/package-lock.json,6209,0a67658ed16d1971db6f36f814201c948216c9c9bd194cf0f5f41a9809791e4b
simulation/package.json,244,5e91e21013625a7565a29c892272f7fccba67cdc0f2d99459fbd254bfe8dd35b
simulation/render_report_math.cjs,2319,a88a1a7f4aabed15dad0302ca8ebc78418e246343854414910e2dbd6857c5ec2
simulation/report_narrative.py,52307,13a26e1c7d67af3ee339260acddb91e90b4b6cf44c777ed2e6db40b473f21134
simulation/simulation_report.py,23501,ae76fecc5863532fd86eef1d1bb333def882a633e49009df694149c98eb5b43a
simulation/structured_simulation.py,27922,aa2b3f7413640989600b78836a7dd9922ca29bedc2223a00091645a70e0b7258
simulation/verify_bundle.py,3504,362d607432606adc55ca8053a927e35a39ac3edd5c5fd28d1042e6e25cef59ef
simulation/verify_report.cjs,2718,1a23415e880d3f2aaf1ac4f8ab40b548934bafc8d134dd0f0ccead74b35c5643
simulation/verify_simulation.py,10091,ffe8b2e218e8722f8b83dabc6414135073b67bde71b7f450ebe23e3152829729
simulation-results.ipynb,5210754,d562a6cd02d61cc9c9c6dd63fd2f461a223a731c9f9bbbc26a2eff32bbd5fbba
source-register.json,1699,ab7a2d67e94e12628988828cc7905a9a6e2c3856dafd77d9e3d4d7d0d7f22a87
verification.json,2384,a3ceb9d48ca5172cbbd2a35ada51f3ab2f3e25024051a59f27c73720cae1a244
