decision_time,session_id,segment_id,valid,state_id,state_age_minutes,flow_available,flow_pressure,absorption,response_z5,vwap_available,recovery_active,recovery_failed_now,recovery_failures,reference_available,reference_residual_z,minutes_remaining,minutes_from_segment_open,state_0,state_1,state_2,state_3,state_4
2025-01-06 13:00:00+00:00,2025-01-06,2025-01-06:1,False,-1,0,False,,,,False,0,0,0,False,,480.0,0.0,,,,,
2025-01-06 13:05:00+00:00,2025-01-06,2025-01-06:1,False,-1,0,True,0.17041800643086816,,,False,0,0,0,False,,475.0,5.0,,,,,
2025-01-06 13:10:00+00:00,2025-01-06,2025-01-06:1,False,-1,0,True,0.02702702702702703,,,False,0,0,0,False,,470.0,10.0,,,,,
2025-01-06 13:15:00+00:00,2025-01-06,2025-01-06:1,False,-1,0,True,-0.01483679525222552,,,False,0,0,0,False,,465.0,15.0,,,,,
2025-01-06 13:20:00+00:00,2025-01-06,2025-01-06:1,False,-1,0,True,-0.21686746987951808,,,False,0,0,0,False,,460.0,20.0,,,,,
2025-01-06 13:25:00+00:00,2025-01-06,2025-01-06:1,False,-1,0,True,0.17964071856287425,,,False,0,0,0,False,,455.0,25.0,,,,,
2025-01-06 13:30:00+00:00,2025-01-06,2025-01-06:1,False,-1,0,True,0.2759493670886076,,,False,0,0,0,False,,450.0,30.0,,,,,
2025-01-06 13:35:00+00:00,2025-01-06,2025-01-06:1,False,-1,0,True,0.1870967741935484,,,False,0,0,0,False,,445.0,35.0,,,,,
2025-01-06 13:40:00+00:00,2025-01-06,2025-01-06:1,False,-1,0,True,0.31351351351351353,,,False,0,0,0,False,,440.0,40.0,,,,,
2025-01-06 13:45:00+00:00,2025-01-06,2025-01-06:1,False,-1,0,True,-0.13793103448275862,,,False,0,0,0,False,,435.0,45.0,,,,,
2025-01-06 13:50:00+00:00,2025-01-06,2025-01-06:1,False,-1,0,True,0.12751677852348994,,,False,0,0,0,False,,430.0,50.0,,,,,
2025-01-06 13:55:00+00:00,2025-01-06,2025-01-06:1,False,-1,0,True,0.022082018927444796,,,False,0,0,0,False,,425.0,55.0,,,,,
2025-01-06 14:00:00+00:00,2025-01-06,2025-01-06:1,False,-1,0,True,0.1246376811594203,,,False,0,0,0,False,,420.0,60.0,,,,,
2025-01-06 14:05:00+00:00,2025-01-06,2025-01-06:1,True,0,5,True,-0.24444444444444444,0.0743584888053315,-1.1900902220459235,True,0,0,0,False,,415.0,65.0,1.0,0.0,0.0,0.0,0.0
2025-01-06 14:10:00+00:00,2025-01-06,2025-01-06:1,True,3,5,True,0.07246376811594203,0.07246376811594203,-2.0290974758862657,True,0,0,0,False,,410.0,70.0,0.0,0.0,0.0,1.0,0.0
2025-01-06 14:15:00+00:00,2025-01-06,2025-01-06:1,True,3,10,True,-0.15028901734104047,0.10071439712586207,-0.4002714625352634,True,0,0,0,False,,405.0,75.0,0.0,0.0,0.0,1.0,0.0
2025-01-06 14:20:00+00:00,2025-01-06,2025-01-06:1,True,4,5,True,0.04697986577181208,0.038357302867985464,0.2027741856022511,True,1,0,0,False,,400.0,80.0,0.0,0.0,0.0,0.0,1.0
2025-01-06 14:25:00+00:00,2025-01-06,2025-01-06:1,True,3,5,True,-0.09881422924901186,0.0664673000536718,-0.396531516915337,True,1,0,0,False,,395.0,85.0,0.0,0.0,0.0,1.0,0.0
2025-01-06 14:30:00+00:00,2025-01-06,2025-01-06:1,True,4,5,True,-0.04819277108433735,0.04819277108433735,0.7047003024907693,True,1,0,0,False,,390.0,90.0,0.0,0.0,0.0,0.0,1.0
2025-01-06 14:35:00+00:00,2025-01-06,2025-01-06:1,True,0,5,True,0.050359712230215826,0.050359712230215826,0.0,True,1,0,0,False,,385.0,95.0,1.0,0.0,0.0,0.0,0.0
2025-01-06 14:40:00+00:00,2025-01-06,2025-01-06:1,True,0,10,True,0.1926605504587156,0.1926605504587156,-1.0506220433281035,True,0,1,1,False,,380.0,100.0,1.0,0.0,0.0,0.0,0.0
2025-01-06 14:45:00+00:00,2025-01-06,2025-01-06:1,True,0,15,True,-0.28440366972477066,0.28440366972477066,0.17395856741351481,True,0,0,1,False,,375.0,105.0,1.0,0.0,0.0,0.0,0.0
2025-01-06 14:50:00+00:00,2025-01-06,2025-01-06:1,True,3,5,True,-0.04871060171919771,0.006439301242455246,-2.023476669330851,True,0,0,1,False,,370.0,110.0,0.0,0.0,0.0,1.0,0.0
2025-01-06 14:55:00+00:00,2025-01-06,2025-01-06:1,True,0,5,True,-0.11504424778761062,0.11504424778761062,1.1233611491240967,True,0,0,1,False,,365.0,115.0,1.0,0.0,0.0,0.0,0.0
2025-01-06 15:00:00+00:00,2025-01-06,2025-01-06:1,True,0,10,True,-0.10967741935483871,0.10967741935483871,0.48132670055862026,True,0,0,1,False,,360.0,120.0,1.0,0.0,0.0,0.0,0.0
2025-01-06 15:05:00+00:00,2025-01-06,2025-01-06:1,True,3,5,True,0.2138364779874214,0.2138364779874214,-0.9433685038617395,True,0,0,1,True,0.32105266394244947,355.0,125.0,0.0,0.0,0.0,1.0,0.0
2025-01-06 15:10:00+00:00,2025-01-06,2025-01-06:1,True,0,5,True,-0.026217228464419477,0.026217228464419477,0.9538164645711488,True,0,0,1,True,0.4954852081818541,350.0,130.0,1.0,0.0,0.0,0.0,0.0
2025-01-06 15:15:00+00:00,2025-01-06,2025-01-06:1,True,0,10,True,-0.08666666666666667,0.03388217126431279,-0.9391803877128867,True,0,0,1,True,0.0,345.0,135.0,1.0,0.0,0.0,0.0,0.0
2025-01-06 15:20:00+00:00,2025-01-06,2025-01-06:1,True,0,15,True,-0.021897810218978103,0.021897810218978103,0.31175203909878557,True,0,0,1,True,-0.18735628176404204,340.0,140.0,1.0,0.0,0.0,0.0,0.0
2025-01-06 15:25:00+00:00,2025-01-06,2025-01-06:1,True,0,20,True,0.359375,0.359375,-0.3143519134825184,True,0,0,1,True,0.0,335.0,145.0,1.0,0.0,0.0,0.0,0.0
2025-01-06 15:30:00+00:00,2025-01-06,2025-01-06:1,True,3,5,True,0.06565656565656566,0.06565656565656566,-1.0461014679801024,True,0,0,1,True,-2.3391539937658283,330.0,150.0,0.0,0.0,0.0,1.0,0.0
2025-01-06 15:35:00+00:00,2025-01-06,2025-01-06:1,True,0,5,True,0.25161290322580643,0.25161290322580643,0.0,True,0,0,1,True,-0.3149591426245341,325.0,155.0,1.0,0.0,0.0,0.0,0.0
2025-01-06 15:40:00+00:00,2025-01-06,2025-01-06:1,True,0,10,True,-0.08761329305135952,0.08761329305135952,1.193764608367262,True,0,0,1,True,0.0,320.0,160.0,1.0,0.0,0.0,0.0,0.0
2025-01-06 15:45:00+00:00,2025-01-06,2025-01-06:1,True,0,15,True,-0.0627062706270627,0.04423521417540608,-0.3489402799521333,True,0,0,1,True,0.7802541860629947,315.0,165.0,1.0,0.0,0.0,0.0,0.0
2025-01-06 15:50:00+00:00,2025-01-06,2025-01-06:1,True,0,20,True,0.16804407713498623,0.1397053702025074,0.184690602403686,True,0,0,1,True,0.0,310.0,170.0,1.0,0.0,0.0,0.0,0.0
2025-01-06 15:55:00+00:00,2025-01-06,2025-01-06:1,True,0,25,True,-0.06542056074766354,0.06542056074766354,0.0,True,0,0,1,True,0.8745200450574176,305.0,175.0,1.0,0.0,0.0,0.0,0.0
2025-01-06 16:00:00+00:00,2025-01-06,2025-01-06:1,True,1,5,True,0.2012779552715655,0.08956183083140493,0.8097575807995705,True,0,0,1,True,0.2470283927083722,300.0,180.0,0.0,1.0,0.0,0.0,0.0
2025-01-06 16:05:00+00:00,2025-01-06,2025-01-06:1,True,0,5,True,-0.06109324758842444,0.017335857464729706,-1.2596243036928452,True,0,0,1,True,-0.6663926435032231,295.0,185.0,1.0,0.0,0.0,0.0,0.0
2025-01-06 16:10:00+00:00,2025-01-06,2025-01-06:1,True,0,10,True,-0.11363636363636363,0.0492693424894882,-0.8357015260790863,True,0,0,1,True,-0.9343427106052474,290.0,190.0,1.0,0.0,0.0,0.0,0.0
2025-01-06 16:15:00+00:00,2025-01-06,2025-01-06:1,True,0,15,True,-0.24725274725274726,0.16237485817028366,-0.4205034801554338,True,0,0,1,True,1.3429399643324325,285.0,195.0,1.0,0.0,0.0,0.0,0.0
2025-01-06 16:20:00+00:00,2025-01-06,2025-01-06:1,True,0,20,True,-0.2119700748129676,0.2119700748129676,0.437733119797241,True,0,0,1,True,0.0,280.0,200.0,1.0,0.0,0.0,0.0,0.0
2025-01-06 16:25:00+00:00,2025-01-06,2025-01-06:1,True,3,5,True,0.25735294117647056,0.25735294117647056,-0.6354745254450325,True,0,0,1,True,0.9473094912412134,275.0,205.0,0.0,0.0,0.0,1.0,0.0
2025-01-06 16:30:00+00:00,2025-01-06,2025-01-06:1,True,3,10,True,0.029239766081871343,0.029239766081871343,-3.008953122109498,True,0,0,1,True,-1.682055930537961,270.0,210.0,0.0,0.0,0.0,1.0,0.0
2025-01-06 16:35:00+00:00,2025-01-06,2025-01-06:1,True,4,5,True,-0.20334261838440112,0.20334261838440112,0.7249409065739782,True,1,0,1,True,0.8105085733860217,265.0,215.0,0.0,0.0,0.0,0.0,1.0
2025-01-06 16:40:00+00:00,2025-01-06,2025-01-06:1,True,4,10,True,0.1761006289308176,0.1761006289308176,-0.19019982822367426,True,1,0,1,True,0.0,260.0,220.0,0.0,0.0,0.0,0.0,1.0
2025-01-06 16:45:00+00:00,2025-01-06,2025-01-06:1,True,3,5,True,-0.26353790613718414,0.1817800596921868,-0.37139972087663303,True,1,0,1,True,0.830475022702239,255.0,225.0,0.0,0.0,0.0,1.0,0.0
2025-01-06 16:50:00+00:00,2025-01-06,2025-01-06:1,True,3,10,True,-0.029940119760479042,0.009902232869910812,-1.1064391048745712,True,0,1,2,True,0.6433667119164205,250.0,230.0,0.0,0.0,0.0,1.0,0.0
2025-01-06 16:55:00+00:00,2025-01-06,2025-01-06:1,True,3,15,True,-0.03550295857988166,0.024525166083735703,-0.36991625584085613,True,0,0,2,True,-0.26083740277624434,245.0,235.0,0.0,0.0,0.0,1.0,0.0
2025-01-06 17:00:00+00:00,2025-01-06,2025-01-06:1,True,3,20,True,-0.10091743119266056,0.04820873650563144,-0.7387624096160103,True,0,0,2,True,0.0,240.0,240.0,0.0,0.0,0.0,1.0,0.0
2025-01-06 17:05:00+00:00,2025-01-06,2025-01-06:1,True,4,5,True,0.027210884353741496,0.027210884353741496,0.0,True,0,0,2,True,0.0,235.0,245.0,0.0,0.0,0.0,0.0,1.0
2025-01-06 17:10:00+00:00,2025-01-06,2025-01-06:1,True,3,5,True,-0.2483221476510067,0.07962960344276139,-1.1373409594219224,True,0,0,2,True,-0.28901570695385903,230.0,250.0,0.0,0.0,0.0,1.0,0.0
2025-01-06 17:15:00+00:00,2025-01-06,2025-01-06:1,True,4,5,True,-0.02997275204359673,0.02997275204359673,0.0,True,0,0,2,True,0.0,225.0,255.0,0.0,0.0,0.0,0.0,1.0
2025-01-06 17:20:00+00:00,2025-01-06,2025-01-06:1,True,4,10,True,-0.03289473684210526,0.03289473684210526,0.0,True,0,0,2,True,-0.8604829296421496,220.0,260.0,0.0,0.0,0.0,0.0,1.0
2025-01-06 17:25:00+00:00,2025-01-06,2025-01-06:1,True,4,15,True,0.07636363636363637,0.07636363636363637,0.0,True,0,0,2,True,0.3402750248233997,215.0,265.0,0.0,0.0,0.0,0.0,1.0
2025-01-06 17:30:00+00:00,2025-01-06,2025-01-06:1,True,0,5,True,0.2,0.04201254714049739,1.5603490514385934,True,0,0,2,True,0.0,210.0,270.0,1.0,0.0,0.0,0.0,0.0
2025-01-06 17:35:00+00:00,2025-01-06,2025-01-06:1,True,0,10,True,-0.06993006993006994,0.06993006993006994,0.0,True,0,0,2,True,-1.291313988133732,205.0,275.0,1.0,0.0,0.0,0.0,0.0
2025-01-06 17:40:00+00:00,2025-01-06,2025-01-06:1,True,0,15,True,0.35092348284960423,0.35092348284960423,-1.2917041484903848,True,0,0,2,True,0.0,200.0,280.0,1.0,0.0,0.0,0.0,0.0
2025-01-06 17:45:00+00:00,2025-01-06,2025-01-06:1,True,0,20,True,-0.21035598705501618,0.21035598705501618,0.8605729336071757,True,0,0,2,True,-0.2762014331201983,195.0,285.0,1.0,0.0,0.0,0.0,0.0
2025-01-06 17:50:00+00:00,2025-01-06,2025-01-06:1,True,1,5,True,0.1889763779527559,0.055141272984702006,1.2317235311313375,True,0,0,2,True,0.615771573544164,190.0,290.0,0.0,1.0,0.0,0.0,0.0
2025-01-06 17:55:00+00:00,2025-01-06,2025-01-06:1,True,1,10,True,-0.059602649006622516,0.059602649006622516,1.5881996378018064,True,0,0,2,True,0.3201453011143354,185.0,295.0,0.0,1.0,0.0,0.0,0.0
2025-01-06 18:00:00+00:00,2025-01-06,2025-01-06:1,True,2,5,True,-0.15789473684210525,0.15789473684210525,0.20000564995666945,True,0,0,2,True,-1.2093495271670027,180.0,300.0,0.0,0.0,1.0,0.0,0.0
2025-01-06 18:05:00+00:00,2025-01-06,2025-01-06:1,True,0,5,True,-0.07792207792207792,0.02698063459371356,-1.0605899549597533,True,0,0,2,True,0.0,175.0,305.0,1.0,0.0,0.0,0.0,0.0
2025-01-06 18:10:00+00:00,2025-01-06,2025-01-06:1,True,2,5,True,-0.01098901098901099,0.01098901098901099,0.0,True,0,0,2,True,0.0,170.0,310.0,0.0,0.0,1.0,0.0,0.0
2025-01-06 18:15:00+00:00,2025-01-06,2025-01-06:1,True,1,5,True,-0.38461538461538464,0.38461538461538464,4.178736639909295,True,0,0,2,True,0.10092071977884566,165.0,315.0,0.0,1.0,0.0,0.0,0.0
2025-01-06 18:20:00+00:00,2025-01-06,2025-01-06:1,True,2,5,True,-0.12540192926045016,0.04331079242882484,-1.0631221612023076,True,0,0,2,True,-0.07537507150389468,160.0,320.0,0.0,0.0,1.0,0.0,0.0
2025-01-06 18:25:00+00:00,2025-01-06,2025-01-06:1,True,1,5,True,-0.13333333333333333,0.13333333333333333,0.7596250247136149,True,0,0,2,True,0.5661910642226639,155.0,325.0,0.0,1.0,0.0,0.0,0.0
2025-01-06 18:30:00+00:00,2025-01-06,2025-01-06:1,True,2,5,True,-0.0030211480362537764,0.0030211480362537764,0.0,True,0,0,2,True,0.4794188458030245,150.0,330.0,0.0,0.0,1.0,0.0,0.0
2025-01-06 18:35:00+00:00,2025-01-06,2025-01-06:1,True,2,10,True,-0.0029498525073746312,0.0009938539017191102,-1.0879202348917532,True,0,0,2,True,2.432663599314116,145.0,335.0,0.0,0.0,1.0,0.0,0.0
2025-01-06 18:40:00+00:00,2025-01-06,2025-01-06:1,True,1,5,True,-0.025157232704402517,0.025157232704402517,2.109592633566151,True,0,0,2,True,0.9001475559189274,140.0,340.0,0.0,1.0,0.0,0.0,0.0
2025-01-06 18:45:00+00:00,2025-01-06,2025-01-06:1,True,0,5,True,-0.21176470588235294,0.21176470588235294,0.1859547708203828,True,0,0,2,True,-0.8043550269440598,135.0,345.0,1.0,0.0,0.0,0.0,0.0
2025-01-06 18:50:00+00:00,2025-01-06,2025-01-06:1,True,1,5,True,-0.043227665706051875,0.043227665706051875,1.4654744556145656,True,0,0,2,True,0.4355181753380601,130.0,350.0,0.0,1.0,0.0,0.0,0.0
2025-01-06 18:55:00+00:00,2025-01-06,2025-01-06:1,True,2,5,True,0.2555205047318612,0.2555205047318612,-0.5437088329713058,True,0,0,2,True,-0.02565795602350689,125.0,355.0,0.0,0.0,1.0,0.0,0.0
2025-01-06 19:00:00+00:00,2025-01-06,2025-01-06:1,True,0,5,True,-0.30601092896174864,0.25548363655462336,-0.18046245407905642,True,0,0,2,True,-0.40352631470720435,120.0,360.0,1.0,0.0,0.0,0.0,0.0
2025-01-06 19:05:00+00:00,2025-01-06,2025-01-06:1,True,1,5,True,-0.09271523178807947,0.09271523178807947,0.7230981884064727,True,0,0,2,True,0.8344206029820774,115.0,365.0,0.0,1.0,0.0,0.0,0.0
2025-01-06 19:10:00+00:00,2025-01-06,2025-01-06:1,True,0,5,True,0.3254437869822485,0.3254437869822485,0.0,True,0,0,2,True,0.3523898286853984,110.0,370.0,1.0,0.0,0.0,0.0,0.0
2025-01-06 19:15:00+00:00,2025-01-06,2025-01-06:1,True,0,10,True,0.08985507246376812,0.08985507246376812,-0.3843677095937684,True,0,0,2,True,0.42973616350317145,105.0,375.0,1.0,0.0,0.0,0.0,0.0
2025-01-06 19:20:00+00:00,2025-01-06,2025-01-06:1,True,0,15,True,0.13812154696132597,0.13812154696132597,-0.7735934511219452,True,0,0,2,True,-0.43245188591402534,100.0,380.0,1.0,0.0,0.0,0.0,0.0
2025-01-06 19:25:00+00:00,2025-01-06,2025-01-06:1,True,0,20,True,0.08666666666666667,0.019157302074564637,1.5093853900239649,True,0,0,2,True,-2.002497857320005,95.0,385.0,1.0,0.0,0.0,0.0,0.0
2025-01-06 19:30:00+00:00,2025-01-06,2025-01-06:1,True,0,25,True,-0.11585365853658537,0.11585365853658537,0.18691464266258864,True,0,0,2,True,0.484508725780428,90.0,390.0,1.0,0.0,0.0,0.0,0.0
2025-01-06 19:35:00+00:00,2025-01-06,2025-01-06:1,True,0,30,True,-0.0893371757925072,0.0893371757925072,1.0278444084441587,True,0,0,2,True,-0.9193319870299405,85.0,395.0,1.0,0.0,0.0,0.0,0.0
2025-01-06 19:40:00+00:00,2025-01-06,2025-01-06:1,True,0,35,True,0.2159090909090909,0.2159090909090909,-1.648392662235606,True,0,0,2,True,-0.7142699253803609,80.0,400.0,1.0,0.0,0.0,0.0,0.0
2025-01-06 19:45:00+00:00,2025-01-06,2025-01-06:1,True,0,40,True,-0.034482758620689655,0.02748550563653415,-0.22680065103457087,True,0,0,2,True,0.4410460666662888,75.0,405.0,1.0,0.0,0.0,0.0,0.0
2025-01-06 19:50:00+00:00,2025-01-06,2025-01-06:1,True,0,45,True,-0.0782122905027933,0.04884579437160858,-0.4707585206739648,True,0,0,2,True,-0.12184826806603492,70.0,410.0,1.0,0.0,0.0,0.0,0.0
2025-01-06 19:55:00+00:00,2025-01-06,2025-01-06:1,True,0,50,True,-0.35185185185185186,0.2802217217060778,-0.22762905853733995,True,0,0,2,True,0.5565831376740401,65.0,415.0,1.0,0.0,0.0,0.0,0.0
2025-01-06 20:00:00+00:00,2025-01-06,2025-01-06:1,True,0,55,True,-0.030508474576271188,0.030508474576271188,0.11414077789980967,True,0,0,2,True,-0.16932126548614404,60.0,420.0,1.0,0.0,0.0,0.0,0.0
2025-01-06 20:05:00+00:00,2025-01-06,2025-01-06:1,True,0,60,True,0.14461538461538462,0.02843231496648923,1.6265513491243093,True,0,0,2,True,0.0,55.0,425.0,1.0,0.0,0.0,0.0,0.0
2025-01-06 20:10:00+00:00,2025-01-06,2025-01-06:1,True,0,65,True,-0.07163323782234957,0.034891187798256215,-0.7193248829399725,True,0,0,2,True,-0.5361531120531112,50.0,430.0,1.0,0.0,0.0,0.0,0.0
2025-01-06 20:15:00+00:00,2025-01-06,2025-01-06:1,True,0,70,True,-0.16012084592145015,0.12604258017506054,-0.2393090293965622,True,0,0,2,True,-0.06728434382568868,45.0,435.0,1.0,0.0,0.0,0.0,0.0
2025-01-06 20:20:00+00:00,2025-01-06,2025-01-06:1,True,0,75,True,-0.2179930795847751,0.2179930795847751,0.7263181339235872,True,0,0,2,True,0.4739407384830163,40.0,440.0,1.0,0.0,0.0,0.0,0.0
2025-01-06 20:25:00+00:00,2025-01-06,2025-01-06:1,True,0,80,True,-0.23322683706070288,0.13792397681138224,-0.5253088889014328,True,0,0,2,True,0.0,35.0,445.0,1.0,0.0,0.0,0.0,0.0
2025-01-06 20:30:00+00:00,2025-01-06,2025-01-06:1,True,0,85,True,-0.03812316715542522,0.029229372416255332,-0.26564805080272413,True,0,0,2,True,-0.5226880274199545,30.0,450.0,1.0,0.0,0.0,0.0,0.0
2025-01-06 20:35:00+00:00,2025-01-06,2025-01-06:1,True,0,90,True,-0.1742627345844504,0.1742627345844504,0.0,True,0,0,2,True,0.0,25.0,455.0,1.0,0.0,0.0,0.0,0.0
2025-01-06 20:40:00+00:00,2025-01-06,2025-01-06:1,True,0,95,True,-0.21068249258160238,0.21068249258160238,0.0,True,0,0,2,True,0.5659804160873783,20.0,460.0,1.0,0.0,0.0,0.0,0.0
2025-01-06 20:45:00+00:00,2025-01-06,2025-01-06:1,True,0,100,True,-0.06354515050167224,0.01643245339295522,-1.352492439878632,True,0,0,2,True,-2.026380270430252,15.0,465.0,1.0,0.0,0.0,0.0,0.0
2025-01-06 20:50:00+00:00,2025-01-06,2025-01-06:1,True,3,5,True,0.1232876712328767,0.1232876712328767,-0.34027283228648253,True,0,0,2,True,0.0,10.0,470.0,0.0,0.0,0.0,1.0,0.0
2025-01-06 20:55:00+00:00,2025-01-06,2025-01-06:1,True,4,5,True,-0.05190311418685121,0.05190311418685121,0.40137428177153484,True,0,0,2,True,0.8975001784613066,5.0,475.0,0.0,0.0,0.0,0.0,1.0
2025-01-06 21:00:00+00:00,2025-01-06,2025-01-06:1,True,0,5,True,-0.23809523809523808,0.23809523809523808,0.0,True,0,0,2,True,1.826871100162864,0.0,480.0,1.0,0.0,0.0,0.0,0.0
2025-01-07 13:00:00+00:00,2025-01-07,2025-01-07:1,False,-1,0,False,,,,False,0,0,0,False,,480.0,0.0,,,,,
2025-01-07 13:05:00+00:00,2025-01-07,2025-01-07:1,False,-1,0,True,0.08275862068965517,,,False,0,0,0,False,,475.0,5.0,,,,,
2025-01-07 13:10:00+00:00,2025-01-07,2025-01-07:1,False,-1,0,True,0.1524390243902439,,,False,0,0,0,False,,470.0,10.0,,,,,
2025-01-07 13:15:00+00:00,2025-01-07,2025-01-07:1,False,-1,0,True,-0.09278350515463918,,,False,0,0,0,False,,465.0,15.0,,,,,
2025-01-07 13:20:00+00:00,2025-01-07,2025-01-07:1,False,-1,0,True,0.225,,,False,0,0,0,False,,460.0,20.0,,,,,
2025-01-07 13:25:00+00:00,2025-01-07,2025-01-07:1,False,-1,0,True,-0.12094395280235988,,,False,0,0,0,False,,455.0,25.0,,,,,
2025-01-07 13:30:00+00:00,2025-01-07,2025-01-07:1,False,-1,0,True,-0.005319148936170213,,,False,0,0,0,False,,450.0,30.0,,,,,
2025-01-07 13:35:00+00:00,2025-01-07,2025-01-07:1,False,-1,0,True,0.07816711590296496,,,False,0,0,0,False,,445.0,35.0,,,,,
2025-01-07 13:40:00+00:00,2025-01-07,2025-01-07:1,False,-1,0,True,-0.04,,,False,0,0,0,False,,440.0,40.0,,,,,
2025-01-07 13:45:00+00:00,2025-01-07,2025-01-07:1,False,-1,0,True,-0.21232876712328766,,,False,0,0,0,False,,435.0,45.0,,,,,
2025-01-07 13:50:00+00:00,2025-01-07,2025-01-07:1,False,-1,0,True,-0.24067796610169492,,,False,0,0,0,False,,430.0,50.0,,,,,
2025-01-07 13:55:00+00:00,2025-01-07,2025-01-07:1,False,-1,0,True,-0.2627986348122867,,,False,0,0,0,False,,425.0,55.0,,,,,
2025-01-07 14:00:00+00:00,2025-01-07,2025-01-07:1,False,-1,0,True,-0.061224489795918366,,,False,0,0,0,False,,420.0,60.0,,,,,
2025-01-07 14:05:00+00:00,2025-01-07,2025-01-07:1,True,3,5,True,-0.3407821229050279,0.1446802828504848,-0.8567169752252092,True,0,0,0,False,,415.0,65.0,0.0,0.0,0.0,1.0,0.0
2025-01-07 14:10:00+00:00,2025-01-07,2025-01-07:1,True,0,5,True,0.30952380952380953,0.2010773694499116,0.4313452615285663,True,0,0,0,False,,410.0,70.0,1.0,0.0,0.0,0.0,0.0
2025-01-07 14:15:00+00:00,2025-01-07,2025-01-07:1,True,0,10,True,-0.1342281879194631,0.10755782469242658,-0.2215126395259158,True,0,0,0,False,,405.0,75.0,1.0,0.0,0.0,0.0,0.0
2025-01-07 14:20:00+00:00,2025-01-07,2025-01-07:1,True,0,15,True,0.08985507246376812,0.057876813297076585,0.43988122325335716,True,0,0,0,False,,400.0,80.0,1.0,0.0,0.0,0.0,0.0
2025-01-07 14:25:00+00:00,2025-01-07,2025-01-07:1,True,0,20,True,-0.09570957095709572,0.09570957095709572,0.6577354542380032,True,0,0,0,False,,395.0,85.0,1.0,0.0,0.0,0.0,0.0
2025-01-07 14:30:00+00:00,2025-01-07,2025-01-07:1,True,0,25,True,-0.02821316614420063,0.022366783162715367,-0.2322117897703945,True,0,0,0,False,,390.0,90.0,1.0,0.0,0.0,0.0,0.0
2025-01-07 14:35:00+00:00,2025-01-07,2025-01-07:1,True,0,30,True,0.20430107526881722,0.20430107526881722,0.0,True,0,0,0,False,,385.0,95.0,1.0,0.0,0.0,0.0,0.0
2025-01-07 14:40:00+00:00,2025-01-07,2025-01-07:1,True,0,35,True,0.38064516129032255,0.16257864510893713,0.8507057513733262,True,0,0,0,False,,380.0,100.0,1.0,0.0,0.0,0.0,0.0
2025-01-07 14:45:00+00:00,2025-01-07,2025-01-07:1,True,1,5,True,-0.013157894736842105,0.013157894736842105,0.3235122671532126,True,0,0,0,False,,375.0,105.0,0.0,1.0,0.0,0.0,0.0
2025-01-07 14:50:00+00:00,2025-01-07,2025-01-07:1,True,0,5,True,-0.08,0.0567659576919409,-0.3430898250301267,True,0,0,0,False,,370.0,110.0,1.0,0.0,0.0,0.0,0.0
2025-01-07 14:55:00+00:00,2025-01-07,2025-01-07:1,True,0,10,True,-0.19858156028368795,0.09673024457172567,-0.7192737781921141,True,0,0,0,False,,365.0,115.0,1.0,0.0,0.0,0.0,0.0
2025-01-07 15:00:00+00:00,2025-01-07,2025-01-07:1,True,0,15,True,-0.06857142857142857,0.06857142857142857,0.3716441730187551,True,0,0,0,False,,360.0,120.0,1.0,0.0,0.0,0.0,0.0
2025-01-07 15:05:00+00:00,2025-01-07,2025-01-07:1,True,0,20,True,-0.13095238095238096,0.024408131210576008,-1.6799174298171826,True,0,0,0,True,-1.126159461543702,355.0,125.0,1.0,0.0,0.0,0.0,0.0
2025-01-07 15:10:00+00:00,2025-01-07,2025-01-07:1,True,0,25,True,0.18151815181518152,0.12082594147339301,0.40700464896312455,True,0,0,0,True,-0.1627431333924067,350.0,130.0,1.0,0.0,0.0,0.0,0.0
2025-01-07 15:15:00+00:00,2025-01-07,2025-01-07:1,True,0,30,True,-0.10963455149501661,0.10963455149501661,0.40459785215071464,True,0,0,0,True,0.0,345.0,135.0,1.0,0.0,0.0,0.0,0.0
2025-01-07 15:20:00+00:00,2025-01-07,2025-01-07:1,True,3,5,True,-0.09779179810725552,0.04236024161525343,-0.8366304850191114,True,0,0,0,True,-1.7286883337546788,340.0,140.0,0.0,0.0,0.0,1.0,0.0
2025-01-07 15:25:00+00:00,2025-01-07,2025-01-07:1,True,0,5,True,0.05732484076433121,0.03710309826944863,0.43503357353764094,True,0,0,0,True,0.9727646429248188,335.0,145.0,1.0,0.0,0.0,0.0,0.0
2025-01-07 15:30:00+00:00,2025-01-07,2025-01-07:1,True,3,5,True,0.10204081632653061,0.10204081632653061,-1.9722023737260956,True,0,0,0,True,-3.42998333458356,330.0,150.0,0.0,0.0,0.0,1.0,0.0
2025-01-07 15:35:00+00:00,2025-01-07,2025-01-07:1,True,0,5,True,-0.2,0.2,0.7920083698278346,True,0,0,0,True,-1.4654365908623157,325.0,155.0,1.0,0.0,0.0,0.0,0.0
2025-01-07 15:40:00+00:00,2025-01-07,2025-01-07:1,True,0,10,True,-0.0782122905027933,0.0782122905027933,1.271916717332253,True,0,0,0,True,0.0,320.0,160.0,1.0,0.0,0.0,0.0,0.0
2025-01-07 15:45:00+00:00,2025-01-07,2025-01-07:1,True,0,15,True,0.16666666666666666,0.10857367922473427,0.42856679604237613,True,0,0,0,True,1.9166089777028055,315.0,165.0,1.0,0.0,0.0,0.0,0.0
2025-01-07 15:50:00+00:00,2025-01-07,2025-01-07:1,True,0,20,True,0.1,0.1,-0.834698637599343,True,0,0,0,True,-0.9332214472006227,310.0,170.0,1.0,0.0,0.0,0.0,0.0
2025-01-07 15:55:00+00:00,2025-01-07,2025-01-07:1,True,0,25,True,-0.040498442367601244,0.01707098588777307,-0.8638832225937817,True,0,0,0,True,0.0,305.0,175.0,1.0,0.0,0.0,0.0,0.0
2025-01-07 16:00:00+00:00,2025-01-07,2025-01-07:1,True,0,30,True,-0.1043956043956044,0.1043956043956044,0.450874297226683,True,0,0,0,True,1.008185577906308,300.0,180.0,1.0,0.0,0.0,0.0,0.0
2025-01-07 16:05:00+00:00,2025-01-07,2025-01-07:1,True,0,35,True,-0.10324483775811209,0.10324483775811209,0.8963599937448755,True,0,0,0,True,0.0,295.0,185.0,1.0,0.0,0.0,0.0,0.0
2025-01-07 16:10:00+00:00,2025-01-07,2025-01-07:1,True,0,40,True,-0.24745762711864408,0.04956851294001237,-1.6078835514010215,True,0,0,0,True,0.07656654483793954,290.0,190.0,1.0,0.0,0.0,0.0,0.0
2025-01-07 16:15:00+00:00,2025-01-07,2025-01-07:1,True,0,45,True,-0.20388349514563106,0.20388349514563106,0.6846179435098969,True,0,0,0,True,-0.4422989273821489,285.0,195.0,1.0,0.0,0.0,0.0,0.0
2025-01-07 16:20:00+00:00,2025-01-07,2025-01-07:1,True,0,50,True,0.006666666666666667,0.006666666666666667,-0.6952072401774115,True,0,0,0,True,-1.0363537649911434,280.0,200.0,1.0,0.0,0.0,0.0,0.0
2025-01-07 16:25:00+00:00,2025-01-07,2025-01-07:1,True,0,55,True,-0.27044025157232704,0.07575682656650938,-1.2725226324366319,True,0,0,0,True,0.0,275.0,205.0,1.0,0.0,0.0,0.0,0.0
2025-01-07 16:30:00+00:00,2025-01-07,2025-01-07:1,True,3,5,True,0.1095890410958904,0.1095890410958904,-0.4037120575545983,True,0,0,0,True,0.4776086377537622,270.0,210.0,0.0,0.0,0.0,1.0,0.0
2025-01-07 16:35:00+00:00,2025-01-07,2025-01-07:1,True,3,10,True,-0.003115264797507788,0.0012643593628868125,-0.901748594453432,True,0,0,0,True,-1.008185577906382,265.0,215.0,0.0,0.0,0.0,1.0,0.0
2025-01-07 16:40:00+00:00,2025-01-07,2025-01-07:1,True,0,5,True,-0.030303030303030304,0.030303030303030304,1.3160965358754693,True,0,0,0,True,0.4319708788859956,260.0,220.0,1.0,0.0,0.0,0.0,0.0
2025-01-07 16:45:00+00:00,2025-01-07,2025-01-07:1,True,0,10,True,0.1144578313253012,0.0740031655183516,0.4360986002277644,True,0,0,0,True,-0.4016491762303691,255.0,225.0,1.0,0.0,0.0,0.0,0.0
2025-01-07 16:50:00+00:00,2025-01-07,2025-01-07:1,True,0,15,True,-0.30538922155688625,0.30538922155688625,0.4520439666059146,True,0,0,0,True,1.01080103814947,250.0,230.0,1.0,0.0,0.0,0.0,0.0
2025-01-07 16:55:00+00:00,2025-01-07,2025-01-07:1,True,0,20,True,-0.017857142857142856,0.011147356477272372,-0.47120120569062884,True,0,0,0,True,0.0,245.0,235.0,1.0,0.0,0.0,0.0,0.0
2025-01-07 17:00:00+00:00,2025-01-07,2025-01-07:1,True,1,5,True,0.016835016835016835,0.004100814000000945,1.412275562023459,True,0,0,0,True,0.4952378267408621,240.0,240.0,0.0,1.0,0.0,0.0,0.0
2025-01-07 17:05:00+00:00,2025-01-07,2025-01-07:1,True,1,10,True,-0.04294478527607362,0.04294478527607362,1.865596860951428,True,0,0,0,True,1.042900349923663,235.0,245.0,0.0,1.0,0.0,0.0,0.0
2025-01-07 17:10:00+00:00,2025-01-07,2025-01-07:1,True,2,5,True,-0.4176470588235294,0.2684546984784715,-0.4419545400097901,True,0,0,0,True,0.0,230.0,250.0,0.0,0.0,1.0,0.0,0.0
2025-01-07 17:15:00+00:00,2025-01-07,2025-01-07:1,True,0,5,True,0.13279132791327913,0.13279132791327913,-0.9001990861670532,True,0,0,0,True,0.0,225.0,255.0,1.0,0.0,0.0,0.0,0.0
2025-01-07 17:20:00+00:00,2025-01-07,2025-01-07:1,True,0,10,True,-0.0967741935483871,0.0967741935483871,0.0,True,0,0,0,True,0.40449199148175174,220.0,260.0,1.0,0.0,0.0,0.0,0.0
2025-01-07 17:25:00+00:00,2025-01-07,2025-01-07:1,True,2,5,True,-0.2709030100334448,0.2709030100334448,0.0,True,0,0,0,True,0.0,215.0,265.0,0.0,0.0,1.0,0.0,0.0
2025-01-07 17:30:00+00:00,2025-01-07,2025-01-07:1,True,0,5,True,-0.003134796238244514,0.003134796238244514,0.7821452244149456,True,0,0,0,True,1.7489298900686465,210.0,270.0,1.0,0.0,0.0,0.0,0.0
2025-01-07 17:35:00+00:00,2025-01-07,2025-01-07:1,True,0,10,True,0.027190332326283987,0.027190332326283987,-0.5219565809909016,True,0,0,0,True,0.7633198326972772,205.0,275.0,1.0,0.0,0.0,0.0,0.0
2025-01-07 17:40:00+00:00,2025-01-07,2025-01-07:1,True,0,15,True,0.12457912457912458,0.04355965051606169,1.0508097778383392,True,0,0,0,True,-1.1748410473323196,200.0,280.0,1.0,0.0,0.0,0.0,0.0
2025-01-07 17:45:00+00:00,2025-01-07,2025-01-07:1,True,0,20,True,-0.22118380062305296,0.22118380062305296,0.5062276180041216,True,0,0,0,True,0.0,195.0,285.0,1.0,0.0,0.0,0.0,0.0
2025-01-07 17:50:00+00:00,2025-01-07,2025-01-07:1,True,1,5,True,0.08679245283018867,0.025396259256176647,1.2289177791252348,True,0,0,0,True,0.7825988321496576,190.0,290.0,0.0,1.0,0.0,0.0,0.0
2025-01-07 17:55:00+00:00,2025-01-07,2025-01-07:1,True,2,5,True,0.12195121951219512,0.12195121951219512,-0.4915671116494778,True,0,0,0,True,-1.099177477151461,185.0,295.0,0.0,0.0,1.0,0.0,0.0
2025-01-07 18:00:00+00:00,2025-01-07,2025-01-07:1,True,0,5,True,0.38795180722891565,0.38795180722891565,-1.20154875586649,True,0,0,0,True,0.14595423008091973,180.0,300.0,1.0,0.0,0.0,0.0,0.0
2025-01-07 18:05:00+00:00,2025-01-07,2025-01-07:1,True,1,5,True,-0.10695187165775401,0.10695187165775401,1.224174414536529,True,0,0,0,True,1.6424023243330563,175.0,305.0,0.0,1.0,0.0,0.0,0.0
2025-01-07 18:10:00+00:00,2025-01-07,2025-01-07:1,True,1,10,True,-0.25970149253731345,0.25970149253731345,1.871572315287482,True,0,0,0,True,0.355892030286884,170.0,310.0,0.0,1.0,0.0,0.0,0.0
2025-01-07 18:15:00+00:00,2025-01-07,2025-01-07:1,True,1,15,True,0.07058823529411765,0.027589609746576146,0.9394242483324314,True,0,0,0,True,0.0,165.0,315.0,0.0,1.0,0.0,0.0,0.0
2025-01-07 18:20:00+00:00,2025-01-07,2025-01-07:1,True,1,20,True,0.1786833855799373,0.0680736887920833,0.9650246668828839,True,0,0,0,True,1.7899373871627757,160.0,320.0,0.0,1.0,0.0,0.0,0.0
2025-01-07 18:25:00+00:00,2025-01-07,2025-01-07:1,True,2,5,True,0.19548872180451127,0.19548872180451127,-0.9706264824641907,True,0,0,0,True,-1.0851933977757189,155.0,325.0,0.0,0.0,1.0,0.0,0.0
2025-01-07 18:30:00+00:00,2025-01-07,2025-01-07:1,True,2,10,True,-0.3037974683544304,0.11805798253844353,-0.9451853756393227,True,0,0,0,True,-1.0567493756356015,150.0,330.0,0.0,0.0,1.0,0.0,0.0
2025-01-07 18:35:00+00:00,2025-01-07,2025-01-07:1,True,0,5,True,-0.06761565836298933,0.06761565836298933,0.0,True,0,0,0,True,0.6327878381732358,145.0,335.0,1.0,0.0,0.0,0.0,0.0
2025-01-07 18:40:00+00:00,2025-01-07,2025-01-07:1,True,0,10,True,-0.3115727002967359,0.19236942171285346,-0.48221510399290646,True,0,0,0,True,-1.0782657523052692,140.0,340.0,1.0,0.0,0.0,0.0,0.0
2025-01-07 18:45:00+00:00,2025-01-07,2025-01-07:1,True,0,15,True,-0.23465703971119134,0.23465703971119134,0.4997574153562298,True,0,0,0,True,0.0,135.0,345.0,1.0,0.0,0.0,0.0,0.0
2025-01-07 18:50:00+00:00,2025-01-07,2025-01-07:1,True,0,20,True,0.15119363395225463,0.021057154729431347,1.9713209648560261,True,0,0,0,True,2.2040038414427086,130.0,350.0,1.0,0.0,0.0,0.0,0.0
2025-01-07 18:55:00+00:00,2025-01-07,2025-01-07:1,True,0,25,True,-0.10743801652892562,0.10743801652892562,0.4755269060643945,True,0,0,0,True,1.063310487090143,125.0,355.0,1.0,0.0,0.0,0.0,0.0
2025-01-07 19:00:00+00:00,2025-01-07,2025-01-07:1,True,1,5,True,-0.0784313725490196,0.0784313725490196,1.8666725256603587,True,0,0,0,True,2.0870033295553743,120.0,360.0,0.0,1.0,0.0,0.0,0.0
2025-01-07 19:05:00+00:00,2025-01-07,2025-01-07:1,True,2,5,True,0.3419354838709677,0.3419354838709677,-0.454146049720127,True,0,0,0,True,0.0,115.0,365.0,0.0,0.0,1.0,0.0,0.0
2025-01-07 19:10:00+00:00,2025-01-07,2025-01-07:1,True,1,5,True,-0.10982658959537572,0.10982658959537572,0.5159122149489297,True,0,0,0,True,0.0,110.0,370.0,0.0,1.0,0.0,0.0,0.0
2025-01-07 19:15:00+00:00,2025-01-07,2025-01-07:1,True,2,5,True,-0.1908831908831909,0.1908831908831909,0.0,True,0,0,0,True,1.1399822241439592,105.0,375.0,0.0,0.0,1.0,0.0,0.0
2025-01-07 19:20:00+00:00,2025-01-07,2025-01-07:1,True,1,5,True,0.12207792207792208,0.0736398321409726,0.5054734694966054,True,0,0,0,True,0.0,100.0,380.0,0.0,1.0,0.0,0.0,0.0
2025-01-07 19:25:00+00:00,2025-01-07,2025-01-07:1,True,2,5,True,0.0,0.0,0.0,True,0,0,0,True,0.0,95.0,385.0,0.0,0.0,1.0,0.0,0.0
2025-01-07 19:30:00+00:00,2025-01-07,2025-01-07:1,True,0,5,True,0.09154929577464789,0.09154929577464789,-0.4948716593050795,True,0,0,0,True,1.106566670344274,90.0,390.0,1.0,0.0,0.0,0.0,0.0
2025-01-07 19:35:00+00:00,2025-01-07,2025-01-07:1,True,0,10,True,-0.19631901840490798,0.19631901840490798,1.0023031299893794,True,0,0,0,True,0.0,85.0,395.0,1.0,0.0,0.0,0.0,0.0
2025-01-07 19:40:00+00:00,2025-01-07,2025-01-07:1,True,0,15,True,0.056105610561056105,0.03410149039858274,0.4978947274913169,True,0,0,0,True,0.0,80.0,400.0,1.0,0.0,0.0,0.0,0.0
2025-01-07 19:45:00+00:00,2025-01-07,2025-01-07:1,True,0,20,True,0.009345794392523364,0.009345794392523364,0.0,True,0,0,0,True,0.0,75.0,405.0,1.0,0.0,0.0,0.0,0.0
2025-01-07 19:50:00+00:00,2025-01-07,2025-01-07:1,True,0,25,True,-0.026415094339622643,0.0056778193343572135,-1.537368363041855,True,0,0,0,True,-1.1458867220719688,70.0,410.0,1.0,0.0,0.0,0.0,0.0
2025-01-07 19:55:00+00:00,2025-01-07,2025-01-07:1,True,0,30,True,-0.25142857142857145,0.25142857142857145,0.533876534967689,True,0,0,0,True,0.0,65.0,415.0,1.0,0.0,0.0,0.0,0.0
2025-01-07 20:00:00+00:00,2025-01-07,2025-01-07:1,True,0,35,True,0.036065573770491806,0.012266793664868176,1.0784428656056602,True,0,0,0,True,0.0,60.0,420.0,1.0,0.0,0.0,0.0,0.0
2025-01-07 20:05:00+00:00,2025-01-07,2025-01-07:1,True,0,40,True,-0.08176100628930817,0.01634708749979905,-1.609750687316892,True,0,0,0,True,0.0,55.0,425.0,1.0,0.0,0.0,0.0,0.0
2025-01-07 20:10:00+00:00,2025-01-07,2025-01-07:1,True,0,45,True,0.21450151057401812,0.026291698858600956,2.0990635240379873,True,0,0,0,True,1.1734121822089674,50.0,430.0,1.0,0.0,0.0,0.0,0.0
2025-01-07 20:15:00+00:00,2025-01-07,2025-01-07:1,True,0,50,True,0.08681672025723473,0.08681672025723473,0.0,True,0,0,0,True,0.0,45.0,435.0,1.0,0.0,0.0,0.0,0.0
2025-01-07 20:20:00+00:00,2025-01-07,2025-01-07:1,True,1,5,True,0.1365079365079365,0.029165650380590886,1.5433910958557036,True,0,0,0,True,1.1503758020659927,40.0,440.0,0.0,1.0,0.0,0.0,0.0
2025-01-07 20:25:00+00:00,2025-01-07,2025-01-07:1,True,2,5,True,0.06976744186046512,0.06976744186046512,0.0,True,0,0,0,True,-0.49856057525205494,35.0,445.0,0.0,0.0,1.0,0.0,0.0
2025-01-07 20:30:00+00:00,2025-01-07,2025-01-07:1,True,0,5,True,0.0,0.0,-1.4058544729121227,True,0,0,0,True,1.0478620559668883,30.0,450.0,1.0,0.0,0.0,0.0,0.0
2025-01-07 20:35:00+00:00,2025-01-07,2025-01-07:1,True,0,10,True,0.4864864864864865,0.4864864864864865,-1.3651750206791482,True,0,0,0,True,0.47487156031672323,25.0,455.0,1.0,0.0,0.0,0.0,0.0
2025-01-07 20:40:00+00:00,2025-01-07,2025-01-07:1,True,0,15,True,-0.09295774647887324,0.09295774647887324,0.4550583402272219,True,0,0,0,True,0.0,20.0,460.0,1.0,0.0,0.0,0.0,0.0
2025-01-07 20:45:00+00:00,2025-01-07,2025-01-07:1,True,0,20,True,-0.18769230769230769,0.18769230769230769,0.9180725150309073,True,0,0,0,True,0.4989531124081845,15.0,465.0,1.0,0.0,0.0,0.0,0.0
2025-01-07 20:50:00+00:00,2025-01-07,2025-01-07:1,True,3,5,True,-0.06015037593984962,0.026914274518825675,-0.8041908953205552,True,0,0,0,True,0.5304206095636301,10.0,470.0,0.0,0.0,0.0,1.0,0.0
2025-01-07 20:55:00+00:00,2025-01-07,2025-01-07:1,True,3,10,True,0.040697674418604654,0.040697674418604654,-0.8154414894575779,True,0,0,0,True,-1.2848967618675375,5.0,475.0,0.0,0.0,0.0,1.0,0.0
2025-01-07 21:00:00+00:00,2025-01-07,2025-01-07:1,True,0,5,True,0.14102564102564102,0.14102564102564102,0.0,True,0,0,0,True,0.0,0.0,480.0,1.0,0.0,0.0,0.0,0.0
2025-01-08 13:00:00+00:00,2025-01-08,2025-01-08:1,False,-1,0,False,,,,False,0,0,0,False,,480.0,0.0,,,,,
2025-01-08 13:05:00+00:00,2025-01-08,2025-01-08:1,False,-1,0,True,0.2823920265780731,,,False,0,0,0,False,,475.0,5.0,,,,,
2025-01-08 13:10:00+00:00,2025-01-08,2025-01-08:1,False,-1,0,True,0.24,,,False,0,0,0,False,,470.0,10.0,,,,,
2025-01-08 13:15:00+00:00,2025-01-08,2025-01-08:1,False,-1,0,True,0.2870662460567823,,,False,0,0,0,False,,465.0,15.0,,,,,
2025-01-08 13:20:00+00:00,2025-01-08,2025-01-08:1,False,-1,0,True,-0.20521172638436483,,,False,0,0,0,False,,460.0,20.0,,,,,
2025-01-08 13:25:00+00:00,2025-01-08,2025-01-08:1,False,-1,0,True,-0.2066115702479339,,,False,0,0,0,False,,455.0,25.0,,,,,
2025-01-08 13:30:00+00:00,2025-01-08,2025-01-08:1,False,-1,0,True,0.15384615384615385,,,False,0,0,0,False,,450.0,30.0,,,,,
2025-01-08 13:35:00+00:00,2025-01-08,2025-01-08:1,False,-1,0,True,-0.3046153846153846,,,False,0,0,0,False,,445.0,35.0,,,,,
2025-01-08 13:40:00+00:00,2025-01-08,2025-01-08:1,False,-1,0,True,-0.21246458923512748,,,False,0,0,0,False,,440.0,40.0,,,,,
2025-01-08 13:45:00+00:00,2025-01-08,2025-01-08:1,False,-1,0,True,-0.15987460815047022,,,False,0,0,0,False,,435.0,45.0,,,,,
2025-01-08 13:50:00+00:00,2025-01-08,2025-01-08:1,False,-1,0,True,0.20359281437125748,,,False,0,0,0,False,,430.0,50.0,,,,,
2025-01-08 13:55:00+00:00,2025-01-08,2025-01-08:1,False,-1,0,True,0.013333333333333334,,,False,0,0,0,False,,425.0,55.0,,,,,
2025-01-08 14:00:00+00:00,2025-01-08,2025-01-08:1,False,-1,0,True,-0.17365269461077845,,,False,0,0,0,False,,420.0,60.0,,,,,
2025-01-08 14:05:00+00:00,2025-01-08,2025-01-08:1,True,4,5,True,0.2215909090909091,0.15525584016297886,0.35575859217060996,True,1,0,0,False,,415.0,65.0,0.0,0.0,0.0,0.0,1.0
2025-01-08 14:10:00+00:00,2025-01-08,2025-01-08:1,True,3,5,True,-0.07741935483870968,0.03727490772472922,-0.7309164267302027,True,1,0,0,False,,410.0,70.0,0.0,0.0,0.0,1.0,0.0
2025-01-08 14:15:00+00:00,2025-01-08,2025-01-08:1,True,0,5,True,-0.0707070707070707,0.0707070707070707,1.806953304183226,True,0,0,0,False,,405.0,75.0,1.0,0.0,0.0,0.0,0.0
2025-01-08 14:20:00+00:00,2025-01-08,2025-01-08:1,True,0,10,True,0.12052117263843648,0.08396791681473915,0.3613906608362115,True,0,0,0,False,,400.0,80.0,1.0,0.0,0.0,0.0,0.0
2025-01-08 14:25:00+00:00,2025-01-08,2025-01-08:1,True,0,15,True,0.03283582089552239,0.03283582089552239,-0.36736898276842106,True,0,0,0,False,,395.0,85.0,1.0,0.0,0.0,0.0,0.0
2025-01-08 14:30:00+00:00,2025-01-08,2025-01-08:1,True,1,5,True,-0.04,0.04,1.4230343686795797,True,0,0,0,False,,390.0,90.0,0.0,1.0,0.0,0.0,0.0
2025-01-08 14:35:00+00:00,2025-01-08,2025-01-08:1,True,1,10,True,0.17845117845117844,0.07469437269220887,0.8709102965293369,True,0,0,0,False,,385.0,95.0,0.0,1.0,0.0,0.0,0.0
2025-01-08 14:40:00+00:00,2025-01-08,2025-01-08:1,True,2,5,True,0.367003367003367,0.30791093695040084,0.1755604469969341,True,0,0,0,False,,380.0,100.0,0.0,0.0,1.0,0.0,0.0
2025-01-08 14:45:00+00:00,2025-01-08,2025-01-08:1,True,1,5,True,0.29896907216494845,0.09314087632377416,1.1662269842825703,True,0,0,0,False,,375.0,105.0,0.0,1.0,0.0,0.0,0.0
2025-01-08 14:50:00+00:00,2025-01-08,2025-01-08:1,True,2,5,True,0.11320754716981132,0.11320754716981132,-0.383947318232735,True,0,0,0,False,,370.0,110.0,0.0,0.0,1.0,0.0,0.0
2025-01-08 14:55:00+00:00,2025-01-08,2025-01-08:1,True,1,5,True,0.26582278481012656,0.17560294609819713,0.414604405853675,True,0,0,0,False,,365.0,115.0,0.0,1.0,0.0,0.0,0.0
2025-01-08 15:00:00+00:00,2025-01-08,2025-01-08:1,True,2,5,True,0.18032786885245902,0.18032786885245902,-0.4220478768338887,True,0,0,0,False,,360.0,120.0,0.0,0.0,1.0,0.0,0.0
2025-01-08 15:05:00+00:00,2025-01-08,2025-01-08:1,True,0,5,True,0.22033898305084745,0.22033898305084745,-1.3105419549307968,True,0,0,0,True,-0.976820299529317,355.0,125.0,1.0,0.0,0.0,0.0,0.0
2025-01-08 15:10:00+00:00,2025-01-08,2025-01-08:1,True,3,5,True,0.056856187290969896,0.056856187290969896,-2.2332309266930817,True,0,0,0,True,-2.376628659221774,350.0,130.0,0.0,0.0,0.0,1.0,0.0
2025-01-08 15:15:00+00:00,2025-01-08,2025-01-08:1,True,3,10,True,0.056105610561056105,0.056105610561056105,-0.8331372318289154,True,0,0,0,True,0.0,345.0,135.0,0.0,0.0,0.0,1.0,0.0
2025-01-08 15:20:00+00:00,2025-01-08,2025-01-08:1,True,3,15,True,-0.24277456647398843,0.10663541774548448,-0.822717597198911,True,0,0,0,True,0.30351699370278235,340.0,140.0,0.0,0.0,0.0,1.0,0.0
2025-01-08 15:25:00+00:00,2025-01-08,2025-01-08:1,True,4,5,True,0.17325227963525835,0.11612922627389143,0.40004520540181293,True,1,0,0,True,0.8945282733513199,335.0,145.0,0.0,0.0,0.0,0.0,1.0
2025-01-08 15:30:00+00:00,2025-01-08,2025-01-08:1,True,4,10,True,-0.036414565826330535,0.036414565826330535,0.419874767897269,True,1,0,0,True,2.8166055691683884,330.0,150.0,0.0,0.0,0.0,0.0,1.0
2025-01-08 15:35:00+00:00,2025-01-08,2025-01-08:1,True,4,15,True,0.2264808362369338,0.09893433219499116,0.8282040142334471,True,1,0,0,True,1.2348656338882464,325.0,155.0,0.0,0.0,0.0,0.0,1.0
2025-01-08 15:40:00+00:00,2025-01-08,2025-01-08:1,True,0,5,True,-0.1568627450980392,0.1568627450980392,0.0,True,1,0,0,True,0.877153325801534,320.0,160.0,1.0,0.0,0.0,0.0,0.0
2025-01-08 15:45:00+00:00,2025-01-08,2025-01-08:1,True,0,10,True,-0.12578616352201258,0.08440812826340822,-0.39891964691266646,True,1,0,0,True,0.8920114480594716,315.0,165.0,1.0,0.0,0.0,0.0,0.0
2025-01-08 15:50:00+00:00,2025-01-08,2025-01-08:1,True,0,15,True,0.02857142857142857,0.02857142857142857,-0.40629231311191166,True,0,0,0,True,0.0,310.0,170.0,1.0,0.0,0.0,0.0,0.0
2025-01-08 15:55:00+00:00,2025-01-08,2025-01-08:1,True,0,20,True,0.23076923076923078,0.1525326809778897,0.4140393356061704,True,0,0,0,True,0.529094191833805,305.0,175.0,1.0,0.0,0.0,0.0,0.0
2025-01-08 16:00:00+00:00,2025-01-08,2025-01-08:1,True,0,25,True,0.26506024096385544,0.26506024096385544,-1.6579648268723886,True,0,0,0,True,-0.9268305142989,300.0,180.0,1.0,0.0,0.0,0.0,0.0
2025-01-08 16:05:00+00:00,2025-01-08,2025-01-08:1,True,0,30,True,-0.12786885245901639,0.12786885245901639,1.2025845974508778,True,0,0,0,True,0.0,295.0,185.0,1.0,0.0,0.0,0.0,0.0
2025-01-08 16:10:00+00:00,2025-01-08,2025-01-08:1,True,0,35,True,-0.0783132530120482,0.06422876026765176,-0.19826575845704827,True,0,0,0,True,0.8866714270410275,290.0,190.0,1.0,0.0,0.0,0.0,0.0
2025-01-08 16:15:00+00:00,2025-01-08,2025-01-08:1,True,0,40,True,0.10032362459546926,0.08110675683683025,0.212634934037895,True,0,0,0,True,1.0808115759189887,285.0,195.0,1.0,0.0,0.0,0.0,0.0
2025-01-08 16:20:00+00:00,2025-01-08,2025-01-08:1,True,0,45,True,0.0031746031746031746,0.0031746031746031746,-0.2121477662352885,True,0,0,0,True,-0.9487536531536795,280.0,200.0,1.0,0.0,0.0,0.0,0.0
2025-01-08 16:25:00+00:00,2025-01-08,2025-01-08:1,True,1,5,True,0.08461538461538462,0.005385790320152366,2.7543520382257545,True,0,0,0,True,0.7698647989311034,275.0,205.0,0.0,1.0,0.0,0.0,0.0
2025-01-08 16:30:00+00:00,2025-01-08,2025-01-08:1,True,2,5,True,0.13653136531365315,0.13653136531365315,-1.0127352918296426,True,0,0,0,True,-0.2436429113690393,270.0,210.0,0.0,0.0,1.0,0.0,0.0
2025-01-08 16:35:00+00:00,2025-01-08,2025-01-08:1,True,0,5,True,0.010101010101010102,0.010101010101010102,-1.0320184365619312,True,0,0,0,True,0.0,265.0,215.0,1.0,0.0,0.0,0.0,0.0
2025-01-08 16:40:00+00:00,2025-01-08,2025-01-08:1,True,1,5,True,-0.3918918918918919,0.3918918918918919,1.3933669139732787,True,0,0,0,True,-0.20689280608802538,260.0,220.0,0.0,1.0,0.0,0.0,0.0
2025-01-08 16:45:00+00:00,2025-01-08,2025-01-08:1,True,0,5,True,0.09929078014184398,0.09929078014184398,-0.8312486938371259,True,0,0,0,True,-0.19166331335748532,255.0,225.0,1.0,0.0,0.0,0.0,0.0
2025-01-08 16:50:00+00:00,2025-01-08,2025-01-08:1,True,0,10,True,0.2893081761006289,0.14886665358202414,0.6644415104081025,True,0,0,0,True,0.9577470451161978,250.0,230.0,1.0,0.0,0.0,0.0,0.0
2025-01-08 16:55:00+00:00,2025-01-08,2025-01-08:1,True,0,15,True,-0.16607773851590105,0.08503860004464009,-0.6693507114668564,True,0,0,0,True,-0.7483568458149329,245.0,235.0,1.0,0.0,0.0,0.0,0.0
2025-01-08 17:00:00+00:00,2025-01-08,2025-01-08:1,True,0,20,True,0.12912912912912913,0.12912912912912913,0.0,True,0,0,0,True,-0.7553804426612131,240.0,240.0,1.0,0.0,0.0,0.0,0.0
2025-01-08 17:05:00+00:00,2025-01-08,2025-01-08:1,True,0,25,True,-0.1861198738170347,0.1861198738170347,0.16757977100977006,True,0,0,0,True,-0.587223698156163,235.0,245.0,1.0,0.0,0.0,0.0,0.0
2025-01-08 17:10:00+00:00,2025-01-08,2025-01-08:1,True,0,30,True,0.07857142857142857,0.05616359601832504,0.3357393398382552,True,0,0,0,True,-0.7507359865971083,230.0,250.0,1.0,0.0,0.0,0.0,0.0
2025-01-08 17:15:00+00:00,2025-01-08,2025-01-08:1,True,0,35,True,-0.1105121293800539,0.1105121293800539,0.0,True,0,0,0,True,-0.5714637818848995,225.0,255.0,1.0,0.0,0.0,0.0,0.0
2025-01-08 17:20:00+00:00,2025-01-08,2025-01-08:1,True,0,40,True,0.02857142857142857,0.02857142857142857,-0.8313298316418445,True,0,0,0,True,-0.5458656443077972,220.0,260.0,1.0,0.0,0.0,0.0,0.0
2025-01-08 17:25:00+00:00,2025-01-08,2025-01-08:1,True,0,45,True,0.3105590062111801,0.20374229880459158,0.4215179652972612,True,0,0,0,True,0.9425428241420735,215.0,265.0,1.0,0.0,0.0,0.0,0.0
2025-01-08 17:30:00+00:00,2025-01-08,2025-01-08:1,True,0,50,True,0.07692307692307693,0.07692307692307693,0.0,True,0,0,0,True,-0.962307083267518,210.0,270.0,1.0,0.0,0.0,0.0,0.0
2025-01-08 17:35:00+00:00,2025-01-08,2025-01-08:1,True,0,55,True,0.10991957104557641,0.029509857156393086,1.3150245776148106,True,0,0,0,True,0.0,205.0,275.0,1.0,0.0,0.0,0.0,0.0
2025-01-08 17:40:00+00:00,2025-01-08,2025-01-08:1,True,0,60,True,0.33689839572192515,0.33689839572192515,-0.9468670352419447,True,0,0,0,True,-0.7087673820518633,200.0,280.0,1.0,0.0,0.0,0.0,0.0
2025-01-08 17:45:00+00:00,2025-01-08,2025-01-08:1,True,0,65,True,-0.0958904109589041,0.07356200677246079,-0.26507730676838,True,0,0,0,True,-1.0272142752779738,195.0,285.0,1.0,0.0,0.0,0.0,0.0
2025-01-08 17:50:00+00:00,2025-01-08,2025-01-08:1,True,0,70,True,0.0,0.0,-0.5301546135336932,True,0,0,0,True,-0.42155629153782787,190.0,290.0,1.0,0.0,0.0,0.0,0.0
2025-01-08 17:55:00+00:00,2025-01-08,2025-01-08:1,True,0,75,True,-0.10062893081761007,0.10062893081761007,1.2697120483293072,True,0,0,0,True,0.5678324903823203,185.0,295.0,1.0,0.0,0.0,0.0,0.0
2025-01-08 18:00:00+00:00,2025-01-08,2025-01-08:1,True,0,80,True,0.012224938875305624,0.012224938875305624,-0.2519198424647586,True,0,0,0,True,1.6899296778999175,180.0,300.0,1.0,0.0,0.0,0.0,0.0
2025-01-08 18:05:00+00:00,2025-01-08,2025-01-08:1,True,0,85,True,0.05647840531561462,0.05647840531561462,0.0,True,0,0,0,True,-1.931846723534435,175.0,305.0,1.0,0.0,0.0,0.0,0.0
2025-01-08 18:10:00+00:00,2025-01-08,2025-01-08:1,True,0,90,True,0.2802197802197802,0.2802197802197802,-0.8125530517577456,True,0,0,0,True,-1.9432501030929732,170.0,310.0,1.0,0.0,0.0,0.0,0.0
2025-01-08 18:15:00+00:00,2025-01-08,2025-01-08:1,True,0,95,True,0.3286219081272085,0.08084461211499719,1.4023789311967636,True,0,0,0,True,1.2543258481470725,165.0,315.0,1.0,0.0,0.0,0.0,0.0
2025-01-08 18:20:00+00:00,2025-01-08,2025-01-08:1,True,0,100,True,0.01440922190201729,0.01440922190201729,-0.2868576445356856,True,0,0,0,True,0.0,160.0,320.0,1.0,0.0,0.0,0.0,0.0
2025-01-08 18:25:00+00:00,2025-01-08,2025-01-08:1,True,0,105,True,-0.028391167192429023,0.028391167192429023,0.0,True,0,0,0,True,0.692857225110778,155.0,325.0,1.0,0.0,0.0,0.0,0.0
2025-01-08 18:30:00+00:00,2025-01-08,2025-01-08:1,True,1,5,True,-0.06790123456790123,0.06790123456790123,3.387066905482562,True,0,0,0,True,1.4957842505683567,150.0,330.0,0.0,1.0,0.0,0.0,0.0
2025-01-08 18:35:00+00:00,2025-01-08,2025-01-08:1,True,2,5,True,0.0196078431372549,0.0196078431372549,-0.692272978856926,True,0,0,0,True,-1.5479694397103612,145.0,335.0,0.0,0.0,1.0,0.0,0.0
2025-01-08 18:40:00+00:00,2025-01-08,2025-01-08:1,True,1,5,True,0.04395604395604396,0.006215975778344598,1.9560674171901329,True,0,0,0,True,-0.4373899713431955,140.0,340.0,0.0,1.0,0.0,0.0,0.0
2025-01-08 18:45:00+00:00,2025-01-08,2025-01-08:1,True,0,5,True,0.03202846975088968,0.03202846975088968,-2.498236331349375,True,0,0,0,True,0.0,135.0,345.0,1.0,0.0,0.0,0.0,0.0
2025-01-08 18:50:00+00:00,2025-01-08,2025-01-08:1,True,0,10,True,-0.025,0.025,0.3363355909180075,True,0,0,0,True,-0.9276868422947788,130.0,350.0,1.0,0.0,0.0,0.0,0.0
2025-01-08 18:55:00+00:00,2025-01-08,2025-01-08:1,True,0,15,True,-0.27976190476190477,0.14537583849346253,-0.6546165226699232,True,0,0,0,True,0.0,125.0,355.0,1.0,0.0,0.0,0.0,0.0
2025-01-08 19:00:00+00:00,2025-01-08,2025-01-08:1,True,3,5,True,-0.09868421052631579,0.07170894591244678,-0.31930945076208506,True,0,0,0,True,-0.7139976377621442,120.0,360.0,0.0,0.0,0.0,1.0,0.0
2025-01-08 19:05:00+00:00,2025-01-08,2025-01-08:1,True,3,10,True,0.15789473684210525,0.15789473684210525,-0.6386763886635553,True,0,0,0,True,0.6360437972757709,115.0,365.0,0.0,0.0,0.0,1.0,0.0
2025-01-08 19:10:00+00:00,2025-01-08,2025-01-08:1,True,4,5,True,0.09540636042402827,0.09540636042402827,-0.3182798235401578,True,0,0,0,True,0.0,110.0,370.0,0.0,0.0,0.0,0.0,1.0
2025-01-08 19:15:00+00:00,2025-01-08,2025-01-08:1,True,0,5,True,-0.3288135593220339,0.3288135593220339,0.6163538068012141,True,0,0,0,True,-0.6189472697370433,105.0,375.0,1.0,0.0,0.0,0.0,0.0
2025-01-08 19:20:00+00:00,2025-01-08,2025-01-08:1,True,3,5,True,0.10104529616724739,0.10104529616724739,-0.6170059401271015,True,0,0,0,True,-0.08304095561393272,100.0,380.0,0.0,0.0,0.0,1.0,0.0
2025-01-08 19:25:00+00:00,2025-01-08,2025-01-08:1,True,0,5,True,0.17058823529411765,0.17058823529411765,0.0,True,0,0,0,True,0.0,95.0,385.0,1.0,0.0,0.0,0.0,0.0
2025-01-08 19:30:00+00:00,2025-01-08,2025-01-08:1,True,0,10,True,0.023890784982935155,0.012436244497933381,0.6528776665207285,True,0,0,0,True,-0.12426709289236713,90.0,390.0,1.0,0.0,0.0,0.0,0.0
2025-01-08 19:35:00+00:00,2025-01-08,2025-01-08:1,True,0,15,True,-0.10465116279069768,0.10465116279069768,0.0,True,0,0,0,True,0.0756625825320081,85.0,395.0,1.0,0.0,0.0,0.0,0.0
2025-01-08 19:40:00+00:00,2025-01-08,2025-01-08:1,True,1,5,True,-0.099601593625498,0.099601593625498,1.7053780119533724,True,0,0,0,True,0.850246378833251,80.0,400.0,0.0,1.0,0.0,0.0,0.0
2025-01-08 19:45:00+00:00,2025-01-08,2025-01-08:1,True,0,5,True,-0.05625,0.03840115613360103,-0.38171847429821437,True,0,0,0,True,-0.8027043898764589,75.0,405.0,1.0,0.0,0.0,0.0,0.0
2025-01-08 19:50:00+00:00,2025-01-08,2025-01-08:1,True,1,5,True,-0.3333333333333333,0.3333333333333333,0.7634369485953438,True,0,0,0,True,0.8535484567958879,70.0,410.0,0.0,1.0,0.0,0.0,0.0
2025-01-08 19:55:00+00:00,2025-01-08,2025-01-08:1,True,2,5,True,0.1650485436893204,0.1650485436893204,0.0,True,0,0,0,True,-0.2859139866503569,65.0,415.0,0.0,0.0,1.0,0.0,0.0
2025-01-08 20:00:00+00:00,2025-01-08,2025-01-08:1,True,2,10,True,0.1779935275080906,0.1779935275080906,0.0,True,0,0,0,True,0.7236774937927101,60.0,420.0,0.0,0.0,1.0,0.0,0.0
2025-01-08 20:05:00+00:00,2025-01-08,2025-01-08:1,True,1,5,True,-0.19344262295081968,0.19344262295081968,0.766042677772874,True,0,0,0,True,0.8564617505842741,55.0,425.0,0.0,1.0,0.0,0.0,0.0
2025-01-08 20:10:00+00:00,2025-01-08,2025-01-08:1,True,0,5,True,0.052941176470588235,0.052941176470588235,0.0,True,0,0,0,True,0.8526714931878175,50.0,430.0,1.0,0.0,0.0,0.0,0.0
2025-01-08 20:15:00+00:00,2025-01-08,2025-01-08:1,True,1,5,True,0.09206349206349207,0.0616110572674104,0.4016371146175732,True,0,0,0,True,0.8411167045449536,45.0,435.0,0.0,1.0,0.0,0.0,0.0
2025-01-08 20:20:00+00:00,2025-01-08,2025-01-08:1,True,0,5,True,-0.125,0.125,0.0,True,0,0,0,True,0.0,40.0,440.0,1.0,0.0,0.0,0.0,0.0
2025-01-08 20:25:00+00:00,2025-01-08,2025-01-08:1,True,0,10,True,-0.08843537414965986,0.05950232857618069,-0.396256602145007,True,0,0,0,True,0.886056698931843,35.0,445.0,1.0,0.0,0.0,0.0,0.0
2025-01-08 20:30:00+00:00,2025-01-08,2025-01-08:1,True,0,15,True,0.11614730878186968,0.07840936633107815,0.39291590002392995,True,0,0,0,True,0.0,30.0,450.0,1.0,0.0,0.0,0.0,0.0
2025-01-08 20:35:00+00:00,2025-01-08,2025-01-08:1,True,0,20,True,-0.11355311355311355,0.11355311355311355,0.4034799190387063,True,0,0,0,True,0.0,25.0,455.0,1.0,0.0,0.0,0.0,0.0
2025-01-08 20:40:00+00:00,2025-01-08,2025-01-08:1,True,0,25,True,-0.0219435736677116,0.0219435736677116,0.45439431194381175,True,0,0,0,True,-1.01605657009272,20.0,460.0,1.0,0.0,0.0,0.0,0.0
2025-01-08 20:45:00+00:00,2025-01-08,2025-01-08:1,True,0,30,True,0.1732283464566929,0.10938675029239078,0.4597208757296902,True,0,0,0,True,-1.308884475491162,15.0,465.0,1.0,0.0,0.0,0.0,0.0
2025-01-08 20:50:00+00:00,2025-01-08,2025-01-08:1,True,0,35,True,0.03977272727272727,0.03977272727272727,-1.27191671733236,True,0,0,0,True,0.6887030606585909,10.0,470.0,1.0,0.0,0.0,0.0,0.0
2025-01-08 20:55:00+00:00,2025-01-08,2025-01-08:1,True,0,40,True,-0.03225806451612903,0.03225806451612903,0.9356357273817536,True,0,0,0,True,0.41842901772013685,5.0,475.0,1.0,0.0,0.0,0.0,0.0
2025-01-08 21:00:00+00:00,2025-01-08,2025-01-08:1,True,1,5,True,0.12658227848101267,0.044825333480640966,1.038119060432901,True,0,0,0,True,0.6625746038725744,0.0,480.0,0.0,1.0,0.0,0.0,0.0
2025-01-09 13:00:00+00:00,2025-01-09,2025-01-09:1,False,-1,0,False,,,,False,0,0,0,False,,480.0,0.0,,,,,
2025-01-09 13:05:00+00:00,2025-01-09,2025-01-09:1,False,-1,0,True,-0.09259259259259259,,,False,0,0,0,False,,475.0,5.0,,,,,
2025-01-09 13:10:00+00:00,2025-01-09,2025-01-09:1,False,-1,0,True,-0.0031545741324921135,,,False,0,0,0,False,,470.0,10.0,,,,,
2025-01-09 13:15:00+00:00,2025-01-09,2025-01-09:1,False,-1,0,True,0.1437125748502994,,,False,0,0,0,False,,465.0,15.0,,,,,
2025-01-09 13:20:00+00:00,2025-01-09,2025-01-09:1,False,-1,0,True,0.10344827586206896,,,False,0,0,0,False,,460.0,20.0,,,,,
2025-01-09 13:25:00+00:00,2025-01-09,2025-01-09:1,False,-1,0,True,-0.08496732026143791,,,False,0,0,0,False,,455.0,25.0,,,,,
2025-01-09 13:30:00+00:00,2025-01-09,2025-01-09:1,False,-1,0,True,0.032467532467532464,,,False,0,0,0,False,,450.0,30.0,,,,,
2025-01-09 13:35:00+00:00,2025-01-09,2025-01-09:1,False,-1,0,True,0.06810035842293907,,,False,0,0,0,False,,445.0,35.0,,,,,
2025-01-09 13:40:00+00:00,2025-01-09,2025-01-09:1,False,-1,0,True,-0.30407523510971785,,,False,0,0,0,False,,440.0,40.0,,,,,
2025-01-09 13:45:00+00:00,2025-01-09,2025-01-09:1,False,-1,0,True,0.21428571428571427,,,False,0,0,0,False,,435.0,45.0,,,,,
2025-01-09 13:50:00+00:00,2025-01-09,2025-01-09:1,False,-1,0,True,0.2219020172910663,,,False,0,0,0,False,,430.0,50.0,,,,,
2025-01-09 13:55:00+00:00,2025-01-09,2025-01-09:1,False,-1,0,True,-0.14285714285714285,,,False,0,0,0,False,,425.0,55.0,,,,,
2025-01-09 14:00:00+00:00,2025-01-09,2025-01-09:1,False,-1,0,True,-0.14285714285714285,,,False,0,0,0,False,,420.0,60.0,,,,,
2025-01-09 14:05:00+00:00,2025-01-09,2025-01-09:1,True,0,5,True,-0.21311475409836064,0.21311475409836064,0.5662188389521078,True,0,0,0,False,,415.0,65.0,1.0,0.0,0.0,0.0,0.0
2025-01-09 14:10:00+00:00,2025-01-09,2025-01-09:1,True,2,5,True,-0.05555555555555555,0.05555555555555555,0.0,True,0,0,0,False,,410.0,70.0,0.0,0.0,1.0,0.0,0.0
2025-01-09 14:15:00+00:00,2025-01-09,2025-01-09:1,True,2,10,True,-0.26732673267326734,0.0621207495423176,-1.459391563898918,True,0,0,0,False,,405.0,75.0,0.0,0.0,1.0,0.0,0.0
2025-01-09 14:20:00+00:00,2025-01-09,2025-01-09:1,True,0,5,True,0.023809523809523808,0.023809523809523808,-0.7338467276819983,True,0,0,0,False,,400.0,80.0,1.0,0.0,0.0,0.0,0.0
2025-01-09 14:25:00+00:00,2025-01-09,2025-01-09:1,True,0,10,True,-0.1771117166212534,0.1477417097883171,-0.18131515583494792,True,0,0,0,False,,395.0,85.0,1.0,0.0,0.0,0.0,0.0
2025-01-09 14:30:00+00:00,2025-01-09,2025-01-09:1,True,0,15,True,-0.0763888888888889,0.0763888888888889,0.36442846149152003,True,0,0,0,False,,390.0,90.0,1.0,0.0,0.0,0.0,0.0
2025-01-09 14:35:00+00:00,2025-01-09,2025-01-09:1,True,4,5,True,-0.3065015479876161,0.3065015479876161,0.0,True,0,0,0,False,,385.0,95.0,0.0,0.0,0.0,0.0,1.0
2025-01-09 14:40:00+00:00,2025-01-09,2025-01-09:1,True,0,5,True,-0.03867403314917127,0.03867403314917127,1.1964900363563948,True,0,0,0,False,,380.0,100.0,1.0,0.0,0.0,0.0,0.0
2025-01-09 14:45:00+00:00,2025-01-09,2025-01-09:1,True,0,10,True,-0.21813031161473087,0.1474450599701689,-0.3916370122871259,True,0,0,0,False,,375.0,105.0,1.0,0.0,0.0,0.0,0.0
2025-01-09 14:50:00+00:00,2025-01-09,2025-01-09:1,True,0,15,True,-0.13855421686746988,0.04305214950338079,-1.1688495465353637,True,0,0,0,False,,370.0,110.0,1.0,0.0,0.0,0.0,0.0
2025-01-09 14:55:00+00:00,2025-01-09,2025-01-09:1,True,0,20,True,0.27323943661971833,0.18096428976128728,0.4120487503458612,True,0,0,0,False,,365.0,115.0,1.0,0.0,0.0,0.0,0.0
2025-01-09 15:00:00+00:00,2025-01-09,2025-01-09:1,True,0,25,True,0.08333333333333333,0.08333333333333333,-0.9081267720576162,True,0,0,0,False,,360.0,120.0,1.0,0.0,0.0,0.0,0.0
2025-01-09 15:05:00+00:00,2025-01-09,2025-01-09:1,True,3,5,True,-0.1103202846975089,0.019278556445490903,-1.7443944009134584,True,0,0,0,True,-1.5848199147412465,355.0,125.0,0.0,0.0,0.0,1.0,0.0
2025-01-09 15:10:00+00:00,2025-01-09,2025-01-09:1,True,4,5,True,0.15492957746478872,0.15492957746478872,0.0,True,0,0,0,True,-0.6070416174835656,350.0,130.0,0.0,0.0,0.0,0.0,1.0
2025-01-09 15:15:00+00:00,2025-01-09,2025-01-09:1,True,3,5,True,-0.12727272727272726,0.08567005673773816,-0.3958288745467883,True,0,0,0,True,-1.198740767635318,345.0,135.0,0.0,0.0,0.0,1.0,0.0
2025-01-09 15:20:00+00:00,2025-01-09,2025-01-09:1,True,0,5,True,0.17105263157894737,0.03243620263892745,1.6626961317481581,True,0,0,0,True,0.0,340.0,140.0,1.0,0.0,0.0,0.0,0.0
2025-01-09 15:25:00+00:00,2025-01-09,2025-01-09:1,True,3,5,True,-0.06802721088435375,0.02225213885273856,-1.1174696529922488,True,0,0,0,True,-1.6658254045899688,335.0,145.0,0.0,0.0,0.0,1.0,0.0
2025-01-09 15:30:00+00:00,2025-01-09,2025-01-09:1,True,3,10,True,-0.06369426751592357,0.0019695781901688234,-3.4762751634697953,True,0,0,0,True,-3.1092750296046208,330.0,150.0,0.0,0.0,0.0,1.0,0.0
2025-01-09 15:35:00+00:00,2025-01-09,2025-01-09:1,True,0,5,True,0.16279069767441862,0.03589183358614034,1.5119555194355885,True,0,0,0,True,0.0,325.0,155.0,1.0,0.0,0.0,0.0,0.0
2025-01-09 15:40:00+00:00,2025-01-09,2025-01-09:1,True,0,10,True,-0.20364741641337386,0.20364741641337386,1.5119555194346739,True,0,0,0,True,0.6761670640820027,320.0,160.0,1.0,0.0,0.0,0.0,0.0
2025-01-09 15:45:00+00:00,2025-01-09,2025-01-09:1,True,1,5,True,0.1790633608815427,0.007339135426090518,3.1945186682851756,True,0,0,0,True,0.9217116335549154,315.0,165.0,0.0,1.0,0.0,0.0,0.0
2025-01-09 15:50:00+00:00,2025-01-09,2025-01-09:1,True,0,5,True,0.1891891891891892,0.1891891891891892,-0.2591185382066932,True,0,0,0,True,-0.5794066656605427,310.0,170.0,1.0,0.0,0.0,0.0,0.0
2025-01-09 15:55:00+00:00,2025-01-09,2025-01-09:1,True,1,5,True,0.019498607242339833,0.010319511715078604,0.6363065950454857,True,0,0,0,True,-0.6644704850580314,305.0,175.0,0.0,1.0,0.0,0.0,0.0
2025-01-09 16:00:00+00:00,2025-01-09,2025-01-09:1,True,1,10,True,-0.2732919254658385,0.2732919254658385,0.7537773532465236,True,0,0,0,True,0.2809162336263834,300.0,180.0,0.0,1.0,0.0,0.0,0.0
2025-01-09 16:05:00+00:00,2025-01-09,2025-01-09:1,True,2,5,True,-0.06624605678233439,0.06624605678233439,0.2562280605073174,True,0,0,0,True,0.4742435545964386,295.0,185.0,0.0,0.0,1.0,0.0,0.0
2025-01-09 16:10:00+00:00,2025-01-09,2025-01-09:1,True,2,10,True,-0.15328467153284672,0.15328467153284672,0.0,True,0,0,0,True,1.1348383661681785,290.0,190.0,0.0,0.0,1.0,0.0,0.0
2025-01-09 16:15:00+00:00,2025-01-09,2025-01-09:1,True,0,5,True,-0.014492753623188406,0.011163733945126559,-0.26097829049544324,True,0,0,0,True,0.0,285.0,195.0,1.0,0.0,0.0,0.0,0.0
2025-01-09 16:20:00+00:00,2025-01-09,2025-01-09:1,True,1,5,True,-0.13310580204778158,0.13310580204778158,0.8090502234435493,True,0,0,0,True,0.6030304322764855,280.0,200.0,0.0,1.0,0.0,0.0,0.0
2025-01-09 16:25:00+00:00,2025-01-09,2025-01-09:1,True,0,5,True,0.16201117318435754,0.16201117318435754,0.0,True,0,0,0,True,0.6058374886896808,275.0,205.0,1.0,0.0,0.0,0.0,0.0
2025-01-09 16:30:00+00:00,2025-01-09,2025-01-09:1,True,0,10,True,0.24358974358974358,0.24358974358974358,-0.5699273675658154,True,0,0,0,True,0.0,270.0,210.0,1.0,0.0,0.0,0.0,0.0
2025-01-09 16:35:00+00:00,2025-01-09,2025-01-09:1,True,0,15,True,-0.02666666666666667,0.013904845527627609,-0.6511769675057787,True,0,0,0,True,-2.1841139470866047,265.0,215.0,1.0,0.0,0.0,0.0,0.0
2025-01-09 16:40:00+00:00,2025-01-09,2025-01-09:1,True,0,20,True,0.13261648745519714,0.13261648745519714,0.0,True,0,0,0,True,0.0,260.0,220.0,1.0,0.0,0.0,0.0,0.0
2025-01-09 16:45:00+00:00,2025-01-09,2025-01-09:1,True,0,25,True,-0.006493506493506494,0.006493506493506494,1.3799513042194034,True,0,0,0,True,0.13867490508007538,255.0,225.0,1.0,0.0,0.0,0.0,0.0
2025-01-09 16:50:00+00:00,2025-01-09,2025-01-09:1,True,0,30,True,-0.13513513513513514,0.0897737143390979,-0.408983059685855,True,0,0,0,True,-1.8290278462094507,250.0,230.0,1.0,0.0,0.0,0.0,0.0
2025-01-09 16:55:00+00:00,2025-01-09,2025-01-09:1,True,0,35,True,0.03728813559322034,0.0062022312185610875,1.7937660941672788,True,0,0,0,True,0.8021965844598329,245.0,235.0,1.0,0.0,0.0,0.0,0.0
2025-01-09 17:00:00+00:00,2025-01-09,2025-01-09:1,True,1,5,True,-0.05190311418685121,0.05190311418685121,0.35752856626256396,True,0,0,0,True,0.7994581780611311,240.0,240.0,0.0,1.0,0.0,0.0,0.0
2025-01-09 17:05:00+00:00,2025-01-09,2025-01-09:1,True,1,10,True,-0.0035087719298245615,0.0035087719298245615,1.0648988732510347,True,0,0,0,True,0.7937287565833301,235.0,245.0,0.0,1.0,0.0,0.0,0.0
2025-01-09 17:10:00+00:00,2025-01-09,2025-01-09:1,True,2,5,True,-0.12035010940919037,0.12035010940919037,0.37002354532613124,True,0,0,0,True,0.6917863920796092,230.0,250.0,0.0,0.0,1.0,0.0,0.0
2025-01-09 17:15:00+00:00,2025-01-09,2025-01-09:1,True,2,10,True,0.006802721088435374,0.006802721088435374,0.0,True,0,0,0,True,0.0,225.0,255.0,0.0,0.0,1.0,0.0,0.0
2025-01-09 17:20:00+00:00,2025-01-09,2025-01-09:1,True,2,15,True,0.19093851132686085,0.19093851132686085,-0.36549268892850967,True,0,0,0,True,-0.8172664977233324,220.0,260.0,0.0,0.0,1.0,0.0,0.0
2025-01-09 17:25:00+00:00,2025-01-09,2025-01-09:1,True,0,5,True,0.15942028985507245,0.15942028985507245,-0.3577789618913462,True,0,0,0,True,0.12478788561436786,215.0,265.0,1.0,0.0,0.0,0.0,0.0
2025-01-09 17:30:00+00:00,2025-01-09,2025-01-09:1,True,0,10,True,-0.15432098765432098,0.15432098765432098,0.7394039131065646,True,0,0,0,True,0.8266787062678131,210.0,270.0,1.0,0.0,0.0,0.0,0.0
2025-01-09 17:35:00+00:00,2025-01-09,2025-01-09:1,True,0,15,True,0.24822695035460993,0.17246393156055792,0.3641553278873949,True,0,0,0,True,0.0,205.0,275.0,1.0,0.0,0.0,0.0,0.0
2025-01-09 17:40:00+00:00,2025-01-09,2025-01-09:1,True,0,20,True,-0.06713780918727916,0.02223779385027146,-1.1049540934232243,True,0,0,0,True,0.0,200.0,280.0,1.0,0.0,0.0,0.0,0.0
2025-01-09 17:45:00+00:00,2025-01-09,2025-01-09:1,True,0,25,True,-0.2980132450331126,0.2980132450331126,0.0,True,0,0,0,True,-0.829969861386709,195.0,285.0,1.0,0.0,0.0,0.0,0.0
2025-01-09 17:50:00+00:00,2025-01-09,2025-01-09:1,True,0,30,True,0.30319148936170215,0.20494211464906625,0.3916370122870875,True,0,0,0,True,-0.8757269819788481,190.0,290.0,1.0,0.0,0.0,0.0,0.0
2025-01-09 17:55:00+00:00,2025-01-09,2025-01-09:1,True,0,35,True,0.32087227414330216,0.32087227414330216,0.0,True,0,0,0,True,-1.0319796264735208,185.0,295.0,1.0,0.0,0.0,0.0,0.0
2025-01-09 18:00:00+00:00,2025-01-09,2025-01-09:1,True,0,40,True,0.002652519893899204,0.002652519893899204,-0.9659780917840152,True,0,0,0,True,-0.8710652926278535,180.0,300.0,1.0,0.0,0.0,0.0,0.0
2025-01-09 18:05:00+00:00,2025-01-09,2025-01-09:1,True,4,5,True,-0.15457413249211358,0.15457413249211358,0.0,True,0,0,0,True,1.8796226063746324,175.0,305.0,0.0,0.0,0.0,0.0,1.0
2025-01-09 18:10:00+00:00,2025-01-09,2025-01-09:1,True,3,5,True,-0.030303030303030304,0.005155514910182702,-1.771180719451513,True,0,0,0,True,0.0,170.0,310.0,0.0,0.0,0.0,1.0,0.0
2025-01-09 18:15:00+00:00,2025-01-09,2025-01-09:1,True,3,10,True,-0.12627986348122866,0.07985511129304905,-0.45828669881281786,True,0,0,0,True,-1.0247602117294328,165.0,315.0,0.0,0.0,0.0,1.0,0.0
2025-01-09 18:20:00+00:00,2025-01-09,2025-01-09:1,True,3,15,True,0.07100591715976332,0.07100591715976332,-2.523020880935192,True,0,0,0,True,0.0,160.0,320.0,0.0,0.0,0.0,1.0,0.0
2025-01-09 18:25:00+00:00,2025-01-09,2025-01-09:1,True,4,5,True,-0.11851851851851852,0.0771918447977267,-0.42877540866792113,True,0,0,0,True,0.9587709608589993,155.0,325.0,0.0,0.0,0.0,0.0,1.0
2025-01-09 18:30:00+00:00,2025-01-09,2025-01-09:1,True,4,10,True,-0.3768545994065282,0.3768545994065282,0.0,True,0,0,0,True,-0.9441732402123232,150.0,330.0,0.0,0.0,0.0,0.0,1.0
2025-01-09 18:35:00+00:00,2025-01-09,2025-01-09:1,True,4,15,True,-0.16783216783216784,0.16783216783216784,0.4302864668048398,True,0,0,0,True,0.9621497895738287,145.0,335.0,0.0,0.0,0.0,0.0,1.0
2025-01-09 18:40:00+00:00,2025-01-09,2025-01-09:1,True,4,20,True,0.09206349206349207,0.09206349206349207,0.0,True,0,0,0,True,0.9901201222848386,140.0,340.0,0.0,0.0,0.0,0.0,1.0
2025-01-09 18:45:00+00:00,2025-01-09,2025-01-09:1,True,0,5,True,0.10606060606060606,0.029925244242941344,1.2653082727643277,True,0,0,0,True,0.0,135.0,345.0,1.0,0.0,0.0,0.0,0.0
2025-01-09 18:50:00+00:00,2025-01-09,2025-01-09:1,True,1,5,True,-0.23809523809523808,0.23809523809523808,1.184834774763901,True,0,0,0,True,0.8831236994942517,130.0,350.0,0.0,1.0,0.0,0.0,0.0
2025-01-09 18:55:00+00:00,2025-01-09,2025-01-09:1,True,1,10,True,0.17994100294985252,0.05293346681409304,1.2235932539564311,True,0,0,0,True,2.094948696222885,125.0,355.0,0.0,1.0,0.0,0.0,0.0
2025-01-09 19:00:00+00:00,2025-01-09,2025-01-09:1,True,2,5,True,-0.08620689655172414,0.039874573777255014,-0.771011308793598,True,0,0,0,True,-0.8620168489405583,120.0,360.0,0.0,0.0,1.0,0.0,0.0
2025-01-09 19:05:00+00:00,2025-01-09,2025-01-09:1,True,2,10,True,-0.11026615969581749,0.049229513689582026,-0.8064037614042425,True,0,0,0,True,0.0,115.0,365.0,0.0,0.0,1.0,0.0,0.0
2025-01-09 19:10:00+00:00,2025-01-09,2025-01-09:1,True,0,5,True,-0.2,0.055477680655894146,-1.282336577024033,True,0,0,0,True,0.0,110.0,370.0,1.0,0.0,0.0,0.0,0.0
2025-01-09 19:15:00+00:00,2025-01-09,2025-01-09:1,True,0,10,True,-0.25,0.16491871560744306,-0.41600819802717537,True,0,0,0,True,1.5897832314052782,105.0,375.0,1.0,0.0,0.0,0.0,0.0
2025-01-09 19:20:00+00:00,2025-01-09,2025-01-09:1,True,0,15,True,0.3160919540229885,0.20428961422160452,0.4364945003883955,True,0,0,0,True,0.0,100.0,380.0,1.0,0.0,0.0,0.0,0.0
2025-01-09 19:25:00+00:00,2025-01-09,2025-01-09:1,True,3,5,True,0.16825396825396827,0.16825396825396827,-0.4403628891224217,True,0,0,0,True,0.0,95.0,385.0,0.0,0.0,0.0,1.0,0.0
2025-01-09 19:30:00+00:00,2025-01-09,2025-01-09:1,True,0,5,True,-0.21611721611721613,0.21611721611721613,1.1082546803920437,True,0,0,0,True,0.0,90.0,390.0,1.0,0.0,0.0,0.0,0.0
2025-01-09 19:35:00+00:00,2025-01-09,2025-01-09:1,True,0,10,True,0.034055727554179564,0.015265795498841522,0.8023834911286589,True,0,0,0,True,-1.348862402899637,85.0,395.0,1.0,0.0,0.0,0.0,0.0
2025-01-09 19:40:00+00:00,2025-01-09,2025-01-09:1,True,0,15,True,-0.27953890489913547,0.15763290474161615,-0.5728725354761611,True,0,0,0,True,-0.37886730743990127,80.0,400.0,1.0,0.0,0.0,0.0,0.0
2025-01-09 19:45:00+00:00,2025-01-09,2025-01-09:1,True,0,20,True,-0.14285714285714285,0.06578187062309102,-0.7755008520042598,True,0,0,0,True,0.0,75.0,405.0,1.0,0.0,0.0,0.0,0.0
2025-01-09 19:50:00+00:00,2025-01-09,2025-01-09:1,True,0,25,True,-0.026881720430107527,0.012130564745684067,-0.7957182380663003,True,0,0,0,True,-0.8296134408046104,70.0,410.0,1.0,0.0,0.0,0.0,0.0
2025-01-09 19:55:00+00:00,2025-01-09,2025-01-09:1,True,0,30,True,0.07348242811501597,0.07348242811501597,0.0,True,0,0,0,True,0.49357056584133085,65.0,415.0,1.0,0.0,0.0,0.0,0.0
2025-01-09 20:00:00+00:00,2025-01-09,2025-01-09:1,True,0,35,True,-0.125,0.125,0.0,True,0,0,0,True,0.9042902287119344,60.0,420.0,1.0,0.0,0.0,0.0,0.0
2025-01-09 20:05:00+00:00,2025-01-09,2025-01-09:1,True,3,5,True,-0.07279693486590039,0.02222324247694398,-1.1865351512054865,True,0,0,0,True,0.0,55.0,425.0,0.0,0.0,0.0,1.0,0.0
2025-01-09 20:10:00+00:00,2025-01-09,2025-01-09:1,True,4,5,True,0.1111111111111111,0.07497087666786752,0.3934309746169833,True,1,0,0,True,0.0,50.0,430.0,0.0,0.0,0.0,0.0,1.0
2025-01-09 20:15:00+00:00,2025-01-09,2025-01-09:1,True,0,5,True,-0.10153846153846154,0.10153846153846154,0.7959629683474027,True,0,0,0,True,0.0,45.0,435.0,1.0,0.0,0.0,0.0,0.0
2025-01-09 20:20:00+00:00,2025-01-09,2025-01-09:1,True,0,10,True,0.006289308176100629,0.006289308176100629,-0.41816024395884793,True,0,0,0,True,-1.0855558677974046,40.0,440.0,1.0,0.0,0.0,0.0,0.0
2025-01-09 20:25:00+00:00,2025-01-09,2025-01-09:1,True,0,15,True,0.07120743034055728,0.07120743034055728,-0.5771238839436945,True,0,0,0,True,-1.7206509812490676,35.0,445.0,1.0,0.0,0.0,0.0,0.0
2025-01-09 20:30:00+00:00,2025-01-09,2025-01-09:1,True,0,20,True,-0.12987012987012986,0.12987012987012986,2.2004420666663793,True,0,0,0,True,3.280225361078986,30.0,450.0,1.0,0.0,0.0,0.0,0.0
2025-01-09 20:35:00+00:00,2025-01-09,2025-01-09:1,True,1,5,True,0.13099041533546327,0.03770640379548516,1.2452942131680256,True,0,0,0,True,-0.31064341652696087,25.0,455.0,0.0,1.0,0.0,0.0,0.0
2025-01-09 20:40:00+00:00,2025-01-09,2025-01-09:1,True,2,5,True,-0.1270358306188925,0.1270358306188925,0.0,True,0,0,0,True,0.7923199362384964,20.0,460.0,0.0,0.0,1.0,0.0,0.0
2025-01-09 20:45:00+00:00,2025-01-09,2025-01-09:1,True,1,5,True,0.10638297872340426,0.05260727769405312,0.7041911203307355,True,0,0,0,True,0.5215055627464305,15.0,465.0,0.0,1.0,0.0,0.0,0.0
2025-01-09 20:50:00+00:00,2025-01-09,2025-01-09:1,True,1,10,True,-0.011235955056179775,0.011235955056179775,0.7231983381978356,True,0,0,0,True,0.0,10.0,470.0,0.0,1.0,0.0,0.0,0.0
2025-01-09 20:55:00+00:00,2025-01-09,2025-01-09:1,True,2,5,True,0.13559322033898305,0.13559322033898305,0.0,True,0,0,0,True,-1.1062204949557337,5.0,475.0,0.0,0.0,1.0,0.0,0.0
2025-01-09 21:00:00+00:00,2025-01-09,2025-01-09:1,True,0,5,True,-0.0872093023255814,0.030066516081734433,-1.064898873251002,True,0,0,0,True,0.5191344321034936,0.0,480.0,1.0,0.0,0.0,0.0,0.0
2025-01-10 13:00:00+00:00,2025-01-10,2025-01-10:1,False,-1,0,False,,,,False,0,0,0,False,,480.0,0.0,,,,,
2025-01-10 13:05:00+00:00,2025-01-10,2025-01-10:1,False,-1,0,True,0.23863636363636365,,,False,0,0,0,False,,475.0,5.0,,,,,
2025-01-10 13:10:00+00:00,2025-01-10,2025-01-10:1,False,-1,0,True,-0.18354430379746836,,,False,0,0,0,False,,470.0,10.0,,,,,
2025-01-10 13:15:00+00:00,2025-01-10,2025-01-10:1,False,-1,0,True,-0.03559870550161812,,,False,0,0,0,False,,465.0,15.0,,,,,
2025-01-10 13:20:00+00:00,2025-01-10,2025-01-10:1,False,-1,0,True,0.0297029702970297,,,False,0,0,0,False,,460.0,20.0,,,,,
2025-01-10 13:25:00+00:00,2025-01-10,2025-01-10:1,False,-1,0,True,-0.10510510510510511,,,False,0,0,0,False,,455.0,25.0,,,,,
2025-01-10 13:30:00+00:00,2025-01-10,2025-01-10:1,False,-1,0,True,0.04230769230769231,,,False,0,0,0,False,,450.0,30.0,,,,,
2025-01-10 13:35:00+00:00,2025-01-10,2025-01-10:1,False,-1,0,True,-0.1270718232044199,,,False,0,0,0,False,,445.0,35.0,,,,,
2025-01-10 13:40:00+00:00,2025-01-10,2025-01-10:1,False,-1,0,True,-0.014925373134328358,,,False,0,0,0,False,,440.0,40.0,,,,,
2025-01-10 13:45:00+00:00,2025-01-10,2025-01-10:1,False,-1,0,True,0.0547945205479452,,,False,0,0,0,False,,435.0,45.0,,,,,
2025-01-10 13:50:00+00:00,2025-01-10,2025-01-10:1,False,-1,0,True,0.09941520467836257,,,False,0,0,0,False,,430.0,50.0,,,,,
2025-01-10 13:55:00+00:00,2025-01-10,2025-01-10:1,False,-1,0,True,-0.2026578073089701,,,False,0,0,0,False,,425.0,55.0,,,,,
2025-01-10 14:00:00+00:00,2025-01-10,2025-01-10:1,False,-1,0,True,0.00641025641025641,,,False,0,0,0,False,,420.0,60.0,,,,,
2025-01-10 14:05:00+00:00,2025-01-10,2025-01-10:1,True,0,5,True,-0.0859106529209622,0.0859106529209622,1.3088162313386769,True,0,0,0,False,,415.0,65.0,1.0,0.0,0.0,0.0,0.0
2025-01-10 14:10:00+00:00,2025-01-10,2025-01-10:1,True,0,10,True,0.1,0.059245768089433465,0.5234758331746248,True,0,0,0,False,,410.0,70.0,1.0,0.0,0.0,0.0,0.0
2025-01-10 14:15:00+00:00,2025-01-10,2025-01-10:1,True,0,15,True,0.058365758754863814,0.058365758754863814,-1.5547112292415635,True,0,0,0,False,,405.0,75.0,1.0,0.0,0.0,0.0,0.0
2025-01-10 14:20:00+00:00,2025-01-10,2025-01-10:1,True,3,5,True,0.10778443113772455,0.10778443113772455,-2.2069735208244623,True,0,0,0,False,,400.0,80.0,0.0,0.0,0.0,1.0,0.0
2025-01-10 14:25:00+00:00,2025-01-10,2025-01-10:1,True,3,10,True,0.12112676056338029,0.12112676056338029,-1.6364876134960107,True,0,0,0,False,,395.0,85.0,0.0,0.0,0.0,1.0,0.0
2025-01-10 14:30:00+00:00,2025-01-10,2025-01-10:1,True,0,5,True,0.009230769230769232,0.001381090987747664,1.8996686276562702,True,0,0,0,False,,390.0,90.0,1.0,0.0,0.0,0.0,0.0
2025-01-10 14:35:00+00:00,2025-01-10,2025-01-10:1,True,4,5,True,-0.11688311688311688,0.11688311688311688,0.0,True,0,0,0,False,,385.0,95.0,0.0,0.0,0.0,0.0,1.0
2025-01-10 14:40:00+00:00,2025-01-10,2025-01-10:1,True,3,5,True,-0.09554140127388536,0.02902366262951355,-1.1914482247161864,True,0,0,0,False,,380.0,100.0,0.0,0.0,0.0,1.0,0.0
2025-01-10 14:45:00+00:00,2025-01-10,2025-01-10:1,True,4,5,True,0.006289308176100629,0.002195248047450034,1.0525560309474338,True,1,0,0,False,,375.0,105.0,0.0,0.0,0.0,0.0,1.0
2025-01-10 14:50:00+00:00,2025-01-10,2025-01-10:1,True,0,5,True,-0.28611898016997167,0.2539259097393631,-0.11936520836203064,True,1,0,0,False,,370.0,110.0,1.0,0.0,0.0,0.0,0.0
2025-01-10 14:55:00+00:00,2025-01-10,2025-01-10:1,True,1,5,True,-0.3090909090909091,0.3090909090909091,1.2410082063600214,True,1,0,0,False,,365.0,115.0,0.0,1.0,0.0,0.0,0.0
2025-01-10 15:00:00+00:00,2025-01-10,2025-01-10:1,True,1,10,True,0.029239766081871343,0.010563740591860762,1.0181021966434292,True,0,0,0,False,,360.0,120.0,0.0,1.0,0.0,0.0,0.0
2025-01-10 15:05:00+00:00,2025-01-10,2025-01-10:1,True,0,5,True,0.14202898550724638,0.14202898550724638,-0.5508607236860777,True,0,0,0,True,0.0,355.0,125.0,1.0,0.0,0.0,0.0,0.0
2025-01-10 15:10:00+00:00,2025-01-10,2025-01-10:1,True,2,5,True,0.03954802259887006,0.03954802259887006,-0.2696280185486398,True,0,0,0,True,-0.26353943338902325,350.0,130.0,0.0,0.0,1.0,0.0,0.0
2025-01-10 15:15:00+00:00,2025-01-10,2025-01-10:1,True,1,5,True,-0.1111111111111111,0.1111111111111111,0.8223355191992976,True,0,0,0,True,1.225865414162056,345.0,135.0,0.0,1.0,0.0,0.0,0.0
2025-01-10 15:20:00+00:00,2025-01-10,2025-01-10:1,True,0,5,True,0.07816711590296496,0.07816711590296496,-1.6029981807419238,True,0,0,0,True,-1.2688646786811701,340.0,140.0,1.0,0.0,0.0,0.0,0.0
2025-01-10 15:25:00+00:00,2025-01-10,2025-01-10:1,True,3,5,True,0.22727272727272727,0.22727272727272727,-1.744837490960325,True,0,0,0,True,-1.013845512199648,335.0,145.0,0.0,0.0,0.0,1.0,0.0
2025-01-10 15:30:00+00:00,2025-01-10,2025-01-10:1,True,4,5,True,0.01694915254237288,0.004602139038890272,1.3036966312098877,True,1,0,0,True,4.185488284199021,330.0,150.0,0.0,0.0,0.0,0.0,1.0
2025-01-10 15:35:00+00:00,2025-01-10,2025-01-10:1,True,0,5,True,-0.1189710610932476,0.1189710610932476,0.0,True,1,0,0,True,-1.6300660091505237,325.0,155.0,1.0,0.0,0.0,0.0,0.0
2025-01-10 15:40:00+00:00,2025-01-10,2025-01-10:1,True,0,10,True,0.27526132404181186,0.27526132404181186,-0.13354980412393774,True,1,0,0,True,-0.12263059161538267,320.0,160.0,1.0,0.0,0.0,0.0,0.0
2025-01-10 15:45:00+00:00,2025-01-10,2025-01-10:1,True,0,15,True,-0.07023411371237458,0.07023411371237458,1.650968741779251,True,1,0,0,True,0.7298890670062204,315.0,165.0,1.0,0.0,0.0,0.0,0.0
2025-01-10 15:50:00+00:00,2025-01-10,2025-01-10:1,True,0,20,True,0.21293800539083557,0.21293800539083557,-0.8306638528604989,True,0,1,1,True,-1.2382805609658925,310.0,170.0,1.0,0.0,0.0,0.0,0.0
2025-01-10 15:55:00+00:00,2025-01-10,2025-01-10:1,True,1,5,True,0.21003134796238246,0.10425960133230151,0.7003728400394046,True,0,0,1,True,-0.6264325119683658,305.0,175.0,0.0,1.0,0.0,0.0,0.0
2025-01-10 16:00:00+00:00,2025-01-10,2025-01-10:1,True,1,10,True,-0.0782122905027933,0.0782122905027933,1.1205965440625696,True,0,0,1,True,1.1287379201903762,300.0,180.0,0.0,1.0,0.0,0.0,0.0
2025-01-10 16:05:00+00:00,2025-01-10,2025-01-10:1,True,0,5,True,-0.11048158640226628,0.03552326590979827,-1.1346610086225253,True,0,0,1,True,-1.585736966687202,295.0,185.0,1.0,0.0,0.0,0.0,0.0
2025-01-10 16:10:00+00:00,2025-01-10,2025-01-10:1,True,0,10,True,0.017142857142857144,0.017142857142857144,-0.27636100399762065,True,0,0,1,True,-1.1350855171213765,290.0,190.0,1.0,0.0,0.0,0.0,0.0
2025-01-10 16:15:00+00:00,2025-01-10,2025-01-10:1,True,0,15,True,0.12179487179487179,0.09254997880947986,0.27458944084250064,True,0,0,1,True,0.0,285.0,195.0,1.0,0.0,0.0,0.0,0.0
2025-01-10 16:20:00+00:00,2025-01-10,2025-01-10:1,True,0,20,True,0.2085889570552147,0.2085889570552147,-0.5325382951960986,True,0,0,1,True,0.595395914339317,280.0,200.0,1.0,0.0,0.0,0.0,0.0
2025-01-10 16:25:00+00:00,2025-01-10,2025-01-10:1,True,0,25,True,0.2084592145015106,0.15852941068468349,0.27380327572820934,True,0,0,1,True,-0.4992528207434024,275.0,205.0,1.0,0.0,0.0,0.0,0.0
2025-01-10 16:30:00+00:00,2025-01-10,2025-01-10:1,True,0,30,True,0.036544850498338874,0.015491759535130043,0.8582320473734593,True,0,0,1,True,0.15448363185152747,270.0,210.0,1.0,0.0,0.0,0.0,0.0
2025-01-10 16:35:00+00:00,2025-01-10,2025-01-10:1,True,1,5,True,0.09340659340659341,0.017382290297371965,1.681510047051809,True,0,0,1,True,0.0,265.0,215.0,0.0,1.0,0.0,0.0,0.0
2025-01-10 16:40:00+00:00,2025-01-10,2025-01-10:1,True,1,10,True,0.43558282208588955,0.021757862859242763,2.9967097522414887,True,0,0,1,True,0.0,260.0,220.0,0.0,1.0,0.0,0.0,0.0
2025-01-10 16:45:00+00:00,2025-01-10,2025-01-10:1,True,1,15,True,0.1962025316455696,0.09934531246647796,0.6805456645739366,True,0,0,1,True,-0.6349763030745282,255.0,225.0,0.0,1.0,0.0,0.0,0.0
2025-01-10 16:50:00+00:00,2025-01-10,2025-01-10:1,True,2,5,True,-0.024390243902439025,0.024390243902439025,0.5056661293279183,True,0,0,1,True,0.0,250.0,230.0,0.0,0.0,1.0,0.0,0.0
2025-01-10 16:55:00+00:00,2025-01-10,2025-01-10:1,True,2,10,True,0.2198952879581152,0.2198952879581152,-0.16519548031334294,True,0,0,1,True,0.0,245.0,235.0,0.0,0.0,1.0,0.0,0.0
2025-01-10 17:00:00+00:00,2025-01-10,2025-01-10:1,True,1,5,True,-0.11538461538461539,0.11538461538461539,2.8529083417184187,True,0,0,1,True,1.475878872199573,240.0,240.0,0.0,1.0,0.0,0.0,0.0
2025-01-10 17:05:00+00:00,2025-01-10,2025-01-10:1,True,2,5,True,-0.01935483870967742,0.010757222494241556,-0.5873650618247229,True,0,0,1,True,0.6566941029232903,235.0,245.0,0.0,0.0,1.0,0.0,0.0
2025-01-10 17:10:00+00:00,2025-01-10,2025-01-10:1,True,2,10,True,0.07692307692307693,0.07692307692307693,-0.6051242266777573,True,0,0,1,True,0.0,230.0,250.0,0.0,0.0,1.0,0.0,0.0
2025-01-10 17:15:00+00:00,2025-01-10,2025-01-10:1,True,0,5,True,0.49032258064516127,0.49032258064516127,-0.8907998001433282,True,0,0,1,True,0.023414621903412213,225.0,255.0,1.0,0.0,0.0,0.0,0.0
2025-01-10 17:20:00+00:00,2025-01-10,2025-01-10:1,True,1,5,True,-0.17263843648208468,0.17263843648208468,1.8546363830576666,True,0,0,1,True,0.0,220.0,260.0,0.0,1.0,0.0,0.0,0.0
2025-01-10 17:25:00+00:00,2025-01-10,2025-01-10:1,True,0,5,True,-0.06273062730627306,0.02497739955518026,-0.920878403953762,True,0,0,1,True,-0.6863822367500574,215.0,265.0,1.0,0.0,0.0,0.0,0.0
2025-01-10 17:30:00+00:00,2025-01-10,2025-01-10:1,True,0,10,True,0.0726643598615917,0.029351276814798294,0.906514980205686,True,0,0,1,True,0.0,210.0,270.0,1.0,0.0,0.0,0.0,0.0
2025-01-10 17:35:00+00:00,2025-01-10,2025-01-10:1,True,0,15,True,0.15358361774744028,0.15358361774744028,-0.30665353840384735,True,0,0,1,True,0.0,205.0,275.0,1.0,0.0,0.0,0.0,0.0
2025-01-10 17:40:00+00:00,2025-01-10,2025-01-10:1,True,0,20,True,0.3132530120481928,0.3132530120481928,-0.9970314753661291,True,0,0,1,True,-2.2294301546255717,200.0,280.0,1.0,0.0,0.0,0.0,0.0
2025-01-10 17:45:00+00:00,2025-01-10,2025-01-10:1,True,0,25,True,-0.15857605177993528,0.15857605177993528,0.0,True,0,0,1,True,0.1107597670618976,195.0,285.0,1.0,0.0,0.0,0.0,0.0
2025-01-10 17:50:00+00:00,2025-01-10,2025-01-10:1,True,0,30,True,0.21142857142857144,0.21142857142857144,-0.327456942083711,True,0,0,1,True,-0.7322159822033895,190.0,290.0,1.0,0.0,0.0,0.0,0.0
2025-01-10 17:55:00+00:00,2025-01-10,2025-01-10:1,True,0,35,True,-0.04498269896193772,0.04498269896193772,0.3405723345662175,True,0,0,1,True,0.0,185.0,295.0,1.0,0.0,0.0,0.0,0.0
2025-01-10 18:00:00+00:00,2025-01-10,2025-01-10:1,True,0,40,True,0.12039312039312039,0.12039312039312039,0.0,True,0,0,1,True,0.682350396651795,180.0,300.0,1.0,0.0,0.0,0.0,0.0
2025-01-10 18:05:00+00:00,2025-01-10,2025-01-10:1,True,0,45,True,-0.28651685393258425,0.28651685393258425,1.1900902220455638,True,0,0,1,True,0.0,175.0,305.0,1.0,0.0,0.0,0.0,0.0
2025-01-10 18:10:00+00:00,2025-01-10,2025-01-10:1,True,0,50,True,0.06542056074766354,0.06542056074766354,-1.2591540899132503,True,0,0,1,True,-0.7790836830128025,170.0,310.0,1.0,0.0,0.0,0.0,0.0
2025-01-10 18:15:00+00:00,2025-01-10,2025-01-10:1,True,0,55,True,0.06306306306306306,0.02667061221481549,0.8605729336084768,True,0,0,1,True,-0.7003024644664139,165.0,315.0,1.0,0.0,0.0,0.0,0.0
2025-01-10 18:20:00+00:00,2025-01-10,2025-01-10:1,True,0,60,True,-0.13864306784660768,0.05315238260802851,-0.9587398415317597,True,0,0,1,True,0.7388567745480005,160.0,320.0,1.0,0.0,0.0,0.0,0.0
2025-01-10 18:25:00+00:00,2025-01-10,2025-01-10:1,True,0,65,True,-0.07692307692307693,0.07692307692307693,0.4719232400632255,True,0,0,1,True,-0.8833678513824982,155.0,325.0,1.0,0.0,0.0,0.0,0.0
2025-01-10 18:30:00+00:00,2025-01-10,2025-01-10:1,True,0,70,True,-0.13220338983050847,0.13220338983050847,0.0,True,0,0,1,True,0.7065301854848182,150.0,330.0,1.0,0.0,0.0,0.0,0.0
2025-01-10 18:35:00+00:00,2025-01-10,2025-01-10:1,True,0,75,True,-0.1456953642384106,0.08941354862530951,-0.48824567421002046,True,0,0,1,True,-3.275251551755259,145.0,335.0,1.0,0.0,0.0,0.0,0.0
2025-01-10 18:40:00+00:00,2025-01-10,2025-01-10:1,True,0,80,True,0.20245398773006135,0.13240329324366762,0.4246601230066877,True,0,0,1,True,1.2972968553583795,140.0,340.0,1.0,0.0,0.0,0.0,0.0
2025-01-10 18:45:00+00:00,2025-01-10,2025-01-10:1,True,0,85,True,0.08359133126934984,0.04248979703778372,0.6766758443539879,True,0,0,1,True,1.170870489548498,135.0,345.0,1.0,0.0,0.0,0.0,0.0
2025-01-10 18:50:00+00:00,2025-01-10,2025-01-10:1,True,0,90,True,-0.0219435736677116,0.004404433960540923,-1.6058625734308722,True,0,0,1,True,1.2423856075038144,130.0,350.0,1.0,0.0,0.0,0.0,0.0
2025-01-10 18:55:00+00:00,2025-01-10,2025-01-10:1,True,0,95,True,0.08626198083067092,0.007629130865380144,2.425415025811186,True,0,0,1,True,2.1413308334460304,125.0,355.0,1.0,0.0,0.0,0.0,0.0
2025-01-10 19:00:00+00:00,2025-01-10,2025-01-10:1,True,0,100,True,0.1437908496732026,0.1437908496732026,-2.8774236645518427,True,0,0,1,True,-1.6085287285016894,120.0,360.0,1.0,0.0,0.0,0.0,0.0
2025-01-10 19:05:00+00:00,2025-01-10,2025-01-10:1,True,3,5,True,0.06620209059233449,0.06620209059233449,-2.0568298387167774,True,0,0,1,True,-1.5330704458409408,115.0,365.0,0.0,0.0,0.0,1.0,0.0
2025-01-10 19:10:00+00:00,2025-01-10,2025-01-10:1,True,3,10,True,-0.16560509554140126,0.1185389127256407,-0.33436472755262653,True,0,0,1,True,-2.554125267945918,110.0,370.0,0.0,0.0,0.0,1.0,0.0
2025-01-10 19:15:00+00:00,2025-01-10,2025-01-10:1,True,4,5,True,-0.12987012987012986,0.11103100734718044,-0.15672544234975186,True,0,0,1,True,0.0,105.0,375.0,0.0,0.0,0.0,0.0,1.0
2025-01-10 19:20:00+00:00,2025-01-10,2025-01-10:1,True,4,10,True,0.09480122324159021,0.039484482110116764,0.875874575823591,True,0,0,1,True,-0.9972048413580914,100.0,380.0,0.0,0.0,0.0,0.0,1.0
2025-01-10 19:25:00+00:00,2025-01-10,2025-01-10:1,True,4,15,True,-0.024193548387096774,0.024193548387096774,1.1507119235647691,True,0,0,1,True,0.0,95.0,385.0,0.0,0.0,0.0,0.0,1.0
2025-01-10 19:30:00+00:00,2025-01-10,2025-01-10:1,True,0,5,True,-0.01060070671378092,0.00596715088827238,-0.5746510946621964,True,0,0,1,True,0.0,90.0,390.0,1.0,0.0,0.0,0.0,0.0
2025-01-10 19:35:00+00:00,2025-01-10,2025-01-10:1,True,0,10,True,0.2087912087912088,0.2087912087912088,0.0,True,0,0,1,True,0.0,85.0,395.0,1.0,0.0,0.0,0.0,0.0
2025-01-10 19:40:00+00:00,2025-01-10,2025-01-10:1,True,0,15,True,-0.13071895424836602,0.07146254071012494,-0.60387622488261,True,0,0,1,True,-0.6751541444157735,80.0,400.0,1.0,0.0,0.0,0.0,0.0
2025-01-10 19:45:00+00:00,2025-01-10,2025-01-10:1,True,1,5,True,0.05466237942122187,0.016499513700601643,1.1978448030777218,True,0,0,1,True,0.6696156015436829,75.0,405.0,0.0,1.0,0.0,0.0,0.0
2025-01-10 19:50:00+00:00,2025-01-10,2025-01-10:1,True,0,5,True,-0.13246753246753246,0.13246753246753246,0.0,True,0,0,1,True,0.0,70.0,410.0,1.0,0.0,0.0,0.0,0.0
2025-01-10 19:55:00+00:00,2025-01-10,2025-01-10:1,True,0,10,True,0.15853658536585366,0.1153082236592296,0.31837664043024133,True,0,0,1,True,0.3970981810032449,65.0,415.0,1.0,0.0,0.0,0.0,0.0
2025-01-10 20:00:00+00:00,2025-01-10,2025-01-10:1,True,0,15,True,0.39943342776203966,0.39943342776203966,-1.4327718072140765,True,0,0,1,True,-0.41345663714939396,60.0,420.0,1.0,0.0,0.0,0.0,0.0
2025-01-10 20:05:00+00:00,2025-01-10,2025-01-10:1,True,0,20,True,0.17307692307692307,0.17307692307692307,-0.17552988418222618,True,0,0,1,True,0.0,55.0,425.0,1.0,0.0,0.0,0.0,0.0
2025-01-10 20:10:00+00:00,2025-01-10,2025-01-10:1,True,0,25,True,-0.08843537414965986,0.044124580890258884,-0.6952550326943442,True,0,0,1,True,-0.7773187574028009,50.0,430.0,1.0,0.0,0.0,0.0,0.0
2025-01-10 20:15:00+00:00,2025-01-10,2025-01-10:1,True,4,5,True,0.032640949554896145,0.032640949554896145,0.0,True,0,0,1,True,-1.66285445675448,45.0,435.0,0.0,0.0,0.0,0.0,1.0
2025-01-10 20:20:00+00:00,2025-01-10,2025-01-10:1,True,0,5,True,0.21033210332103322,0.030821152627317754,1.9204864980643248,True,0,0,1,True,3.135154276339583,40.0,440.0,1.0,0.0,0.0,0.0,0.0
2025-01-10 20:25:00+00:00,2025-01-10,2025-01-10:1,True,0,10,True,0.18213058419243985,0.0603072373295033,1.1052718067835487,True,0,0,1,True,0.0,35.0,445.0,1.0,0.0,0.0,0.0,0.0
2025-01-10 20:30:00+00:00,2025-01-10,2025-01-10:1,True,0,15,True,-0.017421602787456445,0.008370532374403251,-0.7329934881118495,True,0,0,1,True,-0.27464418984700484,30.0,450.0,1.0,0.0,0.0,0.0,0.0
2025-01-10 20:35:00+00:00,2025-01-10,2025-01-10:1,True,1,5,True,0.025,0.017295595769117197,0.36842393559522596,True,0,0,1,True,0.8238209645289297,25.0,455.0,0.0,1.0,0.0,0.0,0.0
2025-01-10 20:40:00+00:00,2025-01-10,2025-01-10:1,True,2,5,True,0.22093023255813954,0.22093023255813954,-0.7553195715173259,True,0,0,1,True,-1.0993081614970959,20.0,460.0,0.0,0.0,1.0,0.0,0.0
2025-01-10 20:45:00+00:00,2025-01-10,2025-01-10:1,True,1,5,True,-0.2982456140350877,0.2982456140350877,0.7414824044348144,True,0,0,1,True,-0.18230522728690718,15.0,465.0,0.0,1.0,0.0,0.0,0.0
2025-01-10 20:50:00+00:00,2025-01-10,2025-01-10:1,True,0,5,True,-0.05604719764011799,0.0393248998924963,-0.35433624747238374,True,0,0,1,True,-0.19984131373062355,10.0,470.0,1.0,0.0,0.0,0.0,0.0
2025-01-10 20:55:00+00:00,2025-01-10,2025-01-10:1,True,0,10,True,-0.036303630363036306,0.017935823354707538,-0.7051177286345952,True,0,0,1,True,-0.7883455866836024,5.0,475.0,1.0,0.0,0.0,0.0,0.0
2025-01-10 21:00:00+00:00,2025-01-10,2025-01-10:1,True,0,15,True,0.09025270758122744,0.09025270758122744,-0.7645588835353574,True,0,0,1,True,-0.6059581522365203,0.0,480.0,1.0,0.0,0.0,0.0,0.0
2025-01-13 13:00:00+00:00,2025-01-13,2025-01-13:1,False,-1,0,False,,,,False,0,0,0,False,,480.0,0.0,,,,,
2025-01-13 13:05:00+00:00,2025-01-13,2025-01-13:1,False,-1,0,True,0.3915211970074813,,,False,0,0,0,False,,475.0,5.0,,,,,
2025-01-13 13:10:00+00:00,2025-01-13,2025-01-13:1,False,-1,0,True,-0.08307692307692308,,,False,0,0,0,False,,470.0,10.0,,,,,
2025-01-13 13:15:00+00:00,2025-01-13,2025-01-13:1,False,-1,0,True,0.1297709923664122,,,False,0,0,0,False,,465.0,15.0,,,,,
2025-01-13 13:20:00+00:00,2025-01-13,2025-01-13:1,False,-1,0,True,0.012165450121654502,,,False,0,0,0,False,,460.0,20.0,,,,,
2025-01-13 13:25:00+00:00,2025-01-13,2025-01-13:1,False,-1,0,True,-0.12080536912751678,,,False,0,0,0,False,,455.0,25.0,,,,,
2025-01-13 13:30:00+00:00,2025-01-13,2025-01-13:1,False,-1,0,True,0.3296398891966759,,,False,0,0,0,False,,450.0,30.0,,,,,
2025-01-13 13:35:00+00:00,2025-01-13,2025-01-13:1,False,-1,0,True,-0.15719063545150502,,,False,0,0,0,False,,445.0,35.0,,,,,
2025-01-13 13:40:00+00:00,2025-01-13,2025-01-13:1,False,-1,0,True,0.12030075187969924,,,False,0,0,0,False,,440.0,40.0,,,,,
2025-01-13 13:45:00+00:00,2025-01-13,2025-01-13:1,False,-1,0,True,0.053763440860215055,,,False,0,0,0,False,,435.0,45.0,,,,,
2025-01-13 13:50:00+00:00,2025-01-13,2025-01-13:1,False,-1,0,True,0.19883040935672514,,,False,0,0,0,False,,430.0,50.0,,,,,
2025-01-13 13:55:00+00:00,2025-01-13,2025-01-13:1,False,-1,0,True,0.17647058823529413,,,False,0,0,0,False,,425.0,55.0,,,,,
2025-01-13 14:00:00+00:00,2025-01-13,2025-01-13:1,False,-1,0,True,0.1166077738515901,,,False,0,0,0,False,,420.0,60.0,,,,,
2025-01-13 14:05:00+00:00,2025-01-13,2025-01-13:1,True,0,5,True,-0.07871720116618076,0.07871720116618076,0.28578019443134856,True,0,0,0,False,,415.0,65.0,1.0,0.0,0.0,0.0,0.0
2025-01-13 14:10:00+00:00,2025-01-13,2025-01-13:1,True,0,10,True,0.09859154929577464,0.09859154929577464,-0.2963617620544786,True,0,0,0,False,,410.0,70.0,1.0,0.0,0.0,0.0,0.0
2025-01-13 14:15:00+00:00,2025-01-13,2025-01-13:1,True,0,15,True,-0.0031545741324921135,0.0031545741324921135,0.0,True,0,0,0,False,,405.0,75.0,1.0,0.0,0.0,0.0,0.0
2025-01-13 14:20:00+00:00,2025-01-13,2025-01-13:1,True,0,20,True,-0.2623574144486692,0.2623574144486692,0.0,True,0,0,0,False,,400.0,80.0,1.0,0.0,0.0,0.0,0.0
2025-01-13 14:25:00+00:00,2025-01-13,2025-01-13:1,True,0,25,True,0.05220883534136546,0.05220883534136546,0.0,True,0,0,0,False,,395.0,85.0,1.0,0.0,0.0,0.0,0.0
2025-01-13 14:30:00+00:00,2025-01-13,2025-01-13:1,True,0,30,True,-0.11969111969111969,0.11969111969111969,0.32965481143813996,True,0,0,0,False,,390.0,90.0,1.0,0.0,0.0,0.0,0.0
2025-01-13 14:35:00+00:00,2025-01-13,2025-01-13:1,True,0,35,True,0.30344827586206896,0.13907823892745844,0.7801745257193066,True,0,0,0,False,,385.0,95.0,1.0,0.0,0.0,0.0,0.0
2025-01-13 14:40:00+00:00,2025-01-13,2025-01-13:1,True,0,40,True,-0.06748466257668712,0.04570609296777275,-0.3896687366264229,True,0,0,0,False,,380.0,100.0,1.0,0.0,0.0,0.0,0.0
2025-01-13 14:45:00+00:00,2025-01-13,2025-01-13:1,True,0,45,True,0.031141868512110725,0.031141868512110725,-1.4690092974435989,True,0,0,0,False,,375.0,105.0,1.0,0.0,0.0,0.0,0.0
2025-01-13 14:50:00+00:00,2025-01-13,2025-01-13:1,True,0,50,True,-0.13725490196078433,0.13725490196078433,0.4908138799131647,True,0,0,0,False,,370.0,110.0,1.0,0.0,0.0,0.0,0.0
2025-01-13 14:55:00+00:00,2025-01-13,2025-01-13:1,True,0,55,True,0.10601719197707736,0.10601719197707736,0.0,True,0,0,0,False,,365.0,115.0,1.0,0.0,0.0,0.0,0.0
2025-01-13 15:00:00+00:00,2025-01-13,2025-01-13:1,True,0,60,True,-0.08614232209737828,0.051910500141096945,-0.5064797519447258,True,0,0,0,False,,360.0,120.0,1.0,0.0,0.0,0.0,0.0
2025-01-13 15:05:00+00:00,2025-01-13,2025-01-13:1,True,0,65,True,-0.17159763313609466,0.17159763313609466,0.5182555073170918,True,0,0,0,True,0.0,355.0,125.0,1.0,0.0,0.0,0.0,0.0
2025-01-13 15:10:00+00:00,2025-01-13,2025-01-13:1,True,0,70,True,-0.03488372093023256,0.03488372093023256,0.5239513428680606,True,0,0,0,True,0.3930039751213425,350.0,130.0,1.0,0.0,0.0,0.0,0.0
2025-01-13 15:15:00+00:00,2025-01-13,2025-01-13:1,True,0,75,True,0.0273972602739726,0.0273972602739726,0.0,True,0,0,0,True,0.5071500885302196,345.0,135.0,1.0,0.0,0.0,0.0,0.0
2025-01-13 15:20:00+00:00,2025-01-13,2025-01-13:1,True,0,80,True,-0.44324324324324327,0.15303067167113563,-1.0634803314279475,True,0,0,0,True,1.1890071569068277,340.0,140.0,1.0,0.0,0.0,0.0,0.0
2025-01-13 15:25:00+00:00,2025-01-13,2025-01-13:1,True,0,85,True,0.2126984126984127,0.2126984126984127,-0.5435922069717651,True,0,0,0,True,0.6706809702466446,335.0,145.0,1.0,0.0,0.0,0.0,0.0
2025-01-13 15:30:00+00:00,2025-01-13,2025-01-13:1,True,0,90,True,0.21808510638297873,0.21808510638297873,-1.0784428656040448,True,0,0,0,True,0.0,330.0,150.0,1.0,0.0,0.0,0.0,0.0
2025-01-13 15:35:00+00:00,2025-01-13,2025-01-13:1,True,3,5,True,0.09043927648578812,0.09043927648578812,-1.0738223607945108,True,0,0,0,True,-1.2005698972462095,325.0,155.0,0.0,0.0,0.0,1.0,0.0
2025-01-13 15:40:00+00:00,2025-01-13,2025-01-13:1,True,4,5,True,0.09157509157509157,0.05649602393103251,0.48298904589135105,True,1,0,0,True,-2.1599926780047225,320.0,160.0,0.0,0.0,0.0,0.0,1.0
2025-01-13 15:45:00+00:00,2025-01-13,2025-01-13:1,True,3,5,True,-0.10135135135135136,0.04166936933579451,-0.8888268957305547,True,0,1,1,True,-1.4906080193127285,315.0,165.0,0.0,0.0,0.0,1.0,0.0
2025-01-13 15:50:00+00:00,2025-01-13,2025-01-13:1,True,0,5,True,-0.010526315789473684,0.010526315789473684,0.8892921608401868,True,0,0,1,True,0.5351530183097373,310.0,170.0,1.0,0.0,0.0,0.0,0.0
2025-01-13 15:55:00+00:00,2025-01-13,2025-01-13:1,True,3,5,True,-0.012422360248447204,0.004947185247259907,-0.920679316629498,True,0,0,1,True,-1.029350768730805,305.0,175.0,0.0,0.0,0.0,1.0,0.0
2025-01-13 16:00:00+00:00,2025-01-13,2025-01-13:1,True,0,5,True,-0.07167235494880546,0.07167235494880546,0.0,True,0,0,1,True,0.8619598263876751,300.0,180.0,1.0,0.0,0.0,0.0,0.0
2025-01-13 16:05:00+00:00,2025-01-13,2025-01-13:1,True,3,5,True,0.02456140350877193,0.02456140350877193,-2.1622023168418263,True,0,0,1,True,0.0,295.0,185.0,0.0,0.0,0.0,1.0,0.0
2025-01-13 16:10:00+00:00,2025-01-13,2025-01-13:1,True,0,5,True,-0.0449438202247191,0.0449438202247191,1.6609904966919677,True,0,0,1,True,-0.4221828254680251,290.0,190.0,1.0,0.0,0.0,0.0,0.0
2025-01-13 16:15:00+00:00,2025-01-13,2025-01-13:1,True,0,10,True,-0.2733812949640288,0.2733812949640288,0.827677955643915,True,0,0,1,True,0.44027539178885977,285.0,195.0,1.0,0.0,0.0,0.0,0.0
2025-01-13 16:20:00+00:00,2025-01-13,2025-01-13:1,True,0,15,True,-0.07172995780590717,0.07172995780590717,0.0,True,0,0,1,True,-0.9290877765637079,280.0,200.0,1.0,0.0,0.0,0.0,0.0
2025-01-13 16:25:00+00:00,2025-01-13,2025-01-13:1,True,0,20,True,0.18032786885245902,0.11901815000300617,0.41550068509215193,True,0,0,1,True,0.4170801632329263,275.0,205.0,1.0,0.0,0.0,0.0,0.0
2025-01-13 16:30:00+00:00,2025-01-13,2025-01-13:1,True,1,5,True,-0.27976190476190477,0.27976190476190477,1.21043975711743,True,0,0,1,True,0.9022085265267813,270.0,210.0,0.0,1.0,0.0,0.0,0.0
2025-01-13 16:35:00+00:00,2025-01-13,2025-01-13:1,True,1,10,True,-0.21935483870967742,0.21935483870967742,0.39603708154760525,True,0,0,1,True,0.44740732213596146,265.0,215.0,0.0,1.0,0.0,0.0,0.0
2025-01-13 16:40:00+00:00,2025-01-13,2025-01-13:1,True,1,15,True,0.06930693069306931,0.04574324937109318,0.4155006850921346,True,0,0,1,True,0.0,260.0,220.0,0.0,1.0,0.0,0.0,0.0
2025-01-13 16:45:00+00:00,2025-01-13,2025-01-13:1,True,1,20,True,-0.2012987012987013,0.2012987012987013,0.9155216000853181,True,0,0,1,True,0.0,255.0,225.0,0.0,1.0,0.0,0.0,0.0
2025-01-13 16:50:00+00:00,2025-01-13,2025-01-13:1,True,1,25,True,-0.13793103448275862,0.13793103448275862,0.4779757251199965,True,0,0,1,True,0.4220415778370338,250.0,230.0,0.0,1.0,0.0,0.0,0.0
2025-01-13 16:55:00+00:00,2025-01-13,2025-01-13:1,True,1,30,True,-0.14868804664723032,0.14868804664723032,0.47192324006173714,True,0,0,1,True,-0.6471123664458496,245.0,235.0,0.0,1.0,0.0,0.0,0.0
2025-01-13 17:00:00+00:00,2025-01-13,2025-01-13:1,True,2,5,True,0.10062893081761007,0.10062893081761007,-0.975015170175573,True,0,0,1,True,0.0,240.0,240.0,0.0,0.0,1.0,0.0,0.0
2025-01-13 17:05:00+00:00,2025-01-13,2025-01-13:1,True,0,5,True,0.09025270758122744,0.09025270758122744,-0.5202328342538837,True,0,0,1,True,1.163275981515759,235.0,245.0,1.0,0.0,0.0,0.0,0.0
2025-01-13 17:10:00+00:00,2025-01-13,2025-01-13:1,True,0,10,True,-0.20394736842105263,0.20394736842105263,1.2804280962517227,True,0,0,1,True,0.0921034510319218,230.0,250.0,1.0,0.0,0.0,0.0,0.0
2025-01-13 17:15:00+00:00,2025-01-13,2025-01-13:1,True,0,15,True,0.030303030303030304,0.01946625159348839,0.44256543882921634,True,0,0,1,True,0.9896064057141527,225.0,255.0,1.0,0.0,0.0,0.0,0.0
2025-01-13 17:20:00+00:00,2025-01-13,2025-01-13:1,True,1,5,True,-0.047021943573667714,0.047021943573667714,2.160277412077929,True,0,0,1,True,0.4759807495778509,220.0,260.0,0.0,1.0,0.0,0.0,0.0
2025-01-13 17:25:00+00:00,2025-01-13,2025-01-13:1,True,0,5,True,-0.16510903426791276,0.04582773739713648,-1.2817165415730885,True,0,0,1,True,-0.9553351049468819,215.0,265.0,1.0,0.0,0.0,0.0,0.0
2025-01-13 17:30:00+00:00,2025-01-13,2025-01-13:1,True,0,10,True,-0.020242914979757085,0.016343552296294,-0.21397139019009453,True,0,0,1,True,0.9569091474103661,210.0,270.0,1.0,0.0,0.0,0.0,0.0
2025-01-13 17:35:00+00:00,2025-01-13,2025-01-13:1,True,0,15,True,0.08045977011494253,0.08045977011494253,-0.41714411968709625,True,0,0,1,True,-1.3991439120519833,205.0,275.0,1.0,0.0,0.0,0.0,0.0
2025-01-13 17:40:00+00:00,2025-01-13,2025-01-13:1,True,0,20,True,-0.005747126436781609,0.001175135788684403,-1.5873162740107973,True,0,0,1,True,-1.3385313413383735,200.0,280.0,1.0,0.0,0.0,0.0,0.0
2025-01-13 17:45:00+00:00,2025-01-13,2025-01-13:1,True,3,5,True,0.045871559633027525,0.045871559633027525,-2.7392022582181057,True,0,0,1,True,-1.0880261053885838e-12,195.0,285.0,0.0,0.0,0.0,1.0,0.0
2025-01-13 17:50:00+00:00,2025-01-13,2025-01-13:1,True,3,10,True,-0.31353135313531355,0.07096181334223037,-1.485757472970219,True,0,0,1,True,1.2556277520063752,190.0,290.0,0.0,0.0,0.0,1.0,0.0
2025-01-13 17:55:00+00:00,2025-01-13,2025-01-13:1,True,3,15,True,-0.05338078291814947,0.009337203760246581,-1.7434439866052123,True,0,0,1,True,0.0,185.0,295.0,0.0,0.0,0.0,1.0,0.0
2025-01-13 18:00:00+00:00,2025-01-13,2025-01-13:1,True,3,20,True,0.05555555555555555,0.05555555555555555,-1.4264541708598748,True,0,0,1,True,-1.0632161642775981,180.0,300.0,0.0,0.0,0.0,1.0,0.0
2025-01-13 18:05:00+00:00,2025-01-13,2025-01-13:1,True,4,5,True,0.2508833922261484,0.2508833922261484,0.0,True,0,0,1,True,-0.3216715849694841,175.0,305.0,0.0,0.0,0.0,0.0,1.0
2025-01-13 18:10:00+00:00,2025-01-13,2025-01-13:1,True,4,10,True,-0.03571428571428571,0.03571428571428571,0.6054864212123099,True,1,0,1,True,0.8287630170301783,170.0,310.0,0.0,0.0,0.0,0.0,1.0
2025-01-13 18:15:00+00:00,2025-01-13,2025-01-13:1,True,3,5,True,-0.13618677042801555,0.011999650715964658,-2.4291497132148927,True,0,1,2,True,-0.5257845711666855,165.0,315.0,0.0,0.0,0.0,1.0,0.0
2025-01-13 18:20:00+00:00,2025-01-13,2025-01-13:1,True,4,5,True,-0.20833333333333334,0.20833333333333334,0.7155346379148384,True,1,0,2,True,0.0,160.0,320.0,0.0,0.0,0.0,0.0,1.0
2025-01-13 18:25:00+00:00,2025-01-13,2025-01-13:1,True,3,5,True,-0.06415094339622641,0.03616942196847688,-0.5730247321813484,True,1,0,2,True,0.12047848957344143,155.0,325.0,0.0,0.0,0.0,1.0,0.0
2025-01-13 18:30:00+00:00,2025-01-13,2025-01-13:1,True,0,5,True,0.07598784194528875,0.057741948065375796,0.2745894408433521,True,1,0,2,True,-0.6140006556276474,150.0,330.0,1.0,0.0,0.0,0.0,0.0
2025-01-13 18:35:00+00:00,2025-01-13,2025-01-13:1,True,3,5,True,0.22866894197952217,0.22866894197952217,-0.5658532876877109,True,0,1,3,True,-0.5029535906393171,145.0,335.0,0.0,0.0,0.0,1.0,0.0
2025-01-13 18:40:00+00:00,2025-01-13,2025-01-13:1,True,4,5,True,0.3234567901234568,0.18209861979648967,0.5745171277431922,True,1,0,3,True,0.7493090903478719,140.0,340.0,0.0,0.0,0.0,0.0,1.0
2025-01-13 18:45:00+00:00,2025-01-13,2025-01-13:1,True,0,5,True,-0.2219020172910663,0.08858126976913692,-0.9183154877807225,True,0,1,4,True,0.0,135.0,345.0,1.0,0.0,0.0,0.0,0.0
2025-01-13 18:50:00+00:00,2025-01-13,2025-01-13:1,True,0,10,True,-0.008645533141210375,0.006307105586550624,-0.31536591899336325,True,0,0,4,True,0.0,130.0,350.0,1.0,0.0,0.0,0.0,0.0
2025-01-13 18:55:00+00:00,2025-01-13,2025-01-13:1,True,0,15,True,0.13573407202216067,0.13573407202216067,-0.6697216456651561,True,0,0,4,True,0.7487715628572864,125.0,355.0,1.0,0.0,0.0,0.0,0.0
2025-01-13 19:00:00+00:00,2025-01-13,2025-01-13:1,True,0,20,True,-0.1299093655589124,0.1299093655589124,0.32504749231093966,True,0,0,4,True,1.4536565774482684,120.0,360.0,1.0,0.0,0.0,0.0,0.0
2025-01-13 19:05:00+00:00,2025-01-13,2025-01-13:1,True,0,25,True,0.0708215297450425,0.013846894684109975,1.6321020499562087,True,0,0,4,True,2.837115498635332,115.0,365.0,1.0,0.0,0.0,0.0,0.0
2025-01-13 19:10:00+00:00,2025-01-13,2025-01-13:1,True,0,30,True,0.12540192926045016,0.12540192926045016,-1.2951983556575493,True,0,0,4,True,-0.8478034455004398,110.0,370.0,1.0,0.0,0.0,0.0,0.0
2025-01-13 19:15:00+00:00,2025-01-13,2025-01-13:1,True,0,35,True,0.0456140350877193,0.03263464713528426,0.33484093660886044,True,0,0,4,True,-0.7487270959049819,105.0,375.0,1.0,0.0,0.0,0.0,0.0
2025-01-13 19:20:00+00:00,2025-01-13,2025-01-13:1,True,0,40,True,-0.21367521367521367,0.14612962791511688,-0.37996307882864183,True,0,0,4,True,-1.513305199984209,100.0,380.0,1.0,0.0,0.0,0.0,0.0
2025-01-13 19:25:00+00:00,2025-01-13,2025-01-13:1,True,0,45,True,0.21714285714285714,0.14787067193039655,0.3842174113482843,True,0,0,4,True,0.8591362499137628,95.0,385.0,1.0,0.0,0.0,0.0,0.0
2025-01-13 19:30:00+00:00,2025-01-13,2025-01-13:1,True,0,50,True,-0.003278688524590164,0.003278688524590164,0.40246324599708166,True,0,0,4,True,0.0,90.0,390.0,1.0,0.0,0.0,0.0,0.0
2025-01-13 19:35:00+00:00,2025-01-13,2025-01-13:1,True,0,55,True,-0.12,0.12,0.8096638534330928,True,0,0,4,True,1.810463415200822,85.0,395.0,1.0,0.0,0.0,0.0,0.0
2025-01-13 19:40:00+00:00,2025-01-13,2025-01-13:1,True,0,60,True,0.15789473684210525,0.15789473684210525,-2.151932608955755,True,0,0,4,True,-0.6550409824362798,80.0,400.0,1.0,0.0,0.0,0.0,0.0
2025-01-13 19:45:00+00:00,2025-01-13,2025-01-13:1,True,0,65,True,-0.02422145328719723,0.02422145328719723,1.0989691220228193,True,0,0,4,True,1.638246441344966,75.0,405.0,1.0,0.0,0.0,0.0,0.0
2025-01-13 19:50:00+00:00,2025-01-13,2025-01-13:1,True,0,70,True,0.08148148148148149,0.08148148148148149,-0.7086096665829089,True,0,0,4,True,-1.3997856651248075,70.0,410.0,1.0,0.0,0.0,0.0,0.0
2025-01-13 19:55:00+00:00,2025-01-13,2025-01-13:1,True,0,75,True,-0.1292517006802721,0.09033243382611172,-0.3582650968523473,True,0,0,4,True,-0.8011051105273944,65.0,415.0,1.0,0.0,0.0,0.0,0.0
2025-01-13 20:00:00+00:00,2025-01-13,2025-01-13:1,True,0,80,True,0.27946127946127947,0.13431901326994514,0.7326460813478994,True,0,0,4,True,0.819123220671372,60.0,420.0,1.0,0.0,0.0,0.0,0.0
2025-01-13 20:05:00+00:00,2025-01-13,2025-01-13:1,True,3,5,True,-0.03768115942028986,0.01802859172778534,-0.7372012924142596,True,0,0,4,True,0.6100413667705193,55.0,425.0,0.0,0.0,0.0,1.0,0.0
2025-01-13 20:10:00+00:00,2025-01-13,2025-01-13:1,True,0,5,True,0.1103202846975089,0.1103202846975089,-1.2028576328949268,True,0,0,4,True,-0.896557144801665,50.0,430.0,1.0,0.0,0.0,0.0,0.0
2025-01-13 20:15:00+00:00,2025-01-13,2025-01-13:1,True,3,5,True,0.2627986348122867,0.2627986348122867,-1.2288012885065298,True,0,0,4,True,0.0,45.0,435.0,0.0,0.0,0.0,1.0,0.0
2025-01-13 20:20:00+00:00,2025-01-13,2025-01-13:1,True,4,5,True,-0.11436950146627566,0.11436950146627566,0.4043174979061505,True,1,0,4,True,-0.9040814098107814,40.0,440.0,0.0,0.0,0.0,0.0,1.0
2025-01-13 20:25:00+00:00,2025-01-13,2025-01-13:1,True,0,5,True,-0.13178294573643412,0.13178294573643412,0.397759086008751,True,1,0,4,True,-0.8894163549862806,35.0,445.0,1.0,0.0,0.0,0.0,0.0
2025-01-13 20:30:00+00:00,2025-01-13,2025-01-13:1,True,4,5,True,-0.12374581939799331,0.12374581939799331,0.0,True,1,0,4,True,0.0,30.0,450.0,0.0,0.0,0.0,0.0,1.0
2025-01-13 20:35:00+00:00,2025-01-13,2025-01-13:1,True,0,5,True,0.20261437908496732,0.1352313565912037,0.4043174979072659,True,1,0,4,True,0.0,25.0,455.0,1.0,0.0,0.0,0.0,0.0
2025-01-13 20:40:00+00:00,2025-01-13,2025-01-13:1,True,0,10,True,-0.15932203389830507,0.15932203389830507,0.0,True,1,0,4,True,1.047862055970147,20.0,460.0,1.0,0.0,0.0,0.0,0.0
2025-01-13 20:45:00+00:00,2025-01-13,2025-01-13:1,True,0,15,True,0.11038961038961038,0.11038961038961038,-0.4737147931305393,True,0,0,4,True,0.40135785222972614,15.0,465.0,1.0,0.0,0.0,0.0,0.0
2025-01-13 20:50:00+00:00,2025-01-13,2025-01-13:1,True,1,5,True,0.17333333333333334,0.024271031773434742,1.9659329917760295,True,0,0,4,True,0.6930064126503078,10.0,470.0,0.0,1.0,0.0,0.0,0.0
2025-01-13 20:55:00+00:00,2025-01-13,2025-01-13:1,True,2,5,True,0.04316546762589928,0.04316546762589928,0.0,True,0,0,4,True,-0.7035960666583614,5.0,475.0,0.0,0.0,1.0,0.0,0.0
2025-01-13 21:00:00+00:00,2025-01-13,2025-01-13:1,True,0,5,True,0.01775147928994083,0.01775147928994083,-0.9533401856781878,True,0,0,4,True,-1.0658667304278349,0.0,480.0,1.0,0.0,0.0,0.0,0.0
2025-01-14 13:00:00+00:00,2025-01-14,2025-01-14:1,False,-1,0,False,,,,False,0,0,0,False,,480.0,0.0,,,,,
2025-01-14 13:05:00+00:00,2025-01-14,2025-01-14:1,False,-1,0,True,0.025089605734767026,,,False,0,0,0,False,,475.0,5.0,,,,,
2025-01-14 13:10:00+00:00,2025-01-14,2025-01-14:1,False,-1,0,True,0.2661064425770308,,,False,0,0,0,False,,470.0,10.0,,,,,
2025-01-14 13:15:00+00:00,2025-01-14,2025-01-14:1,False,-1,0,True,0.05847953216374269,,,False,0,0,0,False,,465.0,15.0,,,,,
2025-01-14 13:20:00+00:00,2025-01-14,2025-01-14:1,False,-1,0,True,0.08053691275167785,,,False,0,0,0,False,,460.0,20.0,,,,,
2025-01-14 13:25:00+00:00,2025-01-14,2025-01-14:1,False,-1,0,True,-0.34794520547945207,,,False,0,0,0,False,,455.0,25.0,,,,,
2025-01-14 13:30:00+00:00,2025-01-14,2025-01-14:1,False,-1,0,True,-0.28865979381443296,,,False,0,0,0,False,,450.0,30.0,,,,,
2025-01-14 13:35:00+00:00,2025-01-14,2025-01-14:1,False,-1,0,True,-0.4785276073619632,,,False,0,0,0,False,,445.0,35.0,,,,,
2025-01-14 13:40:00+00:00,2025-01-14,2025-01-14:1,False,-1,0,True,-0.008450704225352112,,,False,0,0,0,False,,440.0,40.0,,,,,
2025-01-14 13:45:00+00:00,2025-01-14,2025-01-14:1,False,-1,0,True,0.04150943396226415,,,False,0,0,0,False,,435.0,45.0,,,,,
2025-01-14 13:50:00+00:00,2025-01-14,2025-01-14:1,False,-1,0,True,-0.11180124223602485,,,False,0,0,0,False,,430.0,50.0,,,,,
2025-01-14 13:55:00+00:00,2025-01-14,2025-01-14:1,False,-1,0,True,0.13372093023255813,,,False,0,0,0,False,,425.0,55.0,,,,,
2025-01-14 14:00:00+00:00,2025-01-14,2025-01-14:1,False,-1,0,True,-0.0313588850174216,,,False,0,0,0,False,,420.0,60.0,,,,,
2025-01-14 14:05:00+00:00,2025-01-14,2025-01-14:1,True,0,5,True,0.19745222929936307,0.19745222929936307,-0.8565628267784153,True,0,0,0,False,,415.0,65.0,1.0,0.0,0.0,0.0,0.0
2025-01-14 14:10:00+00:00,2025-01-14,2025-01-14:1,True,0,10,True,-0.04983388704318937,0.0371166070905554,-0.2946307154055232,True,0,0,0,False,,410.0,70.0,1.0,0.0,0.0,0.0,0.0
2025-01-14 14:15:00+00:00,2025-01-14,2025-01-14:1,True,0,15,True,-0.3644859813084112,0.1520711169302113,-0.8741398046819018,True,0,0,0,False,,405.0,75.0,1.0,0.0,0.0,0.0,0.0
2025-01-14 14:20:00+00:00,2025-01-14,2025-01-14:1,True,0,20,True,-0.35737704918032787,0.35737704918032787,0.28625940062251487,True,0,0,0,False,,400.0,80.0,1.0,0.0,0.0,0.0,0.0
2025-01-14 14:25:00+00:00,2025-01-14,2025-01-14:1,True,0,25,True,-0.04142011834319527,0.04142011834319527,1.2230824656835273,True,0,0,0,False,,395.0,85.0,1.0,0.0,0.0,0.0,0.0
2025-01-14 14:30:00+00:00,2025-01-14,2025-01-14:1,True,0,30,True,0.10679611650485436,0.10679611650485436,0.0,True,0,0,0,False,,390.0,90.0,1.0,0.0,0.0,0.0,0.0
2025-01-14 14:35:00+00:00,2025-01-14,2025-01-14:1,True,0,35,True,-0.028368794326241134,0.028368794326241134,0.780909163377686,True,0,0,0,False,,385.0,95.0,1.0,0.0,0.0,0.0,0.0
2025-01-14 14:40:00+00:00,2025-01-14,2025-01-14:1,True,0,40,True,0.0581039755351682,0.0581039755351682,0.0,True,0,0,0,False,,380.0,100.0,1.0,0.0,0.0,0.0,0.0
2025-01-14 14:45:00+00:00,2025-01-14,2025-01-14:1,True,1,5,True,-0.1760797342192691,0.1760797342192691,2.313708559603271,True,0,0,0,False,,375.0,105.0,0.0,1.0,0.0,0.0,0.0
2025-01-14 14:50:00+00:00,2025-01-14,2025-01-14:1,True,1,10,True,-0.04788732394366197,0.04788732394366197,0.8598362324468227,True,0,0,0,False,,370.0,110.0,0.0,1.0,0.0,0.0,0.0
2025-01-14 14:55:00+00:00,2025-01-14,2025-01-14:1,True,1,15,True,-0.05142857142857143,0.05142857142857143,1.5387959502773985,True,0,0,0,False,,365.0,115.0,0.0,1.0,0.0,0.0,0.0
2025-01-14 15:00:00+00:00,2025-01-14,2025-01-14:1,True,2,5,True,-0.12540192926045016,0.12540192926045016,0.0,True,0,0,0,False,,360.0,120.0,0.0,0.0,1.0,0.0,0.0
2025-01-14 15:05:00+00:00,2025-01-14,2025-01-14:1,True,2,10,True,-0.03550295857988166,0.03550295857988166,0.0,True,0,0,0,True,-0.595208682383842,355.0,125.0,0.0,0.0,1.0,0.0,0.0
2025-01-14 15:10:00+00:00,2025-01-14,2025-01-14:1,True,2,15,True,0.0457516339869281,0.0457516339869281,0.0,True,0,0,0,True,0.0,350.0,130.0,0.0,0.0,1.0,0.0,0.0
2025-01-14 15:15:00+00:00,2025-01-14,2025-01-14:1,True,1,5,True,-0.05121293800539083,0.05121293800539083,0.2835806619319924,True,0,0,0,True,-0.0339820226773161,345.0,135.0,0.0,1.0,0.0,0.0,0.0
2025-01-14 15:20:00+00:00,2025-01-14,2025-01-14:1,True,0,5,True,-0.12074303405572756,0.06837114139987817,-0.5687137756479242,True,0,0,0,True,0.0,340.0,140.0,1.0,0.0,0.0,0.0,0.0
2025-01-14 15:25:00+00:00,2025-01-14,2025-01-14:1,True,0,10,True,-0.36977491961414793,0.2361018990392746,-0.44863100773865333,True,0,0,0,True,-0.7040600109414831,335.0,145.0,1.0,0.0,0.0,0.0,0.0
2025-01-14 15:30:00+00:00,2025-01-14,2025-01-14:1,True,3,5,True,0.38927738927738925,0.38927738927738925,-2.7754830765494276,True,0,0,0,True,-3.9196855765677623,330.0,150.0,0.0,0.0,0.0,1.0,0.0
2025-01-14 15:35:00+00:00,2025-01-14,2025-01-14:1,True,3,10,True,0.1620795107033639,0.1620795107033639,-0.41463097216953665,True,0,0,0,True,0.11782890956258174,325.0,155.0,0.0,0.0,0.0,1.0,0.0
2025-01-14 15:40:00+00:00,2025-01-14,2025-01-14:1,True,4,5,True,-0.024844720496894408,0.024844720496894408,0.7780476596872523,True,0,0,0,True,-0.6332919241645198,320.0,160.0,0.0,0.0,0.0,0.0,1.0
2025-01-14 15:45:00+00:00,2025-01-14,2025-01-14:1,True,0,5,True,0.13872832369942195,0.037364847732201674,1.3117871526034983,True,0,0,0,True,-1.7011953861098312,315.0,165.0,1.0,0.0,0.0,0.0,0.0
2025-01-14 15:50:00+00:00,2025-01-14,2025-01-14:1,True,0,10,True,-0.12074303405572756,0.12074303405572756,1.0685599566750141,True,0,0,0,True,3.687491407996211,310.0,170.0,1.0,0.0,0.0,0.0,0.0
2025-01-14 15:55:00+00:00,2025-01-14,2025-01-14:1,True,0,15,True,-0.2739273927392739,0.2180969825436679,-0.227923243353877,True,0,0,0,True,0.4069358685961534,305.0,175.0,1.0,0.0,0.0,0.0,0.0
2025-01-14 16:00:00+00:00,2025-01-14,2025-01-14:1,True,1,5,True,-0.15966386554621848,0.15966386554621848,0.5572684349928175,True,0,0,0,True,0.09590246304078726,300.0,180.0,0.0,1.0,0.0,0.0,0.0
2025-01-14 16:05:00+00:00,2025-01-14,2025-01-14:1,True,2,5,True,0.03559870550161812,0.03559870550161812,-0.11093425403767182,True,0,0,0,True,-0.5831979039455543,295.0,185.0,0.0,0.0,1.0,0.0,0.0
2025-01-14 16:10:00+00:00,2025-01-14,2025-01-14:1,True,1,5,True,-0.12956810631229235,0.12956810631229235,0.9891668938980049,True,0,0,0,True,1.2288024532488788,290.0,190.0,0.0,1.0,0.0,0.0,0.0
2025-01-14 16:15:00+00:00,2025-01-14,2025-01-14:1,True,1,10,True,0.019867549668874173,0.014424739741620198,0.32014296077929744,True,0,0,0,True,0.0,285.0,195.0,0.0,1.0,0.0,0.0,0.0
2025-01-14 16:20:00+00:00,2025-01-14,2025-01-14:1,True,1,15,True,0.04693140794223827,0.02511692844901797,0.6251450712512605,True,0,0,0,True,-0.3844687945443537,280.0,200.0,0.0,1.0,0.0,0.0,0.0
2025-01-14 16:25:00+00:00,2025-01-14,2025-01-14:1,True,2,5,True,-0.11528150134048257,0.09350959920656922,-0.2093128786960641,True,0,0,0,True,-0.9360756506611339,275.0,205.0,0.0,0.0,1.0,0.0,0.0
2025-01-14 16:30:00+00:00,2025-01-14,2025-01-14:1,True,0,5,True,0.0,0.0,-1.2338276058627535,True,0,0,0,True,0.0861072399520992,270.0,210.0,1.0,0.0,0.0,0.0,0.0
2025-01-14 16:35:00+00:00,2025-01-14,2025-01-14:1,True,0,10,True,0.12738853503184713,0.08200814228657342,0.44042320867538143,True,0,0,0,True,-0.49240811673266427,265.0,215.0,1.0,0.0,0.0,0.0,0.0
2025-01-14 16:40:00+00:00,2025-01-14,2025-01-14:1,True,0,15,True,-0.08732394366197183,0.0546412097032621,-0.4688363394564345,True,0,0,0,True,-0.8423125548609472,260.0,220.0,1.0,0.0,0.0,0.0,0.0
2025-01-14 16:45:00+00:00,2025-01-14,2025-01-14:1,True,0,20,True,-0.09580838323353294,0.09580838323353294,1.0590512935127097,True,0,0,0,True,0.5262468186560012,255.0,225.0,1.0,0.0,0.0,0.0,0.0
2025-01-14 16:50:00+00:00,2025-01-14,2025-01-14:1,True,0,25,True,-0.05084745762711865,0.04006266553301075,-0.2383852572029516,True,0,0,0,True,0.1513708863197405,250.0,230.0,1.0,0.0,0.0,0.0,0.0
2025-01-14 16:55:00+00:00,2025-01-14,2025-01-14:1,True,3,5,True,0.055900621118012424,0.055900621118012424,-1.1750164424229697,True,0,0,0,True,-1.3137083199697976,245.0,235.0,0.0,0.0,0.0,1.0,0.0
2025-01-14 17:00:00+00:00,2025-01-14,2025-01-14:1,True,0,5,True,-0.12195121951219512,0.12195121951219512,0.30020359690136555,True,0,0,0,True,0.6712756497613986,240.0,240.0,1.0,0.0,0.0,0.0,0.0
2025-01-14 17:05:00+00:00,2025-01-14,2025-01-14:1,True,0,10,True,0.023952095808383235,0.01763212518684944,0.3063332947598554,True,0,0,0,True,0.6849820708545168,235.0,245.0,1.0,0.0,0.0,0.0,0.0
2025-01-14 17:10:00+00:00,2025-01-14,2025-01-14:1,True,0,15,True,0.06909090909090909,0.06909090909090909,-0.30452238221015376,True,0,0,0,True,-0.49352368880666203,230.0,250.0,1.0,0.0,0.0,0.0,0.0
2025-01-14 17:15:00+00:00,2025-01-14,2025-01-14:1,True,3,5,True,-0.15584415584415584,0.05929917394034135,-0.9662611311895407,True,0,0,0,True,-0.7202085244532497,225.0,255.0,0.0,0.0,0.0,1.0,0.0
2025-01-14 17:20:00+00:00,2025-01-14,2025-01-14:1,True,0,5,True,-0.1524390243902439,0.1524390243902439,0.701022140873242,True,0,0,0,True,0.22181828218909638,220.0,260.0,1.0,0.0,0.0,0.0,0.0
2025-01-14 17:25:00+00:00,2025-01-14,2025-01-14:1,True,0,10,True,0.16307692307692306,0.16307692307692306,-0.3529075451620846,True,0,0,0,True,0.0,215.0,265.0,1.0,0.0,0.0,0.0,0.0
2025-01-14 17:30:00+00:00,2025-01-14,2025-01-14:1,True,0,15,True,-0.09034267912772585,0.06198473720954533,-0.3767218051388977,True,0,0,0,True,0.8423755648946107,210.0,270.0,1.0,0.0,0.0,0.0,0.0
2025-01-14 17:35:00+00:00,2025-01-14,2025-01-14:1,True,0,20,True,-0.06051873198847262,0.06051873198847262,0.3916900501687838,True,0,0,0,True,0.0,205.0,275.0,1.0,0.0,0.0,0.0,0.0
2025-01-14 17:40:00+00:00,2025-01-14,2025-01-14:1,True,0,25,True,-0.1791530944625407,0.1791530944625407,1.188802763279365,True,0,0,0,True,0.0,200.0,280.0,1.0,0.0,0.0,0.0,0.0
2025-01-14 17:45:00+00:00,2025-01-14,2025-01-14:1,True,1,5,True,-0.12956810631229235,0.12956810631229235,0.44727677464733145,True,0,0,0,True,0.0,195.0,285.0,0.0,1.0,0.0,0.0,0.0
2025-01-14 17:50:00+00:00,2025-01-14,2025-01-14:1,True,0,5,True,-0.27402135231316727,0.27402135231316727,0.0,True,0,0,0,True,0.3774249186459377,190.0,290.0,1.0,0.0,0.0,0.0,0.0
2025-01-14 17:55:00+00:00,2025-01-14,2025-01-14:1,True,0,10,True,-0.33762057877813506,0.33762057877813506,0.0,True,0,0,0,True,0.0,185.0,295.0,1.0,0.0,0.0,0.0,0.0
2025-01-14 18:00:00+00:00,2025-01-14,2025-01-14:1,True,1,5,True,0.09195402298850575,0.05870280721744248,0.4488011531917428,True,0,0,0,True,-1.6610867742808957,180.0,300.0,0.0,1.0,0.0,0.0,0.0
2025-01-14 18:05:00+00:00,2025-01-14,2025-01-14:1,True,1,10,True,0.328042328042328,0.20889480304619185,0.45131185842542704,True,0,0,0,True,2.5957964743279587,175.0,305.0,0.0,1.0,0.0,0.0,0.0
2025-01-14 18:10:00+00:00,2025-01-14,2025-01-14:1,True,0,5,True,0.40166204986149584,0.40166204986149584,0.0,True,0,0,0,True,-0.970949540050826,170.0,310.0,1.0,0.0,0.0,0.0,0.0
2025-01-14 18:15:00+00:00,2025-01-14,2025-01-14:1,True,0,10,True,-0.21604938271604937,0.21604938271604937,0.8749927586312081,True,0,0,0,True,-0.9782716440583334,165.0,315.0,1.0,0.0,0.0,0.0,0.0
2025-01-14 18:20:00+00:00,2025-01-14,2025-01-14:1,True,0,15,True,0.04498269896193772,0.04498269896193772,0.0,True,0,0,0,True,-0.9338822163880829,160.0,320.0,1.0,0.0,0.0,0.0,0.0
2025-01-14 18:25:00+00:00,2025-01-14,2025-01-14:1,True,0,20,True,-0.041916167664670656,0.027713861624385137,-0.4137389079426678,True,0,0,0,True,-0.925148323096333,155.0,325.0,1.0,0.0,0.0,0.0,0.0
2025-01-14 18:30:00+00:00,2025-01-14,2025-01-14:1,True,0,25,True,0.24250681198910082,0.10646541353498416,0.8232096237947818,True,0,0,0,True,2.2490220396822473,150.0,330.0,1.0,0.0,0.0,0.0,0.0
2025-01-14 18:35:00+00:00,2025-01-14,2025-01-14:1,True,0,30,True,-0.22324159021406728,0.22324159021406728,0.0,True,0,0,0,True,0.0,145.0,335.0,1.0,0.0,0.0,0.0,0.0
2025-01-14 18:40:00+00:00,2025-01-14,2025-01-14:1,True,0,35,True,0.2757475083056478,0.18291937096941543,0.4104401620748294,True,0,0,0,True,-1.1121231490018983,140.0,340.0,1.0,0.0,0.0,0.0,0.0
2025-01-14 18:45:00+00:00,2025-01-14,2025-01-14:1,True,0,40,True,0.011976047904191617,0.0066121070477993356,0.5940062773703008,True,0,0,0,True,-1.7709845536846334,135.0,345.0,1.0,0.0,0.0,0.0,0.0
2025-01-14 18:50:00+00:00,2025-01-14,2025-01-14:1,True,1,5,True,0.11182108626198083,0.040416530580706087,1.0176612758628965,True,0,0,0,True,0.29928927718224607,130.0,350.0,0.0,1.0,0.0,0.0,0.0
2025-01-14 18:55:00+00:00,2025-01-14,2025-01-14:1,True,1,10,True,0.12072892938496584,0.013189261995676233,2.214144766101424,True,0,0,0,True,-0.245865076969189,125.0,355.0,0.0,1.0,0.0,0.0,0.0
2025-01-14 19:00:00+00:00,2025-01-14,2025-01-14:1,True,1,15,True,0.012422360248447204,0.004225151968140557,1.0784428656046792,True,0,0,0,True,0.057808940268286216,120.0,360.0,0.0,1.0,0.0,0.0,0.0
2025-01-14 19:05:00+00:00,2025-01-14,2025-01-14:1,True,2,5,True,-0.07590759075907591,0.07590759075907591,0.0,True,0,0,0,True,-0.33492209841128256,115.0,365.0,0.0,0.0,1.0,0.0,0.0
2025-01-14 19:10:00+00:00,2025-01-14,2025-01-14:1,True,1,5,True,-0.08359133126934984,0.08359133126934984,0.546306541982208,True,0,0,0,True,0.04789596812955946,110.0,370.0,0.0,1.0,0.0,0.0,0.0
2025-01-14 19:15:00+00:00,2025-01-14,2025-01-14:1,True,2,5,True,-0.10596026490066225,0.04109232814510066,-0.9472427234647735,True,0,0,0,True,-0.9374195008517024,105.0,375.0,0.0,0.0,1.0,0.0,0.0
2025-01-14 19:20:00+00:00,2025-01-14,2025-01-14:1,True,1,5,True,-0.21299638989169675,0.21299638989169675,0.2744287468778566,True,0,0,0,True,0.0,100.0,380.0,0.0,1.0,0.0,0.0,0.0
2025-01-14 19:25:00+00:00,2025-01-14,2025-01-14:1,True,0,5,True,0.21164021164021163,0.0922046120890162,0.8308775660675317,True,0,0,0,True,0.6192995729016045,95.0,385.0,1.0,0.0,0.0,0.0,0.0
2025-01-14 19:30:00+00:00,2025-01-14,2025-01-14:1,True,0,10,True,0.42153846153846153,0.31804602197779924,0.2817149269711133,True,0,0,0,True,0.0,90.0,390.0,1.0,0.0,0.0,0.0,0.0
2025-01-14 19:35:00+00:00,2025-01-14,2025-01-14:1,True,1,5,True,0.25153374233128833,0.10748141021591796,0.8502592404897932,True,0,0,0,True,0.0,85.0,395.0,0.0,1.0,0.0,0.0,0.0
2025-01-14 19:40:00+00:00,2025-01-14,2025-01-14:1,True,0,5,True,-0.3463035019455253,0.1377471295341837,-0.9218959542304938,True,0,0,0,True,-0.3000671343337579,80.0,400.0,1.0,0.0,0.0,0.0,0.0
2025-01-14 19:45:00+00:00,2025-01-14,2025-01-14:1,True,0,10,True,-0.12852664576802508,0.08114374939969496,-0.45991397717321797,True,0,0,0,True,0.5141994583800703,75.0,405.0,1.0,0.0,0.0,0.0,0.0
2025-01-14 19:50:00+00:00,2025-01-14,2025-01-14:1,True,0,15,True,-0.1437308868501529,0.1437308868501529,0.0,True,0,0,0,True,0.27531165186475837,70.0,410.0,1.0,0.0,0.0,0.0,0.0
2025-01-14 19:55:00+00:00,2025-01-14,2025-01-14:1,True,0,20,True,0.0297029702970297,0.0297029702970297,-0.2873464892738019,True,0,0,0,True,-0.6425262831121353,65.0,415.0,1.0,0.0,0.0,0.0,0.0
2025-01-14 20:00:00+00:00,2025-01-14,2025-01-14:1,True,0,25,True,-0.29936305732484075,0.29936305732484075,0.0,True,0,0,0,True,0.0,60.0,420.0,1.0,0.0,0.0,0.0,0.0
2025-01-14 20:05:00+00:00,2025-01-14,2025-01-14:1,True,3,5,True,-0.06051873198847262,0.032299035564266006,-0.6279155656673245,True,0,0,0,True,-1.4040618889623708,55.0,425.0,0.0,0.0,0.0,1.0,0.0
2025-01-14 20:10:00+00:00,2025-01-14,2025-01-14:1,True,0,5,True,0.014925373134328358,0.0032607888404033477,1.5210935179000755,True,0,0,0,True,1.14297764201063,50.0,430.0,1.0,0.0,0.0,0.0,0.0
2025-01-14 20:15:00+00:00,2025-01-14,2025-01-14:1,True,0,10,True,-0.07547169811320754,0.07547169811320754,0.6167572643831127,True,0,0,0,True,0.2329063887561362,45.0,435.0,1.0,0.0,0.0,0.0,0.0
2025-01-14 20:20:00+00:00,2025-01-14,2025-01-14:1,True,1,5,True,0.28027681660899656,0.15035030340072142,0.6228098181467457,True,0,0,0,True,0.0,40.0,440.0,0.0,1.0,0.0,0.0,0.0
2025-01-14 20:25:00+00:00,2025-01-14,2025-01-14:1,True,2,5,True,-0.1309192200557103,0.1309192200557103,0.0,True,0,0,0,True,-0.2494315619780532,35.0,445.0,0.0,0.0,1.0,0.0,0.0
2025-01-14 20:30:00+00:00,2025-01-14,2025-01-14:1,True,2,10,True,-0.16109422492401215,0.16109422492401215,0.0,True,0,0,0,True,-0.2215886017186597,30.0,450.0,0.0,0.0,1.0,0.0,0.0
2025-01-14 20:35:00+00:00,2025-01-14,2025-01-14:1,True,1,5,True,-0.07165109034267912,0.07165109034267912,0.6211107021227833,True,0,0,0,True,-0.6944228757485964,25.0,455.0,0.0,1.0,0.0,0.0,0.0
2025-01-14 20:40:00+00:00,2025-01-14,2025-01-14:1,True,0,5,True,-0.17567567567567569,0.054248798845413226,-1.1750586921624266,True,0,0,0,True,-0.2518422055095144,20.0,460.0,1.0,0.0,0.0,0.0,0.0
2025-01-14 20:45:00+00:00,2025-01-14,2025-01-14:1,True,0,10,True,-0.1449814126394052,0.053735229269145056,-0.9925367205627671,True,0,0,0,True,0.0,15.0,465.0,1.0,0.0,0.0,0.0,0.0
2025-01-14 20:50:00+00:00,2025-01-14,2025-01-14:1,True,0,15,True,0.16455696202531644,0.16455696202531644,-0.24525052684082566,True,0,0,0,True,0.0,10.0,470.0,1.0,0.0,0.0,0.0,0.0
2025-01-14 20:55:00+00:00,2025-01-14,2025-01-14:1,True,0,20,True,-0.01529051987767584,0.01529051987767584,1.0037283751170414,True,0,0,0,True,2.244404877707113,5.0,475.0,1.0,0.0,0.0,0.0,0.0
2025-01-14 21:00:00+00:00,2025-01-14,2025-01-14:1,True,0,25,True,0.09782608695652174,0.09782608695652174,0.0,True,0,0,0,True,0.0,0.0,480.0,1.0,0.0,0.0,0.0,0.0
2025-01-15 13:00:00+00:00,2025-01-15,2025-01-15:1,False,-1,0,False,,,,False,0,0,0,False,,480.0,0.0,,,,,
2025-01-15 13:05:00+00:00,2025-01-15,2025-01-15:1,False,-1,0,True,-0.1393939393939394,,,False,0,0,0,False,,475.0,5.0,,,,,
2025-01-15 13:10:00+00:00,2025-01-15,2025-01-15:1,False,-1,0,True,-0.18125,,,False,0,0,0,False,,470.0,10.0,,,,,
2025-01-15 13:15:00+00:00,2025-01-15,2025-01-15:1,False,-1,0,True,-0.036303630363036306,,,False,0,0,0,False,,465.0,15.0,,,,,
2025-01-15 13:20:00+00:00,2025-01-15,2025-01-15:1,False,-1,0,True,-0.015772870662460567,,,False,0,0,0,False,,460.0,20.0,,,,,
2025-01-15 13:25:00+00:00,2025-01-15,2025-01-15:1,False,-1,0,True,-0.11242603550295859,,,False,0,0,0,False,,455.0,25.0,,,,,
2025-01-15 13:30:00+00:00,2025-01-15,2025-01-15:1,False,-1,0,True,0.06784660766961652,,,False,0,0,0,False,,450.0,30.0,,,,,
2025-01-15 13:35:00+00:00,2025-01-15,2025-01-15:1,False,-1,0,True,-0.10588235294117647,,,False,0,0,0,False,,445.0,35.0,,,,,
2025-01-15 13:40:00+00:00,2025-01-15,2025-01-15:1,False,-1,0,True,0.26843657817109146,,,False,0,0,0,False,,440.0,40.0,,,,,
2025-01-15 13:45:00+00:00,2025-01-15,2025-01-15:1,False,-1,0,True,0.07356948228882834,,,False,0,0,0,False,,435.0,45.0,,,,,
2025-01-15 13:50:00+00:00,2025-01-15,2025-01-15:1,False,-1,0,True,-0.2391304347826087,,,False,0,0,0,False,,430.0,50.0,,,,,
2025-01-15 13:55:00+00:00,2025-01-15,2025-01-15:1,False,-1,0,True,0.07006369426751592,,,False,0,0,0,False,,425.0,55.0,,,,,
2025-01-15 14:00:00+00:00,2025-01-15,2025-01-15:1,False,-1,0,True,-0.07608695652173914,,,False,0,0,0,False,,420.0,60.0,,,,,
2025-01-15 14:05:00+00:00,2025-01-15,2025-01-15:1,True,0,5,True,0.11572700296735905,0.05449466109478298,0.7531312594523858,True,0,0,0,False,,415.0,65.0,1.0,0.0,0.0,0.0,0.0
2025-01-15 14:10:00+00:00,2025-01-15,2025-01-15:1,True,0,10,True,0.0273972602739726,0.013145687930117559,0.7343492276049902,True,0,0,0,False,,410.0,70.0,1.0,0.0,0.0,0.0,0.0
2025-01-15 14:15:00+00:00,2025-01-15,2025-01-15:1,True,2,5,True,0.05625,0.05625,0.0,True,0,0,0,False,,405.0,75.0,0.0,0.0,1.0,0.0,0.0
2025-01-15 14:20:00+00:00,2025-01-15,2025-01-15:1,True,2,10,True,-0.08417508417508418,0.05737041892707678,-0.3833701442629113,True,0,0,0,False,,400.0,80.0,0.0,0.0,1.0,0.0,0.0
2025-01-15 14:25:00+00:00,2025-01-15,2025-01-15:1,True,0,5,True,-0.26881720430107525,0.26881720430107525,0.0,True,0,0,0,False,,395.0,85.0,1.0,0.0,0.0,0.0,0.0
2025-01-15 14:30:00+00:00,2025-01-15,2025-01-15:1,True,0,10,True,-0.35410764872521244,0.2727648625983547,-0.26099084446958104,True,0,0,0,False,,390.0,90.0,1.0,0.0,0.0,0.0,0.0
2025-01-15 14:35:00+00:00,2025-01-15,2025-01-15:1,True,0,15,True,0.29372937293729373,0.29372937293729373,0.0,True,0,0,0,False,,385.0,95.0,1.0,0.0,0.0,0.0,0.0
2025-01-15 14:40:00+00:00,2025-01-15,2025-01-15:1,True,0,20,True,-0.256797583081571,0.16234099843793484,-0.45858910849215956,True,0,0,0,False,,380.0,100.0,1.0,0.0,0.0,0.0,0.0
2025-01-15 14:45:00+00:00,2025-01-15,2025-01-15:1,True,3,5,True,-0.06470588235294118,0.034488334208805836,-0.6292309867499651,True,0,0,0,False,,375.0,105.0,0.0,0.0,0.0,1.0,0.0
2025-01-15 14:50:00+00:00,2025-01-15,2025-01-15:1,True,0,5,True,0.14906832298136646,0.07481424405569952,0.6893964489422708,True,0,0,0,False,,370.0,110.0,1.0,0.0,0.0,0.0,0.0
2025-01-15 14:55:00+00:00,2025-01-15,2025-01-15:1,True,0,10,True,0.01818181818181818,0.01818181818181818,0.0,True,0,0,0,False,,365.0,115.0,1.0,0.0,0.0,0.0,0.0
2025-01-15 15:00:00+00:00,2025-01-15,2025-01-15:1,True,0,15,True,-0.07834101382488479,0.07834101382488479,0.723248428702014,True,0,0,0,False,,360.0,120.0,1.0,0.0,0.0,0.0,0.0
2025-01-15 15:05:00+00:00,2025-01-15,2025-01-15:1,True,0,20,True,0.10437710437710437,0.03364380643303715,1.1321813639682592,True,0,0,0,True,0.9955280160261432,355.0,125.0,1.0,0.0,0.0,0.0,0.0
2025-01-15 15:10:00+00:00,2025-01-15,2025-01-15:1,True,0,25,True,0.09365558912386707,0.09365558912386707,-0.7854893150467986,True,0,0,0,True,0.5548964944311033,350.0,130.0,1.0,0.0,0.0,0.0,0.0
2025-01-15 15:15:00+00:00,2025-01-15,2025-01-15:1,True,1,5,True,-0.15358361774744028,0.15358361774744028,0.7858318000488933,True,0,0,0,True,0.0,345.0,135.0,0.0,1.0,0.0,0.0,0.0
2025-01-15 15:20:00+00:00,2025-01-15,2025-01-15:1,True,2,5,True,0.08852459016393442,0.08852459016393442,0.0,True,0,0,0,True,0.0,340.0,140.0,0.0,0.0,1.0,0.0,0.0
2025-01-15 15:25:00+00:00,2025-01-15,2025-01-15:1,True,2,10,True,-0.026845637583892617,0.026845637583892617,0.0,True,0,0,0,True,-0.7073365390359951,335.0,145.0,0.0,0.0,1.0,0.0,0.0
2025-01-15 15:30:00+00:00,2025-01-15,2025-01-15:1,True,3,5,True,0.41397849462365593,0.41397849462365593,-19.557764312658225,True,0,0,0,True,-42.97303389963263,330.0,150.0,0.0,0.0,0.0,1.0,0.0
2025-01-15 15:35:00+00:00,2025-01-15,2025-01-15:1,True,4,5,True,-0.2577903682719547,0.2577903682719547,0.36187194146834767,True,1,0,0,True,0.2127245510006386,325.0,155.0,0.0,0.0,0.0,0.0,1.0
2025-01-15 15:40:00+00:00,2025-01-15,2025-01-15:1,True,4,10,True,0.13564668769716087,0.08188361995673342,0.5047546504704533,True,1,0,0,True,-0.06334140793231038,320.0,160.0,0.0,0.0,0.0,0.0,1.0
2025-01-15 15:45:00+00:00,2025-01-15,2025-01-15:1,True,4,15,True,-0.2077562326869806,0.2077562326869806,0.14440929258402088,True,1,0,0,True,0.537217934004984,315.0,165.0,0.0,0.0,0.0,0.0,1.0
2025-01-15 15:50:00+00:00,2025-01-15,2025-01-15:1,True,4,20,True,-0.31596091205211724,0.31596091205211724,0.14405700902311785,True,1,0,0,True,-0.11091350332730922,310.0,170.0,0.0,0.0,0.0,0.0,1.0
2025-01-15 15:55:00+00:00,2025-01-15,2025-01-15:1,True,4,25,True,0.10526315789473684,0.07336389646975658,0.3610315394737658,True,1,0,0,True,-0.04350047053527972,305.0,175.0,0.0,0.0,0.0,0.0,1.0
2025-01-15 16:00:00+00:00,2025-01-15,2025-01-15:1,True,1,5,True,0.03896103896103896,0.020412029698678422,0.6464377276341864,True,0,0,0,True,0.1606087446899073,300.0,180.0,0.0,1.0,0.0,0.0,0.0
2025-01-15 16:05:00+00:00,2025-01-15,2025-01-15:1,True,1,10,True,0.034722222222222224,0.027997988153656766,0.21524723590160216,True,0,0,0,True,-0.05454967472745716,295.0,185.0,0.0,1.0,0.0,0.0,0.0
2025-01-15 16:10:00+00:00,2025-01-15,2025-01-15:1,True,0,5,True,0.15079365079365079,0.12160352919533858,0.21514635909820984,True,0,0,0,True,0.0,290.0,190.0,1.0,0.0,0.0,0.0,0.0
2025-01-15 16:15:00+00:00,2025-01-15,2025-01-15:1,True,0,10,True,-0.311178247734139,0.311178247734139,0.21508465181067257,True,0,0,0,True,0.16031463412169383,285.0,195.0,1.0,0.0,0.0,0.0,0.0
2025-01-15 16:20:00+00:00,2025-01-15,2025-01-15:1,True,0,15,True,-0.30293159609120524,0.30293159609120524,0.07159308071339168,True,0,0,0,True,0.22354116367932808,280.0,200.0,1.0,0.0,0.0,0.0,0.0
2025-01-15 16:25:00+00:00,2025-01-15,2025-01-15:1,True,0,20,True,0.15060240963855423,0.14018850171649563,0.07165535769100102,True,0,0,0,True,-0.06629493565186247,275.0,205.0,1.0,0.0,0.0,0.0,0.0
2025-01-15 16:30:00+00:00,2025-01-15,2025-01-15:1,True,0,25,True,0.040268456375838924,0.040268456375838924,-0.21490919374282696,True,0,0,0,True,-0.2549308619089587,270.0,210.0,1.0,0.0,0.0,0.0,0.0
2025-01-15 16:35:00+00:00,2025-01-15,2025-01-15:1,True,1,5,True,0.21235521235521235,0.044893178027203814,1.5539745563437846,True,0,0,0,True,1.2618610154536736,265.0,215.0,0.0,1.0,0.0,0.0,0.0
2025-01-15 16:40:00+00:00,2025-01-15,2025-01-15:1,True,1,10,True,-0.15853658536585366,0.15853658536585366,0.3866435609744045,True,0,0,0,True,-1.2197475299456604,260.0,220.0,0.0,1.0,0.0,0.0,0.0
2025-01-15 16:45:00+00:00,2025-01-15,2025-01-15:1,True,0,5,True,-0.09497206703910614,0.06513697364420862,-0.37709047768255755,True,0,0,0,True,0.843199941766066,255.0,225.0,1.0,0.0,0.0,0.0,0.0
2025-01-15 16:50:00+00:00,2025-01-15,2025-01-15:1,True,0,10,True,0.0,0.0,-0.19197365911637992,True,0,0,0,True,0.0,250.0,230.0,1.0,0.0,0.0,0.0,0.0
2025-01-15 16:55:00+00:00,2025-01-15,2025-01-15:1,True,0,15,True,0.058823529411764705,0.021630181928603272,1.0004522840576626,True,0,0,0,True,-0.3199831530604722,245.0,235.0,1.0,0.0,0.0,0.0,0.0
2025-01-15 17:00:00+00:00,2025-01-15,2025-01-15:1,True,1,5,True,0.08038585209003216,0.05416203758312193,0.3948579422252382,True,0,0,0,True,0.3403667305873962,240.0,240.0,0.0,1.0,0.0,0.0,0.0
2025-01-15 17:05:00+00:00,2025-01-15,2025-01-15:1,True,1,10,True,0.271523178807947,0.05711575413876158,1.5589675259075684,True,0,0,0,True,2.3075171021413725,235.0,245.0,0.0,1.0,0.0,0.0,0.0
2025-01-15 17:10:00+00:00,2025-01-15,2025-01-15:1,True,1,15,True,-0.16326530612244897,0.16326530612244897,0.38709336062739663,True,0,0,0,True,-0.8655670679992393,230.0,250.0,0.0,1.0,0.0,0.0,0.0
2025-01-15 17:15:00+00:00,2025-01-15,2025-01-15:1,True,2,5,True,0.19287833827893175,0.19287833827893175,0.0,True,0,0,0,True,0.0,225.0,255.0,0.0,0.0,1.0,0.0,0.0
2025-01-15 17:20:00+00:00,2025-01-15,2025-01-15:1,True,2,10,True,-0.050724637681159424,0.050724637681159424,0.18904423151156677,True,0,0,0,True,0.5985972500984803,220.0,260.0,0.0,0.0,1.0,0.0,0.0
2025-01-15 17:25:00+00:00,2025-01-15,2025-01-15:1,True,2,15,True,0.25067385444743934,0.25067385444743934,-0.5545529348308699,True,0,0,0,True,-0.8266787062700072,215.0,265.0,0.0,0.0,1.0,0.0,0.0
2025-01-15 17:30:00+00:00,2025-01-15,2025-01-15:1,True,0,5,True,-0.23174603174603176,0.23174603174603176,0.3627988123591791,True,0,0,0,True,-1.0141593103575806,210.0,270.0,1.0,0.0,0.0,0.0,0.0
2025-01-15 17:35:00+00:00,2025-01-15,2025-01-15:1,True,1,5,True,-0.10231023102310231,0.10231023102310231,1.7048437822055942,True,0,0,0,True,-0.3053068883877584,205.0,275.0,0.0,1.0,0.0,0.0,0.0
2025-01-15 17:40:00+00:00,2025-01-15,2025-01-15:1,True,0,5,True,0.3355048859934853,0.3355048859934853,-0.9379347898336146,True,0,0,0,True,-0.3000354371163238,200.0,280.0,1.0,0.0,0.0,0.0,0.0
2025-01-15 17:45:00+00:00,2025-01-15,2025-01-15:1,True,0,10,True,-0.025,0.01424463692927707,-0.5624953448333807,True,0,0,0,True,-0.8385185520497497,195.0,285.0,1.0,0.0,0.0,0.0,0.0
2025-01-15 17:50:00+00:00,2025-01-15,2025-01-15:1,True,0,15,True,-0.14641744548286603,0.14641744548286603,0.0,True,0,0,0,True,-0.0281388357221461,190.0,290.0,1.0,0.0,0.0,0.0,0.0
2025-01-15 17:55:00+00:00,2025-01-15,2025-01-15:1,True,0,20,True,0.05194805194805195,0.05194805194805195,-1.8352063609217475,True,0,0,0,True,0.28221792712396,185.0,295.0,1.0,0.0,0.0,0.0,0.0
2025-01-15 18:00:00+00:00,2025-01-15,2025-01-15:1,True,0,25,True,0.21513002364066194,0.03518470715809479,1.8106310739878382,True,0,0,0,True,1.9820620999571803,180.0,300.0,1.0,0.0,0.0,0.0,0.0
2025-01-15 18:05:00+00:00,2025-01-15,2025-01-15:1,True,0,30,True,0.25925925925925924,0.10900759873910232,0.8664109690310564,True,0,0,0,True,1.8266902000508212,175.0,305.0,1.0,0.0,0.0,0.0,0.0
2025-01-15 18:10:00+00:00,2025-01-15,2025-01-15:1,True,0,35,True,-0.3469387755102041,0.3469387755102041,1.0927834917640502,True,0,0,0,True,-1.047230645258584,170.0,310.0,1.0,0.0,0.0,0.0,0.0
2025-01-15 18:15:00+00:00,2025-01-15,2025-01-15:1,True,0,40,True,0.20958083832335328,0.20958083832335328,-0.9525423189863593,True,0,0,0,True,0.12148976774187042,165.0,315.0,1.0,0.0,0.0,0.0,0.0
2025-01-15 18:20:00+00:00,2025-01-15,2025-01-15:1,True,0,45,True,-0.14965986394557823,0.14965986394557823,0.9628809849635596,True,0,0,0,True,0.247737039804482,160.0,320.0,1.0,0.0,0.0,0.0,0.0
2025-01-15 18:25:00+00:00,2025-01-15,2025-01-15:1,True,2,5,True,0.3310810810810811,0.3310810810810811,-0.9571017204444193,True,0,0,0,True,0.24215883328001714,155.0,325.0,0.0,0.0,1.0,0.0,0.0
2025-01-15 18:30:00+00:00,2025-01-15,2025-01-15:1,True,0,5,True,0.13395638629283488,0.13395638629283488,-0.787089126236388,True,0,0,0,True,-1.1540410982942055,150.0,330.0,1.0,0.0,0.0,0.0,0.0
2025-01-15 18:35:00+00:00,2025-01-15,2025-01-15:1,True,0,10,True,-0.029649595687331536,0.021763128945993263,-0.309231284048666,True,0,0,0,True,0.41908083711571253,145.0,335.0,1.0,0.0,0.0,0.0,0.0
2025-01-15 18:40:00+00:00,2025-01-15,2025-01-15:1,True,0,15,True,-0.34782608695652173,0.34782608695652173,1.2339289465616088,True,0,0,0,True,0.34489362549004793,140.0,340.0,1.0,0.0,0.0,0.0,0.0
2025-01-15 18:45:00+00:00,2025-01-15,2025-01-15:1,True,0,20,True,-0.07636363636363637,0.05594791175341357,-0.3110855084197082,True,0,0,0,True,-0.27353404401501374,135.0,345.0,1.0,0.0,0.0,0.0,0.0
2025-01-15 18:50:00+00:00,2025-01-15,2025-01-15:1,True,3,5,True,-0.07027027027027027,0.004643324145833087,-2.716918290886971,True,0,0,0,True,-2.7000951056616413,130.0,350.0,0.0,0.0,0.0,1.0,0.0
2025-01-15 18:55:00+00:00,2025-01-15,2025-01-15:1,True,3,10,True,-0.16201117318435754,0.10296316206884987,-0.4532940286871612,True,0,0,0,True,0.088805808529265,125.0,355.0,0.0,0.0,0.0,1.0,0.0
2025-01-15 19:00:00+00:00,2025-01-15,2025-01-15:1,True,3,15,True,0.20540540540540542,0.20540540540540542,-1.2089205268126602,True,0,0,0,True,-0.931663232755887,120.0,360.0,0.0,0.0,0.0,1.0,0.0
2025-01-15 19:05:00+00:00,2025-01-15,2025-01-15:1,True,4,5,True,-0.1301775147928994,0.09484892009520182,-0.3166137064970394,True,0,0,0,True,0.707969770337559,115.0,365.0,0.0,0.0,0.0,0.0,1.0
2025-01-15 19:10:00+00:00,2025-01-15,2025-01-15:1,True,4,10,True,-0.25165562913907286,0.25165562913907286,1.0645437056872593,True,1,0,0,True,-0.7934640303143357,110.0,370.0,0.0,0.0,0.0,0.0,1.0
2025-01-15 19:15:00+00:00,2025-01-15,2025-01-15:1,True,4,15,True,0.10367892976588629,0.07296438760669169,0.3513274289655663,True,1,0,0,True,-0.39279600676250104,105.0,375.0,0.0,0.0,0.0,0.0,1.0
2025-01-15 19:20:00+00:00,2025-01-15,2025-01-15:1,True,0,5,True,-0.19122257053291536,0.13816702572034117,-0.32497475576704543,True,1,0,0,True,0.21899937637807385,100.0,380.0,1.0,0.0,0.0,0.0,0.0
2025-01-15 19:25:00+00:00,2025-01-15,2025-01-15:1,True,0,10,True,0.08852459016393442,0.03340788938583624,0.9744882871326166,True,0,0,0,True,0.23664178382866752,95.0,385.0,1.0,0.0,0.0,0.0,0.0
2025-01-15 19:30:00+00:00,2025-01-15,2025-01-15:1,True,1,5,True,0.31636363636363635,0.03487630066691239,2.205084765415466,True,0,0,0,True,0.7043884902323095,90.0,390.0,0.0,1.0,0.0,0.0,0.0
2025-01-15 19:35:00+00:00,2025-01-15,2025-01-15:1,True,1,10,True,0.1411042944785276,0.03804909500219321,1.3106219945161304,True,0,0,0,True,0.0,85.0,395.0,0.0,1.0,0.0,0.0,0.0
2025-01-15 19:40:00+00:00,2025-01-15,2025-01-15:1,True,2,5,True,-0.16607773851590105,0.16607773851590105,0.32607095947203213,True,0,0,0,True,0.7291168308680428,80.0,400.0,0.0,0.0,1.0,0.0,0.0
2025-01-15 19:45:00+00:00,2025-01-15,2025-01-15:1,True,2,10,True,0.28,0.28,-0.31230449181094955,True,0,0,0,True,-0.8361363862365425,75.0,405.0,0.0,0.0,1.0,0.0,0.0
2025-01-15 19:50:00+00:00,2025-01-15,2025-01-15:1,True,2,15,True,0.04487179487179487,0.04487179487179487,-0.31907978127115827,True,0,0,0,True,-0.35674204058403713,70.0,410.0,0.0,0.0,1.0,0.0,0.0
2025-01-15 19:55:00+00:00,2025-01-15,2025-01-15:1,True,2,20,True,-0.06707317073170732,0.016324412188246287,-1.4131224562876332,True,0,0,0,True,-3.949797340987156,65.0,415.0,0.0,0.0,1.0,0.0,0.0
2025-01-15 20:00:00+00:00,2025-01-15,2025-01-15:1,True,0,5,True,0.0513595166163142,0.03227639792426904,0.46451399895350026,True,0,0,0,True,-0.1951321681390927,60.0,420.0,1.0,0.0,0.0,0.0,0.0
2025-01-15 20:05:00+00:00,2025-01-15,2025-01-15:1,True,3,5,True,0.11920529801324503,0.11920529801324503,-0.9208784039537056,True,0,0,0,True,-1.715955591876989,55.0,425.0,0.0,0.0,0.0,1.0,0.0
2025-01-15 20:10:00+00:00,2025-01-15,2025-01-15:1,True,0,5,True,0.04498269896193772,0.021535466050710838,0.7365767885125195,True,0,0,0,True,0.2138416877511533,50.0,430.0,1.0,0.0,0.0,0.0,0.0
2025-01-15 20:15:00+00:00,2025-01-15,2025-01-15:1,True,3,5,True,0.0514018691588785,0.0514018691588785,-0.886135858782759,True,0,0,0,True,-1.7227859707212736,45.0,435.0,0.0,0.0,0.0,1.0,0.0
2025-01-15 20:20:00+00:00,2025-01-15,2025-01-15:1,True,0,5,True,-0.045454545454545456,0.045454545454545456,1.0345904218703654,True,0,0,0,True,0.0,40.0,440.0,1.0,0.0,0.0,0.0,0.0
2025-01-15 20:25:00+00:00,2025-01-15,2025-01-15:1,True,0,10,True,-0.11182108626198083,0.047432716703433915,-0.8575879335158058,True,0,0,0,True,0.6381915927997792,35.0,445.0,1.0,0.0,0.0,0.0,0.0
2025-01-15 20:30:00+00:00,2025-01-15,2025-01-15:1,True,0,15,True,0.07777777777777778,0.07777777777777778,-0.8671104811083356,True,0,0,0,True,0.6463059932548197,30.0,450.0,1.0,0.0,0.0,0.0,0.0
2025-01-15 20:35:00+00:00,2025-01-15,2025-01-15:1,True,0,20,True,-0.07317073170731707,0.07317073170731707,0.8766665298499166,True,0,0,0,True,0.8510469526963326,25.0,455.0,1.0,0.0,0.0,0.0,0.0
2025-01-15 20:40:00+00:00,2025-01-15,2025-01-15:1,True,0,25,True,-0.302491103202847,0.1096925313713536,-1.014370583478295,True,0,0,0,True,0.12522500555344246,20.0,460.0,1.0,0.0,0.0,0.0,0.0
2025-01-15 20:45:00+00:00,2025-01-15,2025-01-15:1,True,0,30,True,0.1558073654390935,0.1558073654390935,-0.5847353475205123,True,0,0,0,True,-1.1887324449905219,15.0,465.0,1.0,0.0,0.0,0.0,0.0
2025-01-15 20:50:00+00:00,2025-01-15,2025-01-15:1,True,4,5,True,-0.09225092250922509,0.09225092250922509,0.29505156169197,True,1,0,0,True,0.12995207171363354,10.0,470.0,0.0,0.0,0.0,0.0,1.0
2025-01-15 20:55:00+00:00,2025-01-15,2025-01-15:1,True,0,5,True,0.010676156583629894,0.007981733998818057,0.2908572173745372,True,0,0,0,True,0.6503765097958981,5.0,475.0,1.0,0.0,0.0,0.0,0.0
2025-01-15 21:00:00+00:00,2025-01-15,2025-01-15:1,True,0,10,True,0.16891891891891891,0.16891891891891891,0.0,True,0,0,0,True,0.5847789340728309,0.0,480.0,1.0,0.0,0.0,0.0,0.0
2025-01-16 13:00:00+00:00,2025-01-16,2025-01-16:1,False,-1,0,False,,,,False,0,0,0,False,,480.0,0.0,,,,,
2025-01-16 13:05:00+00:00,2025-01-16,2025-01-16:1,False,-1,0,True,0.19895287958115182,,,False,0,0,0,False,,475.0,5.0,,,,,
2025-01-16 13:10:00+00:00,2025-01-16,2025-01-16:1,False,-1,0,True,0.03664921465968586,,,False,0,0,0,False,,470.0,10.0,,,,,
2025-01-16 13:15:00+00:00,2025-01-16,2025-01-16:1,False,-1,0,True,-0.16614420062695925,,,False,0,0,0,False,,465.0,15.0,,,,,
2025-01-16 13:20:00+00:00,2025-01-16,2025-01-16:1,False,-1,0,True,-0.27384615384615385,,,False,0,0,0,False,,460.0,20.0,,,,,
2025-01-16 13:25:00+00:00,2025-01-16,2025-01-16:1,False,-1,0,True,-0.3906810035842294,,,False,0,0,0,False,,455.0,25.0,,,,,
2025-01-16 13:30:00+00:00,2025-01-16,2025-01-16:1,False,-1,0,True,0.09414758269720101,,,False,0,0,0,False,,450.0,30.0,,,,,
2025-01-16 13:35:00+00:00,2025-01-16,2025-01-16:1,False,-1,0,True,0.1552346570397112,,,False,0,0,0,False,,445.0,35.0,,,,,
2025-01-16 13:40:00+00:00,2025-01-16,2025-01-16:1,False,-1,0,True,-0.06711409395973154,,,False,0,0,0,False,,440.0,40.0,,,,,
2025-01-16 13:45:00+00:00,2025-01-16,2025-01-16:1,False,-1,0,True,-0.003663003663003663,,,False,0,0,0,False,,435.0,45.0,,,,,
2025-01-16 13:50:00+00:00,2025-01-16,2025-01-16:1,False,-1,0,True,0.22941176470588234,,,False,0,0,0,False,,430.0,50.0,,,,,
2025-01-16 13:55:00+00:00,2025-01-16,2025-01-16:1,False,-1,0,True,0.0,,,False,0,0,0,False,,425.0,55.0,,,,,
2025-01-16 14:00:00+00:00,2025-01-16,2025-01-16:1,False,-1,0,True,-0.25448028673835127,,,False,0,0,0,False,,420.0,60.0,,,,,
2025-01-16 14:05:00+00:00,2025-01-16,2025-01-16:1,True,0,5,True,0.3394495412844037,0.20180730297286364,0.5200120129706597,True,0,0,0,False,,415.0,65.0,1.0,0.0,0.0,0.0,0.0
2025-01-16 14:10:00+00:00,2025-01-16,2025-01-16:1,True,0,10,True,-0.359375,0.359375,0.4754847236201232,True,0,0,0,False,,410.0,70.0,1.0,0.0,0.0,0.0,0.0
2025-01-16 14:15:00+00:00,2025-01-16,2025-01-16:1,True,0,15,True,-0.1834319526627219,0.1834319526627219,0.790415924027154,True,0,0,0,False,,405.0,75.0,1.0,0.0,0.0,0.0,0.0
2025-01-16 14:20:00+00:00,2025-01-16,2025-01-16:1,True,0,20,True,-0.1421188630490956,0.03524682135802263,-1.3942884202329824,True,0,0,0,False,,400.0,80.0,1.0,0.0,0.0,0.0,0.0
2025-01-16 14:25:00+00:00,2025-01-16,2025-01-16:1,True,0,25,True,-0.4117647058823529,0.4117647058823529,1.6241177303727703,True,0,0,0,False,,395.0,85.0,1.0,0.0,0.0,0.0,0.0
2025-01-16 14:30:00+00:00,2025-01-16,2025-01-16:1,True,0,30,True,0.18081180811808117,0.18081180811808117,-1.0647168054750644,True,0,0,0,False,,390.0,90.0,1.0,0.0,0.0,0.0,0.0
2025-01-16 14:35:00+00:00,2025-01-16,2025-01-16:1,True,0,35,True,0.04455445544554455,0.04455445544554455,-0.5771210558130729,True,0,0,0,False,,385.0,95.0,1.0,0.0,0.0,0.0,0.0
2025-01-16 14:40:00+00:00,2025-01-16,2025-01-16:1,True,0,40,True,0.2834890965732087,0.2834890965732087,-0.28536901152741634,True,0,0,0,False,,380.0,100.0,1.0,0.0,0.0,0.0,0.0
2025-01-16 14:45:00+00:00,2025-01-16,2025-01-16:1,True,0,45,True,-0.10062893081761007,0.10062893081761007,0.537540795784098,True,0,0,0,False,,375.0,105.0,1.0,0.0,0.0,0.0,0.0
2025-01-16 14:50:00+00:00,2025-01-16,2025-01-16:1,True,0,50,True,0.2645161290322581,0.07701190451069935,1.23394221482843,True,0,0,0,False,,370.0,110.0,1.0,0.0,0.0,0.0,0.0
2025-01-16 14:55:00+00:00,2025-01-16,2025-01-16:1,True,3,5,True,-0.08875739644970414,0.012935678688091933,-1.9259174817778253,True,0,0,0,False,,365.0,115.0,0.0,0.0,0.0,1.0,0.0
2025-01-16 15:00:00+00:00,2025-01-16,2025-01-16:1,True,3,10,True,0.25170068027210885,0.25170068027210885,-0.9182775105718455,True,0,0,0,False,,360.0,120.0,0.0,0.0,0.0,1.0,0.0
2025-01-16 15:05:00+00:00,2025-01-16,2025-01-16:1,True,0,5,True,0.06790123456790123,0.06790123456790123,0.0,True,0,0,0,True,-0.5485301303337997,355.0,125.0,1.0,0.0,0.0,0.0,0.0
2025-01-16 15:10:00+00:00,2025-01-16,2025-01-16:1,True,0,10,True,-0.03536977491961415,0.03536977491961415,0.0,True,0,0,0,True,0.5723952768174932,350.0,130.0,1.0,0.0,0.0,0.0,0.0
2025-01-16 15:15:00+00:00,2025-01-16,2025-01-16:1,True,3,5,True,-0.08710801393728224,0.034024905381718894,-0.9400561204029346,True,0,0,0,True,0.0,345.0,135.0,0.0,0.0,0.0,1.0,0.0
2025-01-16 15:20:00+00:00,2025-01-16,2025-01-16:1,True,4,5,True,-0.0031545741324921135,0.0031545741324921135,0.25295648973231927,True,1,0,0,True,0.0,340.0,140.0,0.0,0.0,0.0,0.0,1.0
2025-01-16 15:25:00+00:00,2025-01-16,2025-01-16:1,True,3,5,True,0.2222222222222222,0.2222222222222222,-0.792142410469025,True,0,1,1,True,-0.038134112791500294,335.0,145.0,0.0,0.0,0.0,1.0,0.0
2025-01-16 15:30:00+00:00,2025-01-16,2025-01-16:1,True,3,10,True,0.08571428571428572,0.08571428571428572,-0.666248562726837,True,0,0,1,True,-2.6815987371040713,330.0,150.0,0.0,0.0,0.0,1.0,0.0
2025-01-16 15:35:00+00:00,2025-01-16,2025-01-16:1,True,0,5,True,-0.038461538461538464,0.038461538461538464,1.022780509419827,True,0,0,1,True,0.571751686280743,325.0,155.0,1.0,0.0,0.0,0.0,0.0
2025-01-16 15:40:00+00:00,2025-01-16,2025-01-16:1,True,3,5,True,-0.0989010989010989,0.045299043206583706,-0.7808344388030429,True,0,0,1,True,0.5441386220656035,320.0,160.0,0.0,0.0,0.0,1.0,0.0
2025-01-16 15:45:00+00:00,2025-01-16,2025-01-16:1,True,0,5,True,-0.16510903426791276,0.16510903426791276,0.2648408534016691,True,0,0,1,True,-0.015805889357571493,315.0,165.0,1.0,0.0,0.0,0.0,0.0
2025-01-16 15:50:00+00:00,2025-01-16,2025-01-16:1,True,0,10,True,-0.23684210526315788,0.23684210526315788,0.0,True,0,0,1,True,-1.2566593012644558,310.0,170.0,1.0,0.0,0.0,0.0,0.0
2025-01-16 15:55:00+00:00,2025-01-16,2025-01-16:1,True,0,15,True,-0.296551724137931,0.296551724137931,0.0,True,0,0,1,True,-1.349345838041223,305.0,175.0,1.0,0.0,0.0,0.0,0.0
2025-01-16 16:00:00+00:00,2025-01-16,2025-01-16:1,True,0,20,True,0.08163265306122448,0.08163265306122448,-0.30239110388761326,True,0,0,1,True,0.0,300.0,180.0,1.0,0.0,0.0,0.0,0.0
2025-01-16 16:05:00+00:00,2025-01-16,2025-01-16:1,True,0,25,True,0.00964630225080386,0.007187576126776288,0.29422065785215046,True,0,0,1,True,0.033966771021317003,295.0,185.0,1.0,0.0,0.0,0.0,0.0
2025-01-16 16:10:00+00:00,2025-01-16,2025-01-16:1,True,0,30,True,0.11974110032362459,0.11974110032362459,0.0,True,0,0,1,True,0.6031973944174716,290.0,190.0,1.0,0.0,0.0,0.0,0.0
2025-01-16 16:15:00+00:00,2025-01-16,2025-01-16:1,True,0,35,True,0.10985915492957747,0.10985915492957747,-1.8025126667236544,True,0,0,1,True,-1.4022138998489109,285.0,195.0,1.0,0.0,0.0,0.0,0.0
2025-01-16 16:20:00+00:00,2025-01-16,2025-01-16:1,True,0,40,True,-0.24260355029585798,0.24260355029585798,1.1631683011709495,True,0,0,1,True,1.2180623335349747,280.0,200.0,1.0,0.0,0.0,0.0,0.0
2025-01-16 16:25:00+00:00,2025-01-16,2025-01-16:1,True,0,45,True,0.1903323262839879,0.1903323262839879,-1.1652577641906658,True,0,0,1,True,-1.302797786018949,275.0,205.0,1.0,0.0,0.0,0.0,0.0
2025-01-16 16:30:00+00:00,2025-01-16,2025-01-16:1,True,3,5,True,-0.2985507246376812,0.16832811127531522,-0.5730247321811994,True,0,0,1,True,-0.6406611269719762,270.0,210.0,0.0,0.0,0.0,1.0,0.0
2025-01-16 16:35:00+00:00,2025-01-16,2025-01-16:1,True,3,10,True,0.12225705329153605,0.12225705329153605,-0.7473328858563668,True,0,0,1,True,-1.1414497210893955,265.0,215.0,0.0,0.0,0.0,1.0,0.0
2025-01-16 16:40:00+00:00,2025-01-16,2025-01-16:1,True,4,5,True,-0.14285714285714285,0.14285714285714285,0.7221377544558579,True,1,0,1,True,0.5824379538758244,260.0,220.0,0.0,0.0,0.0,0.0,1.0
2025-01-16 16:45:00+00:00,2025-01-16,2025-01-16:1,True,0,5,True,0.09395973154362416,0.06465707068796811,0.37376883469098826,True,1,0,1,True,0.5571816814938154,255.0,225.0,1.0,0.0,0.0,0.0,0.0
2025-01-16 16:50:00+00:00,2025-01-16,2025-01-16:1,True,3,5,True,0.10025706940874037,0.10025706940874037,-1.4807306577940418,True,0,1,2,True,-0.41797719776931136,250.0,230.0,0.0,0.0,0.0,1.0,0.0
2025-01-16 16:55:00+00:00,2025-01-16,2025-01-16:1,True,0,5,True,0.15083798882681565,0.062400086701812844,0.8826396743191656,True,0,0,2,True,0.3738675825575741,245.0,235.0,1.0,0.0,0.0,0.0,0.0
2025-01-16 17:00:00+00:00,2025-01-16,2025-01-16:1,True,0,10,True,-0.23834196891191708,0.23834196891191708,0.87052554157759,True,0,0,2,True,0.08290958208691482,240.0,240.0,1.0,0.0,0.0,0.0,0.0
2025-01-16 17:05:00+00:00,2025-01-16,2025-01-16:1,True,0,15,True,-0.26174496644295303,0.26174496644295303,0.2513712144407324,True,0,0,2,True,0.17256145468850045,235.0,245.0,1.0,0.0,0.0,0.0,0.0
2025-01-16 17:10:00+00:00,2025-01-16,2025-01-16:1,True,0,20,True,0.0064516129032258064,0.0064516129032258064,-0.24893919229379788,True,0,0,2,True,-0.556644956232824,230.0,250.0,1.0,0.0,0.0,0.0,0.0
2025-01-16 17:15:00+00:00,2025-01-16,2025-01-16:1,True,0,25,True,-0.26857142857142857,0.26857142857142857,0.24972734024751927,True,0,0,2,True,0.0,225.0,255.0,1.0,0.0,0.0,0.0,0.0
2025-01-16 17:20:00+00:00,2025-01-16,2025-01-16:1,True,0,30,True,0.01935483870967742,0.01935483870967742,-0.25882416188785207,True,0,0,2,True,0.0,220.0,260.0,1.0,0.0,0.0,0.0,0.0
2025-01-16 17:25:00+00:00,2025-01-16,2025-01-16:1,True,0,35,True,0.035211267605633804,0.035211267605633804,-0.520961465108493,True,0,0,2,True,1.0830440813113138,215.0,265.0,1.0,0.0,0.0,0.0,0.0
2025-01-16 17:30:00+00:00,2025-01-16,2025-01-16:1,True,0,40,True,0.15492957746478872,0.15492957746478872,-1.0454354064129214,True,0,0,2,True,0.5844161587056877,210.0,270.0,1.0,0.0,0.0,0.0,0.0
2025-01-16 17:35:00+00:00,2025-01-16,2025-01-16:1,True,3,5,True,0.003236245954692557,0.003236245954692557,-0.3351595420195987,True,0,0,2,True,-0.7494395192635199,205.0,275.0,0.0,0.0,0.0,1.0,0.0
2025-01-16 17:40:00+00:00,2025-01-16,2025-01-16:1,True,4,5,True,0.23404255319148937,0.16333854204537568,0.35967795806863534,True,1,0,2,True,-0.6675317275091922,200.0,280.0,0.0,0.0,0.0,0.0,1.0
2025-01-16 17:45:00+00:00,2025-01-16,2025-01-16:1,True,3,5,True,0.06354515050167224,0.06354515050167224,-0.71947095655147,True,1,0,2,True,0.8043929833417992,195.0,285.0,0.0,0.0,0.0,1.0,0.0
2025-01-16 17:50:00+00:00,2025-01-16,2025-01-16:1,True,3,10,True,0.0364963503649635,0.0364963503649635,-0.8397495357948969,True,0,1,3,True,0.0,190.0,290.0,0.0,0.0,0.0,1.0,0.0
2025-01-16 17:55:00+00:00,2025-01-16,2025-01-16:1,True,4,5,True,-0.2292358803986711,0.2292358803986711,0.8700671470733625,True,1,0,3,True,0.0,185.0,295.0,0.0,0.0,0.0,0.0,1.0
2025-01-16 18:00:00+00:00,2025-01-16,2025-01-16:1,True,3,5,True,0.0787037037037037,0.0787037037037037,-1.8759278536797934,True,0,1,4,True,-1.2858026660833257,180.0,300.0,0.0,0.0,0.0,1.0,0.0
2025-01-16 18:05:00+00:00,2025-01-16,2025-01-16:1,True,0,5,True,-0.0375,0.0375,0.44976184174017003,True,0,0,4,True,-0.7620816147927009,175.0,305.0,1.0,0.0,0.0,0.0,0.0
2025-01-16 18:10:00+00:00,2025-01-16,2025-01-16:1,True,3,5,True,0.3277777777777778,0.3277777777777778,-1.306848546115829,True,0,0,4,True,-1.9481347902745083,170.0,310.0,0.0,0.0,0.0,1.0,0.0
2025-01-16 18:15:00+00:00,2025-01-16,2025-01-16:1,True,3,10,True,0.2148997134670487,0.2148997134670487,-1.395317383625419,True,0,0,4,True,-1.9537555246216405,165.0,315.0,0.0,0.0,0.0,1.0,0.0
2025-01-16 18:20:00+00:00,2025-01-16,2025-01-16:1,True,3,15,True,0.2774566473988439,0.2774566473988439,-1.085675063756387,True,0,0,4,True,-2.0230360366967997,160.0,320.0,0.0,0.0,0.0,1.0,0.0
2025-01-16 18:25:00+00:00,2025-01-16,2025-01-16:1,True,4,5,True,-0.28169014084507044,0.28169014084507044,1.2068235885189913,True,1,0,4,True,2.1078119808041818,155.0,325.0,0.0,0.0,0.0,0.0,1.0
2025-01-16 18:30:00+00:00,2025-01-16,2025-01-16:1,True,3,5,True,0.3190348525469169,0.3190348525469169,-0.6884007425402012,True,1,0,4,True,0.6466035808182994,150.0,330.0,0.0,0.0,0.0,1.0,0.0
2025-01-16 18:35:00+00:00,2025-01-16,2025-01-16:1,True,4,5,True,-0.19436619718309858,0.19436619718309858,0.8472252738595935,True,1,0,4,True,-0.7577813218415091,145.0,335.0,0.0,0.0,0.0,0.0,1.0
2025-01-16 18:40:00+00:00,2025-01-16,2025-01-16:1,True,0,5,True,-0.014285714285714285,0.014285714285714285,1.3389397461859087,True,1,0,4,True,0.7484900725614698,140.0,340.0,1.0,0.0,0.0,0.0,0.0
2025-01-16 18:45:00+00:00,2025-01-16,2025-01-16:1,True,0,10,True,-0.14285714285714285,0.07296099816967418,-0.6719201032006843,True,1,0,4,True,0.7512295131016345,135.0,345.0,1.0,0.0,0.0,0.0,0.0
2025-01-16 18:50:00+00:00,2025-01-16,2025-01-16:1,True,0,15,True,0.0189873417721519,0.0189873417721519,-1.4837028770869523,True,0,0,4,True,-1.8431447175445095,130.0,350.0,1.0,0.0,0.0,0.0,0.0
2025-01-16 18:55:00+00:00,2025-01-16,2025-01-16:1,True,3,5,True,-0.13624678663239073,0.018227577808995025,-2.0115321374570323,True,0,0,4,True,-0.2611324943049048,125.0,355.0,0.0,0.0,0.0,1.0,0.0
2025-01-16 19:00:00+00:00,2025-01-16,2025-01-16:1,True,3,10,True,-0.16943521594684385,0.12616622900906355,-0.29487033163877896,True,0,0,4,True,-0.732477541253157,120.0,360.0,0.0,0.0,0.0,1.0,0.0
2025-01-16 19:05:00+00:00,2025-01-16,2025-01-16:1,True,0,5,True,0.1831831831831832,0.0599331089720417,1.1172575633269222,True,0,0,4,True,1.7586445769730596,115.0,365.0,1.0,0.0,0.0,0.0,0.0
2025-01-16 19:10:00+00:00,2025-01-16,2025-01-16:1,True,3,5,True,-0.04,0.01737055038580534,-0.8341031883637573,True,0,0,4,True,-0.6217038098096354,110.0,370.0,0.0,0.0,0.0,1.0,0.0
2025-01-16 19:15:00+00:00,2025-01-16,2025-01-16:1,True,3,10,True,0.005494505494505495,0.005494505494505495,-0.8409136239859751,True,0,0,4,True,-0.17825975698152352,105.0,375.0,0.0,0.0,0.0,1.0,0.0
2025-01-16 19:20:00+00:00,2025-01-16,2025-01-16:1,True,3,15,True,-0.07598784194528875,0.031778266700277925,-0.8717907340466095,True,0,0,4,True,-0.12642676037047632,100.0,380.0,0.0,0.0,0.0,1.0,0.0
2025-01-16 19:25:00+00:00,2025-01-16,2025-01-16:1,True,0,5,True,0.13970588235294118,0.03193030119103643,1.4759839328760667,True,0,0,4,True,1.3201601630425983,95.0,385.0,1.0,0.0,0.0,0.0,0.0
2025-01-16 19:30:00+00:00,2025-01-16,2025-01-16:1,True,0,10,True,0.18771331058020477,0.18771331058020477,-0.8771030212804942,True,0,0,4,True,0.17677363247873326,90.0,390.0,1.0,0.0,0.0,0.0,0.0
2025-01-16 19:35:00+00:00,2025-01-16,2025-01-16:1,True,4,5,True,-0.07216494845360824,0.07216494845360824,0.0,True,0,0,4,True,1.028686419253176,85.0,395.0,0.0,0.0,0.0,0.0,1.0
2025-01-16 19:40:00+00:00,2025-01-16,2025-01-16:1,True,0,5,True,0.14917127071823205,0.11281854401953716,0.2793143908321209,True,0,0,4,True,0.0,80.0,400.0,1.0,0.0,0.0,0.0,0.0
2025-01-16 19:45:00+00:00,2025-01-16,2025-01-16:1,True,0,10,True,-0.041666666666666664,0.018341385539857667,-0.8205414372299011,True,0,0,4,True,-0.4716964516068363,75.0,405.0,1.0,0.0,0.0,0.0,0.0
2025-01-16 19:50:00+00:00,2025-01-16,2025-01-16:1,True,0,15,True,-0.3489736070381232,0.3489736070381232,0.5371299260482736,True,0,0,4,True,-0.6005295136983942,70.0,410.0,1.0,0.0,0.0,0.0,0.0
2025-01-16 19:55:00+00:00,2025-01-16,2025-01-16:1,True,0,20,True,0.23415977961432508,0.07635604146937224,1.1205965440634813,True,0,0,4,True,1.2528650239386414,65.0,415.0,1.0,0.0,0.0,0.0,0.0
2025-01-16 20:00:00+00:00,2025-01-16,2025-01-16:1,True,0,25,True,-0.1437308868501529,0.06155563593220507,-0.8480012946268862,True,0,0,4,True,1.2641256931962954,60.0,420.0,1.0,0.0,0.0,0.0,0.0
2025-01-16 20:05:00+00:00,2025-01-16,2025-01-16:1,True,0,30,True,0.029585798816568046,0.010157966892410423,1.0690361633820304,True,0,0,4,True,1.3659643038452844,55.0,425.0,1.0,0.0,0.0,0.0,0.0
2025-01-16 20:10:00+00:00,2025-01-16,2025-01-16:1,True,0,35,True,-0.07692307692307693,0.04121793390597219,-0.6239324708959768,True,0,0,4,True,-1.3951554182928134,50.0,430.0,1.0,0.0,0.0,0.0,0.0
2025-01-16 20:15:00+00:00,2025-01-16,2025-01-16:1,True,0,40,True,0.15625,0.15625,-0.9642850628264031,True,0,0,4,True,0.8445257869992756,45.0,435.0,1.0,0.0,0.0,0.0,0.0
2025-01-16 20:20:00+00:00,2025-01-16,2025-01-16:1,True,0,45,True,0.14285714285714285,0.14285714285714285,-1.2816752378477734,True,0,0,4,True,0.0,40.0,440.0,1.0,0.0,0.0,0.0,0.0
2025-01-16 20:25:00+00:00,2025-01-16,2025-01-16:1,True,3,5,True,0.0030959752321981426,0.0030959752321981426,-0.6441740874598627,True,0,0,4,True,-1.9110506565122722,35.0,445.0,0.0,0.0,0.0,1.0,0.0
2025-01-16 20:30:00+00:00,2025-01-16,2025-01-16:1,True,4,5,True,0.0030959752321981426,0.0030959752321981426,-0.16612008910327836,True,0,0,4,True,0.0,30.0,450.0,0.0,0.0,0.0,0.0,1.0
2025-01-16 20:35:00+00:00,2025-01-16,2025-01-16:1,True,3,5,True,0.009836065573770493,0.009836065573770493,-1.8303555392381856,True,0,0,4,True,-0.24179888914214964,25.0,455.0,0.0,0.0,0.0,1.0,0.0
2025-01-16 20:40:00+00:00,2025-01-16,2025-01-16:1,True,4,5,True,0.015384615384615385,0.009098849365587745,0.525220046900335,True,1,0,4,True,1.95737954669352,20.0,460.0,0.0,0.0,0.0,0.0,1.0
2025-01-16 20:45:00+00:00,2025-01-16,2025-01-16:1,True,3,5,True,-0.22123893805309736,0.10957271877119446,-0.70265485793011,True,1,0,4,True,1.3289125116191813,15.0,465.0,0.0,0.0,0.0,1.0,0.0
2025-01-16 20:50:00+00:00,2025-01-16,2025-01-16:1,True,4,5,True,-0.09352517985611511,0.09352517985611511,0.7340386811255942,True,1,0,4,True,0.0,10.0,470.0,0.0,0.0,0.0,0.0,1.0
2025-01-16 20:55:00+00:00,2025-01-16,2025-01-16:1,True,3,5,True,0.3002610966057441,0.3002610966057441,-0.36580340869361083,True,1,0,4,True,-0.8179612882400514,5.0,475.0,0.0,0.0,0.0,1.0,0.0
2025-01-16 21:00:00+00:00,2025-01-16,2025-01-16:1,True,0,5,True,0.0429042904290429,0.010105795810882126,1.4458627290102335,True,1,0,4,True,0.4041309185247428,0.0,480.0,1.0,0.0,0.0,0.0,0.0
2025-01-17 13:00:00+00:00,2025-01-17,2025-01-17:1,False,-1,0,False,,,,False,0,0,0,False,,480.0,0.0,,,,,
2025-01-17 13:05:00+00:00,2025-01-17,2025-01-17:1,False,-1,0,True,-0.017921146953405017,,,False,0,0,0,False,,475.0,5.0,,,,,
2025-01-17 13:10:00+00:00,2025-01-17,2025-01-17:1,False,-1,0,True,0.18064516129032257,,,False,0,0,0,False,,470.0,10.0,,,,,
2025-01-17 13:15:00+00:00,2025-01-17,2025-01-17:1,False,-1,0,True,-0.012987012987012988,,,False,0,0,0,False,,465.0,15.0,,,,,
2025-01-17 13:20:00+00:00,2025-01-17,2025-01-17:1,False,-1,0,True,0.234375,,,False,0,0,0,False,,460.0,20.0,,,,,
2025-01-17 13:25:00+00:00,2025-01-17,2025-01-17:1,False,-1,0,True,-0.010101010101010102,,,False,0,0,0,False,,455.0,25.0,,,,,
2025-01-17 13:30:00+00:00,2025-01-17,2025-01-17:1,False,-1,0,True,-0.24369747899159663,,,False,0,0,0,False,,450.0,30.0,,,,,
2025-01-17 13:35:00+00:00,2025-01-17,2025-01-17:1,False,-1,0,True,0.30386740331491713,,,False,0,0,0,False,,445.0,35.0,,,,,
2025-01-17 13:40:00+00:00,2025-01-17,2025-01-17:1,False,-1,0,True,0.32608695652173914,,,False,0,0,0,False,,440.0,40.0,,,,,
2025-01-17 13:45:00+00:00,2025-01-17,2025-01-17:1,False,-1,0,True,-0.2264808362369338,,,False,0,0,0,False,,435.0,45.0,,,,,
2025-01-17 13:50:00+00:00,2025-01-17,2025-01-17:1,False,-1,0,True,-0.16216216216216217,,,False,0,0,0,False,,430.0,50.0,,,,,
2025-01-17 13:55:00+00:00,2025-01-17,2025-01-17:1,False,-1,0,True,-0.0219435736677116,,,False,0,0,0,False,,425.0,55.0,,,,,
2025-01-17 14:00:00+00:00,2025-01-17,2025-01-17:1,False,-1,0,True,0.03932584269662921,,,False,0,0,0,False,,420.0,60.0,,,,,
2025-01-17 14:05:00+00:00,2025-01-17,2025-01-17:1,True,4,5,True,0.13636363636363635,0.13636363636363635,0.0,True,0,0,0,False,,415.0,65.0,0.0,0.0,0.0,0.0,1.0
2025-01-17 14:10:00+00:00,2025-01-17,2025-01-17:1,True,0,5,True,0.05755395683453238,0.021837648241450156,0.9690874237049015,True,0,0,0,False,,410.0,70.0,1.0,0.0,0.0,0.0,0.0
2025-01-17 14:15:00+00:00,2025-01-17,2025-01-17:1,True,0,10,True,-0.04794520547945205,0.04794520547945205,0.0,True,0,0,0,False,,405.0,75.0,1.0,0.0,0.0,0.0,0.0
2025-01-17 14:20:00+00:00,2025-01-17,2025-01-17:1,True,0,15,True,0.096045197740113,0.096045197740113,-0.843538848509795,True,0,0,0,False,,400.0,80.0,1.0,0.0,0.0,0.0,0.0
2025-01-17 14:25:00+00:00,2025-01-17,2025-01-17:1,True,0,20,True,0.11678832116788321,0.07039252631604002,0.5062759781487207,True,0,0,0,False,,395.0,85.0,1.0,0.0,0.0,0.0,0.0
2025-01-17 14:30:00+00:00,2025-01-17,2025-01-17:1,True,0,25,True,-0.15894039735099338,0.05465098273372317,-1.067562075735477,True,0,0,0,False,,390.0,90.0,1.0,0.0,0.0,0.0,0.0
2025-01-17 14:35:00+00:00,2025-01-17,2025-01-17:1,True,0,30,True,-0.15960912052117263,0.15960912052117263,0.19924162355890093,True,0,0,0,False,,385.0,95.0,1.0,0.0,0.0,0.0,0.0
2025-01-17 14:40:00+00:00,2025-01-17,2025-01-17:1,True,3,5,True,-0.03389830508474576,0.006164868126260883,-1.704498269960781,True,0,0,0,False,,380.0,100.0,0.0,0.0,0.0,1.0,0.0
2025-01-17 14:45:00+00:00,2025-01-17,2025-01-17:1,True,3,10,True,-0.055900621118012424,0.037494968931883685,-0.3993687291744649,True,0,0,0,False,,375.0,105.0,0.0,0.0,0.0,1.0,0.0
2025-01-17 14:50:00+00:00,2025-01-17,2025-01-17:1,True,4,5,True,-0.2077922077922078,0.2077922077922078,0.0,True,0,0,0,False,,370.0,110.0,0.0,0.0,0.0,0.0,1.0
2025-01-17 14:55:00+00:00,2025-01-17,2025-01-17:1,True,4,10,True,-0.003194888178913738,0.003194888178913738,0.45808291015721064,True,1,0,0,False,,365.0,115.0,0.0,0.0,0.0,0.0,1.0
2025-01-17 15:00:00+00:00,2025-01-17,2025-01-17:1,True,3,5,True,-0.10543130990415335,0.017201063821664378,-1.813088417904929,True,0,1,1,False,,360.0,120.0,0.0,0.0,0.0,1.0,0.0
2025-01-17 15:05:00+00:00,2025-01-17,2025-01-17:1,True,3,10,True,-0.2434017595307918,0.04382828707952588,-1.7144339768337526,True,0,0,1,True,1.3740331933852972,355.0,125.0,0.0,0.0,0.0,1.0,0.0
2025-01-17 15:10:00+00:00,2025-01-17,2025-01-17:1,True,0,5,True,-0.04697986577181208,0.04697986577181208,1.610037167158631,True,0,0,1,True,-0.5428879429459934,350.0,130.0,1.0,0.0,0.0,0.0,0.0
2025-01-17 15:15:00+00:00,2025-01-17,2025-01-17:1,True,0,10,True,-0.16352201257861634,0.16352201257861634,0.404551085942148,True,0,0,1,True,0.3953234435997613,345.0,135.0,1.0,0.0,0.0,0.0,0.0
2025-01-17 15:20:00+00:00,2025-01-17,2025-01-17:1,True,0,15,True,-0.0681198910081744,0.0681198910081744,0.40001129991456835,True,0,0,1,True,0.3687107962892291,340.0,140.0,1.0,0.0,0.0,0.0,0.0
2025-01-17 15:25:00+00:00,2025-01-17,2025-01-17:1,True,0,20,True,0.023872679045092837,0.023872679045092837,-0.8154414894575849,True,0,0,1,True,-1.4617518199165416,335.0,145.0,1.0,0.0,0.0,0.0,0.0
2025-01-17 15:30:00+00:00,2025-01-17,2025-01-17:1,True,1,5,True,0.0778816199376947,0.004594994208318359,2.830222485344726,True,0,0,1,True,3.9918327109925444,330.0,150.0,0.0,1.0,0.0,0.0,0.0
2025-01-17 15:35:00+00:00,2025-01-17,2025-01-17:1,True,1,10,True,-0.1320754716981132,0.1320754716981132,1.0030941826587183,True,0,0,1,True,-0.7476622600879116,325.0,155.0,0.0,1.0,0.0,0.0,0.0
2025-01-17 15:40:00+00:00,2025-01-17,2025-01-17:1,True,1,15,True,0.023809523809523808,0.016791032189558408,0.34924071505112786,True,0,0,1,True,0.0,320.0,160.0,0.0,1.0,0.0,0.0,0.0
2025-01-17 15:45:00+00:00,2025-01-17,2025-01-17:1,True,1,20,True,0.2563380281690141,0.12636068512323761,0.707356598109786,True,0,0,1,True,0.7908487188532405,315.0,165.0,0.0,1.0,0.0,0.0,0.0
2025-01-17 15:50:00+00:00,2025-01-17,2025-01-17:1,True,1,25,True,-0.3148148148148148,0.3148148148148148,0.7293359164600821,True,0,0,1,True,-0.8154223438172671,310.0,170.0,0.0,1.0,0.0,0.0,0.0
2025-01-17 15:55:00+00:00,2025-01-17,2025-01-17:1,True,2,5,True,-0.09508196721311475,0.09508196721311475,0.37002354532602166,True,0,0,1,True,-0.827397800624459,305.0,175.0,0.0,0.0,1.0,0.0,0.0
2025-01-17 16:00:00+00:00,2025-01-17,2025-01-17:1,True,2,10,True,-0.10891089108910891,0.07448270539681401,-0.3799630788275787,True,0,0,1,True,-1.6992465463971542,300.0,180.0,0.0,0.0,1.0,0.0,0.0
2025-01-17 16:05:00+00:00,2025-01-17,2025-01-17:1,True,0,5,True,0.2664756446991404,0.2664756446991404,-0.7954293022006811,True,0,0,1,True,0.8893169955067093,295.0,185.0,1.0,0.0,0.0,0.0,0.0
2025-01-17 16:10:00+00:00,2025-01-17,2025-01-17:1,True,0,10,True,0.13513513513513514,0.13513513513513514,0.0,True,0,0,1,True,-0.8885233166402907,290.0,190.0,1.0,0.0,0.0,0.0,0.0
2025-01-17 16:15:00+00:00,2025-01-17,2025-01-17:1,True,0,15,True,0.28313253012048195,0.28313253012048195,0.0,True,0,0,1,True,-0.8656586769418442,285.0,195.0,1.0,0.0,0.0,0.0,0.0
2025-01-17 16:20:00+00:00,2025-01-17,2025-01-17:1,True,3,5,True,0.2684085510688836,0.2684085510688836,-1.4909459873531818,True,0,0,1,True,0.5382332405428951,280.0,200.0,0.0,0.0,0.0,1.0,0.0
2025-01-17 16:25:00+00:00,2025-01-17,2025-01-17:1,True,3,10,True,0.21003134796238246,0.21003134796238246,-1.0899171817562094,True,0,0,1,True,-0.8123763027498565,275.0,205.0,0.0,0.0,0.0,1.0,0.0
2025-01-17 16:30:00+00:00,2025-01-17,2025-01-17:1,True,4,5,True,0.10843373493975904,0.10843373493975904,0.0,True,0,0,1,True,0.5674021806817015,270.0,210.0,0.0,0.0,0.0,0.0,1.0
2025-01-17 16:35:00+00:00,2025-01-17,2025-01-17:1,True,4,10,True,-0.39444444444444443,0.39444444444444443,0.4566639612341828,True,1,0,1,True,1.6785675440605106,265.0,215.0,0.0,0.0,0.0,0.0,1.0
2025-01-17 16:40:00+00:00,2025-01-17,2025-01-17:1,True,3,5,True,-0.08970099667774087,0.058105483825431924,-0.43422183485390575,True,1,0,1,True,0.6262613349791932,260.0,220.0,0.0,0.0,0.0,1.0,0.0
2025-01-17 16:45:00+00:00,2025-01-17,2025-01-17:1,True,4,5,True,-0.11436950146627566,0.11436950146627566,0.0,True,1,0,1,True,0.0,255.0,225.0,0.0,0.0,0.0,0.0,1.0
2025-01-17 16:50:00+00:00,2025-01-17,2025-01-17:1,True,3,5,True,0.1111111111111111,0.1111111111111111,-1.6820139206232068,True,0,1,2,True,0.0,250.0,230.0,0.0,0.0,0.0,1.0,0.0
2025-01-17 16:55:00+00:00,2025-01-17,2025-01-17:1,True,3,10,True,0.03880597014925373,0.03880597014925373,-0.4252562896396984,True,0,0,2,True,-0.9509019714937051,245.0,235.0,0.0,0.0,0.0,1.0,0.0
2025-01-17 17:00:00+00:00,2025-01-17,2025-01-17:1,True,3,15,True,-0.03333333333333333,0.021989162080989673,-0.4160081980272999,True,0,0,2,True,0.0,240.0,240.0,0.0,0.0,0.0,1.0,0.0
2025-01-17 17:05:00+00:00,2025-01-17,2025-01-17:1,True,4,5,True,0.2413793103448276,0.2413793103448276,0.0,True,0,0,2,True,0.6125497293869893,235.0,245.0,0.0,0.0,0.0,0.0,1.0
2025-01-17 17:10:00+00:00,2025-01-17,2025-01-17:1,True,4,10,True,-0.16149068322981366,0.16149068322981366,0.42695000032830166,True,1,0,2,True,0.9546892237276401,230.0,250.0,0.0,0.0,0.0,0.0,1.0
2025-01-17 17:15:00+00:00,2025-01-17,2025-01-17:1,True,4,15,True,-0.03821656050955414,0.03821656050955414,0.0,True,1,0,2,True,-0.9786685893580784,225.0,255.0,0.0,0.0,0.0,0.0,1.0
2025-01-17 17:20:00+00:00,2025-01-17,2025-01-17:1,True,0,5,True,0.11940298507462686,0.11940298507462686,-0.4422444013177515,True,1,0,2,True,0.98888854401519,220.0,260.0,1.0,0.0,0.0,0.0,0.0
2025-01-17 17:25:00+00:00,2025-01-17,2025-01-17:1,True,0,10,True,-0.14984709480122324,0.14984709480122324,0.4184186706827732,True,1,0,2,True,0.0,215.0,265.0,1.0,0.0,0.0,0.0,0.0
2025-01-17 17:30:00+00:00,2025-01-17,2025-01-17:1,True,0,15,True,-0.3760932944606414,0.24987551018918255,-0.40887440158177035,True,1,0,2,True,-0.9142709561963861,210.0,270.0,1.0,0.0,0.0,0.0,0.0
2025-01-17 17:35:00+00:00,2025-01-17,2025-01-17:1,True,0,20,True,-0.18095238095238095,0.18095238095238095,0.7940998189009933,True,0,0,2,True,-0.8878305879901851,205.0,275.0,1.0,0.0,0.0,0.0,0.0
2025-01-17 17:40:00+00:00,2025-01-17,2025-01-17:1,True,0,25,True,0.14803625377643503,0.06623879419908672,0.8041908953205853,True,0,0,2,True,-0.46234850307356445,200.0,280.0,1.0,0.0,0.0,0.0,0.0
2025-01-17 17:45:00+00:00,2025-01-17,2025-01-17:1,True,0,30,True,-0.03496503496503497,0.03496503496503497,0.0,True,0,0,2,True,-0.41440759684319545,195.0,285.0,1.0,0.0,0.0,0.0,0.0
2025-01-17 17:50:00+00:00,2025-01-17,2025-01-17:1,True,1,5,True,0.034482758620689655,0.009565117354464019,1.2823365770240842,True,0,0,2,True,0.0,190.0,290.0,0.0,1.0,0.0,0.0,0.0
2025-01-17 17:55:00+00:00,2025-01-17,2025-01-17:1,True,1,10,True,-0.2628398791540785,0.2628398791540785,0.42097687217856855,True,0,0,2,True,0.9413329031465193,185.0,295.0,0.0,1.0,0.0,0.0,0.0
2025-01-17 18:00:00+00:00,2025-01-17,2025-01-17:1,True,2,5,True,0.021164021164021163,0.021164021164021163,-0.4222471095300783,True,0,0,2,True,-0.9804408208926979,180.0,300.0,0.0,0.0,1.0,0.0,0.0
2025-01-17 18:05:00+00:00,2025-01-17,2025-01-17:1,True,1,5,True,-0.09634551495016612,0.09634551495016612,1.4690131048978874,True,0,0,2,True,0.02537670456005677,175.0,305.0,0.0,1.0,0.0,0.0,0.0
2025-01-17 18:10:00+00:00,2025-01-17,2025-01-17:1,True,0,5,True,0.21008403361344538,0.21008403361344538,-1.849788738500619,True,0,0,2,True,-3.23281112720482,170.0,310.0,1.0,0.0,0.0,0.0,0.0
2025-01-17 18:15:00+00:00,2025-01-17,2025-01-17:1,True,0,10,True,0.018867924528301886,0.007662132300895823,0.9011730521516093,True,0,0,2,True,-0.8060336816398682,165.0,315.0,1.0,0.0,0.0,0.0,0.0
2025-01-17 18:20:00+00:00,2025-01-17,2025-01-17:1,True,0,15,True,-0.07428571428571429,0.052463254227236286,-0.34780565746178926,True,0,0,2,True,-0.45621353660273295,160.0,320.0,1.0,0.0,0.0,0.0,0.0
2025-01-17 18:25:00+00:00,2025-01-17,2025-01-17:1,True,0,20,True,-0.02857142857142857,0.02857142857142857,0.1665099513843729,True,0,0,2,True,0.7446551404491697,155.0,325.0,1.0,0.0,0.0,0.0,0.0
2025-01-17 18:30:00+00:00,2025-01-17,2025-01-17:1,True,0,25,True,-0.27793696275071633,0.27793696275071633,0.0,True,0,0,2,True,0.0,150.0,330.0,1.0,0.0,0.0,0.0,0.0
2025-01-17 18:35:00+00:00,2025-01-17,2025-01-17:1,True,0,30,True,0.07903780068728522,0.039541100095892,0.6925855880299826,True,0,0,2,True,0.3765143312516698,145.0,335.0,1.0,0.0,0.0,0.0,0.0
2025-01-17 18:40:00+00:00,2025-01-17,2025-01-17:1,True,0,35,True,0.07120743034055728,0.07120743034055728,-0.3453581288988161,True,0,0,2,True,1.1118404980048684,140.0,340.0,1.0,0.0,0.0,0.0,0.0
2025-01-17 18:45:00+00:00,2025-01-17,2025-01-17:1,True,0,40,True,0.1262135922330097,0.1262135922330097,-0.3408236898023822,True,0,0,2,True,-0.7621049387404285,135.0,345.0,1.0,0.0,0.0,0.0,0.0
2025-01-17 18:50:00+00:00,2025-01-17,2025-01-17:1,True,0,45,True,-0.07432432432432433,0.07432432432432433,0.33858131327532165,True,0,0,2,True,0.0,130.0,350.0,1.0,0.0,0.0,0.0,0.0
2025-01-17 18:55:00+00:00,2025-01-17,2025-01-17:1,True,0,50,True,-0.1436950146627566,0.02062516404010982,-1.941181214160261,True,0,0,2,True,0.0,125.0,355.0,1.0,0.0,0.0,0.0,0.0
2025-01-17 19:00:00+00:00,2025-01-17,2025-01-17:1,True,0,55,True,-0.0196078431372549,0.0196078431372549,0.0,True,0,0,2,True,0.0,120.0,360.0,1.0,0.0,0.0,0.0,0.0
2025-01-17 19:05:00+00:00,2025-01-17,2025-01-17:1,True,0,60,True,-0.3313253012048193,0.3313253012048193,0.6686106883422507,True,0,0,2,True,-0.7475294748070371,115.0,365.0,1.0,0.0,0.0,0.0,0.0
2025-01-17 19:10:00+00:00,2025-01-17,2025-01-17:1,True,3,5,True,-0.3583815028901734,0.06819261323964111,-1.659261820815206,True,0,0,2,True,-0.7420444447617316,110.0,370.0,0.0,0.0,0.0,1.0,0.0
2025-01-17 19:15:00+00:00,2025-01-17,2025-01-17:1,True,3,10,True,0.17751479289940827,0.17751479289940827,-0.7280550154789449,True,0,0,2,True,0.0,105.0,375.0,0.0,0.0,0.0,1.0,0.0
2025-01-17 19:20:00+00:00,2025-01-17,2025-01-17:1,True,4,5,True,-0.015015015015015015,0.015015015015015015,0.0,True,0,0,2,True,0.8169005157950341,100.0,380.0,0.0,0.0,0.0,0.0,1.0
2025-01-17 19:25:00+00:00,2025-01-17,2025-01-17:1,True,4,10,True,0.030716723549488054,0.030716723549488054,0.0,True,0,0,2,True,0.8678660549648826,95.0,385.0,0.0,0.0,0.0,0.0,1.0
2025-01-17 19:30:00+00:00,2025-01-17,2025-01-17:1,True,0,5,True,-0.1695501730103806,0.1695501730103806,1.527345469930298,True,0,0,2,True,1.127480727886997,90.0,390.0,1.0,0.0,0.0,0.0,0.0
2025-01-17 19:35:00+00:00,2025-01-17,2025-01-17:1,True,0,10,True,0.009900990099009901,0.0068848891710402,0.3633057272517373,True,0,0,2,True,-0.5461141370368375,85.0,395.0,1.0,0.0,0.0,0.0,0.0
2025-01-17 19:40:00+00:00,2025-01-17,2025-01-17:1,True,0,15,True,0.055248618784530384,0.038124227419814034,0.3709933703864274,True,0,0,2,True,0.8295663953858091,80.0,400.0,1.0,0.0,0.0,0.0,0.0
2025-01-17 19:45:00+00:00,2025-01-17,2025-01-17:1,True,1,5,True,-0.1452513966480447,0.1452513966480447,1.4744025848308073,True,0,0,2,True,0.04564662356269651,75.0,405.0,0.0,1.0,0.0,0.0,0.0
2025-01-17 19:50:00+00:00,2025-01-17,2025-01-17:1,True,2,5,True,-0.01567398119122257,0.007627352457426392,-0.7202612947133797,True,0,0,2,True,-0.5542720412606191,70.0,410.0,0.0,0.0,1.0,0.0,0.0
2025-01-17 19:55:00+00:00,2025-01-17,2025-01-17:1,True,2,10,True,-0.1724137931034483,0.08110271243017451,-0.7541809553661492,True,0,0,2,True,0.5688293888839069,65.0,415.0,0.0,0.0,1.0,0.0,0.0
2025-01-17 20:00:00+00:00,2025-01-17,2025-01-17:1,True,0,5,True,0.08868501529051988,0.08868501529051988,-2.1823766196621657,True,0,0,2,True,-0.5287745466133953,60.0,420.0,1.0,0.0,0.0,0.0,0.0
2025-01-17 20:05:00+00:00,2025-01-17,2025-01-17:1,True,3,5,True,-0.008547008547008548,0.0033715459104313125,-0.9302099778722821,True,0,0,2,True,0.8439974498914882,55.0,425.0,0.0,0.0,0.0,1.0,0.0
2025-01-17 20:10:00+00:00,2025-01-17,2025-01-17:1,True,4,5,True,-0.1903114186851211,0.1903114186851211,1.0838659975568727,True,1,0,2,True,0.0,50.0,430.0,0.0,0.0,0.0,0.0,1.0
2025-01-17 20:15:00+00:00,2025-01-17,2025-01-17:1,True,3,5,True,0.026239067055393587,0.026239067055393587,-1.0700942311710675,True,0,1,3,True,0.0,45.0,435.0,0.0,0.0,0.0,1.0,0.0
2025-01-17 20:20:00+00:00,2025-01-17,2025-01-17:1,True,4,5,True,0.15151515151515152,0.11020447173436759,0.31834815570242914,True,1,0,3,True,-0.5397075228034828,40.0,440.0,0.0,0.0,0.0,0.0,1.0
2025-01-17 20:25:00+00:00,2025-01-17,2025-01-17:1,True,3,5,True,-0.10135135135135136,0.07389739906141617,-0.3159155743654728,True,1,0,3,True,0.16488317560517457,35.0,445.0,0.0,0.0,0.0,1.0,0.0
2025-01-17 20:30:00+00:00,2025-01-17,2025-01-17:1,True,0,5,True,-0.007142857142857143,0.007142857142857143,1.2520672084561735,True,1,0,3,True,0.0,30.0,450.0,1.0,0.0,0.0,0.0,0.0
2025-01-17 20:35:00+00:00,2025-01-17,2025-01-17:1,True,1,5,True,-0.013422818791946308,0.013422818791946308,0.8954959029258387,True,1,0,3,True,-0.5805473742047452,25.0,455.0,0.0,1.0,0.0,0.0,0.0
2025-01-17 20:40:00+00:00,2025-01-17,2025-01-17:1,True,1,10,True,-0.04819277108433735,0.04819277108433735,1.020824885068928,True,1,0,3,True,0.0,20.0,460.0,0.0,1.0,0.0,0.0,0.0
2025-01-17 20:45:00+00:00,2025-01-17,2025-01-17:1,True,2,5,True,-0.014388489208633094,0.012431226659567944,-0.14621694035415883,True,0,0,3,True,-0.6539020361897212,15.0,465.0,0.0,0.0,1.0,0.0,0.0
2025-01-17 20:50:00+00:00,2025-01-17,2025-01-17:1,True,0,5,True,0.25748502994011974,0.25748502994011974,-0.8863406809669212,True,0,0,3,True,0.0,10.0,470.0,1.0,0.0,0.0,0.0,0.0
2025-01-17 20:55:00+00:00,2025-01-17,2025-01-17:1,True,1,5,True,0.48424068767908307,0.10150549713647106,1.5624691157074755,True,0,0,3,True,0.6352340282658707,5.0,475.0,0.0,1.0,0.0,0.0,0.0
2025-01-17 21:00:00+00:00,2025-01-17,2025-01-17:1,True,2,5,True,0.26380368098159507,0.26380368098159507,0.0,True,0,0,3,True,0.8301577531488296,0.0,480.0,0.0,0.0,1.0,0.0,0.0
2025-01-20 13:00:00+00:00,2025-01-20,2025-01-20:1,False,-1,0,False,,,,False,0,0,0,False,,480.0,0.0,,,,,
2025-01-20 13:05:00+00:00,2025-01-20,2025-01-20:1,False,-1,0,True,0.07301587301587302,,,False,0,0,0,False,,475.0,5.0,,,,,
2025-01-20 13:10:00+00:00,2025-01-20,2025-01-20:1,False,-1,0,True,0.034482758620689655,,,False,0,0,0,False,,470.0,10.0,,,,,
2025-01-20 13:15:00+00:00,2025-01-20,2025-01-20:1,False,-1,0,True,-0.2507936507936508,,,False,0,0,0,False,,465.0,15.0,,,,,
2025-01-20 13:20:00+00:00,2025-01-20,2025-01-20:1,False,-1,0,True,0.033112582781456956,,,False,0,0,0,False,,460.0,20.0,,,,,
2025-01-20 13:25:00+00:00,2025-01-20,2025-01-20:1,False,-1,0,True,-0.08463949843260188,,,False,0,0,0,False,,455.0,25.0,,,,,
2025-01-20 13:30:00+00:00,2025-01-20,2025-01-20:1,False,-1,0,True,0.021806853582554516,,,False,0,0,0,False,,450.0,30.0,,,,,
2025-01-20 13:35:00+00:00,2025-01-20,2025-01-20:1,False,-1,0,True,0.07692307692307693,,,False,0,0,0,False,,445.0,35.0,,,,,
2025-01-20 13:40:00+00:00,2025-01-20,2025-01-20:1,False,-1,0,True,-0.05027932960893855,,,False,0,0,0,False,,440.0,40.0,,,,,
2025-01-20 13:45:00+00:00,2025-01-20,2025-01-20:1,False,-1,0,True,0.09508196721311475,,,False,0,0,0,False,,435.0,45.0,,,,,
2025-01-20 13:50:00+00:00,2025-01-20,2025-01-20:1,False,-1,0,True,-0.1743119266055046,,,False,0,0,0,False,,430.0,50.0,,,,,
2025-01-20 13:55:00+00:00,2025-01-20,2025-01-20:1,False,-1,0,True,-0.13066666666666665,,,False,0,0,0,False,,425.0,55.0,,,,,
2025-01-20 14:00:00+00:00,2025-01-20,2025-01-20:1,False,-1,0,True,0.2892561983471074,,,False,0,0,0,False,,420.0,60.0,,,,,
2025-01-20 14:05:00+00:00,2025-01-20,2025-01-20:1,True,0,5,True,-0.18635170603674542,0.18635170603674542,0.12398624879615858,True,0,0,0,False,,415.0,65.0,1.0,0.0,0.0,0.0,0.0
2025-01-20 14:10:00+00:00,2025-01-20,2025-01-20:1,True,1,5,True,0.14029850746268657,0.01888438007448662,2.0054372195858727,True,0,0,0,False,,410.0,70.0,0.0,1.0,0.0,0.0,0.0
2025-01-20 14:15:00+00:00,2025-01-20,2025-01-20:1,True,0,5,True,0.20833333333333334,0.20833333333333334,-0.24130576606486343,True,0,0,0,False,,405.0,75.0,1.0,0.0,0.0,0.0,0.0
2025-01-20 14:20:00+00:00,2025-01-20,2025-01-20:1,True,0,10,True,-0.03968253968253968,0.03968253968253968,0.0,True,0,0,0,False,,400.0,80.0,1.0,0.0,0.0,0.0,0.0
2025-01-20 14:25:00+00:00,2025-01-20,2025-01-20:1,True,0,15,True,0.039711191335740074,0.039711191335740074,-0.24843683563898172,True,0,0,0,False,,395.0,85.0,1.0,0.0,0.0,0.0,0.0
2025-01-20 14:30:00+00:00,2025-01-20,2025-01-20:1,True,1,5,True,-0.029900332225913623,0.029900332225913623,0.7481530314971588,True,0,0,0,False,,390.0,90.0,0.0,1.0,0.0,0.0,0.0
2025-01-20 14:35:00+00:00,2025-01-20,2025-01-20:1,True,2,5,True,0.11956521739130435,0.11956521739130435,0.0,True,0,0,0,False,,385.0,95.0,0.0,0.0,1.0,0.0,0.0
2025-01-20 14:40:00+00:00,2025-01-20,2025-01-20:1,True,0,5,True,0.14202898550724638,0.10740648230158559,0.2794106231824634,True,0,0,0,False,,380.0,100.0,1.0,0.0,0.0,0.0,0.0
2025-01-20 14:45:00+00:00,2025-01-20,2025-01-20:1,True,0,10,True,0.35446685878962536,0.35446685878962536,-0.28571840367298507,True,0,0,0,False,,375.0,105.0,1.0,0.0,0.0,0.0,0.0
2025-01-20 14:50:00+00:00,2025-01-20,2025-01-20:1,True,0,15,True,-0.2188365650969529,0.12124281907252486,-0.5905298691966286,True,0,0,0,False,,370.0,110.0,1.0,0.0,0.0,0.0,0.0
2025-01-20 14:55:00+00:00,2025-01-20,2025-01-20:1,True,0,20,True,0.006896551724137931,0.006896551724137931,-0.3033475822445057,True,0,0,0,False,,365.0,115.0,1.0,0.0,0.0,0.0,0.0
2025-01-20 15:00:00+00:00,2025-01-20,2025-01-20:1,True,0,25,True,0.3115942028985507,0.126307210662135,0.9029845902466979,True,0,0,0,False,,360.0,120.0,1.0,0.0,0.0,0.0,0.0
2025-01-20 15:05:00+00:00,2025-01-20,2025-01-20:1,True,0,30,True,0.31230283911671924,0.31230283911671924,-0.6978055601135011,True,0,0,0,True,0.0,355.0,125.0,1.0,0.0,0.0,0.0,0.0
2025-01-20 15:10:00+00:00,2025-01-20,2025-01-20:1,True,0,35,True,0.034482758620689655,0.034482758620689655,0.0,True,0,0,0,True,0.0,350.0,130.0,1.0,0.0,0.0,0.0,0.0
2025-01-20 15:15:00+00:00,2025-01-20,2025-01-20:1,True,0,40,True,0.3184713375796178,0.20163607223866506,0.4570680291154978,True,0,0,0,True,1.0220351834441064,345.0,135.0,1.0,0.0,0.0,0.0,0.0
2025-01-20 15:20:00+00:00,2025-01-20,2025-01-20:1,True,0,45,True,0.21081081081081082,0.08441492166426356,0.9152169170883423,True,0,0,0,True,0.0,340.0,140.0,1.0,0.0,0.0,0.0,0.0
2025-01-20 15:25:00+00:00,2025-01-20,2025-01-20:1,True,0,50,True,-0.23778501628664495,0.15046921533545707,-0.45760845854352084,True,0,0,0,True,-0.18096818932505915,335.0,145.0,1.0,0.0,0.0,0.0,0.0
2025-01-20 15:30:00+00:00,2025-01-20,2025-01-20:1,True,3,5,True,-0.05822784810126582,0.00024321066026778646,-5.478191026523005,True,0,0,0,True,-11.184424265638489,330.0,150.0,0.0,0.0,0.0,1.0,0.0
2025-01-20 15:35:00+00:00,2025-01-20,2025-01-20:1,True,4,5,True,0.2631578947368421,0.2631578947368421,0.0,True,0,0,0,True,0.0,325.0,155.0,0.0,0.0,0.0,0.0,1.0
2025-01-20 15:40:00+00:00,2025-01-20,2025-01-20:1,True,4,10,True,0.050314465408805034,0.04383527638299758,0.13785372834527215,True,1,0,0,True,1.0655620883554873,320.0,160.0,0.0,0.0,0.0,0.0,1.0
2025-01-20 15:45:00+00:00,2025-01-20,2025-01-20:1,True,3,5,True,0.13071895424836602,0.13071895424836602,-0.2714423035075761,True,1,0,0,True,-1.6501700523720844,315.0,165.0,0.0,0.0,0.0,1.0,0.0
2025-01-20 15:50:00+00:00,2025-01-20,2025-01-20:1,True,4,5,True,0.28313253012048195,0.1666186811808046,0.5302072369516233,True,1,0,0,True,-0.5927897119922416,310.0,170.0,0.0,0.0,0.0,0.0,1.0
2025-01-20 15:55:00+00:00,2025-01-20,2025-01-20:1,True,4,10,True,0.027190332326283987,0.027190332326283987,0.0,True,1,0,0,True,0.0,305.0,175.0,0.0,0.0,0.0,0.0,1.0
2025-01-20 16:00:00+00:00,2025-01-20,2025-01-20:1,True,0,5,True,0.18064516129032257,0.10586811257900798,0.534340573764325,True,1,0,0,True,-0.5974109230383337,300.0,180.0,1.0,0.0,0.0,0.0,0.0
2025-01-20 16:05:00+00:00,2025-01-20,2025-01-20:1,True,0,10,True,-0.046263345195729534,0.046263345195729534,0.0,True,0,0,0,True,0.0,295.0,185.0,1.0,0.0,0.0,0.0,0.0
2025-01-20 16:10:00+00:00,2025-01-20,2025-01-20:1,True,0,15,True,0.3772455089820359,0.22141474969060101,0.5328585547993163,True,0,0,0,True,0.0,290.0,190.0,1.0,0.0,0.0,0.0,0.0
2025-01-20 16:15:00+00:00,2025-01-20,2025-01-20:1,True,1,5,True,-0.015015015015015015,0.015015015015015015,0.2664292773992795,True,0,0,0,True,0.3539094114162444,285.0,195.0,0.0,1.0,0.0,0.0,0.0
2025-01-20 16:20:00+00:00,2025-01-20,2025-01-20:1,True,0,5,True,-0.02142857142857143,0.02142857142857143,0.26899004888179495,True,0,0,0,True,0.0,280.0,200.0,1.0,0.0,0.0,0.0,0.0
2025-01-20 16:25:00+00:00,2025-01-20,2025-01-20:1,True,0,10,True,-0.305,0.17797991408680217,-0.5386410748914641,True,0,0,0,True,0.3373996418224318,275.0,205.0,1.0,0.0,0.0,0.0,0.0
2025-01-20 16:30:00+00:00,2025-01-20,2025-01-20:1,True,0,15,True,-0.07023411371237458,0.07023411371237458,0.2706547788453737,True,0,0,0,True,0.6052024839334277,270.0,210.0,1.0,0.0,0.0,0.0,0.0
2025-01-20 16:35:00+00:00,2025-01-20,2025-01-20:1,True,0,20,True,0.08143322475570032,0.08143322475570032,0.0,True,0,0,0,True,0.0,265.0,215.0,1.0,0.0,0.0,0.0,0.0
2025-01-20 16:40:00+00:00,2025-01-20,2025-01-20:1,True,0,25,True,-0.030303030303030304,0.030303030303030304,0.0,True,0,0,0,True,0.0,260.0,220.0,1.0,0.0,0.0,0.0,0.0
2025-01-20 16:45:00+00:00,2025-01-20,2025-01-20:1,True,0,30,True,-0.018633540372670808,0.0030671646429980782,-1.8042096368753564,True,0,0,0,True,0.0,255.0,225.0,1.0,0.0,0.0,0.0,0.0
2025-01-20 16:50:00+00:00,2025-01-20,2025-01-20:1,True,4,5,True,-0.14447592067988668,0.14447592067988668,0.0,True,0,0,0,True,-1.8250160504098205,250.0,230.0,0.0,0.0,0.0,0.0,1.0
2025-01-20 16:55:00+00:00,2025-01-20,2025-01-20:1,True,0,5,True,0.16058394160583941,0.16058394160583941,0.0,True,0,0,0,True,0.0,245.0,235.0,1.0,0.0,0.0,0.0,0.0
2025-01-20 17:00:00+00:00,2025-01-20,2025-01-20:1,True,0,10,True,0.013774104683195593,0.008103692061242847,0.5304705892928481,True,0,0,0,True,1.1861682977231804,240.0,240.0,1.0,0.0,0.0,0.0,0.0
2025-01-20 17:05:00+00:00,2025-01-20,2025-01-20:1,True,0,15,True,-0.050505050505050504,0.050505050505050504,0.0,True,0,0,0,True,0.614275554911729,235.0,245.0,1.0,0.0,0.0,0.0,0.0
2025-01-20 17:10:00+00:00,2025-01-20,2025-01-20:1,True,3,5,True,-0.10989010989010989,0.06502130493681182,-0.5247658810093331,True,0,0,0,True,-0.6117867558515733,230.0,250.0,0.0,0.0,0.0,1.0,0.0
2025-01-20 17:15:00+00:00,2025-01-20,2025-01-20:1,True,0,5,True,-0.15636363636363637,0.15636363636363637,0.5247658810093331,True,0,0,0,True,1.1734121822094348,225.0,255.0,1.0,0.0,0.0,0.0,0.0
2025-01-20 17:20:00+00:00,2025-01-20,2025-01-20:1,True,1,5,True,-0.12457912457912458,0.12457912457912458,1.9243624842811524,True,0,0,0,True,0.4476492069780737,220.0,260.0,0.0,1.0,0.0,0.0,0.0
2025-01-20 17:25:00+00:00,2025-01-20,2025-01-20:1,True,2,5,True,-0.2590529247910863,0.1606843338795052,-0.4775906024043566,True,0,0,0,True,-1.4914669924033341,215.0,265.0,0.0,0.0,1.0,0.0,0.0
2025-01-20 17:30:00+00:00,2025-01-20,2025-01-20:1,True,1,5,True,0.16666666666666666,0.04349501304184504,1.343349520947628,True,0,0,0,True,1.001273615459276,210.0,270.0,0.0,1.0,0.0,0.0,0.0
2025-01-20 17:35:00+00:00,2025-01-20,2025-01-20:1,True,1,10,True,0.1639871382636656,0.06987140196303311,0.8531315618567022,True,0,0,0,True,1.907660166062153,205.0,275.0,0.0,1.0,0.0,0.0,0.0
2025-01-20 17:40:00+00:00,2025-01-20,2025-01-20:1,True,2,5,True,0.07317073170731707,0.07317073170731707,-1.2243126339082566,True,0,0,0,True,-0.9125487583760274,200.0,280.0,0.0,0.0,1.0,0.0,0.0
2025-01-20 17:45:00+00:00,2025-01-20,2025-01-20:1,True,1,5,True,-0.11428571428571428,0.11428571428571428,2.307576596191305,True,0,0,0,True,5.15989813237134,195.0,285.0,0.0,1.0,0.0,0.0,0.0
2025-01-20 17:50:00+00:00,2025-01-20,2025-01-20:1,True,0,5,True,-0.06406685236768803,0.03012992427214598,-0.7544082666544849,True,0,0,0,True,0.5340691537512416,190.0,290.0,1.0,0.0,0.0,0.0,0.0
2025-01-20 17:55:00+00:00,2025-01-20,2025-01-20:1,True,0,10,True,0.3333333333333333,0.3333333333333333,-0.9018146259381093,True,0,0,0,True,-0.403303761339773,185.0,295.0,1.0,0.0,0.0,0.0,0.0
2025-01-20 18:00:00+00:00,2025-01-20,2025-01-20:1,True,0,15,True,0.08021390374331551,0.03910022853486104,0.7185685513741652,True,0,0,0,True,2.6809740156282684,180.0,300.0,1.0,0.0,0.0,0.0,0.0
2025-01-20 18:05:00+00:00,2025-01-20,2025-01-20:1,True,0,20,True,-0.15584415584415584,0.11473262074202428,-0.3062521226745438,True,0,0,0,True,0.0,175.0,305.0,1.0,0.0,0.0,0.0,0.0
2025-01-20 18:10:00+00:00,2025-01-20,2025-01-20:1,True,3,5,True,-0.3431952662721893,0.01762231331319417,-2.9691336736575455,True,0,0,0,True,-0.644653911421969,170.0,310.0,0.0,0.0,0.0,1.0,0.0
2025-01-20 18:15:00+00:00,2025-01-20,2025-01-20:1,True,4,5,True,-0.16721311475409836,0.16721311475409836,0.47688535966532997,True,1,0,0,True,0.5331740408422995,165.0,315.0,0.0,0.0,0.0,0.0,1.0
2025-01-20 18:20:00+00:00,2025-01-20,2025-01-20:1,True,3,5,True,0.18149466192170818,0.18149466192170818,-0.4736256683170971,True,1,0,0,True,-1.328823694134718,160.0,320.0,0.0,0.0,0.0,1.0,0.0
2025-01-20 18:25:00+00:00,2025-01-20,2025-01-20:1,True,3,10,True,0.030136986301369864,0.030136986301369864,-1.3749238273287518,True,0,1,1,True,-0.4029314396445688,155.0,325.0,0.0,0.0,0.0,1.0,0.0
2025-01-20 18:30:00+00:00,2025-01-20,2025-01-20:1,True,3,15,True,0.0026109660574412533,0.0026109660574412533,-0.9126980555478591,True,0,0,1,True,-1.1446255491031132,150.0,330.0,0.0,0.0,0.0,1.0,0.0
2025-01-20 18:35:00+00:00,2025-01-20,2025-01-20:1,True,4,5,True,0.23432343234323433,0.1869895077784006,0.22564984337051233,True,1,0,1,True,0.0,145.0,335.0,0.0,0.0,0.0,0.0,1.0
2025-01-20 18:40:00+00:00,2025-01-20,2025-01-20:1,True,3,5,True,0.2635135135135135,0.2635135135135135,-0.685886708288774,True,1,0,1,True,-1.1292277897348375,140.0,340.0,0.0,0.0,0.0,1.0,0.0
2025-01-20 18:45:00+00:00,2025-01-20,2025-01-20:1,True,4,5,True,0.22264150943396227,0.22264150943396227,0.0,True,1,0,1,True,-0.40122467755468666,135.0,345.0,0.0,0.0,0.0,0.0,1.0
2025-01-20 18:50:00+00:00,2025-01-20,2025-01-20:1,True,4,10,True,-0.15223880597014924,0.15223880597014924,0.0,True,1,0,1,True,0.41821442239822965,130.0,350.0,0.0,0.0,0.0,0.0,1.0
2025-01-20 18:55:00+00:00,2025-01-20,2025-01-20:1,True,3,5,True,-0.0847457627118644,0.053317666082891686,-0.4633880250467801,True,0,1,2,True,-0.712833954057837,125.0,355.0,0.0,0.0,0.0,1.0,0.0
2025-01-20 19:00:00+00:00,2025-01-20,2025-01-20:1,True,0,5,True,-0.0028011204481792717,0.0017778882472852754,-0.45459321513152245,True,0,0,2,True,-0.09873868229192996,120.0,360.0,1.0,0.0,0.0,0.0,0.0
2025-01-20 19:05:00+00:00,2025-01-20,2025-01-20:1,True,0,10,True,-0.14029850746268657,0.14029850746268657,0.12314025287390014,True,0,0,2,True,0.7892458087427598,115.0,365.0,1.0,0.0,0.0,0.0,0.0
2025-01-20 19:10:00+00:00,2025-01-20,2025-01-20:1,True,0,15,True,0.3639344262295082,0.3639344262295082,0.0,True,0,0,2,True,-1.9780503182724078,110.0,370.0,1.0,0.0,0.0,0.0,0.0
2025-01-20 19:15:00+00:00,2025-01-20,2025-01-20:1,True,3,5,True,-0.4293628808864266,0.17323691447989675,-0.907642332048567,True,0,0,2,True,0.0,105.0,375.0,0.0,0.0,0.0,1.0,0.0
2025-01-20 19:20:00+00:00,2025-01-20,2025-01-20:1,True,4,5,True,-0.017543859649122806,0.017543859649122806,0.0,True,0,0,2,True,0.5670488185271217,100.0,380.0,0.0,0.0,0.0,0.0,1.0
2025-01-20 19:25:00+00:00,2025-01-20,2025-01-20:1,True,0,5,True,-0.13167259786476868,0.13167259786476868,0.0,True,0,0,2,True,-1.3219872167265383,95.0,385.0,1.0,0.0,0.0,0.0,0.0
2025-01-20 19:30:00+00:00,2025-01-20,2025-01-20:1,True,0,10,True,0.0529595015576324,0.027151457747557416,0.6680967626103868,True,0,0,2,True,0.0,90.0,390.0,1.0,0.0,0.0,0.0,0.0
2025-01-20 19:35:00+00:00,2025-01-20,2025-01-20:1,True,0,15,True,0.136986301369863,0.09617443469289588,0.3537173601074523,True,0,0,2,True,0.7909360620220357,85.0,395.0,1.0,0.0,0.0,0.0,0.0
2025-01-20 19:40:00+00:00,2025-01-20,2025-01-20:1,True,0,20,True,-0.09536784741144415,0.033629126325309,-1.0423489460296493,True,0,0,2,True,0.6247088681899067,80.0,400.0,1.0,0.0,0.0,0.0,0.0
2025-01-20 19:45:00+00:00,2025-01-20,2025-01-20:1,True,0,25,True,-0.04792332268370607,0.04792332268370607,0.3622688287662143,True,0,0,2,True,-0.8100577272504864,75.0,405.0,1.0,0.0,0.0,0.0,0.0
2025-01-20 19:50:00+00:00,2025-01-20,2025-01-20:1,True,0,30,True,-0.12162162162162163,0.12162162162162163,1.2057701668574186,True,0,0,2,True,0.8987280194465203,70.0,410.0,1.0,0.0,0.0,0.0,0.0
2025-01-20 19:55:00+00:00,2025-01-20,2025-01-20:1,True,1,5,True,-0.12307692307692308,0.12307692307692308,0.4195223541780195,True,0,0,2,True,0.1997999532730818,65.0,415.0,0.0,1.0,0.0,0.0,0.0
2025-01-20 20:00:00+00:00,2025-01-20,2025-01-20:1,True,0,5,True,-0.08794788273615635,0.08794788273615635,0.0,True,0,0,2,True,0.0,60.0,420.0,1.0,0.0,0.0,0.0,0.0
2025-01-20 20:05:00+00:00,2025-01-20,2025-01-20:1,True,1,5,True,-0.1382636655948553,0.1382636655948553,4.236899628080099,True,0,0,2,True,5.892809322094801,55.0,425.0,0.0,1.0,0.0,0.0,0.0
2025-01-20 20:10:00+00:00,2025-01-20,2025-01-20:1,True,1,10,True,0.1365079365079365,0.08365926169109103,0.4896306149874224,True,0,0,2,True,0.7298982259852941,50.0,430.0,0.0,1.0,0.0,0.0,0.0
2025-01-20 20:15:00+00:00,2025-01-20,2025-01-20:1,True,1,15,True,0.10625,0.06382768839352794,0.5096077242396863,True,0,0,2,True,1.5193566843452078,45.0,435.0,0.0,1.0,0.0,0.0,0.0
2025-01-20 20:20:00+00:00,2025-01-20,2025-01-20:1,True,1,20,True,0.3255131964809384,0.12193605779669632,0.981906212095241,True,0,0,2,True,0.0,40.0,440.0,0.0,1.0,0.0,0.0,0.0
2025-01-20 20:25:00+00:00,2025-01-20,2025-01-20:1,True,2,5,True,0.044673539518900345,0.044673539518900345,-0.340405073034739,True,0,0,2,True,-0.1410307088145315,35.0,445.0,0.0,0.0,1.0,0.0,0.0
2025-01-20 20:30:00+00:00,2025-01-20,2025-01-20:1,True,1,5,True,-0.032640949554896145,0.032640949554896145,2.1057500373231504,True,0,0,2,True,1.2252191567954416,30.0,450.0,0.0,1.0,0.0,0.0,0.0
2025-01-20 20:35:00+00:00,2025-01-20,2025-01-20:1,True,0,5,True,0.2739273927392739,0.2739273927392739,-2.6068742232454487,True,0,0,2,True,-0.7629173115755755,25.0,455.0,1.0,0.0,0.0,0.0,0.0
2025-01-20 20:40:00+00:00,2025-01-20,2025-01-20:1,True,1,5,True,-0.17472118959107807,0.17472118959107807,1.6517543987964198,True,0,0,2,True,0.44916470193116775,20.0,460.0,0.0,1.0,0.0,0.0,0.0
2025-01-20 20:45:00+00:00,2025-01-20,2025-01-20:1,True,0,5,True,0.024844720496894408,0.024844720496894408,-0.24578355582478112,True,0,0,2,True,0.549588738575825,15.0,465.0,1.0,0.0,0.0,0.0,0.0
2025-01-20 20:50:00+00:00,2025-01-20,2025-01-20:1,True,0,10,True,0.14545454545454545,0.14545454545454545,-1.2079204442024387,True,0,0,2,True,-0.5905035441424413,10.0,470.0,1.0,0.0,0.0,0.0,0.0
2025-01-20 20:55:00+00:00,2025-01-20,2025-01-20:1,True,0,15,True,-0.17105263157894737,0.13481372036195427,-0.23807731975813334,True,0,0,2,True,0.0,5.0,475.0,1.0,0.0,0.0,0.0,0.0
2025-01-20 21:00:00+00:00,2025-01-20,2025-01-20:1,True,3,5,True,0.0,0.0,-0.23956835372985072,True,0,0,2,True,-0.5356911241976615,0.0,480.0,0.0,0.0,0.0,1.0,0.0
2025-01-21 13:00:00+00:00,2025-01-21,2025-01-21:1,False,-1,0,False,,,,False,0,0,0,False,,480.0,0.0,,,,,
2025-01-21 13:05:00+00:00,2025-01-21,2025-01-21:1,False,-1,0,True,0.005917159763313609,,,False,0,0,0,False,,475.0,5.0,,,,,
2025-01-21 13:10:00+00:00,2025-01-21,2025-01-21:1,False,-1,0,True,0.2148997134670487,,,False,0,0,0,False,,470.0,10.0,,,,,
2025-01-21 13:15:00+00:00,2025-01-21,2025-01-21:1,False,-1,0,True,0.2653061224489796,,,False,0,0,0,False,,465.0,15.0,,,,,
2025-01-21 13:20:00+00:00,2025-01-21,2025-01-21:1,False,-1,0,True,0.12658227848101267,,,False,0,0,0,False,,460.0,20.0,,,,,
2025-01-21 13:25:00+00:00,2025-01-21,2025-01-21:1,False,-1,0,True,-0.3875,,,False,0,0,0,False,,455.0,25.0,,,,,
2025-01-21 13:30:00+00:00,2025-01-21,2025-01-21:1,False,-1,0,True,-0.2,,,False,0,0,0,False,,450.0,30.0,,,,,
2025-01-21 13:35:00+00:00,2025-01-21,2025-01-21:1,False,-1,0,True,0.030716723549488054,,,False,0,0,0,False,,445.0,35.0,,,,,
2025-01-21 13:40:00+00:00,2025-01-21,2025-01-21:1,False,-1,0,True,0.007352941176470588,,,False,0,0,0,False,,440.0,40.0,,,,,
2025-01-21 13:45:00+00:00,2025-01-21,2025-01-21:1,False,-1,0,True,-0.19063545150501673,,,False,0,0,0,False,,435.0,45.0,,,,,
2025-01-21 13:50:00+00:00,2025-01-21,2025-01-21:1,False,-1,0,True,-0.12422360248447205,,,False,0,0,0,False,,430.0,50.0,,,,,
2025-01-21 13:55:00+00:00,2025-01-21,2025-01-21:1,False,-1,0,True,0.11666666666666667,,,False,0,0,0,False,,425.0,55.0,,,,,
2025-01-21 14:00:00+00:00,2025-01-21,2025-01-21:1,False,-1,0,True,0.0782608695652174,,,False,0,0,0,False,,420.0,60.0,,,,,
2025-01-21 14:05:00+00:00,2025-01-21,2025-01-21:1,True,0,5,True,0.2903225806451613,0.2903225806451613,0.0,True,0,0,0,False,,415.0,65.0,1.0,0.0,0.0,0.0,0.0
2025-01-21 14:10:00+00:00,2025-01-21,2025-01-21:1,True,1,5,True,-0.11304347826086956,0.11304347826086956,1.432771807214116,True,0,0,0,False,,410.0,70.0,0.0,1.0,0.0,0.0,0.0
2025-01-21 14:15:00+00:00,2025-01-21,2025-01-21:1,True,2,5,True,0.0189873417721519,0.0189873417721519,-0.4725181640170676,True,0,0,0,False,,405.0,75.0,0.0,0.0,1.0,0.0,0.0
2025-01-21 14:20:00+00:00,2025-01-21,2025-01-21:1,True,0,5,True,-0.32011331444759206,0.12411957984475862,-0.9474295862595745,True,0,0,0,False,,400.0,80.0,1.0,0.0,0.0,0.0,0.0
2025-01-21 14:25:00+00:00,2025-01-21,2025-01-21:1,True,0,10,True,-0.12457912457912458,0.12457912457912458,0.0,True,0,0,0,False,,395.0,85.0,1.0,0.0,0.0,0.0,0.0
2025-01-21 14:30:00+00:00,2025-01-21,2025-01-21:1,True,0,15,True,0.05660377358490566,0.05660377358490566,-0.4914832479431946,True,0,0,0,False,,390.0,90.0,1.0,0.0,0.0,0.0,0.0
2025-01-21 14:35:00+00:00,2025-01-21,2025-01-21:1,True,0,20,True,-0.1069182389937107,0.1069182389937107,0.4677484665238124,True,0,0,0,False,,385.0,95.0,1.0,0.0,0.0,0.0,0.0
2025-01-21 14:40:00+00:00,2025-01-21,2025-01-21:1,True,0,25,True,0.09285714285714286,0.011860427273571506,2.057854794474308,True,0,0,0,False,,380.0,100.0,1.0,0.0,0.0,0.0,0.0
2025-01-21 14:45:00+00:00,2025-01-21,2025-01-21:1,True,0,30,True,0.040229885057471264,0.040229885057471264,-0.4948716593051084,True,0,0,0,False,,375.0,105.0,1.0,0.0,0.0,0.0,0.0
2025-01-21 14:50:00+00:00,2025-01-21,2025-01-21:1,True,0,35,True,0.3591549295774648,0.3591549295774648,-1.4612969376371654,True,0,0,0,False,,370.0,110.0,1.0,0.0,0.0,0.0,0.0
2025-01-21 14:55:00+00:00,2025-01-21,2025-01-21:1,True,0,40,True,0.0625,0.015491653302445089,1.3948651744749756,True,0,0,0,False,,365.0,115.0,1.0,0.0,0.0,0.0,0.0
2025-01-21 15:00:00+00:00,2025-01-21,2025-01-21:1,True,0,45,True,-0.12962962962962962,0.034168410443347376,-1.3333798354989201,True,0,0,0,False,,360.0,120.0,1.0,0.0,0.0,0.0,0.0
2025-01-21 15:05:00+00:00,2025-01-21,2025-01-21:1,True,0,50,True,0.27205882352941174,0.17983307994506853,0.4139892188784503,True,0,0,0,True,-0.3801988174158959,355.0,125.0,1.0,0.0,0.0,0.0,0.0
2025-01-21 15:10:00+00:00,2025-01-21,2025-01-21:1,True,0,55,True,-0.03597122302158273,0.03597122302158273,1.2503188994587813,True,0,0,0,True,0.5629361002831492,350.0,130.0,1.0,0.0,0.0,0.0,0.0
2025-01-21 15:15:00+00:00,2025-01-21,2025-01-21:1,True,0,60,True,0.0028653295128939827,0.001863389031949363,0.43028646680483124,True,0,0,0,True,0.0,345.0,135.0,1.0,0.0,0.0,0.0,0.0
2025-01-21 15:20:00+00:00,2025-01-21,2025-01-21:1,True,1,5,True,0.17391304347826086,0.07149557315313908,0.888919890331774,True,0,0,0,True,1.9876853013335045,340.0,140.0,0.0,1.0,0.0,0.0,0.0
2025-01-21 15:25:00+00:00,2025-01-21,2025-01-21:1,True,0,5,True,0.057971014492753624,0.057971014492753624,-0.4356161820385977,True,0,0,0,True,0.0,335.0,145.0,1.0,0.0,0.0,0.0,0.0
2025-01-21 15:30:00+00:00,2025-01-21,2025-01-21:1,True,1,5,True,-0.06925207756232687,0.06925207756232687,7.334074142871197,True,0,0,0,True,16.945784651181594,330.0,150.0,0.0,1.0,0.0,0.0,0.0
2025-01-21 15:35:00+00:00,2025-01-21,2025-01-21:1,True,2,5,True,0.03546099290780142,0.03546099290780142,-0.7380515825388031,True,0,0,0,True,0.41258337736422196,325.0,155.0,0.0,0.0,1.0,0.0,0.0
2025-01-21 15:40:00+00:00,2025-01-21,2025-01-21:1,True,2,10,True,0.09876543209876543,0.09876543209876543,-0.5514346487089651,True,0,0,0,True,-0.41101511988809963,320.0,160.0,0.0,0.0,1.0,0.0,0.0
2025-01-21 15:45:00+00:00,2025-01-21,2025-01-21:1,True,2,15,True,0.0273972602739726,0.0273972602739726,-0.18388176360042857,True,0,0,0,True,0.0,315.0,165.0,0.0,0.0,1.0,0.0,0.0
2025-01-21 15:50:00+00:00,2025-01-21,2025-01-21:1,True,0,5,True,0.19753086419753085,0.19753086419753085,0.0,True,0,0,0,True,-0.4121970493430447,310.0,170.0,1.0,0.0,0.0,0.0,0.0
2025-01-21 15:55:00+00:00,2025-01-21,2025-01-21:1,True,0,10,True,-0.10426540284360189,0.10426540284360189,0.0,True,0,0,0,True,-0.41681387270046516,305.0,175.0,1.0,0.0,0.0,0.0,0.0
2025-01-21 16:00:00+00:00,2025-01-21,2025-01-21:1,True,3,5,True,-0.13167259786476868,0.04321204862260374,-1.114199162627834,True,0,0,0,True,-0.5608240082845619,300.0,180.0,0.0,0.0,0.0,1.0,0.0
2025-01-21 16:05:00+00:00,2025-01-21,2025-01-21:1,True,4,5,True,0.225,0.225,0.0,True,0,0,0,True,-0.41846006343857656,295.0,185.0,0.0,0.0,0.0,0.0,1.0
2025-01-21 16:10:00+00:00,2025-01-21,2025-01-21:1,True,0,5,True,0.119533527696793,0.08257282594466478,0.36991625584135374,True,0,0,0,True,-0.30852440261453506,290.0,190.0,1.0,0.0,0.0,0.0,0.0
2025-01-21 16:15:00+00:00,2025-01-21,2025-01-21:1,True,0,10,True,0.24458204334365324,0.24458204334365324,-0.727238771920179,True,0,0,0,True,0.4990740413770439,285.0,195.0,1.0,0.0,0.0,0.0,0.0
2025-01-21 16:20:00+00:00,2025-01-21,2025-01-21:1,True,0,15,True,0.13768115942028986,0.11490521705346127,0.18083298400242195,True,0,0,0,True,0.0,280.0,200.0,1.0,0.0,0.0,0.0,0.0
2025-01-21 16:25:00+00:00,2025-01-21,2025-01-21:1,True,0,20,True,-0.16034985422740525,0.09321971777270605,-0.5423987536488188,True,0,0,0,True,-0.07972034551460062,275.0,205.0,1.0,0.0,0.0,0.0,0.0
2025-01-21 16:30:00+00:00,2025-01-21,2025-01-21:1,True,0,25,True,0.12837837837837837,0.12837837837837837,-0.3626724148311501,True,0,0,0,True,0.0,270.0,210.0,1.0,0.0,0.0,0.0,0.0
2025-01-21 16:35:00+00:00,2025-01-21,2025-01-21:1,True,3,5,True,-0.22162162162162163,0.011910945344797313,-2.923513766352466,True,0,0,0,True,-0.9338822163878919,265.0,215.0,0.0,0.0,0.0,1.0,0.0
2025-01-21 16:40:00+00:00,2025-01-21,2025-01-21:1,True,4,5,True,-0.0273972602739726,0.017960877295418464,-0.42224710952896627,True,0,0,0,True,0.7549396989877579,260.0,220.0,0.0,0.0,0.0,0.0,1.0
2025-01-21 16:45:00+00:00,2025-01-21,2025-01-21:1,True,4,10,True,-0.2154696132596685,0.2154696132596685,0.0,True,0,0,0,True,-1.0712525211752075,255.0,225.0,0.0,0.0,0.0,0.0,1.0
2025-01-21 16:50:00+00:00,2025-01-21,2025-01-21:1,True,4,15,True,0.08125,0.01648104236419094,1.5953200484744297,True,1,0,0,True,-0.15236711426785038,250.0,230.0,0.0,0.0,0.0,0.0,1.0
2025-01-21 16:55:00+00:00,2025-01-21,2025-01-21:1,True,3,5,True,0.016722408026755852,0.016722408026755852,-0.3988300121194269,True,1,0,0,True,-0.8918110185661037,245.0,235.0,0.0,0.0,0.0,1.0,0.0
2025-01-21 17:00:00+00:00,2025-01-21,2025-01-21:1,True,0,5,True,-0.13142857142857142,0.13142857142857142,0.40209544766139743,True,1,0,0,True,0.0,240.0,240.0,1.0,0.0,0.0,0.0,0.0
2025-01-21 17:05:00+00:00,2025-01-21,2025-01-21:1,True,1,5,True,0.24610591900311526,0.05827336725969343,1.4406168416415077,True,1,0,0,True,1.3805645089049783,235.0,245.0,0.0,1.0,0.0,0.0,0.0
2025-01-21 17:10:00+00:00,2025-01-21,2025-01-21:1,True,2,5,True,0.08433734939759036,0.08433734939759036,-0.6606348130132553,True,1,0,0,True,-0.9848162334679341,230.0,250.0,0.0,0.0,1.0,0.0,0.0
2025-01-21 17:15:00+00:00,2025-01-21,2025-01-21:1,True,2,10,True,-0.09695290858725762,0.03828912537950566,-0.9290594589185587,True,0,0,0,True,0.1297467284312726,225.0,255.0,0.0,0.0,1.0,0.0,0.0
2025-01-21 17:20:00+00:00,2025-01-21,2025-01-21:1,True,0,5,True,-0.24083769633507854,0.24083769633507854,0.0,True,0,0,0,True,1.0773373370069381,220.0,260.0,1.0,0.0,0.0,0.0,0.0
2025-01-21 17:25:00+00:00,2025-01-21,2025-01-21:1,True,0,10,True,0.10032362459546926,0.10032362459546926,-1.3669753841527534,True,0,0,0,True,0.8134859278166694,215.0,265.0,1.0,0.0,0.0,0.0,0.0
2025-01-21 17:30:00+00:00,2025-01-21,2025-01-21:1,True,3,5,True,0.18439716312056736,0.18439716312056736,-1.307198954635177,True,0,0,0,True,-0.9743285742260502,210.0,270.0,0.0,0.0,0.0,1.0,0.0
2025-01-21 17:35:00+00:00,2025-01-21,2025-01-21:1,True,4,5,True,0.3151515151515151,0.06990929066404677,1.5058549696067178,True,1,0,0,True,-0.5841901053821602,205.0,275.0,0.0,0.0,0.0,0.0,1.0
2025-01-21 17:40:00+00:00,2025-01-21,2025-01-21:1,True,3,5,True,0.15309446254071662,0.15309446254071662,-0.19892955951662072,True,1,0,0,True,-1.3344600534397624,200.0,280.0,0.0,0.0,0.0,1.0,0.0
2025-01-21 17:45:00+00:00,2025-01-21,2025-01-21:1,True,3,10,True,-0.0728862973760933,0.01650440443675234,-1.4852733758380732,True,0,1,1,True,0.4625771860087847,195.0,285.0,0.0,0.0,0.0,1.0,0.0
2025-01-21 17:50:00+00:00,2025-01-21,2025-01-21:1,True,4,5,True,0.19322033898305085,0.19322033898305085,0.0,True,0,0,1,True,-0.8461793057470606,190.0,290.0,0.0,0.0,0.0,0.0,1.0
2025-01-21 17:55:00+00:00,2025-01-21,2025-01-21:1,True,0,5,True,-0.125,0.125,0.3695592971011319,True,0,0,1,True,-0.35375056947438255,185.0,295.0,1.0,0.0,0.0,0.0,0.0
2025-01-21 18:00:00+00:00,2025-01-21,2025-01-21:1,True,0,10,True,-0.16034985422740525,0.05449732305586715,-1.0792064348267796,True,0,0,1,True,-1.2401637629376834,180.0,300.0,1.0,0.0,0.0,0.0,0.0
2025-01-21 18:05:00+00:00,2025-01-21,2025-01-21:1,True,3,5,True,0.1464968152866242,0.1464968152866242,-0.5122450513068076,True,0,0,1,True,0.7703568341440236,175.0,305.0,0.0,0.0,0.0,1.0,0.0
2025-01-21 18:10:00+00:00,2025-01-21,2025-01-21:1,True,3,10,True,0.06666666666666667,0.06666666666666667,-2.029979196772961,True,0,0,1,True,-1.0907579566803296,170.0,310.0,0.0,0.0,0.0,1.0,0.0
2025-01-21 18:15:00+00:00,2025-01-21,2025-01-21:1,True,4,5,True,0.022222222222222223,0.022222222222222223,0.0,True,0,0,1,True,0.0,165.0,315.0,0.0,0.0,0.0,0.0,1.0
2025-01-21 18:20:00+00:00,2025-01-21,2025-01-21:1,True,4,10,True,0.061371841155234655,0.061371841155234655,0.0,True,0,0,1,True,-0.6932905099327205,160.0,320.0,0.0,0.0,0.0,0.0,1.0
2025-01-21 18:25:00+00:00,2025-01-21,2025-01-21:1,True,4,15,True,0.06542056074766354,0.04753461322777757,0.3193784483753832,True,1,0,1,True,0.7141519211157642,155.0,325.0,0.0,0.0,0.0,0.0,1.0
2025-01-21 18:30:00+00:00,2025-01-21,2025-01-21:1,True,0,5,True,-0.12211221122112212,0.12211221122112212,0.622895140403604,True,1,0,1,True,0.0,150.0,330.0,1.0,0.0,0.0,0.0,0.0
2025-01-21 18:35:00+00:00,2025-01-21,2025-01-21:1,True,0,10,True,-0.35365853658536583,0.18408410957552854,-0.6529390912833307,True,1,0,1,True,0.04698465117762769,145.0,335.0,1.0,0.0,0.0,0.0,0.0
2025-01-21 18:40:00+00:00,2025-01-21,2025-01-21:1,True,0,15,True,-0.31210191082802546,0.11150398126254324,-1.029269475091218,True,0,1,2,True,-1.9700180049057656,140.0,340.0,1.0,0.0,0.0,0.0,0.0
2025-01-21 18:45:00+00:00,2025-01-21,2025-01-21:1,True,0,20,True,-0.17794486215538846,0.17794486215538846,0.7039600384755775,True,0,0,2,True,0.3935256248686897,135.0,345.0,1.0,0.0,0.0,0.0,0.0
2025-01-21 18:50:00+00:00,2025-01-21,2025-01-21:1,True,0,25,True,0.35359116022099446,0.35359116022099446,-1.7240336978823079,True,0,0,2,True,-0.7710113087925968,130.0,350.0,1.0,0.0,0.0,0.0,0.0
2025-01-21 18:55:00+00:00,2025-01-21,2025-01-21:1,True,3,5,True,-0.18475073313782991,0.13062529130142825,-0.3466746753147833,True,0,0,2,True,0.0,125.0,355.0,0.0,0.0,0.0,1.0,0.0
2025-01-21 19:00:00+00:00,2025-01-21,2025-01-21:1,True,4,5,True,-0.4928774928774929,0.4928774928774929,0.3586554348266892,True,1,0,2,True,0.8019779327722226,120.0,360.0,0.0,0.0,0.0,0.0,1.0
2025-01-21 19:05:00+00:00,2025-01-21,2025-01-21:1,True,3,5,True,-0.02631578947368421,0.012333588699214418,-0.7578427901522795,True,0,1,3,True,-0.46010243891545344,115.0,365.0,0.0,0.0,0.0,1.0,0.0
2025-01-21 19:10:00+00:00,2025-01-21,2025-01-21:1,True,3,10,True,0.1411042944785276,0.1411042944785276,-0.44558027729085253,True,0,0,3,True,-0.9963477894555521,110.0,370.0,0.0,0.0,0.0,1.0,0.0
2025-01-21 19:15:00+00:00,2025-01-21,2025-01-21:1,True,4,5,True,-0.061946902654867256,0.061946902654867256,0.443717734887049,True,1,0,3,True,0.4510381730188656,105.0,375.0,0.0,0.0,0.0,0.0,1.0
2025-01-21 19:20:00+00:00,2025-01-21,2025-01-21:1,True,0,5,True,0.2236842105263158,0.2236842105263158,0.0,True,1,0,3,True,0.9863035657563871,100.0,380.0,1.0,0.0,0.0,0.0,0.0
2025-01-21 19:25:00+00:00,2025-01-21,2025-01-21:1,True,0,10,True,0.006369426751592357,0.006369426751592357,-0.8874354697754432,True,0,1,4,True,-0.9921830180325854,95.0,385.0,1.0,0.0,0.0,0.0,0.0
2025-01-21 19:30:00+00:00,2025-01-21,2025-01-21:1,True,3,5,True,-0.03927492447129909,0.010058279266559078,-1.3621901580869566,True,0,0,4,True,-0.4542894331567287,90.0,390.0,0.0,0.0,0.0,1.0,0.0
2025-01-21 19:35:00+00:00,2025-01-21,2025-01-21:1,True,4,5,True,0.2,0.2,0.0,True,0,0,4,True,-1.0202305289757359,85.0,395.0,0.0,0.0,0.0,0.0,1.0
2025-01-21 19:40:00+00:00,2025-01-21,2025-01-21:1,True,0,5,True,-0.13846153846153847,0.13846153846153847,1.8096781350007862,True,0,0,4,True,1.0116408318163563,80.0,400.0,1.0,0.0,0.0,0.0,0.0
2025-01-21 19:45:00+00:00,2025-01-21,2025-01-21:1,True,0,10,True,-0.007518796992481203,0.007518796992481203,0.4738837992646624,True,0,0,4,True,0.0,75.0,405.0,1.0,0.0,0.0,0.0,0.0
2025-01-21 19:50:00+00:00,2025-01-21,2025-01-21:1,True,0,15,True,-0.33114754098360655,0.33114754098360655,0.0,True,0,0,4,True,0.0,70.0,410.0,1.0,0.0,0.0,0.0,0.0
2025-01-21 19:55:00+00:00,2025-01-21,2025-01-21:1,True,0,20,True,-0.09657320872274143,0.033020686722983764,-1.0731671248785104,True,0,0,4,True,-2.3996746424463553,65.0,415.0,1.0,0.0,0.0,0.0,0.0
2025-01-21 20:00:00+00:00,2025-01-21,2025-01-21:1,True,1,5,True,-0.05921052631578947,0.05921052631578947,0.5121712385017334,True,0,0,4,True,-1.7096347657261333,60.0,420.0,0.0,1.0,0.0,0.0,0.0
2025-01-21 20:05:00+00:00,2025-01-21,2025-01-21:1,True,0,5,True,-0.23636363636363636,0.03234877073042286,-1.9887954300458472,True,0,0,4,True,-1.1117704437300706,55.0,425.0,1.0,0.0,0.0,0.0,0.0
2025-01-21 20:10:00+00:00,2025-01-21,2025-01-21:1,True,0,10,True,0.1639871382636656,0.03973504355290787,1.4175544920514318,True,0,0,4,True,1.056582735345729,50.0,430.0,1.0,0.0,0.0,0.0,0.0
2025-01-21 20:15:00+00:00,2025-01-21,2025-01-21:1,True,0,15,True,0.008695652173913044,0.005538760511823604,0.45105240921982237,True,0,0,4,True,0.0,45.0,435.0,1.0,0.0,0.0,0.0,0.0
2025-01-21 20:20:00+00:00,2025-01-21,2025-01-21:1,True,0,20,True,0.11254019292604502,0.11254019292604502,-0.8729890007784342,True,0,0,4,True,0.0,40.0,440.0,1.0,0.0,0.0,0.0,0.0
2025-01-21 20:25:00+00:00,2025-01-21,2025-01-21:1,True,0,25,True,-0.1951219512195122,0.1951219512195122,0.0,True,0,0,4,True,-0.27800553187614024,35.0,445.0,1.0,0.0,0.0,0.0,0.0
2025-01-21 20:30:00+00:00,2025-01-21,2025-01-21:1,True,0,30,True,-0.17894736842105263,0.17894736842105263,0.4766700928384157,True,0,0,4,True,0.0,30.0,450.0,1.0,0.0,0.0,0.0,0.0
2025-01-21 20:35:00+00:00,2025-01-21,2025-01-21:1,True,0,35,True,0.26277372262773724,0.26277372262773724,-0.4766700928383634,True,0,0,4,True,-1.0658667304277163,25.0,455.0,1.0,0.0,0.0,0.0,0.0
2025-01-21 20:40:00+00:00,2025-01-21,2025-01-21:1,True,0,40,True,0.304029304029304,0.304029304029304,0.0,True,0,0,4,True,1.369061379646159,20.0,460.0,1.0,0.0,0.0,0.0,0.0
2025-01-21 20:45:00+00:00,2025-01-21,2025-01-21:1,True,0,45,True,-0.2903225806451613,0.18325150103559787,-0.46013311990983113,True,0,0,4,True,0.0,15.0,465.0,1.0,0.0,0.0,0.0,0.0
2025-01-21 20:50:00+00:00,2025-01-21,2025-01-21:1,True,0,50,True,0.15517241379310345,0.15517241379310345,-0.45666396123415814,True,0,0,4,True,0.0,10.0,470.0,1.0,0.0,0.0,0.0,0.0
2025-01-21 20:55:00+00:00,2025-01-21,2025-01-21:1,True,0,55,True,-0.11041009463722397,0.11041009463722397,2.2565592921287476,True,0,0,4,True,1.386229744421623,5.0,475.0,1.0,0.0,0.0,0.0,0.0
2025-01-21 21:00:00+00:00,2025-01-21,2025-01-21:1,True,0,60,True,-0.1686746987951807,0.06991262321437042,-0.8807257782463424,True,0,0,4,True,1.4376460367911656,0.0,480.0,1.0,0.0,0.0,0.0,0.0
2025-01-22 13:00:00+00:00,2025-01-22,2025-01-22:1,False,-1,0,False,,,,False,0,0,0,False,,480.0,0.0,,,,,
2025-01-22 13:05:00+00:00,2025-01-22,2025-01-22:1,False,-1,0,True,0.24057971014492754,,,False,0,0,0,False,,475.0,5.0,,,,,
2025-01-22 13:10:00+00:00,2025-01-22,2025-01-22:1,False,-1,0,True,0.29846153846153844,,,False,0,0,0,False,,470.0,10.0,,,,,
2025-01-22 13:15:00+00:00,2025-01-22,2025-01-22:1,False,-1,0,True,0.15333333333333332,,,False,0,0,0,False,,465.0,15.0,,,,,
2025-01-22 13:20:00+00:00,2025-01-22,2025-01-22:1,False,-1,0,True,0.05555555555555555,,,False,0,0,0,False,,460.0,20.0,,,,,
2025-01-22 13:25:00+00:00,2025-01-22,2025-01-22:1,False,-1,0,True,0.16568047337278108,,,False,0,0,0,False,,455.0,25.0,,,,,
2025-01-22 13:30:00+00:00,2025-01-22,2025-01-22:1,False,-1,0,True,0.12465373961218837,,,False,0,0,0,False,,450.0,30.0,,,,,
2025-01-22 13:35:00+00:00,2025-01-22,2025-01-22:1,False,-1,0,True,0.16556291390728478,,,False,0,0,0,False,,445.0,35.0,,,,,
2025-01-22 13:40:00+00:00,2025-01-22,2025-01-22:1,False,-1,0,True,0.08571428571428572,,,False,0,0,0,False,,440.0,40.0,,,,,
2025-01-22 13:45:00+00:00,2025-01-22,2025-01-22:1,False,-1,0,True,0.35342465753424657,,,False,0,0,0,False,,435.0,45.0,,,,,
2025-01-22 13:50:00+00:00,2025-01-22,2025-01-22:1,False,-1,0,True,0.2631578947368421,,,False,0,0,0,False,,430.0,50.0,,,,,
2025-01-22 13:55:00+00:00,2025-01-22,2025-01-22:1,False,-1,0,True,0.2084592145015106,,,False,0,0,0,False,,425.0,55.0,,,,,
2025-01-22 14:00:00+00:00,2025-01-22,2025-01-22:1,False,-1,0,True,-0.13702623906705538,,,False,0,0,0,False,,420.0,60.0,,,,,
2025-01-22 14:05:00+00:00,2025-01-22,2025-01-22:1,True,4,5,True,0.2417910447761194,0.2417910447761194,0.0,True,0,0,0,False,,415.0,65.0,0.0,0.0,0.0,0.0,1.0
2025-01-22 14:10:00+00:00,2025-01-22,2025-01-22:1,True,0,5,True,-0.20945945945945946,0.20945945945945946,1.9101654954897402,True,0,0,0,False,,410.0,70.0,1.0,0.0,0.0,0.0,0.0
2025-01-22 14:15:00+00:00,2025-01-22,2025-01-22:1,True,0,10,True,0.2282958199356913,0.2282958199356913,-1.2946130681714112,True,0,0,0,False,,405.0,75.0,1.0,0.0,0.0,0.0,0.0
2025-01-22 14:20:00+00:00,2025-01-22,2025-01-22:1,True,0,15,True,0.07605633802816901,0.07605633802816901,0.0,True,0,0,0,False,,400.0,80.0,1.0,0.0,0.0,0.0,0.0
2025-01-22 14:25:00+00:00,2025-01-22,2025-01-22:1,True,0,20,True,0.5,0.10193339543767416,1.5902884843312266,True,0,0,0,False,,395.0,85.0,1.0,0.0,0.0,0.0,0.0
2025-01-22 14:30:00+00:00,2025-01-22,2025-01-22:1,True,0,25,True,0.1773049645390071,0.1773049645390071,-1.054902233204048,True,0,0,0,False,,390.0,90.0,1.0,0.0,0.0,0.0,0.0
2025-01-22 14:35:00+00:00,2025-01-22,2025-01-22:1,True,0,30,True,-0.2079207920792079,0.021250329457510847,-2.2807848007311953,True,0,0,0,False,,385.0,95.0,1.0,0.0,0.0,0.0,0.0
2025-01-22 14:40:00+00:00,2025-01-22,2025-01-22:1,True,4,5,True,0.31976744186046513,0.11802228384496972,0.9967205346208674,True,1,0,0,False,,380.0,100.0,0.0,0.0,0.0,0.0,1.0
2025-01-22 14:45:00+00:00,2025-01-22,2025-01-22:1,True,0,5,True,-0.02702702702702703,0.02702702702702703,0.6456302245189327,True,1,0,0,False,,375.0,105.0,1.0,0.0,0.0,0.0,0.0
2025-01-22 14:50:00+00:00,2025-01-22,2025-01-22:1,True,0,10,True,0.1484593837535014,0.1484593837535014,-1.2849401824243918,True,0,1,1,False,,370.0,110.0,1.0,0.0,0.0,0.0,0.0
2025-01-22 14:55:00+00:00,2025-01-22,2025-01-22:1,True,4,5,True,-0.12408759124087591,0.12408759124087591,0.1536638974616305,True,1,0,1,False,,365.0,115.0,0.0,0.0,0.0,0.0,1.0
2025-01-22 15:00:00+00:00,2025-01-22,2025-01-22:1,True,0,5,True,0.2618296529968454,0.2618296529968454,-0.15296151168880098,True,1,0,1,False,,360.0,120.0,1.0,0.0,0.0,0.0,0.0
2025-01-22 15:05:00+00:00,2025-01-22,2025-01-22:1,True,0,10,True,0.06060606060606061,0.06060606060606061,-0.9581353451244317,True,0,1,2,True,-0.586093113387589,355.0,125.0,1.0,0.0,0.0,0.0,0.0
2025-01-22 15:10:00+00:00,2025-01-22,2025-01-22:1,True,3,5,True,-0.09698996655518395,0.06794440828493607,-0.3559176899793324,True,0,0,2,True,-1.5917122983747038,350.0,130.0,0.0,0.0,0.0,1.0,0.0
2025-01-22 15:15:00+00:00,2025-01-22,2025-01-22:1,True,3,10,True,0.09570957095709572,0.09570957095709572,-1.4293402889344249,True,0,0,2,True,-1.5980510245194177,345.0,135.0,0.0,0.0,0.0,1.0,0.0
2025-01-22 15:20:00+00:00,2025-01-22,2025-01-22:1,True,3,15,True,-0.050445103857566766,0.024669961579135164,-0.715299319538109,True,0,0,2,True,0.0,340.0,140.0,0.0,0.0,0.0,1.0,0.0
2025-01-22 15:25:00+00:00,2025-01-22,2025-01-22:1,True,4,5,True,0.003257328990228013,0.003257328990228013,-0.18140362177980185,True,0,0,2,True,-0.8112616593285966,335.0,145.0,0.0,0.0,0.0,0.0,1.0
2025-01-22 15:30:00+00:00,2025-01-22,2025-01-22:1,True,3,5,True,0.16945107398568018,0.16945107398568018,-2.9075301104684104,True,0,0,2,True,-4.469736544373085,330.0,150.0,0.0,0.0,0.0,1.0,0.0
2025-01-22 15:35:00+00:00,2025-01-22,2025-01-22:1,True,4,5,True,0.008955223880597015,0.00643703936513227,0.33016832732641144,True,1,0,2,True,-1.4765576478385147,325.0,155.0,0.0,0.0,0.0,0.0,1.0
2025-01-22 15:40:00+00:00,2025-01-22,2025-01-22:1,True,3,5,True,-0.010033444816053512,0.005334132373963471,-0.6317977517916511,True,1,0,2,True,0.7063713605178319,320.0,160.0,0.0,0.0,0.0,1.0,0.0
2025-01-22 15:45:00+00:00,2025-01-22,2025-01-22:1,True,3,10,True,-0.22911051212938005,0.04699372264574491,-1.5841904408038199,True,0,1,3,True,-0.7084715029881369,315.0,165.0,0.0,0.0,0.0,1.0,0.0
2025-01-22 15:50:00+00:00,2025-01-22,2025-01-22:1,True,4,5,True,-0.14396887159533073,0.14396887159533073,0.0,True,0,0,3,True,0.9374395254248248,310.0,170.0,0.0,0.0,0.0,0.0,1.0
2025-01-22 15:55:00+00:00,2025-01-22,2025-01-22:1,True,3,5,True,-0.08284023668639054,0.003494621318229211,-3.1656888734355517,True,0,0,3,True,0.38435848320691574,305.0,175.0,0.0,0.0,0.0,1.0,0.0
2025-01-22 16:00:00+00:00,2025-01-22,2025-01-22:1,True,3,10,True,0.058823529411764705,0.058823529411764705,-0.9871537718627095,True,0,0,3,True,2.3260123092663894,300.0,180.0,0.0,0.0,0.0,1.0,0.0
2025-01-22 16:05:00+00:00,2025-01-22,2025-01-22:1,True,4,5,True,0.16463414634146342,0.06876535153771224,0.8730257104482297,True,1,0,3,True,-0.46465892437498474,295.0,185.0,0.0,0.0,0.0,0.0,1.0
2025-01-22 16:10:00+00:00,2025-01-22,2025-01-22:1,True,4,10,True,-0.03283582089552239,0.03283582089552239,1.2840463253462207,True,1,0,3,True,-0.3512925975352462,290.0,190.0,0.0,0.0,0.0,0.0,1.0
2025-01-22 16:15:00+00:00,2025-01-22,2025-01-22:1,True,0,5,True,0.04132231404958678,0.04132231404958678,-0.6373809558323429,True,1,0,3,True,0.4093561082881484,285.0,195.0,1.0,0.0,0.0,0.0,0.0
2025-01-22 16:20:00+00:00,2025-01-22,2025-01-22:1,True,3,5,True,0.16363636363636364,0.16363636363636364,-2.3340847554023223,True,0,1,4,True,0.020912195482834302,280.0,200.0,0.0,0.0,0.0,1.0,0.0
2025-01-22 16:25:00+00:00,2025-01-22,2025-01-22:1,True,0,5,True,-0.2014388489208633,0.2014388489208633,0.5210634265280419,True,0,0,4,True,0.24843030486366907,275.0,205.0,1.0,0.0,0.0,0.0,0.0
2025-01-22 16:30:00+00:00,2025-01-22,2025-01-22:1,True,0,10,True,-0.014925373134328358,0.014925373134328358,1.2592599645151281,True,0,0,4,True,-0.3227835169778809,270.0,210.0,1.0,0.0,0.0,0.0,0.0
2025-01-22 16:35:00+00:00,2025-01-22,2025-01-22:1,True,0,15,True,-0.056962025316455694,0.02529479215988533,-0.8117862922293858,True,0,0,4,True,0.2735938593878544,265.0,215.0,1.0,0.0,0.0,0.0,0.0
2025-01-22 16:40:00+00:00,2025-01-22,2025-01-22:1,True,0,20,True,0.010033444816053512,0.010033444816053512,0.0,True,0,0,4,True,0.7624645147720202,260.0,220.0,1.0,0.0,0.0,0.0,0.0
2025-01-22 16:45:00+00:00,2025-01-22,2025-01-22:1,True,3,5,True,-0.2608695652173913,0.11672989678099142,-0.8041578408711968,True,0,0,4,True,-0.7580963667733647,255.0,225.0,0.0,0.0,0.0,1.0,0.0
2025-01-22 16:50:00+00:00,2025-01-22,2025-01-22:1,True,0,5,True,-0.022988505747126436,0.022988505747126436,0.31715302545539203,True,0,0,4,True,0.3149374816749588,250.0,230.0,1.0,0.0,0.0,0.0,0.0
2025-01-22 16:55:00+00:00,2025-01-22,2025-01-22:1,True,0,10,True,-0.049689440993788817,0.026128574832854804,-0.6427629190463252,True,0,0,4,True,-0.35931539510068905,245.0,235.0,1.0,0.0,0.0,0.0,0.0
2025-01-22 17:00:00+00:00,2025-01-22,2025-01-22:1,True,0,15,True,-0.05413105413105413,0.05413105413105413,0.8908308632800733,True,0,0,4,True,0.0,240.0,240.0,1.0,0.0,0.0,0.0,0.0
2025-01-22 17:05:00+00:00,2025-01-22,2025-01-22:1,True,0,20,True,-0.20234604105571846,0.20234604105571846,0.0,True,0,0,4,True,-0.06613202185169073,235.0,245.0,1.0,0.0,0.0,0.0,0.0
2025-01-22 17:10:00+00:00,2025-01-22,2025-01-22:1,True,0,25,True,-0.09455587392550144,0.09455587392550144,0.28289777012935347,True,0,0,4,True,0.0,230.0,250.0,1.0,0.0,0.0,0.0,0.0
2025-01-22 17:15:00+00:00,2025-01-22,2025-01-22:1,True,0,30,True,0.21476510067114093,0.21476510067114093,-0.5511224212965347,True,0,0,4,True,0.821564798628108,225.0,255.0,1.0,0.0,0.0,0.0,0.0
2025-01-22 17:20:00+00:00,2025-01-22,2025-01-22:1,True,0,35,True,-0.23425692695214106,0.23425692695214106,0.0,True,0,0,4,True,0.49048438641286973,220.0,260.0,1.0,0.0,0.0,0.0,0.0
2025-01-22 17:25:00+00:00,2025-01-22,2025-01-22:1,True,0,40,True,0.28851540616246496,0.22804680759816948,0.2351975810649327,True,0,0,4,True,0.0,215.0,265.0,1.0,0.0,0.0,0.0,0.0
2025-01-22 17:30:00+00:00,2025-01-22,2025-01-22:1,True,0,45,True,0.008902077151335312,0.008902077151335312,-1.5591533761430851,True,0,0,4,True,0.5810621560687491,210.0,270.0,1.0,0.0,0.0,0.0,0.0
2025-01-22 17:35:00+00:00,2025-01-22,2025-01-22:1,True,3,5,True,-0.026392961876832845,0.009443795066752499,-1.0277394598826282,True,0,0,4,True,0.0,205.0,275.0,0.0,0.0,0.0,1.0,0.0
2025-01-22 17:40:00+00:00,2025-01-22,2025-01-22:1,True,4,5,True,-0.04451038575667656,0.034280968573648936,-0.2611322016276755,True,0,0,4,True,0.5839093539536635,200.0,280.0,0.0,0.0,0.0,0.0,1.0
2025-01-22 17:45:00+00:00,2025-01-22,2025-01-22:1,True,4,10,True,-0.02857142857142857,0.02857142857142857,0.0,True,0,0,4,True,0.0,195.0,285.0,0.0,0.0,0.0,0.0,1.0
2025-01-22 17:50:00+00:00,2025-01-22,2025-01-22:1,True,4,15,True,-0.06993006993006994,0.06993006993006994,0.5694703417953343,True,1,0,4,True,-1.2733743954225976,190.0,290.0,0.0,0.0,0.0,0.0,1.0
2025-01-22 17:55:00+00:00,2025-01-22,2025-01-22:1,True,4,20,True,-0.24919093851132687,0.24919093851132687,0.2895497739809199,True,1,0,4,True,0.6474529774910368,185.0,295.0,0.0,0.0,0.0,0.0,1.0
2025-01-22 18:00:00+00:00,2025-01-22,2025-01-22:1,True,0,5,True,0.2032520325203252,0.2032520325203252,0.0,True,1,0,4,True,0.1874353666683699,180.0,300.0,1.0,0.0,0.0,0.0,0.0
2025-01-22 18:05:00+00:00,2025-01-22,2025-01-22:1,True,0,10,True,-0.408,0.408,0.0,True,1,0,4,True,-0.10964313011377821,175.0,305.0,1.0,0.0,0.0,0.0,0.0
2025-01-22 18:10:00+00:00,2025-01-22,2025-01-22:1,True,0,15,True,-0.10884353741496598,0.08080434133473283,-0.2978807209692465,True,1,0,4,True,0.5642471349851287,170.0,310.0,1.0,0.0,0.0,0.0,0.0
2025-01-22 18:15:00+00:00,2025-01-22,2025-01-22:1,True,0,20,True,0.06824925816023739,0.06824925816023739,-0.6560949293479157,True,0,0,4,True,0.7335364308563882,165.0,315.0,1.0,0.0,0.0,0.0,0.0
2025-01-22 18:20:00+00:00,2025-01-22,2025-01-22:1,True,0,25,True,-0.3753943217665615,0.3753943217665615,1.0295904831378881,True,0,0,4,True,0.767411436426996,160.0,320.0,1.0,0.0,0.0,0.0,0.0
2025-01-22 18:25:00+00:00,2025-01-22,2025-01-22:1,True,0,30,True,-0.13513513513513514,0.09579028500136726,-0.34411400810898773,True,0,0,4,True,0.5253431652203409,155.0,325.0,1.0,0.0,0.0,0.0,0.0
2025-01-22 18:30:00+00:00,2025-01-22,2025-01-22:1,True,0,35,True,-0.1038961038961039,0.06781786242744069,-0.4265657809289383,True,0,0,4,True,-0.7387673078020056,150.0,330.0,1.0,0.0,0.0,0.0,0.0
2025-01-22 18:35:00+00:00,2025-01-22,2025-01-22:1,True,0,40,True,0.2654320987654321,0.1050921552035384,0.9265214256065463,True,0,0,4,True,1.8446313607883322,145.0,335.0,1.0,0.0,0.0,0.0,0.0
2025-01-22 18:40:00+00:00,2025-01-22,2025-01-22:1,True,0,45,True,0.05921052631578947,0.05921052631578947,-0.9276468695994621,True,0,0,4,True,-1.037140729771114,140.0,340.0,1.0,0.0,0.0,0.0,0.0
2025-01-22 18:45:00+00:00,2025-01-22,2025-01-22:1,True,1,5,True,0.12738853503184713,0.03123025305709426,1.4058544729127174,True,0,0,4,True,0.0,135.0,345.0,0.0,1.0,0.0,0.0,0.0
2025-01-22 18:50:00+00:00,2025-01-22,2025-01-22:1,True,0,5,True,0.19594594594594594,0.19594594594594594,-0.9816277598266713,True,0,0,4,True,-1.097493199786637,130.0,350.0,1.0,0.0,0.0,0.0,0.0
2025-01-22 18:55:00+00:00,2025-01-22,2025-01-22:1,True,0,10,True,-0.006802721088435374,0.006802721088435374,1.0129595038896395,True,0,0,4,True,1.3277797226537305,125.0,355.0,1.0,0.0,0.0,0.0,0.0
2025-01-22 19:00:00+00:00,2025-01-22,2025-01-22:1,True,0,15,True,-0.08875739644970414,0.05404117540567284,-0.4961605016456986,True,0,0,4,True,0.0,120.0,360.0,1.0,0.0,0.0,0.0,0.0
2025-01-22 19:05:00+00:00,2025-01-22,2025-01-22:1,True,0,20,True,0.25513196480938416,0.04897222937152975,1.65052753042446,True,0,0,4,True,0.20375657415807638,115.0,365.0,1.0,0.0,0.0,0.0,0.0
2025-01-22 19:10:00+00:00,2025-01-22,2025-01-22:1,True,2,5,True,-0.18562874251497005,0.18562874251497005,0.0,True,0,0,4,True,1.0079506848713802,110.0,370.0,0.0,0.0,1.0,0.0,0.0
2025-01-22 19:15:00+00:00,2025-01-22,2025-01-22:1,True,1,5,True,-0.12149532710280374,0.12149532710280374,1.583875442490472,True,0,0,4,True,0.0,105.0,375.0,0.0,1.0,0.0,0.0,0.0
2025-01-22 19:20:00+00:00,2025-01-22,2025-01-22:1,True,1,10,True,0.14102564102564102,0.08384810877563507,0.5199347919283575,True,0,0,4,True,-1.1626095386190163,100.0,380.0,0.0,1.0,0.0,0.0,0.0
2025-01-22 19:25:00+00:00,2025-01-22,2025-01-22:1,True,0,5,True,-0.02040816326530612,0.0016098867994704294,-2.539771115234997,True,0,0,4,True,-0.2644702995044563,95.0,385.0,1.0,0.0,0.0,0.0,0.0
2025-01-22 19:30:00+00:00,2025-01-22,2025-01-22:1,True,1,5,True,0.07641196013289037,0.006886105786683552,2.4066335027902293,True,0,0,4,True,-0.15608649786446913,90.0,390.0,0.0,1.0,0.0,0.0,0.0
2025-01-22 19:35:00+00:00,2025-01-22,2025-01-22:1,True,2,5,True,-0.2302839116719243,0.2302839116719243,0.0,True,0,0,4,True,0.0,85.0,395.0,0.0,0.0,1.0,0.0,0.0
2025-01-22 19:40:00+00:00,2025-01-22,2025-01-22:1,True,1,5,True,-0.23076923076923078,0.23076923076923078,0.962653401116959,True,0,0,4,True,2.1525584436688923,80.0,400.0,0.0,1.0,0.0,0.0,0.0
2025-01-22 19:45:00+00:00,2025-01-22,2025-01-22:1,True,1,10,True,-0.23030303030303031,0.23030303030303031,1.921224764136385,True,0,0,4,True,1.6272597516427827,75.0,405.0,0.0,1.0,0.0,0.0,0.0
2025-01-22 19:50:00+00:00,2025-01-22,2025-01-22:1,True,0,5,True,0.07744107744107744,0.07744107744107744,-1.2898478870789578,True,0,0,4,True,0.0,70.0,410.0,1.0,0.0,0.0,0.0,0.0
2025-01-22 19:55:00+00:00,2025-01-22,2025-01-22:1,True,1,5,True,0.14826498422712933,0.033262664637605896,1.494565520877182,True,0,0,4,True,-0.052432309592190834,65.0,415.0,0.0,1.0,0.0,0.0,0.0
2025-01-22 20:00:00+00:00,2025-01-22,2025-01-22:1,True,0,5,True,0.2605633802816901,0.2605633802816901,-1.0572163882284875,True,0,0,4,True,0.0,60.0,420.0,1.0,0.0,0.0,0.0,0.0
2025-01-22 20:05:00+00:00,2025-01-22,2025-01-22:1,True,0,10,True,-0.02127659574468085,0.017250592663354443,-0.20976117708899833,True,0,0,4,True,-0.4762723338152306,55.0,425.0,1.0,0.0,0.0,0.0,0.0
2025-01-22 20:10:00+00:00,2025-01-22,2025-01-22:1,True,0,15,True,-0.1270358306188925,0.1270358306188925,0.20705100355864223,True,0,0,4,True,0.46298011876667494,50.0,430.0,1.0,0.0,0.0,0.0,0.0
2025-01-22 20:15:00+00:00,2025-01-22,2025-01-22:1,True,0,20,True,-0.10365853658536585,0.10365853658536585,0.4222471095289919,True,0,0,4,True,-0.9441732402109668,45.0,435.0,1.0,0.0,0.0,0.0,0.0
2025-01-22 20:20:00+00:00,2025-01-22,2025-01-22:1,True,0,25,True,0.24691358024691357,0.24691358024691357,-0.2054156801344001,True,0,0,4,True,-1.8997245816963961,40.0,440.0,1.0,0.0,0.0,0.0,0.0
2025-01-22 20:25:00+00:00,2025-01-22,2025-01-22:1,True,3,5,True,0.09333333333333334,0.09333333333333334,-1.873343128736359,True,0,0,4,True,-0.6981537635057757,35.0,445.0,0.0,0.0,0.0,1.0,0.0
2025-01-22 20:30:00+00:00,2025-01-22,2025-01-22:1,True,0,5,True,-0.07453416149068323,0.07453416149068323,0.0,True,0,0,4,True,-0.7124219769905861,30.0,450.0,1.0,0.0,0.0,0.0,0.0
2025-01-22 20:35:00+00:00,2025-01-22,2025-01-22:1,True,0,10,True,0.2507936507936508,0.2507936507936508,-0.15777995680024476,True,0,0,4,True,-1.087899266296864,25.0,455.0,1.0,0.0,0.0,0.0,0.0
2025-01-22 20:40:00+00:00,2025-01-22,2025-01-22:1,True,3,5,True,0.25609756097560976,0.25609756097560976,-0.6027905341177174,True,0,0,4,True,1.3478806104806225,20.0,460.0,0.0,0.0,0.0,1.0,0.0
2025-01-22 20:45:00+00:00,2025-01-22,2025-01-22:1,True,4,5,True,-0.01928374655647383,0.01928374655647383,0.3031506416392842,True,1,0,4,True,0.0,15.0,465.0,0.0,0.0,0.0,0.0,1.0
2025-01-22 20:50:00+00:00,2025-01-22,2025-01-22:1,True,3,5,True,0.2077922077922078,0.2077922077922078,-0.3146539875315456,True,1,0,4,True,0.0,10.0,470.0,0.0,0.0,0.0,1.0,0.0
2025-01-22 20:55:00+00:00,2025-01-22,2025-01-22:1,True,0,5,True,-0.08917197452229299,0.08917197452229299,0.3209603283209231,True,1,0,4,True,0.0,5.0,475.0,1.0,0.0,0.0,0.0,0.0
2025-01-22 21:00:00+00:00,2025-01-22,2025-01-22:1,True,3,5,True,-0.0896551724137931,0.018257423716916455,-1.5913991176976297,True,0,1,5,True,-0.3621397606227793,0.0,480.0,0.0,0.0,0.0,1.0,0.0
2025-01-23 13:00:00+00:00,2025-01-23,2025-01-23:1,False,-1,0,False,,,,False,0,0,0,False,,480.0,0.0,,,,,
2025-01-23 13:05:00+00:00,2025-01-23,2025-01-23:1,False,-1,0,True,-0.0033222591362126247,,,False,0,0,0,False,,475.0,5.0,,,,,
2025-01-23 13:10:00+00:00,2025-01-23,2025-01-23:1,False,-1,0,True,-0.2746478873239437,,,False,0,0,0,False,,470.0,10.0,,,,,
2025-01-23 13:15:00+00:00,2025-01-23,2025-01-23:1,False,-1,0,True,0.11290322580645161,,,False,0,0,0,False,,465.0,15.0,,,,,
2025-01-23 13:20:00+00:00,2025-01-23,2025-01-23:1,False,-1,0,True,-0.20116618075801748,,,False,0,0,0,False,,460.0,20.0,,,,,
2025-01-23 13:25:00+00:00,2025-01-23,2025-01-23:1,False,-1,0,True,0.2,,,False,0,0,0,False,,455.0,25.0,,,,,
2025-01-23 13:30:00+00:00,2025-01-23,2025-01-23:1,False,-1,0,True,-0.16766467065868262,,,False,0,0,0,False,,450.0,30.0,,,,,
2025-01-23 13:35:00+00:00,2025-01-23,2025-01-23:1,False,-1,0,True,-0.07167235494880546,,,False,0,0,0,False,,445.0,35.0,,,,,
2025-01-23 13:40:00+00:00,2025-01-23,2025-01-23:1,False,-1,0,True,-0.08710801393728224,,,False,0,0,0,False,,440.0,40.0,,,,,
2025-01-23 13:45:00+00:00,2025-01-23,2025-01-23:1,False,-1,0,True,-0.04956268221574344,,,False,0,0,0,False,,435.0,45.0,,,,,
2025-01-23 13:50:00+00:00,2025-01-23,2025-01-23:1,False,-1,0,True,0.050980392156862744,,,False,0,0,0,False,,430.0,50.0,,,,,
2025-01-23 13:55:00+00:00,2025-01-23,2025-01-23:1,False,-1,0,True,0.037037037037037035,,,False,0,0,0,False,,425.0,55.0,,,,,
2025-01-23 14:00:00+00:00,2025-01-23,2025-01-23:1,False,-1,0,True,0.0896551724137931,,,False,0,0,0,False,,420.0,60.0,,,,,
2025-01-23 14:05:00+00:00,2025-01-23,2025-01-23:1,True,3,5,True,0.10144927536231885,0.10144927536231885,-1.0889481343830598,True,0,0,0,False,,415.0,65.0,0.0,0.0,0.0,1.0,0.0
2025-01-23 14:10:00+00:00,2025-01-23,2025-01-23:1,True,4,5,True,0.26881720430107525,0.1449218416264989,0.6178370368672975,True,1,0,0,False,,410.0,70.0,0.0,0.0,0.0,0.0,1.0
2025-01-23 14:15:00+00:00,2025-01-23,2025-01-23:1,True,4,10,True,0.03333333333333333,0.00980949492470104,1.2232071108274702,True,1,0,0,False,,405.0,75.0,0.0,0.0,0.0,0.0,1.0
2025-01-23 14:20:00+00:00,2025-01-23,2025-01-23:1,True,0,5,True,-0.13194444444444445,0.09764259781146199,-0.3010671073851394,True,1,0,0,False,,400.0,80.0,1.0,0.0,0.0,0.0,0.0
2025-01-23 14:25:00+00:00,2025-01-23,2025-01-23:1,True,0,10,True,-0.16408668730650156,0.16408668730650156,0.8963423342277109,True,1,0,0,False,,395.0,85.0,1.0,0.0,0.0,0.0,0.0
2025-01-23 14:30:00+00:00,2025-01-23,2025-01-23:1,True,0,15,True,-0.2631578947368421,0.2631578947368421,0.2975825046802721,True,1,0,0,False,,390.0,90.0,1.0,0.0,0.0,0.0,0.0
2025-01-23 14:35:00+00:00,2025-01-23,2025-01-23:1,True,2,5,True,0.014084507042253521,0.014084507042253521,-0.6188388000494782,True,0,0,0,False,,385.0,95.0,0.0,0.0,1.0,0.0,0.0
2025-01-23 14:40:00+00:00,2025-01-23,2025-01-23:1,True,0,5,True,-0.047619047619047616,0.047619047619047616,0.0,True,0,0,0,False,,380.0,100.0,1.0,0.0,0.0,0.0,0.0
2025-01-23 14:45:00+00:00,2025-01-23,2025-01-23:1,True,0,10,True,0.13768115942028986,0.06873634711412613,0.6946624435966796,True,0,0,0,False,,375.0,105.0,1.0,0.0,0.0,0.0,0.0
2025-01-23 14:50:00+00:00,2025-01-23,2025-01-23:1,True,0,15,True,0.08250825082508251,0.08250825082508251,0.0,True,0,0,0,False,,370.0,110.0,1.0,0.0,0.0,0.0,0.0
2025-01-23 14:55:00+00:00,2025-01-23,2025-01-23:1,True,0,20,True,0.08433734939759036,0.08433734939759036,-1.3135993659763086,True,0,0,0,False,,365.0,115.0,1.0,0.0,0.0,0.0,0.0
2025-01-23 15:00:00+00:00,2025-01-23,2025-01-23:1,True,3,5,True,0.30491803278688523,0.30491803278688523,-0.8673183871408634,True,0,0,0,False,,360.0,120.0,0.0,0.0,0.0,1.0,0.0
2025-01-23 15:05:00+00:00,2025-01-23,2025-01-23:1,True,3,10,True,-0.18149466192170818,0.04661868626208119,-1.3592247888686995,True,0,0,0,True,0.0,355.0,125.0,0.0,0.0,0.0,1.0,0.0
2025-01-23 15:10:00+00:00,2025-01-23,2025-01-23:1,True,4,5,True,0.13069908814589665,0.13069908814589665,0.0,True,0,0,0,True,-1.2426566510133674,350.0,130.0,0.0,0.0,0.0,0.0,1.0
2025-01-23 15:15:00+00:00,2025-01-23,2025-01-23:1,True,4,10,True,0.3248081841432225,0.21201754369523956,0.42656578092778175,True,1,0,0,True,0.9538300830298034,345.0,135.0,0.0,0.0,0.0,0.0,1.0
2025-01-23 15:20:00+00:00,2025-01-23,2025-01-23:1,True,3,5,True,-0.21678321678321677,0.1392265793591161,-0.4427951798626684,True,1,0,0,True,0.9901201222849868,340.0,140.0,0.0,0.0,0.0,1.0,0.0
2025-01-23 15:25:00+00:00,2025-01-23,2025-01-23:1,True,3,10,True,0.13074204946996468,0.13074204946996468,-0.45525811707475095,True,0,1,1,True,0.0,335.0,145.0,0.0,0.0,0.0,1.0,0.0
2025-01-23 15:30:00+00:00,2025-01-23,2025-01-23:1,True,3,15,True,0.12860892388451445,0.12860892388451445,-6.8917962350849375,True,0,0,1,True,-12.766147264826225,330.0,150.0,0.0,0.0,0.0,1.0,0.0
2025-01-23 15:35:00+00:00,2025-01-23,2025-01-23:1,True,4,5,True,0.08222811671087533,0.031941873590512315,0.945579495262389,True,1,0,1,True,0.9397244575712475,325.0,155.0,0.0,0.0,0.0,0.0,1.0
2025-01-23 15:40:00+00:00,2025-01-23,2025-01-23:1,True,0,5,True,-0.003278688524590164,0.003278688524590164,0.807964845735393,True,1,0,1,True,0.4516660796242593,320.0,160.0,1.0,0.0,0.0,0.0,0.0
2025-01-23 15:45:00+00:00,2025-01-23,2025-01-23:1,True,0,10,True,-0.15168539325842698,0.15168539325842698,0.20111662691911475,True,1,0,1,True,0.22485522459830234,315.0,165.0,1.0,0.0,0.0,0.0,0.0
2025-01-23 15:50:00+00:00,2025-01-23,2025-01-23:1,True,0,15,True,0.23547400611620795,0.11845145074473601,0.6870973516693415,True,1,0,1,True,0.43897039585470815,310.0,170.0,1.0,0.0,0.0,0.0,0.0
2025-01-23 15:55:00+00:00,2025-01-23,2025-01-23:1,True,0,20,True,-0.10422535211267606,0.10422535211267606,0.9640677315690123,True,1,0,1,True,0.4311441965399761,305.0,175.0,1.0,0.0,0.0,0.0,0.0
2025-01-23 16:00:00+00:00,2025-01-23,2025-01-23:1,True,2,5,True,-0.1873198847262248,0.1277143883871889,-0.38302133888650225,True,0,0,1,True,-0.42823087529220993,300.0,180.0,0.0,0.0,1.0,0.0,0.0
2025-01-23 16:05:00+00:00,2025-01-23,2025-01-23:1,True,2,10,True,-0.059490084985835696,0.049049443459678786,-0.19298082021305432,True,0,0,1,True,0.43151823235005493,295.0,185.0,0.0,0.0,1.0,0.0,0.0
2025-01-23 16:10:00+00:00,2025-01-23,2025-01-23:1,True,0,5,True,-0.08552631578947369,0.0578725603044979,-0.39058075864543895,True,0,0,1,True,0.4020259665733114,290.0,190.0,1.0,0.0,0.0,0.0,0.0
2025-01-23 16:15:00+00:00,2025-01-23,2025-01-23:1,True,0,10,True,-0.12457912457912458,0.12457912457912458,0.5891811707363694,True,0,0,1,True,0.06201056282406537,285.0,195.0,1.0,0.0,0.0,0.0,0.0
2025-01-23 16:20:00+00:00,2025-01-23,2025-01-23:1,True,0,15,True,-0.03296703296703297,0.016638358989049903,-0.6837972490499732,True,0,0,1,True,-0.0694063861002065,280.0,200.0,1.0,0.0,0.0,0.0,0.0
2025-01-23 16:25:00+00:00,2025-01-23,2025-01-23:1,True,0,20,True,0.13702623906705538,0.1022624062108133,0.29263031382839944,True,0,0,1,True,0.6543412739973978,275.0,205.0,1.0,0.0,0.0,0.0,0.0
2025-01-23 16:30:00+00:00,2025-01-23,2025-01-23:1,True,0,25,True,-0.09215017064846416,0.09215017064846416,0.5911165132002804,True,0,0,1,True,0.01679785221564851,270.0,210.0,1.0,0.0,0.0,0.0,0.0
2025-01-23 16:35:00+00:00,2025-01-23,2025-01-23:1,True,0,30,True,-0.14929577464788732,0.14929577464788732,0.36060160638406336,True,0,0,1,True,0.7781914056367987,265.0,215.0,1.0,0.0,0.0,0.0,0.0
2025-01-23 16:40:00+00:00,2025-01-23,2025-01-23:1,True,1,5,True,0.04,0.018286763552327046,0.7827019591280178,True,0,0,1,True,0.8750873933674985,260.0,220.0,0.0,1.0,0.0,0.0,0.0
2025-01-23 16:45:00+00:00,2025-01-23,2025-01-23:1,True,0,5,True,-0.041176470588235294,0.022588926248352254,-0.6004071938037541,True,0,0,1,True,0.447517099840847,255.0,225.0,1.0,0.0,0.0,0.0,0.0
2025-01-23 16:50:00+00:00,2025-01-23,2025-01-23:1,True,2,5,True,0.11455108359133127,0.11455108359133127,-0.23016982915732137,True,0,0,1,True,0.01591917693628165,250.0,230.0,0.0,0.0,1.0,0.0,0.0
2025-01-23 16:55:00+00:00,2025-01-23,2025-01-23:1,True,1,5,True,0.27058823529411763,0.16782326684542662,0.4776867958032024,True,0,0,1,True,-0.5703837246164016,245.0,235.0,0.0,1.0,0.0,0.0,0.0
2025-01-23 17:00:00+00:00,2025-01-23,2025-01-23:1,True,0,5,True,-0.008595988538681949,0.0032209227461195045,-0.981627759826158,True,0,0,1,True,1.0974931997891826,240.0,240.0,1.0,0.0,0.0,0.0,0.0
2025-01-23 17:05:00+00:00,2025-01-23,2025-01-23:1,True,0,10,True,0.09215017064846416,0.09215017064846416,-0.4914832479443906,True,0,0,1,True,-1.0989899522060411,235.0,245.0,1.0,0.0,0.0,0.0,0.0
2025-01-23 17:10:00+00:00,2025-01-23,2025-01-23:1,True,4,5,True,0.16339869281045752,0.16339869281045752,0.0,True,0,0,1,True,-0.02449621117878751,230.0,250.0,0.0,0.0,0.0,0.0,1.0
2025-01-23 17:15:00+00:00,2025-01-23,2025-01-23:1,True,0,5,True,0.061224489795918366,0.03956926850595687,0.4364945003895564,True,0,0,1,True,0.0,225.0,255.0,1.0,0.0,0.0,0.0,0.0
2025-01-23 17:20:00+00:00,2025-01-23,2025-01-23:1,True,0,10,True,-0.33766233766233766,0.33766233766233766,0.4573548936883816,True,0,0,1,True,0.0,220.0,260.0,1.0,0.0,0.0,0.0,0.0
2025-01-23 17:25:00+00:00,2025-01-23,2025-01-23:1,True,0,15,True,-0.042071197411003236,0.042071197411003236,0.46726138813406887,True,0,0,1,True,0.0,215.0,265.0,1.0,0.0,0.0,0.0,0.0
2025-01-23 17:30:00+00:00,2025-01-23,2025-01-23:1,True,0,20,True,0.23699421965317918,0.23699421965317918,-0.4677484665235282,True,0,0,1,True,0.9578809977185477,210.0,270.0,1.0,0.0,0.0,0.0,0.0
2025-01-23 17:35:00+00:00,2025-01-23,2025-01-23:1,True,0,25,True,0.32934131736526945,0.32934131736526945,0.0,True,0,0,1,True,1.0552524449396992,205.0,275.0,1.0,0.0,0.0,0.0,0.0
2025-01-23 17:40:00+00:00,2025-01-23,2025-01-23:1,True,1,5,True,-0.1239193083573487,0.1239193083573487,0.9816277598274097,True,0,0,1,True,2.1949863995749257,200.0,280.0,0.0,1.0,0.0,0.0,0.0
2025-01-23 17:45:00+00:00,2025-01-23,2025-01-23:1,True,0,5,True,0.0990990990990991,0.0990990990990991,-0.48109062107081635,True,0,0,1,True,0.0,195.0,285.0,1.0,0.0,0.0,0.0,0.0
2025-01-23 17:50:00+00:00,2025-01-23,2025-01-23:1,True,0,10,True,0.009345794392523364,0.009345794392523364,0.0,True,0,0,1,True,-1.0705148025037239,190.0,290.0,1.0,0.0,0.0,0.0,0.0
2025-01-23 17:55:00+00:00,2025-01-23,2025-01-23:1,True,0,15,True,0.1568627450980392,0.1568627450980392,-1.4841658431366005,True,0,0,1,True,-0.5250976146448811,185.0,295.0,1.0,0.0,0.0,0.0,0.0
2025-01-23 18:00:00+00:00,2025-01-23,2025-01-23:1,True,0,20,True,-0.33495145631067963,0.33495145631067963,1.457394936178242,True,0,0,1,True,2.2001628955150387,180.0,300.0,1.0,0.0,0.0,0.0,0.0
2025-01-23 18:05:00+00:00,2025-01-23,2025-01-23:1,True,0,25,True,-0.006666666666666667,0.006666666666666667,1.2503188994584145,True,0,0,1,True,2.218013808952652,175.0,305.0,1.0,0.0,0.0,0.0,0.0
2025-01-23 18:10:00+00:00,2025-01-23,2025-01-23:1,True,0,30,True,0.09826589595375723,0.09826589595375723,-0.4000452054017896,True,0,0,1,True,0.0,170.0,310.0,1.0,0.0,0.0,0.0,0.0
2025-01-23 18:15:00+00:00,2025-01-23,2025-01-23:1,True,0,35,True,0.22741433021806853,0.22741433021806853,-1.8854523884147725,True,0,0,1,True,0.7028955685495472,165.0,315.0,1.0,0.0,0.0,0.0,0.0
2025-01-23 18:20:00+00:00,2025-01-23,2025-01-23:1,True,0,40,True,0.09974424552429667,0.022273624619890926,1.4992061391353162,True,0,0,1,True,1.6761634196957875,160.0,320.0,1.0,0.0,0.0,0.0,0.0
2025-01-23 18:25:00+00:00,2025-01-23,2025-01-23:1,True,1,5,True,0.1620795107033639,0.11189104944677133,0.37056139658911713,True,0,0,1,True,0.0,155.0,325.0,0.0,1.0,0.0,0.0,0.0
2025-01-23 18:30:00+00:00,2025-01-23,2025-01-23:1,True,1,10,True,-0.12211221122112212,0.12211221122112212,1.1205206390169664,True,0,0,1,True,0.18474674517553102,150.0,330.0,0.0,1.0,0.0,0.0,0.0
2025-01-23 18:35:00+00:00,2025-01-23,2025-01-23:1,True,0,5,True,0.04516129032258064,0.04516129032258064,-0.3717166960310356,True,0,0,1,True,-0.6405077527613241,145.0,335.0,1.0,0.0,0.0,0.0,0.0
2025-01-23 18:40:00+00:00,2025-01-23,2025-01-23:1,True,0,10,True,0.046357615894039736,0.015419634486111186,1.1007439272521242,True,0,0,1,True,-0.8204460823868323,140.0,340.0,1.0,0.0,0.0,0.0,0.0
2025-01-23 18:45:00+00:00,2025-01-23,2025-01-23:1,True,1,5,True,0.08139534883720931,0.05631124203898566,0.36842393559523606,True,0,0,1,True,0.0,135.0,345.0,0.0,1.0,0.0,0.0,0.0
2025-01-23 18:50:00+00:00,2025-01-23,2025-01-23:1,True,2,5,True,0.05921052631578947,0.05921052631578947,-0.36743903119845345,True,0,0,1,True,0.0,130.0,350.0,0.0,0.0,1.0,0.0,0.0
2025-01-23 18:55:00+00:00,2025-01-23,2025-01-23:1,True,2,10,True,-0.10582010582010581,0.10582010582010581,0.0,True,0,0,1,True,0.8334641446248283,125.0,355.0,0.0,0.0,1.0,0.0,0.0
2025-01-23 19:00:00+00:00,2025-01-23,2025-01-23:1,True,0,5,True,-0.13395638629283488,0.13395638629283488,0.0,True,0,0,1,True,0.8500567323733506,120.0,360.0,1.0,0.0,0.0,0.0,0.0
2025-01-23 19:05:00+00:00,2025-01-23,2025-01-23:1,True,0,10,True,-0.2680115273775216,0.11399321634061918,-0.85489105134862,True,0,0,1,True,0.0,115.0,365.0,1.0,0.0,0.0,0.0,0.0
2025-01-23 19:10:00+00:00,2025-01-23,2025-01-23:1,True,0,15,True,-0.21037463976945245,0.21037463976945245,0.0,True,0,0,1,True,-0.6798354034701122,110.0,370.0,1.0,0.0,0.0,0.0,0.0
2025-01-23 19:15:00+00:00,2025-01-23,2025-01-23:1,True,0,20,True,-0.18210862619808307,0.18210862619808307,1.172500439893347,True,0,0,1,True,-0.7936382321192434,105.0,375.0,1.0,0.0,0.0,0.0,0.0
2025-01-23 19:20:00+00:00,2025-01-23,2025-01-23:1,True,0,25,True,-0.16809116809116809,0.09585201505839747,-0.5617010071111777,True,0,0,1,True,0.4875492114751025,100.0,380.0,1.0,0.0,0.0,0.0,0.0
2025-01-23 19:25:00+00:00,2025-01-23,2025-01-23:1,True,0,30,True,-0.19533527696793002,0.11257259626884321,-0.5511191375118192,True,0,0,1,True,0.0,95.0,385.0,1.0,0.0,0.0,0.0,0.0
2025-01-23 19:30:00+00:00,2025-01-23,2025-01-23:1,True,3,5,True,-0.04436860068259386,0.011440423005029409,-1.3553790661944396,True,0,0,1,True,0.4718264056943144,90.0,390.0,0.0,0.0,0.0,1.0,0.0
2025-01-23 19:35:00+00:00,2025-01-23,2025-01-23:1,True,3,10,True,0.13993174061433447,0.13993174061433447,-1.7746091042161813,True,0,0,1,True,1.1337561687183337,85.0,395.0,0.0,0.0,0.0,1.0,0.0
2025-01-23 19:40:00+00:00,2025-01-23,2025-01-23:1,True,4,5,True,-0.4342105263157895,0.3323181600895229,-0.2674366766123924,True,0,0,1,True,-0.7216839576683248,80.0,400.0,0.0,0.0,0.0,0.0,1.0
2025-01-23 19:45:00+00:00,2025-01-23,2025-01-23:1,True,3,5,True,-0.08609271523178808,0.03909402522931838,-0.7894551517479873,True,0,0,1,True,0.45702702669736595,75.0,405.0,0.0,0.0,0.0,1.0,0.0
2025-01-23 19:50:00+00:00,2025-01-23,2025-01-23:1,True,4,5,True,-0.09655172413793103,0.09655172413793103,1.0203805518483178,True,1,0,1,True,2.2816402768515873,70.0,410.0,0.0,0.0,0.0,0.0,1.0
2025-01-23 19:55:00+00:00,2025-01-23,2025-01-23:1,True,4,10,True,0.08333333333333333,0.08333333333333333,0.0,True,1,0,1,True,-1.081958834999599,65.0,415.0,0.0,0.0,0.0,0.0,1.0
2025-01-23 20:00:00+00:00,2025-01-23,2025-01-23:1,True,0,5,True,-0.07969151670951156,0.07969151670951156,0.0,True,1,0,1,True,-2.0986554238074753,60.0,420.0,1.0,0.0,0.0,0.0,0.0
2025-01-23 20:05:00+00:00,2025-01-23,2025-01-23:1,True,3,5,True,-0.11666666666666667,0.014385087487653525,-2.09312878696356,True,0,1,2,True,-1.5151602365775882,55.0,425.0,0.0,0.0,0.0,1.0,0.0
2025-01-23 20:10:00+00:00,2025-01-23,2025-01-23:1,True,0,5,True,0.17177914110429449,0.07436296781974354,0.8372515147856621,True,0,0,2,True,0.41415425212967744,50.0,430.0,1.0,0.0,0.0,0.0,0.0
2025-01-23 20:15:00+00:00,2025-01-23,2025-01-23:1,True,0,10,True,0.032448377581120944,0.014385372818595355,0.8134385305550977,True,0,0,2,True,0.9094519249206617,45.0,435.0,1.0,0.0,0.0,0.0,0.0
2025-01-23 20:20:00+00:00,2025-01-23,2025-01-23:1,True,0,15,True,0.01567398119122257,0.01058037090836196,0.3930016053146088,True,0,0,2,True,-0.4338538882596632,40.0,440.0,1.0,0.0,0.0,0.0,0.0
2025-01-23 20:25:00+00:00,2025-01-23,2025-01-23:1,True,0,20,True,0.2668621700879765,0.2668621700879765,0.0,True,0,0,2,True,-1.338872507164243,35.0,445.0,1.0,0.0,0.0,0.0,0.0
2025-01-23 20:30:00+00:00,2025-01-23,2025-01-23:1,True,0,25,True,-0.09271523178807947,0.09271523178807947,0.0,True,0,0,2,True,0.41629708992716463,30.0,450.0,1.0,0.0,0.0,0.0,0.0
2025-01-23 20:35:00+00:00,2025-01-23,2025-01-23:1,True,2,5,True,-0.34627831715210355,0.34627831715210355,0.0,True,0,0,2,True,0.49641597217424566,25.0,455.0,0.0,0.0,1.0,0.0,0.0
2025-01-23 20:40:00+00:00,2025-01-23,2025-01-23:1,True,0,5,True,-0.24398625429553264,0.24398625429553264,0.0,True,0,0,2,True,0.0,20.0,460.0,1.0,0.0,0.0,0.0,0.0
2025-01-23 20:45:00+00:00,2025-01-23,2025-01-23:1,True,0,10,True,-0.11711711711711711,0.057205167855309644,-0.7165301937058448,True,0,0,2,True,-0.801105110529819,15.0,465.0,1.0,0.0,0.0,0.0,0.0
2025-01-23 20:50:00+00:00,2025-01-23,2025-01-23:1,True,0,15,True,0.1002710027100271,0.1002710027100271,-1.0261817981215764,True,0,0,2,True,0.0,10.0,470.0,1.0,0.0,0.0,0.0,0.0
2025-01-23 20:55:00+00:00,2025-01-23,2025-01-23:1,True,0,20,True,0.30526315789473685,0.30526315789473685,0.0,True,0,0,2,True,0.0,5.0,475.0,1.0,0.0,0.0,0.0,0.0
2025-01-23 21:00:00+00:00,2025-01-23,2025-01-23:1,True,3,5,True,0.0736196319018405,0.0736196319018405,-0.8175750748531536,True,0,0,2,True,0.7422129337771917,0.0,480.0,0.0,0.0,0.0,1.0,0.0
2025-01-24 13:00:00+00:00,2025-01-24,2025-01-24:1,False,-1,0,False,,,,False,0,0,0,False,,480.0,0.0,,,,,
2025-01-24 13:05:00+00:00,2025-01-24,2025-01-24:1,False,-1,0,True,-0.03205128205128205,,,False,0,0,0,False,,475.0,5.0,,,,,
2025-01-24 13:10:00+00:00,2025-01-24,2025-01-24:1,False,-1,0,True,-0.05714285714285714,,,False,0,0,0,False,,470.0,10.0,,,,,
2025-01-24 13:15:00+00:00,2025-01-24,2025-01-24:1,False,-1,0,True,-0.12340425531914893,,,False,0,0,0,False,,465.0,15.0,,,,,
2025-01-24 13:20:00+00:00,2025-01-24,2025-01-24:1,False,-1,0,True,0.07142857142857142,,,False,0,0,0,False,,460.0,20.0,,,,,
2025-01-24 13:25:00+00:00,2025-01-24,2025-01-24:1,False,-1,0,True,0.04119850187265917,,,False,0,0,0,False,,455.0,25.0,,,,,
2025-01-24 13:30:00+00:00,2025-01-24,2025-01-24:1,False,-1,0,True,-0.06051873198847262,,,False,0,0,0,False,,450.0,30.0,,,,,
2025-01-24 13:35:00+00:00,2025-01-24,2025-01-24:1,False,-1,0,True,-0.17277486910994763,,,False,0,0,0,False,,445.0,35.0,,,,,
2025-01-24 13:40:00+00:00,2025-01-24,2025-01-24:1,False,-1,0,True,-0.014084507042253521,,,False,0,0,0,False,,440.0,40.0,,,,,
2025-01-24 13:45:00+00:00,2025-01-24,2025-01-24:1,False,-1,0,True,0.09178743961352658,,,False,0,0,0,False,,435.0,45.0,,,,,
2025-01-24 13:50:00+00:00,2025-01-24,2025-01-24:1,False,-1,0,True,0.054945054945054944,,,False,0,0,0,False,,430.0,50.0,,,,,
2025-01-24 13:55:00+00:00,2025-01-24,2025-01-24:1,False,-1,0,True,0.19708029197080293,,,False,0,0,0,False,,425.0,55.0,,,,,
2025-01-24 14:00:00+00:00,2025-01-24,2025-01-24:1,False,-1,0,True,0.13442622950819672,,,False,0,0,0,False,,420.0,60.0,,,,,
2025-01-24 14:05:00+00:00,2025-01-24,2025-01-24:1,True,0,5,True,0.13297872340425532,0.13297872340425532,0.0,True,0,0,0,False,,415.0,65.0,1.0,0.0,0.0,0.0,0.0
2025-01-24 14:10:00+00:00,2025-01-24,2025-01-24:1,True,0,10,True,-0.0695970695970696,0.0695970695970696,0.4880197913955091,True,0,0,0,False,,410.0,70.0,1.0,0.0,0.0,0.0,0.0
2025-01-24 14:15:00+00:00,2025-01-24,2025-01-24:1,True,1,5,True,-0.3212121212121212,0.3212121212121212,2.0168960427305618,True,0,0,0,False,,405.0,75.0,0.0,1.0,0.0,0.0,0.0
2025-01-24 14:20:00+00:00,2025-01-24,2025-01-24:1,True,2,5,True,-0.11949685534591195,0.09313378871109863,-0.24925300826050892,True,0,0,0,False,,400.0,80.0,0.0,0.0,1.0,0.0,0.0
2025-01-24 14:25:00+00:00,2025-01-24,2025-01-24:1,True,2,10,True,0.20141342756183744,0.20141342756183744,0.0,True,0,0,0,False,,395.0,85.0,0.0,0.0,1.0,0.0,0.0
2025-01-24 14:30:00+00:00,2025-01-24,2025-01-24:1,True,0,5,True,0.3105590062111801,0.3105590062111801,-0.5205562925347994,True,0,0,0,False,,390.0,90.0,1.0,0.0,0.0,0.0,0.0
2025-01-24 14:35:00+00:00,2025-01-24,2025-01-24:1,True,1,5,True,0.021538461538461538,0.012105689354877366,0.5761647089939042,True,0,0,0,False,,385.0,95.0,0.0,1.0,0.0,0.0,0.0
2025-01-24 14:40:00+00:00,2025-01-24,2025-01-24:1,True,1,10,True,-0.1377245508982036,0.1377245508982036,1.814786148830991,True,0,0,0,False,,380.0,100.0,0.0,1.0,0.0,0.0,0.0
2025-01-24 14:45:00+00:00,2025-01-24,2025-01-24:1,True,0,5,True,0.0,0.0,-0.5540985036771696,True,0,0,0,False,,375.0,105.0,1.0,0.0,0.0,0.0,0.0
2025-01-24 14:50:00+00:00,2025-01-24,2025-01-24:1,True,1,5,True,0.311178247734139,0.10419984504188645,1.0940552496385603,True,0,0,0,False,,370.0,110.0,0.0,1.0,0.0,0.0,0.0
2025-01-24 14:55:00+00:00,2025-01-24,2025-01-24:1,True,0,5,True,0.15286624203821655,0.15286624203821655,-2.5351558631647304,True,0,0,0,False,,365.0,115.0,1.0,0.0,0.0,0.0,0.0
2025-01-24 15:00:00+00:00,2025-01-24,2025-01-24:1,True,0,10,True,-0.02608695652173913,0.016052420237569476,-0.48557580746115064,True,0,0,0,False,,360.0,120.0,1.0,0.0,0.0,0.0,0.0
2025-01-24 15:05:00+00:00,2025-01-24,2025-01-24:1,True,3,5,True,-0.3006535947712418,0.11829249441298302,-0.9327984304750506,True,0,0,0,True,1.0429003499236624,355.0,125.0,0.0,0.0,0.0,1.0,0.0
2025-01-24 15:10:00+00:00,2025-01-24,2025-01-24:1,True,3,10,True,-0.003003003003003003,0.0018833840958468089,-0.4665425793277155,True,0,0,0,True,-2.08644184354972,350.0,130.0,0.0,0.0,0.0,1.0,0.0
2025-01-24 15:15:00+00:00,2025-01-24,2025-01-24:1,True,4,5,True,-0.10422535211267606,0.10422535211267606,0.844733569327409,True,1,0,0,True,0.944440841946059,345.0,135.0,0.0,0.0,0.0,0.0,1.0
2025-01-24 15:20:00+00:00,2025-01-24,2025-01-24:1,True,3,5,True,-0.23295454545454544,0.04377121455017766,-1.6718669513685636,True,0,1,1,True,0.0,340.0,140.0,0.0,0.0,0.0,1.0,0.0
2025-01-24 15:25:00+00:00,2025-01-24,2025-01-24:1,True,3,10,True,0.1705685618729097,0.1705685618729097,-1.6195151615984722,True,0,0,1,True,0.6767240989006847,335.0,145.0,0.0,0.0,0.0,1.0,0.0
2025-01-24 15:30:00+00:00,2025-01-24,2025-01-24:1,True,3,15,True,-0.13917525773195877,0.09463869101523818,-0.3856675975485933,True,0,0,1,True,-1.4916140404679683,330.0,150.0,0.0,0.0,0.0,1.0,0.0
2025-01-24 15:35:00+00:00,2025-01-24,2025-01-24:1,True,3,20,True,0.07647058823529412,0.07647058823529412,-1.6996830505767504,True,0,0,1,True,-0.5485962100984219,325.0,155.0,0.0,0.0,0.0,1.0,0.0
2025-01-24 15:40:00+00:00,2025-01-24,2025-01-24:1,True,3,25,True,0.11711711711711711,0.11711711711711711,-1.1190057698883726,True,0,0,1,True,0.7336852123741004,320.0,160.0,0.0,0.0,0.0,1.0,0.0
2025-01-24 15:45:00+00:00,2025-01-24,2025-01-24:1,True,3,30,True,0.06312292358803986,0.06312292358803986,-1.6993406659138541,True,0,0,1,True,-0.8444091657598084,315.0,165.0,0.0,0.0,0.0,1.0,0.0
2025-01-24 15:50:00+00:00,2025-01-24,2025-01-24:1,True,4,5,True,-0.03676470588235294,0.03676470588235294,1.6791687378965863,True,1,0,1,True,1.6687713082799498,310.0,170.0,0.0,0.0,0.0,0.0,1.0
2025-01-24 15:55:00+00:00,2025-01-24,2025-01-24:1,True,4,10,True,0.14361702127659576,0.0826548195594113,0.552477046711074,True,1,0,1,True,0.3652527932846548,305.0,175.0,0.0,0.0,0.0,0.0,1.0
2025-01-24 16:00:00+00:00,2025-01-24,2025-01-24:1,True,3,5,True,0.04929577464788732,0.04929577464788732,-1.128893263333611,True,0,1,2,True,-0.3702720702656797,300.0,180.0,0.0,0.0,0.0,1.0,0.0
2025-01-24 16:05:00+00:00,2025-01-24,2025-01-24:1,True,0,5,True,0.0,0.0,0.9332157075298411,True,0,0,2,True,-0.052664614616031835,295.0,185.0,1.0,0.0,0.0,0.0,0.0
2025-01-24 16:10:00+00:00,2025-01-24,2025-01-24:1,True,0,10,True,-0.13864306784660768,0.13864306784660768,0.0,True,0,0,2,True,-0.4784821190368178,290.0,190.0,1.0,0.0,0.0,0.0,0.0
2025-01-24 16:15:00+00:00,2025-01-24,2025-01-24:1,True,0,15,True,0.12094395280235988,0.12094395280235988,-0.4055483712043628,True,0,0,2,True,0.0,285.0,195.0,1.0,0.0,0.0,0.0,0.0
2025-01-24 16:20:00+00:00,2025-01-24,2025-01-24:1,True,0,20,True,0.011111111111111112,0.011111111111111112,-0.190136689737259,True,0,0,2,True,-0.8503171265385956,280.0,200.0,1.0,0.0,0.0,0.0,0.0
2025-01-24 16:25:00+00:00,2025-01-24,2025-01-24:1,True,0,25,True,-0.04297994269340974,0.04297994269340974,0.7832740245741505,True,0,0,2,True,0.47239127081476756,275.0,205.0,1.0,0.0,0.0,0.0,0.0
2025-01-24 16:30:00+00:00,2025-01-24,2025-01-24:1,True,0,30,True,0.27217125382262997,0.27217125382262997,-1.6155922285179094,True,0,0,2,True,-0.9031435117209632,270.0,210.0,1.0,0.0,0.0,0.0,0.0
2025-01-24 16:35:00+00:00,2025-01-24,2025-01-24:1,True,3,5,True,0.5040871934604905,0.5040871934604905,-0.6333706642947659,True,0,0,2,True,0.0,265.0,215.0,0.0,0.0,0.0,1.0,0.0
2025-01-24 16:40:00+00:00,2025-01-24,2025-01-24:1,True,4,5,True,0.1901840490797546,0.1901840490797546,0.0,True,0,0,2,True,0.44495212764082515,260.0,220.0,0.0,0.0,0.0,0.0,1.0
2025-01-24 16:45:00+00:00,2025-01-24,2025-01-24:1,True,4,10,True,0.145985401459854,0.145985401459854,0.0,True,0,0,2,True,-1.0477401950131455,255.0,225.0,0.0,0.0,0.0,0.0,1.0
2025-01-24 16:50:00+00:00,2025-01-24,2025-01-24:1,True,0,5,True,0.3898305084745763,0.3898305084745763,0.0,True,0,0,2,True,-1.1031378103106892,250.0,230.0,1.0,0.0,0.0,0.0,0.0
2025-01-24 16:55:00+00:00,2025-01-24,2025-01-24:1,True,4,5,True,-0.2631578947368421,0.2631578947368421,0.0,True,0,0,2,True,0.0,245.0,235.0,0.0,0.0,0.0,0.0,1.0
2025-01-24 17:00:00+00:00,2025-01-24,2025-01-24:1,True,0,5,True,-0.1258741258741259,0.0772237934583886,-0.4885747916536563,True,0,0,2,True,-1.638729669348664,240.0,240.0,1.0,0.0,0.0,0.0,0.0
2025-01-24 17:05:00+00:00,2025-01-24,2025-01-24:1,True,3,5,True,0.0,0.0,-1.681071668619181,True,0,0,2,True,-1.0739972931652675,235.0,245.0,0.0,0.0,0.0,1.0,0.0
2025-01-24 17:10:00+00:00,2025-01-24,2025-01-24:1,True,3,10,True,0.21407624633431085,0.21407624633431085,-1.406127089113287,True,0,0,2,True,0.0,230.0,250.0,0.0,0.0,0.0,1.0,0.0
2025-01-24 17:15:00+00:00,2025-01-24,2025-01-24:1,True,4,5,True,0.06944444444444445,0.03586967601797873,0.6606348130133479,True,1,0,2,True,0.0,225.0,255.0,0.0,0.0,0.0,0.0,1.0
2025-01-24 17:20:00+00:00,2025-01-24,2025-01-24:1,True,0,5,True,0.025157232704402517,0.004325803020148306,1.7605476453339308,True,1,0,2,True,-1.9683521062955314,220.0,260.0,1.0,0.0,0.0,0.0,0.0
2025-01-24 17:25:00+00:00,2025-01-24,2025-01-24:1,True,0,10,True,0.15432098765432098,0.10694562710960989,0.3667142211661193,True,1,0,2,True,0.43522895598153855,215.0,265.0,1.0,0.0,0.0,0.0,0.0
2025-01-24 17:30:00+00:00,2025-01-24,2025-01-24:1,True,0,15,True,0.1858974358974359,0.1858974358974359,-1.6016296049035208,True,0,1,3,True,0.7958561491862537,210.0,270.0,1.0,0.0,0.0,0.0,0.0
2025-01-24 17:35:00+00:00,2025-01-24,2025-01-24:1,True,0,20,True,0.22188449848024316,0.22188449848024316,-0.3388901095434958,True,0,0,3,True,-0.7577813218416068,205.0,275.0,1.0,0.0,0.0,0.0,0.0
2025-01-24 17:40:00+00:00,2025-01-24,2025-01-24:1,True,0,25,True,-0.30158730158730157,0.15585500625668997,-0.660133403783766,True,0,0,3,True,-0.7380515825383599,200.0,280.0,1.0,0.0,0.0,0.0,0.0
2025-01-24 17:45:00+00:00,2025-01-24,2025-01-24:1,True,0,30,True,-0.40963855421686746,0.21045555914849648,-0.6660006854030166,True,0,0,3,True,-0.7446114028123567,195.0,285.0,1.0,0.0,0.0,0.0,0.0
2025-01-24 17:50:00+00:00,2025-01-24,2025-01-24:1,True,3,5,True,-0.23543123543123542,0.1689165977476948,-0.3320137882372166,True,0,0,3,True,-1.2744300027740012,190.0,290.0,0.0,0.0,0.0,1.0,0.0
2025-01-24 17:55:00+00:00,2025-01-24,2025-01-24:1,True,4,5,True,-0.23952095808383234,0.23952095808383234,0.33300034270105283,True,1,0,3,True,-0.4932394262162435,185.0,295.0,0.0,0.0,0.0,0.0,1.0
2025-01-24 18:00:00+00:00,2025-01-24,2025-01-24:1,True,3,5,True,0.005917159763313609,0.005917159763313609,-0.8175750748534985,True,0,1,4,True,-1.573933264540419,180.0,300.0,0.0,0.0,0.0,1.0,0.0
2025-01-24 18:05:00+00:00,2025-01-24,2025-01-24:1,True,3,10,True,-0.017857142857142856,0.004772738175806423,-1.3194834069957107,True,0,0,4,True,0.32782828813595194,175.0,305.0,0.0,0.0,0.0,1.0,0.0
2025-01-24 18:10:00+00:00,2025-01-24,2025-01-24:1,True,3,15,True,0.11815561959654179,0.11815561959654179,-0.8753477972977111,True,0,0,4,True,-0.6524457262368448,170.0,310.0,0.0,0.0,0.0,1.0,0.0
2025-01-24 18:15:00+00:00,2025-01-24,2025-01-24:1,True,0,5,True,-0.11290322580645161,0.11290322580645161,1.4468924417383202,True,0,0,4,True,0.6470699711726111,165.0,315.0,1.0,0.0,0.0,0.0,0.0
2025-01-24 18:20:00+00:00,2025-01-24,2025-01-24:1,True,3,5,True,0.3185595567867036,0.3185595567867036,-0.9016011908728655,True,0,0,4,True,-0.05564719177137086,160.0,320.0,0.0,0.0,0.0,1.0,0.0
2025-01-24 18:25:00+00:00,2025-01-24,2025-01-24:1,True,4,5,True,0.09152542372881356,0.04645604028188901,0.678110293479611,True,1,0,4,True,0.12683839445564032,155.0,325.0,0.0,0.0,0.0,0.0,1.0
2025-01-24 18:30:00+00:00,2025-01-24,2025-01-24:1,True,0,5,True,-0.17888563049853373,0.17888563049853373,0.34155296525951784,True,1,0,4,True,0.0,150.0,330.0,1.0,0.0,0.0,0.0,0.0
2025-01-24 18:35:00+00:00,2025-01-24,2025-01-24:1,True,0,10,True,-0.01775147928994083,0.01775147928994083,0.3508994653492032,True,1,0,4,True,0.7846350577891504,145.0,335.0,1.0,0.0,0.0,0.0,0.0
2025-01-24 18:40:00+00:00,2025-01-24,2025-01-24:1,True,1,5,True,0.14788732394366197,0.037229739175578584,1.379342777003586,True,1,0,4,True,0.7710760534127901,140.0,340.0,0.0,1.0,0.0,0.0,0.0
2025-01-24 18:45:00+00:00,2025-01-24,2025-01-24:1,True,0,5,True,0.22044728434504793,0.22044728434504793,0.0,True,1,0,4,True,0.7552587150870371,135.0,345.0,1.0,0.0,0.0,0.0,0.0
2025-01-24 18:50:00+00:00,2025-01-24,2025-01-24:1,True,0,10,True,-0.07954545454545454,0.028876921643100968,-1.0132858965212435,True,0,0,4,True,-0.7552587150892036,130.0,350.0,1.0,0.0,0.0,0.0,0.0
2025-01-24 18:55:00+00:00,2025-01-24,2025-01-24:1,True,0,15,True,0.12,0.06146117085976723,0.6690861355002331,True,0,0,4,True,0.7480610408895153,125.0,355.0,1.0,0.0,0.0,0.0,0.0
2025-01-24 19:00:00+00:00,2025-01-24,2025-01-24:1,True,0,20,True,0.13768115942028986,0.13768115942028986,-0.3414123563993677,True,0,0,4,True,0.7634212372695414,120.0,360.0,1.0,0.0,0.0,0.0,0.0
2025-01-24 19:05:00+00:00,2025-01-24,2025-01-24:1,True,0,25,True,0.10175438596491228,0.10175438596491228,-0.8336737754810383,True,0,0,4,True,-1.7722925019659606,115.0,365.0,1.0,0.0,0.0,0.0,0.0
2025-01-24 19:10:00+00:00,2025-01-24,2025-01-24:1,True,0,30,True,0.0425531914893617,0.018196298548154133,0.8495366609081214,True,0,0,4,True,0.13445039858125235,110.0,370.0,1.0,0.0,0.0,0.0,0.0
2025-01-24 19:15:00+00:00,2025-01-24,2025-01-24:1,True,0,35,True,-0.032520325203252036,0.013388951004909132,-0.8874354697750754,True,0,0,4,True,0.8662113890312939,105.0,375.0,1.0,0.0,0.0,0.0,0.0
2025-01-24 19:20:00+00:00,2025-01-24,2025-01-24:1,True,0,40,True,0.11851851851851852,0.11851851851851852,-0.4638234347988795,True,0,0,4,True,-1.0371407297677362,100.0,380.0,1.0,0.0,0.0,0.0,0.0
2025-01-24 19:25:00+00:00,2025-01-24,2025-01-24:1,True,3,5,True,-0.1649122807017544,0.10658248581194528,-0.4364945003896164,True,0,0,4,True,-0.7243987249714903,95.0,385.0,0.0,0.0,0.0,1.0,0.0
2025-01-24 19:30:00+00:00,2025-01-24,2025-01-24:1,True,0,5,True,0.09554140127388536,0.09554140127388536,0.0,True,0,0,4,True,-2.000282545738837,90.0,390.0,1.0,0.0,0.0,0.0,0.0
2025-01-24 19:35:00+00:00,2025-01-24,2025-01-24:1,True,0,10,True,-0.15555555555555556,0.15555555555555556,0.8874354697749897,True,0,0,4,True,-0.3283792163282133,85.0,395.0,1.0,0.0,0.0,0.0,0.0
2025-01-24 19:40:00+00:00,2025-01-24,2025-01-24:1,True,0,15,True,-0.10596026490066225,0.10596026490066225,1.2985223755802797,True,0,0,4,True,-0.9678614340330892,80.0,400.0,1.0,0.0,0.0,0.0,0.0
2025-01-24 19:45:00+00:00,2025-01-24,2025-01-24:1,True,0,20,True,0.09333333333333334,0.09333333333333334,-0.44727677464724475,True,0,0,4,True,0.0,75.0,405.0,1.0,0.0,0.0,0.0,0.0
2025-01-24 19:50:00+00:00,2025-01-24,2025-01-24:1,True,0,25,True,-0.1297709923664122,0.1297709923664122,0.0,True,0,0,4,True,1.000141272870889,70.0,410.0,1.0,0.0,0.0,0.0,0.0
2025-01-24 19:55:00+00:00,2025-01-24,2025-01-24:1,True,1,5,True,-0.21403508771929824,0.21403508771929824,0.45903625751540683,True,0,0,4,True,0.2604865456352798,65.0,415.0,0.0,1.0,0.0,0.0,0.0
2025-01-24 20:00:00+00:00,2025-01-24,2025-01-24:1,True,1,10,True,0.1125,0.07074839047861399,0.46382343479878335,True,0,0,4,True,-0.7395029694333454,60.0,420.0,0.0,1.0,0.0,0.0,0.0
2025-01-24 20:05:00+00:00,2025-01-24,2025-01-24:1,True,0,5,True,-0.018666666666666668,0.007390666914792346,-0.9265214256047504,True,0,0,4,True,0.0,55.0,425.0,1.0,0.0,0.0,0.0,0.0
2025-01-24 20:10:00+00:00,2025-01-24,2025-01-24:1,True,0,10,True,-0.040697674418604654,0.040697674418604654,0.4677484665236644,True,0,0,4,True,0.0,50.0,430.0,1.0,0.0,0.0,0.0,0.0
2025-01-24 20:15:00+00:00,2025-01-24,2025-01-24:1,True,1,5,True,-0.12238805970149254,0.12238805970149254,1.394865174474328,True,0,0,4,True,0.6973531988331888,45.0,435.0,0.0,1.0,0.0,0.0,0.0
2025-01-24 20:20:00+00:00,2025-01-24,2025-01-24:1,True,1,10,True,-0.40625,0.40625,0.44570528228050676,True,0,0,4,True,0.9966273091099456,40.0,440.0,0.0,1.0,0.0,0.0,0.0
2025-01-24 20:25:00+00:00,2025-01-24,2025-01-24:1,True,0,5,True,-0.08666666666666667,0.03450534818750095,-0.9209550103968877,True,0,0,4,True,-1.728410043836757,35.0,445.0,1.0,0.0,0.0,0.0,0.0
2025-01-24 20:30:00+00:00,2025-01-24,2025-01-24:1,True,1,5,True,-0.24653739612188366,0.24653739612188366,1.7151016346679056,True,0,0,4,True,1.615976545515081,30.0,450.0,0.0,1.0,0.0,0.0,0.0
2025-01-24 20:35:00+00:00,2025-01-24,2025-01-24:1,True,2,5,True,0.18213058419243985,0.18213058419243985,0.0,True,0,0,4,True,-0.4836907870491728,25.0,455.0,0.0,0.0,1.0,0.0,0.0
2025-01-24 20:40:00+00:00,2025-01-24,2025-01-24:1,True,0,5,True,0.10163934426229508,0.10163934426229508,-1.6117316066870946,True,0,0,4,True,-1.029697552581249,20.0,460.0,1.0,0.0,0.0,0.0,0.0
2025-01-24 20:45:00+00:00,2025-01-24,2025-01-24:1,True,0,10,True,0.125,0.032694071602879196,1.341119972383336,True,0,0,4,True,0.0,15.0,465.0,1.0,0.0,0.0,0.0,0.0
2025-01-24 20:50:00+00:00,2025-01-24,2025-01-24:1,True,0,15,True,0.11384615384615385,0.11384615384615385,-1.125853061466195,True,0,0,4,True,-2.0139871824923015,10.0,470.0,1.0,0.0,0.0,0.0,0.0
2025-01-24 20:55:00+00:00,2025-01-24,2025-01-24:1,True,1,5,True,0.1492063492063492,0.006935320312223076,3.0687030013908925,True,0,0,4,True,3.0262710289490737,5.0,475.0,0.0,1.0,0.0,0.0,0.0
2025-01-24 21:00:00+00:00,2025-01-24,2025-01-24:1,True,0,5,True,0.05202312138728324,0.05202312138728324,-0.36691464241713445,True,0,0,4,True,-1.280599199890812,0.0,480.0,1.0,0.0,0.0,0.0,0.0
2025-01-27 13:00:00+00:00,2025-01-27,2025-01-27:1,False,-1,0,False,,,,False,0,0,0,False,,480.0,0.0,,,,,
2025-01-27 13:05:00+00:00,2025-01-27,2025-01-27:1,False,-1,0,True,-0.05056179775280899,,,False,0,0,0,False,,475.0,5.0,,,,,
2025-01-27 13:10:00+00:00,2025-01-27,2025-01-27:1,False,-1,0,True,0.2716049382716049,,,False,0,0,0,False,,470.0,10.0,,,,,
2025-01-27 13:15:00+00:00,2025-01-27,2025-01-27:1,False,-1,0,True,0.04516129032258064,,,False,0,0,0,False,,465.0,15.0,,,,,
2025-01-27 13:20:00+00:00,2025-01-27,2025-01-27:1,False,-1,0,True,-0.3141025641025641,,,False,0,0,0,False,,460.0,20.0,,,,,
2025-01-27 13:25:00+00:00,2025-01-27,2025-01-27:1,False,-1,0,True,-0.04081632653061224,,,False,0,0,0,False,,455.0,25.0,,,,,
2025-01-27 13:30:00+00:00,2025-01-27,2025-01-27:1,False,-1,0,True,-0.15510204081632653,,,False,0,0,0,False,,450.0,30.0,,,,,
2025-01-27 13:35:00+00:00,2025-01-27,2025-01-27:1,False,-1,0,True,0.3033033033033033,,,False,0,0,0,False,,445.0,35.0,,,,,
2025-01-27 13:40:00+00:00,2025-01-27,2025-01-27:1,False,-1,0,True,-0.10385756676557864,,,False,0,0,0,False,,440.0,40.0,,,,,
2025-01-27 13:45:00+00:00,2025-01-27,2025-01-27:1,False,-1,0,True,0.009230769230769232,,,False,0,0,0,False,,435.0,45.0,,,,,
2025-01-27 13:50:00+00:00,2025-01-27,2025-01-27:1,False,-1,0,True,-0.1262135922330097,,,False,0,0,0,False,,430.0,50.0,,,,,
2025-01-27 13:55:00+00:00,2025-01-27,2025-01-27:1,False,-1,0,True,-0.06993006993006994,,,False,0,0,0,False,,425.0,55.0,,,,,
2025-01-27 14:00:00+00:00,2025-01-27,2025-01-27:1,False,-1,0,True,0.046511627906976744,,,False,0,0,0,False,,420.0,60.0,,,,,
2025-01-27 14:05:00+00:00,2025-01-27,2025-01-27:1,True,0,5,True,-0.008955223880597015,0.008955223880597015,1.539027593936657,True,0,0,0,False,,415.0,65.0,1.0,0.0,0.0,0.0,0.0
2025-01-27 14:10:00+00:00,2025-01-27,2025-01-27:1,True,1,5,True,-0.06628242074927954,0.06628242074927954,0.7469519451890725,True,0,0,0,False,,410.0,70.0,0.0,1.0,0.0,0.0,0.0
2025-01-27 14:15:00+00:00,2025-01-27,2025-01-27:1,True,0,5,True,0.10835913312693499,0.10835913312693499,-0.7598146106802693,True,0,0,0,False,,405.0,75.0,1.0,0.0,0.0,0.0,0.0
2025-01-27 14:20:00+00:00,2025-01-27,2025-01-27:1,True,1,5,True,-0.0847457627118644,0.0847457627118644,1.0450740769048357,True,0,0,0,False,,400.0,80.0,0.0,1.0,0.0,0.0,0.0
2025-01-27 14:25:00+00:00,2025-01-27,2025-01-27:1,True,2,5,True,-0.16612377850162866,0.09039026973668754,-0.6085965381703791,True,0,0,0,False,,395.0,85.0,0.0,0.0,1.0,0.0,0.0
2025-01-27 14:30:00+00:00,2025-01-27,2025-01-27:1,True,2,10,True,0.04,0.04,0.0,True,0,0,0,False,,390.0,90.0,0.0,0.0,1.0,0.0,0.0
2025-01-27 14:35:00+00:00,2025-01-27,2025-01-27:1,True,0,5,True,0.0684931506849315,0.0684931506849315,0.0,True,0,0,0,False,,385.0,95.0,1.0,0.0,0.0,0.0,0.0
2025-01-27 14:40:00+00:00,2025-01-27,2025-01-27:1,True,0,10,True,0.29260450160771706,0.2093666323266109,0.3347349365462758,True,0,0,0,False,,380.0,100.0,1.0,0.0,0.0,0.0,0.0
2025-01-27 14:45:00+00:00,2025-01-27,2025-01-27:1,True,0,15,True,0.040498442367601244,0.040498442367601244,-1.0216542401713171,True,0,0,0,False,,375.0,105.0,1.0,0.0,0.0,0.0,0.0
2025-01-27 14:50:00+00:00,2025-01-27,2025-01-27:1,True,0,20,True,0.09271523178807947,0.09271523178807947,-0.35478480941259866,True,0,0,0,False,,370.0,110.0,1.0,0.0,0.0,0.0,0.0
2025-01-27 14:55:00+00:00,2025-01-27,2025-01-27:1,True,0,25,True,0.20116618075801748,0.09108506373315475,0.792337500220147,True,0,0,0,False,,365.0,115.0,1.0,0.0,0.0,0.0,0.0
2025-01-27 15:00:00+00:00,2025-01-27,2025-01-27:1,True,0,30,True,0.13580246913580246,0.13580246913580246,-0.43262619197312124,True,0,0,0,False,,360.0,120.0,1.0,0.0,0.0,0.0,0.0
2025-01-27 15:05:00+00:00,2025-01-27,2025-01-27:1,True,0,35,True,-0.1386861313868613,0.1386861313868613,0.8966144065765116,True,0,0,0,True,0.0,355.0,125.0,1.0,0.0,0.0,0.0,0.0
2025-01-27 15:10:00+00:00,2025-01-27,2025-01-27:1,True,0,40,True,-0.12110726643598616,0.12110726643598616,0.9416275761545472,True,0,0,0,True,1.40137726789937,350.0,130.0,1.0,0.0,0.0,0.0,0.0
2025-01-27 15:15:00+00:00,2025-01-27,2025-01-27:1,True,0,45,True,-0.17261904761904762,0.07421686206430482,-0.8440957536692412,True,0,0,0,True,0.0,345.0,135.0,1.0,0.0,0.0,0.0,0.0
2025-01-27 15:20:00+00:00,2025-01-27,2025-01-27:1,True,0,50,True,0.16710875331564987,0.1076369074195071,0.4398812232535004,True,0,0,0,True,0.9836043172205882,340.0,140.0,1.0,0.0,0.0,0.0,0.0
2025-01-27 15:25:00+00:00,2025-01-27,2025-01-27:1,True,0,55,True,-0.3352112676056338,0.3352112676056338,0.0,True,0,0,0,True,0.9755064854858392,335.0,145.0,1.0,0.0,0.0,0.0,0.0
2025-01-27 15:30:00+00:00,2025-01-27,2025-01-27:1,True,1,5,True,0.14138817480719795,6.233178656041624e-08,14.634548165220622,True,0,0,0,True,31.86954792883188,330.0,150.0,0.0,1.0,0.0,0.0,0.0
2025-01-27 15:35:00+00:00,2025-01-27,2025-01-27:1,True,2,5,True,0.1832797427652733,0.1832797427652733,-0.30589831348912633,True,0,0,0,True,0.0,325.0,155.0,0.0,0.0,1.0,0.0,0.0
2025-01-27 15:40:00+00:00,2025-01-27,2025-01-27:1,True,2,10,True,-0.03363914373088685,0.024787257389508374,-0.30536067469962613,True,0,0,0,True,0.0,320.0,160.0,0.0,0.0,1.0,0.0,0.0
2025-01-27 15:45:00+00:00,2025-01-27,2025-01-27:1,True,2,15,True,0.07744107744107744,0.07744107744107744,-0.7102512375645562,True,0,0,0,True,-0.5119298198371249,315.0,165.0,0.0,0.0,1.0,0.0,0.0
2025-01-27 15:50:00+00:00,2025-01-27,2025-01-27:1,True,0,5,True,-0.023668639053254437,0.011658053452876594,-0.7081537004849107,True,0,0,0,True,-0.4524228036574287,310.0,170.0,1.0,0.0,0.0,0.0,0.0
2025-01-27 15:55:00+00:00,2025-01-27,2025-01-27:1,True,0,10,True,-0.02631578947368421,0.013731403566254354,-0.6504836784621357,True,0,0,0,True,0.03355588343794008,305.0,175.0,1.0,0.0,0.0,0.0,0.0
2025-01-27 16:00:00+00:00,2025-01-27,2025-01-27:1,True,4,5,True,0.010810810810810811,0.010287638212436721,0.04960363356304434,True,0,0,0,True,0.22183419315528402,300.0,180.0,0.0,0.0,0.0,0.0,1.0
2025-01-27 16:05:00+00:00,2025-01-27,2025-01-27:1,True,3,5,True,0.03151862464183381,0.03151862464183381,-0.34612832115967856,True,0,0,0,True,0.29274114892491715,295.0,185.0,0.0,0.0,0.0,1.0,0.0
2025-01-27 16:10:00+00:00,2025-01-27,2025-01-27:1,True,4,5,True,-0.06091370558375635,0.06091370558375635,0.09889380604574197,True,0,0,0,True,-0.0060764112297381255,290.0,190.0,0.0,0.0,0.0,0.0,1.0
2025-01-27 16:15:00+00:00,2025-01-27,2025-01-27:1,True,3,5,True,-0.312280701754386,0.1904843404769547,-0.49433247947836867,True,0,0,0,True,0.4421444110393582,285.0,195.0,0.0,0.0,0.0,1.0,0.0
2025-01-27 16:20:00+00:00,2025-01-27,2025-01-27:1,True,0,5,True,-0.0313588850174216,0.021149629795370054,-0.39387523898465027,True,0,0,0,True,0.3794786356343963,280.0,200.0,1.0,0.0,0.0,0.0,0.0
2025-01-27 16:25:00+00:00,2025-01-27,2025-01-27:1,True,0,10,True,0.08262108262108261,0.08262108262108261,-0.39270522321470086,True,0,0,0,True,-0.6531578120190605,275.0,205.0,1.0,0.0,0.0,0.0,0.0
2025-01-27 16:30:00+00:00,2025-01-27,2025-01-27:1,True,0,15,True,0.1702127659574468,0.1702127659574468,0.0,True,0,0,0,True,0.24085387183736737,270.0,210.0,1.0,0.0,0.0,0.0,0.0
2025-01-27 16:35:00+00:00,2025-01-27,2025-01-27:1,True,3,5,True,0.0,0.0,-1.8164592636358465,True,0,0,0,True,-0.5908924705894325,265.0,215.0,0.0,0.0,0.0,1.0,0.0
2025-01-27 16:40:00+00:00,2025-01-27,2025-01-27:1,True,3,10,True,0.012345679012345678,0.012345679012345678,-0.6008375555749575,True,0,0,0,True,0.6717568088492518,260.0,220.0,0.0,0.0,0.0,1.0,0.0
2025-01-27 16:45:00+00:00,2025-01-27,2025-01-27:1,True,4,5,True,-0.2022792022792023,0.2022792022792023,1.0923972506280049,True,1,0,0,True,-0.6813586249487947,255.0,225.0,0.0,0.0,0.0,0.0,1.0
2025-01-27 16:50:00+00:00,2025-01-27,2025-01-27:1,True,3,5,True,-0.11904761904761904,0.028257906782368673,-1.4381502685996812,True,0,1,1,True,1.1693824590732278,250.0,230.0,0.0,0.0,0.0,1.0,0.0
2025-01-27 16:55:00+00:00,2025-01-27,2025-01-27:1,True,4,5,True,0.23353293413173654,0.17936190105986763,0.26391755429784614,True,1,0,1,True,0.026452377535149934,245.0,235.0,0.0,0.0,0.0,0.0,1.0
2025-01-27 17:00:00+00:00,2025-01-27,2025-01-27:1,True,0,5,True,0.0979020979020979,0.04904046871583167,0.6913221289282983,True,1,0,1,True,0.6535343669783753,240.0,240.0,1.0,0.0,0.0,0.0,0.0
2025-01-27 17:05:00+00:00,2025-01-27,2025-01-27:1,True,1,5,True,-0.02654867256637168,0.02654867256637168,1.9900987321990276,True,1,0,1,True,0.5562495058912517,235.0,245.0,0.0,1.0,0.0,0.0,0.0
2025-01-27 17:10:00+00:00,2025-01-27,2025-01-27:1,True,2,5,True,-0.05604719764011799,0.04950222775538315,-0.12417647704692898,True,1,0,1,True,-2.227456299050376,230.0,250.0,0.0,0.0,1.0,0.0,0.0
2025-01-27 17:15:00+00:00,2025-01-27,2025-01-27:1,True,0,5,True,0.16759776536312848,0.16759776536312848,-0.5068299252850856,True,1,0,1,True,-0.027684857653687393,225.0,255.0,1.0,0.0,0.0,0.0,0.0
2025-01-27 17:20:00+00:00,2025-01-27,2025-01-27:1,True,0,10,True,-0.23214285714285715,0.0826050480271261,-1.0332821529191287,True,0,0,1,True,-0.577622283466947,220.0,260.0,1.0,0.0,0.0,0.0,0.0
2025-01-27 17:25:00+00:00,2025-01-27,2025-01-27:1,True,0,15,True,-0.09620991253644315,0.06489566729053532,-0.39375153157720133,True,0,0,1,True,0.8804551908529454,215.0,265.0,1.0,0.0,0.0,0.0,0.0
2025-01-27 17:30:00+00:00,2025-01-27,2025-01-27:1,True,1,5,True,-0.20615384615384616,0.20615384615384616,2.101926907355898,True,0,0,1,True,0.638278340078874,210.0,270.0,0.0,1.0,0.0,0.0,0.0
2025-01-27 17:35:00+00:00,2025-01-27,2025-01-27:1,True,0,5,True,0.04,0.04,-0.665714535788436,True,0,0,1,True,0.5954331822547562,205.0,275.0,1.0,0.0,0.0,0.0,0.0
2025-01-27 17:40:00+00:00,2025-01-27,2025-01-27:1,True,0,10,True,0.24600638977635783,0.24600638977635783,0.0,True,0,0,1,True,-0.9537518603122337,200.0,280.0,1.0,0.0,0.0,0.0,0.0
2025-01-27 17:45:00+00:00,2025-01-27,2025-01-27:1,True,0,15,True,-0.32934131736526945,0.18889813727746388,-0.5558867382312054,True,0,0,1,True,-0.26025142552747216,195.0,285.0,1.0,0.0,0.0,0.0,0.0
2025-01-27 17:50:00+00:00,2025-01-27,2025-01-27:1,True,0,20,True,0.12460063897763578,0.12460063897763578,-0.30110565877875706,True,0,0,1,True,-0.6732927214391571,190.0,290.0,1.0,0.0,0.0,0.0,0.0
2025-01-27 17:55:00+00:00,2025-01-27,2025-01-27:1,True,0,25,True,0.11598746081504702,0.11598746081504702,0.0,True,0,0,1,True,1.3782783441641815,185.0,295.0,1.0,0.0,0.0,0.0,0.0
2025-01-27 18:00:00+00:00,2025-01-27,2025-01-27:1,True,0,30,True,-0.23076923076923078,0.23076923076923078,0.6114521446563301,True,0,0,1,True,0.2564979188106707,180.0,300.0,1.0,0.0,0.0,0.0,0.0
2025-01-27 18:05:00+00:00,2025-01-27,2025-01-27:1,True,0,35,True,0.10954063604240283,0.0528263983895553,0.7292845505557831,True,0,0,1,True,-0.49968858905503566,175.0,305.0,1.0,0.0,0.0,0.0,0.0
2025-01-27 18:10:00+00:00,2025-01-27,2025-01-27:1,True,0,40,True,-0.07909604519774012,0.07909604519774012,0.36860064620719124,True,0,0,1,True,0.0,170.0,310.0,1.0,0.0,0.0,0.0,0.0
2025-01-27 18:15:00+00:00,2025-01-27,2025-01-27:1,True,0,45,True,0.09090909090909091,0.09090909090909091,-1.1312714330489242,True,0,0,1,True,-1.4533116111030981,165.0,315.0,1.0,0.0,0.0,0.0,0.0
2025-01-27 18:20:00+00:00,2025-01-27,2025-01-27:1,True,0,50,True,0.12568306010928962,0.12568306010928962,-1.0924659836601984,True,0,0,1,True,0.0,160.0,320.0,1.0,0.0,0.0,0.0,0.0
2025-01-27 18:25:00+00:00,2025-01-27,2025-01-27:1,True,0,55,True,0.04895104895104895,0.015837472685844563,1.1284419767824714,True,0,0,1,True,-0.5678047973308079,155.0,325.0,1.0,0.0,0.0,0.0,0.0
2025-01-27 18:30:00+00:00,2025-01-27,2025-01-27:1,True,0,60,True,-0.11498257839721254,0.11498257839721254,0.7441053361972912,True,0,0,1,True,0.8319350570775568,150.0,330.0,1.0,0.0,0.0,0.0,0.0
2025-01-27 18:35:00+00:00,2025-01-27,2025-01-27:1,True,0,65,True,-0.10034602076124567,0.10034602076124567,0.0,True,0,0,1,True,-0.8733651270336806,145.0,335.0,1.0,0.0,0.0,0.0,0.0
2025-01-27 18:40:00+00:00,2025-01-27,2025-01-27:1,True,0,70,True,0.16791979949874686,0.1150415087016191,0.37819347301357853,True,0,0,1,True,0.1410953564296784,140.0,340.0,1.0,0.0,0.0,0.0,0.0
2025-01-27 18:45:00+00:00,2025-01-27,2025-01-27:1,True,1,5,True,0.2618296529968454,0.08266542750307936,1.1528926453990358,True,0,0,1,True,-0.6721352695576138,135.0,345.0,0.0,1.0,0.0,0.0,0.0
2025-01-27 18:50:00+00:00,2025-01-27,2025-01-27:1,True,2,5,True,0.0718954248366013,0.0718954248366013,-0.7591525382370055,True,0,0,1,True,-0.8487583403947263,130.0,350.0,0.0,0.0,1.0,0.0,0.0
2025-01-27 18:55:00+00:00,2025-01-27,2025-01-27:1,True,0,5,True,0.06666666666666667,0.06666666666666667,-0.7591525382380843,True,0,0,1,True,0.0,125.0,355.0,1.0,0.0,0.0,0.0,0.0
2025-01-27 19:00:00+00:00,2025-01-27,2025-01-27:1,True,0,10,True,0.2857142857142857,0.19233948192846925,0.3957303647255095,True,0,0,1,True,0.269477874936147,120.0,360.0,1.0,0.0,0.0,0.0,0.0
2025-01-27 19:05:00+00:00,2025-01-27,2025-01-27:1,True,0,15,True,-0.33993399339933994,0.33993399339933994,1.165108420284948,True,0,0,1,True,0.0,115.0,365.0,1.0,0.0,0.0,0.0,0.0
2025-01-27 19:10:00+00:00,2025-01-27,2025-01-27:1,True,0,20,True,-0.11678832116788321,0.08105087902834485,-0.3652859817638896,True,0,0,1,True,0.0,110.0,370.0,1.0,0.0,0.0,0.0,0.0
2025-01-27 19:15:00+00:00,2025-01-27,2025-01-27:1,True,0,25,True,-0.08852459016393442,0.042106807766628965,-0.743070936092988,True,0,0,1,True,0.830778562602981,105.0,375.0,1.0,0.0,0.0,0.0,0.0
2025-01-27 19:20:00+00:00,2025-01-27,2025-01-27:1,True,0,30,True,-0.22535211267605634,0.22535211267605634,0.7708495185687215,True,0,0,1,True,0.0,100.0,380.0,1.0,0.0,0.0,0.0,0.0
2025-01-27 19:25:00+00:00,2025-01-27,2025-01-27:1,True,0,35,True,0.20270270270270271,0.20270270270270271,-1.406167995223169,True,0,0,1,True,0.0,95.0,385.0,1.0,0.0,0.0,0.0,0.0
2025-01-27 19:30:00+00:00,2025-01-27,2025-01-27:1,True,0,40,True,-0.0744336569579288,0.06157376230705414,-0.18967237478461235,True,0,0,1,True,0.2030329260626353,90.0,390.0,1.0,0.0,0.0,0.0,0.0
2025-01-27 19:35:00+00:00,2025-01-27,2025-01-27:1,True,0,45,True,-0.0035335689045936395,0.0035335689045936395,1.0849979040123254,True,0,0,1,True,-0.8087096896069829,85.0,395.0,1.0,0.0,0.0,0.0,0.0
2025-01-27 19:40:00+00:00,2025-01-27,2025-01-27:1,True,0,50,True,-0.03680981595092025,0.010249855533873836,-1.2785009361745487,True,0,0,1,True,0.0,80.0,400.0,1.0,0.0,0.0,0.0,0.0
2025-01-27 19:45:00+00:00,2025-01-27,2025-01-27:1,True,0,55,True,0.13310580204778158,0.0627400474159273,0.7521443575797234,True,0,0,1,True,2.0813847454280126,75.0,405.0,1.0,0.0,0.0,0.0,0.0
2025-01-27 19:50:00+00:00,2025-01-27,2025-01-27:1,True,0,60,True,-0.2348993288590604,0.2348993288590604,0.0,True,0,0,1,True,0.1354832278799409,70.0,410.0,1.0,0.0,0.0,0.0,0.0
2025-01-27 19:55:00+00:00,2025-01-27,2025-01-27:1,True,0,65,True,-0.19662921348314608,0.13858913068070047,-0.34980612871601385,True,0,0,1,True,0.7821902827572714,65.0,415.0,1.0,0.0,0.0,0.0,0.0
2025-01-27 20:00:00+00:00,2025-01-27,2025-01-27:1,True,0,70,True,0.03044496487119438,0.03044496487119438,0.0,True,0,0,1,True,0.12054545400693882,60.0,420.0,1.0,0.0,0.0,0.0,0.0
2025-01-27 20:05:00+00:00,2025-01-27,2025-01-27:1,True,0,75,True,-0.24210526315789474,0.17022003791009555,-0.3522806625496096,True,0,0,1,True,-0.10238061359359237,55.0,425.0,1.0,0.0,0.0,0.0,0.0
2025-01-27 20:10:00+00:00,2025-01-27,2025-01-27:1,True,0,80,True,-0.2179930795847751,0.15008128303818147,-0.37328628301147126,True,0,0,1,True,0.8346935038818747,50.0,430.0,1.0,0.0,0.0,0.0,0.0
2025-01-27 20:15:00+00:00,2025-01-27,2025-01-27:1,True,0,85,True,-0.1871345029239766,0.1871345029239766,0.7430709360928274,True,0,0,1,True,-0.7045870218108051,45.0,435.0,1.0,0.0,0.0,0.0,0.0
2025-01-27 20:20:00+00:00,2025-01-27,2025-01-27:1,True,0,90,True,0.006535947712418301,0.006535947712418301,-0.38515211378386494,True,0,0,1,True,-1.2918394621464597,40.0,440.0,1.0,0.0,0.0,0.0,0.0
2025-01-27 20:25:00+00:00,2025-01-27,2025-01-27:1,True,0,95,True,-0.08280254777070063,0.023111335323977317,-1.2761356272590774,True,0,0,1,True,-1.6160000558938845,35.0,445.0,1.0,0.0,0.0,0.0,0.0
2025-01-27 20:30:00+00:00,2025-01-27,2025-01-27:1,True,0,100,True,-0.35403726708074534,0.35403726708074534,0.41230837873153464,True,0,0,1,True,0.6731655638665486,30.0,450.0,1.0,0.0,0.0,0.0,0.0
2025-01-27 20:35:00+00:00,2025-01-27,2025-01-27:1,True,0,105,True,0.3159420289855073,0.3159420289855073,-0.4500995430840402,True,0,0,1,True,-2.012906349952158,25.0,455.0,1.0,0.0,0.0,0.0,0.0
2025-01-27 20:40:00+00:00,2025-01-27,2025-01-27:1,True,0,110,True,-0.24057971014492754,0.153876967209436,-0.44689810086023124,True,0,0,1,True,0.20636070637629114,20.0,460.0,1.0,0.0,0.0,0.0,0.0
2025-01-27 20:45:00+00:00,2025-01-27,2025-01-27:1,True,0,115,True,-0.35362997658079626,0.35362997658079626,0.44937682653875466,True,0,0,1,True,0.23496718681565246,15.0,465.0,1.0,0.0,0.0,0.0,0.0
2025-01-27 20:50:00+00:00,2025-01-27,2025-01-27:1,True,0,120,True,0.10179640718562874,0.10179640718562874,0.0,True,0,0,1,True,0.0,10.0,470.0,1.0,0.0,0.0,0.0,0.0
2025-01-27 20:55:00+00:00,2025-01-27,2025-01-27:1,True,0,125,True,0.2159468438538206,0.2159468438538206,-1.6246852986965843,True,0,0,1,True,-2.4219378466212227,5.0,475.0,1.0,0.0,0.0,0.0,0.0
2025-01-27 21:00:00+00:00,2025-01-27,2025-01-27:1,True,3,5,True,-0.06818181818181818,0.023738339038017395,-1.0550865116983013,True,0,0,1,True,-1.4248661284566033,0.0,480.0,0.0,0.0,0.0,1.0,0.0
2025-01-28 13:00:00+00:00,2025-01-28,2025-01-28:1,False,-1,0,False,,,,False,0,0,0,False,,480.0,0.0,,,,,
2025-01-28 13:05:00+00:00,2025-01-28,2025-01-28:1,False,-1,0,True,-0.11560693641618497,,,False,0,0,0,False,,475.0,5.0,,,,,
2025-01-28 13:10:00+00:00,2025-01-28,2025-01-28:1,False,-1,0,True,-0.05806451612903226,,,False,0,0,0,False,,470.0,10.0,,,,,
2025-01-28 13:15:00+00:00,2025-01-28,2025-01-28:1,False,-1,0,True,-0.010101010101010102,,,False,0,0,0,False,,465.0,15.0,,,,,
2025-01-28 13:20:00+00:00,2025-01-28,2025-01-28:1,False,-1,0,True,0.07255520504731862,,,False,0,0,0,False,,460.0,20.0,,,,,
2025-01-28 13:25:00+00:00,2025-01-28,2025-01-28:1,False,-1,0,True,-0.15822784810126583,,,False,0,0,0,False,,455.0,25.0,,,,,
2025-01-28 13:30:00+00:00,2025-01-28,2025-01-28:1,False,-1,0,True,-0.10344827586206896,,,False,0,0,0,False,,450.0,30.0,,,,,
2025-01-28 13:35:00+00:00,2025-01-28,2025-01-28:1,False,-1,0,True,-0.16091954022988506,,,False,0,0,0,False,,445.0,35.0,,,,,
2025-01-28 13:40:00+00:00,2025-01-28,2025-01-28:1,False,-1,0,True,0.13291139240506328,,,False,0,0,0,False,,440.0,40.0,,,,,
2025-01-28 13:45:00+00:00,2025-01-28,2025-01-28:1,False,-1,0,True,0.13230769230769232,,,False,0,0,0,False,,435.0,45.0,,,,,
2025-01-28 13:50:00+00:00,2025-01-28,2025-01-28:1,False,-1,0,True,0.02824858757062147,,,False,0,0,0,False,,430.0,50.0,,,,,
2025-01-28 13:55:00+00:00,2025-01-28,2025-01-28:1,False,-1,0,True,-0.16666666666666666,,,False,0,0,0,False,,425.0,55.0,,,,,
2025-01-28 14:00:00+00:00,2025-01-28,2025-01-28:1,False,-1,0,True,0.16129032258064516,,,False,0,0,0,False,,420.0,60.0,,,,,
2025-01-28 14:05:00+00:00,2025-01-28,2025-01-28:1,True,0,5,True,-0.14626865671641792,0.14626865671641792,0.0,True,0,0,0,False,,415.0,65.0,1.0,0.0,0.0,0.0,0.0
2025-01-28 14:10:00+00:00,2025-01-28,2025-01-28:1,True,1,5,True,0.2990353697749196,0.0728704564083206,1.411878564970945,True,0,0,0,False,,410.0,70.0,0.0,1.0,0.0,0.0,0.0
2025-01-28 14:15:00+00:00,2025-01-28,2025-01-28:1,True,2,5,True,0.14285714285714285,0.14285714285714285,-0.36039481804911155,True,0,0,0,False,,405.0,75.0,0.0,0.0,1.0,0.0,0.0
2025-01-28 14:20:00+00:00,2025-01-28,2025-01-28:1,True,1,5,True,-0.13761467889908258,0.13761467889908258,1.4372353718945228,True,0,0,0,False,,400.0,80.0,0.0,1.0,0.0,0.0,0.0
2025-01-28 14:25:00+00:00,2025-01-28,2025-01-28:1,True,2,5,True,-0.0427807486631016,0.030139233500108244,-0.3502604422493312,True,0,0,0,False,,395.0,85.0,0.0,0.0,1.0,0.0,0.0
2025-01-28 14:30:00+00:00,2025-01-28,2025-01-28:1,True,0,5,True,0.054441260744985676,0.054441260744985676,-0.3532105735263821,True,0,0,0,False,,390.0,90.0,1.0,0.0,0.0,0.0,0.0
2025-01-28 14:35:00+00:00,2025-01-28,2025-01-28:1,True,1,5,True,-0.014749262536873156,0.014749262536873156,0.40389805712903953,True,0,0,0,False,,385.0,95.0,0.0,1.0,0.0,0.0,0.0
2025-01-28 14:40:00+00:00,2025-01-28,2025-01-28:1,True,0,5,True,-0.025477707006369428,0.004875374907812894,-1.6536068290941355,True,0,0,0,False,,380.0,100.0,1.0,0.0,0.0,0.0,0.0
2025-01-28 14:45:00+00:00,2025-01-28,2025-01-28:1,True,0,10,True,0.08411214953271028,0.022971916449489937,1.29787857591961,True,0,0,0,False,,375.0,105.0,1.0,0.0,0.0,0.0,0.0
2025-01-28 14:50:00+00:00,2025-01-28,2025-01-28:1,True,0,15,True,0.1871345029239766,0.12036112979338248,0.4413309867769144,True,0,0,0,False,,370.0,110.0,1.0,0.0,0.0,0.0,0.0
2025-01-28 14:55:00+00:00,2025-01-28,2025-01-28:1,True,0,20,True,0.12244897959183673,0.12244897959183673,-1.3803993597303124,True,0,0,0,False,,365.0,115.0,1.0,0.0,0.0,0.0,0.0
2025-01-28 15:00:00+00:00,2025-01-28,2025-01-28:1,True,0,25,True,-0.04950495049504951,0.03101044887110419,-0.4677484665237135,True,0,0,0,False,,360.0,120.0,1.0,0.0,0.0,0.0,0.0
2025-01-28 15:05:00+00:00,2025-01-28,2025-01-28:1,True,0,30,True,-0.010238907849829351,0.010238907849829351,0.9111833279691511,True,0,0,0,True,1.0187339306532015,355.0,125.0,1.0,0.0,0.0,0.0,0.0
2025-01-28 15:10:00+00:00,2025-01-28,2025-01-28:1,True,0,35,True,-0.18100890207715134,0.18100890207715134,0.0,True,0,0,0,True,0.9836043172230626,350.0,130.0,1.0,0.0,0.0,0.0,0.0
2025-01-28 15:15:00+00:00,2025-01-28,2025-01-28:1,True,0,40,True,-0.0219435736677116,0.0219435736677116,0.0,True,0,0,0,True,0.0,345.0,135.0,1.0,0.0,0.0,0.0,0.0
2025-01-28 15:20:00+00:00,2025-01-28,2025-01-28:1,True,0,45,True,0.05338078291814947,0.05338078291814947,-0.8976023063849776,True,0,0,0,True,1.0035498869172756,340.0,140.0,1.0,0.0,0.0,0.0,0.0
2025-01-28 15:25:00+00:00,2025-01-28,2025-01-28:1,True,0,50,True,-0.04878048780487805,0.04878048780487805,0.45666396123420394,True,0,0,0,True,2.0422633203880176,335.0,145.0,1.0,0.0,0.0,0.0,0.0
2025-01-28 15:30:00+00:00,2025-01-28,2025-01-28:1,True,1,5,True,-0.1111111111111111,0.1111111111111111,1.7778397806660688,True,0,0,0,True,4.388559794404096,330.0,150.0,0.0,1.0,0.0,0.0,0.0
2025-01-28 15:35:00+00:00,2025-01-28,2025-01-28:1,True,0,5,True,-0.17647058823529413,0.12157451813593034,-0.3726268308248441,True,0,0,0,True,0.45644249322433667,325.0,155.0,1.0,0.0,0.0,0.0,0.0
2025-01-28 15:40:00+00:00,2025-01-28,2025-01-28:1,True,1,5,True,0.1746987951807229,0.04001952973083437,1.4736957423792363,True,0,0,0,True,0.0,320.0,160.0,0.0,1.0,0.0,0.0,0.0
2025-01-28 15:45:00+00:00,2025-01-28,2025-01-28:1,True,2,5,True,0.10596026490066225,0.10596026490066225,0.0,True,0,0,0,True,0.0,315.0,165.0,0.0,0.0,1.0,0.0,0.0
2025-01-28 15:50:00+00:00,2025-01-28,2025-01-28:1,True,1,5,True,0.12804878048780488,0.09053500880859887,0.34667467531380425,True,0,0,0,True,-1.156392434174388,310.0,170.0,0.0,1.0,0.0,0.0,0.0
2025-01-28 15:55:00+00:00,2025-01-28,2025-01-28:1,True,2,5,True,-0.002849002849002849,0.0020476757491708964,-0.3302636864739791,True,0,0,0,True,-0.738492053455495,305.0,175.0,0.0,0.0,1.0,0.0,0.0
2025-01-28 16:00:00+00:00,2025-01-28,2025-01-28:1,True,0,5,True,0.14556962025316456,0.14556962025316456,0.0,True,0,0,0,True,-1.1952476690099063,300.0,180.0,1.0,0.0,0.0,0.0,0.0
2025-01-28 16:05:00+00:00,2025-01-28,2025-01-28:1,True,0,10,True,-0.24705882352941178,0.17743368159356426,-0.33102954593990846,True,0,0,0,True,-0.7402045672825249,295.0,185.0,1.0,0.0,0.0,0.0,0.0
2025-01-28 16:10:00+00:00,2025-01-28,2025-01-28:1,True,0,15,True,0.18238993710691823,0.0456594359065137,1.3849366199386879,True,0,0,0,True,1.5484062133558485,290.0,190.0,1.0,0.0,0.0,0.0,0.0
2025-01-28 16:15:00+00:00,2025-01-28,2025-01-28:1,True,0,20,True,0.10897435897435898,0.10897435897435898,-1.334066308088358,True,0,0,0,True,0.3999127454045414,285.0,195.0,1.0,0.0,0.0,0.0,0.0
2025-01-28 16:20:00+00:00,2025-01-28,2025-01-28:1,True,0,25,True,-0.1751412429378531,0.06278180118403405,-1.0259275094797073,True,0,0,0,True,-0.7646812170626773,280.0,200.0,1.0,0.0,0.0,0.0,0.0
2025-01-28 16:25:00+00:00,2025-01-28,2025-01-28:1,True,0,30,True,0.25878594249201275,0.1850468082140698,0.33539243266624497,True,0,0,0,True,0.3499335951782129,275.0,205.0,1.0,0.0,0.0,0.0,0.0
2025-01-28 16:30:00+00:00,2025-01-28,2025-01-28:1,True,3,5,True,0.029197080291970802,0.029197080291970802,-1.3442420765060539,True,0,0,0,True,0.0,270.0,210.0,0.0,0.0,0.0,1.0,0.0
2025-01-28 16:35:00+00:00,2025-01-28,2025-01-28:1,True,3,10,True,-0.18518518518518517,0.1252711612155713,-0.39087564789675705,True,0,0,0,True,0.0,265.0,215.0,0.0,0.0,0.0,1.0,0.0
2025-01-28 16:40:00+00:00,2025-01-28,2025-01-28:1,True,4,5,True,0.2246153846153846,0.14916901371132188,0.4093095545001974,True,1,0,0,True,0.9152439877025965,260.0,220.0,0.0,0.0,0.0,0.0,1.0
2025-01-28 16:45:00+00:00,2025-01-28,2025-01-28:1,True,3,5,True,0.12211221122112212,0.12211221122112212,-0.43045535009641916,True,1,0,0,True,-0.962527424094064,255.0,225.0,0.0,0.0,0.0,1.0,0.0
2025-01-28 16:50:00+00:00,2025-01-28,2025-01-28:1,True,0,5,True,-0.032640949554896145,0.032640949554896145,0.0,True,1,0,0,True,1.4940943671183389,250.0,230.0,1.0,0.0,0.0,0.0,0.0
2025-01-28 16:55:00+00:00,2025-01-28,2025-01-28:1,True,4,5,True,-0.13573407202216067,0.13573407202216067,0.0,True,1,0,0,True,0.08003593041233821,245.0,235.0,0.0,0.0,0.0,0.0,1.0
2025-01-28 17:00:00+00:00,2025-01-28,2025-01-28:1,True,0,5,True,0.01529051987767584,0.004596260308564228,1.2019900240675447,True,0,0,0,True,-0.5036775396953292,240.0,240.0,1.0,0.0,0.0,0.0,0.0
2025-01-28 17:05:00+00:00,2025-01-28,2025-01-28:1,True,0,10,True,0.13312693498452013,0.10447718311082199,0.2423343673256861,True,0,0,0,True,-1.0837522372492763,235.0,245.0,1.0,0.0,0.0,0.0,0.0
2025-01-28 17:10:00+00:00,2025-01-28,2025-01-28:1,True,0,15,True,-0.01718213058419244,0.0063365379137679334,-0.9975373753299493,True,0,0,0,True,0.519151383756614,230.0,250.0,1.0,0.0,0.0,0.0,0.0
2025-01-28 17:15:00+00:00,2025-01-28,2025-01-28:1,True,1,5,True,-0.27520435967302453,0.27520435967302453,2.3506143457184474,True,0,0,0,True,2.3348806023651436,225.0,255.0,0.0,1.0,0.0,0.0,0.0
2025-01-28 17:20:00+00:00,2025-01-28,2025-01-28:1,True,1,10,True,0.10738255033557047,0.022698635571453487,1.5540928795800273,True,0,0,0,True,0.9928735205961468,220.0,260.0,0.0,1.0,0.0,0.0,0.0
2025-01-28 17:25:00+00:00,2025-01-28,2025-01-28:1,True,1,15,True,0.15985130111524162,0.04426009421105585,1.2841605518708485,True,0,0,0,True,0.9571567626680472,215.0,265.0,0.0,1.0,0.0,0.0,0.0
2025-01-28 17:30:00+00:00,2025-01-28,2025-01-28:1,True,2,5,True,0.2635135135135135,0.2635135135135135,-1.6763713159335714,True,0,0,0,True,-1.1663908721925167,210.0,270.0,0.0,0.0,1.0,0.0,0.0
2025-01-28 17:35:00+00:00,2025-01-28,2025-01-28:1,True,1,5,True,-0.21428571428571427,0.21428571428571427,1.26229883529512,True,0,0,0,True,1.3632813315898817,205.0,275.0,0.0,1.0,0.0,0.0,0.0
2025-01-28 17:40:00+00:00,2025-01-28,2025-01-28:1,True,2,5,True,0.07894736842105263,0.07894736842105263,0.0,True,0,0,0,True,0.9224757657871722,200.0,280.0,0.0,0.0,1.0,0.0,0.0
2025-01-28 17:45:00+00:00,2025-01-28,2025-01-28:1,True,2,10,True,0.1118421052631579,0.1118421052631579,-0.4086814452712618,True,0,0,0,True,0.0,195.0,285.0,0.0,0.0,1.0,0.0,0.0
2025-01-28 17:50:00+00:00,2025-01-28,2025-01-28:1,True,0,5,True,0.07692307692307693,0.03378741258233027,0.8227175971998049,True,0,0,0,True,-0.40614073184159943,190.0,290.0,1.0,0.0,0.0,0.0,0.0
2025-01-28 17:55:00+00:00,2025-01-28,2025-01-28:1,True,0,10,True,0.23659305993690852,0.157700711405477,0.40564261355059916,True,0,0,0,True,0.0,185.0,295.0,1.0,0.0,0.0,0.0,0.0
2025-01-28 18:00:00+00:00,2025-01-28,2025-01-28:1,True,0,15,True,0.13527851458885942,0.13527851458885942,-1.197600436954874,True,0,0,0,True,0.4582491950144377,180.0,300.0,1.0,0.0,0.0,0.0,0.0
2025-01-28 18:05:00+00:00,2025-01-28,2025-01-28:1,True,0,20,True,-0.01557632398753894,0.01557632398753894,0.5870264693461495,True,0,0,0,True,0.4038397656879545,175.0,305.0,1.0,0.0,0.0,0.0,0.0
2025-01-28 18:10:00+00:00,2025-01-28,2025-01-28:1,True,0,25,True,-0.3569482288828338,0.11158675674504102,-1.1627883783821429,True,0,0,0,True,0.8666912858380482,170.0,310.0,1.0,0.0,0.0,0.0,0.0
2025-01-28 18:15:00+00:00,2025-01-28,2025-01-28:1,True,0,30,True,-0.0967741935483871,0.045659455836437365,-0.751169639864705,True,0,0,0,True,-3.3593327547406457,165.0,315.0,1.0,0.0,0.0,0.0,0.0
2025-01-28 18:20:00+00:00,2025-01-28,2025-01-28:1,True,0,35,True,0.13333333333333333,0.05505023611105626,0.884606106251203,True,0,0,0,True,0.8744764914293656,160.0,320.0,1.0,0.0,0.0,0.0,0.0
2025-01-28 18:25:00+00:00,2025-01-28,2025-01-28:1,True,3,5,True,0.08108108108108109,0.08108108108108109,-0.5667894804070885,True,0,0,0,True,-0.8449198714154905,155.0,325.0,0.0,0.0,0.0,1.0,0.0
2025-01-28 18:30:00+00:00,2025-01-28,2025-01-28:1,True,0,5,True,-0.34946236559139787,0.23968016709374632,-0.37709047768248044,True,0,0,0,True,-0.4215999708829469,150.0,330.0,1.0,0.0,0.0,0.0,0.0
2025-01-28 18:35:00+00:00,2025-01-28,2025-01-28:1,True,0,10,True,0.2014388489208633,0.08764784804081158,0.8321587966914196,True,0,0,0,True,0.0,145.0,335.0,1.0,0.0,0.0,0.0,0.0
2025-01-28 18:40:00+00:00,2025-01-28,2025-01-28:1,True,0,15,True,-0.14864864864864866,0.14864864864864866,0.3313373850128702,True,0,0,0,True,0.2571153507878201,140.0,340.0,1.0,0.0,0.0,0.0,0.0
2025-01-28 18:45:00+00:00,2025-01-28,2025-01-28:1,True,0,20,True,-0.06918238993710692,0.06918238993710692,0.3282970633292546,True,0,0,0,True,1.4681891008334471,135.0,345.0,1.0,0.0,0.0,0.0,0.0
2025-01-28 18:50:00+00:00,2025-01-28,2025-01-28:1,True,0,25,True,-0.12871287128712872,0.06836496101299049,-0.6327236921188597,True,0,0,0,True,0.943065982317048,130.0,350.0,1.0,0.0,0.0,0.0,0.0
2025-01-28 18:55:00+00:00,2025-01-28,2025-01-28:1,True,1,5,True,0.03773584905660377,0.004410710454019443,2.146574768821847,True,0,0,0,True,0.8712384639962683,125.0,355.0,0.0,1.0,0.0,0.0,0.0
2025-01-28 19:00:00+00:00,2025-01-28,2025-01-28:1,True,2,5,True,0.020689655172413793,0.020689655172413793,0.0,True,0,0,0,True,-0.6804316151107811,120.0,360.0,0.0,0.0,1.0,0.0,0.0
2025-01-28 19:05:00+00:00,2025-01-28,2025-01-28:1,True,2,10,True,0.12684365781710916,0.12684365781710916,0.0,True,0,0,0,True,0.0,115.0,365.0,0.0,0.0,1.0,0.0,0.0
2025-01-28 19:10:00+00:00,2025-01-28,2025-01-28:1,True,1,5,True,-0.18900343642611683,0.18900343642611683,1.886098046007732,True,0,0,0,True,1.148952361167905,110.0,370.0,0.0,1.0,0.0,0.0,0.0
2025-01-28 19:15:00+00:00,2025-01-28,2025-01-28:1,True,1,10,True,-0.22,0.22,1.1665694108333569,True,0,0,0,True,0.325977063094233,105.0,375.0,0.0,1.0,0.0,0.0,0.0
2025-01-28 19:20:00+00:00,2025-01-28,2025-01-28:1,True,2,5,True,-0.12280701754385964,0.034418231974164964,-1.2720277369745623,True,0,0,0,True,-1.6223660858697269,100.0,380.0,0.0,0.0,1.0,0.0,0.0
2025-01-28 19:25:00+00:00,2025-01-28,2025-01-28:1,True,0,5,True,0.028391167192429023,0.028391167192429023,-1.2114434125040379,True,0,0,0,True,-1.242691478131884,95.0,385.0,1.0,0.0,0.0,0.0,0.0
2025-01-28 19:30:00+00:00,2025-01-28,2025-01-28:1,True,0,10,True,-0.06451612903225806,0.03645380680110034,-0.5708693630679768,True,0,0,0,True,-0.3191256755243615,90.0,390.0,1.0,0.0,0.0,0.0,0.0
2025-01-28 19:35:00+00:00,2025-01-28,2025-01-28:1,True,0,15,True,0.1263537906137184,0.060510303507653046,0.7362721778362012,True,0,0,0,True,0.9878127837490132,85.0,395.0,1.0,0.0,0.0,0.0,0.0
2025-01-28 19:40:00+00:00,2025-01-28,2025-01-28:1,True,0,20,True,0.11041009463722397,0.011148499855380998,2.292896619858041,True,0,0,0,True,-0.15618616634411406,80.0,400.0,1.0,0.0,0.0,0.0,0.0
2025-01-28 19:45:00+00:00,2025-01-28,2025-01-28:1,True,0,25,True,-0.18624641833810887,0.10375711005085243,-0.5850179393020284,True,0,0,0,True,-2.289244790586923,75.0,405.0,1.0,0.0,0.0,0.0,0.0
2025-01-28 19:50:00+00:00,2025-01-28,2025-01-28:1,True,0,30,True,-0.054313099041533544,0.054313099041533544,0.8635514210453602,True,0,0,0,True,0.5209362907833995,70.0,410.0,1.0,0.0,0.0,0.0,0.0
2025-01-28 19:55:00+00:00,2025-01-28,2025-01-28:1,True,2,5,True,-0.03592814371257485,0.023177631888902542,-0.43833326492544533,True,0,0,0,True,0.14454783134954843,65.0,415.0,0.0,0.0,1.0,0.0,0.0
2025-01-28 20:00:00+00:00,2025-01-28,2025-01-28:1,True,1,5,True,0.11314984709480122,0.03474118512717349,1.180787146301897,True,0,0,0,True,1.9802402445658354,60.0,420.0,0.0,1.0,0.0,0.0,0.0
2025-01-28 20:05:00+00:00,2025-01-28,2025-01-28:1,True,2,5,True,0.026865671641791045,0.02011096637081676,0.2895840676207931,True,0,0,0,True,-1.1199558085982242,55.0,425.0,0.0,0.0,1.0,0.0,0.0
2025-01-28 20:10:00+00:00,2025-01-28,2025-01-28:1,True,0,5,True,0.046263345195729534,0.046263345195729534,-0.15116382995156943,True,0,0,0,True,-0.6760251990218561,50.0,430.0,1.0,0.0,0.0,0.0,0.0
2025-01-28 20:15:00+00:00,2025-01-28,2025-01-28:1,True,0,10,True,-0.16614420062695925,0.1220297608008635,-0.308591133774239,True,0,0,0,True,0.6900307523748909,45.0,435.0,1.0,0.0,0.0,0.0,0.0
2025-01-28 20:20:00+00:00,2025-01-28,2025-01-28:1,True,0,15,True,0.053003533568904596,0.053003533568904596,-0.3083009973237974,True,0,0,0,True,0.20903328945307117,40.0,440.0,1.0,0.0,0.0,0.0,0.0
2025-01-28 20:25:00+00:00,2025-01-28,2025-01-28:1,True,1,5,True,0.031055900621118012,0.006707547645885187,1.5325554197647526,True,0,0,0,True,0.6853796195751631,35.0,445.0,0.0,1.0,0.0,0.0,0.0
2025-01-28 20:30:00+00:00,2025-01-28,2025-01-28:1,True,0,5,True,0.07540983606557378,0.07540983606557378,-0.33486082283257074,True,0,0,0,True,0.5725126403748535,30.0,450.0,1.0,0.0,0.0,0.0,0.0
2025-01-28 20:35:00+00:00,2025-01-28,2025-01-28:1,True,0,10,True,0.15555555555555556,0.07607254802019657,0.715315474088687,True,0,0,0,True,1.5994940254197936,25.0,455.0,1.0,0.0,0.0,0.0,0.0
2025-01-28 20:40:00+00:00,2025-01-28,2025-01-28:1,True,0,15,True,-0.20521172638436483,0.20521172638436483,0.35765773704536935,True,0,0,0,True,0.5843337280731116,20.0,460.0,1.0,0.0,0.0,0.0,0.0
2025-01-28 20:45:00+00:00,2025-01-28,2025-01-28:1,True,1,5,True,-0.030120481927710843,0.030120481927710843,0.35948095520117357,True,0,0,0,True,0.22140154668460718,15.0,465.0,0.0,1.0,0.0,0.0,0.0
2025-01-28 20:50:00+00:00,2025-01-28,2025-01-28:1,True,2,5,True,-0.14942528735632185,0.10097284158713744,-0.3919449322834778,True,0,0,0,True,1.126096267660769,10.0,470.0,0.0,0.0,1.0,0.0,0.0
2025-01-28 20:55:00+00:00,2025-01-28,2025-01-28:1,True,1,5,True,0.00911854103343465,0.001982848722895416,1.525775257248938,True,0,0,0,True,0.8529342983983575,5.0,475.0,0.0,1.0,0.0,0.0,0.0
2025-01-28 21:00:00+00:00,2025-01-28,2025-01-28:1,True,2,5,True,0.10780669144981413,0.10780669144981413,-0.3825163796186139,True,0,0,0,True,-0.8553326273343357,0.0,480.0,0.0,0.0,1.0,0.0,0.0
2025-01-29 13:00:00+00:00,2025-01-29,2025-01-29:1,False,-1,0,False,,,,False,0,0,0,False,,480.0,0.0,,,,,
2025-01-29 13:05:00+00:00,2025-01-29,2025-01-29:1,False,-1,0,True,-0.032640949554896145,,,False,0,0,0,False,,475.0,5.0,,,,,
2025-01-29 13:10:00+00:00,2025-01-29,2025-01-29:1,False,-1,0,True,0.058419243986254296,,,False,0,0,0,False,,470.0,10.0,,,,,
2025-01-29 13:15:00+00:00,2025-01-29,2025-01-29:1,False,-1,0,True,0.25,,,False,0,0,0,False,,465.0,15.0,,,,,
2025-01-29 13:20:00+00:00,2025-01-29,2025-01-29:1,False,-1,0,True,-0.2618296529968454,,,False,0,0,0,False,,460.0,20.0,,,,,
2025-01-29 13:25:00+00:00,2025-01-29,2025-01-29:1,False,-1,0,True,0.21301775147928995,,,False,0,0,0,False,,455.0,25.0,,,,,
2025-01-29 13:30:00+00:00,2025-01-29,2025-01-29:1,False,-1,0,True,0.12144702842377261,,,False,0,0,0,False,,450.0,30.0,,,,,
2025-01-29 13:35:00+00:00,2025-01-29,2025-01-29:1,False,-1,0,True,-0.21763085399449036,,,False,0,0,0,False,,445.0,35.0,,,,,
2025-01-29 13:40:00+00:00,2025-01-29,2025-01-29:1,False,-1,0,True,-0.058823529411764705,,,False,0,0,0,False,,440.0,40.0,,,,,
2025-01-29 13:45:00+00:00,2025-01-29,2025-01-29:1,False,-1,0,True,0.22758620689655173,,,False,0,0,0,False,,435.0,45.0,,,,,
2025-01-29 13:50:00+00:00,2025-01-29,2025-01-29:1,False,-1,0,True,0.5897435897435898,,,False,0,0,0,False,,430.0,50.0,,,,,
2025-01-29 13:55:00+00:00,2025-01-29,2025-01-29:1,False,-1,0,True,0.020172910662824207,,,False,0,0,0,False,,425.0,55.0,,,,,
2025-01-29 14:00:00+00:00,2025-01-29,2025-01-29:1,False,-1,0,True,-0.14838709677419354,,,False,0,0,0,False,,420.0,60.0,,,,,
2025-01-29 14:05:00+00:00,2025-01-29,2025-01-29:1,True,3,5,True,-0.05846153846153846,0.011040514171378258,-1.6667974625599948,True,0,0,0,False,,415.0,65.0,0.0,0.0,0.0,1.0,0.0
2025-01-29 14:10:00+00:00,2025-01-29,2025-01-29:1,True,3,10,True,0.18181818181818182,0.18181818181818182,-0.9554548564989196,True,0,0,0,False,,410.0,70.0,0.0,0.0,0.0,1.0,0.0
2025-01-29 14:15:00+00:00,2025-01-29,2025-01-29:1,True,4,5,True,-0.024242424242424242,0.024242424242424242,0.0,True,0,0,0,False,,405.0,75.0,0.0,0.0,0.0,0.0,1.0
2025-01-29 14:20:00+00:00,2025-01-29,2025-01-29:1,True,0,5,True,-0.15894039735099338,0.15894039735099338,1.8831609592848382,True,0,0,0,False,,400.0,80.0,1.0,0.0,0.0,0.0,0.0
2025-01-29 14:25:00+00:00,2025-01-29,2025-01-29:1,True,3,5,True,-0.06397306397306397,0.004786507795485223,-2.592661035302962,True,0,0,0,False,,395.0,85.0,0.0,0.0,0.0,1.0,0.0
2025-01-29 14:30:00+00:00,2025-01-29,2025-01-29:1,True,4,5,True,0.17307692307692307,0.17307692307692307,-0.12811403025332313,True,0,0,0,False,,390.0,90.0,0.0,0.0,0.0,0.0,1.0
2025-01-29 14:35:00+00:00,2025-01-29,2025-01-29:1,True,4,10,True,0.19533527696793002,0.19533527696793002,0.0,True,0,0,0,False,,385.0,95.0,0.0,0.0,0.0,0.0,1.0
2025-01-29 14:40:00+00:00,2025-01-29,2025-01-29:1,True,0,5,True,0.43175487465181056,0.43175487465181056,0.0,True,0,0,0,False,,380.0,100.0,1.0,0.0,0.0,0.0,0.0
2025-01-29 14:45:00+00:00,2025-01-29,2025-01-29:1,True,0,10,True,-0.014326647564469915,0.014326647564469915,0.5477225575055,True,0,0,0,False,,375.0,105.0,1.0,0.0,0.0,0.0,0.0
2025-01-29 14:50:00+00:00,2025-01-29,2025-01-29:1,True,3,5,True,-0.09657320872274143,0.07243507255405243,-0.28761075070057807,True,0,0,0,False,,370.0,110.0,0.0,0.0,0.0,1.0,0.0
2025-01-29 14:55:00+00:00,2025-01-29,2025-01-29:1,True,0,5,True,0.22358722358722358,0.22358722358722358,0.0,True,0,0,0,False,,365.0,115.0,1.0,0.0,0.0,0.0,0.0
2025-01-29 15:00:00+00:00,2025-01-29,2025-01-29:1,True,0,10,True,-0.12352941176470589,0.09180917830397886,-0.2967670055018489,True,0,0,0,False,,360.0,120.0,1.0,0.0,0.0,0.0,0.0
2025-01-29 15:05:00+00:00,2025-01-29,2025-01-29:1,True,0,15,True,-0.3622291021671827,0.14804445866558347,-0.8947642655140058,True,0,0,0,True,-0.8211982443399691,355.0,125.0,1.0,0.0,0.0,0.0,0.0
2025-01-29 15:10:00+00:00,2025-01-29,2025-01-29:1,True,0,20,True,0.13138686131386862,0.13138686131386862,-0.30536346756171956,True,0,0,0,True,0.0,350.0,130.0,1.0,0.0,0.0,0.0,0.0
2025-01-29 15:15:00+00:00,2025-01-29,2025-01-29:1,True,4,5,True,-0.1297709923664122,0.1297709923664122,0.0,True,0,0,0,True,-0.6909490965902565,345.0,135.0,0.0,0.0,0.0,0.0,1.0
2025-01-29 15:20:00+00:00,2025-01-29,2025-01-29:1,True,0,5,True,0.13725490196078433,0.03645407777883567,1.3257864698967137,True,0,0,0,True,0.9285854194873847,340.0,140.0,1.0,0.0,0.0,0.0,0.0
2025-01-29 15:25:00+00:00,2025-01-29,2025-01-29:1,True,0,10,True,-0.1419753086419753,0.1419753086419753,0.3929159000251069,True,0,0,0,True,0.0,335.0,145.0,1.0,0.0,0.0,0.0,0.0
2025-01-29 15:30:00+00:00,2025-01-29,2025-01-29:1,True,3,5,True,-0.14540059347181009,0.0005025026691662425,-5.667646974029799,True,0,0,0,True,-12.44571632473529,330.0,150.0,0.0,0.0,0.0,1.0,0.0
2025-01-29 15:35:00+00:00,2025-01-29,2025-01-29:1,True,4,5,True,0.057750759878419454,0.057750759878419454,-0.11141557498735623,True,0,0,0,True,-0.23151426378996823,325.0,155.0,0.0,0.0,0.0,0.0,1.0
2025-01-29 15:40:00+00:00,2025-01-29,2025-01-29:1,True,3,5,True,0.050397877984084884,0.050397877984084884,-0.44373701614881733,True,0,0,0,True,-0.26912392090565357,320.0,160.0,0.0,0.0,0.0,1.0,0.0
2025-01-29 15:45:00+00:00,2025-01-29,2025-01-29:1,True,4,5,True,-0.05475504322766571,0.05475504322766571,0.22047792432228186,True,1,0,0,True,0.0,315.0,165.0,0.0,0.0,0.0,0.0,1.0
2025-01-29 15:50:00+00:00,2025-01-29,2025-01-29:1,True,3,5,True,-0.2425249169435216,0.13158387257518042,-0.6114599928209734,True,1,0,0,True,1.0714337103722336,310.0,170.0,0.0,0.0,0.0,1.0,0.0
2025-01-29 15:55:00+00:00,2025-01-29,2025-01-29:1,True,4,5,True,0.1581769436997319,0.09583726557255168,0.5010627004551286,True,1,0,0,True,0.0,305.0,175.0,0.0,0.0,0.0,0.0,1.0
2025-01-29 16:00:00+00:00,2025-01-29,2025-01-29:1,True,0,5,True,-0.24381625441696114,0.24381625441696114,0.0,True,1,0,0,True,0.5783793255878877,300.0,180.0,1.0,0.0,0.0,0.0,0.0
2025-01-29 16:05:00+00:00,2025-01-29,2025-01-29:1,True,0,10,True,0.0457516339869281,0.0457516339869281,-0.8017003207279106,True,0,1,1,True,-1.0058013869647642,295.0,185.0,1.0,0.0,0.0,0.0,0.0
2025-01-29 16:10:00+00:00,2025-01-29,2025-01-29:1,True,0,15,True,-0.07179487179487179,0.07179487179487179,0.5957407024168396,True,0,0,1,True,0.5427300229919713,290.0,190.0,1.0,0.0,0.0,0.0,0.0
2025-01-29 16:15:00+00:00,2025-01-29,2025-01-29:1,True,0,20,True,-0.021806853582554516,0.021806853582554516,1.3787805021785149,True,0,0,1,True,0.9700821015122457,285.0,195.0,1.0,0.0,0.0,0.0,0.0
2025-01-29 16:20:00+00:00,2025-01-29,2025-01-29:1,True,0,25,True,0.2742857142857143,0.2742857142857143,-0.969041722003831,True,0,0,1,True,-0.25492214136957125,280.0,200.0,1.0,0.0,0.0,0.0,0.0
2025-01-29 16:25:00+00:00,2025-01-29,2025-01-29:1,True,0,30,True,-0.2,0.2,0.2886241814330197,True,0,0,1,True,0.34513472645938176,275.0,205.0,1.0,0.0,0.0,0.0,0.0
2025-01-29 16:30:00+00:00,2025-01-29,2025-01-29:1,True,0,35,True,0.1558073654390935,0.1558073654390935,-0.384809604054699,True,0,0,1,True,-0.13183341472373605,270.0,210.0,1.0,0.0,0.0,0.0,0.0
2025-01-29 16:35:00+00:00,2025-01-29,2025-01-29:1,True,0,40,True,0.21710526315789475,0.21710526315789475,-0.8192440009513863,True,0,0,1,True,-0.13282006047315598,265.0,215.0,1.0,0.0,0.0,0.0,0.0
2025-01-29 16:40:00+00:00,2025-01-29,2025-01-29:1,True,0,45,True,0.17117117117117117,0.0911381940451187,0.6302870863699844,True,0,0,1,True,-1.1274918163711736,260.0,220.0,1.0,0.0,0.0,0.0,0.0
2025-01-29 16:45:00+00:00,2025-01-29,2025-01-29:1,True,0,50,True,0.12209302325581395,0.10759983859341098,0.12636409222678427,True,0,0,1,True,0.2825587001341424,255.0,225.0,1.0,0.0,0.0,0.0,0.0
2025-01-29 16:50:00+00:00,2025-01-29,2025-01-29:1,True,0,55,True,-0.09365558912386707,0.04479046150245434,-0.7376289042300926,True,0,0,1,True,-0.9533539123612683,250.0,230.0,1.0,0.0,0.0,0.0,0.0
2025-01-29 16:55:00+00:00,2025-01-29,2025-01-29:1,True,3,5,True,-0.06382978723404255,0.035758422100350365,-0.5794341413189585,True,0,0,1,True,0.12221697226713207,245.0,235.0,0.0,0.0,0.0,1.0,0.0
2025-01-29 17:00:00+00:00,2025-01-29,2025-01-29:1,True,0,5,True,-0.058823529411764705,0.058823529411764705,0.290389168981044,True,0,0,1,True,0.6493299217712878,240.0,240.0,1.0,0.0,0.0,0.0,0.0
2025-01-29 17:05:00+00:00,2025-01-29,2025-01-29:1,True,0,10,True,0.04054054054054054,0.04054054054054054,0.0,True,0,0,1,True,0.6664157098844667,235.0,245.0,1.0,0.0,0.0,0.0,0.0
2025-01-29 17:10:00+00:00,2025-01-29,2025-01-29:1,True,0,15,True,-0.17834394904458598,0.17834394904458598,0.0,True,0,0,1,True,-0.6870683675787785,230.0,250.0,1.0,0.0,0.0,0.0,0.0
2025-01-29 17:15:00+00:00,2025-01-29,2025-01-29:1,True,0,20,True,-0.15333333333333332,0.15333333333333332,0.3154490157193167,True,0,0,1,True,0.0,225.0,255.0,1.0,0.0,0.0,0.0,0.0
2025-01-29 17:20:00+00:00,2025-01-29,2025-01-29:1,True,0,25,True,-0.047619047619047616,0.047619047619047616,0.6654667335155195,True,0,0,1,True,0.7440144264527196,220.0,260.0,1.0,0.0,0.0,0.0,0.0
2025-01-29 17:25:00+00:00,2025-01-29,2025-01-29:1,True,1,5,True,0.11711711711711711,0.05824702423404765,0.6984814301012395,True,0,0,1,True,0.0,215.0,265.0,0.0,1.0,0.0,0.0,0.0
2025-01-29 17:30:00+00:00,2025-01-29,2025-01-29:1,True,0,5,True,0.058419243986254296,0.058419243986254296,-1.0745031339930464,True,0,0,1,True,0.0,210.0,270.0,1.0,0.0,0.0,0.0,0.0
2025-01-29 17:35:00+00:00,2025-01-29,2025-01-29:1,True,0,10,True,-0.18012422360248448,0.18012422360248448,0.0,True,0,0,1,True,0.0,205.0,275.0,1.0,0.0,0.0,0.0,0.0
2025-01-29 17:40:00+00:00,2025-01-29,2025-01-29:1,True,0,15,True,-0.11036789297658862,0.06833686323903833,-0.47936992076515894,True,0,0,1,True,-1.0719037291995834,200.0,280.0,1.0,0.0,0.0,0.0,0.0
2025-01-29 17:45:00+00:00,2025-01-29,2025-01-29:1,True,1,5,True,-0.0125,0.0125,3.232066077477294,True,0,0,1,True,2.064891273432781,195.0,285.0,0.0,1.0,0.0,0.0,0.0
2025-01-29 17:50:00+00:00,2025-01-29,2025-01-29:1,True,0,5,True,-0.03880597014925373,0.015735989089913666,-0.9026237168522686,True,0,0,1,True,0.0,190.0,290.0,1.0,0.0,0.0,0.0,0.0
2025-01-29 17:55:00+00:00,2025-01-29,2025-01-29:1,True,0,10,True,0.06306306306306306,0.06306306306306306,0.0,True,0,0,1,True,0.0,185.0,295.0,1.0,0.0,0.0,0.0,0.0
2025-01-29 18:00:00+00:00,2025-01-29,2025-01-29:1,True,1,5,True,0.007058823529411765,0.005522033126951389,0.24553228615013403,True,0,0,1,True,0.5750023393792044,180.0,300.0,0.0,1.0,0.0,0.0,0.0
2025-01-29 18:05:00+00:00,2025-01-29,2025-01-29:1,True,0,5,True,0.022653721682847898,0.022653721682847898,-0.9432902838347027,True,0,0,1,True,-1.0546305985847333,175.0,305.0,1.0,0.0,0.0,0.0,0.0
2025-01-29 18:10:00+00:00,2025-01-29,2025-01-29:1,True,1,5,True,0.19760479041916168,0.04492492369704625,1.4812762938156294,True,0,0,1,True,0.08835798836478953,170.0,310.0,0.0,1.0,0.0,0.0,0.0
2025-01-29 18:15:00+00:00,2025-01-29,2025-01-29:1,True,0,5,True,0.02608695652173913,0.02608695652173913,-0.18319624619195005,True,0,0,1,True,0.8192785194159746,165.0,315.0,1.0,0.0,0.0,0.0,0.0
2025-01-29 18:20:00+00:00,2025-01-29,2025-01-29:1,True,0,10,True,-0.05723905723905724,0.013473699860481702,-1.4464968574030799,True,0,0,1,True,-0.7808027478466897,160.0,320.0,1.0,0.0,0.0,0.0,0.0
2025-01-29 18:25:00+00:00,2025-01-29,2025-01-29:1,True,0,15,True,0.04424778761061947,0.04424778761061947,-0.3533662757935643,True,0,0,1,True,-1.5803020272584505,155.0,325.0,1.0,0.0,0.0,0.0,0.0
2025-01-29 18:30:00+00:00,2025-01-29,2025-01-29:1,True,0,20,True,0.3263157894736842,0.16264256952468908,0.6963106238231421,True,0,0,1,True,-0.809176303680994,150.0,330.0,1.0,0.0,0.0,0.0,0.0
2025-01-29 18:35:00+00:00,2025-01-29,2025-01-29:1,True,0,25,True,-0.06515580736543909,0.06515580736543909,0.0,True,0,0,1,True,-0.053101934703937786,145.0,335.0,1.0,0.0,0.0,0.0,0.0
2025-01-29 18:40:00+00:00,2025-01-29,2025-01-29:1,True,0,30,True,0.3056379821958457,0.3056379821958457,0.0,True,0,0,1,True,-0.06589432537235945,140.0,340.0,1.0,0.0,0.0,0.0,0.0
2025-01-29 18:45:00+00:00,2025-01-29,2025-01-29:1,True,0,35,True,-0.014705882352941176,0.014705882352941176,0.3444021384517431,True,0,0,1,True,-0.7701065931765806,135.0,345.0,1.0,0.0,0.0,0.0,0.0
2025-01-29 18:50:00+00:00,2025-01-29,2025-01-29:1,True,0,40,True,0.15112540192926044,0.15112540192926044,0.0,True,0,0,1,True,-0.7944359907600048,130.0,350.0,1.0,0.0,0.0,0.0,0.0
2025-01-29 18:55:00+00:00,2025-01-29,2025-01-29:1,True,0,45,True,-0.34782608695652173,0.24561996161538946,-0.3479171348270023,True,0,0,1,True,0.0,125.0,355.0,1.0,0.0,0.0,0.0,0.0
2025-01-29 19:00:00+00:00,2025-01-29,2025-01-29:1,True,0,50,True,-0.033707865168539325,0.033707865168539325,0.3610910416103881,True,0,0,1,True,-0.8074241151093277,120.0,360.0,1.0,0.0,0.0,0.0,0.0
2025-01-29 19:05:00+00:00,2025-01-29,2025-01-29:1,True,0,55,True,-0.03225806451612903,0.03225806451612903,0.3586310013157596,True,0,0,1,True,0.801923297780855,115.0,365.0,1.0,0.0,0.0,0.0,0.0
2025-01-29 19:10:00+00:00,2025-01-29,2025-01-29:1,True,0,60,True,0.002932551319648094,0.002932551319648094,0.0,True,0,0,1,True,0.07960877392110223,110.0,370.0,1.0,0.0,0.0,0.0,0.0
2025-01-29 19:15:00+00:00,2025-01-29,2025-01-29:1,True,0,65,True,-0.17880794701986755,0.17880794701986755,0.47192324006187153,True,0,0,1,True,0.0,105.0,375.0,1.0,0.0,0.0,0.0,0.0
2025-01-29 19:20:00+00:00,2025-01-29,2025-01-29:1,True,0,70,True,-0.039711191335740074,0.039711191335740074,0.48172093987402076,True,0,0,1,True,0.0,100.0,380.0,1.0,0.0,0.0,0.0,0.0
2025-01-29 19:25:00+00:00,2025-01-29,2025-01-29:1,True,1,5,True,0.05846153846153846,0.035177787721134016,0.5079542230480292,True,0,0,1,True,2.2489241632320383,95.0,385.0,0.0,1.0,0.0,0.0,0.0
2025-01-29 19:30:00+00:00,2025-01-29,2025-01-29:1,True,0,5,True,0.032679738562091505,0.032679738562091505,-1.5205414970075706,True,0,0,1,True,0.0,90.0,390.0,1.0,0.0,0.0,0.0,0.0
2025-01-29 19:35:00+00:00,2025-01-29,2025-01-29:1,True,0,10,True,-0.020289855072463767,0.020289855072463767,0.0,True,0,0,1,True,0.07696629282470704,85.0,395.0,1.0,0.0,0.0,0.0,0.0
2025-01-29 19:40:00+00:00,2025-01-29,2025-01-29:1,True,0,15,True,-0.11191335740072202,0.11191335740072202,0.5374585464068153,True,0,0,1,True,1.2017938448538643,80.0,400.0,1.0,0.0,0.0,0.0,0.0
2025-01-29 19:45:00+00:00,2025-01-29,2025-01-29:1,True,0,20,True,-0.13780918727915195,0.13780918727915195,0.5374585464068153,True,0,0,1,True,-1.20179384485728,75.0,405.0,1.0,0.0,0.0,0.0,0.0
2025-01-29 19:50:00+00:00,2025-01-29,2025-01-29:1,True,0,25,True,0.11392405063291139,0.11392405063291139,0.0,True,0,0,1,True,0.0,70.0,410.0,1.0,0.0,0.0,0.0,0.0
2025-01-29 19:55:00+00:00,2025-01-29,2025-01-29:1,True,0,30,True,0.21070234113712374,0.08917695638281567,0.8598237622871647,True,0,0,1,True,1.2817495874303615,65.0,415.0,1.0,0.0,0.0,0.0,0.0
2025-01-29 20:00:00+00:00,2025-01-29,2025-01-29:1,True,0,35,True,-0.21022727272727273,0.07567486250596495,-1.0217431585837635,True,0,0,1,True,0.0,60.0,420.0,1.0,0.0,0.0,0.0,0.0
2025-01-29 20:05:00+00:00,2025-01-29,2025-01-29:1,True,1,5,True,0.15,0.004997342640224446,3.401728994898546,True,0,0,1,True,3.6868707151803757,55.0,425.0,0.0,1.0,0.0,0.0,0.0
2025-01-29 20:10:00+00:00,2025-01-29,2025-01-29:1,True,1,10,True,-0.010676156583629894,0.010676156583629894,0.40027146253621626,True,0,0,1,True,-1.527926983218921,50.0,430.0,0.0,1.0,0.0,0.0,0.0
2025-01-29 20:15:00+00:00,2025-01-29,2025-01-29:1,True,2,5,True,0.1484375,0.1484375,-0.5813941891916969,True,0,0,1,True,0.0,45.0,435.0,0.0,0.0,1.0,0.0,0.0
2025-01-29 20:20:00+00:00,2025-01-29,2025-01-29:1,True,1,5,True,-0.0748663101604278,0.0748663101604278,1.6851030213356673,True,0,0,1,True,0.8373344232895067,40.0,440.0,0.0,1.0,0.0,0.0,0.0
2025-01-29 20:25:00+00:00,2025-01-29,2025-01-29:1,True,2,5,True,-0.08641975308641975,0.04131834582518377,-0.7379096631873425,True,0,0,1,True,0.24206870824839194,35.0,445.0,0.0,0.0,1.0,0.0,0.0
2025-01-29 20:30:00+00:00,2025-01-29,2025-01-29:1,True,1,5,True,0.05016722408026756,0.01637086216962593,1.1198588490355714,True,0,0,1,True,-0.5556895018981467,30.0,450.0,0.0,1.0,0.0,0.0,0.0
2025-01-29 20:35:00+00:00,2025-01-29,2025-01-29:1,True,0,5,True,-0.41975308641975306,0.35216724898914226,-0.17556044699693746,True,0,0,1,True,0.0,25.0,455.0,1.0,0.0,0.0,0.0,0.0
2025-01-29 20:40:00+00:00,2025-01-29,2025-01-29:1,True,0,10,True,-0.41605839416058393,0.41605839416058393,0.3297117504635238,True,0,0,1,True,1.4745157740358694,20.0,460.0,1.0,0.0,0.0,0.0,0.0
2025-01-29 20:45:00+00:00,2025-01-29,2025-01-29:1,True,0,15,True,-0.31899641577060933,0.024183514198523826,-2.5795086973398185,True,0,0,1,True,-1.1199422480147956,15.0,465.0,1.0,0.0,0.0,0.0,0.0
2025-01-29 20:50:00+00:00,2025-01-29,2025-01-29:1,True,0,20,True,-0.09803921568627451,0.09803921568627451,0.2726687940433162,True,0,0,1,True,0.2893636684138383,10.0,470.0,1.0,0.0,0.0,0.0,0.0
2025-01-29 20:55:00+00:00,2025-01-29,2025-01-29:1,True,3,5,True,-0.14540059347181009,0.06908075298222237,-0.7442164933733516,True,0,0,1,True,-0.6486068894051972,5.0,475.0,0.0,0.0,0.0,1.0,0.0
2025-01-29 21:00:00+00:00,2025-01-29,2025-01-29:1,True,3,10,True,-0.10601719197707736,0.0724546306933559,-0.3806406869874683,True,0,0,1,True,0.0,0.0,480.0,0.0,0.0,0.0,1.0,0.0
2025-01-30 13:00:00+00:00,2025-01-30,2025-01-30:1,False,-1,0,False,,,,False,0,0,0,False,,480.0,0.0,,,,,
2025-01-30 13:05:00+00:00,2025-01-30,2025-01-30:1,False,-1,0,True,0.05263157894736842,,,False,0,0,0,False,,475.0,5.0,,,,,
2025-01-30 13:10:00+00:00,2025-01-30,2025-01-30:1,False,-1,0,True,0.020134228187919462,,,False,0,0,0,False,,470.0,10.0,,,,,
2025-01-30 13:15:00+00:00,2025-01-30,2025-01-30:1,False,-1,0,True,-0.0033444816053511705,,,False,0,0,0,False,,465.0,15.0,,,,,
2025-01-30 13:20:00+00:00,2025-01-30,2025-01-30:1,False,-1,0,True,-0.4858757062146893,,,False,0,0,0,False,,460.0,20.0,,,,,
2025-01-30 13:25:00+00:00,2025-01-30,2025-01-30:1,False,-1,0,True,-0.009345794392523364,,,False,0,0,0,False,,455.0,25.0,,,,,
2025-01-30 13:30:00+00:00,2025-01-30,2025-01-30:1,False,-1,0,True,0.13984168865435356,,,False,0,0,0,False,,450.0,30.0,,,,,
2025-01-30 13:35:00+00:00,2025-01-30,2025-01-30:1,False,-1,0,True,0.08108108108108109,,,False,0,0,0,False,,445.0,35.0,,,,,
2025-01-30 13:40:00+00:00,2025-01-30,2025-01-30:1,False,-1,0,True,-0.0763888888888889,,,False,0,0,0,False,,440.0,40.0,,,,,
2025-01-30 13:45:00+00:00,2025-01-30,2025-01-30:1,False,-1,0,True,-0.20833333333333334,,,False,0,0,0,False,,435.0,45.0,,,,,
2025-01-30 13:50:00+00:00,2025-01-30,2025-01-30:1,False,-1,0,True,-0.39058171745152354,,,False,0,0,0,False,,430.0,50.0,,,,,
2025-01-30 13:55:00+00:00,2025-01-30,2025-01-30:1,False,-1,0,True,0.05325443786982249,,,False,0,0,0,False,,425.0,55.0,,,,,
2025-01-30 14:00:00+00:00,2025-01-30,2025-01-30:1,False,-1,0,True,0.0456140350877193,,,False,0,0,0,False,,420.0,60.0,,,,,
2025-01-30 14:05:00+00:00,2025-01-30,2025-01-30:1,True,3,5,True,-0.14754098360655737,0.045905805873293036,-1.167514393463455,True,0,0,0,False,,415.0,65.0,0.0,0.0,0.0,1.0,0.0
2025-01-30 14:10:00+00:00,2025-01-30,2025-01-30:1,True,4,5,True,-0.0670926517571885,0.0670926517571885,0.6803092843254362,True,1,0,0,False,,410.0,70.0,0.0,0.0,0.0,0.0,1.0
2025-01-30 14:15:00+00:00,2025-01-30,2025-01-30:1,True,4,10,True,-0.06432748538011696,0.05416865353495742,-0.17188460220351573,True,1,0,0,False,,405.0,75.0,0.0,0.0,0.0,0.0,1.0
2025-01-30 14:20:00+00:00,2025-01-30,2025-01-30:1,True,0,5,True,-0.19402985074626866,0.19402985074626866,0.506275978148694,True,0,0,0,False,,400.0,80.0,1.0,0.0,0.0,0.0,0.0
2025-01-30 14:25:00+00:00,2025-01-30,2025-01-30:1,True,0,10,True,-0.06097560975609756,0.06097560975609756,0.0,True,0,0,0,False,,395.0,85.0,1.0,0.0,0.0,0.0,0.0
2025-01-30 14:30:00+00:00,2025-01-30,2025-01-30:1,True,0,15,True,-0.08361204013377926,0.08361204013377926,0.0,True,0,0,0,False,,390.0,90.0,1.0,0.0,0.0,0.0,0.0
2025-01-30 14:35:00+00:00,2025-01-30,2025-01-30:1,True,0,20,True,-0.3872832369942196,0.3872832369942196,0.0,True,0,0,0,False,,385.0,95.0,1.0,0.0,0.0,0.0,0.0
2025-01-30 14:40:00+00:00,2025-01-30,2025-01-30:1,True,0,25,True,0.055900621118012424,0.036083740836343164,0.43773311979722007,True,0,0,0,False,,380.0,100.0,1.0,0.0,0.0,0.0,0.0
2025-01-30 14:45:00+00:00,2025-01-30,2025-01-30:1,True,0,30,True,-0.15789473684210525,0.04165541878495932,-1.3324971254534246,True,0,0,0,False,,375.0,105.0,1.0,0.0,0.0,0.0,0.0
2025-01-30 14:50:00+00:00,2025-01-30,2025-01-30:1,True,0,35,True,0.13149847094801223,0.08317636378313589,0.45803200545724987,True,0,0,0,False,,370.0,110.0,1.0,0.0,0.0,0.0,0.0
2025-01-30 14:55:00+00:00,2025-01-30,2025-01-30:1,True,0,40,True,-0.22388059701492538,0.22388059701492538,0.45803200545850525,True,0,0,0,False,,365.0,115.0,1.0,0.0,0.0,0.0,0.0
2025-01-30 15:00:00+00:00,2025-01-30,2025-01-30:1,True,0,45,True,0.03773584905660377,0.015215557840827934,0.9082920994401137,True,0,0,0,False,,360.0,120.0,1.0,0.0,0.0,0.0,0.0
2025-01-30 15:05:00+00:00,2025-01-30,2025-01-30:1,True,1,5,True,0.0,0.0,0.958273414920705,True,0,0,0,True,1.0713822483952562,355.0,125.0,0.0,1.0,0.0,0.0,0.0
2025-01-30 15:10:00+00:00,2025-01-30,2025-01-30:1,True,0,5,True,0.003215434083601286,0.003215434083601286,-0.9741979584248487,True,0,0,0,True,0.0,350.0,130.0,1.0,0.0,0.0,0.0,0.0
2025-01-30 15:15:00+00:00,2025-01-30,2025-01-30:1,True,0,10,True,0.07236842105263158,0.07236842105263158,-0.477590602404015,True,0,0,0,True,0.0,345.0,135.0,1.0,0.0,0.0,0.0,0.0
2025-01-30 15:20:00+00:00,2025-01-30,2025-01-30:1,True,0,15,True,-0.11377245508982035,0.06716651576446821,-0.5270255996985735,True,0,0,0,True,-1.1784650668086032,340.0,140.0,1.0,0.0,0.0,0.0,0.0
2025-01-30 15:25:00+00:00,2025-01-30,2025-01-30:1,True,0,20,True,-0.05194805194805195,0.05194805194805195,1.0306626831263253,True,0,0,0,True,1.1523159106713945,335.0,145.0,1.0,0.0,0.0,0.0,0.0
2025-01-30 15:30:00+00:00,2025-01-30,2025-01-30:1,True,0,25,True,-0.05527638190954774,0.05527638190954774,1.3140246624700953,True,0,0,0,True,5.146363369483207,330.0,150.0,1.0,0.0,0.0,0.0,0.0
2025-01-30 15:35:00+00:00,2025-01-30,2025-01-30:1,True,0,30,True,0.007042253521126761,0.007042253521126761,-1.2910704320469575,True,0,0,0,True,-0.9623070832647618,325.0,155.0,1.0,0.0,0.0,0.0,0.0
2025-01-30 15:40:00+00:00,2025-01-30,2025-01-30:1,True,0,35,True,-0.10891089108910891,0.10891089108910891,1.2728865974127714,True,0,0,0,True,0.0,320.0,160.0,1.0,0.0,0.0,0.0,0.0
2025-01-30 15:45:00+00:00,2025-01-30,2025-01-30:1,True,0,40,True,-0.14583333333333334,0.04195224212208331,-1.245932538157523,True,0,0,0,True,-0.3682457444090646,315.0,165.0,1.0,0.0,0.0,0.0,0.0
2025-01-30 15:50:00+00:00,2025-01-30,2025-01-30:1,True,0,45,True,-0.047619047619047616,0.047619047619047616,0.8306216921054088,True,0,0,0,True,0.928663283568117,310.0,170.0,1.0,0.0,0.0,0.0,0.0
2025-01-30 15:55:00+00:00,2025-01-30,2025-01-30:1,True,0,50,True,-0.0763888888888889,0.03287792045248275,-0.8430359305956688,True,0,0,0,True,-1.8850856482867104,305.0,175.0,1.0,0.0,0.0,0.0,0.0
2025-01-30 16:00:00+00:00,2025-01-30,2025-01-30:1,True,0,55,True,-0.10580204778156997,0.10580204778156997,0.2029156477568541,True,0,0,0,True,1.9732520945629852,300.0,180.0,1.0,0.0,0.0,0.0,0.0
2025-01-30 16:05:00+00:00,2025-01-30,2025-01-30:1,True,0,60,True,-0.11805555555555555,0.11805555555555555,0.19449574764947808,True,0,0,0,True,0.43490571307887793,295.0,185.0,1.0,0.0,0.0,0.0,0.0
2025-01-30 16:10:00+00:00,2025-01-30,2025-01-30:1,True,0,65,True,0.17123287671232876,0.09497850777942977,0.589373850036949,True,0,0,0,True,0.0,290.0,190.0,1.0,0.0,0.0,0.0,0.0
2025-01-30 16:15:00+00:00,2025-01-30,2025-01-30:1,True,1,5,True,-0.03529411764705882,0.03529411764705882,1.2153400595558046,True,0,0,0,True,0.0,285.0,195.0,0.0,1.0,0.0,0.0,0.0
2025-01-30 16:20:00+00:00,2025-01-30,2025-01-30:1,True,0,5,True,0.03680981595092025,0.02468438130026131,0.3995938398000494,True,0,0,0,True,0.8935189891830716,280.0,200.0,1.0,0.0,0.0,0.0,0.0
2025-01-30 16:25:00+00:00,2025-01-30,2025-01-30:1,True,1,5,True,0.25925925925925924,0.17339900188620347,0.40223325383817454,True,0,0,0,True,0.0,275.0,205.0,0.0,1.0,0.0,0.0,0.0
2025-01-30 16:30:00+00:00,2025-01-30,2025-01-30:1,True,2,5,True,0.13636363636363635,0.13636363636363635,-0.4158176628201445,True,0,0,0,True,-0.9297965603109302,270.0,210.0,0.0,0.0,1.0,0.0,0.0
2025-01-30 16:35:00+00:00,2025-01-30,2025-01-30:1,True,0,5,True,0.4897959183673469,0.4897959183673469,-0.976039582791121,True,0,0,0,True,0.0,265.0,215.0,1.0,0.0,0.0,0.0,0.0
2025-01-30 16:40:00+00:00,2025-01-30,2025-01-30:1,True,1,5,True,-0.1760299625468165,0.1760299625468165,0.9760395827911179,True,0,0,0,True,0.0,260.0,220.0,0.0,1.0,0.0,0.0,0.0
2025-01-30 16:45:00+00:00,2025-01-30,2025-01-30:1,True,0,5,True,0.19533527696793002,0.19533527696793002,0.0,True,0,0,0,True,0.0,255.0,225.0,1.0,0.0,0.0,0.0,0.0
2025-01-30 16:50:00+00:00,2025-01-30,2025-01-30:1,True,0,10,True,0.10231023102310231,0.10231023102310231,-1.5616688776062415,True,0,0,0,True,-1.1639992562266572,250.0,230.0,1.0,0.0,0.0,0.0,0.0
2025-01-30 16:55:00+00:00,2025-01-30,2025-01-30:1,True,3,5,True,0.02054794520547945,0.02054794520547945,-0.507884819331272,True,0,0,0,True,1.1356649807649237,245.0,235.0,0.0,0.0,0.0,1.0,0.0
2025-01-30 17:00:00+00:00,2025-01-30,2025-01-30:1,True,0,5,True,-0.0529595015576324,0.0529595015576324,1.6885868800984656,True,0,0,0,True,0.6009550932391492,240.0,240.0,1.0,0.0,0.0,0.0,0.0
2025-01-30 17:05:00+00:00,2025-01-30,2025-01-30:1,True,0,10,True,-0.11413043478260869,0.11413043478260869,0.5718573119398972,True,0,0,0,True,1.2787118229279122,235.0,245.0,1.0,0.0,0.0,0.0,0.0
2025-01-30 17:10:00+00:00,2025-01-30,2025-01-30:1,True,0,15,True,0.0784313725490196,0.0784313725490196,-0.5577383402983735,True,0,0,0,True,1.2471408425650736,230.0,250.0,1.0,0.0,0.0,0.0,0.0
2025-01-30 17:15:00+00:00,2025-01-30,2025-01-30:1,True,0,20,True,-0.23333333333333334,0.23333333333333334,0.0,True,0,0,0,True,1.263057086653264,225.0,255.0,1.0,0.0,0.0,0.0,0.0
2025-01-30 17:20:00+00:00,2025-01-30,2025-01-30:1,True,0,25,True,-0.15,0.029366620529020525,-1.6307766209124377,True,0,0,0,True,-0.6543598274792175,220.0,260.0,1.0,0.0,0.0,0.0,0.0
2025-01-30 17:25:00+00:00,2025-01-30,2025-01-30:1,True,0,30,True,-0.12460063897763578,0.12460063897763578,0.5144636986182087,True,0,0,0,True,1.7037623559662256,215.0,265.0,1.0,0.0,0.0,0.0,0.0
2025-01-30 17:30:00+00:00,2025-01-30,2025-01-30:1,True,3,5,True,0.28901734104046245,0.28901734104046245,-0.9897433186101587,True,0,0,0,True,1.1065666703474188,210.0,270.0,0.0,0.0,0.0,1.0,0.0
2025-01-30 17:35:00+00:00,2025-01-30,2025-01-30:1,True,3,10,True,0.21897810218978103,0.21897810218978103,-1.496832097836782,True,0,0,0,True,0.0,205.0,275.0,0.0,0.0,0.0,1.0,0.0
2025-01-30 17:40:00+00:00,2025-01-30,2025-01-30:1,True,3,15,True,-0.24647887323943662,0.14764639054285428,-0.5124561210146956,True,0,0,0,True,-1.145886722074718,200.0,280.0,0.0,0.0,0.0,1.0,0.0
2025-01-30 17:45:00+00:00,2025-01-30,2025-01-30:1,True,3,20,True,0.1875,0.1875,-0.49106457230032047,True,0,0,0,True,-1.9879729895983687,195.0,285.0,0.0,0.0,0.0,1.0,0.0
2025-01-30 17:50:00+00:00,2025-01-30,2025-01-30:1,True,4,5,True,-0.06951871657754011,0.06951871657754011,0.46898196341931814,True,1,0,0,True,1.856480385341521,190.0,290.0,0.0,0.0,0.0,0.0,1.0
2025-01-30 17:55:00+00:00,2025-01-30,2025-01-30:1,True,0,5,True,-0.18120805369127516,0.18120805369127516,0.9111833279691062,True,1,0,0,True,0.7355055403822496,185.0,295.0,1.0,0.0,0.0,0.0,0.0
2025-01-30 18:00:00+00:00,2025-01-30,2025-01-30:1,True,3,5,True,0.06631299734748011,0.06631299734748011,-2.468406342557863,True,0,1,1,True,-4.012559280728005,180.0,300.0,0.0,0.0,0.0,1.0,0.0
2025-01-30 18:05:00+00:00,2025-01-30,2025-01-30:1,True,3,10,True,-0.09895833333333333,0.06905404181320571,-0.3598094733919627,True,0,0,1,True,0.518041284385554,175.0,305.0,0.0,0.0,0.0,1.0,0.0
2025-01-30 18:10:00+00:00,2025-01-30,2025-01-30:1,True,3,15,True,0.05,0.05,-0.9320629087629619,True,0,0,1,True,0.0,170.0,310.0,0.0,0.0,0.0,1.0,0.0
2025-01-30 18:15:00+00:00,2025-01-30,2025-01-30:1,True,3,20,True,-0.119533527696793,0.025571301618950996,-1.542126206369415,True,0,0,1,True,0.9418334234481801,165.0,315.0,0.0,0.0,0.0,1.0,0.0
2025-01-30 18:20:00+00:00,2025-01-30,2025-01-30:1,True,4,5,True,-0.22336769759450173,0.22336769759450173,0.0,True,0,0,1,True,0.19916817511395754,160.0,320.0,0.0,0.0,0.0,0.0,1.0
2025-01-30 18:25:00+00:00,2025-01-30,2025-01-30:1,True,4,10,True,-0.2262295081967213,0.2262295081967213,0.6201084080170227,True,1,0,1,True,0.0,155.0,325.0,0.0,0.0,0.0,0.0,1.0
2025-01-30 18:30:00+00:00,2025-01-30,2025-01-30:1,True,0,5,True,0.06578947368421052,0.019522131040288545,1.2149111039578753,True,1,0,1,True,-0.34236800387204275,150.0,330.0,1.0,0.0,0.0,0.0,0.0
2025-01-30 18:35:00+00:00,2025-01-30,2025-01-30:1,True,0,10,True,-0.09919571045576407,0.09919571045576407,0.7558679421895939,True,1,0,1,True,-0.5133477217577086,145.0,335.0,1.0,0.0,0.0,0.0,0.0
2025-01-30 18:40:00+00:00,2025-01-30,2025-01-30:1,True,1,5,True,0.35342465753424657,0.0801226315535016,1.4841119743520468,True,1,0,1,True,1.3274301043494177,140.0,340.0,0.0,1.0,0.0,0.0,0.0
2025-01-30 18:45:00+00:00,2025-01-30,2025-01-30:1,True,2,5,True,-0.04153354632587859,0.022942804257574233,-0.5934970985358802,True,1,0,1,True,-1.327099856775119,135.0,345.0,0.0,0.0,1.0,0.0,0.0
2025-01-30 18:50:00+00:00,2025-01-30,2025-01-30:1,True,2,10,True,0.01775147928994083,0.01775147928994083,-0.7297197919266326,True,0,0,1,True,-0.9790218355657136,130.0,350.0,0.0,0.0,1.0,0.0,0.0
2025-01-30 18:55:00+00:00,2025-01-30,2025-01-30:1,True,0,5,True,0.06493506493506493,0.06493506493506493,-2.3139334279052393,True,0,0,1,True,-3.8805843301534586,125.0,355.0,1.0,0.0,0.0,0.0,0.0
2025-01-30 19:00:00+00:00,2025-01-30,2025-01-30:1,True,0,10,True,0.3611940298507463,0.07938233549019423,1.5151394241865226,True,0,0,1,True,-0.9816837418075198,120.0,360.0,1.0,0.0,0.0,0.0,0.0
2025-01-30 19:05:00+00:00,2025-01-30,2025-01-30:1,True,0,15,True,0.04929577464788732,0.04929577464788732,-1.242218270609449,True,0,0,1,True,-1.5431580533202003,115.0,365.0,1.0,0.0,0.0,0.0,0.0
2025-01-30 19:10:00+00:00,2025-01-30,2025-01-30:1,True,0,20,True,-0.18545454545454546,0.18545454545454546,1.7137177306426263,True,0,0,1,True,0.12710575437018815,110.0,370.0,1.0,0.0,0.0,0.0,0.0
2025-01-30 19:15:00+00:00,2025-01-30,2025-01-30:1,True,0,25,True,0.10247349823321555,0.10247349823321555,-0.5764435045182259,True,0,0,1,True,0.8561895704579384,105.0,375.0,1.0,0.0,0.0,0.0,0.0
2025-01-30 19:20:00+00:00,2025-01-30,2025-01-30:1,True,0,30,True,0.14754098360655737,0.08368816803883417,0.5670083861853001,True,0,0,1,True,0.7830965400367099,100.0,380.0,1.0,0.0,0.0,0.0,0.0
2025-01-30 19:25:00+00:00,2025-01-30,2025-01-30:1,True,1,5,True,0.3258426966292135,0.10979244034612694,1.0878230618379396,True,0,0,1,True,1.2162231568799309,95.0,385.0,0.0,1.0,0.0,0.0,0.0
2025-01-30 19:30:00+00:00,2025-01-30,2025-01-30:1,True,0,5,True,-0.09610389610389611,0.09610389610389611,0.0,True,0,0,1,True,0.5960902451273505,90.0,390.0,1.0,0.0,0.0,0.0,0.0
2025-01-30 19:35:00+00:00,2025-01-30,2025-01-30:1,True,2,5,True,-0.2532467532467532,0.1478205371096046,-0.538365371809897,True,0,0,1,True,-0.6019107840494393,85.0,395.0,0.0,0.0,1.0,0.0,0.0
2025-01-30 19:40:00+00:00,2025-01-30,2025-01-30:1,True,0,5,True,-0.07194244604316546,0.05490185181448485,-0.27031936021608854,True,0,0,1,True,-1.1018829515468984,80.0,400.0,1.0,0.0,0.0,0.0,0.0
2025-01-30 19:45:00+00:00,2025-01-30,2025-01-30:1,True,0,10,True,0.24444444444444444,0.21414173142813864,0.13234996981663372,True,0,0,1,True,-0.3723767153511437,75.0,405.0,1.0,0.0,0.0,0.0,0.0
2025-01-30 19:50:00+00:00,2025-01-30,2025-01-30:1,True,0,15,True,-0.04529616724738676,0.026683142042546664,-0.5291904388590583,True,0,0,1,True,-0.33563096892210353,70.0,410.0,1.0,0.0,0.0,0.0,0.0
2025-01-30 19:55:00+00:00,2025-01-30,2025-01-30:1,True,0,20,True,-0.009287925696594427,0.009287925696594427,1.180680180248693,True,0,0,1,True,0.58668469838247,65.0,415.0,1.0,0.0,0.0,0.0,0.0
2025-01-30 20:00:00+00:00,2025-01-30,2025-01-30:1,True,0,25,True,0.14534883720930233,0.14534883720930233,-0.5898855671542002,True,0,0,1,True,0.0,60.0,420.0,1.0,0.0,0.0,0.0,0.0
2025-01-30 20:05:00+00:00,2025-01-30,2025-01-30:1,True,0,30,True,-0.020134228187919462,0.00979008037141551,-0.721051595654135,True,0,0,1,True,0.0,55.0,425.0,1.0,0.0,0.0,0.0,0.0
2025-01-30 20:10:00+00:00,2025-01-30,2025-01-30:1,True,0,35,True,-0.06461538461538462,0.030195921381370425,-0.7607456727125627,True,0,0,1,True,0.0,50.0,430.0,1.0,0.0,0.0,0.0,0.0
2025-01-30 20:15:00+00:00,2025-01-30,2025-01-30:1,True,0,40,True,0.022950819672131147,0.022950819672131147,0.0,True,0,0,1,True,0.0,45.0,435.0,1.0,0.0,0.0,0.0,0.0
2025-01-30 20:20:00+00:00,2025-01-30,2025-01-30:1,True,0,45,True,-0.20218579234972678,0.20218579234972678,0.0,True,0,0,1,True,-0.47087747936545205,40.0,440.0,1.0,0.0,0.0,0.0,0.0
2025-01-30 20:25:00+00:00,2025-01-30,2025-01-30:1,True,3,5,True,0.16793893129770993,0.16793893129770993,-0.672281916151903,True,0,0,1,True,0.7516340322786664,35.0,445.0,0.0,0.0,0.0,1.0,0.0
2025-01-30 20:30:00+00:00,2025-01-30,2025-01-30:1,True,3,10,True,-0.13450292397660818,0.04936020384244109,-1.0024414291109236,True,0,0,1,True,1.0005165639664717,30.0,450.0,0.0,0.0,0.0,1.0,0.0
2025-01-30 20:35:00+00:00,2025-01-30,2025-01-30:1,True,0,5,True,-0.05483028720626632,0.05483028720626632,0.9541571011535279,True,0,0,1,True,-0.7613910190044278,25.0,455.0,1.0,0.0,0.0,0.0,0.0
2025-01-30 20:40:00+00:00,2025-01-30,2025-01-30:1,True,0,10,True,0.0625,0.03889699515722327,0.4742495544171254,True,0,0,1,True,-1.413938989298225,20.0,460.0,1.0,0.0,0.0,0.0,0.0
2025-01-30 20:45:00+00:00,2025-01-30,2025-01-30:1,True,0,15,True,0.10067114093959731,0.10067114093959731,-1.212602566558726,True,0,0,1,True,-0.847988175149991,15.0,465.0,1.0,0.0,0.0,0.0,0.0
2025-01-30 20:50:00+00:00,2025-01-30,2025-01-30:1,True,0,20,True,0.29658792650918636,0.22010153605322502,0.29825475517182104,True,0,0,1,True,1.6543715855785426,10.0,470.0,1.0,0.0,0.0,0.0,0.0
2025-01-30 20:55:00+00:00,2025-01-30,2025-01-30:1,True,0,25,True,-0.054313099041533544,0.02329816223742126,-0.846390948967675,True,0,0,1,True,0.21607865434442244,5.0,475.0,1.0,0.0,0.0,0.0,0.0
2025-01-30 21:00:00+00:00,2025-01-30,2025-01-30:1,True,0,30,True,0.07418397626112759,0.03659093983000839,0.7067475093633179,True,0,0,1,True,0.0,0.0,480.0,1.0,0.0,0.0,0.0,0.0
2025-01-31 13:00:00+00:00,2025-01-31,2025-01-31:1,False,-1,0,False,,,,False,0,0,0,False,,480.0,0.0,,,,,
2025-01-31 13:05:00+00:00,2025-01-31,2025-01-31:1,False,-1,0,True,-0.048484848484848485,,,False,0,0,0,False,,475.0,5.0,,,,,
2025-01-31 13:10:00+00:00,2025-01-31,2025-01-31:1,False,-1,0,True,-0.20489296636085627,,,False,0,0,0,False,,470.0,10.0,,,,,
2025-01-31 13:15:00+00:00,2025-01-31,2025-01-31:1,False,-1,0,True,0.35365853658536583,,,False,0,0,0,False,,465.0,15.0,,,,,
2025-01-31 13:20:00+00:00,2025-01-31,2025-01-31:1,False,-1,0,True,-0.06312292358803986,,,False,0,0,0,False,,460.0,20.0,,,,,
2025-01-31 13:25:00+00:00,2025-01-31,2025-01-31:1,False,-1,0,True,0.16825396825396827,,,False,0,0,0,False,,455.0,25.0,,,,,
2025-01-31 13:30:00+00:00,2025-01-31,2025-01-31:1,False,-1,0,True,-0.08139534883720931,,,False,0,0,0,False,,450.0,30.0,,,,,
2025-01-31 13:35:00+00:00,2025-01-31,2025-01-31:1,False,-1,0,True,0.0,,,False,0,0,0,False,,445.0,35.0,,,,,
2025-01-31 13:40:00+00:00,2025-01-31,2025-01-31:1,False,-1,0,True,0.0967741935483871,,,False,0,0,0,False,,440.0,40.0,,,,,
2025-01-31 13:45:00+00:00,2025-01-31,2025-01-31:1,False,-1,0,True,-0.1292517006802721,,,False,0,0,0,False,,435.0,45.0,,,,,
2025-01-31 13:50:00+00:00,2025-01-31,2025-01-31:1,False,-1,0,True,-0.062111801242236024,,,False,0,0,0,False,,430.0,50.0,,,,,
2025-01-31 13:55:00+00:00,2025-01-31,2025-01-31:1,False,-1,0,True,0.056856187290969896,,,False,0,0,0,False,,425.0,55.0,,,,,
2025-01-31 14:00:00+00:00,2025-01-31,2025-01-31:1,False,-1,0,True,-0.19197707736389685,,,False,0,0,0,False,,420.0,60.0,,,,,
2025-01-31 14:05:00+00:00,2025-01-31,2025-01-31:1,True,0,5,True,-0.04878048780487805,0.015935203530617264,-1.1187996724979714,True,0,0,0,False,,415.0,65.0,1.0,0.0,0.0,0.0,0.0
2025-01-31 14:10:00+00:00,2025-01-31,2025-01-31:1,True,0,10,True,-0.022058823529411766,0.009735732893891083,-0.8179097614973538,True,0,0,0,False,,410.0,70.0,1.0,0.0,0.0,0.0,0.0
2025-01-31 14:15:00+00:00,2025-01-31,2025-01-31:1,True,0,15,True,-0.08823529411764706,0.08823529411764706,0.0,True,0,0,0,False,,405.0,75.0,1.0,0.0,0.0,0.0,0.0
2025-01-31 14:20:00+00:00,2025-01-31,2025-01-31:1,True,0,20,True,0.0189873417721519,0.0189873417721519,0.0,True,0,0,0,False,,400.0,80.0,1.0,0.0,0.0,0.0,0.0
2025-01-31 14:25:00+00:00,2025-01-31,2025-01-31:1,True,0,25,True,-0.027777777777777776,0.027777777777777776,0.6485964553202681,True,0,0,0,False,,395.0,85.0,1.0,0.0,0.0,0.0,0.0
2025-01-31 14:30:00+00:00,2025-01-31,2025-01-31:1,True,3,5,True,-0.24629080118694363,0.03126048325996957,-2.0641581721805102,True,0,0,0,False,,390.0,90.0,0.0,0.0,0.0,1.0,0.0
2025-01-31 14:35:00+00:00,2025-01-31,2025-01-31:1,True,3,10,True,0.02280130293159609,0.02280130293159609,-0.5443096988422579,True,0,0,0,False,,385.0,95.0,0.0,0.0,0.0,1.0,0.0
2025-01-31 14:40:00+00:00,2025-01-31,2025-01-31:1,True,0,5,True,0.14950166112956811,0.08590409724713627,0.5540759782796765,True,0,0,0,False,,380.0,100.0,1.0,0.0,0.0,0.0,0.0
2025-01-31 14:45:00+00:00,2025-01-31,2025-01-31:1,True,3,5,True,0.07534246575342465,0.07534246575342465,-0.5701808376107208,True,0,0,0,False,,375.0,105.0,0.0,0.0,0.0,1.0,0.0
2025-01-31 14:50:00+00:00,2025-01-31,2025-01-31:1,True,3,10,True,0.01182033096926714,0.01182033096926714,-0.5922920083633235,True,0,0,0,False,,370.0,110.0,0.0,0.0,0.0,1.0,0.0
2025-01-31 14:55:00+00:00,2025-01-31,2025-01-31:1,True,4,5,True,-0.2215909090909091,0.1591501674187356,-0.33098472439047133,True,0,0,0,False,,365.0,115.0,0.0,0.0,0.0,0.0,1.0
2025-01-31 15:00:00+00:00,2025-01-31,2025-01-31:1,True,0,5,True,0.1536231884057971,0.05691441238715314,0.9929541731723547,True,0,0,0,False,,360.0,120.0,1.0,0.0,0.0,0.0,0.0
2025-01-31 15:05:00+00:00,2025-01-31,2025-01-31:1,True,0,10,True,-0.22727272727272727,0.22727272727272727,0.3348939744156285,True,0,0,0,True,0.7488456920484208,355.0,125.0,1.0,0.0,0.0,0.0,0.0
2025-01-31 15:10:00+00:00,2025-01-31,2025-01-31:1,True,0,15,True,-0.16607773851590105,0.16607773851590105,1.3876707174161265,True,0,0,0,True,0.30893843799858917,350.0,130.0,1.0,0.0,0.0,0.0,0.0
2025-01-31 15:15:00+00:00,2025-01-31,2025-01-31:1,True,1,5,True,-0.19148936170212766,0.19148936170212766,0.776676901223335,True,0,0,0,True,0.4901778530390196,345.0,135.0,0.0,1.0,0.0,0.0,0.0
2025-01-31 15:20:00+00:00,2025-01-31,2025-01-31:1,True,1,10,True,-0.13395638629283488,0.13395638629283488,0.3902025941942714,True,0,0,0,True,0.8725195256151556,340.0,140.0,0.0,1.0,0.0,0.0,0.0
2025-01-31 15:25:00+00:00,2025-01-31,2025-01-31:1,True,2,5,True,-0.07936507936507936,0.02455134659760338,-1.1732917610622415,True,0,0,0,True,-1.7490400901179042,335.0,145.0,0.0,0.0,1.0,0.0,0.0
2025-01-31 15:30:00+00:00,2025-01-31,2025-01-31:1,True,3,5,True,-0.01834862385321101,7.184808548727384e-05,-5.542755890092013,True,0,0,0,True,-11.863236209166082,330.0,150.0,0.0,0.0,0.0,1.0,0.0
2025-01-31 15:35:00+00:00,2025-01-31,2025-01-31:1,True,3,10,True,0.3935018050541516,0.3935018050541516,-0.33202743039259475,True,0,0,0,True,0.0,325.0,155.0,0.0,0.0,0.0,1.0,0.0
2025-01-31 15:40:00+00:00,2025-01-31,2025-01-31:1,True,4,5,True,-0.3016759776536313,0.3016759776536313,0.440876396799443,True,1,0,0,True,0.0,320.0,160.0,0.0,0.0,0.0,0.0,1.0
2025-01-31 15:45:00+00:00,2025-01-31,2025-01-31:1,True,4,10,True,-0.1118421052631579,0.1118421052631579,0.8717947958980259,True,1,0,0,True,0.24367405325714442,315.0,165.0,0.0,0.0,0.0,0.0,1.0
2025-01-31 15:50:00+00:00,2025-01-31,2025-01-31:1,True,4,15,True,0.4152046783625731,0.4152046783625731,0.0,True,1,0,0,True,0.0,310.0,170.0,0.0,0.0,0.0,0.0,1.0
2025-01-31 15:55:00+00:00,2025-01-31,2025-01-31:1,True,0,5,True,0.12225705329153605,0.04139626618673956,1.0829351342890154,True,1,0,0,True,-0.3510830841388752,305.0,175.0,1.0,0.0,0.0,0.0,0.0
2025-01-31 16:00:00+00:00,2025-01-31,2025-01-31:1,True,1,5,True,0.034055727554179564,0.017745722118349794,0.6518537491002938,True,0,0,0,True,0.9717261962513599,300.0,180.0,0.0,1.0,0.0,0.0,0.0
2025-01-31 16:05:00+00:00,2025-01-31,2025-01-31:1,True,2,5,True,-0.06451612903225806,0.030520619909860287,-0.7485127372525837,True,0,0,0,True,0.23910362321712245,295.0,185.0,0.0,0.0,1.0,0.0,0.0
2025-01-31 16:10:00+00:00,2025-01-31,2025-01-31:1,True,1,5,True,0.013605442176870748,0.003123698554599495,1.4714521388477462,True,0,0,0,True,0.3074882270728839,290.0,190.0,0.0,1.0,0.0,0.0,0.0
2025-01-31 16:15:00+00:00,2025-01-31,2025-01-31:1,True,2,5,True,0.034055727554179564,0.034055727554179564,0.0,True,0,0,0,True,0.0,285.0,195.0,0.0,0.0,1.0,0.0,0.0
2025-01-31 16:20:00+00:00,2025-01-31,2025-01-31:1,True,2,10,True,-0.17263843648208468,0.1555491003893749,-0.10423800503785165,True,0,0,0,True,0.343217016641023,280.0,200.0,0.0,0.0,1.0,0.0,0.0
2025-01-31 16:25:00+00:00,2025-01-31,2025-01-31:1,True,0,5,True,0.07598784194528875,0.04996313577483233,0.41928790408805966,True,0,0,0,True,1.059477404846729,275.0,205.0,1.0,0.0,0.0,0.0,0.0
2025-01-31 16:30:00+00:00,2025-01-31,2025-01-31:1,True,0,10,True,0.03614457831325301,0.03614457831325301,-1.0166200327654684,True,0,0,0,True,0.10766791561904321,270.0,210.0,1.0,0.0,0.0,0.0,0.0
2025-01-31 16:35:00+00:00,2025-01-31,2025-01-31:1,True,0,15,True,0.18404907975460122,0.18404907975460122,-0.33270735468985313,True,0,0,0,True,0.16938481066520622,265.0,215.0,1.0,0.0,0.0,0.0,0.0
2025-01-31 16:40:00+00:00,2025-01-31,2025-01-31:1,True,1,5,True,-0.15060240963855423,0.15060240963855423,3.405679048086253,True,0,0,0,True,0.11611380070705139,260.0,220.0,0.0,1.0,0.0,0.0,0.0
2025-01-31 16:45:00+00:00,2025-01-31,2025-01-31:1,True,0,5,True,-0.42295081967213116,0.09601717850520264,-1.4827287885143803,True,0,0,0,True,-1.4319551549016152,255.0,225.0,1.0,0.0,0.0,0.0,0.0
2025-01-31 16:50:00+00:00,2025-01-31,2025-01-31:1,True,0,10,True,-0.0948905109489051,0.06277633478690633,-0.4131455427647997,True,0,0,0,True,0.307940506073796,250.0,230.0,1.0,0.0,0.0,0.0,0.0
2025-01-31 16:55:00+00:00,2025-01-31,2025-01-31:1,True,0,15,True,-0.07389162561576355,0.07389162561576355,0.4182865260705457,True,0,0,0,True,2.1824065815182525,245.0,235.0,1.0,0.0,0.0,0.0,0.0
2025-01-31 17:00:00+00:00,2025-01-31,2025-01-31:1,True,1,5,True,0.037900874635568516,0.01721630053101403,0.7891175489559488,True,0,0,0,True,-0.5881734939028449,240.0,240.0,0.0,1.0,0.0,0.0,0.0
2025-01-31 17:05:00+00:00,2025-01-31,2025-01-31:1,True,1,10,True,-0.16164383561643836,0.16164383561643836,0.6259123487046728,True,0,0,0,True,0.0,235.0,245.0,0.0,1.0,0.0,0.0,0.0
2025-01-31 17:10:00+00:00,2025-01-31,2025-01-31:1,True,0,5,True,-0.19254658385093168,0.14853939265898736,-0.2594879249871545,True,0,0,0,True,-1.7406979188341067,230.0,250.0,1.0,0.0,0.0,0.0,0.0
2025-01-31 17:15:00+00:00,2025-01-31,2025-01-31:1,True,1,5,True,-0.019230769230769232,0.019230769230769232,0.8920544148190006,True,0,0,0,True,0.5699126603321318,225.0,255.0,0.0,1.0,0.0,0.0,0.0
2025-01-31 17:20:00+00:00,2025-01-31,2025-01-31:1,True,0,5,True,-0.2654320987654321,0.08477670219430453,-1.1413382926676425,True,0,0,0,True,-2.1996886156320548,220.0,260.0,1.0,0.0,0.0,0.0,0.0
2025-01-31 17:25:00+00:00,2025-01-31,2025-01-31:1,True,0,10,True,-0.15614617940199335,0.07379422089415041,-0.7495121950704372,True,0,0,0,True,-0.9152186173533258,215.0,265.0,1.0,0.0,0.0,0.0,0.0
2025-01-31 17:30:00+00:00,2025-01-31,2025-01-31:1,True,0,15,True,-0.26666666666666666,0.26666666666666666,0.5194391910226964,True,0,0,0,True,0.5807506706521238,210.0,270.0,1.0,0.0,0.0,0.0,0.0
2025-01-31 17:35:00+00:00,2025-01-31,2025-01-31:1,True,0,20,True,-0.0659025787965616,0.030319398620323897,-0.7763898465534284,True,0,0,0,True,0.4244584632890586,205.0,275.0,1.0,0.0,0.0,0.0,0.0
2025-01-31 17:40:00+00:00,2025-01-31,2025-01-31:1,True,3,5,True,-0.2664359861591695,0.053786014067192446,-1.6001205409278663,True,0,0,0,True,0.0,200.0,280.0,0.0,0.0,0.0,1.0,0.0
2025-01-31 17:45:00+00:00,2025-01-31,2025-01-31:1,True,3,10,True,-0.025806451612903226,0.01510522291380442,-0.5355839508360624,True,0,0,0,True,-1.3501125409516916,195.0,285.0,0.0,0.0,0.0,1.0,0.0
2025-01-31 17:50:00+00:00,2025-01-31,2025-01-31:1,True,3,15,True,-0.07586206896551724,0.044093281252685385,-0.5426093910607777,True,0,0,0,True,-0.16108551329596799,190.0,290.0,0.0,0.0,0.0,1.0,0.0
2025-01-31 17:55:00+00:00,2025-01-31,2025-01-31:1,True,3,20,True,-0.006493506493506494,0.0037901657570212164,-0.5383929230687375,True,0,0,0,True,0.14971537023713286,185.0,295.0,0.0,0.0,0.0,1.0,0.0
2025-01-31 18:00:00+00:00,2025-01-31,2025-01-31:1,True,4,5,True,0.2779220779220779,0.032168391996936836,2.1563564237073805,True,1,0,0,True,3.1705715655404,180.0,300.0,0.0,0.0,0.0,0.0,1.0
2025-01-31 18:05:00+00:00,2025-01-31,2025-01-31:1,True,0,5,True,-0.06761565836298933,0.06761565836298933,0.0,True,1,0,0,True,0.5409180547873219,175.0,305.0,1.0,0.0,0.0,0.0,0.0
2025-01-31 18:10:00+00:00,2025-01-31,2025-01-31:1,True,1,5,True,-0.06070287539936102,0.06070287539936102,1.604316209987469,True,0,0,0,True,-0.49209255579939487,170.0,310.0,0.0,1.0,0.0,0.0,0.0
2025-01-31 18:15:00+00:00,2025-01-31,2025-01-31:1,True,2,5,True,-0.2590529247910863,0.1955564026654229,-0.2811835411486965,True,0,0,0,True,-0.9431182682438921,165.0,315.0,0.0,0.0,1.0,0.0,0.0
2025-01-31 18:20:00+00:00,2025-01-31,2025-01-31:1,True,2,10,True,0.3018867924528302,0.26367280077760574,0.13534314419761168,True,0,0,0,True,-0.41807805752709926,160.0,320.0,0.0,0.0,1.0,0.0,0.0
2025-01-31 18:25:00+00:00,2025-01-31,2025-01-31:1,True,2,15,True,0.461038961038961,0.461038961038961,-1.1996084779481013,True,0,0,0,True,0.21583514759089065,155.0,325.0,0.0,0.0,1.0,0.0,0.0
2025-01-31 18:30:00+00:00,2025-01-31,2025-01-31:1,True,0,5,True,0.17981072555205047,0.15716012547258024,0.13463957987468744,True,0,0,0,True,0.39333505980440886,150.0,330.0,1.0,0.0,0.0,0.0,0.0
2025-01-31 18:35:00+00:00,2025-01-31,2025-01-31:1,True,0,10,True,-0.24731182795698925,0.11371652500345117,-0.776941272921446,True,0,0,0,True,1.1581956671855953,145.0,335.0,1.0,0.0,0.0,0.0,0.0
2025-01-31 18:40:00+00:00,2025-01-31,2025-01-31:1,True,4,5,True,0.052307692307692305,0.052307692307692305,0.0,True,0,0,0,True,-0.6189978598267486,140.0,340.0,0.0,0.0,0.0,0.0,1.0
2025-01-31 18:45:00+00:00,2025-01-31,2025-01-31:1,True,0,5,True,-0.07692307692307693,0.07692307692307693,0.2750438288900885,True,0,0,0,True,0.6150166981900584,135.0,345.0,1.0,0.0,0.0,0.0,0.0
2025-01-31 18:50:00+00:00,2025-01-31,2025-01-31:1,True,3,5,True,0.12903225806451613,0.12903225806451613,-1.4215409342323573,True,0,0,0,True,-0.78119956217803,130.0,350.0,0.0,0.0,0.0,1.0,0.0
2025-01-31 18:55:00+00:00,2025-01-31,2025-01-31:1,True,0,5,True,0.04294478527607362,0.03243697895754953,0.2806161293993093,True,0,0,0,True,0.10635142821355338,125.0,355.0,1.0,0.0,0.0,0.0,0.0
2025-01-31 19:00:00+00:00,2025-01-31,2025-01-31:1,True,0,10,True,0.11851851851851852,0.0666873756482121,0.5750535584173567,True,0,0,0,True,-0.5171772436997027,120.0,360.0,1.0,0.0,0.0,0.0,0.0
2025-01-31 19:05:00+00:00,2025-01-31,2025-01-31:1,True,0,15,True,-0.09538461538461539,0.024800207066882417,-1.3470652985304008,True,0,0,0,True,0.5957941890656973,115.0,365.0,1.0,0.0,0.0,0.0,0.0
2025-01-31 19:10:00+00:00,2025-01-31,2025-01-31:1,True,0,20,True,-0.10365853658536585,0.10365853658536585,0.0,True,0,0,0,True,0.0,110.0,370.0,1.0,0.0,0.0,0.0,0.0
2025-01-31 19:15:00+00:00,2025-01-31,2025-01-31:1,True,0,25,True,-0.367003367003367,0.367003367003367,0.3511744051196239,True,0,0,0,True,0.15040308982993814,105.0,375.0,1.0,0.0,0.0,0.0,0.0
2025-01-31 19:20:00+00:00,2025-01-31,2025-01-31:1,True,0,30,True,0.3413897280966767,0.23396348793384303,0.37785965360511414,True,0,0,0,True,1.516504398818391,100.0,380.0,1.0,0.0,0.0,0.0,0.0
2025-01-31 19:25:00+00:00,2025-01-31,2025-01-31:1,True,0,35,True,0.14540059347181009,0.14540059347181009,0.0,True,0,0,0,True,0.0,95.0,385.0,1.0,0.0,0.0,0.0,0.0
2025-01-31 19:30:00+00:00,2025-01-31,2025-01-31:1,True,0,40,True,-0.11805555555555555,0.11805555555555555,0.8130586853167191,True,0,0,0,True,0.9090272450323972,90.0,390.0,1.0,0.0,0.0,0.0,0.0
2025-01-31 19:35:00+00:00,2025-01-31,2025-01-31:1,True,0,45,True,-0.27485380116959063,0.11062240481323628,-0.9101166804519946,True,0,0,0,True,-0.8531932734185564,85.0,395.0,1.0,0.0,0.0,0.0,0.0
2025-01-31 19:40:00+00:00,2025-01-31,2025-01-31:1,True,0,50,True,0.2839506172839506,0.2839506172839506,-1.4000043942453722,True,0,0,0,True,1.743763447651001,80.0,400.0,1.0,0.0,0.0,0.0,0.0
2025-01-31 19:45:00+00:00,2025-01-31,2025-01-31:1,True,0,55,True,-0.11643835616438356,0.05028025551416404,-0.8397495357958219,True,0,0,0,True,0.7823556639548699,75.0,405.0,1.0,0.0,0.0,0.0,0.0
2025-01-31 19:50:00+00:00,2025-01-31,2025-01-31:1,True,4,5,True,-0.3069306930693069,0.3069306930693069,0.0,True,0,0,0,True,-2.560344125382948,70.0,410.0,0.0,0.0,0.0,0.0,1.0
2025-01-31 19:55:00+00:00,2025-01-31,2025-01-31:1,True,3,5,True,-0.1387900355871886,0.03610960138072202,-1.346403459576962,True,0,0,0,True,-1.2481196391955118,65.0,415.0,0.0,0.0,0.0,1.0,0.0
2025-01-31 20:00:00+00:00,2025-01-31,2025-01-31:1,True,3,10,True,0.07420494699646643,0.07420494699646643,-0.4328407918598314,True,0,0,0,True,-0.708485027669773,60.0,420.0,0.0,0.0,0.0,1.0,0.0
2025-01-31 20:05:00+00:00,2025-01-31,2025-01-31:1,True,4,5,True,0.1375,0.08955460119121593,0.4287754086667675,True,1,0,0,True,0.9587709608591446,55.0,425.0,0.0,0.0,0.0,0.0,1.0
2025-01-31 20:10:00+00:00,2025-01-31,2025-01-31:1,True,3,5,True,-0.06832298136645963,0.04512574424312475,-0.4147932773565742,True,1,0,0,True,-0.7254860382908555,50.0,430.0,0.0,0.0,0.0,1.0,0.0
2025-01-31 20:15:00+00:00,2025-01-31,2025-01-31:1,True,3,10,True,0.11258278145695365,0.11258278145695365,-2.462989067994331,True,0,1,1,True,-0.42364699875918155,45.0,435.0,0.0,0.0,0.0,1.0,0.0
2025-01-31 20:20:00+00:00,2025-01-31,2025-01-31:1,True,4,5,True,-0.20446096654275092,0.20446096654275092,0.5647856047517084,True,1,0,1,True,2.525798009878689,40.0,440.0,0.0,0.0,0.0,0.0,1.0
2025-01-31 20:25:00+00:00,2025-01-31,2025-01-31:1,True,3,5,True,0.024128686327077747,0.024128686327077747,-0.3317233942911241,True,1,0,1,True,0.24019629077449606,35.0,445.0,0.0,0.0,0.0,1.0,0.0
2025-01-31 20:30:00+00:00,2025-01-31,2025-01-31:1,True,4,5,True,0.15824915824915825,0.15824915824915825,-0.16360462663777503,True,1,0,1,True,0.0,30.0,450.0,0.0,0.0,0.0,0.0,1.0
2025-01-31 20:35:00+00:00,2025-01-31,2025-01-31:1,True,4,10,True,-0.3048780487804878,0.3048780487804878,0.0,True,1,0,1,True,0.0,25.0,455.0,0.0,0.0,0.0,0.0,1.0
2025-01-31 20:40:00+00:00,2025-01-31,2025-01-31:1,True,3,5,True,-0.12074303405572756,0.03810721706276699,-1.1532609134753677,True,0,1,2,True,0.7367913709513317,20.0,460.0,0.0,0.0,0.0,1.0,0.0
2025-01-31 20:45:00+00:00,2025-01-31,2025-01-31:1,True,0,5,True,-0.006172839506172839,0.006172839506172839,0.0,True,0,0,2,True,0.7614805183686225,15.0,465.0,1.0,0.0,0.0,0.0,0.0
2025-01-31 20:50:00+00:00,2025-01-31,2025-01-31:1,True,0,10,True,-0.24458204334365324,0.24458204334365324,0.6698808063549309,True,0,0,2,True,-0.4175360927578635,10.0,470.0,1.0,0.0,0.0,0.0,0.0
2025-01-31 20:55:00+00:00,2025-01-31,2025-01-31:1,True,0,15,True,-0.17647058823529413,0.056732213380224036,-1.1348120369718164,True,0,0,2,True,0.7250048161005502,5.0,475.0,1.0,0.0,0.0,0.0,0.0
2025-01-31 21:00:00+00:00,2025-01-31,2025-01-31:1,True,0,20,True,-0.17866666666666667,0.17866666666666667,0.6490425119870141,True,0,0,2,True,0.05938457415123828,0.0,480.0,1.0,0.0,0.0,0.0,0.0
2025-02-03 13:00:00+00:00,2025-02-03,2025-02-03:1,False,-1,0,False,,,,False,0,0,0,False,,480.0,0.0,,,,,
2025-02-03 13:05:00+00:00,2025-02-03,2025-02-03:1,False,-1,0,True,0.10429447852760736,,,False,0,0,0,False,,475.0,5.0,,,,,
2025-02-03 13:10:00+00:00,2025-02-03,2025-02-03:1,False,-1,0,True,0.07418397626112759,,,False,0,0,0,False,,470.0,10.0,,,,,
2025-02-03 13:15:00+00:00,2025-02-03,2025-02-03:1,False,-1,0,True,-0.08038585209003216,,,False,0,0,0,False,,465.0,15.0,,,,,
2025-02-03 13:20:00+00:00,2025-02-03,2025-02-03:1,False,-1,0,True,0.056962025316455694,,,False,0,0,0,False,,460.0,20.0,,,,,
2025-02-03 13:25:00+00:00,2025-02-03,2025-02-03:1,False,-1,0,True,-0.059431524547803614,,,False,0,0,0,False,,455.0,25.0,,,,,
2025-02-03 13:30:00+00:00,2025-02-03,2025-02-03:1,False,-1,0,True,0.06775067750677506,,,False,0,0,0,False,,450.0,30.0,,,,,
2025-02-03 13:35:00+00:00,2025-02-03,2025-02-03:1,False,-1,0,True,0.24571428571428572,,,False,0,0,0,False,,445.0,35.0,,,,,
2025-02-03 13:40:00+00:00,2025-02-03,2025-02-03:1,False,-1,0,True,-0.1505016722408027,,,False,0,0,0,False,,440.0,40.0,,,,,
2025-02-03 13:45:00+00:00,2025-02-03,2025-02-03:1,False,-1,0,True,0.08411214953271028,,,False,0,0,0,False,,435.0,45.0,,,,,
2025-02-03 13:50:00+00:00,2025-02-03,2025-02-03:1,False,-1,0,True,-0.3072289156626506,,,False,0,0,0,False,,430.0,50.0,,,,,
2025-02-03 13:55:00+00:00,2025-02-03,2025-02-03:1,False,-1,0,True,0.23303834808259588,,,False,0,0,0,False,,425.0,55.0,,,,,
2025-02-03 14:00:00+00:00,2025-02-03,2025-02-03:1,False,-1,0,True,-0.023890784982935155,,,False,0,0,0,False,,420.0,60.0,,,,,
2025-02-03 14:05:00+00:00,2025-02-03,2025-02-03:1,True,3,5,True,0.044444444444444446,0.044444444444444446,-1.1843456384779432,True,0,0,0,False,,415.0,65.0,0.0,0.0,0.0,1.0,0.0
2025-02-03 14:10:00+00:00,2025-02-03,2025-02-03:1,True,4,5,True,-0.3826530612244898,0.31301199369551286,-0.20088722496589717,True,0,0,0,False,,410.0,70.0,0.0,0.0,0.0,0.0,1.0
2025-02-03 14:15:00+00:00,2025-02-03,2025-02-03:1,True,3,5,True,-0.017543859649122806,0.00516830985445935,-1.2221582901063635,True,0,0,0,False,,405.0,75.0,0.0,0.0,0.0,1.0,0.0
2025-02-03 14:20:00+00:00,2025-02-03,2025-02-03:1,True,0,5,True,-0.09401709401709402,0.09401709401709402,0.21134320825349237,True,0,0,0,False,,400.0,80.0,1.0,0.0,0.0,0.0,0.0
2025-02-03 14:25:00+00:00,2025-02-03,2025-02-03:1,True,3,5,True,0.053691275167785234,0.053691275167785234,-1.1440082228129425,True,0,0,0,False,,395.0,85.0,0.0,0.0,0.0,1.0,0.0
2025-02-03 14:30:00+00:00,2025-02-03,2025-02-03:1,True,3,10,True,-0.05555555555555555,0.012938173228020216,-1.457201414465837,True,0,0,0,False,,390.0,90.0,0.0,0.0,0.0,1.0,0.0
2025-02-03 14:35:00+00:00,2025-02-03,2025-02-03:1,True,0,5,True,0.13015873015873017,0.019400437663989762,1.9034590810465302,True,0,0,0,False,,385.0,95.0,1.0,0.0,0.0,0.0,0.0
2025-02-03 14:40:00+00:00,2025-02-03,2025-02-03:1,True,0,10,True,-0.11400651465798045,0.11400651465798045,0.30755867367671635,True,0,0,0,False,,380.0,100.0,1.0,0.0,0.0,0.0,0.0
2025-02-03 14:45:00+00:00,2025-02-03,2025-02-03:1,True,1,5,True,0.07796610169491526,0.003024388271319284,3.249565291896026,True,0,0,0,False,,375.0,105.0,0.0,1.0,0.0,0.0,0.0
2025-02-03 14:50:00+00:00,2025-02-03,2025-02-03:1,True,1,10,True,0.4036144578313253,0.025281684951388144,2.7703798914009443,True,0,0,0,False,,370.0,110.0,0.0,1.0,0.0,0.0,0.0
2025-02-03 14:55:00+00:00,2025-02-03,2025-02-03:1,True,2,5,True,0.16147308781869688,0.16147308781869688,-1.2592183213987138,True,0,0,0,False,,365.0,115.0,0.0,0.0,1.0,0.0,0.0
2025-02-03 15:00:00+00:00,2025-02-03,2025-02-03:1,True,1,5,True,-0.14868804664723032,0.14868804664723032,1.4657243749620614,True,0,0,0,False,,360.0,120.0,0.0,1.0,0.0,0.0,0.0
2025-02-03 15:05:00+00:00,2025-02-03,2025-02-03:1,True,2,5,True,0.3167259786476868,0.3167259786476868,-0.24653143645972916,True,0,0,0,True,-1.0007609565186555,355.0,125.0,0.0,0.0,1.0,0.0,0.0
2025-02-03 15:10:00+00:00,2025-02-03,2025-02-03:1,True,2,10,True,0.18705035971223022,0.18705035971223022,-2.020845241966769,True,0,0,0,True,-0.11683931075744458,350.0,130.0,0.0,0.0,1.0,0.0,0.0
2025-02-03 15:15:00+00:00,2025-02-03,2025-02-03:1,True,0,5,True,0.19877675840978593,0.10071479572923146,0.6798896602582025,True,0,0,0,True,-0.3045159222787554,345.0,135.0,1.0,0.0,0.0,0.0,0.0
2025-02-03 15:20:00+00:00,2025-02-03,2025-02-03:1,True,0,10,True,-0.06395348837209303,0.06395348837209303,0.0,True,0,0,0,True,0.3007054291319382,340.0,140.0,1.0,0.0,0.0,0.0,0.0
2025-02-03 15:25:00+00:00,2025-02-03,2025-02-03:1,True,0,15,True,-0.008620689655172414,0.008620689655172414,0.23391941674661854,True,0,0,0,True,-0.8346402101682728,335.0,145.0,1.0,0.0,0.0,0.0,0.0
2025-02-03 15:30:00+00:00,2025-02-03,2025-02-03:1,True,0,20,True,0.09536784741144415,0.006986951933891537,2.613697092233213,True,0,0,0,True,3.8962695805517957,330.0,150.0,1.0,0.0,0.0,0.0,0.0
2025-02-03 15:35:00+00:00,2025-02-03,2025-02-03:1,True,1,5,True,0.3413897280966767,0.17654789174911767,0.6594325413956965,True,0,0,0,True,-1.2638879906883609,325.0,155.0,0.0,1.0,0.0,0.0,0.0
2025-02-03 15:40:00+00:00,2025-02-03,2025-02-03:1,True,1,10,True,-0.07749077490774908,0.07749077490774908,1.1622301651888072,True,0,0,0,True,0.6742602398796871,320.0,160.0,0.0,1.0,0.0,0.0,0.0
2025-02-03 15:45:00+00:00,2025-02-03,2025-02-03:1,True,2,5,True,-0.029490616621983913,0.00582750334954339,-1.6214834654268615,True,0,0,0,True,-1.0311369640602104,315.0,165.0,0.0,0.0,1.0,0.0,0.0
2025-02-03 15:50:00+00:00,2025-02-03,2025-02-03:1,True,0,5,True,0.3046153846153846,0.3046153846153846,-0.9493600863449143,True,0,0,0,True,-1.0813512553482028,310.0,170.0,1.0,0.0,0.0,0.0,0.0
2025-02-03 15:55:00+00:00,2025-02-03,2025-02-03:1,True,1,5,True,0.20132013201320131,0.09980207034400985,0.7017074096138753,True,0,0,0,True,0.39226636705269996,305.0,175.0,0.0,1.0,0.0,0.0,0.0
2025-02-03 16:00:00+00:00,2025-02-03,2025-02-03:1,True,0,5,True,-0.16,0.16,0.0,True,0,0,0,True,-0.39432858945104704,300.0,180.0,1.0,0.0,0.0,0.0,0.0
2025-02-03 16:05:00+00:00,2025-02-03,2025-02-03:1,True,0,10,True,-0.273972602739726,0.19264027897822497,-0.3522035010840219,True,0,0,0,True,0.09970843668148155,295.0,185.0,1.0,0.0,0.0,0.0,0.0
2025-02-03 16:10:00+00:00,2025-02-03,2025-02-03:1,True,0,15,True,0.11940298507462686,0.07013414425095,0.5320944466288615,True,0,0,0,True,-0.3965997843703803,290.0,190.0,1.0,0.0,0.0,0.0,0.0
2025-02-03 16:15:00+00:00,2025-02-03,2025-02-03:1,True,0,20,True,0.04375,0.04375,-0.1771288638417226,True,0,0,0,True,0.0,285.0,195.0,1.0,0.0,0.0,0.0,0.0
2025-02-03 16:20:00+00:00,2025-02-03,2025-02-03:1,True,0,25,True,0.061068702290076333,0.061068702290076333,-0.08687028154590391,True,0,0,0,True,0.09388796000965602,280.0,200.0,1.0,0.0,0.0,0.0,0.0
2025-02-03 16:25:00+00:00,2025-02-03,2025-02-03:1,True,0,30,True,0.024242424242424242,0.024242424242424242,-0.6013452231329333,True,0,0,0,True,0.4734538077903916,275.0,205.0,1.0,0.0,0.0,0.0,0.0
2025-02-03 16:30:00+00:00,2025-02-03,2025-02-03:1,True,0,35,True,-0.17058823529411765,0.15575398082266495,-0.0909749555233854,True,0,0,0,True,-0.10210927890050826,270.0,210.0,1.0,0.0,0.0,0.0,0.0
2025-02-03 16:35:00+00:00,2025-02-03,2025-02-03:1,True,0,40,True,0.17616580310880828,0.17616580310880828,0.0,True,0,0,0,True,-0.2523931274085119,265.0,215.0,1.0,0.0,0.0,0.0,0.0
2025-02-03 16:40:00+00:00,2025-02-03,2025-02-03:1,True,0,45,True,0.0,0.0,0.7306867304775325,True,0,0,0,True,0.08746277705832584,260.0,220.0,1.0,0.0,0.0,0.0,0.0
2025-02-03 16:45:00+00:00,2025-02-03,2025-02-03:1,True,0,50,True,-0.019011406844106463,0.014552523785226283,-0.26727472463343127,True,0,0,0,True,0.5976444529495885,255.0,225.0,1.0,0.0,0.0,0.0,0.0
2025-02-03 16:50:00+00:00,2025-02-03,2025-02-03:1,True,0,55,True,0.0759493670886076,0.0759493670886076,-0.2716969000659465,True,0,0,0,True,0.0,250.0,230.0,1.0,0.0,0.0,0.0,0.0
2025-02-03 16:55:00+00:00,2025-02-03,2025-02-03:1,True,3,5,True,-0.06806282722513089,0.008987681813796125,-2.0245762559248845,True,0,0,0,True,-0.7503828265076299,245.0,235.0,0.0,0.0,0.0,1.0,0.0
2025-02-03 17:00:00+00:00,2025-02-03,2025-02-03:1,True,0,5,True,-0.08626198083067092,0.08626198083067092,0.0,True,0,0,0,True,-1.6945654424269105,240.0,240.0,1.0,0.0,0.0,0.0,0.0
2025-02-03 17:05:00+00:00,2025-02-03,2025-02-03:1,True,3,5,True,-0.03783783783783784,0.017400147954325772,-0.7768308936526228,True,0,0,0,True,0.0,235.0,245.0,0.0,0.0,0.0,1.0,0.0
2025-02-03 17:10:00+00:00,2025-02-03,2025-02-03:1,True,4,5,True,0.07818930041152264,0.07818930041152264,-0.28627596799740457,True,0,0,0,True,0.28589680955883257,230.0,250.0,0.0,0.0,0.0,0.0,1.0
2025-02-03 17:15:00+00:00,2025-02-03,2025-02-03:1,True,4,10,True,-0.036065573770491806,0.036065573770491806,0.8251314866711217,True,1,0,0,True,-1.1224706718179318,225.0,255.0,0.0,0.0,0.0,0.0,1.0
2025-02-03 17:20:00+00:00,2025-02-03,2025-02-03:1,True,4,15,True,-0.06474820143884892,0.06474820143884892,0.43101973391066317,True,0,0,0,True,0.4345017227204908,220.0,260.0,0.0,0.0,0.0,0.0,1.0
2025-02-03 17:25:00+00:00,2025-02-03,2025-02-03:1,True,0,5,True,-0.2108843537414966,0.2108843537414966,0.1502285403154007,True,0,0,0,True,-1.1128953564768698,215.0,265.0,1.0,0.0,0.0,0.0,0.0
2025-02-03 17:30:00+00:00,2025-02-03,2025-02-03:1,True,0,10,True,-0.05226480836236934,0.01240397176628555,-1.4383065392673187,True,0,0,0,True,0.5847547625984862,210.0,270.0,1.0,0.0,0.0,0.0,0.0
2025-02-03 17:35:00+00:00,2025-02-03,2025-02-03:1,True,0,15,True,0.13636363636363635,0.13636363636363635,-0.24653408191718817,True,0,0,0,True,0.0,205.0,275.0,1.0,0.0,0.0,0.0,0.0
2025-02-03 17:40:00+00:00,2025-02-03,2025-02-03:1,True,0,20,True,0.25625,0.25625,-0.12757835331781486,True,0,0,0,True,-0.511771992940562,200.0,280.0,1.0,0.0,0.0,0.0,0.0
2025-02-03 17:45:00+00:00,2025-02-03,2025-02-03:1,True,0,25,True,0.058823529411764705,0.01083604400613696,1.691663949606025,True,0,0,0,True,-0.4619209906837305,195.0,285.0,1.0,0.0,0.0,0.0,0.0
2025-02-03 17:50:00+00:00,2025-02-03,2025-02-03:1,True,0,30,True,-0.37329700272479566,0.37329700272479566,0.4922237780464116,True,0,0,0,True,1.211690994999183,190.0,290.0,1.0,0.0,0.0,0.0,0.0
2025-02-03 17:55:00+00:00,2025-02-03,2025-02-03:1,True,0,35,True,-0.022950819672131147,0.007357858320927504,-1.1375847500391842,True,0,0,0,True,-0.5652704069451369,185.0,295.0,1.0,0.0,0.0,0.0,0.0
2025-02-03 18:00:00+00:00,2025-02-03,2025-02-03:1,True,3,5,True,-0.19786096256684493,0.0058612774376102005,-3.5191970021735783,True,0,0,0,True,-3.1896234015119256,180.0,300.0,0.0,0.0,0.0,1.0,0.0
2025-02-03 18:05:00+00:00,2025-02-03,2025-02-03:1,True,3,10,True,0.06093189964157706,0.06093189964157706,-0.2259425204174168,True,0,0,0,True,-0.5052228346609782,175.0,305.0,0.0,0.0,0.0,1.0,0.0
2025-02-03 18:10:00+00:00,2025-02-03,2025-02-03:1,True,3,15,True,0.21194029850746268,0.21194029850746268,-0.45052274141845605,True,0,0,0,True,0.32065232847629305,170.0,310.0,0.0,0.0,0.0,1.0,0.0
2025-02-03 18:15:00+00:00,2025-02-03,2025-02-03:1,True,4,5,True,0.05329153605015674,0.05329153605015674,-0.345503671544684,True,0,0,0,True,-0.2575232320165577,165.0,315.0,0.0,0.0,0.0,0.0,1.0
2025-02-03 18:20:00+00:00,2025-02-03,2025-02-03:1,True,4,10,True,-0.14285714285714285,0.14285714285714285,1.0158627418911774,True,1,0,0,True,2.019145019269489,160.0,320.0,0.0,0.0,0.0,0.0,1.0
2025-02-03 18:25:00+00:00,2025-02-03,2025-02-03:1,True,4,15,True,-0.1488095238095238,0.1488095238095238,0.0,True,1,0,0,True,-0.9771166399447883,155.0,325.0,0.0,0.0,0.0,0.0,1.0
2025-02-03 18:30:00+00:00,2025-02-03,2025-02-03:1,True,0,5,True,-0.08421052631578947,0.08421052631578947,0.23257519566021367,True,1,0,0,True,0.0,150.0,330.0,1.0,0.0,0.0,0.0,0.0
2025-02-03 18:35:00+00:00,2025-02-03,2025-02-03:1,True,0,10,True,0.0037735849056603774,0.0037735849056603774,0.0,True,1,0,0,True,0.6420200290572001,145.0,335.0,1.0,0.0,0.0,0.0,0.0
2025-02-03 18:40:00+00:00,2025-02-03,2025-02-03:1,True,1,5,True,0.24381625441696114,0.014857781830962886,2.7978911289216395,True,0,0,0,True,1.489899742305896,140.0,340.0,0.0,1.0,0.0,0.0,0.0
2025-02-03 18:45:00+00:00,2025-02-03,2025-02-03:1,True,1,10,True,0.05555555555555555,0.02312263421615399,0.8765715470872256,True,0,0,0,True,0.0,135.0,345.0,0.0,1.0,0.0,0.0,0.0
2025-02-03 18:50:00+00:00,2025-02-03,2025-02-03:1,True,1,15,True,-0.21863799283154123,0.21863799283154123,0.6538460969235748,True,0,0,0,True,0.012289878475856324,130.0,350.0,0.0,1.0,0.0,0.0,0.0
2025-02-03 18:55:00+00:00,2025-02-03,2025-02-03:1,True,2,5,True,0.16262975778546712,0.16262975778546712,-0.2240423315445072,True,0,0,0,True,0.0,125.0,355.0,0.0,0.0,1.0,0.0,0.0
2025-02-03 19:00:00+00:00,2025-02-03,2025-02-03:1,True,2,10,True,-0.03832752613240418,0.03832752613240418,0.0,True,0,0,0,True,0.0,120.0,360.0,0.0,0.0,1.0,0.0,0.0
2025-02-03 19:05:00+00:00,2025-02-03,2025-02-03:1,True,2,15,True,0.3314121037463977,0.24974889022903995,0.2829066534071051,True,0,0,0,True,-0.6325985083052594,115.0,365.0,0.0,0.0,1.0,0.0,0.0
2025-02-03 19:10:00+00:00,2025-02-03,2025-02-03:1,True,2,20,True,0.1299093655589124,0.1299093655589124,0.0,True,0,0,0,True,0.6504931099999974,110.0,370.0,0.0,0.0,1.0,0.0,0.0
2025-02-03 19:15:00+00:00,2025-02-03,2025-02-03:1,True,0,5,True,0.05740181268882175,0.05740181268882175,-0.29466684646316044,True,0,0,0,True,0.0,105.0,375.0,1.0,0.0,0.0,0.0,0.0
2025-02-03 19:20:00+00:00,2025-02-03,2025-02-03:1,True,0,10,True,-0.037037037037037035,0.0201763741554812,-0.607406089345452,True,0,0,0,True,0.0,100.0,380.0,1.0,0.0,0.0,0.0,0.0
2025-02-03 19:25:00+00:00,2025-02-03,2025-02-03:1,True,0,15,True,0.052980132450331126,0.052980132450331126,-0.6304993876458382,True,0,0,0,True,0.0,95.0,385.0,1.0,0.0,0.0,0.0,0.0
2025-02-03 19:30:00+00:00,2025-02-03,2025-02-03:1,True,3,5,True,-0.09830508474576272,0.05014845521003042,-0.6730880420845049,True,0,0,0,True,0.0,90.0,390.0,0.0,0.0,0.0,1.0,0.0
2025-02-03 19:35:00+00:00,2025-02-03,2025-02-03:1,True,0,5,True,0.010752688172043012,0.0014156710099325048,2.0275521551702065,True,0,0,0,True,1.5687078487358987,85.0,395.0,1.0,0.0,0.0,0.0,0.0
2025-02-03 19:40:00+00:00,2025-02-03,2025-02-03:1,True,3,5,True,0.21763085399449036,0.21763085399449036,-1.5023240080038145,True,0,0,0,True,-1.919599203500449,80.0,400.0,0.0,0.0,0.0,1.0,0.0
2025-02-03 19:45:00+00:00,2025-02-03,2025-02-03:1,True,3,10,True,-0.23125,0.1442941947394856,-0.47164514191757284,True,0,0,0,True,0.13450139355702787,75.0,405.0,0.0,0.0,0.0,1.0,0.0
2025-02-03 19:50:00+00:00,2025-02-03,2025-02-03:1,True,0,5,True,-0.018292682926829267,0.018292682926829267,1.4270935795172808,True,0,0,0,True,1.0636927513503727,70.0,410.0,1.0,0.0,0.0,0.0,0.0
2025-02-03 19:55:00+00:00,2025-02-03,2025-02-03:1,True,1,5,True,-0.1724137931034483,0.1724137931034483,0.9415170413494416,True,0,0,0,True,-0.9676936954358963,65.0,415.0,0.0,1.0,0.0,0.0,0.0
2025-02-03 20:00:00+00:00,2025-02-03,2025-02-03:1,True,1,10,True,0.1871345029239766,0.022937870987097105,2.0990383257708127,True,0,0,0,True,0.15896736704787143,60.0,420.0,0.0,1.0,0.0,0.0,0.0
2025-02-03 20:05:00+00:00,2025-02-03,2025-02-03:1,True,0,5,True,0.18831168831168832,0.18831168831168832,-0.4311328772999412,True,0,0,0,True,0.9640424209804844,55.0,425.0,1.0,0.0,0.0,0.0,0.0
2025-02-03 20:10:00+00:00,2025-02-03,2025-02-03:1,True,2,5,True,0.052307692307692305,0.04227700067082091,0.21290022189129576,True,0,0,0,True,0.1436905162566532,50.0,430.0,0.0,0.0,1.0,0.0,0.0
2025-02-03 20:15:00+00:00,2025-02-03,2025-02-03:1,True,2,10,True,0.04285714285714286,0.04285714285714286,-1.6422980415084587,True,0,0,0,True,0.45903625751563454,45.0,435.0,0.0,0.0,1.0,0.0,0.0
2025-02-03 20:20:00+00:00,2025-02-03,2025-02-03:1,True,0,5,True,-0.23529411764705882,0.10333702922976036,-0.8228405211347275,True,0,0,0,True,-0.9199636699479942,40.0,440.0,1.0,0.0,0.0,0.0,0.0
2025-02-03 20:25:00+00:00,2025-02-03,2025-02-03:1,True,0,10,True,0.1437908496732026,0.1437908496732026,0.0,True,0,0,0,True,0.5791605710998671,35.0,445.0,1.0,0.0,0.0,0.0,0.0
2025-02-03 20:30:00+00:00,2025-02-03,2025-02-03:1,True,3,5,True,-0.0859106529209622,0.037030762055153287,-0.8415588625658522,True,0,0,0,True,0.0,30.0,450.0,0.0,0.0,0.0,1.0,0.0
2025-02-03 20:35:00+00:00,2025-02-03,2025-02-03:1,True,4,5,True,0.0,0.0,0.8479444782221224,True,0,0,0,True,1.34924233468129,25.0,455.0,0.0,0.0,0.0,0.0,1.0
2025-02-03 20:40:00+00:00,2025-02-03,2025-02-03:1,True,0,5,True,-0.152317880794702,0.152317880794702,1.111964588575397,True,0,0,0,True,-0.44136618470372585,20.0,460.0,1.0,0.0,0.0,0.0,0.0
2025-02-03 20:45:00+00:00,2025-02-03,2025-02-03:1,True,0,10,True,-0.030716723549488054,0.008246448886539309,-1.3150245776149607,True,0,0,0,True,-0.6271121051539531,15.0,465.0,1.0,0.0,0.0,0.0,0.0
2025-02-03 20:50:00+00:00,2025-02-03,2025-02-03:1,True,3,5,True,-0.1746987951807229,0.02123123601278216,-2.107589826488841,True,0,0,0,True,0.0,10.0,470.0,0.0,0.0,0.0,1.0,0.0
2025-02-03 20:55:00+00:00,2025-02-03,2025-02-03:1,True,0,5,True,0.12871287128712872,0.05740664163130205,0.8074241151081271,True,0,0,0,True,0.4513638020129554,5.0,475.0,1.0,0.0,0.0,0.0,0.0
2025-02-03 21:00:00+00:00,2025-02-03,2025-02-03:1,True,0,10,True,0.016286644951140065,0.0022438273256848006,1.9821624084676668,True,0,0,0,True,0.46754671074948384,0.0,480.0,1.0,0.0,0.0,0.0,0.0
2025-02-04 13:00:00+00:00,2025-02-04,2025-02-04:1,False,-1,0,False,,,,False,0,0,0,False,,480.0,0.0,,,,,
2025-02-04 13:05:00+00:00,2025-02-04,2025-02-04:1,False,-1,0,True,0.03546099290780142,,,False,0,0,0,False,,475.0,5.0,,,,,
2025-02-04 13:10:00+00:00,2025-02-04,2025-02-04:1,False,-1,0,True,0.13261648745519714,,,False,0,0,0,False,,470.0,10.0,,,,,
2025-02-04 13:15:00+00:00,2025-02-04,2025-02-04:1,False,-1,0,True,0.04918032786885246,,,False,0,0,0,False,,465.0,15.0,,,,,
2025-02-04 13:20:00+00:00,2025-02-04,2025-02-04:1,False,-1,0,True,-0.1505016722408027,,,False,0,0,0,False,,460.0,20.0,,,,,
2025-02-04 13:25:00+00:00,2025-02-04,2025-02-04:1,False,-1,0,True,-0.03804347826086957,,,False,0,0,0,False,,455.0,25.0,,,,,
2025-02-04 13:30:00+00:00,2025-02-04,2025-02-04:1,False,-1,0,True,-0.03550295857988166,,,False,0,0,0,False,,450.0,30.0,,,,,
2025-02-04 13:35:00+00:00,2025-02-04,2025-02-04:1,False,-1,0,True,-0.15544041450777202,,,False,0,0,0,False,,445.0,35.0,,,,,
2025-02-04 13:40:00+00:00,2025-02-04,2025-02-04:1,False,-1,0,True,0.09433962264150944,,,False,0,0,0,False,,440.0,40.0,,,,,
2025-02-04 13:45:00+00:00,2025-02-04,2025-02-04:1,False,-1,0,True,-0.15151515151515152,,,False,0,0,0,False,,435.0,45.0,,,,,
2025-02-04 13:50:00+00:00,2025-02-04,2025-02-04:1,False,-1,0,True,0.17721518987341772,,,False,0,0,0,False,,430.0,50.0,,,,,
2025-02-04 13:55:00+00:00,2025-02-04,2025-02-04:1,False,-1,0,True,0.09342560553633218,,,False,0,0,0,False,,425.0,55.0,,,,,
2025-02-04 14:00:00+00:00,2025-02-04,2025-02-04:1,False,-1,0,True,-0.06306306306306306,,,False,0,0,0,False,,420.0,60.0,,,,,
2025-02-04 14:05:00+00:00,2025-02-04,2025-02-04:1,True,1,5,True,-0.2767527675276753,0.2767527675276753,0.32555801933372513,True,0,0,0,False,,415.0,65.0,0.0,1.0,0.0,0.0,0.0
2025-02-04 14:10:00+00:00,2025-02-04,2025-02-04:1,True,0,5,True,-0.40509915014164305,0.12130341951284739,-1.2058368462132416,True,0,0,0,False,,410.0,70.0,1.0,0.0,0.0,0.0,0.0
2025-02-04 14:15:00+00:00,2025-02-04,2025-02-04:1,True,0,10,True,-0.1974921630094044,0.16609863939367606,-0.17311707749213265,True,0,0,0,False,,405.0,75.0,1.0,0.0,0.0,0.0,0.0
2025-02-04 14:20:00+00:00,2025-02-04,2025-02-04:1,True,0,15,True,0.03007518796992481,0.03007518796992481,-1.3523559609593727,True,0,0,0,False,,400.0,80.0,1.0,0.0,0.0,0.0,0.0
2025-02-04 14:25:00+00:00,2025-02-04,2025-02-04:1,True,0,20,True,0.07964601769911504,0.030239429966760493,0.9684453367778921,True,0,0,0,False,,395.0,85.0,1.0,0.0,0.0,0.0,0.0
2025-02-04 14:30:00+00:00,2025-02-04,2025-02-04:1,True,0,25,True,-0.19318181818181818,0.13890984063029674,-0.3298067144389826,True,0,0,0,False,,390.0,90.0,1.0,0.0,0.0,0.0,0.0
2025-02-04 14:35:00+00:00,2025-02-04,2025-02-04:1,True,0,30,True,0.054945054945054944,0.013361397167147503,1.413963943879521,True,0,0,0,False,,385.0,95.0,1.0,0.0,0.0,0.0,0.0
2025-02-04 14:40:00+00:00,2025-02-04,2025-02-04:1,True,0,35,True,0.22727272727272727,0.11002283886157944,0.7254627678024446,True,0,0,0,False,,380.0,100.0,1.0,0.0,0.0,0.0,0.0
2025-02-04 14:45:00+00:00,2025-02-04,2025-02-04:1,True,0,40,True,0.03859649122807018,0.02700080204698242,0.35729480050493273,True,0,0,0,False,,375.0,105.0,1.0,0.0,0.0,0.0,0.0
2025-02-04 14:50:00+00:00,2025-02-04,2025-02-04:1,True,1,5,True,0.07636363636363637,0.05212223303184757,0.3819150236508619,True,0,0,0,False,,370.0,110.0,0.0,1.0,0.0,0.0,0.0
2025-02-04 14:55:00+00:00,2025-02-04,2025-02-04:1,True,2,5,True,0.10365853658536585,0.10365853658536585,-0.37652373650110943,True,0,0,0,False,,365.0,115.0,0.0,0.0,1.0,0.0,0.0
2025-02-04 15:00:00+00:00,2025-02-04,2025-02-04:1,True,1,5,True,0.18888888888888888,0.015638489057250998,2.491423829850384,True,0,0,0,False,,360.0,120.0,0.0,1.0,0.0,0.0,0.0
2025-02-04 15:05:00+00:00,2025-02-04,2025-02-04:1,True,1,10,True,0.06705539358600583,0.046502591942585325,0.3660109960047316,True,0,0,0,True,0.0,355.0,125.0,0.0,1.0,0.0,0.0,0.0
2025-02-04 15:10:00+00:00,2025-02-04,2025-02-04:1,True,2,5,True,-0.1048951048951049,0.06796247227498872,-0.4340051752982081,True,0,0,0,True,-0.970465074553506,350.0,130.0,0.0,0.0,1.0,0.0,0.0
2025-02-04 15:15:00+00:00,2025-02-04,2025-02-04:1,True,2,10,True,-0.4389438943894389,0.2825762407734265,-0.44042320867478263,True,0,0,0,True,0.7928333167468447,345.0,135.0,0.0,0.0,1.0,0.0,0.0
2025-02-04 15:20:00+00:00,2025-02-04,2025-02-04:1,True,1,5,True,0.18243243243243243,0.0717705301823864,0.9329059225652652,True,0,0,0,True,0.0,340.0,140.0,0.0,1.0,0.0,0.0,0.0
2025-02-04 15:25:00+00:00,2025-02-04,2025-02-04:1,True,1,10,True,-0.005434782608695652,0.005434782608695652,0.7578001022381182,True,0,0,0,True,0.5648308473202409,335.0,145.0,0.0,1.0,0.0,0.0,0.0
2025-02-04 15:30:00+00:00,2025-02-04,2025-02-04:1,True,3,5,True,0.11560693641618497,0.11560693641618497,-9.95832553879396,True,0,0,0,True,-21.125570136723415,330.0,150.0,0.0,0.0,0.0,1.0,0.0
2025-02-04 15:35:00+00:00,2025-02-04,2025-02-04:1,True,4,5,True,0.17117117117117117,0.10255702707049036,0.512245051306229,True,1,0,0,True,0.0,325.0,155.0,0.0,0.0,0.0,0.0,1.0
2025-02-04 15:40:00+00:00,2025-02-04,2025-02-04:1,True,4,10,True,-0.07348242811501597,0.07348242811501597,0.42718103091902715,True,1,0,0,True,-0.20787655163055085,320.0,160.0,0.0,0.0,0.0,0.0,1.0
2025-02-04 15:45:00+00:00,2025-02-04,2025-02-04:1,True,0,5,True,-0.07167235494880546,0.07167235494880546,1.2580964687544627,True,0,0,0,True,0.31796792753407777,315.0,165.0,1.0,0.0,0.0,0.0,0.0
2025-02-04 15:50:00+00:00,2025-02-04,2025-02-04:1,True,0,10,True,-0.1638418079096045,0.1638418079096045,0.5010133516883863,True,0,0,0,True,0.08475407196648072,310.0,170.0,1.0,0.0,0.0,0.0,0.0
2025-02-04 15:55:00+00:00,2025-02-04,2025-02-04:1,True,0,15,True,-0.07590759075907591,0.07590759075907591,0.9046650848195679,True,0,0,0,True,-0.0710632137112254,305.0,175.0,1.0,0.0,0.0,0.0,0.0
2025-02-04 16:00:00+00:00,2025-02-04,2025-02-04:1,True,2,5,True,-0.3118279569892473,0.1491403259544149,-0.7375639681421181,True,0,0,0,True,-0.12107697966932855,300.0,180.0,0.0,0.0,1.0,0.0,0.0
2025-02-04 16:05:00+00:00,2025-02-04,2025-02-04:1,True,1,5,True,-0.19653179190751446,0.19653179190751446,1.456747636597308,True,0,0,0,True,0.4140203847484198,295.0,185.0,0.0,1.0,0.0,0.0,0.0
2025-02-04 16:10:00+00:00,2025-02-04,2025-02-04:1,True,1,10,True,0.10179640718562874,0.07387756877222329,0.32056556362543653,True,0,0,0,True,0.6239456074775189,290.0,190.0,0.0,1.0,0.0,0.0,0.0
2025-02-04 16:15:00+00:00,2025-02-04,2025-02-04:1,True,0,5,True,0.12852664576802508,0.12852664576802508,-0.6379990279081563,True,0,0,0,True,0.09681448160684394,285.0,195.0,1.0,0.0,0.0,0.0,0.0
2025-02-04 16:20:00+00:00,2025-02-04,2025-02-04:1,True,0,10,True,0.23773584905660378,0.23773584905660378,-0.07920425802834923,True,0,0,0,True,0.0,280.0,200.0,1.0,0.0,0.0,0.0,0.0
2025-02-04 16:25:00+00:00,2025-02-04,2025-02-04:1,True,0,15,True,-0.02005730659025788,0.02005730659025788,0.0,True,0,0,0,True,0.0,275.0,205.0,1.0,0.0,0.0,0.0,0.0
2025-02-04 16:30:00+00:00,2025-02-04,2025-02-04:1,True,0,20,True,0.25903614457831325,0.25903614457831325,-0.7790994062205725,True,0,0,0,True,-0.2732053765303542,270.0,210.0,1.0,0.0,0.0,0.0,0.0
2025-02-04 16:35:00+00:00,2025-02-04,2025-02-04:1,True,3,5,True,-0.37293729372937295,0.15167773077363012,-0.8996522144071981,True,0,0,0,True,-0.6705611691736016,265.0,215.0,0.0,0.0,0.0,1.0,0.0
2025-02-04 16:40:00+00:00,2025-02-04,2025-02-04:1,True,3,10,True,-0.258160237388724,0.12338577781327958,-0.7382646151838681,True,0,0,0,True,0.6603239459727904,260.0,220.0,0.0,0.0,0.0,1.0,0.0
2025-02-04 16:45:00+00:00,2025-02-04,2025-02-04:1,True,4,5,True,-0.1536050156739812,0.1536050156739812,0.2945765437285401,True,0,0,0,True,0.0,255.0,225.0,0.0,0.0,0.0,0.0,1.0
2025-02-04 16:50:00+00:00,2025-02-04,2025-02-04:1,True,3,5,True,0.053763440860215055,0.053763440860215055,-0.29915821730905834,True,0,0,0,True,0.6689381099307087,250.0,230.0,0.0,0.0,0.0,1.0,0.0
2025-02-04 16:55:00+00:00,2025-02-04,2025-02-04:1,True,3,10,True,0.13544668587896252,0.13544668587896252,-0.6465468314592523,True,0,0,0,True,0.5190963424003114,245.0,235.0,0.0,0.0,0.0,1.0,0.0
2025-02-04 17:00:00+00:00,2025-02-04,2025-02-04:1,True,4,5,True,-0.225,0.225,0.33248000902307284,True,0,0,0,True,0.7434479013353343,240.0,240.0,0.0,0.0,0.0,0.0,1.0
2025-02-04 17:05:00+00:00,2025-02-04,2025-02-04:1,True,0,5,True,0.2549019607843137,0.09007821858257088,1.0402006154718837,True,0,0,0,True,0.0,235.0,245.0,1.0,0.0,0.0,0.0,0.0
2025-02-04 17:10:00+00:00,2025-02-04,2025-02-04:1,True,0,10,True,0.2852664576802508,0.14266938436789608,0.6928937266742082,True,0,0,0,True,-0.7746787370155462,230.0,250.0,1.0,0.0,0.0,0.0,0.0
2025-02-04 17:15:00+00:00,2025-02-04,2025-02-04:1,True,0,15,True,0.19117647058823528,0.19117647058823528,0.0,True,0,0,0,True,0.0,225.0,255.0,1.0,0.0,0.0,0.0,0.0
2025-02-04 17:20:00+00:00,2025-02-04,2025-02-04:1,True,0,20,True,-0.12987012987012986,0.12987012987012986,0.0,True,0,0,0,True,0.7867759486927862,220.0,260.0,1.0,0.0,0.0,0.0,0.0
2025-02-04 17:25:00+00:00,2025-02-04,2025-02-04:1,True,2,5,True,-0.10749185667752444,0.10749185667752444,0.0,True,0,0,0,True,0.0,215.0,265.0,0.0,0.0,1.0,0.0,0.0
2025-02-04 17:30:00+00:00,2025-02-04,2025-02-04:1,True,1,5,True,-0.10231023102310231,0.10231023102310231,0.3884211946497474,True,0,0,0,True,0.8685361951385128,210.0,270.0,0.0,1.0,0.0,0.0,0.0
2025-02-04 17:35:00+00:00,2025-02-04,2025-02-04:1,True,0,5,True,0.15294117647058825,0.15294117647058825,-0.40696894314676985,True,0,0,0,True,1.6578529578757084,205.0,275.0,1.0,0.0,0.0,0.0,0.0
2025-02-04 17:40:00+00:00,2025-02-04,2025-02-04:1,True,0,10,True,0.03896103896103896,0.03896103896103896,-0.414793277356401,True,0,0,0,True,-0.9275059647788368,200.0,280.0,1.0,0.0,0.0,0.0,0.0
2025-02-04 17:45:00+00:00,2025-02-04,2025-02-04:1,True,0,15,True,0.04735376044568245,0.04735376044568245,-0.4590362575154544,True,0,0,0,True,1.0264362759445722,195.0,285.0,1.0,0.0,0.0,0.0,0.0
2025-02-04 17:50:00+00:00,2025-02-04,2025-02-04:1,True,0,20,True,-0.1737891737891738,0.1737891737891738,0.0,True,0,0,0,True,-1.0288889348169739,190.0,290.0,1.0,0.0,0.0,0.0,0.0
2025-02-04 17:55:00+00:00,2025-02-04,2025-02-04:1,True,0,25,True,-0.2479108635097493,0.10058110749694649,-0.9021048184377455,True,0,0,0,True,0.28499297657582545,185.0,295.0,1.0,0.0,0.0,0.0,0.0
2025-02-04 18:00:00+00:00,2025-02-04,2025-02-04:1,True,0,30,True,-0.15816326530612246,0.15816326530612246,2.581718800822949,True,0,0,0,True,2.4467389107574165,180.0,300.0,1.0,0.0,0.0,0.0,0.0
2025-02-04 18:05:00+00:00,2025-02-04,2025-02-04:1,True,0,35,True,-0.24926686217008798,0.16891705565183265,-0.3891162587047015,True,0,0,0,True,0.8700904056165799,175.0,305.0,1.0,0.0,0.0,0.0,0.0
2025-02-04 18:10:00+00:00,2025-02-04,2025-02-04:1,True,1,5,True,-0.026865671641791045,0.026865671641791045,1.6861469589269336,True,0,0,0,True,1.4751073652402173,170.0,310.0,0.0,1.0,0.0,0.0,0.0
2025-02-04 18:15:00+00:00,2025-02-04,2025-02-04:1,True,1,10,True,-0.04395604395604396,0.04395604395604396,0.9375620758153872,True,0,0,0,True,1.6771620277196908,165.0,315.0,0.0,1.0,0.0,0.0,0.0
2025-02-04 18:20:00+00:00,2025-02-04,2025-02-04:1,True,1,15,True,0.3110367892976589,0.17454507680280598,0.5777281706741824,True,0,0,0,True,1.7224526161920966,160.0,320.0,0.0,1.0,0.0,0.0,0.0
2025-02-04 18:25:00+00:00,2025-02-04,2025-02-04:1,True,2,5,True,-0.12536443148688048,0.12536443148688048,0.3818855218926487,True,0,0,0,True,-0.5523251531126865,155.0,325.0,0.0,0.0,1.0,0.0,0.0
2025-02-04 18:30:00+00:00,2025-02-04,2025-02-04:1,True,2,10,True,-0.20123839009287925,0.16653444958796262,-0.1892880332041812,True,0,0,0,True,0.0,150.0,330.0,0.0,0.0,1.0,0.0,0.0
2025-02-04 18:35:00+00:00,2025-02-04,2025-02-04:1,True,2,15,True,0.012658227848101266,0.012658227848101266,-0.5748894896510303,True,0,0,0,True,-0.9073270123685439,145.0,335.0,0.0,0.0,1.0,0.0,0.0
2025-02-04 18:40:00+00:00,2025-02-04,2025-02-04:1,True,0,5,True,-0.061224489795918366,0.014249141849969766,-1.4578505856930744,True,0,0,0,True,-2.5072932648372475,140.0,340.0,1.0,0.0,0.0,0.0,0.0
2025-02-04 18:45:00+00:00,2025-02-04,2025-02-04:1,True,3,5,True,0.2237960339943343,0.2237960339943343,-1.3290850483956396,True,0,0,0,True,1.4859622580447793,135.0,345.0,0.0,0.0,0.0,1.0,0.0
2025-02-04 18:50:00+00:00,2025-02-04,2025-02-04:1,True,3,10,True,-0.10662824207492795,0.036245970960812154,-1.079020182464613,True,0,0,0,True,0.0,130.0,350.0,0.0,0.0,0.0,1.0,0.0
2025-02-04 18:55:00+00:00,2025-02-04,2025-02-04:1,True,3,15,True,-0.14130434782608695,0.09846045102723978,-0.36126110425809144,True,0,0,0,True,-0.6197937800325426,125.0,355.0,0.0,0.0,0.0,1.0,0.0
2025-02-04 19:00:00+00:00,2025-02-04,2025-02-04:1,True,4,5,True,0.053691275167785234,0.026618166523163067,0.7016565800358378,True,0,0,0,True,-0.8705966539829225,120.0,360.0,0.0,0.0,0.0,0.0,1.0
2025-02-04 19:05:00+00:00,2025-02-04,2025-02-04:1,True,4,10,True,0.17676767676767677,0.17676767676767677,0.0,True,0,0,0,True,-0.8825769087680825,115.0,365.0,0.0,0.0,0.0,0.0,1.0
2025-02-04 19:10:00+00:00,2025-02-04,2025-02-04:1,True,3,5,True,0.07744107744107744,0.07744107744107744,-0.8747394239141467,True,0,0,0,True,-0.5588505184198426,110.0,370.0,0.0,0.0,0.0,1.0,0.0
2025-02-04 19:15:00+00:00,2025-02-04,2025-02-04:1,True,0,5,True,-0.11560693641618497,0.11560693641618497,0.4977858051900217,True,0,0,0,True,0.0,105.0,375.0,1.0,0.0,0.0,0.0,0.0
2025-02-04 19:20:00+00:00,2025-02-04,2025-02-04:1,True,0,10,True,0.2976588628762542,0.11441947312859267,0.9560767912080844,True,0,0,0,True,-1.0689263484263347,100.0,380.0,1.0,0.0,0.0,0.0,0.0
2025-02-04 19:25:00+00:00,2025-02-04,2025-02-04:1,True,0,15,True,-0.09348441926345609,0.07360960984174462,-0.23901919780184985,True,0,0,0,True,-0.5344631742124046,95.0,385.0,1.0,0.0,0.0,0.0,0.0
2025-02-04 19:30:00+00:00,2025-02-04,2025-02-04:1,True,0,20,True,-0.07076923076923076,0.07076923076923076,0.11962548936527774,True,0,0,0,True,0.12719334111670744,90.0,390.0,1.0,0.0,0.0,0.0,0.0
2025-02-04 19:35:00+00:00,2025-02-04,2025-02-04:1,True,0,25,True,-0.13095238095238096,0.1162802254776488,-0.11883073815613204,True,0,0,0,True,-0.2657136083335893,85.0,395.0,1.0,0.0,0.0,0.0,0.0
2025-02-04 19:40:00+00:00,2025-02-04,2025-02-04:1,True,0,30,True,0.06878306878306878,0.06878306878306878,0.0,True,0,0,0,True,0.0,80.0,400.0,1.0,0.0,0.0,0.0,0.0
2025-02-04 19:45:00+00:00,2025-02-04,2025-02-04:1,True,0,35,True,0.08433734939759036,0.04548974173059479,0.6173379761735225,True,0,0,0,True,0.0,75.0,405.0,1.0,0.0,0.0,0.0,0.0
2025-02-04 19:50:00+00:00,2025-02-04,2025-02-04:1,True,0,40,True,-0.12806539509536785,0.08808118742648707,-0.3742820590869253,True,0,0,0,True,0.0,70.0,410.0,1.0,0.0,0.0,0.0,0.0
2025-02-04 19:55:00+00:00,2025-02-04,2025-02-04:1,True,0,45,True,-0.16216216216216217,0.07659617761495627,-0.7500496606525361,True,0,0,0,True,-1.003265908566746,65.0,415.0,1.0,0.0,0.0,0.0,0.0
2025-02-04 20:00:00+00:00,2025-02-04,2025-02-04:1,True,0,50,True,-0.20588235294117646,0.13665362627053798,-0.40985545447623645,True,0,0,0,True,0.0,60.0,420.0,1.0,0.0,0.0,0.0,0.0
2025-02-04 20:05:00+00:00,2025-02-04,2025-02-04:1,True,0,55,True,-0.0970464135021097,0.0970464135021097,1.6886163966671541,True,0,0,0,True,0.4016401772901777,55.0,425.0,1.0,0.0,0.0,0.0,0.0
2025-02-04 20:10:00+00:00,2025-02-04,2025-02-04:1,True,0,60,True,0.07738095238095238,0.03548427373466192,0.7796510520994093,True,0,0,0,True,-0.17593996596854294,50.0,430.0,1.0,0.0,0.0,0.0,0.0
2025-02-04 20:15:00+00:00,2025-02-04,2025-02-04:1,True,1,5,True,-0.21428571428571427,0.21428571428571427,1.118209490515017,True,0,0,0,True,0.9821725927199058,45.0,435.0,0.0,1.0,0.0,0.0,0.0
2025-02-04 20:20:00+00:00,2025-02-04,2025-02-04:1,True,1,10,True,-0.05555555555555555,0.05555555555555555,1.4344940906680559,True,0,0,0,True,1.8329293143185563,40.0,440.0,0.0,1.0,0.0,0.0,0.0
2025-02-04 20:25:00+00:00,2025-02-04,2025-02-04:1,True,2,5,True,-0.03821656050955414,0.013635172234634889,-1.0306162948410404,True,0,0,0,True,-0.9218112375949848,35.0,445.0,0.0,0.0,1.0,0.0,0.0
2025-02-04 20:30:00+00:00,2025-02-04,2025-02-04:1,True,2,10,True,0.13970588235294118,0.13970588235294118,-0.40611481278340783,True,0,0,0,True,0.9081003280533004,30.0,450.0,0.0,0.0,1.0,0.0,0.0
2025-02-04 20:35:00+00:00,2025-02-04,2025-02-04:1,True,0,5,True,-0.13131313131313133,0.08748522951099401,-0.4061148127834221,True,0,0,0,True,-0.12755114372614898,25.0,455.0,1.0,0.0,0.0,0.0,0.0
2025-02-04 20:40:00+00:00,2025-02-04,2025-02-04:1,True,0,10,True,0.02064896755162242,0.02064896755162242,-1.5894388284788676,True,0,0,0,True,-1.7770466332781885,20.0,460.0,1.0,0.0,0.0,0.0,0.0
2025-02-04 20:45:00+00:00,2025-02-04,2025-02-04:1,True,0,15,True,0.4358974358974359,0.1991648656496822,0.7832740245751387,True,0,0,0,True,0.0,15.0,465.0,1.0,0.0,0.0,0.0,0.0
2025-02-04 20:50:00+00:00,2025-02-04,2025-02-04:1,True,3,5,True,0.2912280701754386,0.2912280701754386,-1.9173427793451807,True,0,0,0,True,-1.286192637236236,10.0,470.0,0.0,0.0,0.0,1.0,0.0
2025-02-04 20:55:00+00:00,2025-02-04,2025-02-04:1,True,4,5,True,-0.1,0.08296139124376886,-0.18679485215236233,True,0,0,0,True,0.8353719745194103,5.0,475.0,0.0,0.0,0.0,0.0,1.0
2025-02-04 21:00:00+00:00,2025-02-04,2025-02-04:1,True,3,5,True,0.36454849498327757,0.36454849498327757,-2.5792766259415076,True,0,0,0,True,-2.067147665193236,0.0,480.0,0.0,0.0,0.0,1.0,0.0
2025-02-05 13:00:00+00:00,2025-02-05,2025-02-05:1,False,-1,0,False,,,,False,0,0,0,False,,480.0,0.0,,,,,
2025-02-05 13:05:00+00:00,2025-02-05,2025-02-05:1,False,-1,0,True,-0.17647058823529413,,,False,0,0,0,False,,475.0,5.0,,,,,
2025-02-05 13:10:00+00:00,2025-02-05,2025-02-05:1,False,-1,0,True,-0.0749185667752443,,,False,0,0,0,False,,470.0,10.0,,,,,
2025-02-05 13:15:00+00:00,2025-02-05,2025-02-05:1,False,-1,0,True,0.2014388489208633,,,False,0,0,0,False,,465.0,15.0,,,,,
2025-02-05 13:20:00+00:00,2025-02-05,2025-02-05:1,False,-1,0,True,0.3868194842406877,,,False,0,0,0,False,,460.0,20.0,,,,,
2025-02-05 13:25:00+00:00,2025-02-05,2025-02-05:1,False,-1,0,True,0.07420494699646643,,,False,0,0,0,False,,455.0,25.0,,,,,
2025-02-05 13:30:00+00:00,2025-02-05,2025-02-05:1,False,-1,0,True,-0.11466666666666667,,,False,0,0,0,False,,450.0,30.0,,,,,
2025-02-05 13:35:00+00:00,2025-02-05,2025-02-05:1,False,-1,0,True,0.3468013468013468,,,False,0,0,0,False,,445.0,35.0,,,,,
2025-02-05 13:40:00+00:00,2025-02-05,2025-02-05:1,False,-1,0,True,0.24471299093655588,,,False,0,0,0,False,,440.0,40.0,,,,,
2025-02-05 13:45:00+00:00,2025-02-05,2025-02-05:1,False,-1,0,True,-0.0429042904290429,,,False,0,0,0,False,,435.0,45.0,,,,,
2025-02-05 13:50:00+00:00,2025-02-05,2025-02-05:1,False,-1,0,True,-0.11801242236024845,,,False,0,0,0,False,,430.0,50.0,,,,,
2025-02-05 13:55:00+00:00,2025-02-05,2025-02-05:1,False,-1,0,True,0.3087818696883853,,,False,0,0,0,False,,425.0,55.0,,,,,
2025-02-05 14:00:00+00:00,2025-02-05,2025-02-05:1,False,-1,0,True,0.08484848484848485,,,False,0,0,0,False,,420.0,60.0,,,,,
2025-02-05 14:05:00+00:00,2025-02-05,2025-02-05:1,True,0,5,True,0.1111111111111111,0.09259896885237291,0.1822526955593163,True,0,0,0,False,,415.0,65.0,1.0,0.0,0.0,0.0,0.0
2025-02-05 14:10:00+00:00,2025-02-05,2025-02-05:1,True,0,10,True,-0.023255813953488372,0.023255813953488372,0.737360497964578,True,0,0,0,False,,410.0,70.0,1.0,0.0,0.0,0.0,0.0
2025-02-05 14:15:00+00:00,2025-02-05,2025-02-05:1,True,0,15,True,0.17073170731707318,0.17073170731707318,-0.18565917197957787,True,0,0,0,False,,405.0,75.0,1.0,0.0,0.0,0.0,0.0
2025-02-05 14:20:00+00:00,2025-02-05,2025-02-05:1,True,0,20,True,-0.11627906976744186,0.016418389180074155,-1.9575910776023275,True,0,0,0,False,,400.0,80.0,1.0,0.0,0.0,0.0,0.0
2025-02-05 14:25:00+00:00,2025-02-05,2025-02-05:1,True,0,25,True,-0.17647058823529413,0.17647058823529413,1.189957982452144,True,0,0,0,False,,395.0,85.0,1.0,0.0,0.0,0.0,0.0
2025-02-05 14:30:00+00:00,2025-02-05,2025-02-05:1,True,0,30,True,0.11643835616438356,0.05943074579539512,0.6725503028901044,True,0,0,0,False,,390.0,90.0,1.0,0.0,0.0,0.0,0.0
2025-02-05 14:35:00+00:00,2025-02-05,2025-02-05:1,True,0,35,True,0.24305555555555555,0.24305555555555555,-0.3443732928434975,True,0,0,0,False,,385.0,95.0,1.0,0.0,0.0,0.0,0.0
2025-02-05 14:40:00+00:00,2025-02-05,2025-02-05:1,True,0,40,True,-0.06493506493506493,0.046169165745800815,-0.3410756023903404,True,0,0,0,False,,380.0,100.0,1.0,0.0,0.0,0.0,0.0
2025-02-05 14:45:00+00:00,2025-02-05,2025-02-05:1,True,0,45,True,-0.19642857142857142,0.10017188451894078,-0.6734113053916956,True,0,0,0,False,,375.0,105.0,1.0,0.0,0.0,0.0,0.0
2025-02-05 14:50:00+00:00,2025-02-05,2025-02-05:1,True,0,50,True,0.06336088154269973,0.053524467775147154,0.16870776970173018,True,0,0,0,False,,370.0,110.0,1.0,0.0,0.0,0.0,0.0
2025-02-05 14:55:00+00:00,2025-02-05,2025-02-05:1,True,0,55,True,-0.24157303370786518,0.24157303370786518,1.6572723747590727,True,0,0,0,False,,365.0,115.0,1.0,0.0,0.0,0.0,0.0
2025-02-05 15:00:00+00:00,2025-02-05,2025-02-05:1,True,0,60,True,-0.00641025641025641,0.00641025641025641,0.792864963386224,True,0,0,0,False,,360.0,120.0,1.0,0.0,0.0,0.0,0.0
2025-02-05 15:05:00+00:00,2025-02-05,2025-02-05:1,True,0,65,True,-0.060240963855421686,0.012345384056253548,-1.585070351038809,True,0,0,0,True,-1.7721625270223749,355.0,125.0,1.0,0.0,0.0,0.0,0.0
2025-02-05 15:10:00+00:00,2025-02-05,2025-02-05:1,True,0,70,True,-0.13043478260869565,0.023424973012241977,-1.7170706756893996,True,0,0,0,True,-2.13304819611806,350.0,130.0,1.0,0.0,0.0,0.0,0.0
2025-02-05 15:15:00+00:00,2025-02-05,2025-02-05:1,True,0,75,True,-0.09734513274336283,0.09734513274336283,0.7256144871201416,True,0,0,0,True,0.0,345.0,135.0,1.0,0.0,0.0,0.0,0.0
2025-02-05 15:20:00+00:00,2025-02-05,2025-02-05:1,True,0,80,True,0.03225806451612903,0.015406538788220892,0.7389760585553319,True,0,0,0,True,0.8262003503384677,340.0,140.0,1.0,0.0,0.0,0.0,0.0
2025-02-05 15:25:00+00:00,2025-02-05,2025-02-05:1,True,0,85,True,0.2192513368983957,0.06833746856772828,1.1657605245672644,True,0,0,0,True,-0.5392239121587576,335.0,145.0,1.0,0.0,0.0,0.0,0.0
2025-02-05 15:30:00+00:00,2025-02-05,2025-02-05:1,True,1,5,True,0.3759213759213759,0.00018106115024978583,7.638300473021729,True,0,0,0,True,15.450486505516697,330.0,150.0,0.0,1.0,0.0,0.0,0.0
2025-02-05 15:35:00+00:00,2025-02-05,2025-02-05:1,True,2,5,True,0.1552346570397112,0.1552346570397112,-0.7968327471474559,True,0,0,0,True,-0.791898750809092,325.0,155.0,0.0,0.0,1.0,0.0,0.0
2025-02-05 15:40:00+00:00,2025-02-05,2025-02-05:1,True,2,10,True,-0.12352941176470589,0.12352941176470589,0.34773882245488824,True,0,0,0,True,0.25844810006453856,320.0,160.0,0.0,0.0,1.0,0.0,0.0
2025-02-05 15:45:00+00:00,2025-02-05,2025-02-05:1,True,2,15,True,0.09876543209876543,0.09876543209876543,-0.08750684639640625,True,0,0,0,True,-0.7826850281548753,315.0,165.0,0.0,0.0,1.0,0.0,0.0
2025-02-05 15:50:00+00:00,2025-02-05,2025-02-05:1,True,2,20,True,0.06040268456375839,0.06040268456375839,-0.9487613790490308,True,0,0,0,True,-0.7714527047203272,310.0,170.0,0.0,0.0,1.0,0.0,0.0
2025-02-05 15:55:00+00:00,2025-02-05,2025-02-05:1,True,0,5,True,-0.14357682619647355,0.08553267897830294,-0.5179717529379732,True,0,0,0,True,0.0,305.0,175.0,1.0,0.0,0.0,0.0,0.0
2025-02-05 16:00:00+00:00,2025-02-05,2025-02-05:1,True,3,5,True,-0.25227963525835867,0.15000347806307815,-0.519879655098736,True,0,0,0,True,0.7749908326136464,300.0,180.0,0.0,0.0,0.0,1.0,0.0
2025-02-05 16:05:00+00:00,2025-02-05,2025-02-05:1,True,0,5,True,-0.14803625377643503,0.14803625377643503,0.17210018563479026,True,0,0,0,True,0.3848277140197238,295.0,185.0,1.0,0.0,0.0,0.0,0.0
2025-02-05 16:10:00+00:00,2025-02-05,2025-02-05:1,True,3,5,True,0.037800687285223365,0.037800687285223365,-0.517906337321837,True,0,0,0,True,0.09086055943752465,290.0,190.0,0.0,0.0,0.0,1.0,0.0
2025-02-05 16:15:00+00:00,2025-02-05,2025-02-05:1,True,3,10,True,-0.09620991253644315,0.05714415834129414,-0.520955224516616,True,0,0,0,True,-0.6860489134829026,285.0,195.0,0.0,0.0,0.0,1.0,0.0
2025-02-05 16:20:00+00:00,2025-02-05,2025-02-05:1,True,3,15,True,-0.0513595166163142,0.03634460636466518,-0.3458044353056923,True,0,0,0,True,0.3866211121316787,280.0,200.0,0.0,0.0,0.0,1.0,0.0
2025-02-05 16:25:00+00:00,2025-02-05,2025-02-05:1,True,3,20,True,0.08176100628930817,0.08176100628930817,-0.17181739834968923,True,0,0,0,True,-0.328723176137584,275.0,205.0,0.0,0.0,0.0,1.0,0.0
2025-02-05 16:30:00+00:00,2025-02-05,2025-02-05:1,True,3,25,True,0.20863309352517986,0.20863309352517986,-1.0325579186825022,True,0,0,0,True,-1.1544348484398876,270.0,210.0,0.0,0.0,0.0,1.0,0.0
2025-02-05 16:35:00+00:00,2025-02-05,2025-02-05:1,True,3,30,True,-0.029508196721311476,0.014241392906977386,-0.7285153620096162,True,0,0,0,True,-0.10403654934589986,265.0,215.0,0.0,0.0,0.0,1.0,0.0
2025-02-05 16:40:00+00:00,2025-02-05,2025-02-05:1,True,4,5,True,-0.013404825737265416,0.013404825737265416,0.7842941344380998,True,1,0,0,True,0.7412401614226921,260.0,220.0,0.0,0.0,0.0,0.0,1.0
2025-02-05 16:45:00+00:00,2025-02-05,2025-02-05:1,True,4,10,True,-0.46174142480211083,0.3781357177641849,-0.19975187493949292,True,1,0,0,True,0.0,255.0,225.0,0.0,0.0,0.0,0.0,1.0
2025-02-05 16:50:00+00:00,2025-02-05,2025-02-05:1,True,4,15,True,0.32386363636363635,0.2648612025626437,0.20111662691909743,True,1,0,0,True,0.0,250.0,230.0,0.0,0.0,0.0,0.0,1.0
2025-02-05 16:55:00+00:00,2025-02-05,2025-02-05:1,True,3,5,True,0.009230769230769232,0.009230769230769232,-0.6178694251748138,True,1,0,0,True,0.0,245.0,235.0,0.0,0.0,0.0,1.0,0.0
2025-02-05 17:00:00+00:00,2025-02-05,2025-02-05:1,True,0,5,True,0.04504504504504504,0.0364747098530393,0.21104385040690365,True,1,0,0,True,0.9438167914835839,240.0,240.0,1.0,0.0,0.0,0.0,0.0
2025-02-05 17:05:00+00:00,2025-02-05,2025-02-05:1,True,0,10,True,0.18042813455657492,0.07382241324094022,0.8936701640406661,True,0,0,0,True,-0.9991536181319985,235.0,245.0,1.0,0.0,0.0,0.0,0.0
2025-02-05 17:10:00+00:00,2025-02-05,2025-02-05:1,True,0,15,True,0.009345794392523364,0.009345794392523364,-0.9206793166292219,True,0,0,0,True,-0.11540446704573375,230.0,250.0,1.0,0.0,0.0,0.0,0.0
2025-02-05 17:15:00+00:00,2025-02-05,2025-02-05:1,True,0,20,True,-0.034722222222222224,0.034722222222222224,0.47416587857631143,True,0,0,0,True,0.0,225.0,255.0,1.0,0.0,0.0,0.0,0.0
2025-02-05 17:20:00+00:00,2025-02-05,2025-02-05:1,True,0,25,True,0.11526479750778816,0.11526479750778816,-0.9796298722211475,True,0,0,0,True,-1.0952594935395157,220.0,260.0,1.0,0.0,0.0,0.0,0.0
2025-02-05 17:25:00+00:00,2025-02-05,2025-02-05:1,True,0,30,True,-0.06172839506172839,0.06172839506172839,0.5387790853681762,True,0,0,0,True,1.2047466597384042,215.0,265.0,1.0,0.0,0.0,0.0,0.0
2025-02-05 17:30:00+00:00,2025-02-05,2025-02-05:1,True,0,35,True,-0.11475409836065574,0.023033608228810783,-1.6058371871492005,True,0,0,0,True,0.0,210.0,270.0,1.0,0.0,0.0,0.0,0.0
2025-02-05 17:35:00+00:00,2025-02-05,2025-02-05:1,True,3,5,True,-0.0176678445229682,0.003226573421031115,-1.700325580010962,True,0,0,0,True,-1.2673478602608887,205.0,275.0,0.0,0.0,0.0,1.0,0.0
2025-02-05 17:40:00+00:00,2025-02-05,2025-02-05:1,True,4,5,True,-0.23270440251572327,0.23270440251572327,0.5693644036776678,True,1,0,0,True,0.6429136566979157,200.0,280.0,0.0,0.0,0.0,0.0,1.0
2025-02-05 17:45:00+00:00,2025-02-05,2025-02-05:1,True,3,5,True,-0.02356902356902357,0.003034688566311204,-2.049824484053974,True,0,1,1,True,-1.1658168575600514,195.0,285.0,0.0,0.0,0.0,1.0,0.0
2025-02-05 17:50:00+00:00,2025-02-05,2025-02-05:1,True,3,10,True,-0.21643835616438356,0.08159755451810864,-0.9755064854865149,True,0,0,1,True,0.0,190.0,290.0,0.0,0.0,0.0,1.0,0.0
2025-02-05 17:55:00+00:00,2025-02-05,2025-02-05:1,True,4,5,True,-0.10638297872340426,0.06530220469766834,-0.48801979139544704,True,0,0,1,True,0.0,185.0,295.0,0.0,0.0,0.0,0.0,1.0
2025-02-05 18:00:00+00:00,2025-02-05,2025-02-05:1,True,4,10,True,0.09895833333333333,0.07807078747267808,0.23708293928811483,True,1,0,1,True,1.2231968505110014,180.0,300.0,0.0,0.0,0.0,0.0,1.0
2025-02-05 18:05:00+00:00,2025-02-05,2025-02-05:1,True,4,15,True,-0.2686084142394822,0.2686084142394822,0.2366324963113402,True,1,0,1,True,-1.0582526948782576,175.0,305.0,0.0,0.0,0.0,0.0,1.0
2025-02-05 18:10:00+00:00,2025-02-05,2025-02-05:1,True,4,20,True,0.03064066852367688,0.03064066852367688,0.0,True,1,0,1,True,-0.25178357381293265,170.0,310.0,0.0,0.0,0.0,0.0,1.0
2025-02-05 18:15:00+00:00,2025-02-05,2025-02-05:1,True,0,5,True,0.13725490196078433,0.11160201147552073,0.20690072155414385,True,1,0,1,True,-0.1808524999783595,165.0,315.0,1.0,0.0,0.0,0.0,0.0
2025-02-05 18:20:00+00:00,2025-02-05,2025-02-05:1,True,0,10,True,0.2080536912751678,0.2080536912751678,-0.6203834087153024,True,1,0,1,True,-0.1467300447200259,160.0,320.0,1.0,0.0,0.0,0.0,0.0
2025-02-05 18:25:00+00:00,2025-02-05,2025-02-05:1,True,0,15,True,-0.22,0.22,0.41555135281801237,True,0,0,1,True,0.0,155.0,325.0,1.0,0.0,0.0,0.0,0.0
2025-02-05 18:30:00+00:00,2025-02-05,2025-02-05:1,True,0,20,True,0.1118421052631579,0.04104654806788396,1.0023813607458258,True,0,0,1,True,0.44827857240077157,150.0,330.0,1.0,0.0,0.0,0.0,0.0
2025-02-05 18:35:00+00:00,2025-02-05,2025-02-05:1,True,0,25,True,0.07692307692307693,0.07692307692307693,0.0,True,0,0,1,True,-0.9106495356969898,145.0,335.0,1.0,0.0,0.0,0.0,0.0
2025-02-05 18:40:00+00:00,2025-02-05,2025-02-05:1,True,0,30,True,0.1396011396011396,0.1396011396011396,-0.5993907597001202,True,0,0,1,True,1.78703797836882,140.0,340.0,1.0,0.0,0.0,0.0,0.0
2025-02-05 18:45:00+00:00,2025-02-05,2025-02-05:1,True,0,35,True,0.25316455696202533,0.25316455696202533,0.0,True,0,0,1,True,-0.9369167021798996,135.0,345.0,1.0,0.0,0.0,0.0,0.0
2025-02-05 18:50:00+00:00,2025-02-05,2025-02-05:1,True,1,5,True,0.14824797843665768,0.041183446869954204,1.2808500009860044,True,0,0,1,True,-0.8535579742567931,130.0,350.0,0.0,1.0,0.0,0.0,0.0
2025-02-05 18:55:00+00:00,2025-02-05,2025-02-05:1,True,0,5,True,-0.06440677966101695,0.027621375894826584,-0.8466289399044578,True,0,0,1,True,0.0,125.0,355.0,1.0,0.0,0.0,0.0,0.0
2025-02-05 19:00:00+00:00,2025-02-05,2025-02-05:1,True,0,10,True,-0.06666666666666667,0.06666666666666667,0.42629197270834845,True,0,0,1,True,1.0934715831633435,120.0,360.0,1.0,0.0,0.0,0.0,0.0
2025-02-05 19:05:00+00:00,2025-02-05,2025-02-05:1,True,0,15,True,-0.44571428571428573,0.44571428571428573,0.0,True,0,0,1,True,0.9248129826673401,115.0,365.0,1.0,0.0,0.0,0.0,0.0
2025-02-05 19:10:00+00:00,2025-02-05,2025-02-05:1,True,0,20,True,0.13725490196078433,0.13725490196078433,-0.8945535492949201,True,0,0,1,True,-1.0001412728685755,110.0,370.0,1.0,0.0,0.0,0.0,0.0
2025-02-05 19:15:00+00:00,2025-02-05,2025-02-05:1,True,0,25,True,0.16312056737588654,0.16312056737588654,0.0,True,0,0,1,True,0.15167915643611088,105.0,375.0,1.0,0.0,0.0,0.0,0.0
2025-02-05 19:20:00+00:00,2025-02-05,2025-02-05:1,True,0,30,True,0.2158273381294964,0.08785828111393806,0.8987536530779205,True,0,0,1,True,1.0048371316542468,100.0,380.0,1.0,0.0,0.0,0.0,0.0
2025-02-05 19:25:00+00:00,2025-02-05,2025-02-05:1,True,0,35,True,0.04424778761061947,0.04424778761061947,-1.7245315092012239,True,0,0,1,True,0.823497354982214,95.0,385.0,1.0,0.0,0.0,0.0,0.0
2025-02-05 19:30:00+00:00,2025-02-05,2025-02-05:1,True,0,40,True,0.17684887459807075,0.039229953795207585,1.5058549696069188,True,0,0,1,True,0.14122343634342985,90.0,390.0,1.0,0.0,0.0,0.0,0.0
2025-02-05 19:35:00+00:00,2025-02-05,2025-02-05:1,True,0,45,True,-0.14189189189189189,0.033101226025035915,-1.4554951212130962,True,0,0,1,True,-0.4649408617070194,85.0,395.0,1.0,0.0,0.0,0.0,0.0
2025-02-05 19:40:00+00:00,2025-02-05,2025-02-05:1,True,3,5,True,-0.018050541516245487,0.0052367092756063225,-1.2374823850095598,True,0,0,1,True,-0.7356782274161711,80.0,400.0,0.0,0.0,0.0,1.0,0.0
2025-02-05 19:45:00+00:00,2025-02-05,2025-02-05:1,True,4,5,True,0.008450704225352112,0.008450704225352112,0.0,True,0,0,1,True,-0.44697061439294106,75.0,405.0,0.0,0.0,0.0,0.0,1.0
2025-02-05 19:50:00+00:00,2025-02-05,2025-02-05:1,True,4,10,True,0.24489795918367346,0.24489795918367346,0.0,True,0,0,1,True,-0.9406268151064111,70.0,410.0,0.0,0.0,0.0,0.0,1.0
2025-02-05 19:55:00+00:00,2025-02-05,2025-02-05:1,True,3,5,True,-0.2571428571428571,0.04131874974086397,-1.8283154090008245,True,0,0,1,True,0.45424861542566786,65.0,415.0,0.0,0.0,0.0,1.0,0.0
2025-02-05 20:00:00+00:00,2025-02-05,2025-02-05:1,True,4,5,True,0.41496598639455784,0.41496598639455784,-0.20020370061280507,True,0,0,1,True,1.7906763356689936,60.0,420.0,0.0,0.0,0.0,0.0,1.0
2025-02-05 20:05:00+00:00,2025-02-05,2025-02-05:1,True,4,10,True,0.11044776119402985,0.11044776119402985,0.0,True,0,0,1,True,0.8953381678344968,55.0,425.0,0.0,0.0,0.0,0.0,1.0
2025-02-05 20:10:00+00:00,2025-02-05,2025-02-05:1,True,0,5,True,-0.1282051282051282,0.1282051282051282,0.40027146253626195,True,0,0,1,True,-0.2865253929039171,50.0,430.0,1.0,0.0,0.0,0.0,0.0
2025-02-05 20:15:00+00:00,2025-02-05,2025-02-05:1,True,3,5,True,0.08250825082508251,0.08250825082508251,-0.3949449249220339,True,0,0,1,True,-0.5906934162364518,45.0,435.0,0.0,0.0,0.0,1.0,0.0
2025-02-05 20:20:00+00:00,2025-02-05,2025-02-05:1,True,4,5,True,0.06395348837209303,0.06395348837209303,0.0,True,0,0,1,True,0.0,40.0,440.0,0.0,0.0,0.0,0.0,1.0
2025-02-05 20:25:00+00:00,2025-02-05,2025-02-05:1,True,0,5,True,-0.023728813559322035,0.023728813559322035,0.844494219059102,True,0,0,1,True,0.9441732402095336,35.0,445.0,1.0,0.0,0.0,0.0,0.0
2025-02-05 20:30:00+00:00,2025-02-05,2025-02-05:1,True,1,5,True,0.2997032640949555,0.08057540866078683,1.3135993659761667,True,0,0,1,True,0.9790991591735169,30.0,450.0,0.0,1.0,0.0,0.0,0.0
2025-02-05 20:35:00+00:00,2025-02-05,2025-02-05:1,True,1,10,True,-0.03680981595092025,0.03680981595092025,0.8707948593064526,True,0,0,1,True,-1.5800781041845287,25.0,455.0,0.0,1.0,0.0,0.0,0.0
2025-02-05 20:40:00+00:00,2025-02-05,2025-02-05:1,True,2,5,True,0.021538461538461538,0.021538461538461538,-0.4513118584267534,True,0,0,1,True,-1.6233709222070165,20.0,460.0,0.0,0.0,1.0,0.0,0.0
2025-02-05 20:45:00+00:00,2025-02-05,2025-02-05:1,True,2,10,True,0.0749185667752443,0.0749185667752443,0.0,True,0,0,1,True,0.0,15.0,465.0,0.0,0.0,1.0,0.0,0.0
2025-02-05 20:50:00+00:00,2025-02-05,2025-02-05:1,True,1,5,True,0.24600638977635783,0.09572801852557247,0.9438464801249821,True,0,0,1,True,1.0552524449401826,10.0,470.0,0.0,1.0,0.0,0.0,0.0
2025-02-05 20:55:00+00:00,2025-02-05,2025-02-05:1,True,0,5,True,0.2848101265822785,0.2848101265822785,-1.8744726305493562,True,0,0,1,True,0.0,5.0,475.0,1.0,0.0,0.0,0.0,0.0
2025-02-05 21:00:00+00:00,2025-02-05,2025-02-05:1,True,3,5,True,0.11538461538461539,0.11538461538461539,-1.4540062039556962,True,0,0,1,True,-1.0837522372494268,0.0,480.0,0.0,0.0,0.0,1.0,0.0
2025-02-06 13:00:00+00:00,2025-02-06,2025-02-06:1,False,-1,0,False,,,,False,0,0,0,False,,480.0,0.0,,,,,
2025-02-06 13:05:00+00:00,2025-02-06,2025-02-06:1,False,-1,0,True,0.1986754966887417,,,False,0,0,0,False,,475.0,5.0,,,,,
2025-02-06 13:10:00+00:00,2025-02-06,2025-02-06:1,False,-1,0,True,-0.19420289855072465,,,False,0,0,0,False,,470.0,10.0,,,,,
2025-02-06 13:15:00+00:00,2025-02-06,2025-02-06:1,False,-1,0,True,-0.08024691358024691,,,False,0,0,0,False,,465.0,15.0,,,,,
2025-02-06 13:20:00+00:00,2025-02-06,2025-02-06:1,False,-1,0,True,0.20118343195266272,,,False,0,0,0,False,,460.0,20.0,,,,,
2025-02-06 13:25:00+00:00,2025-02-06,2025-02-06:1,False,-1,0,True,0.2727272727272727,,,False,0,0,0,False,,455.0,25.0,,,,,
2025-02-06 13:30:00+00:00,2025-02-06,2025-02-06:1,False,-1,0,True,-0.1261682242990654,,,False,0,0,0,False,,450.0,30.0,,,,,
2025-02-06 13:35:00+00:00,2025-02-06,2025-02-06:1,False,-1,0,True,0.03608247422680412,,,False,0,0,0,False,,445.0,35.0,,,,,
2025-02-06 13:40:00+00:00,2025-02-06,2025-02-06:1,False,-1,0,True,0.28802588996763756,,,False,0,0,0,False,,440.0,40.0,,,,,
2025-02-06 13:45:00+00:00,2025-02-06,2025-02-06:1,False,-1,0,True,-0.3180327868852459,,,False,0,0,0,False,,435.0,45.0,,,,,
2025-02-06 13:50:00+00:00,2025-02-06,2025-02-06:1,False,-1,0,True,-0.05802047781569966,,,False,0,0,0,False,,430.0,50.0,,,,,
2025-02-06 13:55:00+00:00,2025-02-06,2025-02-06:1,False,-1,0,True,0.07204610951008646,,,False,0,0,0,False,,425.0,55.0,,,,,
2025-02-06 14:00:00+00:00,2025-02-06,2025-02-06:1,False,-1,0,True,-0.020895522388059702,,,False,0,0,0,False,,420.0,60.0,,,,,
2025-02-06 14:05:00+00:00,2025-02-06,2025-02-06:1,True,0,5,True,0.3333333333333333,0.3333333333333333,-0.5714368073466844,True,0,0,0,False,,415.0,65.0,1.0,0.0,0.0,0.0,0.0
2025-02-06 14:10:00+00:00,2025-02-06,2025-02-06:1,True,0,10,True,-0.14206128133704735,0.14206128133704735,1.508155399911035,True,0,0,0,False,,410.0,70.0,1.0,0.0,0.0,0.0,0.0
2025-02-06 14:15:00+00:00,2025-02-06,2025-02-06:1,True,0,15,True,0.11320754716981132,0.11320754716981132,-1.856001705133879,True,0,0,0,False,,405.0,75.0,1.0,0.0,0.0,0.0,0.0
2025-02-06 14:20:00+00:00,2025-02-06,2025-02-06:1,True,0,20,True,-0.16049382716049382,0.04491999917771077,-1.27337237020663,True,0,0,0,False,,400.0,80.0,1.0,0.0,0.0,0.0,0.0
2025-02-06 14:25:00+00:00,2025-02-06,2025-02-06:1,True,0,25,True,0.15436241610738255,0.1160663310256919,0.28514134209875786,True,0,0,0,False,,395.0,85.0,1.0,0.0,0.0,0.0,0.0
2025-02-06 14:30:00+00:00,2025-02-06,2025-02-06:1,True,0,30,True,-0.37222222222222223,0.37222222222222223,0.7394976053948094,True,0,0,0,False,,390.0,90.0,1.0,0.0,0.0,0.0,0.0
2025-02-06 14:35:00+00:00,2025-02-06,2025-02-06:1,True,0,35,True,-0.2623376623376623,0.10524699482764538,-0.9133225420872149,True,0,0,0,False,,385.0,95.0,1.0,0.0,0.0,0.0,0.0
2025-02-06 14:40:00+00:00,2025-02-06,2025-02-06:1,True,4,5,True,0.19718309859154928,0.19718309859154928,0.0,True,0,0,0,False,,380.0,100.0,0.0,0.0,0.0,0.0,1.0
2025-02-06 14:45:00+00:00,2025-02-06,2025-02-06:1,True,0,5,True,0.08504398826979472,0.022671183080754317,1.3220739814627613,True,0,0,0,False,,375.0,105.0,1.0,0.0,0.0,0.0,0.0
2025-02-06 14:50:00+00:00,2025-02-06,2025-02-06:1,True,0,10,True,0.010380622837370242,0.010380622837370242,-0.17723590845372886,True,0,0,0,False,,370.0,110.0,1.0,0.0,0.0,0.0,0.0
2025-02-06 14:55:00+00:00,2025-02-06,2025-02-06:1,True,0,15,True,-0.007042253521126761,0.00289407591404448,-0.8892623619867789,True,0,0,0,False,,365.0,115.0,1.0,0.0,0.0,0.0,0.0
2025-02-06 15:00:00+00:00,2025-02-06,2025-02-06:1,True,0,20,True,0.13994910941475827,0.04276730604624979,1.1855049190846871,True,0,0,0,False,,360.0,120.0,1.0,0.0,0.0,0.0,0.0
2025-02-06 15:05:00+00:00,2025-02-06,2025-02-06:1,True,0,25,True,-0.21019108280254778,0.21019108280254778,0.2747373987006516,True,0,0,0,True,-0.8191086659426566,355.0,125.0,1.0,0.0,0.0,0.0,0.0
2025-02-06 15:10:00+00:00,2025-02-06,2025-02-06:1,True,0,30,True,0.06158357771260997,0.06158357771260997,-0.1857677340229655,True,0,0,0,True,-0.04234402662402843,350.0,130.0,1.0,0.0,0.0,0.0,0.0
2025-02-06 15:15:00+00:00,2025-02-06,2025-02-06:1,True,0,35,True,0.08157099697885196,0.08157099697885196,-0.1889298268020123,True,0,0,0,True,-1.2673798071208846,345.0,135.0,1.0,0.0,0.0,0.0,0.0
2025-02-06 15:20:00+00:00,2025-02-06,2025-02-06:1,True,0,40,True,0.12280701754385964,0.09851623299453616,0.2203928236282243,True,0,0,0,True,0.05987666355506526,340.0,140.0,1.0,0.0,0.0,0.0,0.0
2025-02-06 15:25:00+00:00,2025-02-06,2025-02-06:1,True,0,45,True,0.1,0.1,-0.5053139314591598,True,0,0,0,True,-0.1601795696459523,335.0,145.0,1.0,0.0,0.0,0.0,0.0
2025-02-06 15:30:00+00:00,2025-02-06,2025-02-06:1,True,0,50,True,-0.13110539845758354,0.13110539845758354,0.4020546433940102,True,0,0,0,True,0.7408646257451433,330.0,150.0,1.0,0.0,0.0,0.0,0.0
2025-02-06 15:35:00+00:00,2025-02-06,2025-02-06:1,True,0,55,True,0.1125,0.09665912779745797,0.15176257867546958,True,0,0,0,True,-0.0835034467653778,325.0,155.0,1.0,0.0,0.0,0.0,0.0
2025-02-06 15:40:00+00:00,2025-02-06,2025-02-06:1,True,0,60,True,-0.11560693641618497,0.018419558193120588,-1.8367829126714437,True,0,0,0,True,-1.4647748418674715,320.0,160.0,1.0,0.0,0.0,0.0,0.0
2025-02-06 15:45:00+00:00,2025-02-06,2025-02-06:1,True,0,65,True,-0.01440922190201729,0.01440922190201729,0.3240095776451881,True,0,0,0,True,-0.4056080595844741,315.0,165.0,1.0,0.0,0.0,0.0,0.0
2025-02-06 15:50:00+00:00,2025-02-06,2025-02-06:1,True,0,70,True,0.10135135135135136,0.10135135135135136,0.0,True,0,0,0,True,0.0,310.0,170.0,1.0,0.0,0.0,0.0,0.0
2025-02-06 15:55:00+00:00,2025-02-06,2025-02-06:1,True,0,75,True,0.2077922077922078,0.0588822568934413,1.260998775290878,True,0,0,0,True,-0.6058349674475261,305.0,175.0,1.0,0.0,0.0,0.0,0.0
2025-02-06 16:00:00+00:00,2025-02-06,2025-02-06:1,True,0,80,True,0.08441558441558442,0.01162211126639094,1.9828426066498617,True,0,0,0,True,0.0,300.0,180.0,1.0,0.0,0.0,0.0,0.0
2025-02-06 16:05:00+00:00,2025-02-06,2025-02-06:1,True,1,5,True,0.12244897959183673,0.005676587550145254,3.0713441813343136,True,0,0,0,True,1.3081398803362323,295.0,185.0,0.0,1.0,0.0,0.0,0.0
2025-02-06 16:10:00+00:00,2025-02-06,2025-02-06:1,True,2,5,True,-0.05014749262536873,0.003126996008264483,-2.7748957137213943,True,0,0,0,True,-3.1024277231760347,290.0,190.0,0.0,0.0,1.0,0.0,0.0
2025-02-06 16:15:00+00:00,2025-02-06,2025-02-06:1,True,2,10,True,0.21774193548387097,0.21774193548387097,-0.7604518464553097,True,0,0,0,True,-0.6264696830429596,285.0,195.0,0.0,0.0,1.0,0.0,0.0
2025-02-06 16:20:00+00:00,2025-02-06,2025-02-06:1,True,0,5,True,-0.1394658753709199,0.040340313383891144,-1.240468649279463,True,0,0,0,True,-0.4551088988732548,280.0,200.0,1.0,0.0,0.0,0.0,0.0
2025-02-06 16:25:00+00:00,2025-02-06,2025-02-06:1,True,0,10,True,0.4476744186046512,0.4476744186046512,-0.5017526398725892,True,0,0,0,True,0.0,275.0,205.0,1.0,0.0,0.0,0.0,0.0
2025-02-06 16:30:00+00:00,2025-02-06,2025-02-06:1,True,3,5,True,0.06666666666666667,0.06666666666666667,-1.1925965396382656,True,0,0,0,True,0.5333453864736496,270.0,210.0,0.0,0.0,0.0,1.0,0.0
2025-02-06 16:35:00+00:00,2025-02-06,2025-02-06:1,True,4,5,True,-0.017793594306049824,0.017793594306049824,0.22853401455774344,True,1,0,0,True,0.872914433232271,265.0,215.0,0.0,0.0,0.0,0.0,1.0
2025-02-06 16:40:00+00:00,2025-02-06,2025-02-06:1,True,3,5,True,0.2552552552552553,0.2552552552552553,-0.6790527363354028,True,1,0,0,True,-0.5061360262505878,260.0,220.0,0.0,0.0,0.0,1.0,0.0
2025-02-06 16:45:00+00:00,2025-02-06,2025-02-06:1,True,3,10,True,-0.16891891891891891,0.06786531680337464,-0.911893724206401,True,0,1,1,True,0.30531807358290136,255.0,225.0,0.0,0.0,0.0,1.0,0.0
2025-02-06 16:50:00+00:00,2025-02-06,2025-02-06:1,True,4,5,True,-0.036544850498338874,0.036544850498338874,0.6848761746424784,True,1,0,1,True,1.5314296826705995,250.0,230.0,0.0,0.0,0.0,0.0,1.0
2025-02-06 16:55:00+00:00,2025-02-06,2025-02-06:1,True,3,5,True,-0.34365325077399383,0.038667911673491484,-2.184623056699553,True,0,1,2,True,-0.08674044634170198,245.0,235.0,0.0,0.0,0.0,1.0,0.0
2025-02-06 17:00:00+00:00,2025-02-06,2025-02-06:1,True,4,5,True,-0.17647058823529413,0.17647058823529413,0.21789023143840194,True,1,0,2,True,0.0,240.0,240.0,0.0,0.0,0.0,0.0,1.0
2025-02-06 17:05:00+00:00,2025-02-06,2025-02-06:1,True,3,5,True,-0.203125,0.1258111429970322,-0.4790396356574532,True,1,0,2,True,0.0,235.0,245.0,0.0,0.0,0.0,1.0,0.0
2025-02-06 17:10:00+00:00,2025-02-06,2025-02-06:1,True,3,10,True,0.03932584269662921,0.03932584269662921,-1.4765923825340452,True,0,1,3,True,0.0,230.0,250.0,0.0,0.0,0.0,1.0,0.0
2025-02-06 17:15:00+00:00,2025-02-06,2025-02-06:1,True,0,5,True,0.023809523809523808,0.002649242034781301,2.1958120862243082,True,0,0,3,True,0.9807386656534516,225.0,255.0,1.0,0.0,0.0,0.0,0.0
2025-02-06 17:20:00+00:00,2025-02-06,2025-02-06:1,True,3,5,True,0.14743589743589744,0.14743589743589744,-1.4733819163261035,True,0,0,3,True,-0.5490970202883863,220.0,260.0,0.0,0.0,0.0,1.0,0.0
2025-02-06 17:25:00+00:00,2025-02-06,2025-02-06:1,True,0,5,True,0.27946127946127947,0.09516616945023436,1.0772392322527864,True,0,0,3,True,0.6303506130418295,215.0,265.0,1.0,0.0,0.0,0.0,0.0
2025-02-06 17:30:00+00:00,2025-02-06,2025-02-06:1,True,0,10,True,0.07418397626112759,0.028025490970827426,0.9734336856627922,True,0,0,3,True,0.21587873688229822,210.0,270.0,1.0,0.0,0.0,0.0,0.0
2025-02-06 17:35:00+00:00,2025-02-06,2025-02-06:1,True,0,15,True,-0.011976047904191617,0.006390393560875839,-0.6281127905110628,True,0,0,3,True,-0.7696471498564602,205.0,275.0,1.0,0.0,0.0,0.0,0.0
2025-02-06 17:40:00+00:00,2025-02-06,2025-02-06:1,True,1,5,True,0.08038585209003216,0.009028455822595056,2.1864568441149914,True,0,0,3,True,0.08695956341992415,200.0,280.0,0.0,1.0,0.0,0.0,0.0
2025-02-06 17:45:00+00:00,2025-02-06,2025-02-06:1,True,2,5,True,0.1111111111111111,0.1111111111111111,-0.25268259753346745,True,0,0,3,True,-0.3832873423253642,195.0,285.0,0.0,0.0,1.0,0.0,0.0
2025-02-06 17:50:00+00:00,2025-02-06,2025-02-06:1,True,2,10,True,-0.40217391304347827,0.2739796482414962,-0.3838307874387759,True,0,0,3,True,0.0,190.0,290.0,0.0,0.0,1.0,0.0,0.0
2025-02-06 17:55:00+00:00,2025-02-06,2025-02-06:1,True,1,5,True,-0.12386706948640483,0.12386706948640483,0.5636905602978989,True,0,0,3,True,0.6302252055496275,185.0,295.0,0.0,1.0,0.0,0.0,0.0
2025-02-06 18:00:00+00:00,2025-02-06,2025-02-06:1,True,0,5,True,-0.09045226130653267,0.031669727511431225,-1.0494609556367636,True,0,0,3,True,-0.6799010438413586,180.0,300.0,1.0,0.0,0.0,0.0,0.0
2025-02-06 18:05:00+00:00,2025-02-06,2025-02-06:1,True,0,10,True,-0.11377245508982035,0.11377245508982035,0.28782942136167894,True,0,0,3,True,0.6436061520891443,175.0,305.0,1.0,0.0,0.0,0.0,0.0
2025-02-06 18:10:00+00:00,2025-02-06,2025-02-06:1,True,0,15,True,-0.12181303116147309,0.12181303116147309,0.8966250118133847,True,0,0,3,True,0.516250244454689,170.0,310.0,1.0,0.0,0.0,0.0,0.0
2025-02-06 18:15:00+00:00,2025-02-06,2025-02-06:1,True,0,20,True,0.030864197530864196,0.016301443741963097,0.638343179166934,True,0,0,3,True,0.8792081022135377,165.0,315.0,1.0,0.0,0.0,0.0,0.0
2025-02-06 18:20:00+00:00,2025-02-06,2025-02-06:1,True,0,25,True,0.14285714285714285,0.14285714285714285,0.0,True,0,0,3,True,0.5842182792378567,160.0,320.0,1.0,0.0,0.0,0.0,0.0
2025-02-06 18:25:00+00:00,2025-02-06,2025-02-06:1,True,0,30,True,0.07063197026022305,0.07063197026022305,-0.6950178151219093,True,0,0,3,True,-0.7770535400918811,155.0,325.0,1.0,0.0,0.0,0.0,0.0
2025-02-06 18:30:00+00:00,2025-02-06,2025-02-06:1,True,0,35,True,0.05154639175257732,0.05154639175257732,-0.3763448004848596,True,0,0,3,True,0.677199377399432,150.0,330.0,1.0,0.0,0.0,0.0,0.0
2025-02-06 18:35:00+00:00,2025-02-06,2025-02-06:1,True,0,40,True,0.00964630225080386,0.00964630225080386,-0.555909485204628,True,0,0,3,True,-1.486459701675801,145.0,335.0,1.0,0.0,0.0,0.0,0.0
2025-02-06 18:40:00+00:00,2025-02-06,2025-02-06:1,True,0,45,True,0.11355311355311355,0.015813601169885765,1.9714002850170194,True,0,0,3,True,1.2078518242720975,140.0,340.0,1.0,0.0,0.0,0.0,0.0
2025-02-06 18:45:00+00:00,2025-02-06,2025-02-06:1,True,0,50,True,-0.35,0.2358599389982718,-0.3946950044569958,True,0,0,3,True,0.8825648603429167,135.0,345.0,1.0,0.0,0.0,0.0,0.0
2025-02-06 18:50:00+00:00,2025-02-06,2025-02-06:1,True,0,55,True,0.048327137546468404,0.014351921712676149,1.2141094063426583,True,0,0,3,True,0.0,130.0,350.0,1.0,0.0,0.0,0.0,0.0
2025-02-06 18:55:00+00:00,2025-02-06,2025-02-06:1,True,0,60,True,0.18446601941747573,0.18446601941747573,0.0,True,0,0,3,True,-0.5940304845690364,125.0,355.0,1.0,0.0,0.0,0.0,0.0
2025-02-06 19:00:00+00:00,2025-02-06,2025-02-06:1,True,1,5,True,0.3194444444444444,0.09911904349621278,1.1702617885784037,True,0,0,3,True,0.2672235378825489,120.0,360.0,0.0,1.0,0.0,0.0,0.0
2025-02-06 19:05:00+00:00,2025-02-06,2025-02-06:1,True,2,5,True,-0.08090614886731391,0.08090614886731391,0.20976117709011768,True,0,0,3,True,0.0,115.0,365.0,0.0,0.0,1.0,0.0,0.0
2025-02-06 19:10:00+00:00,2025-02-06,2025-02-06:1,True,2,10,True,0.16774193548387098,0.16774193548387098,0.0,True,0,0,3,True,0.306210507278991,110.0,370.0,0.0,0.0,1.0,0.0,0.0
2025-02-06 19:15:00+00:00,2025-02-06,2025-02-06:1,True,1,5,True,-0.0893371757925072,0.0893371757925072,0.41561471354909424,True,0,0,3,True,0.3139579573673208,105.0,375.0,0.0,1.0,0.0,0.0,0.0
2025-02-06 19:20:00+00:00,2025-02-06,2025-02-06:1,True,1,10,True,0.07344632768361582,0.02071893230501263,1.2655070174871197,True,0,0,3,True,1.276078676046961,100.0,380.0,0.0,1.0,0.0,0.0,0.0
2025-02-06 19:25:00+00:00,2025-02-06,2025-02-06:1,True,2,5,True,0.39634146341463417,0.39634146341463417,-0.36846808941987763,True,0,0,3,True,-1.3909637515091784,95.0,385.0,0.0,0.0,1.0,0.0,0.0
2025-02-06 19:30:00+00:00,2025-02-06,2025-02-06:1,True,1,5,True,-0.03954802259887006,0.03954802259887006,2.0965280941543085,True,0,0,3,True,0.0,90.0,390.0,0.0,1.0,0.0,0.0,0.0
2025-02-06 19:35:00+00:00,2025-02-06,2025-02-06:1,True,1,10,True,0.24444444444444444,0.03736581343890398,1.878231854788518,True,0,0,3,True,0.3818049186191336,85.0,395.0,0.0,1.0,0.0,0.0,0.0
2025-02-06 19:40:00+00:00,2025-02-06,2025-02-06:1,True,1,15,True,0.14782608695652175,0.045535196520904736,1.1775509178437331,True,0,0,3,True,0.21482737930248838,80.0,400.0,0.0,1.0,0.0,0.0,0.0
2025-02-06 19:45:00+00:00,2025-02-06,2025-02-06:1,True,2,5,True,-0.10344827586206896,0.10344827586206896,0.36099963982974925,True,0,0,3,True,0.5893520008778422,75.0,405.0,0.0,0.0,1.0,0.0,0.0
2025-02-06 19:50:00+00:00,2025-02-06,2025-02-06:1,True,1,5,True,0.31722054380664655,0.11174061874498643,1.043416972383525,True,0,0,3,True,1.0492220599265085,70.0,410.0,0.0,1.0,0.0,0.0,0.0
2025-02-06 19:55:00+00:00,2025-02-06,2025-02-06:1,True,2,5,True,-0.023076923076923078,0.005582819187527279,-1.4191392376478675,True,0,0,3,True,-2.3799688536872683,65.0,415.0,0.0,0.0,1.0,0.0,0.0
2025-02-06 20:00:00+00:00,2025-02-06,2025-02-06:1,True,2,10,True,-0.03870967741935484,0.03870967741935484,0.0,True,0,0,3,True,0.738961809524601,60.0,420.0,0.0,0.0,1.0,0.0,0.0
2025-02-06 20:05:00+00:00,2025-02-06,2025-02-06:1,True,0,5,True,-0.35135135135135137,0.17894485609486074,-0.6747090319300874,True,0,0,3,True,-0.30074282341367803,55.0,425.0,1.0,0.0,0.0,0.0,0.0
2025-02-06 20:10:00+00:00,2025-02-06,2025-02-06:1,True,0,10,True,0.01529051987767584,0.01529051987767584,-0.16590037908359392,True,0,0,3,True,-0.37096452512390027,50.0,430.0,1.0,0.0,0.0,0.0,0.0
2025-02-06 20:15:00+00:00,2025-02-06,2025-02-06:1,True,0,15,True,-0.1552346570397112,0.1552346570397112,0.8457688379548274,True,0,0,3,True,0.0,45.0,435.0,1.0,0.0,0.0,0.0,0.0
2025-02-06 20:20:00+00:00,2025-02-06,2025-02-06:1,True,0,20,True,-0.11428571428571428,0.11428571428571428,1.651572892413964,True,0,0,3,True,0.46001113877721844,40.0,440.0,1.0,0.0,0.0,0.0,0.0
2025-02-06 20:25:00+00:00,2025-02-06,2025-02-06:1,True,0,25,True,-0.01597444089456869,0.007915513969878659,-0.7021653734696076,True,0,0,3,True,0.7850447532611693,35.0,445.0,1.0,0.0,0.0,0.0,0.0
2025-02-06 20:30:00+00:00,2025-02-06,2025-02-06:1,True,0,30,True,-0.24495677233429394,0.08782302120831656,-1.0257580887027775,True,0,0,3,True,0.2632878452068616,30.0,450.0,1.0,0.0,0.0,0.0,0.0
2025-02-06 20:35:00+00:00,2025-02-06,2025-02-06:1,True,0,35,True,-0.18823529411764706,0.0629181578079477,-1.095857945292653,True,0,0,3,True,-0.2781186609433943,25.0,455.0,1.0,0.0,0.0,0.0,0.0
2025-02-06 20:40:00+00:00,2025-02-06,2025-02-06:1,True,0,40,True,0.27170868347338933,0.27170868347338933,-0.7646180698442572,True,0,0,3,True,0.5787521754228814,20.0,460.0,1.0,0.0,0.0,0.0,0.0
2025-02-06 20:45:00+00:00,2025-02-06,2025-02-06:1,True,0,45,True,0.015105740181268883,0.006952921450277201,0.7759128922279892,True,0,0,3,True,1.1737301384091636,15.0,465.0,1.0,0.0,0.0,0.0,0.0
2025-02-06 20:50:00+00:00,2025-02-06,2025-02-06:1,True,3,5,True,0.16993464052287582,0.16993464052287582,-1.51140051556526,True,0,0,3,True,0.0,10.0,470.0,0.0,0.0,0.0,1.0,0.0
2025-02-06 20:55:00+00:00,2025-02-06,2025-02-06:1,True,4,5,True,-0.0375,0.0375,0.0,True,0,0,3,True,0.47042725783264183,5.0,475.0,0.0,0.0,0.0,0.0,1.0
2025-02-06 21:00:00+00:00,2025-02-06,2025-02-06:1,True,4,10,True,-0.08074534161490683,0.08074534161490683,0.38506136044731665,True,0,0,3,True,0.0,0.0,480.0,0.0,0.0,0.0,0.0,1.0
2025-02-07 13:00:00+00:00,2025-02-07,2025-02-07:1,False,-1,0,False,,,,False,0,0,0,False,,480.0,0.0,,,,,
2025-02-07 13:05:00+00:00,2025-02-07,2025-02-07:1,False,-1,0,True,0.136,,,False,0,0,0,False,,475.0,5.0,,,,,
2025-02-07 13:10:00+00:00,2025-02-07,2025-02-07:1,False,-1,0,True,0.04294478527607362,,,False,0,0,0,False,,470.0,10.0,,,,,
2025-02-07 13:15:00+00:00,2025-02-07,2025-02-07:1,False,-1,0,True,0.043227665706051875,,,False,0,0,0,False,,465.0,15.0,,,,,
2025-02-07 13:20:00+00:00,2025-02-07,2025-02-07:1,False,-1,0,True,-0.13649025069637882,,,False,0,0,0,False,,460.0,20.0,,,,,
2025-02-07 13:25:00+00:00,2025-02-07,2025-02-07:1,False,-1,0,True,0.19760479041916168,,,False,0,0,0,False,,455.0,25.0,,,,,
2025-02-07 13:30:00+00:00,2025-02-07,2025-02-07:1,False,-1,0,True,-0.02349869451697128,,,False,0,0,0,False,,450.0,30.0,,,,,
2025-02-07 13:35:00+00:00,2025-02-07,2025-02-07:1,False,-1,0,True,-0.09316770186335403,,,False,0,0,0,False,,445.0,35.0,,,,,
2025-02-07 13:40:00+00:00,2025-02-07,2025-02-07:1,False,-1,0,True,-0.10112359550561797,,,False,0,0,0,False,,440.0,40.0,,,,,
2025-02-07 13:45:00+00:00,2025-02-07,2025-02-07:1,False,-1,0,True,-0.03951367781155015,,,False,0,0,0,False,,435.0,45.0,,,,,
2025-02-07 13:50:00+00:00,2025-02-07,2025-02-07:1,False,-1,0,True,0.12835820895522387,,,False,0,0,0,False,,430.0,50.0,,,,,
2025-02-07 13:55:00+00:00,2025-02-07,2025-02-07:1,False,-1,0,True,0.1945392491467577,,,False,0,0,0,False,,425.0,55.0,,,,,
2025-02-07 14:00:00+00:00,2025-02-07,2025-02-07:1,False,-1,0,True,-0.12131147540983607,,,False,0,0,0,False,,420.0,60.0,,,,,
2025-02-07 14:05:00+00:00,2025-02-07,2025-02-07:1,True,0,5,True,-0.032490974729241874,0.007723208633280745,-1.4367324463702889,True,0,0,0,False,,415.0,65.0,1.0,0.0,0.0,0.0,0.0
2025-02-07 14:10:00+00:00,2025-02-07,2025-02-07:1,True,0,10,True,-0.3119533527696793,0.3119533527696793,0.5901031233847897,True,0,0,0,False,,410.0,70.0,1.0,0.0,0.0,0.0,0.0
2025-02-07 14:15:00+00:00,2025-02-07,2025-02-07:1,True,0,15,True,0.2912280701754386,0.2912280701754386,-0.5533566128811497,True,0,0,0,False,,405.0,75.0,1.0,0.0,0.0,0.0,0.0
2025-02-07 14:20:00+00:00,2025-02-07,2025-02-07:1,True,0,20,True,0.04559270516717325,0.04559270516717325,-0.5586364764337148,True,0,0,0,False,,400.0,80.0,1.0,0.0,0.0,0.0,0.0
2025-02-07 14:25:00+00:00,2025-02-07,2025-02-07:1,True,0,25,True,-0.050314465408805034,0.025252191515184114,-0.6893796738060805,True,0,0,0,False,,395.0,85.0,1.0,0.0,0.0,0.0,0.0
2025-02-07 14:30:00+00:00,2025-02-07,2025-02-07:1,True,4,5,True,-0.016722408026755852,0.016722408026755852,0.0,True,0,0,0,False,,390.0,90.0,0.0,0.0,0.0,0.0,1.0
2025-02-07 14:35:00+00:00,2025-02-07,2025-02-07:1,True,0,5,True,0.43452380952380953,0.1620391526684533,0.9864127515569494,True,0,0,0,False,,385.0,95.0,1.0,0.0,0.0,0.0,0.0
2025-02-07 14:40:00+00:00,2025-02-07,2025-02-07:1,True,3,5,True,0.05016722408026756,0.05016722408026756,-1.2483798614968613,True,0,0,0,False,,380.0,100.0,0.0,0.0,0.0,1.0,0.0
2025-02-07 14:45:00+00:00,2025-02-07,2025-02-07:1,True,3,10,True,0.22408026755852842,0.22408026755852842,-1.8295321869930408,True,0,0,0,False,,375.0,105.0,0.0,0.0,0.0,1.0,0.0
2025-02-07 14:50:00+00:00,2025-02-07,2025-02-07:1,True,3,15,True,0.1506849315068493,0.1506849315068493,-0.9246547541707528,True,0,0,0,False,,370.0,110.0,0.0,0.0,0.0,1.0,0.0
2025-02-07 14:55:00+00:00,2025-02-07,2025-02-07:1,True,3,20,True,-0.34201954397394135,0.24897532003423922,-0.3175141063284601,True,0,0,0,False,,365.0,115.0,0.0,0.0,0.0,1.0,0.0
2025-02-07 15:00:00+00:00,2025-02-07,2025-02-07:1,True,3,25,True,-0.24770642201834864,0.0774463078174404,-1.1626593688520812,True,0,0,0,False,,360.0,120.0,0.0,0.0,0.0,1.0,0.0
2025-02-07 15:05:00+00:00,2025-02-07,2025-02-07:1,True,3,30,True,-0.017543859649122806,0.002489420658843164,-1.952653994873426,True,0,0,0,True,-1.0300850745229155,355.0,125.0,0.0,0.0,0.0,1.0,0.0
2025-02-07 15:10:00+00:00,2025-02-07,2025-02-07:1,True,4,5,True,0.036544850498338874,0.036544850498338874,0.0,True,0,0,0,True,-0.7094151339253695,350.0,130.0,0.0,0.0,0.0,0.0,1.0
2025-02-07 15:15:00+00:00,2025-02-07,2025-02-07:1,True,0,5,True,0.16666666666666666,0.007727348248876588,3.0712300527258662,True,0,0,0,True,0.7707553277122918,345.0,135.0,1.0,0.0,0.0,0.0,0.0
2025-02-07 15:20:00+00:00,2025-02-07,2025-02-07:1,True,0,10,True,-0.018867924528301886,0.018867924528301886,0.0,True,0,0,0,True,0.7485868465524496,340.0,140.0,1.0,0.0,0.0,0.0,0.0
2025-02-07 15:25:00+00:00,2025-02-07,2025-02-07:1,True,0,15,True,0.072992700729927,0.072992700729927,-0.8802972402995303,True,0,0,0,True,-0.6561348232396489,335.0,145.0,1.0,0.0,0.0,0.0,0.0
2025-02-07 15:30:00+00:00,2025-02-07,2025-02-07:1,True,1,5,True,0.036211699164345405,0.00019195187669675175,5.239892828530175,True,0,0,0,True,13.018618399340014,330.0,150.0,0.0,1.0,0.0,0.0,0.0
2025-02-07 15:35:00+00:00,2025-02-07,2025-02-07:1,True,2,5,True,0.16312056737588654,0.16312056737588654,-0.7173864703204651,True,0,0,0,True,0.26914270148593206,325.0,155.0,0.0,0.0,1.0,0.0,0.0
2025-02-07 15:40:00+00:00,2025-02-07,2025-02-07:1,True,0,5,True,-0.0926517571884984,0.022227277577216962,-1.4275276641140253,True,0,0,0,True,-0.874402636761703,320.0,160.0,1.0,0.0,0.0,0.0,0.0
2025-02-07 15:45:00+00:00,2025-02-07,2025-02-07:1,True,0,10,True,-0.18243243243243243,0.18243243243243243,1.0807651497576314,True,0,0,0,True,0.048019027872213224,315.0,165.0,1.0,0.0,0.0,0.0,0.0
2025-02-07 15:50:00+00:00,2025-02-07,2025-02-07:1,True,0,15,True,0.14195583596214512,0.14195583596214512,-0.1351269971063522,True,0,0,0,True,0.30215315112436214,310.0,170.0,1.0,0.0,0.0,0.0,0.0
2025-02-07 15:55:00+00:00,2025-02-07,2025-02-07:1,True,0,20,True,-0.25149700598802394,0.1376596971080234,-0.6026464081713537,True,0,0,0,True,0.55238837078965,305.0,175.0,1.0,0.0,0.0,0.0,0.0
2025-02-07 16:00:00+00:00,2025-02-07,2025-02-07:1,True,3,5,True,-0.14285714285714285,0.1094069717632003,-0.2667705147006977,True,0,0,0,True,-0.11316603386683419,300.0,180.0,0.0,0.0,0.0,1.0,0.0
2025-02-07 16:05:00+00:00,2025-02-07,2025-02-07:1,True,0,5,True,-0.2,0.1331725434867443,-0.4066717596688494,True,0,0,0,True,-0.6062304660991928,295.0,185.0,1.0,0.0,0.0,0.0,0.0
2025-02-07 16:10:00+00:00,2025-02-07,2025-02-07:1,True,0,10,True,0.3738019169329074,0.3738019169329074,-0.7961732705688208,True,0,0,0,True,-0.5934325182865982,290.0,190.0,1.0,0.0,0.0,0.0,0.0
2025-02-07 16:15:00+00:00,2025-02-07,2025-02-07:1,True,3,5,True,-0.29559748427672955,0.21279625804697497,-0.3286635055248008,True,0,0,0,True,0.14698278801570064,285.0,195.0,0.0,0.0,0.0,1.0,0.0
2025-02-07 16:20:00+00:00,2025-02-07,2025-02-07:1,True,4,5,True,-0.30383480825958703,0.30383480825958703,0.26198519510926604,True,1,0,0,True,0.0,280.0,200.0,0.0,0.0,0.0,0.0,1.0
2025-02-07 16:25:00+00:00,2025-02-07,2025-02-07:1,True,3,5,True,-0.10510510510510511,0.05811426094234672,-0.5925497616345766,True,1,0,0,True,0.0,275.0,205.0,0.0,0.0,0.0,1.0,0.0
2025-02-07 16:30:00+00:00,2025-02-07,2025-02-07:1,True,0,5,True,-0.25766871165644173,0.25766871165644173,0.460183675038884,True,1,0,0,True,0.0,270.0,210.0,1.0,0.0,0.0,0.0,0.0
2025-02-07 16:35:00+00:00,2025-02-07,2025-02-07:1,True,3,5,True,-0.20474777448071216,0.11805502550127346,-0.5506280196463276,True,0,1,1,True,-0.49072454537173593,265.0,215.0,0.0,0.0,0.0,1.0,0.0
2025-02-07 16:40:00+00:00,2025-02-07,2025-02-07:1,True,0,5,True,0.06070287539936102,0.06070287539936102,-0.22350619525004892,True,0,0,1,True,-0.49977504597145006,260.0,220.0,1.0,0.0,0.0,0.0,0.0
2025-02-07 16:45:00+00:00,2025-02-07,2025-02-07:1,True,0,10,True,0.09749303621169916,0.03269275437424019,1.0926274774016798,True,0,0,1,True,-0.029366203394979785,255.0,225.0,1.0,0.0,0.0,0.0,0.0
2025-02-07 16:50:00+00:00,2025-02-07,2025-02-07:1,True,0,15,True,-0.12209302325581395,0.09287470836151428,-0.2735318769773989,True,0,0,1,True,0.0,250.0,230.0,1.0,0.0,0.0,0.0,0.0
2025-02-07 16:55:00+00:00,2025-02-07,2025-02-07:1,True,0,20,True,-0.009009009009009009,0.009009009009009009,0.0,True,0,0,1,True,0.0,245.0,235.0,1.0,0.0,0.0,0.0,0.0
2025-02-07 17:00:00+00:00,2025-02-07,2025-02-07:1,True,0,25,True,-0.036011080332409975,0.00960163292520285,-1.3218934977264538,True,0,0,1,True,-1.0305345930648027,240.0,240.0,1.0,0.0,0.0,0.0,0.0
2025-02-07 17:05:00+00:00,2025-02-07,2025-02-07:1,True,0,30,True,-0.125,0.05184909551514744,-0.8799762470383691,True,0,0,1,True,-0.6768460659901554,235.0,245.0,1.0,0.0,0.0,0.0,0.0
2025-02-07 17:10:00+00:00,2025-02-07,2025-02-07:1,True,3,5,True,-0.24610591900311526,0.0461220957791426,-1.6744698720786058,True,0,0,1,True,-1.470528842841066,230.0,250.0,0.0,0.0,0.0,1.0,0.0
2025-02-07 17:15:00+00:00,2025-02-07,2025-02-07:1,True,4,5,True,-0.24092409240924093,0.24092409240924093,2.5847346309653156,True,1,0,1,True,0.7704909956453374,225.0,255.0,0.0,0.0,0.0,0.0,1.0
2025-02-07 17:20:00+00:00,2025-02-07,2025-02-07:1,True,3,5,True,0.01875,0.01875,-0.5620489863088048,True,1,0,1,True,-1.6757063200951152,220.0,260.0,0.0,0.0,0.0,1.0,0.0
2025-02-07 17:25:00+00:00,2025-02-07,2025-02-07:1,True,3,10,True,-0.3046153846153846,0.17188496141264908,-0.5722245227356554,True,0,1,2,True,-1.377600386078022,215.0,265.0,0.0,0.0,0.0,1.0,0.0
2025-02-07 17:30:00+00:00,2025-02-07,2025-02-07:1,True,0,5,True,0.15584415584415584,0.08976644269594009,0.5516452908023532,True,0,0,2,True,1.6446884929348229,210.0,270.0,1.0,0.0,0.0,0.0,0.0
2025-02-07 17:35:00+00:00,2025-02-07,2025-02-07:1,True,0,10,True,-0.07262569832402235,0.026753093952379403,-0.9986687021780176,True,0,0,2,True,0.7443637016919237,205.0,275.0,1.0,0.0,0.0,0.0,0.0
2025-02-07 17:40:00+00:00,2025-02-07,2025-02-07:1,True,1,5,True,0.3,0.10925291511222608,1.0101169580870473,True,0,0,2,True,0.8311262847280301,200.0,280.0,0.0,1.0,0.0,0.0,0.0
2025-02-07 17:45:00+00:00,2025-02-07,2025-02-07:1,True,0,5,True,-0.3333333333333333,0.1747357898716745,-0.645867929406795,True,0,0,2,True,0.0,195.0,285.0,1.0,0.0,0.0,0.0,0.0
2025-02-07 17:50:00+00:00,2025-02-07,2025-02-07:1,True,0,10,True,0.1728395061728395,0.026406561789522415,1.8787509220233498,True,0,0,2,True,0.0,190.0,290.0,1.0,0.0,0.0,0.0,0.0
2025-02-07 17:55:00+00:00,2025-02-07,2025-02-07:1,True,1,5,True,-0.24645892351274787,0.24645892351274787,0.6211107021226091,True,0,0,2,True,0.6150961741610014,185.0,295.0,0.0,1.0,0.0,0.0,0.0
2025-02-07 18:00:00+00:00,2025-02-07,2025-02-07:1,True,0,5,True,-0.1308411214953271,0.08259191525113627,-0.4600719767144934,True,0,0,2,True,0.435167045127902,180.0,300.0,1.0,0.0,0.0,0.0,0.0
2025-02-07 18:05:00+00:00,2025-02-07,2025-02-07:1,True,0,10,True,-0.09467455621301775,0.0520322629514354,-0.5985813187378334,True,0,0,2,True,-0.6692342593805831,175.0,305.0,1.0,0.0,0.0,0.0,0.0
2025-02-07 18:10:00+00:00,2025-02-07,2025-02-07:1,True,0,15,True,0.0711864406779661,0.0711864406779661,-0.5905298691956585,True,0,0,2,True,-0.7140387731127025,170.0,310.0,1.0,0.0,0.0,0.0,0.0
2025-02-07 18:15:00+00:00,2025-02-07,2025-02-07:1,True,0,20,True,-0.17159763313609466,0.17159763313609466,0.2940903394859206,True,0,0,2,True,0.0,165.0,315.0,1.0,0.0,0.0,0.0,0.0
2025-02-07 18:20:00+00:00,2025-02-07,2025-02-07:1,True,0,25,True,0.1444141689373297,0.05956659823989223,0.8855903597257916,True,0,0,2,True,-1.3201601630442001,160.0,320.0,1.0,0.0,0.0,0.0,0.0
2025-02-07 18:25:00+00:00,2025-02-07,2025-02-07:1,True,0,30,True,-0.10948905109489052,0.036014792188683725,-1.1118948060638847,True,0,0,2,True,0.0,155.0,325.0,1.0,0.0,0.0,0.0,0.0
2025-02-07 18:30:00+00:00,2025-02-07,2025-02-07:1,True,0,35,True,-0.05517241379310345,0.05517241379310345,1.1389406835894913,True,0,0,2,True,-0.5662564798650921,150.0,330.0,1.0,0.0,0.0,0.0,0.0
2025-02-07 18:35:00+00:00,2025-02-07,2025-02-07:1,True,0,40,True,-0.07255520504731862,0.015779876484295966,-1.525612233004582,True,0,0,2,True,-0.7563406175737665,145.0,335.0,1.0,0.0,0.0,0.0,0.0
2025-02-07 18:40:00+00:00,2025-02-07,2025-02-07:1,True,0,45,True,0.0029498525073746312,0.0005810593843267345,1.6246574884099005,True,0,0,2,True,0.6605171971336109,140.0,340.0,1.0,0.0,0.0,0.0,0.0
2025-02-07 18:45:00+00:00,2025-02-07,2025-02-07:1,True,0,50,True,-0.13312693498452013,0.09817051098149436,-0.3045971966944771,True,0,0,2,True,-1.2749951950253844,135.0,345.0,1.0,0.0,0.0,0.0,0.0
2025-02-07 18:50:00+00:00,2025-02-07,2025-02-07:1,True,0,55,True,0.17901234567901234,0.17901234567901234,-1.255110537526245,True,0,0,2,True,-0.14640347505805604,130.0,350.0,1.0,0.0,0.0,0.0,0.0
2025-02-07 18:55:00+00:00,2025-02-07,2025-02-07:1,True,0,60,True,0.15824915824915825,0.15824915824915825,-0.15611192739550617,True,0,0,2,True,-0.6981537635077427,125.0,355.0,1.0,0.0,0.0,0.0,0.0
2025-02-07 19:00:00+00:00,2025-02-07,2025-02-07:1,True,0,65,True,-0.12994350282485875,0.12994350282485875,0.940173273730266,True,0,0,2,True,0.5550131882824518,120.0,360.0,1.0,0.0,0.0,0.0,0.0
2025-02-07 19:05:00+00:00,2025-02-07,2025-02-07:1,True,0,70,True,0.18873239436619718,0.18873239436619718,-0.1655436002047493,True,0,0,2,True,0.7403334865957353,115.0,365.0,1.0,0.0,0.0,0.0,0.0
2025-02-07 19:10:00+00:00,2025-02-07,2025-02-07:1,True,0,75,True,0.06109324758842444,0.0433427856580661,0.3432610773981282,True,0,0,2,True,0.0,110.0,370.0,1.0,0.0,0.0,0.0,0.0
2025-02-07 19:15:00+00:00,2025-02-07,2025-02-07:1,True,0,80,True,0.0031746031746031746,0.0031746031746031746,0.0,True,0,0,2,True,0.0,105.0,375.0,1.0,0.0,0.0,0.0,0.0
2025-02-07 19:20:00+00:00,2025-02-07,2025-02-07:1,True,0,85,True,0.023121387283236993,0.023121387283236993,0.0,True,0,0,2,True,0.0,100.0,380.0,1.0,0.0,0.0,0.0,0.0
2025-02-07 19:25:00+00:00,2025-02-07,2025-02-07:1,True,1,5,True,0.0,0.0,0.9027860563274402,True,0,0,2,True,0.0,95.0,385.0,0.0,1.0,0.0,0.0,0.0
2025-02-07 19:30:00+00:00,2025-02-07,2025-02-07:1,True,0,5,True,-0.23615160349854228,0.23615160349854228,0.46229830117277465,True,0,0,2,True,-0.7639220371315191,90.0,390.0,1.0,0.0,0.0,0.0,0.0
2025-02-07 19:35:00+00:00,2025-02-07,2025-02-07:1,True,1,5,True,0.04126984126984127,0.02575134492133802,0.4716451419173576,True,0,0,2,True,2.1092611971724917,85.0,395.0,0.0,1.0,0.0,0.0,0.0
2025-02-07 19:40:00+00:00,2025-02-07,2025-02-07:1,True,1,10,True,0.19642857142857142,0.0753410731401106,0.9582734149207282,True,0,0,2,True,-1.0713822483952822,80.0,400.0,0.0,1.0,0.0,0.0,0.0
2025-02-07 19:45:00+00:00,2025-02-07,2025-02-07:1,True,1,15,True,0.08108108108108109,0.028328569631856874,1.0515788319597017,True,0,0,2,True,-1.1757008759842023,75.0,405.0,0.0,1.0,0.0,0.0,0.0
2025-02-07 19:50:00+00:00,2025-02-07,2025-02-07:1,True,2,5,True,0.028735632183908046,0.028735632183908046,-1.0424600457777315,True,0,0,2,True,0.0,70.0,410.0,0.0,0.0,1.0,0.0,0.0
2025-02-07 19:55:00+00:00,2025-02-07,2025-02-07:1,True,1,5,True,-0.12302839116719243,0.12302839116719243,0.538145113900816,True,0,0,2,True,0.0,65.0,415.0,0.0,1.0,0.0,0.0,0.0
2025-02-07 20:00:00+00:00,2025-02-07,2025-02-07:1,True,0,5,True,0.152,0.152,-1.3915971649816856,True,0,0,2,True,0.0,60.0,420.0,1.0,0.0,0.0,0.0,0.0
2025-02-07 20:05:00+00:00,2025-02-07,2025-02-07:1,True,0,10,True,-0.06201550387596899,0.03545493762119488,-0.5591218889255283,True,0,0,2,True,0.0,55.0,425.0,1.0,0.0,0.0,0.0,0.0
2025-02-07 20:10:00+00:00,2025-02-07,2025-02-07:1,True,0,15,True,-0.1,0.1,1.130796014980243,True,0,0,2,True,1.2642683790908469,50.0,430.0,1.0,0.0,0.0,0.0,0.0
2025-02-07 20:15:00+00:00,2025-02-07,2025-02-07:1,True,3,5,True,0.25170068027210885,0.25170068027210885,-1.4073919192323814,True,0,0,2,True,-1.2588096009549994,45.0,435.0,0.0,0.0,0.0,1.0,0.0
2025-02-07 20:20:00+00:00,2025-02-07,2025-02-07:1,True,3,10,True,0.05764411027568922,0.05764411027568922,-0.5547001962263324,True,0,0,2,True,-1.2403473458945518,40.0,440.0,0.0,0.0,0.0,1.0,0.0
2025-02-07 20:25:00+00:00,2025-02-07,2025-02-07:1,True,0,5,True,-0.05329153605015674,0.05329153605015674,1.121903144958533,True,0,0,2,True,2.5086516962980805,35.0,445.0,1.0,0.0,0.0,0.0,0.0
2025-02-07 20:30:00+00:00,2025-02-07,2025-02-07:1,True,0,10,True,-0.023809523809523808,0.013969169719900427,-0.5332329222741072,True,0,0,2,True,0.0,30.0,450.0,1.0,0.0,0.0,0.0,0.0
2025-02-07 20:35:00+00:00,2025-02-07,2025-02-07:1,True,0,15,True,0.002967359050445104,0.0003769703595218754,2.06326106521266,True,0,0,2,True,2.3067959985737065,25.0,455.0,1.0,0.0,0.0,0.0,0.0
2025-02-07 20:40:00+00:00,2025-02-07,2025-02-07:1,True,0,20,True,0.26005361930294907,0.26005361930294907,-1.581076799097635,True,0,0,2,True,-1.8525419337179967,20.0,460.0,1.0,0.0,0.0,0.0,0.0
2025-02-07 20:45:00+00:00,2025-02-07,2025-02-07:1,True,0,25,True,0.3858267716535433,0.1357099632951905,1.0448685050059616,True,0,0,2,True,1.168198502372615,15.0,465.0,1.0,0.0,0.0,0.0,0.0
2025-02-07 20:50:00+00:00,2025-02-07,2025-02-07:1,True,1,5,True,0.30659025787965616,0.17868512697064248,0.539887001579456,True,0,0,2,True,0.0,10.0,470.0,0.0,1.0,0.0,0.0,0.0
2025-02-07 20:55:00+00:00,2025-02-07,2025-02-07:1,True,1,10,True,0.27972027972027974,0.1041418719192171,0.9880359802368711,True,0,0,2,True,-1.1046578080110716,5.0,475.0,0.0,1.0,0.0,0.0,0.0
2025-02-07 21:00:00+00:00,2025-02-07,2025-02-07:1,True,2,5,True,-0.045714285714285714,0.045714285714285714,0.0,True,0,0,2,True,1.1081489533710696,0.0,480.0,0.0,0.0,1.0,0.0,0.0
2025-02-10 13:00:00+00:00,2025-02-10,2025-02-10:1,False,-1,0,False,,,,False,0,0,0,False,,480.0,0.0,,,,,
2025-02-10 13:05:00+00:00,2025-02-10,2025-02-10:1,False,-1,0,True,-0.15824915824915825,,,False,0,0,0,False,,475.0,5.0,,,,,
2025-02-10 13:10:00+00:00,2025-02-10,2025-02-10:1,False,-1,0,True,0.06622516556291391,,,False,0,0,0,False,,470.0,10.0,,,,,
2025-02-10 13:15:00+00:00,2025-02-10,2025-02-10:1,False,-1,0,True,-0.1917808219178082,,,False,0,0,0,False,,465.0,15.0,,,,,
2025-02-10 13:20:00+00:00,2025-02-10,2025-02-10:1,False,-1,0,True,0.2878338278931751,,,False,0,0,0,False,,460.0,20.0,,,,,
2025-02-10 13:25:00+00:00,2025-02-10,2025-02-10:1,False,-1,0,True,-0.09271523178807947,,,False,0,0,0,False,,455.0,25.0,,,,,
2025-02-10 13:30:00+00:00,2025-02-10,2025-02-10:1,False,-1,0,True,-0.2521246458923513,,,False,0,0,0,False,,450.0,30.0,,,,,
2025-02-10 13:35:00+00:00,2025-02-10,2025-02-10:1,False,-1,0,True,-0.06493506493506493,,,False,0,0,0,False,,445.0,35.0,,,,,
2025-02-10 13:40:00+00:00,2025-02-10,2025-02-10:1,False,-1,0,True,-0.03225806451612903,,,False,0,0,0,False,,440.0,40.0,,,,,
2025-02-10 13:45:00+00:00,2025-02-10,2025-02-10:1,False,-1,0,True,-0.13855421686746988,,,False,0,0,0,False,,435.0,45.0,,,,,
2025-02-10 13:50:00+00:00,2025-02-10,2025-02-10:1,False,-1,0,True,0.2634730538922156,,,False,0,0,0,False,,430.0,50.0,,,,,
2025-02-10 13:55:00+00:00,2025-02-10,2025-02-10:1,False,-1,0,True,-0.13230769230769232,,,False,0,0,0,False,,425.0,55.0,,,,,
2025-02-10 14:00:00+00:00,2025-02-10,2025-02-10:1,False,-1,0,True,0.09655172413793103,,,False,0,0,0,False,,420.0,60.0,,,,,
2025-02-10 14:05:00+00:00,2025-02-10,2025-02-10:1,True,3,5,True,-0.11347517730496454,0.07444245951034605,-0.42155763944428865,True,0,0,0,False,,415.0,65.0,0.0,0.0,0.0,1.0,0.0
2025-02-10 14:10:00+00:00,2025-02-10,2025-02-10:1,True,3,10,True,-0.2520775623268698,0.12675612573527886,-0.6874718565902181,True,0,0,0,False,,410.0,70.0,0.0,0.0,0.0,1.0,0.0
2025-02-10 14:15:00+00:00,2025-02-10,2025-02-10:1,True,0,5,True,-0.25663716814159293,0.25663716814159293,0.9306033616102362,True,0,0,0,False,,405.0,75.0,1.0,0.0,0.0,0.0,0.0
2025-02-10 14:20:00+00:00,2025-02-10,2025-02-10:1,True,4,5,True,-0.09659090909090909,0.09659090909090909,0.1331145801208667,True,1,0,0,False,,400.0,80.0,0.0,0.0,0.0,0.0,1.0
2025-02-10 14:25:00+00:00,2025-02-10,2025-02-10:1,True,0,5,True,0.1130952380952381,0.06614782674513209,0.5363382421611965,True,1,0,0,False,,395.0,85.0,1.0,0.0,0.0,0.0,0.0
2025-02-10 14:30:00+00:00,2025-02-10,2025-02-10:1,True,0,10,True,0.3089887640449438,0.3089887640449438,-0.4078058661039368,True,1,0,0,False,,390.0,90.0,1.0,0.0,0.0,0.0,0.0
2025-02-10 14:35:00+00:00,2025-02-10,2025-02-10:1,True,0,15,True,-0.0932475884244373,0.043874027090982703,-0.7539356898137031,True,0,1,1,False,,385.0,95.0,1.0,0.0,0.0,0.0,0.0
2025-02-10 14:40:00+00:00,2025-02-10,2025-02-10:1,True,0,20,True,0.1780821917808219,0.06490669819241648,1.0092943690153293,True,0,0,1,False,,380.0,100.0,1.0,0.0,0.0,0.0,0.0
2025-02-10 14:45:00+00:00,2025-02-10,2025-02-10:1,True,0,25,True,-0.19063545150501673,0.19063545150501673,1.0221613756378087,True,0,0,1,False,,375.0,105.0,1.0,0.0,0.0,0.0,0.0
2025-02-10 14:50:00+00:00,2025-02-10,2025-02-10:1,True,0,30,True,0.1320754716981132,0.09742425900531332,0.30429826908559654,True,0,0,1,False,,370.0,110.0,1.0,0.0,0.0,0.0,0.0
2025-02-10 14:55:00+00:00,2025-02-10,2025-02-10:1,True,0,35,True,0.04559270516717325,0.03323426292947458,0.31616636961085937,True,0,0,1,False,,365.0,115.0,1.0,0.0,0.0,0.0,0.0
2025-02-10 15:00:00+00:00,2025-02-10,2025-02-10:1,True,1,5,True,-0.013888888888888888,0.013888888888888888,0.3373545159650324,True,0,0,1,False,,360.0,120.0,0.0,1.0,0.0,0.0,0.0
2025-02-10 15:05:00+00:00,2025-02-10,2025-02-10:1,True,2,5,True,-0.18579234972677597,0.18579234972677597,0.0,True,0,0,1,True,0.0,355.0,125.0,0.0,0.0,1.0,0.0,0.0
2025-02-10 15:10:00+00:00,2025-02-10,2025-02-10:1,True,1,5,True,0.2688821752265861,0.1285900565972674,0.7376437849175699,True,0,0,1,True,0.0,350.0,130.0,0.0,1.0,0.0,0.0,0.0
2025-02-10 15:15:00+00:00,2025-02-10,2025-02-10:1,True,0,5,True,-0.04983388704318937,0.03365185420472538,-0.3926270580964005,True,0,0,1,True,0.0,345.0,135.0,1.0,0.0,0.0,0.0,0.0
2025-02-10 15:20:00+00:00,2025-02-10,2025-02-10:1,True,0,10,True,-0.0036101083032490976,0.0036101083032490976,0.4093095545002396,True,0,0,1,True,0.9152439877026908,340.0,140.0,1.0,0.0,0.0,0.0,0.0
2025-02-10 15:25:00+00:00,2025-02-10,2025-02-10:1,True,0,15,True,-0.09375,0.06139102268859366,-0.42336805067067984,True,0,0,1,True,-0.7933136249611343,335.0,145.0,1.0,0.0,0.0,0.0,0.0
2025-02-10 15:30:00+00:00,2025-02-10,2025-02-10:1,True,1,5,True,-0.18059299191374664,0.18059299191374664,4.104086673659896,True,0,0,1,True,9.177016787854525,330.0,150.0,0.0,1.0,0.0,0.0,0.0
2025-02-10 15:35:00+00:00,2025-02-10,2025-02-10:1,True,2,5,True,0.09163346613545817,0.09163346613545817,-0.8861358587826592,True,0,0,1,True,0.2304197121562476,325.0,155.0,0.0,0.0,1.0,0.0,0.0
2025-02-10 15:40:00+00:00,2025-02-10,2025-02-10:1,True,0,5,True,0.0273972602739726,0.0273972602739726,-0.6167158476517881,True,0,0,1,True,0.0,320.0,160.0,1.0,0.0,0.0,0.0,0.0
2025-02-10 15:45:00+00:00,2025-02-10,2025-02-10:1,True,0,10,True,-0.07216494845360824,0.07216494845360824,0.3133421947677264,True,0,0,1,True,0.276053968370688,315.0,165.0,1.0,0.0,0.0,0.0,0.0
2025-02-10 15:50:00+00:00,2025-02-10,2025-02-10:1,True,1,5,True,-0.3488372093023256,0.3488372093023256,0.9394405124616876,True,0,0,1,True,0.4169112001395942,310.0,170.0,0.0,1.0,0.0,0.0,0.0
2025-02-10 15:55:00+00:00,2025-02-10,2025-02-10:1,True,0,5,True,0.023668639053254437,0.023668639053254437,-2.134979984656098,True,0,0,1,True,-0.6819943394698023,305.0,175.0,1.0,0.0,0.0,0.0,0.0
2025-02-10 16:00:00+00:00,2025-02-10,2025-02-10:1,True,0,10,True,-0.09234828496042216,0.09234828496042216,1.2063552165632905,True,0,0,1,True,1.3487461346225404,300.0,180.0,1.0,0.0,0.0,0.0,0.0
2025-02-10 16:05:00+00:00,2025-02-10,2025-02-10:1,True,0,15,True,0.10104529616724739,0.10104529616724739,0.0,True,0,0,1,True,0.0,295.0,185.0,1.0,0.0,0.0,0.0,0.0
2025-02-10 16:10:00+00:00,2025-02-10,2025-02-10:1,True,0,20,True,-0.010452961672473868,0.010452961672473868,0.0,True,0,0,1,True,-0.9982355452777825,290.0,190.0,1.0,0.0,0.0,0.0,0.0
2025-02-10 16:15:00+00:00,2025-02-10,2025-02-10:1,True,0,25,True,0.1554054054054054,0.11557648037458633,0.29610474257631747,True,0,0,1,True,0.31446141342051465,285.0,195.0,1.0,0.0,0.0,0.0,0.0
2025-02-10 16:20:00+00:00,2025-02-10,2025-02-10:1,True,0,30,True,0.059602649006622516,0.059602649006622516,-0.29484770135519184,True,0,0,1,True,0.3241627410274742,280.0,200.0,1.0,0.0,0.0,0.0,0.0
2025-02-10 16:25:00+00:00,2025-02-10,2025-02-10:1,True,0,35,True,-0.036211699164345405,0.036211699164345405,0.2930539889954109,True,0,0,1,True,0.0,275.0,205.0,1.0,0.0,0.0,0.0,0.0
2025-02-10 16:30:00+00:00,2025-02-10,2025-02-10:1,True,0,40,True,0.21100917431192662,0.21100917431192662,-0.29305398899539875,True,0,0,1,True,-0.29592411523917445,270.0,210.0,1.0,0.0,0.0,0.0,0.0
2025-02-10 16:35:00+00:00,2025-02-10,2025-02-10:1,True,0,45,True,0.3026315789473684,0.3026315789473684,-1.3897821384088027,True,0,0,1,True,-2.071764890265718,265.0,215.0,1.0,0.0,0.0,0.0,0.0
2025-02-10 16:40:00+00:00,2025-02-10,2025-02-10:1,True,3,5,True,-0.02027027027027027,0.008277896966546724,-0.8955663472972683,True,0,0,1,True,-1.0012736154589386,260.0,220.0,0.0,0.0,0.0,1.0,0.0
2025-02-10 16:45:00+00:00,2025-02-10,2025-02-10:1,True,3,10,True,-0.2148997134670487,0.13787901466474484,-0.4437948750176308,True,0,0,1,True,-0.4961777543013126,255.0,225.0,0.0,0.0,0.0,1.0,0.0
2025-02-10 16:50:00+00:00,2025-02-10,2025-02-10:1,True,3,15,True,0.14487632508833923,0.14487632508833923,-0.46883633945569153,True,0,0,1,True,-3.1450497760382587,250.0,230.0,0.0,0.0,0.0,1.0,0.0
2025-02-10 16:55:00+00:00,2025-02-10,2025-02-10:1,True,4,5,True,-0.16,0.16,0.9227530770098359,True,0,0,1,True,0.46886506480533047,245.0,235.0,0.0,0.0,0.0,0.0,1.0
2025-02-10 17:00:00+00:00,2025-02-10,2025-02-10:1,True,0,5,True,0.02491103202846975,0.0063999038909374785,1.3590277854918542,True,0,0,1,True,0.0,240.0,240.0,1.0,0.0,0.0,0.0,0.0
2025-02-10 17:05:00+00:00,2025-02-10,2025-02-10:1,True,1,5,True,0.2037037037037037,0.04974306169123104,1.409795514830412,True,0,0,1,True,3.1523986055351143,235.0,245.0,0.0,1.0,0.0,0.0,0.0
2025-02-10 17:10:00+00:00,2025-02-10,2025-02-10:1,True,0,5,True,0.19471947194719472,0.19471947194719472,-0.8700671470739475,True,0,0,1,True,0.4082903834446584,230.0,250.0,1.0,0.0,0.0,0.0,0.0
2025-02-10 17:15:00+00:00,2025-02-10,2025-02-10:1,True,0,10,True,0.1972318339100346,0.1972318339100346,-1.2873294703178955,True,0,0,1,True,0.959518735022295,225.0,255.0,1.0,0.0,0.0,0.0,0.0
2025-02-10 17:20:00+00:00,2025-02-10,2025-02-10:1,True,1,5,True,0.06109324758842444,0.017099846349736172,1.2733318678966437,True,0,0,1,True,0.0,220.0,260.0,0.0,1.0,0.0,0.0,0.0
2025-02-10 17:25:00+00:00,2025-02-10,2025-02-10:1,True,0,5,True,-0.25252525252525254,0.031305738283411336,-2.0877098412344686,True,0,0,1,True,0.451645188551736,215.0,265.0,1.0,0.0,0.0,0.0,0.0
2025-02-10 17:30:00+00:00,2025-02-10,2025-02-10:1,True,0,10,True,0.13802816901408452,0.13802816901408452,0.0,True,0,0,1,True,0.9423950229738154,210.0,270.0,1.0,0.0,0.0,0.0,0.0
2025-02-10 17:35:00+00:00,2025-02-10,2025-02-10:1,True,3,5,True,0.282798833819242,0.282798833819242,-1.6442566564456624,True,0,0,1,True,0.9191674140666017,205.0,275.0,0.0,0.0,0.0,1.0,0.0
2025-02-10 17:40:00+00:00,2025-02-10,2025-02-10:1,True,4,5,True,-0.04827586206896552,0.04827586206896552,0.4225664695465792,True,1,0,1,True,0.0,200.0,280.0,0.0,0.0,0.0,0.0,1.0
2025-02-10 17:45:00+00:00,2025-02-10,2025-02-10:1,True,4,10,True,0.28434504792332266,0.28434504792332266,0.0,True,1,0,1,True,0.9900359288421047,195.0,285.0,0.0,0.0,0.0,0.0,1.0
2025-02-10 17:50:00+00:00,2025-02-10,2025-02-10:1,True,0,5,True,0.14673913043478262,0.007445737647294453,2.9810146465935587,True,0,0,1,True,1.2153414114655128,190.0,290.0,1.0,0.0,0.0,0.0,0.0
2025-02-10 17:55:00+00:00,2025-02-10,2025-02-10:1,True,0,10,True,-0.17314487632508835,0.08217696386221256,-0.7452536616486046,True,0,0,1,True,0.8332189239622699,185.0,295.0,1.0,0.0,0.0,0.0,0.0
2025-02-10 18:00:00+00:00,2025-02-10,2025-02-10:1,True,1,5,True,0.11475409836065574,0.02445187555919098,1.5460846408979576,True,0,0,1,True,3.0018233073998797,180.0,300.0,0.0,1.0,0.0,0.0,0.0
2025-02-10 18:05:00+00:00,2025-02-10,2025-02-10:1,True,1,10,True,-0.22112211221122113,0.22112211221122113,2.329543413576778,True,0,0,1,True,2.089328913710479,175.0,305.0,0.0,1.0,0.0,0.0,0.0
2025-02-10 18:10:00+00:00,2025-02-10,2025-02-10:1,True,2,5,True,0.2073170731707317,0.2073170731707317,-1.597582889455732,True,0,0,1,True,-0.7144607881039281,170.0,310.0,0.0,0.0,1.0,0.0,0.0
2025-02-10 18:15:00+00:00,2025-02-10,2025-02-10:1,True,2,10,True,-0.20906801007556675,0.15183099474006553,-0.3198915805488482,True,0,0,1,True,0.160208126570934,165.0,315.0,0.0,0.0,1.0,0.0,0.0
2025-02-10 18:20:00+00:00,2025-02-10,2025-02-10:1,True,1,5,True,-0.10071942446043165,0.10071942446043165,1.2700564253148783,True,0,0,1,True,0.8544763318673201,160.0,320.0,0.0,1.0,0.0,0.0,0.0
2025-02-10 18:25:00+00:00,2025-02-10,2025-02-10:1,True,2,5,True,0.21341463414634146,0.21341463414634146,-0.32372169702132875,True,0,0,1,True,-0.7238637203312823,155.0,325.0,0.0,0.0,1.0,0.0,0.0
2025-02-10 18:30:00+00:00,2025-02-10,2025-02-10:1,True,0,5,True,0.10273972602739725,0.10273972602739725,0.0,True,0,0,1,True,0.22719490125580968,150.0,330.0,1.0,0.0,0.0,0.0,0.0
2025-02-10 18:35:00+00:00,2025-02-10,2025-02-10:1,True,0,10,True,0.20245398773006135,0.20245398773006135,-0.6317866206548498,True,0,0,1,True,-1.1796152936499689,145.0,335.0,1.0,0.0,0.0,0.0,0.0
2025-02-10 18:40:00+00:00,2025-02-10,2025-02-10:1,True,0,15,True,-0.12627986348122866,0.06790773591897405,-0.6203506234742933,True,0,0,1,True,1.1357655952947847,140.0,340.0,1.0,0.0,0.0,0.0,0.0
2025-02-10 18:45:00+00:00,2025-02-10,2025-02-10:1,True,0,20,True,0.14675767918088736,0.14675767918088736,-0.31102174614490385,True,0,0,1,True,0.0,135.0,345.0,1.0,0.0,0.0,0.0,0.0
2025-02-10 18:50:00+00:00,2025-02-10,2025-02-10:1,True,4,5,True,-0.12056737588652482,0.12056737588652482,0.0,True,0,0,1,True,-1.4543078086813364,130.0,350.0,0.0,0.0,0.0,0.0,1.0
2025-02-10 18:55:00+00:00,2025-02-10,2025-02-10:1,True,3,5,True,0.10263929618768329,0.10263929618768329,-0.6649989550688731,True,0,0,1,True,-1.4869828685003286,125.0,355.0,0.0,0.0,0.0,1.0,0.0
2025-02-10 19:00:00+00:00,2025-02-10,2025-02-10:1,True,4,5,True,-0.13966480446927373,0.13966480446927373,0.0,True,0,0,1,True,0.0,120.0,360.0,0.0,0.0,0.0,0.0,1.0
2025-02-10 19:05:00+00:00,2025-02-10,2025-02-10:1,True,0,5,True,-0.05521472392638037,0.05521472392638037,1.1650153518341415,True,0,0,1,True,1.1381294092613221,115.0,365.0,1.0,0.0,0.0,0.0,0.0
2025-02-10 19:10:00+00:00,2025-02-10,2025-02-10:1,True,0,10,True,0.041916167664670656,0.041916167664670656,-0.8473799256161747,True,0,0,1,True,-0.9473995582218948,110.0,370.0,1.0,0.0,0.0,0.0,0.0
2025-02-10 19:15:00+00:00,2025-02-10,2025-02-10:1,True,0,15,True,-0.03592814371257485,0.023270092429537245,-0.43435198643997225,True,0,0,1,True,-0.26874278263550966,105.0,375.0,1.0,0.0,0.0,0.0,0.0
2025-02-10 19:20:00+00:00,2025-02-10,2025-02-10:1,True,3,5,True,0.1903323262839879,0.1903323262839879,-1.344539990616806,True,0,0,1,True,-1.0021609391610866,100.0,380.0,0.0,0.0,0.0,1.0,0.0
2025-02-10 19:25:00+00:00,2025-02-10,2025-02-10:1,True,3,10,True,0.1329479768786127,0.1329479768786127,-0.9153522941938484,True,0,0,1,True,-3.0701849297652926,95.0,385.0,0.0,0.0,0.0,1.0,0.0
2025-02-10 19:30:00+00:00,2025-02-10,2025-02-10:1,True,3,15,True,0.31176470588235294,0.31176470588235294,-0.9213690158182228,True,0,0,1,True,-0.3111700443617002,90.0,390.0,0.0,0.0,0.0,1.0,0.0
2025-02-10 19:35:00+00:00,2025-02-10,2025-02-10:1,True,4,5,True,-0.038560411311053984,0.038560411311053984,0.9320470248019946,True,1,0,1,True,-0.32472232048002214,85.0,395.0,0.0,0.0,0.0,0.0,1.0
2025-02-10 19:40:00+00:00,2025-02-10,2025-02-10:1,True,4,10,True,0.036065573770491806,0.036065573770491806,0.0,True,1,0,1,True,0.0,80.0,400.0,0.0,0.0,0.0,0.0,1.0
2025-02-10 19:45:00+00:00,2025-02-10,2025-02-10:1,True,3,5,True,0.029197080291970802,0.029197080291970802,-0.9683740725420499,True,0,1,2,True,1.0826751269246295,75.0,405.0,0.0,0.0,0.0,1.0,0.0
2025-02-10 19:50:00+00:00,2025-02-10,2025-02-10:1,True,4,5,True,0.07352941176470588,0.07352941176470588,0.0,True,0,0,2,True,1.113326456308787,70.0,410.0,0.0,0.0,0.0,0.0,1.0
2025-02-10 19:55:00+00:00,2025-02-10,2025-02-10:1,True,0,5,True,0.2064516129032258,0.1263431341666617,0.49106457230177375,True,0,0,2,True,0.6765823964753184,65.0,415.0,1.0,0.0,0.0,0.0,0.0
2025-02-10 20:00:00+00:00,2025-02-10,2025-02-10:1,True,0,10,True,-0.06962025316455696,0.06962025316455696,0.0,True,0,0,2,True,0.0,60.0,420.0,1.0,0.0,0.0,0.0,0.0
2025-02-10 20:05:00+00:00,2025-02-10,2025-02-10:1,True,0,15,True,0.35502958579881655,0.05447427085161886,1.874472630549352,True,0,0,2,True,1.0478620559670555,55.0,425.0,1.0,0.0,0.0,0.0,0.0
2025-02-10 20:10:00+00:00,2025-02-10,2025-02-10:1,True,0,20,True,0.19272727272727272,0.19272727272727272,-0.4971988575110203,True,0,0,2,True,-1.1117704437298732,50.0,430.0,1.0,0.0,0.0,0.0,0.0
2025-02-10 20:15:00+00:00,2025-02-10,2025-02-10:1,True,0,25,True,0.04659498207885305,0.04659498207885305,-1.9253068022336122,True,0,0,2,True,0.3810302347520154,45.0,435.0,1.0,0.0,0.0,0.0,0.0
2025-02-10 20:20:00+00:00,2025-02-10,2025-02-10:1,True,0,30,True,-0.12582781456953643,0.12582781456953643,0.4775906024055304,True,0,0,2,True,0.0,40.0,440.0,1.0,0.0,0.0,0.0,0.0
2025-02-10 20:25:00+00:00,2025-02-10,2025-02-10:1,True,0,35,True,-0.14285714285714285,0.14285714285714285,0.953340185676782,True,0,0,2,True,0.0,35.0,445.0,1.0,0.0,0.0,0.0,0.0
2025-02-10 20:30:00+00:00,2025-02-10,2025-02-10:1,True,0,40,True,0.10104529616724739,0.10104529616724739,-0.5304705892926314,True,0,0,2,True,-1.186168297722696,30.0,450.0,1.0,0.0,0.0,0.0,0.0
2025-02-10 20:35:00+00:00,2025-02-10,2025-02-10:1,True,3,5,True,-0.0945945945945946,0.055652652777358216,-0.5304705892926314,True,0,0,2,True,-0.37507775199054855,25.0,455.0,0.0,0.0,0.0,1.0,0.0
2025-02-10 20:40:00+00:00,2025-02-10,2025-02-10:1,True,0,5,True,-0.06824925816023739,0.06824925816023739,1.0862780491190969,True,0,0,2,True,1.2144957801480782,20.0,460.0,1.0,0.0,0.0,0.0,0.0
2025-02-10 20:45:00+00:00,2025-02-10,2025-02-10:1,True,0,10,True,0.10071942446043165,0.10071942446043165,-1.9832633040855698,True,0,0,2,True,0.0,15.0,465.0,1.0,0.0,0.0,0.0,0.0
2025-02-10 20:50:00+00:00,2025-02-10,2025-02-10:1,True,0,15,True,0.05338078291814947,0.05338078291814947,-0.5011515649937737,True,0,0,2,True,0.0,10.0,470.0,1.0,0.0,0.0,0.0,0.0
2025-02-10 20:55:00+00:00,2025-02-10,2025-02-10:1,True,3,5,True,-0.18475073313782991,0.02404063036973301,-2.039262197064225,True,0,0,2,True,-1.1399822241469149,5.0,475.0,0.0,0.0,0.0,1.0,0.0
2025-02-10 21:00:00+00:00,2025-02-10,2025-02-10:1,True,3,10,True,0.08033240997229917,0.08033240997229917,-0.9750151701758538,True,0,0,2,True,0.0,0.0,480.0,0.0,0.0,0.0,1.0,0.0
2025-02-11 13:00:00+00:00,2025-02-11,2025-02-11:1,False,-1,0,False,,,,False,0,0,0,False,,480.0,0.0,,,,,
2025-02-11 13:05:00+00:00,2025-02-11,2025-02-11:1,False,-1,0,True,0.010309278350515464,,,False,0,0,0,False,,475.0,5.0,,,,,
2025-02-11 13:10:00+00:00,2025-02-11,2025-02-11:1,False,-1,0,True,-0.15671641791044777,,,False,0,0,0,False,,470.0,10.0,,,,,
2025-02-11 13:15:00+00:00,2025-02-11,2025-02-11:1,False,-1,0,True,-0.010582010582010581,,,False,0,0,0,False,,465.0,15.0,,,,,
2025-02-11 13:20:00+00:00,2025-02-11,2025-02-11:1,False,-1,0,True,-0.035830618892508145,,,False,0,0,0,False,,460.0,20.0,,,,,
2025-02-11 13:25:00+00:00,2025-02-11,2025-02-11:1,False,-1,0,True,-0.2708333333333333,,,False,0,0,0,False,,455.0,25.0,,,,,
2025-02-11 13:30:00+00:00,2025-02-11,2025-02-11:1,False,-1,0,True,0.09283819628647215,,,False,0,0,0,False,,450.0,30.0,,,,,
2025-02-11 13:35:00+00:00,2025-02-11,2025-02-11:1,False,-1,0,True,-0.18064516129032257,,,False,0,0,0,False,,445.0,35.0,,,,,
2025-02-11 13:40:00+00:00,2025-02-11,2025-02-11:1,False,-1,0,True,-0.2302158273381295,,,False,0,0,0,False,,440.0,40.0,,,,,
2025-02-11 13:45:00+00:00,2025-02-11,2025-02-11:1,False,-1,0,True,0.2745762711864407,,,False,0,0,0,False,,435.0,45.0,,,,,
2025-02-11 13:50:00+00:00,2025-02-11,2025-02-11:1,False,-1,0,True,0.12052117263843648,,,False,0,0,0,False,,430.0,50.0,,,,,
2025-02-11 13:55:00+00:00,2025-02-11,2025-02-11:1,False,-1,0,True,-0.08426966292134831,,,False,0,0,0,False,,425.0,55.0,,,,,
2025-02-11 14:00:00+00:00,2025-02-11,2025-02-11:1,False,-1,0,True,-0.18125,,,False,0,0,0,False,,420.0,60.0,,,,,
2025-02-11 14:05:00+00:00,2025-02-11,2025-02-11:1,True,3,5,True,0.34065934065934067,0.34065934065934067,-1.236482149251118,True,0,0,0,False,,415.0,65.0,0.0,0.0,0.0,1.0,0.0
2025-02-11 14:10:00+00:00,2025-02-11,2025-02-11:1,True,3,10,True,-0.06923076923076923,0.02872601487094932,-0.8796422521707135,True,0,0,0,False,,410.0,70.0,0.0,0.0,0.0,1.0,0.0
2025-02-11 14:15:00+00:00,2025-02-11,2025-02-11:1,True,0,5,True,0.16129032258064516,0.16129032258064516,-0.3760721787893983,True,0,0,0,False,,405.0,75.0,1.0,0.0,0.0,0.0,0.0
2025-02-11 14:20:00+00:00,2025-02-11,2025-02-11:1,True,3,5,True,0.29559748427672955,0.29559748427672955,-0.9359829836671509,True,0,0,0,False,,400.0,80.0,0.0,0.0,0.0,1.0,0.0
2025-02-11 14:25:00+00:00,2025-02-11,2025-02-11:1,True,0,5,True,-0.1174785100286533,0.1174785100286533,1.2972165060477372,True,0,0,0,False,,395.0,85.0,1.0,0.0,0.0,0.0,0.0
2025-02-11 14:30:00+00:00,2025-02-11,2025-02-11:1,True,0,10,True,0.006172839506172839,0.004289662521476589,0.36395088022665817,True,0,0,0,False,,390.0,90.0,1.0,0.0,0.0,0.0,0.0
2025-02-11 14:35:00+00:00,2025-02-11,2025-02-11:1,True,0,15,True,0.11572700296735905,0.11572700296735905,-0.3730019232958787,True,0,0,0,False,,385.0,95.0,1.0,0.0,0.0,0.0,0.0
2025-02-11 14:40:00+00:00,2025-02-11,2025-02-11:1,True,0,20,True,0.20915032679738563,0.14177163384982644,0.3888357096749142,True,0,0,0,False,,380.0,100.0,1.0,0.0,0.0,0.0,0.0
2025-02-11 14:45:00+00:00,2025-02-11,2025-02-11:1,True,1,5,True,-0.031141868512110725,0.031141868512110725,1.7129804691230381,True,0,0,0,False,,375.0,105.0,0.0,1.0,0.0,0.0,0.0
2025-02-11 14:50:00+00:00,2025-02-11,2025-02-11:1,True,1,10,True,-0.07964601769911504,0.07964601769911504,0.3837077130403405,True,0,0,0,False,,370.0,110.0,0.0,1.0,0.0,0.0,0.0
2025-02-11 14:55:00+00:00,2025-02-11,2025-02-11:1,True,0,5,True,0.08771929824561403,0.08771929824561403,-0.9649041010666429,True,0,0,0,False,,365.0,115.0,1.0,0.0,0.0,0.0,0.0
2025-02-11 15:00:00+00:00,2025-02-11,2025-02-11:1,True,0,10,True,0.2747875354107649,0.2747875354107649,0.0,True,0,0,0,False,,360.0,120.0,1.0,0.0,0.0,0.0,0.0
2025-02-11 15:05:00+00:00,2025-02-11,2025-02-11:1,True,0,15,True,-0.2608695652173913,0.02281302524640712,-2.4366888767033537,True,0,0,0,True,-1.8162006561096278,355.0,125.0,1.0,0.0,0.0,0.0,0.0
2025-02-11 15:10:00+00:00,2025-02-11,2025-02-11:1,True,0,20,True,-0.19063545150501673,0.19063545150501673,1.666307136666688,True,0,0,0,True,1.1444386979854713,350.0,130.0,1.0,0.0,0.0,0.0,0.0
2025-02-11 15:15:00+00:00,2025-02-11,2025-02-11:1,True,0,25,True,-0.1393188854489164,0.1393188854489164,0.0,True,0,0,0,True,-0.726286566736488,345.0,135.0,1.0,0.0,0.0,0.0,0.0
2025-02-11 15:20:00+00:00,2025-02-11,2025-02-11:1,True,0,30,True,-0.33746130030959753,0.33746130030959753,0.0,True,0,0,0,True,-0.41259987352886573,340.0,140.0,1.0,0.0,0.0,0.0,0.0
2025-02-11 15:25:00+00:00,2025-02-11,2025-02-11:1,True,0,35,True,0.1111111111111111,0.07926278590930882,0.33776196550678006,True,0,0,0,True,1.510517430174199,335.0,145.0,1.0,0.0,0.0,0.0,0.0
2025-02-11 15:30:00+00:00,2025-02-11,2025-02-11:1,True,3,5,True,-0.17737789203084833,0.00018519157889831822,-6.864646868076271,True,0,0,0,True,-16.459465518800304,330.0,150.0,0.0,0.0,0.0,1.0,0.0
2025-02-11 15:35:00+00:00,2025-02-11,2025-02-11:1,True,0,5,True,-0.04180064308681672,0.04180064308681672,0.43367039297141763,True,0,0,0,True,-0.07581359960834096,325.0,155.0,1.0,0.0,0.0,0.0,0.0
2025-02-11 15:40:00+00:00,2025-02-11,2025-02-11:1,True,3,5,True,-0.16666666666666666,0.11608292223925033,-0.36169102713896795,True,0,0,0,True,-0.09385613213670176,320.0,160.0,0.0,0.0,0.0,1.0,0.0
2025-02-11 15:45:00+00:00,2025-02-11,2025-02-11:1,True,4,5,True,-0.19879518072289157,0.19879518072289157,0.7254115418859188,True,1,0,0,True,0.5668738195503632,315.0,165.0,0.0,0.0,0.0,0.0,1.0
2025-02-11 15:50:00+00:00,2025-02-11,2025-02-11:1,True,4,10,True,-0.20622568093385213,0.20622568093385213,0.0,True,1,0,0,True,0.22570331216796358,310.0,170.0,0.0,0.0,0.0,0.0,1.0
2025-02-11 15:55:00+00:00,2025-02-11,2025-02-11:1,True,3,5,True,0.10227272727272728,0.10227272727272728,-0.5785260844767571,True,1,0,0,True,-0.4851088693672108,305.0,175.0,0.0,0.0,0.0,1.0,0.0
2025-02-11 16:00:00+00:00,2025-02-11,2025-02-11:1,True,0,5,True,-0.19594594594594594,0.19594594594594594,1.216884171404361,True,1,0,0,True,0.7941973336216213,300.0,180.0,1.0,0.0,0.0,0.0,0.0
2025-02-11 16:05:00+00:00,2025-02-11,2025-02-11:1,True,0,10,True,0.009174311926605505,0.009174311926605505,-0.698144150903311,True,1,0,0,True,-0.7880870095300648,295.0,185.0,1.0,0.0,0.0,0.0,0.0
2025-02-11 16:10:00+00:00,2025-02-11,2025-02-11:1,True,0,15,True,-0.01858736059479554,0.01858736059479554,0.14167220605637385,True,0,0,0,True,-0.31678868326530973,290.0,190.0,1.0,0.0,0.0,0.0,0.0
2025-02-11 16:15:00+00:00,2025-02-11,2025-02-11:1,True,0,20,True,0.2348993288590604,0.20388601253941255,0.1415959589092748,True,0,0,0,True,-0.2553511696307096,285.0,195.0,1.0,0.0,0.0,0.0,0.0
2025-02-11 16:20:00+00:00,2025-02-11,2025-02-11:1,True,0,25,True,-0.10299003322259136,0.10299003322259136,0.21235710819558987,True,0,0,0,True,0.6072059165560071,280.0,200.0,1.0,0.0,0.0,0.0,0.0
2025-02-11 16:25:00+00:00,2025-02-11,2025-02-11:1,True,0,30,True,-0.016611295681063124,0.012528178160760663,-0.28210256651423204,True,0,0,0,True,-0.17876993165523686,275.0,205.0,1.0,0.0,0.0,0.0,0.0
2025-02-11 16:30:00+00:00,2025-02-11,2025-02-11:1,True,0,35,True,0.11239193083573487,0.03941207743509824,1.0479198419472069,True,0,0,0,True,0.15621466677086762,270.0,210.0,1.0,0.0,0.0,0.0,0.0
2025-02-11 16:35:00+00:00,2025-02-11,2025-02-11:1,True,2,5,True,0.3,0.3,-0.14516865148324376,True,0,0,0,True,-0.2965643561472543,265.0,215.0,0.0,0.0,1.0,0.0,0.0
2025-02-11 16:40:00+00:00,2025-02-11,2025-02-11:1,True,1,5,True,0.32951289398280803,0.06751796757619916,1.5852217363717056,True,0,0,0,True,0.0,260.0,220.0,0.0,1.0,0.0,0.0,0.0
2025-02-11 16:45:00+00:00,2025-02-11,2025-02-11:1,True,1,10,True,-0.28450704225352114,0.28450704225352114,0.804466507677418,True,0,0,0,True,0.5996139322639906,255.0,225.0,0.0,1.0,0.0,0.0,0.0
2025-02-11 16:50:00+00:00,2025-02-11,2025-02-11:1,True,1,15,True,-0.07913669064748201,0.07913669064748201,0.8273444700120997,True,0,0,0,True,0.0,250.0,230.0,0.0,1.0,0.0,0.0,0.0
2025-02-11 16:55:00+00:00,2025-02-11,2025-02-11:1,True,1,20,True,-0.08045977011494253,0.08045977011494253,1.1203637025071038,True,0,0,0,True,0.2248015693216406,245.0,235.0,0.0,1.0,0.0,0.0,0.0
2025-02-11 17:00:00+00:00,2025-02-11,2025-02-11:1,True,2,5,True,0.009009009009009009,0.009009009009009009,-0.27894578045522667,True,0,0,0,True,1.247483454271011,240.0,240.0,0.0,0.0,1.0,0.0,0.0
2025-02-11 17:05:00+00:00,2025-02-11,2025-02-11:1,True,2,10,True,0.04065040650406504,0.04065040650406504,-2.3543410547101353,True,0,0,0,True,-1.3161166601380714,235.0,245.0,0.0,0.0,1.0,0.0,0.0
2025-02-11 17:10:00+00:00,2025-02-11,2025-02-11:1,True,0,5,True,-0.0457516339869281,0.033401874236395596,-0.3146154933745965,True,0,0,0,True,-0.7035016299602325,230.0,250.0,1.0,0.0,0.0,0.0,0.0
2025-02-11 17:15:00+00:00,2025-02-11,2025-02-11:1,True,0,10,True,-0.04516129032258064,0.023873472431413533,-0.637472408728664,True,0,0,0,True,-0.35635790992394933,225.0,255.0,1.0,0.0,0.0,0.0,0.0
2025-02-11 17:20:00+00:00,2025-02-11,2025-02-11:1,True,3,5,True,0.12544802867383512,0.12544802867383512,-1.1012889563613983,True,0,0,0,True,0.7035877055119676,220.0,260.0,0.0,0.0,0.0,1.0,0.0
2025-02-11 17:25:00+00:00,2025-02-11,2025-02-11:1,True,4,5,True,0.011363636363636364,0.002377536661795469,1.5643535288718624,True,0,0,0,True,0.27343122695941163,215.0,265.0,0.0,0.0,0.0,0.0,1.0
2025-02-11 17:30:00+00:00,2025-02-11,2025-02-11:1,True,4,10,True,0.058823529411764705,0.058823529411764705,0.0,True,0,0,0,True,0.269756884197582,210.0,270.0,0.0,0.0,0.0,0.0,1.0
2025-02-11 17:35:00+00:00,2025-02-11,2025-02-11:1,True,0,5,True,-0.07246376811594203,0.07246376811594203,0.6549138841674916,True,0,0,0,True,-0.5420061807851806,205.0,275.0,1.0,0.0,0.0,0.0,0.0
2025-02-11 17:40:00+00:00,2025-02-11,2025-02-11:1,True,0,10,True,0.4810126582278481,0.4810126582278481,-0.37314860842095743,True,0,0,0,True,0.0,200.0,280.0,1.0,0.0,0.0,0.0,0.0
2025-02-11 17:45:00+00:00,2025-02-11,2025-02-11:1,True,0,15,True,-0.18518518518518517,0.18518518518518517,0.5501758434740978,True,0,0,0,True,-1.858571817914031,195.0,285.0,1.0,0.0,0.0,0.0,0.0
2025-02-11 17:50:00+00:00,2025-02-11,2025-02-11:1,True,1,5,True,-0.1167192429022082,0.1167192429022082,0.7372012924152587,True,0,0,0,True,0.22113413920676955,190.0,290.0,0.0,1.0,0.0,0.0,0.0
2025-02-11 17:55:00+00:00,2025-02-11,2025-02-11:1,True,1,10,True,-0.2744479495268139,0.2744479495268139,0.18423404470996677,True,0,0,0,True,-0.6017126827687976,185.0,295.0,0.0,1.0,0.0,0.0,0.0
2025-02-11 18:00:00+00:00,2025-02-11,2025-02-11:1,True,1,15,True,0.205,0.16897476749723433,0.1932605801124911,True,0,0,0,True,-0.86428758900392,180.0,300.0,0.0,1.0,0.0,0.0,0.0
2025-02-11 18:05:00+00:00,2025-02-11,2025-02-11:1,True,0,5,True,0.12605042016806722,0.12605042016806722,-0.9966552740179885,True,0,0,0,True,-0.8914355771361744,175.0,305.0,1.0,0.0,0.0,0.0,0.0
2025-02-11 18:10:00+00:00,2025-02-11,2025-02-11:1,True,0,10,True,0.006993006993006993,0.006993006993006993,-0.7978617110234462,True,0,0,0,True,-0.9422870223010238,170.0,310.0,1.0,0.0,0.0,0.0,0.0
2025-02-11 18:15:00+00:00,2025-02-11,2025-02-11:1,True,0,15,True,-0.021021021021021023,0.021021021021021023,1.3048338146533747,True,0,0,0,True,-0.41681387270041975,165.0,315.0,1.0,0.0,0.0,0.0,0.0
2025-02-11 18:20:00+00:00,2025-02-11,2025-02-11:1,True,0,20,True,-0.051194539249146756,0.051194539249146756,1.4229389835825261,True,0,0,0,True,-0.7954470737803986,160.0,320.0,1.0,0.0,0.0,0.0,0.0
2025-02-11 18:25:00+00:00,2025-02-11,2025-02-11:1,True,0,25,True,-0.03289473684210526,0.024253251423636647,-0.30476198284907563,True,0,0,0,True,-1.039275656803432,155.0,325.0,1.0,0.0,0.0,0.0,0.0
2025-02-11 18:30:00+00:00,2025-02-11,2025-02-11:1,True,0,30,True,0.019011406844106463,0.019011406844106463,-0.7251959727923731,True,0,0,0,True,0.29043940069375035,150.0,330.0,1.0,0.0,0.0,0.0,0.0
2025-02-11 18:35:00+00:00,2025-02-11,2025-02-11:1,True,0,35,True,0.26900584795321636,0.26900584795321636,-0.5716593118264234,True,0,0,0,True,-0.6391345406082243,145.0,335.0,1.0,0.0,0.0,0.0,0.0
2025-02-11 18:40:00+00:00,2025-02-11,2025-02-11:1,True,0,40,True,-0.003952569169960474,0.003952569169960474,0.0,True,0,0,0,True,0.6503765097940511,140.0,340.0,1.0,0.0,0.0,0.0,0.0
2025-02-11 18:45:00+00:00,2025-02-11,2025-02-11:1,True,3,5,True,-0.20526315789473684,0.0368236302212515,-1.718153088273342,True,0,0,0,True,-0.640317850188095,135.0,345.0,0.0,0.0,0.0,1.0,0.0
2025-02-11 18:50:00+00:00,2025-02-11,2025-02-11:1,True,4,5,True,-0.11294765840220386,0.09772109669377264,-0.14480704227705343,True,0,0,0,True,0.5220654461420571,130.0,350.0,0.0,0.0,0.0,0.0,1.0
2025-02-11 18:55:00+00:00,2025-02-11,2025-02-11:1,True,4,10,True,-0.1289198606271777,0.1289198606271777,0.7183976415942072,True,1,0,0,True,-0.523687249442864,125.0,355.0,0.0,0.0,0.0,0.0,1.0
2025-02-11 19:00:00+00:00,2025-02-11,2025-02-11:1,True,3,5,True,-0.10666666666666667,0.04004488361293753,-0.9797077917610948,True,0,1,1,True,0.12980466948803587,120.0,360.0,0.0,0.0,0.0,1.0,0.0
2025-02-11 19:05:00+00:00,2025-02-11,2025-02-11:1,True,0,5,True,-0.11949685534591195,0.11949685534591195,1.4896805948895266,True,0,0,1,True,0.0,115.0,365.0,1.0,0.0,0.0,0.0,0.0
2025-02-11 19:10:00+00:00,2025-02-11,2025-02-11:1,True,0,10,True,0.17845117845117844,0.157010432714185,0.1280028001821601,True,0,0,1,True,0.5724459250352649,110.0,370.0,1.0,0.0,0.0,0.0,0.0
2025-02-11 19:15:00+00:00,2025-02-11,2025-02-11:1,True,0,15,True,-0.16293929712460065,0.16293929712460065,0.25348394881851344,True,0,0,1,True,0.0,105.0,375.0,1.0,0.0,0.0,0.0,0.0
2025-02-11 19:20:00+00:00,2025-02-11,2025-02-11:1,True,1,5,True,0.11705685618729098,0.04387364064954435,0.9813460681213648,True,0,0,1,True,0.27429456472202357,100.0,380.0,0.0,1.0,0.0,0.0,0.0
2025-02-11 19:25:00+00:00,2025-02-11,2025-02-11:1,True,0,5,True,-0.3446327683615819,0.13470832885387923,-0.9393674964571165,True,0,0,1,True,0.0,95.0,385.0,1.0,0.0,0.0,0.0,0.0
2025-02-11 19:30:00+00:00,2025-02-11,2025-02-11:1,True,1,5,True,0.17834394904458598,0.05943180211372109,1.0988845115901704,True,0,0,1,True,0.6142951168351921,90.0,390.0,0.0,1.0,0.0,0.0,0.0
2025-02-11 19:35:00+00:00,2025-02-11,2025-02-11:1,True,0,5,True,0.029508196721311476,0.029508196721311476,-0.55185947144506,True,0,0,1,True,0.0,85.0,395.0,1.0,0.0,0.0,0.0,0.0
2025-02-11 19:40:00+00:00,2025-02-11,2025-02-11:1,True,0,10,True,0.009900990099009901,0.009900990099009901,0.0,True,0,0,1,True,0.9338822163880574,80.0,400.0,1.0,0.0,0.0,0.0,0.0
2025-02-11 19:45:00+00:00,2025-02-11,2025-02-11:1,True,0,15,True,-0.1791044776119403,0.1791044776119403,0.14272760635508538,True,0,0,1,True,-0.6595078782440362,75.0,405.0,1.0,0.0,0.0,0.0,0.0
2025-02-11 19:50:00+00:00,2025-02-11,2025-02-11:1,True,0,20,True,-0.09657320872274143,0.0629936194814637,-0.4272679171467096,True,0,0,1,True,-0.3184667024482636,70.0,410.0,1.0,0.0,0.0,0.0,0.0
2025-02-11 19:55:00+00:00,2025-02-11,2025-02-11:1,True,0,25,True,0.06563706563706563,0.06563706563706563,-0.5738153353350494,True,0,0,1,True,0.6720213014160389,65.0,415.0,1.0,0.0,0.0,0.0,0.0
2025-02-11 20:00:00+00:00,2025-02-11,2025-02-11:1,True,0,30,True,0.06442577030812324,0.020006215856463436,1.1694706950405698,True,0,0,1,True,-0.8528472928352995,60.0,420.0,1.0,0.0,0.0,0.0,0.0
2025-02-11 20:05:00+00:00,2025-02-11,2025-02-11:1,True,1,5,True,-0.039473684210526314,0.039473684210526314,1.8998984141210733,True,0,0,1,True,-0.6069002863305131,55.0,425.0,0.0,1.0,0.0,0.0,0.0
2025-02-11 20:10:00+00:00,2025-02-11,2025-02-11:1,True,1,10,True,-0.03954802259887006,0.03954802259887006,0.28453973963616636,True,0,0,1,True,0.07112265859318809,50.0,430.0,0.0,1.0,0.0,0.0,0.0
2025-02-11 20:15:00+00:00,2025-02-11,2025-02-11:1,True,0,5,True,-0.12052117263843648,0.0496300033046936,-0.8872298878532041,True,0,0,1,True,-2.027907884196355,45.0,435.0,1.0,0.0,0.0,0.0,0.0
2025-02-11 20:20:00+00:00,2025-02-11,2025-02-11:1,True,1,5,True,0.020134228187919462,0.0054781838152710505,1.3016476362477745,True,0,0,1,True,-0.02218656783701227,40.0,440.0,0.0,1.0,0.0,0.0,0.0
2025-02-11 20:25:00+00:00,2025-02-11,2025-02-11:1,True,1,10,True,0.21643835616438356,0.026269992105037315,2.1088784747007705,True,0,0,1,True,-0.36271973398823076,35.0,445.0,0.0,1.0,0.0,0.0,0.0
2025-02-11 20:30:00+00:00,2025-02-11,2025-02-11:1,True,2,5,True,-0.21588089330024815,0.21588089330024815,0.0,True,0,0,1,True,0.7250048161024798,30.0,450.0,0.0,0.0,1.0,0.0,0.0
2025-02-11 20:35:00+00:00,2025-02-11,2025-02-11:1,True,1,5,True,-0.09803921568627451,0.09803921568627451,0.9920335989347635,True,0,0,1,True,0.0,25.0,455.0,0.0,1.0,0.0,0.0,0.0
2025-02-11 20:40:00+00:00,2025-02-11,2025-02-11:1,True,1,10,True,-0.053824362606232294,0.053824362606232294,0.33335949251165126,True,0,0,1,True,-1.456570250676908,20.0,460.0,0.0,1.0,0.0,0.0,0.0
2025-02-11 20:45:00+00:00,2025-02-11,2025-02-11:1,True,2,5,True,0.16766467065868262,0.16766467065868262,-0.668927540435706,True,0,0,1,True,-0.7478837262190517,15.0,465.0,0.0,0.0,1.0,0.0,0.0
2025-02-11 20:50:00+00:00,2025-02-11,2025-02-11:1,True,1,5,True,-0.14376996805111822,0.14376996805111822,0.6731957447890343,True,0,0,1,True,0.0,10.0,470.0,0.0,1.0,0.0,0.0,0.0
2025-02-11 20:55:00+00:00,2025-02-11,2025-02-11:1,True,1,10,True,0.05128205128205128,0.025835018224922797,0.6856099462381664,True,0,0,1,True,0.0,5.0,475.0,0.0,1.0,0.0,0.0,0.0
2025-02-11 21:00:00+00:00,2025-02-11,2025-02-11:1,True,2,5,True,0.14864864864864866,0.14864864864864866,0.0,True,0,0,1,True,0.7757315136312205,0.0,480.0,0.0,0.0,1.0,0.0,0.0
2025-02-12 13:00:00+00:00,2025-02-12,2025-02-12:1,False,-1,0,False,,,,False,0,0,0,False,,480.0,0.0,,,,,
2025-02-12 13:05:00+00:00,2025-02-12,2025-02-12:1,False,-1,0,True,-0.16560509554140126,,,False,0,0,0,False,,475.0,5.0,,,,,
2025-02-12 13:10:00+00:00,2025-02-12,2025-02-12:1,False,-1,0,True,0.015151515151515152,,,False,0,0,0,False,,470.0,10.0,,,,,
2025-02-12 13:15:00+00:00,2025-02-12,2025-02-12:1,False,-1,0,True,-0.18181818181818182,,,False,0,0,0,False,,465.0,15.0,,,,,
2025-02-12 13:20:00+00:00,2025-02-12,2025-02-12:1,False,-1,0,True,0.27672955974842767,,,False,0,0,0,False,,460.0,20.0,,,,,
2025-02-12 13:25:00+00:00,2025-02-12,2025-02-12:1,False,-1,0,True,-0.23943661971830985,,,False,0,0,0,False,,455.0,25.0,,,,,
2025-02-12 13:30:00+00:00,2025-02-12,2025-02-12:1,False,-1,0,True,-0.24433249370277077,,,False,0,0,0,False,,450.0,30.0,,,,,
2025-02-12 13:35:00+00:00,2025-02-12,2025-02-12:1,False,-1,0,True,0.30113636363636365,,,False,0,0,0,False,,445.0,35.0,,,,,
2025-02-12 13:40:00+00:00,2025-02-12,2025-02-12:1,False,-1,0,True,-0.11274509803921569,,,False,0,0,0,False,,440.0,40.0,,,,,
2025-02-12 13:45:00+00:00,2025-02-12,2025-02-12:1,False,-1,0,True,0.0027100271002710027,,,False,0,0,0,False,,435.0,45.0,,,,,
2025-02-12 13:50:00+00:00,2025-02-12,2025-02-12:1,False,-1,0,True,-0.24307692307692308,,,False,0,0,0,False,,430.0,50.0,,,,,
2025-02-12 13:55:00+00:00,2025-02-12,2025-02-12:1,False,-1,0,True,0.059190031152647975,,,False,0,0,0,False,,425.0,55.0,,,,,
2025-02-12 14:00:00+00:00,2025-02-12,2025-02-12:1,False,-1,0,True,0.10106382978723404,,,False,0,0,0,False,,420.0,60.0,,,,,
2025-02-12 14:05:00+00:00,2025-02-12,2025-02-12:1,True,2,5,True,-0.0778816199376947,0.05796126567076189,-0.29541502653659657,True,0,0,0,False,,415.0,65.0,0.0,0.0,1.0,0.0,0.0
2025-02-12 14:10:00+00:00,2025-02-12,2025-02-12:1,True,0,5,True,0.05921052631578947,0.02889123061344384,0.7175612253817983,True,0,0,0,False,,410.0,70.0,1.0,0.0,0.0,0.0,0.0
2025-02-12 14:15:00+00:00,2025-02-12,2025-02-12:1,True,0,10,True,0.1864406779661017,0.13852942061917156,0.29703038156290146,True,0,0,0,False,,405.0,75.0,1.0,0.0,0.0,0.0,0.0
2025-02-12 14:20:00+00:00,2025-02-12,2025-02-12:1,True,1,5,True,-0.10714285714285714,0.10714285714285714,0.6881129375429013,True,0,0,0,False,,400.0,80.0,0.0,1.0,0.0,0.0,0.0
2025-02-12 14:25:00+00:00,2025-02-12,2025-02-12:1,True,1,10,True,0.25748502994011974,0.1530630969147537,0.520111347743603,True,0,0,0,False,,395.0,85.0,0.0,1.0,0.0,0.0,0.0
2025-02-12 14:30:00+00:00,2025-02-12,2025-02-12:1,True,0,5,True,0.04659498207885305,0.04659498207885305,-0.8845865524067508,True,0,0,0,False,,390.0,90.0,1.0,0.0,0.0,0.0,0.0
2025-02-12 14:35:00+00:00,2025-02-12,2025-02-12:1,True,0,10,True,-0.19594594594594594,0.19594594594594594,0.0,True,0,0,0,False,,385.0,95.0,1.0,0.0,0.0,0.0,0.0
2025-02-12 14:40:00+00:00,2025-02-12,2025-02-12:1,True,0,15,True,0.17365269461077845,0.08293699623127304,0.7389760585544644,True,0,0,0,False,,380.0,100.0,1.0,0.0,0.0,0.0,0.0
2025-02-12 14:45:00+00:00,2025-02-12,2025-02-12:1,True,0,20,True,0.009174311926605505,0.007521338821143126,0.1986632399110666,True,0,0,0,False,,375.0,105.0,1.0,0.0,0.0,0.0,0.0
2025-02-12 14:50:00+00:00,2025-02-12,2025-02-12:1,True,0,25,True,0.10191082802547771,0.056285502029803314,0.5936612066822038,True,0,0,0,False,,370.0,110.0,1.0,0.0,0.0,0.0,0.0
2025-02-12 14:55:00+00:00,2025-02-12,2025-02-12:1,True,0,30,True,-0.060498220640569395,0.026363810665200244,-0.8306216921056837,True,0,0,0,False,,365.0,115.0,1.0,0.0,0.0,0.0,0.0
2025-02-12 15:00:00+00:00,2025-02-12,2025-02-12:1,True,1,5,True,0.33534743202416917,0.022631400472914797,2.695828761507845,True,0,0,0,False,,360.0,120.0,0.0,1.0,0.0,0.0,0.0
2025-02-12 15:05:00+00:00,2025-02-12,2025-02-12:1,True,2,5,True,-0.3,0.20011729792531374,-0.4048787903994214,True,0,0,0,True,0.9053364979809956,355.0,125.0,0.0,0.0,1.0,0.0,0.0
2025-02-12 15:10:00+00:00,2025-02-12,2025-02-12:1,True,2,10,True,0.22395833333333334,0.22395833333333334,-0.4263603753296774,True,0,0,0,True,-1.906741564298966,350.0,130.0,0.0,0.0,1.0,0.0,0.0
2025-02-12 15:15:00+00:00,2025-02-12,2025-02-12:1,True,0,5,True,0.11538461538461539,0.11538461538461539,-1.5197361082877945,True,0,0,0,True,-1.1603776687674738,345.0,135.0,1.0,0.0,0.0,0.0,0.0
2025-02-12 15:20:00+00:00,2025-02-12,2025-02-12:1,True,0,10,True,0.10843373493975904,0.018220681269444785,1.7835819660912455,True,0,0,0,True,1.5952842078495535,340.0,140.0,1.0,0.0,0.0,0.0,0.0
2025-02-12 15:25:00+00:00,2025-02-12,2025-02-12:1,True,1,5,True,-0.07255520504731862,0.07255520504731862,1.3799223084680836,True,0,0,0,True,1.542800042700438,335.0,145.0,0.0,1.0,0.0,0.0,0.0
2025-02-12 15:30:00+00:00,2025-02-12,2025-02-12:1,True,0,5,True,-0.10817941952506596,0.10817941952506596,0.3388901095444438,True,0,0,0,True,3.308725347906123,330.0,150.0,1.0,0.0,0.0,0.0,0.0
2025-02-12 15:35:00+00:00,2025-02-12,2025-02-12:1,True,0,10,True,0.0064516129032258064,0.0064516129032258064,-1.6284301369845455,True,0,0,0,True,0.4482045411077607,325.0,155.0,1.0,0.0,0.0,0.0,0.0
2025-02-12 15:40:00+00:00,2025-02-12,2025-02-12:1,True,0,15,True,-0.05454545454545454,0.020565911285858635,-0.9753994692513831,True,0,0,0,True,0.0,320.0,160.0,1.0,0.0,0.0,0.0,0.0
2025-02-12 15:45:00+00:00,2025-02-12,2025-02-12:1,True,0,20,True,0.10179640718562874,0.05836543133511468,0.5562510252399074,True,0,0,0,True,1.2438151049903843,315.0,165.0,1.0,0.0,0.0,0.0,0.0
2025-02-12 15:50:00+00:00,2025-02-12,2025-02-12:1,True,0,25,True,0.20454545454545456,0.20454545454545456,-0.8179204954326,True,0,0,0,True,-0.6096419426603552,310.0,170.0,1.0,0.0,0.0,0.0,0.0
2025-02-12 15:55:00+00:00,2025-02-12,2025-02-12:1,True,4,5,True,-0.16825396825396827,0.14676400601955966,-0.13664865819479557,True,0,0,0,True,0.3055556887576966,305.0,175.0,0.0,0.0,0.0,0.0,1.0
2025-02-12 16:00:00+00:00,2025-02-12,2025-02-12:1,True,3,5,True,0.19218241042345277,0.19218241042345277,-0.6913221289274427,True,0,0,0,True,-0.42639563037974354,300.0,180.0,0.0,0.0,0.0,1.0,0.0
2025-02-12 16:05:00+00:00,2025-02-12,2025-02-12:1,True,0,5,True,0.006289308176100629,0.0018957293843149836,1.199247412907617,True,0,0,0,True,-0.1646896841801171,295.0,185.0,1.0,0.0,0.0,0.0,0.0
2025-02-12 16:10:00+00:00,2025-02-12,2025-02-12:1,True,0,10,True,-0.18900343642611683,0.05722914154171253,-1.1947019608794176,True,0,0,0,True,-1.9559168484458163,290.0,190.0,1.0,0.0,0.0,0.0,0.0
2025-02-12 16:15:00+00:00,2025-02-12,2025-02-12:1,True,0,15,True,0.1524163568773234,0.1524163568773234,-0.26038093867301815,True,0,0,0,True,-1.1644589578344902,285.0,195.0,1.0,0.0,0.0,0.0,0.0
2025-02-12 16:20:00+00:00,2025-02-12,2025-02-12:1,True,0,20,True,-0.051470588235294115,0.03963258726940246,-0.2613588516029562,True,0,0,0,True,0.7439944754980231,280.0,200.0,1.0,0.0,0.0,0.0,0.0
2025-02-12 16:25:00+00:00,2025-02-12,2025-02-12:1,True,0,25,True,0.08206686930091185,0.055939475796194904,0.3832640773135878,True,0,0,0,True,-0.2856681767350978,275.0,205.0,1.0,0.0,0.0,0.0,0.0
2025-02-12 16:30:00+00:00,2025-02-12,2025-02-12:1,True,0,30,True,-0.2441860465116279,0.18793227004303634,-0.2618487882619214,True,0,0,0,True,0.585511690377941,270.0,210.0,1.0,0.0,0.0,0.0,0.0
2025-02-12 16:35:00+00:00,2025-02-12,2025-02-12:1,True,3,5,True,0.07792207792207792,0.07792207792207792,-2.359153574920586,True,0,0,0,True,-0.38718388565446316,265.0,215.0,0.0,0.0,0.0,1.0,0.0
2025-02-12 16:40:00+00:00,2025-02-12,2025-02-12:1,True,4,5,True,0.19519519519519518,0.14572746843529583,0.29226183611246825,True,1,0,0,True,-0.6535173327745245,260.0,220.0,0.0,0.0,0.0,0.0,1.0
2025-02-12 16:45:00+00:00,2025-02-12,2025-02-12:1,True,4,10,True,0.09090909090909091,0.09090909090909091,0.0,True,1,0,0,True,-1.3098823251694944,255.0,225.0,0.0,0.0,0.0,0.0,1.0
2025-02-12 16:50:00+00:00,2025-02-12,2025-02-12:1,True,3,5,True,0.18055555555555555,0.18055555555555555,-1.171168708378616,True,0,1,1,True,0.0,250.0,230.0,0.0,0.0,0.0,1.0,0.0
2025-02-12 16:55:00+00:00,2025-02-12,2025-02-12:1,True,4,5,True,-0.015015015015015015,0.015015015015015015,0.0,True,0,0,1,True,0.13590784066704167,245.0,235.0,0.0,0.0,0.0,0.0,1.0
2025-02-12 17:00:00+00:00,2025-02-12,2025-02-12:1,True,4,10,True,0.10236220472440945,0.07713760509942552,0.2829266438442474,True,1,0,1,True,-0.7943894238159234,240.0,240.0,0.0,0.0,0.0,0.0,1.0
2025-02-12 17:05:00+00:00,2025-02-12,2025-02-12:1,True,0,5,True,-0.0711864406779661,0.0711864406779661,0.29483412568495676,True,1,0,1,True,-0.16493704103377205,235.0,245.0,1.0,0.0,0.0,0.0,0.0
2025-02-12 17:10:00+00:00,2025-02-12,2025-02-12:1,True,0,10,True,0.3120567375886525,0.3120567375886525,0.0,True,1,0,1,True,1.4876434441953528,230.0,250.0,1.0,0.0,0.0,0.0,0.0
2025-02-12 17:15:00+00:00,2025-02-12,2025-02-12:1,True,0,15,True,-0.037800687285223365,0.015049913959638422,-0.920955010398019,True,0,1,2,True,0.6864393358223484,225.0,255.0,1.0,0.0,0.0,0.0,0.0
2025-02-12 17:20:00+00:00,2025-02-12,2025-02-12:1,True,0,20,True,0.0,0.0,1.5790493104325005,True,0,0,2,True,0.887923440161108,220.0,260.0,1.0,0.0,0.0,0.0,0.0
2025-02-12 17:25:00+00:00,2025-02-12,2025-02-12:1,True,0,25,True,-0.05956112852664577,0.021998225492011962,-0.9960413647125674,True,0,0,2,True,-0.18878948177024552,215.0,265.0,1.0,0.0,0.0,0.0,0.0
2025-02-12 17:30:00+00:00,2025-02-12,2025-02-12:1,True,0,30,True,-0.1488095238095238,0.05649390098992831,-0.968534439202304,True,0,0,2,True,0.36095147410270795,210.0,270.0,1.0,0.0,0.0,0.0,0.0
2025-02-12 17:35:00+00:00,2025-02-12,2025-02-12:1,True,0,35,True,0.07894736842105263,0.07894736842105263,-0.34980612871705746,True,0,0,2,True,0.0,205.0,275.0,1.0,0.0,0.0,0.0,0.0
2025-02-12 17:40:00+00:00,2025-02-12,2025-02-12:1,True,3,5,True,0.02403846153846154,0.02403846153846154,-2.0853647037849234,True,0,0,2,True,-0.7771695392584396,200.0,280.0,0.0,0.0,0.0,1.0,0.0
2025-02-12 17:45:00+00:00,2025-02-12,2025-02-12:1,True,3,10,True,0.23733333333333334,0.23733333333333334,-1.0426823518914603,True,0,0,2,True,-0.14615865719195556,195.0,285.0,0.0,0.0,0.0,1.0,0.0
2025-02-12 17:50:00+00:00,2025-02-12,2025-02-12:1,True,4,5,True,-0.12138728323699421,0.12138728323699421,0.0,True,0,0,2,True,-0.6418151228544831,190.0,290.0,0.0,0.0,0.0,0.0,1.0
2025-02-12 17:55:00+00:00,2025-02-12,2025-02-12:1,True,4,10,True,-0.07913669064748201,0.05465674041623898,-0.37010407373268883,True,0,0,2,True,-0.8275778676158867,185.0,295.0,0.0,0.0,0.0,0.0,1.0
2025-02-12 18:00:00+00:00,2025-02-12,2025-02-12:1,True,4,15,True,-0.11413043478260869,0.11413043478260869,1.7482213758866152,True,1,0,2,True,1.2636338571063728,180.0,300.0,0.0,0.0,0.0,0.0,1.0
2025-02-12 18:05:00+00:00,2025-02-12,2025-02-12:1,True,0,5,True,0.11688311688311688,0.083624245656344,0.33484093660890557,True,1,0,2,True,-1.3735005025803702,175.0,305.0,1.0,0.0,0.0,0.0,0.0
2025-02-12 18:10:00+00:00,2025-02-12,2025-02-12:1,True,0,10,True,0.036065573770491806,0.036065573770491806,-0.5085723980640355,True,1,0,2,True,-0.5719438936655228,170.0,310.0,1.0,0.0,0.0,0.0,0.0
2025-02-12 18:15:00+00:00,2025-02-12,2025-02-12:1,True,0,15,True,0.24115755627009647,0.20160653108208904,0.1791325484262256,True,1,0,2,True,1.887495128110626,165.0,315.0,1.0,0.0,0.0,0.0,0.0
2025-02-12 18:20:00+00:00,2025-02-12,2025-02-12:1,True,1,5,True,0.06802721088435375,0.028467795886959836,0.8711343056976111,True,1,0,2,True,-0.10062656435389165,160.0,320.0,0.0,1.0,0.0,0.0,0.0
2025-02-12 18:25:00+00:00,2025-02-12,2025-02-12:1,True,0,5,True,-0.13333333333333333,0.03418411044701255,-1.3610913291469982,True,0,0,2,True,-1.1413097758335249,155.0,325.0,1.0,0.0,0.0,0.0,0.0
2025-02-12 18:30:00+00:00,2025-02-12,2025-02-12:1,True,0,10,True,0.014492753623188406,0.0030263342012631215,1.56629672187088,True,0,0,2,True,1.6975719444854125,150.0,330.0,1.0,0.0,0.0,0.0,0.0
2025-02-12 18:35:00+00:00,2025-02-12,2025-02-12:1,True,0,15,True,-0.14803625377643503,0.14803625377643503,0.3216631363492173,True,0,0,2,True,0.7893940306364361,145.0,335.0,1.0,0.0,0.0,0.0,0.0
2025-02-12 18:40:00+00:00,2025-02-12,2025-02-12:1,True,0,20,True,-0.07936507936507936,0.07936507936507936,0.33032094163782405,True,0,0,2,True,0.8478634908702701,140.0,340.0,1.0,0.0,0.0,0.0,0.0
2025-02-12 18:45:00+00:00,2025-02-12,2025-02-12:1,True,0,25,True,0.07988980716253444,0.07988980716253444,-1.5931096256455726,True,0,0,2,True,-0.44384841797241376,135.0,345.0,1.0,0.0,0.0,0.0,0.0
2025-02-12 18:50:00+00:00,2025-02-12,2025-02-12:1,True,0,30,True,0.006024096385542169,0.0032279104866118707,0.6239324708961035,True,0,0,2,True,0.0,130.0,350.0,1.0,0.0,0.0,0.0,0.0
2025-02-12 18:55:00+00:00,2025-02-12,2025-02-12:1,True,0,35,True,0.053003533568904596,0.038672373486911785,0.3152331007144604,True,0,0,2,True,0.704882641955571,125.0,355.0,1.0,0.0,0.0,0.0,0.0
2025-02-12 19:00:00+00:00,2025-02-12,2025-02-12:1,True,0,40,True,0.0782608695652174,0.0782608695652174,-1.353502994169342,True,0,0,2,True,1.3451220900934395,120.0,360.0,1.0,0.0,0.0,0.0,0.0
2025-02-12 19:05:00+00:00,2025-02-12,2025-02-12:1,True,0,45,True,0.2764505119453925,0.14173159062307528,0.6680967626113817,True,0,0,2,True,-0.7469548883722333,115.0,365.0,1.0,0.0,0.0,0.0,0.0
2025-02-12 19:10:00+00:00,2025-02-12,2025-02-12:1,True,0,50,True,-0.04790419161676647,0.03444611757789295,-0.3298067144399114,True,0,0,2,True,0.0,110.0,370.0,1.0,0.0,0.0,0.0,0.0
2025-02-12 19:15:00+00:00,2025-02-12,2025-02-12:1,True,0,55,True,-0.09550561797752809,0.04907775798448178,-0.6657791347847382,True,0,0,2,True,0.0,105.0,375.0,1.0,0.0,0.0,0.0,0.0
2025-02-12 19:20:00+00:00,2025-02-12,2025-02-12:1,True,3,5,True,-0.06395348837209303,0.022741008770009032,-1.0339862265903703,True,0,0,2,True,0.7706878301507928,100.0,380.0,0.0,0.0,0.0,1.0,0.0
2025-02-12 19:25:00+00:00,2025-02-12,2025-02-12:1,True,3,10,True,0.05263157894736842,0.05263157894736842,-1.3969628602017656,True,0,0,2,True,0.0,95.0,385.0,0.0,0.0,0.0,1.0,0.0
2025-02-12 19:30:00+00:00,2025-02-12,2025-02-12:1,True,4,5,True,-0.07741935483870968,0.07741935483870968,0.7018752256306311,True,1,0,2,True,-0.7054853909360874,90.0,390.0,0.0,0.0,0.0,0.0,1.0
2025-02-12 19:35:00+00:00,2025-02-12,2025-02-12:1,True,3,5,True,0.1643835616438356,0.1643835616438356,-0.3783941898336159,True,1,0,2,True,0.0,85.0,395.0,0.0,0.0,0.0,1.0,0.0
2025-02-12 19:40:00+00:00,2025-02-12,2025-02-12:1,True,4,5,True,-0.16923076923076924,0.16923076923076924,0.0,True,1,0,2,True,0.0,80.0,400.0,0.0,0.0,0.0,0.0,1.0
2025-02-12 19:45:00+00:00,2025-02-12,2025-02-12:1,True,4,10,True,0.0,0.0,0.0,True,1,0,2,True,0.0,75.0,405.0,0.0,0.0,0.0,0.0,1.0
2025-02-12 19:50:00+00:00,2025-02-12,2025-02-12:1,True,0,5,True,-0.24471299093655588,0.24471299093655588,1.2703051655709419,True,1,0,2,True,0.8531081350980718,70.0,410.0,1.0,0.0,0.0,0.0,0.0
2025-02-12 19:55:00+00:00,2025-02-12,2025-02-12:1,True,0,10,True,-0.1246376811594203,0.08086529823871559,-0.4326261919731034,True,0,0,2,True,0.0,65.0,415.0,1.0,0.0,0.0,0.0,0.0
2025-02-12 20:00:00+00:00,2025-02-12,2025-02-12:1,True,0,15,True,-0.018867924528301886,0.011655083369291696,-0.4817209398754973,True,0,0,2,True,-0.1294512901834926,60.0,420.0,1.0,0.0,0.0,0.0,0.0
2025-02-12 20:05:00+00:00,2025-02-12,2025-02-12:1,True,0,20,True,0.310126582278481,0.310126582278481,0.0,True,0,0,2,True,0.0,55.0,425.0,1.0,0.0,0.0,0.0,0.0
2025-02-12 20:10:00+00:00,2025-02-12,2025-02-12:1,True,0,25,True,-0.10037174721189591,0.10037174721189591,0.0,True,0,0,2,True,-0.9297157521486981,50.0,430.0,1.0,0.0,0.0,0.0,0.0
2025-02-12 20:15:00+00:00,2025-02-12,2025-02-12:1,True,0,30,True,-0.18181818181818182,0.18181818181818182,0.9111833279693349,True,0,0,2,True,0.0,45.0,435.0,1.0,0.0,0.0,0.0,0.0
2025-02-12 20:20:00+00:00,2025-02-12,2025-02-12:1,True,0,35,True,0.109375,0.109375,-1.3433495209475634,True,0,0,2,True,1.001273615459228,40.0,440.0,1.0,0.0,0.0,0.0,0.0
2025-02-12 20:25:00+00:00,2025-02-12,2025-02-12:1,True,0,40,True,0.2664756446991404,0.10356987667892727,0.9450363280355303,True,0,0,2,True,-0.8633896701205235,35.0,445.0,1.0,0.0,0.0,0.0,0.0
2025-02-12 20:30:00+00:00,2025-02-12,2025-02-12:1,True,0,45,True,-0.09574468085106383,0.09574468085106383,0.0,True,0,0,2,True,-1.0658667304278946,30.0,450.0,1.0,0.0,0.0,0.0,0.0
2025-02-12 20:35:00+00:00,2025-02-12,2025-02-12:1,True,0,50,True,0.11258278145695365,0.11258278145695365,-1.4573949361791572,True,0,0,2,True,-1.0862780491191586,25.0,455.0,1.0,0.0,0.0,0.0,0.0
2025-02-12 20:40:00+00:00,2025-02-12,2025-02-12:1,True,3,5,True,-0.1095890410958904,0.04186943715968221,-0.9621812421407776,True,0,0,2,True,-2.151502664101964,20.0,460.0,0.0,0.0,0.0,1.0,0.0
2025-02-12 20:45:00+00:00,2025-02-12,2025-02-12:1,True,4,5,True,0.011933174224343675,0.00733897927546167,0.48612250182647193,True,1,0,2,True,0.7981294116060536,15.0,465.0,0.0,0.0,0.0,0.0,1.0
2025-02-12 20:50:00+00:00,2025-02-12,2025-02-12:1,True,0,5,True,-0.1048158640226629,0.1048158640226629,0.9450363280354793,True,1,0,2,True,0.678867552697149,10.0,470.0,1.0,0.0,0.0,0.0,0.0
2025-02-12 20:55:00+00:00,2025-02-12,2025-02-12:1,True,0,10,True,-0.20388349514563106,0.12760385356902404,-0.46861815763705633,True,1,0,2,True,0.37516765004158686,5.0,475.0,1.0,0.0,0.0,0.0,0.0
2025-02-12 21:00:00+00:00,2025-02-12,2025-02-12:1,True,0,15,True,0.0949367088607595,0.009756353813336867,2.275291701131619,True,1,0,2,True,1.0175413824737087,0.0,480.0,1.0,0.0,0.0,0.0,0.0
2025-02-13 13:00:00+00:00,2025-02-13,2025-02-13:1,False,-1,0,False,,,,False,0,0,0,False,,480.0,0.0,,,,,
2025-02-13 13:05:00+00:00,2025-02-13,2025-02-13:1,False,-1,0,True,0.22085889570552147,,,False,0,0,0,False,,475.0,5.0,,,,,
2025-02-13 13:10:00+00:00,2025-02-13,2025-02-13:1,False,-1,0,True,0.14285714285714285,,,False,0,0,0,False,,470.0,10.0,,,,,
2025-02-13 13:15:00+00:00,2025-02-13,2025-02-13:1,False,-1,0,True,0.13780918727915195,,,False,0,0,0,False,,465.0,15.0,,,,,
2025-02-13 13:20:00+00:00,2025-02-13,2025-02-13:1,False,-1,0,True,-0.16666666666666666,,,False,0,0,0,False,,460.0,20.0,,,,,
2025-02-13 13:25:00+00:00,2025-02-13,2025-02-13:1,False,-1,0,True,0.0763888888888889,,,False,0,0,0,False,,455.0,25.0,,,,,
2025-02-13 13:30:00+00:00,2025-02-13,2025-02-13:1,False,-1,0,True,0.291005291005291,,,False,0,0,0,False,,450.0,30.0,,,,,
2025-02-13 13:35:00+00:00,2025-02-13,2025-02-13:1,False,-1,0,True,0.24858757062146894,,,False,0,0,0,False,,445.0,35.0,,,,,
2025-02-13 13:40:00+00:00,2025-02-13,2025-02-13:1,False,-1,0,True,0.1592356687898089,,,False,0,0,0,False,,440.0,40.0,,,,,
2025-02-13 13:45:00+00:00,2025-02-13,2025-02-13:1,False,-1,0,True,0.26975476839237056,,,False,0,0,0,False,,435.0,45.0,,,,,
2025-02-13 13:50:00+00:00,2025-02-13,2025-02-13:1,False,-1,0,True,0.23076923076923078,,,False,0,0,0,False,,430.0,50.0,,,,,
2025-02-13 13:55:00+00:00,2025-02-13,2025-02-13:1,False,-1,0,True,0.0627062706270627,,,False,0,0,0,False,,425.0,55.0,,,,,
2025-02-13 14:00:00+00:00,2025-02-13,2025-02-13:1,False,-1,0,True,-0.24836601307189543,,,False,0,0,0,False,,420.0,60.0,,,,,
2025-02-13 14:05:00+00:00,2025-02-13,2025-02-13:1,True,1,5,True,0.1388888888888889,0.018983006989706473,1.9901300429430524,True,0,0,0,False,,415.0,65.0,0.0,1.0,0.0,0.0,0.0
2025-02-13 14:10:00+00:00,2025-02-13,2025-02-13:1,True,0,5,True,0.2781456953642384,0.2781456953642384,-2.2179976572152715,True,0,0,0,False,,410.0,70.0,1.0,0.0,0.0,0.0,0.0
2025-02-13 14:15:00+00:00,2025-02-13,2025-02-13:1,True,0,10,True,-0.09937888198757763,0.09937888198757763,0.0,True,0,0,0,False,,405.0,75.0,1.0,0.0,0.0,0.0,0.0
2025-02-13 14:20:00+00:00,2025-02-13,2025-02-13:1,True,0,15,True,0.0,0.0,1.1627883783824733,True,0,0,0,False,,400.0,80.0,1.0,0.0,0.0,0.0,0.0
2025-02-13 14:25:00+00:00,2025-02-13,2025-02-13:1,True,0,20,True,0.10526315789473684,0.10526315789473684,0.0,True,0,0,0,False,,395.0,85.0,1.0,0.0,0.0,0.0,0.0
2025-02-13 14:30:00+00:00,2025-02-13,2025-02-13:1,True,0,25,True,-0.04643962848297214,0.04643962848297214,0.0,True,0,0,0,False,,390.0,90.0,1.0,0.0,0.0,0.0,0.0
2025-02-13 14:35:00+00:00,2025-02-13,2025-02-13:1,True,0,30,True,-0.022988505747126436,0.022988505747126436,1.392263752774909,True,0,0,0,False,,385.0,95.0,1.0,0.0,0.0,0.0,0.0
2025-02-13 14:40:00+00:00,2025-02-13,2025-02-13:1,True,1,5,True,0.08359133126934984,0.04178721665622303,0.693349350627526,True,0,0,0,False,,380.0,100.0,0.0,1.0,0.0,0.0,0.0
2025-02-13 14:45:00+00:00,2025-02-13,2025-02-13:1,True,1,10,True,-0.07534246575342465,0.07534246575342465,0.7033910077997242,True,0,0,0,False,,375.0,105.0,0.0,1.0,0.0,0.0,0.0
2025-02-13 14:50:00+00:00,2025-02-13,2025-02-13:1,True,1,15,True,0.1282051282051282,0.0911800215681248,0.3407957339568533,True,0,0,0,False,,370.0,110.0,0.0,1.0,0.0,0.0,0.0
2025-02-13 14:55:00+00:00,2025-02-13,2025-02-13:1,True,2,5,True,-0.02040816326530612,0.01034796713524958,-0.6791448925046863,True,0,0,0,False,,365.0,115.0,0.0,0.0,1.0,0.0,0.0
2025-02-13 15:00:00+00:00,2025-02-13,2025-02-13:1,True,0,5,True,-0.3333333333333333,0.1708427062566656,-0.6683997035819751,True,0,0,0,False,,360.0,120.0,1.0,0.0,0.0,0.0,0.0
2025-02-13 15:05:00+00:00,2025-02-13,2025-02-13:1,True,0,10,True,0.2929936305732484,0.2929936305732484,-0.9782128784167755,True,0,0,0,True,0.7291168308678583,355.0,125.0,1.0,0.0,0.0,0.0,0.0
2025-02-13 15:10:00+00:00,2025-02-13,2025-02-13:1,True,0,15,True,-0.2253968253968254,0.2253968253968254,0.6890929506007092,True,0,0,0,True,0.77042934018064,350.0,130.0,1.0,0.0,0.0,0.0,0.0
2025-02-13 15:15:00+00:00,2025-02-13,2025-02-13:1,True,0,20,True,0.03859649122807018,0.03859649122807018,0.0,True,0,0,0,True,-0.7627935784936242,345.0,135.0,1.0,0.0,0.0,0.0,0.0
2025-02-13 15:20:00+00:00,2025-02-13,2025-02-13:1,True,0,25,True,-0.15570934256055363,0.15570934256055363,0.0,True,0,0,0,True,-0.7864150541000166,340.0,140.0,1.0,0.0,0.0,0.0,0.0
2025-02-13 15:25:00+00:00,2025-02-13,2025-02-13:1,True,0,30,True,-0.1935483870967742,0.1935483870967742,0.3548084651490111,True,0,0,0,True,0.793375847065554,335.0,145.0,1.0,0.0,0.0,0.0,0.0
2025-02-13 15:30:00+00:00,2025-02-13,2025-02-13:1,True,3,5,True,0.09446254071661238,0.09446254071661238,-9.618421849599983,True,0,0,0,True,-19.743580881085844,330.0,150.0,0.0,0.0,0.0,1.0,0.0
2025-02-13 15:35:00+00:00,2025-02-13,2025-02-13:1,True,4,5,True,-0.08794788273615635,0.08794788273615635,0.4660314543815135,True,1,0,0,True,-0.05883551898602214,325.0,155.0,0.0,0.0,0.0,0.0,1.0
2025-02-13 15:40:00+00:00,2025-02-13,2025-02-13:1,True,4,10,True,0.10365853658536585,0.06491981169305824,0.4679493531718132,True,1,0,0,True,0.6975777091464845,320.0,160.0,0.0,0.0,0.0,0.0,1.0
2025-02-13 15:45:00+00:00,2025-02-13,2025-02-13:1,True,4,15,True,-0.07120743034055728,0.07120743034055728,0.4656744667224675,True,1,0,0,True,0.6941865086519295,315.0,165.0,0.0,0.0,0.0,0.0,1.0
2025-02-13 15:50:00+00:00,2025-02-13,2025-02-13:1,True,0,5,True,0.026022304832713755,0.019104144983867363,0.30904872206518047,True,1,0,0,True,0.1444539626539323,310.0,170.0,1.0,0.0,0.0,0.0,0.0
2025-02-13 15:55:00+00:00,2025-02-13,2025-02-13:1,True,3,5,True,-0.18466898954703834,0.15842422089192876,-0.15328859941253706,True,1,0,0,True,-0.3427637284621672,305.0,175.0,0.0,0.0,0.0,1.0,0.0
2025-02-13 16:00:00+00:00,2025-02-13,2025-02-13:1,True,0,5,True,0.22388059701492538,0.19194523583184367,0.1539027593939058,True,0,0,0,True,0.0,300.0,180.0,1.0,0.0,0.0,0.0,0.0
2025-02-13 16:05:00+00:00,2025-02-13,2025-02-13:1,True,0,10,True,0.0,0.0,0.3095502382896832,True,0,0,0,True,0.0,295.0,185.0,1.0,0.0,0.0,0.0,0.0
2025-02-13 16:10:00+00:00,2025-02-13,2025-02-13:1,True,0,15,True,-0.1987179487179487,0.1702126395940838,-0.154837999650865,True,0,0,0,True,-0.34622829271942285,290.0,190.0,1.0,0.0,0.0,0.0,0.0
2025-02-13 16:15:00+00:00,2025-02-13,2025-02-13:1,True,0,20,True,-0.3176470588235294,0.3176470588235294,0.3100699926238195,True,0,0,0,True,0.0,285.0,195.0,1.0,0.0,0.0,0.0,0.0
2025-02-13 16:20:00+00:00,2025-02-13,2025-02-13:1,True,0,25,True,0.14588859416445624,0.14588859416445624,0.0,True,0,0,0,True,-0.02831971446313278,280.0,200.0,1.0,0.0,0.0,0.0,0.0
2025-02-13 16:25:00+00:00,2025-02-13,2025-02-13:1,True,0,30,True,0.0718562874251497,0.0718562874251497,-0.3088144739324459,True,0,0,0,True,0.04158213658940165,275.0,205.0,1.0,0.0,0.0,0.0,0.0
2025-02-13 16:30:00+00:00,2025-02-13,2025-02-13:1,True,0,35,True,0.13986013986013987,0.04806594404444064,1.068069019955991,True,0,0,0,True,0.3411821333258908,270.0,210.0,1.0,0.0,0.0,0.0,0.0
2025-02-13 16:35:00+00:00,2025-02-13,2025-02-13:1,True,1,5,True,-0.16793893129770993,0.16793893129770993,0.8372515147856979,True,0,0,0,True,-0.9360756506614152,265.0,215.0,0.0,1.0,0.0,0.0,0.0
2025-02-13 16:40:00+00:00,2025-02-13,2025-02-13:1,True,2,5,True,-0.06153846153846154,0.040784559722313256,-0.4113587986006699,True,0,0,0,True,0.9668043611234464,260.0,220.0,0.0,0.0,1.0,0.0,0.0
2025-02-13 16:45:00+00:00,2025-02-13,2025-02-13:1,True,1,5,True,-0.40634005763688763,0.40634005763688763,0.8055717976531793,True,0,0,0,True,0.9006566501533274,255.0,225.0,0.0,1.0,0.0,0.0,0.0
2025-02-13 16:50:00+00:00,2025-02-13,2025-02-13:1,True,2,5,True,0.03206997084548105,0.03206997084548105,-0.43056804949650235,True,0,0,0,True,-0.9627794276136733,250.0,230.0,0.0,0.0,1.0,0.0,0.0
2025-02-13 16:55:00+00:00,2025-02-13,2025-02-13:1,True,2,10,True,0.019867549668874173,0.019867549668874173,-0.4497618417413359,True,0,0,0,True,-1.0056980518191294,245.0,235.0,0.0,0.0,1.0,0.0,0.0
2025-02-13 17:00:00+00:00,2025-02-13,2025-02-13:1,True,0,5,True,-0.05322128851540616,0.05322128851540616,0.442244401319071,True,0,0,0,True,0.832464733672334,240.0,240.0,1.0,0.0,0.0,0.0,0.0
2025-02-13 17:05:00+00:00,2025-02-13,2025-02-13:1,True,0,10,True,-0.041379310344827586,0.041379310344827586,0.8895406011750165,True,0,0,0,True,0.1956993806406133,235.0,245.0,1.0,0.0,0.0,0.0,0.0
2025-02-13 17:10:00+00:00,2025-02-13,2025-02-13:1,True,0,15,True,-0.022222222222222223,0.022222222222222223,0.4287754086679974,True,0,0,0,True,-2.700783838242091,230.0,250.0,1.0,0.0,0.0,0.0,0.0
2025-02-13 17:15:00+00:00,2025-02-13,2025-02-13:1,True,0,20,True,0.24675324675324675,0.16285129494836426,0.41555135281817956,True,0,0,0,True,0.9292010730434483,225.0,255.0,1.0,0.0,0.0,0.0,0.0
2025-02-13 17:20:00+00:00,2025-02-13,2025-02-13:1,True,1,5,True,-0.21476510067114093,0.21476510067114093,2.591303712445218,True,0,0,0,True,1.2965773160681597,220.0,260.0,0.0,1.0,0.0,0.0,0.0
2025-02-13 17:25:00+00:00,2025-02-13,2025-02-13:1,True,1,10,True,0.3905325443786982,0.06071288128396496,1.8613554182774479,True,0,0,0,True,5.701975535020471,215.0,265.0,0.0,1.0,0.0,0.0,0.0
2025-02-13 17:30:00+00:00,2025-02-13,2025-02-13:1,True,1,15,True,0.029850746268656716,0.00366813246824607,2.096527171838111,True,0,0,0,True,-1.1762930658031996,210.0,270.0,0.0,1.0,0.0,0.0,0.0
2025-02-13 17:35:00+00:00,2025-02-13,2025-02-13:1,True,2,5,True,-0.04059040590405904,0.022858140896543724,-0.5742244014517596,True,0,0,0,True,0.684439159590214,205.0,275.0,0.0,0.0,1.0,0.0,0.0
2025-02-13 17:40:00+00:00,2025-02-13,2025-02-13:1,True,1,5,True,-0.10650887573964497,0.10650887573964497,1.6520512067327424,True,0,0,0,True,0.0,200.0,280.0,0.0,1.0,0.0,0.0,0.0
2025-02-13 17:45:00+00:00,2025-02-13,2025-02-13:1,True,1,10,True,-0.2072072072072072,0.2072072072072072,0.7909748904991215,True,0,0,0,True,0.0,195.0,285.0,0.0,1.0,0.0,0.0,0.0
2025-02-13 17:50:00+00:00,2025-02-13,2025-02-13:1,True,1,15,True,-0.33557046979865773,0.33557046979865773,2.120012582371775,True,0,0,0,True,0.0,190.0,290.0,0.0,1.0,0.0,0.0,0.0
2025-02-13 17:55:00+00:00,2025-02-13,2025-02-13:1,True,2,5,True,-0.045454545454545456,0.045454545454545456,0.2060568057300654,True,0,0,0,True,-0.5519778983519046,185.0,295.0,0.0,0.0,1.0,0.0,0.0
2025-02-13 18:00:00+00:00,2025-02-13,2025-02-13:1,True,2,10,True,-0.042821158690176324,0.013469350144243903,-1.1566155977665027,True,0,0,0,True,0.43104518340789244,180.0,300.0,0.0,0.0,1.0,0.0,0.0
2025-02-13 18:05:00+00:00,2025-02-13,2025-02-13:1,True,2,15,True,0.13588850174216027,0.12369320383086953,0.0940303721997231,True,0,0,0,True,0.217486219192037,175.0,305.0,0.0,0.0,1.0,0.0,0.0
2025-02-13 18:10:00+00:00,2025-02-13,2025-02-13:1,True,0,5,True,0.009009009009009009,0.009009009009009009,-0.09465659200973209,True,0,0,0,True,-0.20654321364703845,170.0,310.0,1.0,0.0,0.0,0.0,0.0
2025-02-13 18:15:00+00:00,2025-02-13,2025-02-13:1,True,0,10,True,-0.13019390581717452,0.08945926602341217,-0.3752415289108257,True,0,0,0,True,-0.4104080972700599,165.0,315.0,1.0,0.0,0.0,0.0,0.0
2025-02-13 18:20:00+00:00,2025-02-13,2025-02-13:1,True,0,15,True,-0.04827586206896552,0.04827586206896552,0.3670455291061755,True,0,0,0,True,0.4596574770197231,160.0,320.0,1.0,0.0,0.0,0.0,0.0
2025-02-13 18:25:00+00:00,2025-02-13,2025-02-13:1,True,3,5,True,0.16129032258064516,0.16129032258064516,-1.0702934597051443,True,0,0,0,True,-0.3988748219619779,155.0,325.0,0.0,0.0,0.0,1.0,0.0
2025-02-13 18:30:00+00:00,2025-02-13,2025-02-13:1,True,0,5,True,0.0700280112044818,0.01865634798164756,1.3227088595440069,True,0,0,0,True,0.42252384633988843,150.0,330.0,1.0,0.0,0.0,0.0,0.0
2025-02-13 18:35:00+00:00,2025-02-13,2025-02-13:1,True,0,10,True,-0.3246753246753247,0.05127754513408413,-1.8455727423303618,True,0,0,0,True,-0.15662351925617332,145.0,335.0,1.0,0.0,0.0,0.0,0.0
2025-02-13 18:40:00+00:00,2025-02-13,2025-02-13:1,True,3,5,True,0.034482758620689655,0.034482758620689655,-0.18730323901327373,True,0,0,0,True,0.68111297256456,140.0,340.0,0.0,0.0,0.0,1.0,0.0
2025-02-13 18:45:00+00:00,2025-02-13,2025-02-13:1,True,3,10,True,-0.06744868035190615,0.045963549225485296,-0.3835183434015828,True,0,0,0,True,-0.9606319172071026,135.0,345.0,0.0,0.0,0.0,1.0,0.0
2025-02-13 18:50:00+00:00,2025-02-13,2025-02-13:1,True,0,5,True,0.2703583061889251,0.08956261464093042,1.104810153593578,True,0,0,0,True,0.4940861211331639,130.0,350.0,1.0,0.0,0.0,0.0,0.0
2025-02-13 18:55:00+00:00,2025-02-13,2025-02-13:1,True,0,10,True,0.38974358974358975,0.3098902343224107,0.2292709087585897,True,0,0,0,True,-0.2317154435751981,125.0,355.0,1.0,0.0,0.0,0.0,0.0
2025-02-13 19:00:00+00:00,2025-02-13,2025-02-13:1,True,0,15,True,0.034013605442176874,0.016516448366729965,0.7224038495656994,True,0,0,0,True,-0.441966824511036,120.0,360.0,1.0,0.0,0.0,0.0,0.0
2025-02-13 19:05:00+00:00,2025-02-13,2025-02-13:1,True,1,5,True,0.2088607594936709,0.038456869995456215,1.6921304539462965,True,0,0,0,True,-1.008991659153068,115.0,365.0,0.0,1.0,0.0,0.0,0.0
2025-02-13 19:10:00+00:00,2025-02-13,2025-02-13:1,True,2,5,True,0.21495327102803738,0.17196787368952282,0.22311298195651486,True,0,0,0,True,0.6785756307080197,110.0,370.0,0.0,0.0,1.0,0.0,0.0
2025-02-13 19:15:00+00:00,2025-02-13,2025-02-13:1,True,1,5,True,0.2669039145907473,0.12549395434249516,0.7546311383429581,True,0,0,0,True,-0.15700473738723444,105.0,375.0,0.0,1.0,0.0,0.0,0.0
2025-02-13 19:20:00+00:00,2025-02-13,2025-02-13:1,True,2,5,True,0.18654434250764526,0.18654434250764526,-0.8810274689948573,True,0,0,0,True,0.8317935460840254,100.0,380.0,0.0,0.0,1.0,0.0,0.0
2025-02-13 19:25:00+00:00,2025-02-13,2025-02-13:1,True,1,5,True,-0.25547445255474455,0.25547445255474455,0.35260357539329606,True,0,0,0,True,0.3466723817581321,95.0,385.0,0.0,1.0,0.0,0.0,0.0
2025-02-13 19:30:00+00:00,2025-02-13,2025-02-13:1,True,0,5,True,0.22448979591836735,0.22448979591836735,-0.4852981061737523,True,0,0,0,True,-0.3766482808619788,90.0,390.0,1.0,0.0,0.0,0.0,0.0
2025-02-13 19:35:00+00:00,2025-02-13,2025-02-13:1,True,0,10,True,0.05,0.03840881580856517,0.26373599383548973,True,0,0,0,True,0.18715951513312645,85.0,395.0,1.0,0.0,0.0,0.0,0.0
2025-02-13 19:40:00+00:00,2025-02-13,2025-02-13:1,True,0,15,True,0.1274131274131274,0.1274131274131274,-0.5252257314388235,True,0,0,0,True,1.0738114010966102,80.0,400.0,1.0,0.0,0.0,0.0,0.0
2025-02-13 19:45:00+00:00,2025-02-13,2025-02-13:1,True,0,20,True,0.23119777158774374,0.08087968675562753,1.0503107965379221,True,0,0,0,True,0.5871415846397691,75.0,405.0,1.0,0.0,0.0,0.0,0.0
2025-02-13 19:50:00+00:00,2025-02-13,2025-02-13:1,True,0,25,True,-0.1447811447811448,0.08272115735172843,-0.5597478540148136,True,0,0,0,True,0.6258171259201546,70.0,410.0,1.0,0.0,0.0,0.0,0.0
2025-02-13 19:55:00+00:00,2025-02-13,2025-02-13:1,True,0,30,True,-0.10365853658536585,0.07821382795020171,-0.2816557352874241,True,0,0,0,True,0.0,65.0,415.0,1.0,0.0,0.0,0.0,0.0
2025-02-13 20:00:00+00:00,2025-02-13,2025-02-13:1,True,0,35,True,0.2014388489208633,0.2014388489208633,-0.7226240437564256,True,0,0,0,True,-1.1457792076259652,60.0,420.0,1.0,0.0,0.0,0.0,0.0
2025-02-13 20:05:00+00:00,2025-02-13,2025-02-13:1,True,0,40,True,0.18849840255591055,0.049153824503422865,1.344134875894248,True,0,0,0,True,-2.1332940631731168,55.0,425.0,1.0,0.0,0.0,0.0,0.0
2025-02-13 20:10:00+00:00,2025-02-13,2025-02-13:1,True,0,45,True,-0.2507204610951009,0.12613037020441265,-0.687022561493088,True,0,0,0,True,0.38405728739309786,50.0,430.0,1.0,0.0,0.0,0.0,0.0
2025-02-13 20:15:00+00:00,2025-02-13,2025-02-13:1,True,0,50,True,-0.15527950310559005,0.15527950310559005,0.20279185219308982,True,0,0,0,True,-0.7043642196477871,45.0,435.0,1.0,0.0,0.0,0.0,0.0
2025-02-13 20:20:00+00:00,2025-02-13,2025-02-13:1,True,3,5,True,0.15979381443298968,0.15979381443298968,-1.7535093148199166,True,0,0,0,True,-0.9623513602634501,40.0,440.0,0.0,0.0,0.0,1.0,0.0
2025-02-13 20:25:00+00:00,2025-02-13,2025-02-13:1,True,0,5,True,0.15170278637770898,0.15170278637770898,0.0,True,0,0,0,True,0.8060336816423149,35.0,445.0,1.0,0.0,0.0,0.0,0.0
2025-02-13 20:30:00+00:00,2025-02-13,2025-02-13:1,True,3,5,True,-0.13220338983050847,0.015111579799263152,-2.1688802447254125,True,0,0,0,True,0.5244700431237509,30.0,450.0,0.0,0.0,0.0,1.0,0.0
2025-02-13 20:35:00+00:00,2025-02-13,2025-02-13:1,True,3,10,True,-0.10179640718562874,0.0290746502878511,-1.2531081402221003,True,0,0,0,True,-0.7005087461747342,25.0,455.0,0.0,0.0,0.0,1.0,0.0
2025-02-13 20:40:00+00:00,2025-02-13,2025-02-13:1,True,4,5,True,0.009345794392523364,0.009345794392523364,-0.3208203187195344,True,0,0,0,True,-0.4873515001508988,20.0,460.0,0.0,0.0,0.0,0.0,1.0
2025-02-13 20:45:00+00:00,2025-02-13,2025-02-13:1,True,4,10,True,-0.03763440860215054,0.02737336878563328,-0.31834815570242775,True,0,0,0,True,-0.27156485476686265,15.0,465.0,0.0,0.0,0.0,0.0,1.0
2025-02-13 20:50:00+00:00,2025-02-13,2025-02-13:1,True,3,5,True,-0.26256983240223464,0.12158225661867633,-0.769926031930977,True,0,0,0,True,0.0,10.0,470.0,0.0,0.0,0.0,1.0,0.0
2025-02-13 20:55:00+00:00,2025-02-13,2025-02-13:1,True,3,10,True,-0.08605341246290801,0.04670817705408948,-0.6110489317512029,True,0,0,0,True,-0.8291448657435286,5.0,475.0,0.0,0.0,0.0,1.0,0.0
2025-02-13 21:00:00+00:00,2025-02-13,2025-02-13:1,True,4,5,True,0.1262135922330097,0.09422309462930531,0.29231033076378055,True,0,0,0,True,-0.653625770115119,0.0,480.0,0.0,0.0,0.0,0.0,1.0
2025-02-14 13:00:00+00:00,2025-02-14,2025-02-14:1,False,-1,0,False,,,,False,0,0,0,False,,480.0,0.0,,,,,
2025-02-14 13:05:00+00:00,2025-02-14,2025-02-14:1,False,-1,0,True,-0.19148936170212766,,,False,0,0,0,False,,475.0,5.0,,,,,
2025-02-14 13:10:00+00:00,2025-02-14,2025-02-14:1,False,-1,0,True,0.005649717514124294,,,False,0,0,0,False,,470.0,10.0,,,,,
2025-02-14 13:15:00+00:00,2025-02-14,2025-02-14:1,False,-1,0,True,0.30708661417322836,,,False,0,0,0,False,,465.0,15.0,,,,,
2025-02-14 13:20:00+00:00,2025-02-14,2025-02-14:1,False,-1,0,True,0.10059171597633136,,,False,0,0,0,False,,460.0,20.0,,,,,
2025-02-14 13:25:00+00:00,2025-02-14,2025-02-14:1,False,-1,0,True,0.006896551724137931,,,False,0,0,0,False,,455.0,25.0,,,,,
2025-02-14 13:30:00+00:00,2025-02-14,2025-02-14:1,False,-1,0,True,0.03139013452914798,,,False,0,0,0,False,,450.0,30.0,,,,,
2025-02-14 13:35:00+00:00,2025-02-14,2025-02-14:1,False,-1,0,True,0.07598784194528875,,,False,0,0,0,False,,445.0,35.0,,,,,
2025-02-14 13:40:00+00:00,2025-02-14,2025-02-14:1,False,-1,0,True,0.028938906752411574,,,False,0,0,0,False,,440.0,40.0,,,,,
2025-02-14 13:45:00+00:00,2025-02-14,2025-02-14:1,False,-1,0,True,-0.11731843575418995,,,False,0,0,0,False,,435.0,45.0,,,,,
2025-02-14 13:50:00+00:00,2025-02-14,2025-02-14:1,False,-1,0,True,-0.1419753086419753,,,False,0,0,0,False,,430.0,50.0,,,,,
2025-02-14 13:55:00+00:00,2025-02-14,2025-02-14:1,False,-1,0,True,-0.021538461538461538,,,False,0,0,0,False,,425.0,55.0,,,,,
2025-02-14 14:00:00+00:00,2025-02-14,2025-02-14:1,False,-1,0,True,0.11294765840220386,,,False,0,0,0,False,,420.0,60.0,,,,,
2025-02-14 14:05:00+00:00,2025-02-14,2025-02-14:1,True,1,5,True,-0.012195121951219513,0.012195121951219513,0.813058685316686,True,0,0,0,False,,415.0,65.0,0.0,1.0,0.0,0.0,0.0
2025-02-14 14:10:00+00:00,2025-02-14,2025-02-14:1,True,2,5,True,0.014598540145985401,0.014598540145985401,-0.7830196184531225,True,0,0,0,False,,410.0,70.0,0.0,0.0,1.0,0.0,0.0
2025-02-14 14:15:00+00:00,2025-02-14,2025-02-14:1,True,0,5,True,-0.06158357771260997,0.06158357771260997,0.0,True,0,0,0,False,,405.0,75.0,1.0,0.0,0.0,0.0,0.0
2025-02-14 14:20:00+00:00,2025-02-14,2025-02-14:1,True,1,5,True,0.2909698996655518,0.07435075855316095,1.3644259489284187,True,0,0,0,False,,400.0,80.0,0.0,1.0,0.0,0.0,0.0
2025-02-14 14:25:00+00:00,2025-02-14,2025-02-14:1,True,3,5,True,0.1032258064516129,0.1032258064516129,-3.2178252921935337,True,0,0,0,False,,395.0,85.0,0.0,0.0,0.0,1.0,0.0
2025-02-14 14:30:00+00:00,2025-02-14,2025-02-14:1,True,3,10,True,0.029411764705882353,0.029411764705882353,-1.0233949765883812,True,0,0,0,False,,390.0,90.0,0.0,0.0,0.0,1.0,0.0
2025-02-14 14:35:00+00:00,2025-02-14,2025-02-14:1,True,4,5,True,-0.10344827586206896,0.10344827586206896,0.0,True,0,0,0,False,,385.0,95.0,0.0,0.0,0.0,0.0,1.0
2025-02-14 14:40:00+00:00,2025-02-14,2025-02-14:1,True,3,5,True,-0.14465408805031446,0.05752610740515498,-0.922106406104769,True,0,0,0,False,,380.0,100.0,0.0,0.0,0.0,1.0,0.0
2025-02-14 14:45:00+00:00,2025-02-14,2025-02-14:1,True,4,5,True,-0.1724137931034483,0.1724137931034483,1.169311884676106,True,1,0,0,False,,375.0,105.0,0.0,0.0,0.0,0.0,1.0
2025-02-14 14:50:00+00:00,2025-02-14,2025-02-14:1,True,4,10,True,0.17218543046357615,0.1272317042184845,0.3025621133388819,True,1,0,0,False,,370.0,110.0,0.0,0.0,0.0,0.0,1.0
2025-02-14 14:55:00+00:00,2025-02-14,2025-02-14:1,True,0,5,True,-0.09770114942528736,0.08398450076822382,-0.15128105666943764,True,1,0,0,False,,365.0,115.0,1.0,0.0,0.0,0.0,0.0
2025-02-14 15:00:00+00:00,2025-02-14,2025-02-14:1,True,0,10,True,-0.102803738317757,0.102803738317757,1.1355647867720708,True,1,0,0,False,,360.0,120.0,1.0,0.0,0.0,0.0,0.0
2025-02-14 15:05:00+00:00,2025-02-14,2025-02-14:1,True,0,15,True,-0.07301587301587302,0.07301587301587302,0.0,True,1,0,0,True,0.0,355.0,125.0,1.0,0.0,0.0,0.0,0.0
2025-02-14 15:10:00+00:00,2025-02-14,2025-02-14:1,True,0,20,True,0.07344632768361582,0.07344632768361582,-1.309248637295712,True,0,0,0,True,0.0,350.0,130.0,1.0,0.0,0.0,0.0,0.0
2025-02-14 15:15:00+00:00,2025-02-14,2025-02-14:1,True,0,25,True,0.20136518771331058,0.08486187801658535,0.8640951435780542,True,0,0,0,True,-1.2881169867125903,345.0,135.0,1.0,0.0,0.0,0.0,0.0
2025-02-14 15:20:00+00:00,2025-02-14,2025-02-14:1,True,0,30,True,0.12777777777777777,0.12777777777777777,-0.28447468525226255,True,0,0,0,True,-0.18107648289478184,340.0,140.0,1.0,0.0,0.0,0.0,0.0
2025-02-14 15:25:00+00:00,2025-02-14,2025-02-14:1,True,0,35,True,-0.025157232704402517,0.025157232704402517,0.7453676901380879,True,0,0,0,True,1.1507908829907671,335.0,145.0,1.0,0.0,0.0,0.0,0.0
2025-02-14 15:30:00+00:00,2025-02-14,2025-02-14:1,True,1,5,True,-0.018957345971563982,0.018957345971563982,7.666544778731489,True,0,0,0,True,17.610682530111433,330.0,150.0,0.0,1.0,0.0,0.0,0.0
2025-02-14 15:35:00+00:00,2025-02-14,2025-02-14:1,True,2,5,True,-0.3178294573643411,0.16280140008761987,-0.6689838877465081,True,0,0,0,True,0.0,325.0,155.0,0.0,0.0,1.0,0.0,0.0
2025-02-14 15:40:00+00:00,2025-02-14,2025-02-14:1,True,2,10,True,-0.12834224598930483,0.07883042199566348,-0.4874015041811248,True,0,0,0,True,-0.1384301540497147,320.0,160.0,0.0,0.0,1.0,0.0,0.0
2025-02-14 15:45:00+00:00,2025-02-14,2025-02-14:1,True,2,15,True,-0.04498269896193772,0.04498269896193772,0.0,True,0,0,0,True,-0.4244081517717585,315.0,165.0,0.0,0.0,1.0,0.0,0.0
2025-02-14 15:50:00+00:00,2025-02-14,2025-02-14:1,True,1,5,True,-0.21611721611721613,0.21611721611721613,0.24407468949217268,True,0,0,0,True,0.12520854432952808,310.0,170.0,0.0,1.0,0.0,0.0,0.0
2025-02-14 15:55:00+00:00,2025-02-14,2025-02-14:1,True,0,5,True,0.17105263157894737,0.17105263157894737,-0.6086904840504809,True,0,0,0,True,-0.1290598571265409,305.0,175.0,1.0,0.0,0.0,0.0,0.0
2025-02-14 16:00:00+00:00,2025-02-14,2025-02-14:1,True,0,10,True,-0.07975460122699386,0.07499789099515843,-0.06149444256053168,True,0,0,0,True,0.2897641135739519,300.0,180.0,1.0,0.0,0.0,0.0,0.0
2025-02-14 16:05:00+00:00,2025-02-14,2025-02-14:1,True,0,15,True,-0.15723270440251572,0.0758295456154046,-0.7292389010833807,True,0,0,0,True,-0.12100191465459838,295.0,185.0,1.0,0.0,0.0,0.0,0.0
2025-02-14 16:10:00+00:00,2025-02-14,2025-02-14:1,True,0,20,True,-0.11363636363636363,0.11363636363636363,0.05981410479649895,True,0,0,0,True,0.0,290.0,190.0,1.0,0.0,0.0,0.0,0.0
2025-02-14 16:15:00+00:00,2025-02-14,2025-02-14:1,True,0,25,True,-0.11842105263157894,0.06576365131664787,-0.5881792419373529,True,0,0,0,True,0.19071621898472113,285.0,195.0,1.0,0.0,0.0,0.0,0.0
2025-02-14 16:20:00+00:00,2025-02-14,2025-02-14:1,True,3,5,True,0.16083916083916083,0.16083916083916083,-0.23290294325203365,True,0,0,0,True,0.33145434336564183,280.0,200.0,0.0,0.0,0.0,1.0,0.0
2025-02-14 16:25:00+00:00,2025-02-14,2025-02-14:1,True,0,5,True,-0.3184713375796178,0.3184713375796178,0.35039539397393343,True,0,0,0,True,-0.0030327650593407795,275.0,205.0,1.0,0.0,0.0,0.0,0.0
2025-02-14 16:30:00+00:00,2025-02-14,2025-02-14:1,True,0,10,True,0.1394658753709199,0.08774820859106817,0.4633485031188482,True,0,0,0,True,-0.13756306813638572,270.0,210.0,1.0,0.0,0.0,0.0,0.0
2025-02-14 16:35:00+00:00,2025-02-14,2025-02-14:1,True,3,5,True,-0.26666666666666666,0.027335097849831864,-2.277827927005636,True,0,0,0,True,0.39179831429434336,265.0,215.0,0.0,0.0,0.0,1.0,0.0
2025-02-14 16:40:00+00:00,2025-02-14,2025-02-14:1,True,0,5,True,0.046875,0.011027017325901398,1.4471361022899665,True,0,0,0,True,0.06134223184635228,260.0,220.0,1.0,0.0,0.0,0.0,0.0
2025-02-14 16:45:00+00:00,2025-02-14,2025-02-14:1,True,0,10,True,-0.047619047619047616,0.009443393966960069,-1.6179173953185588,True,0,0,0,True,-1.223217236180149,255.0,225.0,1.0,0.0,0.0,0.0,0.0
2025-02-14 16:50:00+00:00,2025-02-14,2025-02-14:1,True,0,15,True,0.029585798816568046,0.029585798816568046,-0.3376939547207814,True,0,0,0,True,-0.14335659321633817,250.0,230.0,1.0,0.0,0.0,0.0,0.0
2025-02-14 16:55:00+00:00,2025-02-14,2025-02-14:1,True,0,20,True,0.2732732732732733,0.19568176793735126,0.33398258878121023,True,0,0,0,True,0.0,245.0,235.0,1.0,0.0,0.0,0.0,0.0
2025-02-14 17:00:00+00:00,2025-02-14,2025-02-14:1,True,0,25,True,-0.11695906432748537,0.11695906432748537,0.9490016959585995,True,0,0,0,True,0.0,240.0,240.0,1.0,0.0,0.0,0.0,0.0
2025-02-14 17:05:00+00:00,2025-02-14,2025-02-14:1,True,0,30,True,0.19197707736389685,0.19197707736389685,-0.31800267591635917,True,0,0,0,True,-0.03270708836432555,235.0,245.0,1.0,0.0,0.0,0.0,0.0
2025-02-14 17:10:00+00:00,2025-02-14,2025-02-14:1,True,3,5,True,0.037037037037037035,0.037037037037037035,-0.9784333042008365,True,0,0,0,True,-0.33230363067776064,230.0,250.0,0.0,0.0,0.0,1.0,0.0
2025-02-14 17:15:00+00:00,2025-02-14,2025-02-14:1,True,0,5,True,0.3023255813953488,0.3023255813953488,-0.49222085370379304,True,0,0,0,True,-0.7943982182633863,225.0,255.0,1.0,0.0,0.0,0.0,0.0
2025-02-14 17:20:00+00:00,2025-02-14,2025-02-14:1,True,0,10,True,0.23404255319148937,0.23404255319148937,-0.7971980661928739,True,0,0,0,True,-0.009784698387545174,220.0,260.0,1.0,0.0,0.0,0.0,0.0
2025-02-14 17:25:00+00:00,2025-02-14,2025-02-14:1,True,0,15,True,-0.07086614173228346,0.07086614173228346,0.768422005087494,True,0,0,0,True,-0.3410420411645074,215.0,265.0,1.0,0.0,0.0,0.0,0.0
2025-02-14 17:30:00+00:00,2025-02-14,2025-02-14:1,True,3,5,True,0.10891089108910891,0.10891089108910891,-0.3114475702022815,True,0,0,0,True,-0.6964179383994393,210.0,270.0,0.0,0.0,0.0,1.0,0.0
2025-02-14 17:35:00+00:00,2025-02-14,2025-02-14:1,True,0,5,True,-0.29863013698630136,0.29863013698630136,0.5928256751996855,True,0,0,0,True,0.8608011661266506,205.0,275.0,1.0,0.0,0.0,0.0,0.0
2025-02-14 17:40:00+00:00,2025-02-14,2025-02-14:1,True,0,10,True,-0.12540192926045016,0.04484531735868707,-1.028304836596742,True,0,0,0,True,-0.4598719032452099,200.0,280.0,1.0,0.0,0.0,0.0,0.0
2025-02-14 17:45:00+00:00,2025-02-14,2025-02-14:1,True,0,15,True,-0.03927492447129909,0.025958033028000246,-0.4141051414387956,True,0,0,0,True,0.23149181152298598,195.0,285.0,1.0,0.0,0.0,0.0,0.0
2025-02-14 17:50:00+00:00,2025-02-14,2025-02-14:1,True,0,20,True,-0.45454545454545453,0.45454545454545453,0.7482952411744277,True,0,0,0,True,0.7171024399317565,190.0,290.0,1.0,0.0,0.0,0.0,0.0
2025-02-14 17:55:00+00:00,2025-02-14,2025-02-14:1,True,0,25,True,-0.03880597014925373,0.03880597014925373,0.0,True,0,0,0,True,1.2161100527288382,185.0,295.0,1.0,0.0,0.0,0.0,0.0
2025-02-14 18:00:00+00:00,2025-02-14,2025-02-14:1,True,0,30,True,0.09859154929577464,0.0344851146601438,1.050457779190358,True,0,0,0,True,0.18985075459268844,180.0,300.0,1.0,0.0,0.0,0.0,0.0
2025-02-14 18:05:00+00:00,2025-02-14,2025-02-14:1,True,0,35,True,0.0711864406779661,0.0711864406779661,0.0,True,0,0,0,True,0.5534025296460143,175.0,305.0,1.0,0.0,0.0,0.0,0.0
2025-02-14 18:10:00+00:00,2025-02-14,2025-02-14:1,True,0,40,True,-0.13227513227513227,0.13227513227513227,0.23537926033700254,True,0,0,0,True,1.0699806369222498,170.0,310.0,1.0,0.0,0.0,0.0,0.0
2025-02-14 18:15:00+00:00,2025-02-14,2025-02-14:1,True,0,45,True,-0.15168539325842698,0.09328749723966426,-0.4861225018264321,True,0,0,0,True,0.5435014797380839,165.0,315.0,1.0,0.0,0.0,0.0,0.0
2025-02-14 18:20:00+00:00,2025-02-14,2025-02-14:1,True,0,50,True,-0.012578616352201259,0.012578616352201259,0.0,True,0,0,0,True,0.5905008083978173,160.0,320.0,1.0,0.0,0.0,0.0,0.0
2025-02-14 18:25:00+00:00,2025-02-14,2025-02-14:1,True,1,5,True,0.21715817694369974,0.05194779481311335,1.430386745622235,True,0,0,0,True,-0.639688399466658,155.0,325.0,0.0,1.0,0.0,0.0,0.0
2025-02-14 18:30:00+00:00,2025-02-14,2025-02-14:1,True,1,10,True,0.12727272727272726,0.02316226318743295,1.7038078752098051,True,0,0,0,True,0.6060517741280832,150.0,330.0,0.0,1.0,0.0,0.0,0.0
2025-02-14 18:35:00+00:00,2025-02-14,2025-02-14:1,True,2,5,True,-0.02631578947368421,0.02631578947368421,0.14040374549902518,True,0,0,0,True,1.255809276920248,145.0,335.0,0.0,0.0,1.0,0.0,0.0
2025-02-14 18:40:00+00:00,2025-02-14,2025-02-14:1,True,2,10,True,-0.04,0.04,0.14275841641616357,True,0,0,0,True,0.02474768525800683,140.0,340.0,0.0,0.0,1.0,0.0,0.0
2025-02-14 18:45:00+00:00,2025-02-14,2025-02-14:1,True,2,15,True,-0.20557491289198607,0.20557491289198607,0.0,True,0,0,0,True,1.2840047959852132,135.0,345.0,0.0,0.0,1.0,0.0,0.0
2025-02-14 18:50:00+00:00,2025-02-14,2025-02-14:1,True,2,20,True,0.10828025477707007,0.10828025477707007,-0.2789917769573162,True,0,0,0,True,-0.6394272693864879,130.0,350.0,0.0,0.0,1.0,0.0,0.0
2025-02-14 18:55:00+00:00,2025-02-14,2025-02-14:1,True,0,5,True,-0.13402061855670103,0.10154558986625,-0.2774857990573227,True,0,0,0,True,0.0,125.0,355.0,1.0,0.0,0.0,0.0,0.0
2025-02-14 19:00:00+00:00,2025-02-14,2025-02-14:1,True,0,10,True,-0.050505050505050504,0.050505050505050504,0.7840765548097355,True,0,0,0,True,-0.5311831493387823,120.0,360.0,1.0,0.0,0.0,0.0,0.0
2025-02-14 19:05:00+00:00,2025-02-14,2025-02-14:1,True,0,15,True,0.3152542372881356,0.18675705185792318,0.5235708315428389,True,0,0,0,True,1.0782988566376508,115.0,365.0,1.0,0.0,0.0,0.0,0.0
2025-02-14 19:10:00+00:00,2025-02-14,2025-02-14:1,True,0,20,True,-0.2875,0.2875,0.7328621874809835,True,0,0,0,True,0.5462432231165931,110.0,370.0,1.0,0.0,0.0,0.0,0.0
2025-02-14 19:15:00+00:00,2025-02-14,2025-02-14:1,True,0,25,True,0.024930747922437674,0.024930747922437674,-0.7347224041653128,True,0,0,0,True,1.0952594935376614,105.0,375.0,1.0,0.0,0.0,0.0,0.0
2025-02-14 19:20:00+00:00,2025-02-14,2025-02-14:1,True,1,5,True,0.4659949622166247,0.1337452175280161,1.2482381950363246,True,0,0,0,True,0.0,100.0,380.0,0.0,1.0,0.0,0.0,0.0
2025-02-14 19:25:00+00:00,2025-02-14,2025-02-14:1,True,1,10,True,0.13846153846153847,0.02529927571069645,1.6998168191347482,True,0,0,0,True,0.018392296532745416,95.0,385.0,0.0,1.0,0.0,0.0,0.0
2025-02-14 19:30:00+00:00,2025-02-14,2025-02-14:1,True,1,15,True,0.12544802867383512,0.06519381878561485,0.6545268981133644,True,0,0,0,True,-0.5854266549130919,90.0,390.0,0.0,1.0,0.0,0.0,0.0
2025-02-14 19:35:00+00:00,2025-02-14,2025-02-14:1,True,2,5,True,-0.3372093023255814,0.2944127401726491,-0.13572115175375407,True,0,0,0,True,-1.6470831002307835,85.0,395.0,0.0,0.0,1.0,0.0,0.0
2025-02-14 19:40:00+00:00,2025-02-14,2025-02-14:1,True,2,10,True,-0.35625,0.23543296156761642,-0.4142065229073538,True,0,0,0,True,0.19995099116224208,80.0,400.0,0.0,0.0,1.0,0.0,0.0
2025-02-14 19:45:00+00:00,2025-02-14,2025-02-14:1,True,2,15,True,-0.03363914373088685,0.025439788195904083,-0.27937596807869214,True,0,0,0,True,-0.20174157315828575,75.0,405.0,0.0,0.0,1.0,0.0,0.0
2025-02-14 19:50:00+00:00,2025-02-14,2025-02-14:1,True,0,5,True,0.2517482517482518,0.2517482517482518,-0.7063091421488653,True,0,0,0,True,-0.12211948479598651,70.0,410.0,1.0,0.0,0.0,0.0,0.0
2025-02-14 19:55:00+00:00,2025-02-14,2025-02-14:1,True,0,10,True,-0.19653179190751446,0.08000579245195415,-0.8987251713983735,True,0,0,0,True,-0.3349350960558349,65.0,415.0,1.0,0.0,0.0,0.0,0.0
2025-02-14 20:00:00+00:00,2025-02-14,2025-02-14:1,True,3,5,True,-0.136986301369863,0.09916629771586229,-0.3230827150294509,True,0,0,0,True,-0.5138522357644554,60.0,420.0,0.0,0.0,0.0,1.0,0.0
2025-02-14 20:05:00+00:00,2025-02-14,2025-02-14:1,True,3,10,True,-0.29372937293729373,0.06749294310583107,-1.4706357973720787,True,0,0,0,True,0.5345821835801292,55.0,425.0,0.0,0.0,0.0,1.0,0.0
2025-02-14 20:10:00+00:00,2025-02-14,2025-02-14:1,True,4,5,True,0.012658227848101266,0.002967996657932454,1.4504202272441553,True,0,0,0,True,0.6127952449318591,50.0,430.0,0.0,0.0,0.0,0.0,1.0
2025-02-14 20:15:00+00:00,2025-02-14,2025-02-14:1,True,4,10,True,-0.05063291139240506,0.0419209691209682,-0.18881562954573708,True,0,0,0,True,0.0,45.0,435.0,0.0,0.0,0.0,0.0,1.0
2025-02-14 20:20:00+00:00,2025-02-14,2025-02-14:1,True,0,5,True,0.006024096385542169,0.004935192479271689,0.19937581560880913,True,0,0,0,True,-0.22050498572320415,40.0,440.0,1.0,0.0,0.0,0.0,0.0
2025-02-14 20:25:00+00:00,2025-02-14,2025-02-14:1,True,0,10,True,-0.20930232558139536,0.20930232558139536,0.6111507796762636,True,0,0,0,True,0.911049791906278,35.0,445.0,1.0,0.0,0.0,0.0,0.0
2025-02-14 20:30:00+00:00,2025-02-14,2025-02-14:1,True,0,15,True,0.344,0.14174616861346626,0.8866037443127276,True,0,0,0,True,0.9912531206945508,30.0,450.0,1.0,0.0,0.0,0.0,0.0
2025-02-14 20:35:00+00:00,2025-02-14,2025-02-14:1,True,2,5,True,0.023622047244094488,0.023622047244094488,0.0,True,0,0,0,True,-0.9740673951396691,25.0,455.0,0.0,0.0,1.0,0.0,0.0
2025-02-14 20:40:00+00:00,2025-02-14,2025-02-14:1,True,0,5,True,0.0029154518950437317,0.0029154518950437317,-0.8989139129980473,True,0,0,0,True,-1.005016307691983,20.0,460.0,1.0,0.0,0.0,0.0,0.0
2025-02-14 20:45:00+00:00,2025-02-14,2025-02-14:1,True,0,10,True,0.24375,0.19694852368913598,0.21320071635541668,True,0,0,0,True,0.0,15.0,465.0,1.0,0.0,0.0,0.0,0.0
2025-02-14 20:50:00+00:00,2025-02-14,2025-02-14:1,True,0,15,True,-0.16332378223495703,0.08450326206911907,-0.6589444866279884,True,0,0,0,True,-1.6643856070782839,10.0,470.0,1.0,0.0,0.0,0.0,0.0
2025-02-14 20:55:00+00:00,2025-02-14,2025-02-14:1,True,0,20,True,0.10869565217391304,0.10869565217391304,0.0,True,0,0,0,True,-0.9937386795445947,5.0,475.0,1.0,0.0,0.0,0.0,0.0
2025-02-14 21:00:00+00:00,2025-02-14,2025-02-14:1,True,0,25,True,0.1972318339100346,0.12586314543776364,0.4491846893575762,True,0,0,0,True,0.0,0.0,480.0,1.0,0.0,0.0,0.0,0.0
2025-02-17 13:00:00+00:00,2025-02-17,2025-02-17:1,False,-1,0,False,,,,False,0,0,0,False,,480.0,0.0,,,,,
2025-02-17 13:05:00+00:00,2025-02-17,2025-02-17:1,False,-1,0,True,-0.16071428571428573,,,False,0,0,0,False,,475.0,5.0,,,,,
2025-02-17 13:10:00+00:00,2025-02-17,2025-02-17:1,False,-1,0,True,-0.06976744186046512,,,False,0,0,0,False,,470.0,10.0,,,,,
2025-02-17 13:15:00+00:00,2025-02-17,2025-02-17:1,False,-1,0,True,-0.19648093841642228,,,False,0,0,0,False,,465.0,15.0,,,,,
2025-02-17 13:20:00+00:00,2025-02-17,2025-02-17:1,False,-1,0,True,0.06319702602230483,,,False,0,0,0,False,,460.0,20.0,,,,,
2025-02-17 13:25:00+00:00,2025-02-17,2025-02-17:1,False,-1,0,True,0.003076923076923077,,,False,0,0,0,False,,455.0,25.0,,,,,
2025-02-17 13:30:00+00:00,2025-02-17,2025-02-17:1,False,-1,0,True,-0.029850746268656716,,,False,0,0,0,False,,450.0,30.0,,,,,
2025-02-17 13:35:00+00:00,2025-02-17,2025-02-17:1,False,-1,0,True,0.043227665706051875,,,False,0,0,0,False,,445.0,35.0,,,,,
2025-02-17 13:40:00+00:00,2025-02-17,2025-02-17:1,False,-1,0,True,0.12949640287769784,,,False,0,0,0,False,,440.0,40.0,,,,,
2025-02-17 13:45:00+00:00,2025-02-17,2025-02-17:1,False,-1,0,True,0.13595166163141995,,,False,0,0,0,False,,435.0,45.0,,,,,
2025-02-17 13:50:00+00:00,2025-02-17,2025-02-17:1,False,-1,0,True,0.18081180811808117,,,False,0,0,0,False,,430.0,50.0,,,,,
2025-02-17 13:55:00+00:00,2025-02-17,2025-02-17:1,False,-1,0,True,0.07453416149068323,,,False,0,0,0,False,,425.0,55.0,,,,,
2025-02-17 14:00:00+00:00,2025-02-17,2025-02-17:1,False,-1,0,True,0.1513157894736842,,,False,0,0,0,False,,420.0,60.0,,,,,
2025-02-17 14:05:00+00:00,2025-02-17,2025-02-17:1,True,0,5,True,-0.0136986301369863,0.0136986301369863,0.2882428907898772,True,0,0,0,False,,415.0,65.0,1.0,0.0,0.0,0.0,0.0
2025-02-17 14:10:00+00:00,2025-02-17,2025-02-17:1,True,0,10,True,0.2857142857142857,0.21412818888604335,0.2884174613156988,True,0,0,0,False,,410.0,70.0,1.0,0.0,0.0,0.0,0.0
2025-02-17 14:15:00+00:00,2025-02-17,2025-02-17:1,True,0,15,True,-0.03614457831325301,0.03614457831325301,0.0,True,0,0,0,False,,405.0,75.0,1.0,0.0,0.0,0.0,0.0
2025-02-17 14:20:00+00:00,2025-02-17,2025-02-17:1,True,0,20,True,0.022058823529411766,0.022058823529411766,0.0,True,0,0,0,False,,400.0,80.0,1.0,0.0,0.0,0.0,0.0
2025-02-17 14:25:00+00:00,2025-02-17,2025-02-17:1,True,0,25,True,0.007751937984496124,0.007751937984496124,0.0,True,0,0,0,False,,395.0,85.0,1.0,0.0,0.0,0.0,0.0
2025-02-17 14:30:00+00:00,2025-02-17,2025-02-17:1,True,0,30,True,-0.06535947712418301,0.06535947712418301,0.0,True,0,0,0,False,,390.0,90.0,1.0,0.0,0.0,0.0,0.0
2025-02-17 14:35:00+00:00,2025-02-17,2025-02-17:1,True,0,35,True,-0.13333333333333333,0.13333333333333333,0.0,True,0,0,0,False,,385.0,95.0,1.0,0.0,0.0,0.0,0.0
2025-02-17 14:40:00+00:00,2025-02-17,2025-02-17:1,True,0,40,True,0.06172839506172839,0.06172839506172839,-0.3752205416617244,True,0,0,0,False,,380.0,100.0,1.0,0.0,0.0,0.0,0.0
2025-02-17 14:45:00+00:00,2025-02-17,2025-02-17:1,True,0,45,True,0.22615803814713897,0.15109789847622493,0.40330607770747867,True,0,0,0,False,,375.0,105.0,1.0,0.0,0.0,0.0,0.0
2025-02-17 14:50:00+00:00,2025-02-17,2025-02-17:1,True,0,50,True,0.27526132404181186,0.27526132404181186,0.0,True,0,0,0,False,,370.0,110.0,1.0,0.0,0.0,0.0,0.0
2025-02-17 14:55:00+00:00,2025-02-17,2025-02-17:1,True,0,55,True,-0.20903954802259886,0.12966223236250787,-0.47759060240539924,True,0,0,0,False,,365.0,115.0,1.0,0.0,0.0,0.0,0.0
2025-02-17 15:00:00+00:00,2025-02-17,2025-02-17:1,True,0,60,True,0.10204081632653061,0.10204081632653061,0.0,True,0,0,0,False,,360.0,120.0,1.0,0.0,0.0,0.0,0.0
2025-02-17 15:05:00+00:00,2025-02-17,2025-02-17:1,True,0,65,True,-0.12871287128712872,0.07587438660794577,-0.5285049544999667,True,0,0,0,True,-0.5908865023536796,355.0,125.0,1.0,0.0,0.0,0.0,0.0
2025-02-17 15:10:00+00:00,2025-02-17,2025-02-17:1,True,3,5,True,-0.0859106529209622,0.011725469567676524,-1.9915444747325104,True,0,0,0,True,0.0,350.0,130.0,0.0,0.0,0.0,1.0,0.0
2025-02-17 15:15:00+00:00,2025-02-17,2025-02-17:1,True,0,5,True,0.3543859649122807,0.05356790813892211,1.8894364555390772,True,0,0,0,True,0.0,345.0,135.0,1.0,0.0,0.0,0.0,0.0
2025-02-17 15:20:00+00:00,2025-02-17,2025-02-17:1,True,0,10,True,-0.1815856777493606,0.08031840197907535,-0.815728835971432,True,0,0,0,True,-1.8240251284388977,340.0,140.0,1.0,0.0,0.0,0.0,0.0
2025-02-17 15:25:00+00:00,2025-02-17,2025-02-17:1,True,0,15,True,0.018404907975460124,0.018404907975460124,-0.7225814098109599,True,0,0,0,True,0.8078705758074698,335.0,145.0,1.0,0.0,0.0,0.0,0.0
2025-02-17 15:30:00+00:00,2025-02-17,2025-02-17:1,True,3,5,True,-0.1790633608815427,9.905608314297468e-07,-12.104978993453386,True,0,0,0,True,-29.421256408227006,330.0,150.0,0.0,0.0,0.0,1.0,0.0
2025-02-17 15:35:00+00:00,2025-02-17,2025-02-17:1,True,4,5,True,0.016835016835016835,0.01471852749886806,0.13435397836083568,True,1,0,0,True,0.20028308577490958,325.0,155.0,0.0,0.0,0.0,0.0,1.0
2025-02-17 15:40:00+00:00,2025-02-17,2025-02-17:1,True,4,10,True,-0.23934426229508196,0.23934426229508196,0.4455028269982316,True,1,0,0,True,0.0,320.0,160.0,0.0,0.0,0.0,0.0,1.0
2025-02-17 15:45:00+00:00,2025-02-17,2025-02-17:1,True,4,15,True,0.3223684210526316,0.30833983842539986,0.04449251002883149,True,1,0,0,True,-0.2845701848352149,315.0,165.0,0.0,0.0,0.0,0.0,1.0
2025-02-17 15:50:00+00:00,2025-02-17,2025-02-17:1,True,4,20,True,-0.0165016501650165,0.0165016501650165,0.26678206086188955,True,1,0,0,True,0.198847607754702,310.0,170.0,0.0,0.0,0.0,0.0,1.0
2025-02-17 15:55:00+00:00,2025-02-17,2025-02-17:1,True,4,25,True,0.01694915254237288,0.015509794021812661,0.0887461383235008,True,1,0,0,True,0.30564710621467867,305.0,175.0,0.0,0.0,0.0,0.0,1.0
2025-02-17 16:00:00+00:00,2025-02-17,2025-02-17:1,True,0,5,True,0.07975460122699386,0.0535840127409335,0.39770368181013005,True,0,0,0,True,0.3952410966353501,300.0,180.0,1.0,0.0,0.0,0.0,0.0
2025-02-17 16:05:00+00:00,2025-02-17,2025-02-17:1,True,1,5,True,0.10810810810810811,0.04220860620395124,0.9405075887262055,True,0,0,0,True,0.0,295.0,185.0,0.0,1.0,0.0,0.0,0.0
2025-02-17 16:10:00+00:00,2025-02-17,2025-02-17:1,True,1,10,True,0.07017543859649122,0.054225336748229595,0.25785010537134045,True,0,0,0,True,0.45210455663998306,290.0,190.0,0.0,1.0,0.0,0.0,0.0
2025-02-17 16:15:00+00:00,2025-02-17,2025-02-17:1,True,2,5,True,-0.0759493670886076,0.0759493670886076,0.12900584229317902,True,0,0,0,True,0.12740395006489094,285.0,195.0,0.0,0.0,1.0,0.0,0.0
2025-02-17 16:20:00+00:00,2025-02-17,2025-02-17:1,True,2,10,True,0.13312693498452013,0.11701807204648733,0.12897468664751432,True,0,0,0,True,-0.19226411114732422,280.0,200.0,0.0,0.0,1.0,0.0,0.0
2025-02-17 16:25:00+00:00,2025-02-17,2025-02-17:1,True,1,5,True,0.16666666666666666,0.12320817859304592,0.30212037617421394,True,0,0,0,True,0.0,275.0,205.0,0.0,1.0,0.0,0.0,0.0
2025-02-17 16:30:00+00:00,2025-02-17,2025-02-17:1,True,1,10,True,0.17350157728706625,0.14599996793552286,0.17258028824872146,True,0,0,0,True,0.19295062805059887,270.0,210.0,0.0,1.0,0.0,0.0,0.0
2025-02-17 16:35:00+00:00,2025-02-17,2025-02-17:1,True,1,15,True,-0.3090909090909091,0.3090909090909091,0.8192116438521637,True,0,0,0,True,0.6106043078720855,265.0,215.0,0.0,1.0,0.0,0.0,0.0
2025-02-17 16:40:00+00:00,2025-02-17,2025-02-17:1,True,2,5,True,-0.09090909090909091,0.06930300704923878,-0.271371709165397,True,0,0,0,True,0.1134304927301343,260.0,220.0,0.0,0.0,1.0,0.0,0.0
2025-02-17 16:45:00+00:00,2025-02-17,2025-02-17:1,True,1,5,True,-0.023255813953488372,0.023255813953488372,0.5402207115132706,True,0,0,0,True,-0.6039851168976298,255.0,225.0,0.0,1.0,0.0,0.0,0.0
2025-02-17 16:50:00+00:00,2025-02-17,2025-02-17:1,True,2,5,True,-0.14285714285714285,0.14285714285714285,0.0,True,0,0,0,True,-0.918327641483657,250.0,230.0,0.0,0.0,1.0,0.0,0.0
2025-02-17 16:55:00+00:00,2025-02-17,2025-02-17:1,True,1,5,True,0.04477611940298507,0.029241694169926842,0.42607937490819153,True,0,0,0,True,-0.16739297936893083,245.0,235.0,0.0,1.0,0.0,0.0,0.0
2025-02-17 17:00:00+00:00,2025-02-17,2025-02-17:1,True,1,10,True,-0.03184713375796178,0.03184713375796178,1.1204102592068383,True,0,0,0,True,-1.2526567511382152,240.0,240.0,0.0,1.0,0.0,0.0,0.0
2025-02-17 17:05:00+00:00,2025-02-17,2025-02-17:1,True,1,15,True,-0.11734693877551021,0.11734693877551021,0.6049591165595026,True,0,0,0,True,0.9018198054901778,235.0,245.0,0.0,1.0,0.0,0.0,0.0
2025-02-17 17:10:00+00:00,2025-02-17,2025-02-17:1,True,1,20,True,-0.07167235494880546,0.07167235494880546,0.8027485635442109,True,0,0,0,True,0.0,230.0,250.0,0.0,1.0,0.0,0.0,0.0
2025-02-17 17:15:00+00:00,2025-02-17,2025-02-17:1,True,1,25,True,0.055900621118012424,0.03755161446280526,0.3978591190332214,True,0,0,0,True,-1.3095433873083804,225.0,255.0,0.0,1.0,0.0,0.0,0.0
2025-02-17 17:20:00+00:00,2025-02-17,2025-02-17:1,True,1,30,True,0.22318840579710145,0.15085607455472258,0.39169005016877645,True,0,0,0,True,-0.8571871911784387,220.0,260.0,0.0,1.0,0.0,0.0,0.0
2025-02-17 17:25:00+00:00,2025-02-17,2025-02-17:1,True,1,35,True,0.28823529411764703,0.014475803663050483,2.991298597361245,True,0,0,0,True,0.8360933755868457,215.0,265.0,0.0,1.0,0.0,0.0,0.0
2025-02-17 17:30:00+00:00,2025-02-17,2025-02-17:1,True,2,5,True,-0.13043478260869565,0.13043478260869565,0.0,True,0,0,0,True,-0.7839248239129004,210.0,270.0,0.0,0.0,1.0,0.0,0.0
2025-02-17 17:35:00+00:00,2025-02-17,2025-02-17:1,True,2,10,True,-0.022222222222222223,0.022222222222222223,0.3935600600826959,True,0,0,0,True,-0.8800270475763108,205.0,275.0,0.0,0.0,1.0,0.0,0.0
2025-02-17 17:40:00+00:00,2025-02-17,2025-02-17:1,True,1,5,True,-0.25517241379310346,0.25517241379310346,0.5937433118213937,True,0,0,0,True,-0.26838562923620624,200.0,280.0,0.0,1.0,0.0,0.0,0.0
2025-02-17 17:45:00+00:00,2025-02-17,2025-02-17:1,True,1,10,True,-0.1552346570397112,0.1552346570397112,1.3662968606761388,True,0,0,0,True,1.7457900902390096,195.0,285.0,0.0,1.0,0.0,0.0,0.0
2025-02-17 17:50:00+00:00,2025-02-17,2025-02-17:1,True,2,5,True,0.040498442367601244,0.040498442367601244,-2.1529596560886777,True,0,0,0,True,0.0,190.0,290.0,0.0,0.0,1.0,0.0,0.0
2025-02-17 17:55:00+00:00,2025-02-17,2025-02-17:1,True,0,5,True,-0.07096774193548387,0.050270149784497606,-0.3448139775611046,True,0,0,0,True,0.7710274934187171,185.0,295.0,1.0,0.0,0.0,0.0,0.0
2025-02-17 18:00:00+00:00,2025-02-17,2025-02-17:1,True,0,10,True,0.05263157894736842,0.012567723943489612,1.4321843641346734,True,0,0,0,True,1.804428610131956,180.0,300.0,1.0,0.0,0.0,0.0,0.0
2025-02-17 18:05:00+00:00,2025-02-17,2025-02-17:1,True,1,5,True,0.047619047619047616,0.01179860757999978,1.3952513184447766,True,0,0,0,True,0.7799691984341275,175.0,305.0,0.0,1.0,0.0,0.0,0.0
2025-02-17 18:10:00+00:00,2025-02-17,2025-02-17:1,True,1,10,True,-0.2191780821917808,0.2191780821917808,1.6847426871027982,True,0,0,0,True,-0.8098024988186135,170.0,310.0,0.0,1.0,0.0,0.0,0.0
2025-02-17 18:15:00+00:00,2025-02-17,2025-02-17:1,True,0,5,True,-0.16666666666666666,0.07321296924438787,-0.8226232290107562,True,0,0,0,True,-0.7357765839766259,165.0,315.0,1.0,0.0,0.0,0.0,0.0
2025-02-17 18:20:00+00:00,2025-02-17,2025-02-17:1,True,1,5,True,0.14285714285714285,0.027160838878041053,1.6600689411874954,True,0,0,0,True,0.742405399965424,160.0,320.0,0.0,1.0,0.0,0.0,0.0
2025-02-17 18:25:00+00:00,2025-02-17,2025-02-17:1,True,1,10,True,0.03007518796992481,0.014736328980396673,0.7133847076710352,True,0,0,0,True,1.1352942858571757,155.0,325.0,0.0,1.0,0.0,0.0,0.0
2025-02-17 18:30:00+00:00,2025-02-17,2025-02-17:1,True,2,5,True,-0.006172839506172839,0.006172839506172839,0.0,True,0,0,0,True,0.0,150.0,330.0,0.0,0.0,1.0,0.0,0.0
2025-02-17 18:35:00+00:00,2025-02-17,2025-02-17:1,True,1,5,True,-0.09215017064846416,0.09215017064846416,0.3529075451619992,True,0,0,0,True,0.0,145.0,335.0,0.0,1.0,0.0,0.0,0.0
2025-02-17 18:40:00+00:00,2025-02-17,2025-02-17:1,True,0,5,True,0.46153846153846156,0.46153846153846156,-1.3703104068954701,True,0,0,0,True,0.4940013707961302,140.0,340.0,1.0,0.0,0.0,0.0,0.0
2025-02-17 18:45:00+00:00,2025-02-17,2025-02-17:1,True,0,10,True,-0.21578947368421053,0.15287262358378548,-0.3446982244715918,True,0,0,0,True,1.2662898369428264,135.0,345.0,1.0,0.0,0.0,0.0,0.0
2025-02-17 18:50:00+00:00,2025-02-17,2025-02-17:1,True,0,15,True,0.13450292397660818,0.13450292397660818,0.0,True,0,0,0,True,-0.8395196191773505,130.0,350.0,1.0,0.0,0.0,0.0,0.0
2025-02-17 18:55:00+00:00,2025-02-17,2025-02-17:1,True,3,5,True,-0.18562874251497005,0.0599950627669144,-1.1294863994322997,True,0,0,0,True,1.683738912526473,125.0,355.0,0.0,0.0,0.0,1.0,0.0
2025-02-17 19:00:00+00:00,2025-02-17,2025-02-17:1,True,4,5,True,0.1526479750778816,0.1526479750778816,0.0,True,0,0,0,True,-0.3666491483701451,120.0,360.0,0.0,0.0,0.0,0.0,1.0
2025-02-17 19:05:00+00:00,2025-02-17,2025-02-17:1,True,3,5,True,0.046511627906976744,0.046511627906976744,-0.792535175518646,True,0,0,0,True,-0.38427755836017685,115.0,365.0,0.0,0.0,0.0,1.0,0.0
2025-02-17 19:10:00+00:00,2025-02-17,2025-02-17:1,True,0,5,True,0.13746630727762804,0.05820742879833929,0.8593658599241077,True,0,0,0,True,1.9216004803328675,110.0,370.0,1.0,0.0,0.0,0.0,0.0
2025-02-17 19:15:00+00:00,2025-02-17,2025-02-17:1,True,0,10,True,-0.01557632398753894,0.01557632398753894,0.0,True,0,0,0,True,0.9921830180294476,105.0,375.0,1.0,0.0,0.0,0.0,0.0
2025-02-17 19:20:00+00:00,2025-02-17,2025-02-17:1,True,3,5,True,0.14093959731543623,0.14093959731543623,-0.9299101163154821,True,0,0,0,True,-1.0396711165230772,100.0,380.0,0.0,0.0,0.0,1.0,0.0
2025-02-17 19:25:00+00:00,2025-02-17,2025-02-17:1,True,3,10,True,0.08661417322834646,0.08661417322834646,-0.9209550103982901,True,0,0,0,True,0.6104627681529056,95.0,385.0,0.0,0.0,0.0,1.0,0.0
2025-02-17 19:30:00+00:00,2025-02-17,2025-02-17:1,True,0,5,True,0.23076923076923078,0.059867434028600265,1.3492855252211982,True,0,0,0,True,0.8040117356556516,90.0,390.0,1.0,0.0,0.0,0.0,0.0
2025-02-17 19:35:00+00:00,2025-02-17,2025-02-17:1,True,0,10,True,0.28222996515679444,0.18546152534534252,0.41987476789724204,True,0,0,0,True,0.6410910282450331,85.0,395.0,1.0,0.0,0.0,0.0,0.0
2025-02-17 19:40:00+00:00,2025-02-17,2025-02-17:1,True,0,15,True,-0.15654952076677317,0.05347236945179122,-1.074207324906479,True,0,0,0,True,-1.9216004803358178,80.0,400.0,1.0,0.0,0.0,0.0,0.0
2025-02-17 19:45:00+00:00,2025-02-17,2025-02-17:1,True,3,5,True,-0.13993174061433447,0.0026499166509690655,-3.9666265496303894,True,0,0,0,True,-1.689456496444647,75.0,405.0,0.0,0.0,0.0,1.0,0.0
2025-02-17 19:50:00+00:00,2025-02-17,2025-02-17:1,True,3,10,True,0.29411764705882354,0.29411764705882354,-1.4278924643851059,True,0,0,0,True,-2.394648461194163,70.0,410.0,0.0,0.0,0.0,1.0,0.0
2025-02-17 19:55:00+00:00,2025-02-17,2025-02-17:1,True,4,5,True,0.04081632653061224,0.034379196300508015,0.1716305386985719,True,0,0,0,True,-1.5351102061818416,65.0,415.0,0.0,0.0,0.0,0.0,1.0
2025-02-17 20:00:00+00:00,2025-02-17,2025-02-17:1,True,4,10,True,-0.06415094339622641,0.06415094339622641,1.5937096077711568,True,0,0,0,True,0.0,60.0,420.0,0.0,0.0,0.0,0.0,1.0
2025-02-17 20:05:00+00:00,2025-02-17,2025-02-17:1,True,3,5,True,-0.030303030303030304,0.008676594807308593,-1.2506185691199327,True,0,0,0,True,-1.313777081369587,55.0,425.0,0.0,0.0,0.0,1.0,0.0
2025-02-17 20:10:00+00:00,2025-02-17,2025-02-17:1,True,3,10,True,-0.05555555555555555,0.03032271494707088,-0.6054864212113483,True,0,0,0,True,-0.6769543986408227,50.0,430.0,0.0,0.0,0.0,1.0,0.0
2025-02-17 20:15:00+00:00,2025-02-17,2025-02-17:1,True,0,5,True,-0.17994100294985252,0.17994100294985252,0.310054204008076,True,0,0,0,True,0.0,45.0,435.0,1.0,0.0,0.0,0.0,0.0
2025-02-17 20:20:00+00:00,2025-02-17,2025-02-17:1,True,0,10,True,-0.12101910828025478,0.04210003022849106,-1.0558999940957767,True,0,0,0,True,1.349179522423555,40.0,440.0,1.0,0.0,0.0,0.0,0.0
2025-02-17 20:25:00+00:00,2025-02-17,2025-02-17:1,True,0,15,True,0.09253731343283582,0.09253731343283582,0.0,True,0,0,0,True,0.6534286514471724,35.0,445.0,1.0,0.0,0.0,0.0,0.0
2025-02-17 20:30:00+00:00,2025-02-17,2025-02-17:1,True,4,5,True,-0.08588957055214724,0.08588957055214724,0.5985813187379624,True,0,0,0,True,0.6692342593807273,30.0,450.0,0.0,0.0,0.0,0.0,1.0
2025-02-17 20:35:00+00:00,2025-02-17,2025-02-17:1,True,0,5,True,-0.07692307692307693,0.03070699361627265,-0.9183154877807742,True,0,0,0,True,0.6844719518241931,25.0,455.0,1.0,0.0,0.0,0.0,0.0
2025-02-17 20:40:00+00:00,2025-02-17,2025-02-17:1,True,0,10,True,-0.11974110032362459,0.11974110032362459,0.6047822077736299,True,0,0,0,True,0.5270423414880374,20.0,460.0,1.0,0.0,0.0,0.0,0.0
2025-02-17 20:45:00+00:00,2025-02-17,2025-02-17:1,True,0,15,True,0.008356545961002786,0.008356545961002786,0.0,True,0,0,0,True,0.566223552663019,15.0,465.0,1.0,0.0,0.0,0.0,0.0
2025-02-17 20:50:00+00:00,2025-02-17,2025-02-17:1,True,0,20,True,0.1974921630094044,0.13964625372456638,0.3465864367331471,True,0,0,0,True,0.0,10.0,470.0,1.0,0.0,0.0,0.0,0.0
2025-02-17 20:55:00+00:00,2025-02-17,2025-02-17:1,True,0,25,True,-0.005747126436781609,0.005747126436781609,0.18063286443970017,True,0,0,0,True,0.5809980206931444,5.0,475.0,1.0,0.0,0.0,0.0,0.0
2025-02-17 21:00:00+00:00,2025-02-17,2025-02-17:1,True,0,30,True,-0.09144542772861357,0.02747173831617877,-1.2025845974510627,True,0,0,0,True,-0.8963536361974163,0.0,480.0,1.0,0.0,0.0,0.0,0.0
2025-02-18 13:00:00+00:00,2025-02-18,2025-02-18:1,False,-1,0,False,,,,False,0,0,0,False,,480.0,0.0,,,,,
2025-02-18 13:05:00+00:00,2025-02-18,2025-02-18:1,False,-1,0,True,0.0744336569579288,,,False,0,0,0,False,,475.0,5.0,,,,,
2025-02-18 13:10:00+00:00,2025-02-18,2025-02-18:1,False,-1,0,True,0.18446601941747573,,,False,0,0,0,False,,470.0,10.0,,,,,
2025-02-18 13:15:00+00:00,2025-02-18,2025-02-18:1,False,-1,0,True,-0.19557195571955718,,,False,0,0,0,False,,465.0,15.0,,,,,
2025-02-18 13:20:00+00:00,2025-02-18,2025-02-18:1,False,-1,0,True,0.125,,,False,0,0,0,False,,460.0,20.0,,,,,
2025-02-18 13:25:00+00:00,2025-02-18,2025-02-18:1,False,-1,0,True,0.0,,,False,0,0,0,False,,455.0,25.0,,,,,
2025-02-18 13:30:00+00:00,2025-02-18,2025-02-18:1,False,-1,0,True,-0.3176470588235294,,,False,0,0,0,False,,450.0,30.0,,,,,
2025-02-18 13:35:00+00:00,2025-02-18,2025-02-18:1,False,-1,0,True,-0.03857566765578635,,,False,0,0,0,False,,445.0,35.0,,,,,
2025-02-18 13:40:00+00:00,2025-02-18,2025-02-18:1,False,-1,0,True,0.28402366863905326,,,False,0,0,0,False,,440.0,40.0,,,,,
2025-02-18 13:45:00+00:00,2025-02-18,2025-02-18:1,False,-1,0,True,0.08433734939759036,,,False,0,0,0,False,,435.0,45.0,,,,,
2025-02-18 13:50:00+00:00,2025-02-18,2025-02-18:1,False,-1,0,True,0.22857142857142856,,,False,0,0,0,False,,430.0,50.0,,,,,
2025-02-18 13:55:00+00:00,2025-02-18,2025-02-18:1,False,-1,0,True,-0.13355048859934854,,,False,0,0,0,False,,425.0,55.0,,,,,
2025-02-18 14:00:00+00:00,2025-02-18,2025-02-18:1,False,-1,0,True,-0.1662269129287599,,,False,0,0,0,False,,420.0,60.0,,,,,
2025-02-18 14:05:00+00:00,2025-02-18,2025-02-18:1,True,0,5,True,0.24198250728862974,0.24198250728862974,-0.4016485538485745,True,0,0,0,False,,415.0,65.0,1.0,0.0,0.0,0.0,0.0
2025-02-18 14:10:00+00:00,2025-02-18,2025-02-18:1,True,0,10,True,0.10285714285714286,0.10285714285714286,-0.4099527322216318,True,0,0,0,False,,410.0,70.0,1.0,0.0,0.0,0.0,0.0
2025-02-18 14:15:00+00:00,2025-02-18,2025-02-18:1,True,0,15,True,-0.09037900874635568,0.09037900874635568,0.21224898338809448,True,0,0,0,False,,405.0,75.0,1.0,0.0,0.0,0.0,0.0
2025-02-18 14:20:00+00:00,2025-02-18,2025-02-18:1,True,4,5,True,0.2468354430379747,0.16382014674604706,0.40995273222162315,True,1,0,0,False,,400.0,80.0,0.0,0.0,0.0,0.0,1.0
2025-02-18 14:25:00+00:00,2025-02-18,2025-02-18:1,True,3,5,True,-0.2,0.13015218903044146,-0.4296129159600731,True,1,0,0,False,,395.0,85.0,0.0,0.0,0.0,1.0,0.0
2025-02-18 14:30:00+00:00,2025-02-18,2025-02-18:1,True,3,10,True,-0.3657142857142857,0.10085512545017455,-1.288167302799087,True,0,1,1,False,,390.0,90.0,0.0,0.0,0.0,1.0,0.0
2025-02-18 14:35:00+00:00,2025-02-18,2025-02-18:1,True,0,5,True,-0.1282051282051282,0.1282051282051282,0.8700671470742635,True,0,0,1,False,,385.0,95.0,1.0,0.0,0.0,0.0,0.0
2025-02-18 14:40:00+00:00,2025-02-18,2025-02-18:1,True,0,10,True,0.07643312101910828,0.04830657116329469,0.45884852308762186,True,0,0,1,False,,380.0,100.0,1.0,0.0,0.0,0.0,0.0
2025-02-18 14:45:00+00:00,2025-02-18,2025-02-18:1,True,0,15,True,-0.08270676691729323,0.08270676691729323,0.4655952474802531,True,0,0,1,False,,375.0,105.0,1.0,0.0,0.0,0.0,0.0
2025-02-18 14:50:00+00:00,2025-02-18,2025-02-18:1,True,0,20,True,0.0,0.0,0.4955792777855118,True,0,0,1,False,,370.0,110.0,1.0,0.0,0.0,0.0,0.0
2025-02-18 14:55:00+00:00,2025-02-18,2025-02-18:1,True,0,25,True,0.2534246575342466,0.15923442365383103,0.4646890909005086,True,0,0,1,False,,365.0,115.0,1.0,0.0,0.0,0.0,0.0
2025-02-18 15:00:00+00:00,2025-02-18,2025-02-18:1,True,2,5,True,-0.36774193548387096,0.36774193548387096,0.0,True,0,0,1,False,,360.0,120.0,0.0,0.0,1.0,0.0,0.0
2025-02-18 15:05:00+00:00,2025-02-18,2025-02-18:1,True,2,10,True,0.20388349514563106,0.20388349514563106,0.0,True,0,0,1,True,1.0729925977810135,355.0,125.0,0.0,0.0,1.0,0.0,0.0
2025-02-18 15:10:00+00:00,2025-02-18,2025-02-18:1,True,1,5,True,0.25077399380804954,0.06067905368005071,1.4189535513261498,True,0,0,1,True,1.0576255325620068,350.0,130.0,0.0,1.0,0.0,0.0,0.0
2025-02-18 15:15:00+00:00,2025-02-18,2025-02-18:1,True,0,5,True,0.1554054054054054,0.1554054054054054,-0.9372363152755391,True,0,0,1,True,-0.4641866720279949,345.0,135.0,1.0,0.0,0.0,0.0,0.0
2025-02-18 15:20:00+00:00,2025-02-18,2025-02-18:1,True,0,10,True,-0.4044943820224719,0.4044943820224719,0.0,True,0,0,1,True,-1.0511274489119578,340.0,140.0,1.0,0.0,0.0,0.0,0.0
2025-02-18 15:25:00+00:00,2025-02-18,2025-02-18:1,True,0,15,True,-0.2838709677419355,0.2838709677419355,0.9659780917841245,True,0,0,1,True,1.0799963390039518,335.0,145.0,1.0,0.0,0.0,0.0,0.0
2025-02-18 15:30:00+00:00,2025-02-18,2025-02-18:1,True,1,5,True,0.0995260663507109,2.6014804459451262e-06,10.552094176945578,True,0,0,1,True,25.56304194367254,330.0,150.0,0.0,1.0,0.0,0.0,0.0
2025-02-18 15:35:00+00:00,2025-02-18,2025-02-18:1,True,2,5,True,0.09473684210526316,0.09473684210526316,-0.6313797077259383,True,0,0,1,True,0.43714614065488,325.0,155.0,0.0,0.0,1.0,0.0,0.0
2025-02-18 15:40:00+00:00,2025-02-18,2025-02-18:1,True,2,10,True,0.40161725067385445,0.40161725067385445,-0.20878883667803097,True,0,0,1,True,-1.244976084679002,320.0,160.0,0.0,0.0,1.0,0.0,0.0
2025-02-18 15:45:00+00:00,2025-02-18,2025-02-18:1,True,0,5,True,-0.11971830985915492,0.04360506802642225,-1.0099681826992237,True,0,0,1,True,-0.18603622790890284,315.0,165.0,1.0,0.0,0.0,0.0,0.0
2025-02-18 15:50:00+00:00,2025-02-18,2025-02-18:1,True,0,10,True,-0.19344262295081968,0.12087067909348603,-0.47025974004572735,True,0,0,1,True,-0.9190541332463256,310.0,170.0,1.0,0.0,0.0,0.0,0.0
2025-02-18 15:55:00+00:00,2025-02-18,2025-02-18:1,True,0,15,True,0.13836477987421383,0.13836477987421383,-0.6496181977148694,True,0,0,1,True,0.028146657687294706,305.0,175.0,1.0,0.0,0.0,0.0,0.0
2025-02-18 16:00:00+00:00,2025-02-18,2025-02-18:1,True,4,5,True,-0.1282051282051282,0.1282051282051282,0.7487390353273308,True,0,0,1,True,-0.3163196024197712,300.0,180.0,0.0,0.0,0.0,0.0,1.0
2025-02-18 16:05:00+00:00,2025-02-18,2025-02-18:1,True,0,5,True,-0.04216867469879518,0.04216867469879518,0.0,True,0,0,1,True,-0.7703961722605083,295.0,185.0,1.0,0.0,0.0,0.0,0.0
2025-02-18 16:10:00+00:00,2025-02-18,2025-02-18:1,True,3,5,True,-0.5176470588235295,0.25345737790829775,-0.7140979819990635,True,0,0,1,True,-0.4387843513802608,290.0,190.0,0.0,0.0,0.0,1.0,0.0
2025-02-18 16:15:00+00:00,2025-02-18,2025-02-18:1,True,3,10,True,-0.05555555555555555,0.02262420029194754,-0.8983633783369379,True,0,0,1,True,-0.3284139310941463,285.0,195.0,0.0,0.0,0.0,1.0,0.0
2025-02-18 16:20:00+00:00,2025-02-18,2025-02-18:1,True,3,15,True,-0.12802768166089964,0.035445272027729326,-1.2842566295931672,True,0,0,1,True,0.4786141873870616,280.0,200.0,0.0,0.0,0.0,1.0,0.0
2025-02-18 16:25:00+00:00,2025-02-18,2025-02-18:1,True,0,5,True,-0.16819571865443425,0.16819571865443425,0.6369052741971514,True,0,0,1,True,0.3742010245366168,275.0,205.0,1.0,0.0,0.0,0.0,0.0
2025-02-18 16:30:00+00:00,2025-02-18,2025-02-18:1,True,4,5,True,0.3089887640449438,0.25025764127735484,0.21081396161851892,True,1,0,1,True,-0.47139434878503994,270.0,210.0,0.0,0.0,0.0,0.0,1.0
2025-02-18 16:35:00+00:00,2025-02-18,2025-02-18:1,True,0,5,True,0.018633540372670808,0.007453222514840344,0.9163167114705425,True,1,0,1,True,0.8535924229619208,265.0,215.0,1.0,0.0,0.0,0.0,0.0
2025-02-18 16:40:00+00:00,2025-02-18,2025-02-18:1,True,0,10,True,0.2962962962962963,0.2962962962962963,-0.8965401804576556,True,0,1,2,True,-0.8962918741297162,260.0,220.0,1.0,0.0,0.0,0.0,0.0
2025-02-18 16:45:00+00:00,2025-02-18,2025-02-18:1,True,0,15,True,-0.13793103448275862,0.13793103448275862,0.0,True,0,0,2,True,0.6651443804198753,255.0,225.0,1.0,0.0,0.0,0.0,0.0
2025-02-18 16:50:00+00:00,2025-02-18,2025-02-18:1,True,0,20,True,0.2553191489361702,0.1422070614679173,0.5852301522184246,True,0,0,2,True,0.23348568968820435,250.0,230.0,1.0,0.0,0.0,0.0,0.0
2025-02-18 16:55:00+00:00,2025-02-18,2025-02-18:1,True,0,25,True,-0.03559870550161812,0.026289599069746285,-0.3031358865521894,True,0,0,2,True,-0.19500947916484251,245.0,235.0,1.0,0.0,0.0,0.0,0.0
2025-02-18 17:00:00+00:00,2025-02-18,2025-02-18:1,True,0,30,True,0.031578947368421054,0.026957216171975443,0.15823965305308907,True,0,0,2,True,-0.3538346209626893,240.0,240.0,1.0,0.0,0.0,0.0,0.0
2025-02-18 17:05:00+00:00,2025-02-18,2025-02-18:1,True,0,35,True,-0.047619047619047616,0.012922228957038375,-1.3042838378894928,True,0,0,2,True,-1.1886243022261143,235.0,245.0,1.0,0.0,0.0,0.0,0.0
2025-02-18 17:10:00+00:00,2025-02-18,2025-02-18:1,True,0,40,True,0.12804878048780488,0.08405189592452561,0.42097687217792507,True,0,0,2,True,-0.18920381990943616,230.0,250.0,1.0,0.0,0.0,0.0,0.0
2025-02-18 17:15:00+00:00,2025-02-18,2025-02-18:1,True,0,45,True,0.20474777448071216,0.20474777448071216,-0.09347115968501407,True,0,0,2,True,0.5132282358426059,225.0,255.0,1.0,0.0,0.0,0.0,0.0
2025-02-18 17:20:00+00:00,2025-02-18,2025-02-18:1,True,0,50,True,0.11392405063291139,0.1018951277989684,0.11158787831857274,True,0,0,2,True,1.885920162281478,220.0,260.0,1.0,0.0,0.0,0.0,0.0
2025-02-18 17:25:00+00:00,2025-02-18,2025-02-18:1,True,0,55,True,-0.21865889212827988,0.1255145645633048,-0.5550911412169666,True,0,0,2,True,0.49648861018706464,215.0,265.0,1.0,0.0,0.0,0.0,0.0
2025-02-18 17:30:00+00:00,2025-02-18,2025-02-18:1,True,4,5,True,-0.19850187265917604,0.19850187265917604,0.0,True,0,0,2,True,-0.5179804768946042,210.0,270.0,0.0,0.0,0.0,0.0,1.0
2025-02-18 17:35:00+00:00,2025-02-18,2025-02-18:1,True,0,5,True,0.05142857142857143,0.03190543213838669,0.4774176006313365,True,0,0,2,True,0.5337691043324989,205.0,275.0,1.0,0.0,0.0,0.0,0.0
2025-02-18 17:40:00+00:00,2025-02-18,2025-02-18:1,True,0,10,True,-0.03225806451612903,0.019349390676224067,-0.5111071451178313,True,0,0,2,True,0.0,200.0,280.0,1.0,0.0,0.0,0.0,0.0
2025-02-18 17:45:00+00:00,2025-02-18,2025-02-18:1,True,0,15,True,-0.2088607594936709,0.2088607594936709,0.0,True,0,0,2,True,0.0,195.0,285.0,1.0,0.0,0.0,0.0,0.0
2025-02-18 17:50:00+00:00,2025-02-18,2025-02-18:1,True,0,20,True,0.031055900621118012,0.031055900621118012,-0.14787164797537683,True,0,0,2,True,0.6613021136357234,190.0,290.0,1.0,0.0,0.0,0.0,0.0
2025-02-18 17:55:00+00:00,2025-02-18,2025-02-18:1,True,0,25,True,0.331306990881459,0.20993529259123103,0.45624605772834975,True,0,0,2,True,0.3400657331816501,185.0,295.0,1.0,0.0,0.0,0.0,0.0
2025-02-18 18:00:00+00:00,2025-02-18,2025-02-18:1,True,0,30,True,-0.2780487804878049,0.07738436134581052,-1.2790118572931375,True,0,0,2,True,-0.37405440571103815,180.0,300.0,1.0,0.0,0.0,0.0,0.0
2025-02-18 18:05:00+00:00,2025-02-18,2025-02-18:1,True,3,5,True,-0.09933774834437085,0.061250362697701906,-0.48355587226698576,True,0,0,2,True,0.0,175.0,305.0,0.0,0.0,0.0,1.0,0.0
2025-02-18 18:10:00+00:00,2025-02-18,2025-02-18:1,True,0,5,True,0.19135802469135801,0.13551055490289968,0.3450966149865172,True,0,0,2,True,0.0,170.0,310.0,1.0,0.0,0.0,0.0,0.0
2025-02-18 18:15:00+00:00,2025-02-18,2025-02-18:1,True,0,10,True,0.391812865497076,0.391812865497076,-0.3830709524065358,True,0,0,2,True,0.0,165.0,315.0,1.0,0.0,0.0,0.0,0.0
2025-02-18 18:20:00+00:00,2025-02-18,2025-02-18:1,True,3,5,True,-0.1111111111111111,0.051314701369788045,-0.7725534141152458,True,0,0,2,True,-0.8637409751068451,160.0,320.0,0.0,0.0,0.0,1.0,0.0
2025-02-18 18:25:00+00:00,2025-02-18,2025-02-18:1,True,4,5,True,-0.1773049645390071,0.1773049645390071,0.43365919357146815,True,1,0,2,True,0.9696914358935426,155.0,325.0,0.0,0.0,0.0,0.0,1.0
2025-02-18 18:30:00+00:00,2025-02-18,2025-02-18:1,True,0,5,True,-0.08088235294117647,0.08088235294117647,0.4309208064821039,True,1,0,2,True,0.9635682162130165,150.0,330.0,1.0,0.0,0.0,0.0,0.0
2025-02-18 18:35:00+00:00,2025-02-18,2025-02-18:1,True,0,10,True,-0.1601423487544484,0.07026242768993642,-0.8238259002326745,True,0,1,3,True,-1.736185066712246,145.0,335.0,1.0,0.0,0.0,0.0,0.0
2025-02-18 18:40:00+00:00,2025-02-18,2025-02-18:1,True,3,5,True,-0.4258064516129032,0.17673879930561226,-0.8793119715858911,True,0,0,3,True,0.0,140.0,340.0,0.0,0.0,0.0,1.0,0.0
2025-02-18 18:45:00+00:00,2025-02-18,2025-02-18:1,True,3,10,True,0.20891364902506965,0.20891364902506965,-0.8989139129993086,True,0,0,3,True,0.0,135.0,345.0,0.0,0.0,0.0,1.0,0.0
2025-02-18 18:50:00+00:00,2025-02-18,2025-02-18:1,True,3,15,True,0.15789473684210525,0.15789473684210525,-2.063959252948054,True,0,0,3,True,0.9230306384784052,130.0,350.0,0.0,0.0,0.0,1.0,0.0
2025-02-18 18:55:00+00:00,2025-02-18,2025-02-18:1,True,4,5,True,0.2578616352201258,0.11554931534852486,0.8027257319167754,True,1,0,3,True,0.8974746519270912,125.0,355.0,0.0,0.0,0.0,0.0,1.0
2025-02-18 19:00:00+00:00,2025-02-18,2025-02-18:1,True,4,10,True,0.2865853658536585,0.2865853658536585,0.0,True,1,0,3,True,0.0,120.0,360.0,0.0,0.0,0.0,0.0,1.0
2025-02-18 19:05:00+00:00,2025-02-18,2025-02-18:1,True,3,5,True,0.21428571428571427,0.21428571428571427,-0.4239587845862031,True,1,0,3,True,-0.9480006619929403,115.0,365.0,0.0,0.0,0.0,1.0,0.0
2025-02-18 19:10:00+00:00,2025-02-18,2025-02-18:1,True,4,5,True,0.0029850746268656717,0.0019451702354798663,0.4282752492484096,True,1,0,3,True,-0.5224330158697809,110.0,370.0,0.0,0.0,0.0,0.0,1.0
2025-02-18 19:15:00+00:00,2025-02-18,2025-02-18:1,True,0,5,True,-0.140893470790378,0.140893470790378,1.2667413285880982,True,1,0,3,True,0.5563228188321551,105.0,375.0,1.0,0.0,0.0,0.0,0.0
2025-02-18 19:20:00+00:00,2025-02-18,2025-02-18:1,True,0,10,True,-0.050505050505050504,0.03280750221262047,-0.4314161260508251,True,0,0,3,True,0.0,100.0,380.0,1.0,0.0,0.0,0.0,0.0
2025-02-18 19:25:00+00:00,2025-02-18,2025-02-18:1,True,1,5,True,-0.07692307692307693,0.07692307692307693,1.1668498024761977,True,0,0,3,True,-1.2710697701768972,95.0,385.0,0.0,1.0,0.0,0.0,0.0
2025-02-18 19:30:00+00:00,2025-02-18,2025-02-18:1,True,2,5,True,-0.13636363636363635,0.13636363636363635,0.0,True,0,0,3,True,0.0,90.0,390.0,0.0,0.0,1.0,0.0,0.0
2025-02-18 19:35:00+00:00,2025-02-18,2025-02-18:1,True,2,10,True,0.1757188498402556,0.1757188498402556,0.0,True,0,0,3,True,1.3987664466395304,85.0,395.0,0.0,0.0,1.0,0.0,0.0
2025-02-18 19:40:00+00:00,2025-02-18,2025-02-18:1,True,0,5,True,0.08011869436201781,0.08011869436201781,-1.2073897379927099,True,0,0,3,True,0.0,80.0,400.0,1.0,0.0,0.0,0.0,0.0
2025-02-18 19:45:00+00:00,2025-02-18,2025-02-18:1,True,0,10,True,-0.007042253521126761,0.003129148155150528,-0.8111674087736659,True,0,0,3,True,0.9069127335738494,75.0,405.0,1.0,0.0,0.0,0.0,0.0
2025-02-18 19:50:00+00:00,2025-02-18,2025-02-18:1,True,0,15,True,0.17073170731707318,0.11026564049547809,0.43720099316335614,True,0,0,3,True,0.0,70.0,410.0,1.0,0.0,0.0,0.0,0.0
2025-02-18 19:55:00+00:00,2025-02-18,2025-02-18:1,True,0,20,True,-0.3313782991202346,0.3313782991202346,0.4513118584267931,True,0,0,3,True,1.009163994494071,65.0,415.0,1.0,0.0,0.0,0.0,0.0
2025-02-18 20:00:00+00:00,2025-02-18,2025-02-18:1,True,3,5,True,0.1724137931034483,0.1724137931034483,-0.46774846652513746,True,0,0,3,True,-1.0459173675214921,60.0,420.0,0.0,0.0,0.0,1.0,0.0
2025-02-18 20:05:00+00:00,2025-02-18,2025-02-18:1,True,0,5,True,0.09774436090225563,0.06122814942511853,0.4677484665250881,True,0,0,3,True,0.0,55.0,425.0,1.0,0.0,0.0,0.0,0.0
2025-02-18 20:10:00+00:00,2025-02-18,2025-02-18:1,True,0,10,True,-0.013888888888888888,0.008622879409535185,-0.4766700928396885,True,0,0,3,True,-1.0658667304306793,50.0,430.0,1.0,0.0,0.0,0.0,0.0
2025-02-18 20:15:00+00:00,2025-02-18,2025-02-18:1,True,0,15,True,0.11572700296735905,0.043362986644277283,0.9816277598277146,True,0,0,3,True,-0.4449151051746956,45.0,435.0,1.0,0.0,0.0,0.0,0.0
2025-02-18 20:20:00+00:00,2025-02-18,2025-02-18:1,True,0,20,True,0.11764705882352941,0.11764705882352941,-0.9450363280352152,True,0,0,3,True,2.5399877354635185,40.0,440.0,1.0,0.0,0.0,0.0,0.0
2025-02-18 20:25:00+00:00,2025-02-18,2025-02-18:1,True,0,25,True,0.008547008547008548,0.005048922857338736,0.5264064192243371,True,0,0,3,True,-0.449576452611823,35.0,445.0,1.0,0.0,0.0,0.0,0.0
2025-02-18 20:30:00+00:00,2025-02-18,2025-02-18:1,True,0,30,True,0.08357348703170028,0.08357348703170028,-1.5866890002156913,True,0,0,3,True,0.833597286603285,30.0,450.0,1.0,0.0,0.0,0.0,0.0
2025-02-18 20:35:00+00:00,2025-02-18,2025-02-18:1,True,3,5,True,-0.10824742268041238,0.06513521464923297,-0.5079542230466421,True,0,0,3,True,-2.271640344380764,25.0,455.0,0.0,0.0,0.0,1.0,0.0
2025-02-18 20:40:00+00:00,2025-02-18,2025-02-18:1,True,0,5,True,-0.0963855421686747,0.0963855421686747,0.5068471656687975,True,0,0,3,True,-1.133344716638529,20.0,460.0,1.0,0.0,0.0,0.0,0.0
2025-02-18 20:45:00+00:00,2025-02-18,2025-02-18:1,True,3,5,True,0.4276923076923077,0.4276923076923077,-0.5121712385002396,True,0,0,3,True,0.0,15.0,465.0,0.0,0.0,0.0,1.0,0.0
2025-02-18 20:50:00+00:00,2025-02-18,2025-02-18:1,True,0,5,True,0.0932475884244373,0.05517402692227963,0.5247658810090811,True,0,0,3,True,1.1734121822088712,10.0,470.0,1.0,0.0,0.0,0.0,0.0
2025-02-18 20:55:00+00:00,2025-02-18,2025-02-18:1,True,3,5,True,0.15476190476190477,0.15476190476190477,-1.0495317620196536,True,0,0,3,True,-1.1734121822122063,5.0,475.0,0.0,0.0,0.0,1.0,0.0
2025-02-18 21:00:00+00:00,2025-02-18,2025-02-18:1,True,0,5,True,-0.04234527687296417,0.04234527687296417,0.5079542230480857,True,0,0,3,True,0.0,0.0,480.0,1.0,0.0,0.0,0.0,0.0
