decision_time,session_id,segment_id,valid,state_id,state_age_minutes,flow_available,flow_pressure,absorption,response_z5,vwap_available,recovery_active,recovery_failed_now,recovery_failures,reference_available,reference_residual_z,minutes_remaining,minutes_from_segment_open,state_0,state_1,state_2,state_3,state_4
2025-01-06 13:00:00+00:00,2025-01-06,2025-01-06:1,False,-1,0,False,,,,False,0,0,0,False,,480.0,0.0,,,,,
2025-01-06 13:05:00+00:00,2025-01-06,2025-01-06:1,False,-1,0,True,0.11355311355311355,,,False,0,0,0,False,,475.0,5.0,,,,,
2025-01-06 13:10:00+00:00,2025-01-06,2025-01-06:1,False,-1,0,True,-0.30659025787965616,,,False,0,0,0,False,,470.0,10.0,,,,,
2025-01-06 13:15:00+00:00,2025-01-06,2025-01-06:1,False,-1,0,True,-0.288135593220339,,,False,0,0,0,False,,465.0,15.0,,,,,
2025-01-06 13:20:00+00:00,2025-01-06,2025-01-06:1,False,-1,0,True,-0.5098591549295775,,,False,0,0,0,False,,460.0,20.0,,,,,
2025-01-06 13:25:00+00:00,2025-01-06,2025-01-06:1,False,-1,0,True,-0.323943661971831,,,False,0,0,0,False,,455.0,25.0,,,,,
2025-01-06 13:30:00+00:00,2025-01-06,2025-01-06:1,False,-1,0,True,-0.538860103626943,,,False,0,0,0,False,,450.0,30.0,,,,,
2025-01-06 13:35:00+00:00,2025-01-06,2025-01-06:1,False,-1,0,True,-0.4095238095238095,,,False,0,0,0,False,,445.0,35.0,,,,,
2025-01-06 13:40:00+00:00,2025-01-06,2025-01-06:1,False,-1,0,True,-0.46745562130177515,,,False,0,0,0,False,,440.0,40.0,,,,,
2025-01-06 13:45:00+00:00,2025-01-06,2025-01-06:1,False,-1,0,True,-0.6480446927374302,,,False,0,0,0,False,,435.0,45.0,,,,,
2025-01-06 13:50:00+00:00,2025-01-06,2025-01-06:1,False,-1,0,True,-0.40634005763688763,,,False,0,0,0,False,,430.0,50.0,,,,,
2025-01-06 13:55:00+00:00,2025-01-06,2025-01-06:1,False,-1,0,True,-0.2389937106918239,,,False,0,0,0,False,,425.0,55.0,,,,,
2025-01-06 14:00:00+00:00,2025-01-06,2025-01-06:1,False,-1,0,True,-0.44947735191637633,,,False,0,0,0,False,,420.0,60.0,,,,,
2025-01-06 14:05:00+00:00,2025-01-06,2025-01-06:1,True,0,5,True,-0.3373134328358209,0.27343807568738987,-0.209937383948668,True,0,0,0,False,,415.0,65.0,1.0,0.0,0.0,0.0,0.0
2025-01-06 14:10:00+00:00,2025-01-06,2025-01-06:1,True,0,10,True,-0.39944903581267216,0.39944903581267216,1.4283647395595103,True,0,0,0,False,,410.0,70.0,1.0,0.0,0.0,0.0,0.0
2025-01-06 14:15:00+00:00,2025-01-06,2025-01-06:1,True,0,15,True,-0.0932475884244373,0.06302731139272551,-0.39169005016771724,True,0,0,0,False,,405.0,75.0,1.0,0.0,0.0,0.0,0.0
2025-01-06 14:20:00+00:00,2025-01-06,2025-01-06:1,True,0,20,True,-0.3957703927492447,0.2677781274899533,-0.39067547167951855,True,0,0,0,False,,400.0,80.0,1.0,0.0,0.0,0.0,0.0
2025-01-06 14:25:00+00:00,2025-01-06,2025-01-06:1,True,0,25,True,-0.6607142857142857,0.6607142857142857,0.0,True,0,0,0,False,,395.0,85.0,1.0,0.0,0.0,0.0,0.0
2025-01-06 14:30:00+00:00,2025-01-06,2025-01-06:1,True,0,30,True,-0.411371237458194,0.17651437514247148,-0.8460937423406161,True,0,0,0,False,,390.0,90.0,1.0,0.0,0.0,0.0,0.0
2025-01-06 14:35:00+00:00,2025-01-06,2025-01-06:1,True,0,35,True,-0.24414715719063546,0.24414715719063546,0.9121197274363535,True,0,0,0,False,,385.0,95.0,1.0,0.0,0.0,0.0,0.0
2025-01-06 14:40:00+00:00,2025-01-06,2025-01-06:1,True,3,5,True,-0.5596816976127321,0.030458892345808838,-2.9109902424260117,True,0,0,0,False,,380.0,100.0,0.0,0.0,0.0,1.0,0.0
2025-01-06 14:45:00+00:00,2025-01-06,2025-01-06:1,True,3,10,True,-0.3391812865497076,0.22886584677119312,-0.3933987230922415,True,0,0,0,False,,375.0,105.0,0.0,0.0,0.0,1.0,0.0
2025-01-06 14:50:00+00:00,2025-01-06,2025-01-06:1,True,3,15,True,-0.38461538461538464,0.17442283357020075,-0.7907614046153019,True,0,0,0,False,,370.0,110.0,0.0,0.0,0.0,1.0,0.0
2025-01-06 14:55:00+00:00,2025-01-06,2025-01-06:1,True,4,5,True,-0.5979899497487438,0.5979899497487438,0.0,True,0,0,0,False,,365.0,115.0,0.0,0.0,0.0,0.0,1.0
2025-01-06 15:00:00+00:00,2025-01-06,2025-01-06:1,True,3,5,True,-0.49554896142433236,0.07217896073190684,-1.9265175602189075,True,0,0,0,False,,360.0,120.0,0.0,0.0,0.0,1.0,0.0
2025-01-06 15:05:00+00:00,2025-01-06,2025-01-06:1,True,4,5,True,-0.38904899135446686,0.38904899135446686,0.731952747151422,True,1,0,0,True,1.6366960989482953,355.0,125.0,0.0,0.0,0.0,0.0,1.0
2025-01-06 15:10:00+00:00,2025-01-06,2025-01-06:1,True,3,5,True,-0.7180156657963447,0.16244662971212204,-1.4861418721848367,True,0,1,1,True,-0.0161958208040303,350.0,130.0,0.0,0.0,0.0,1.0,0.0
2025-01-06 15:15:00+00:00,2025-01-06,2025-01-06:1,True,3,10,True,-0.41237113402061853,0.13208248424426317,-1.138497146524573,True,0,0,1,True,0.42485650819850246,345.0,135.0,0.0,0.0,0.0,1.0,0.0
2025-01-06 15:20:00+00:00,2025-01-06,2025-01-06:1,True,3,15,True,-0.6880222841225627,0.3963852446637975,-0.5514346487094708,True,0,0,1,True,1.2394054656569753,340.0,140.0,0.0,0.0,0.0,1.0,0.0
2025-01-06 15:25:00+00:00,2025-01-06,2025-01-06:1,True,4,5,True,-0.8541666666666666,0.8541666666666666,0.17853878410450183,True,1,0,1,True,-0.7992104274630487,335.0,145.0,0.0,0.0,0.0,0.0,1.0
2025-01-06 15:30:00+00:00,2025-01-06,2025-01-06:1,True,0,5,True,-0.2686868686868687,0.2686868686868687,2.502403488098025,True,1,0,1,True,1.8951699049317685,330.0,150.0,1.0,0.0,0.0,0.0,0.0
2025-01-06 15:35:00+00:00,2025-01-06,2025-01-06:1,True,0,10,True,0.8149100257069408,0.24265821115415417,1.2114237944644355,True,1,0,1,True,0.6772064884960434,325.0,155.0,1.0,0.0,0.0,0.0,0.0
2025-01-06 15:40:00+00:00,2025-01-06,2025-01-06:1,True,1,5,True,0.837708830548926,0.12325851875072234,1.916386654338661,True,0,0,1,True,-0.8570341660549277,320.0,160.0,0.0,1.0,0.0,0.0,0.0
2025-01-06 15:45:00+00:00,2025-01-06,2025-01-06:1,True,2,5,True,0.7487684729064039,0.7487684729064039,-1.4285938902100923,True,0,0,1,True,-3.7083124298371533,315.0,165.0,0.0,0.0,1.0,0.0,0.0
2025-01-06 15:50:00+00:00,2025-01-06,2025-01-06:1,True,2,10,True,0.7581120943952803,0.7581120943952803,-0.8339040403034579,True,0,0,1,True,-0.4661665302072328,310.0,170.0,0.0,0.0,1.0,0.0,0.0
2025-01-06 15:55:00+00:00,2025-01-06,2025-01-06:1,True,0,5,True,0.6122448979591837,0.6122448979591837,-0.8112145299449975,True,0,0,1,True,0.3252450580049172,305.0,175.0,1.0,0.0,0.0,0.0,0.0
2025-01-06 16:00:00+00:00,2025-01-06,2025-01-06:1,True,0,10,True,0.5276073619631901,0.3188366196771907,0.5036735668661754,True,0,0,1,True,0.1596035322865635,300.0,180.0,1.0,0.0,0.0,0.0,0.0
2025-01-06 16:05:00+00:00,2025-01-06,2025-01-06:1,True,0,15,True,0.54375,0.49051950365229546,0.10302454139024689,True,0,0,1,True,0.46073975579735604,295.0,185.0,1.0,0.0,0.0,0.0,0.0
2025-01-06 16:10:00+00:00,2025-01-06,2025-01-06:1,True,0,20,True,0.5013550135501355,0.3308991926050505,0.4155006850921702,True,0,0,1,True,0.0,290.0,190.0,1.0,0.0,0.0,0.0,0.0
2025-01-06 16:15:00+00:00,2025-01-06,2025-01-06:1,True,0,25,True,0.5625,0.5625,0.0,True,0,0,1,True,0.4706664515720296,285.0,195.0,1.0,0.0,0.0,0.0,0.0
2025-01-06 16:20:00+00:00,2025-01-06,2025-01-06:1,True,0,30,True,0.5421052631578948,0.3542478087000128,0.42546350224412316,True,0,0,1,True,0.16251137275232136,280.0,200.0,1.0,0.0,0.0,0.0,0.0
2025-01-06 16:25:00+00:00,2025-01-06,2025-01-06:1,True,0,35,True,0.48255813953488375,0.48255813953488375,-0.21421568050344786,True,0,0,1,True,-0.6434440441684685,275.0,205.0,1.0,0.0,0.0,0.0,0.0
2025-01-06 16:30:00+00:00,2025-01-06,2025-01-06:1,True,0,40,True,0.47337278106508873,0.37844802542633815,0.22380445251988268,True,0,0,1,True,0.16897438887827754,270.0,210.0,1.0,0.0,0.0,0.0,0.0
2025-01-06 16:35:00+00:00,2025-01-06,2025-01-06:1,True,0,45,True,0.44680851063829785,0.39903646792239034,0.11307730398047812,True,0,0,1,True,0.169930256081395,265.0,215.0,1.0,0.0,0.0,0.0,0.0
2025-01-06 16:40:00+00:00,2025-01-06,2025-01-06:1,True,0,50,True,0.5459459459459459,0.4777580993612134,0.1334154346313676,True,0,0,1,True,-1.7899558865022012,260.0,220.0,1.0,0.0,0.0,0.0,0.0
2025-01-06 16:45:00+00:00,2025-01-06,2025-01-06:1,True,0,55,True,0.513126491646778,0.3457154812804699,0.39490625884892994,True,0,0,1,True,0.0,255.0,225.0,1.0,0.0,0.0,0.0,0.0
2025-01-06 16:50:00+00:00,2025-01-06,2025-01-06:1,True,1,5,True,0.5279503105590062,0.1587511206311683,1.2016644736461313,True,0,0,1,True,0.28912282639371056,250.0,230.0,0.0,1.0,0.0,0.0,0.0
2025-01-06 16:55:00+00:00,2025-01-06,2025-01-06:1,True,2,5,True,0.3754152823920266,0.3754152823920266,-0.700002197121997,True,0,0,1,True,0.0,245.0,235.0,0.0,0.0,1.0,0.0,0.0
2025-01-06 17:00:00+00:00,2025-01-06,2025-01-06:1,True,0,5,True,0.4206128133704735,0.4206128133704735,-0.4738837992644867,True,0,0,1,True,0.0,240.0,240.0,1.0,0.0,0.0,0.0,0.0
2025-01-06 17:05:00+00:00,2025-01-06,2025-01-06:1,True,0,10,True,0.3076923076923077,0.3076923076923077,0.0,True,0,0,1,True,0.367124246193844,235.0,245.0,1.0,0.0,0.0,0.0,0.0
2025-01-06 17:10:00+00:00,2025-01-06,2025-01-06:1,True,1,5,True,0.6324324324324324,0.05995892299364354,2.355913677709153,True,0,0,1,True,1.0535966264952406,230.0,250.0,0.0,1.0,0.0,0.0,0.0
2025-01-06 17:15:00+00:00,2025-01-06,2025-01-06:1,True,1,10,True,0.23529411764705882,0.057646369949259396,1.4065090183685962,True,0,0,1,True,0.36221820644560365,225.0,255.0,0.0,1.0,0.0,0.0,0.0
2025-01-06 17:20:00+00:00,2025-01-06,2025-01-06:1,True,2,5,True,0.04424778761061947,0.04424778761061947,0.0,True,0,0,1,True,1.060267137107645,220.0,260.0,0.0,0.0,1.0,0.0,0.0
2025-01-06 17:25:00+00:00,2025-01-06,2025-01-06:1,True,1,5,True,0.22491349480968859,0.1395727790877191,0.4771296816588381,True,0,0,1,True,0.37149613286738975,215.0,265.0,0.0,1.0,0.0,0.0,0.0
2025-01-06 17:30:00+00:00,2025-01-06,2025-01-06:1,True,1,10,True,0.17374517374517376,0.10622958327921045,0.49198707508512324,True,0,0,1,True,-0.4067727426929657,210.0,270.0,0.0,1.0,0.0,0.0,0.0
2025-01-06 17:35:00+00:00,2025-01-06,2025-01-06:1,True,1,15,True,0.195822454308094,0.04475414646084581,1.476024304566533,True,0,0,1,True,-0.34798504051540563,205.0,275.0,0.0,1.0,0.0,0.0,0.0
2025-01-06 17:40:00+00:00,2025-01-06,2025-01-06:1,True,2,5,True,0.3638814016172507,0.3638814016172507,-0.49274572946812467,True,0,0,1,True,-0.4820053054639388,200.0,280.0,0.0,0.0,1.0,0.0,0.0
2025-01-06 17:45:00+00:00,2025-01-06,2025-01-06:1,True,1,5,True,0.5609756097560976,0.2549997668197509,0.7884147974813205,True,0,0,1,True,0.5876496938783209,195.0,285.0,0.0,1.0,0.0,0.0,0.0
2025-01-06 17:50:00+00:00,2025-01-06,2025-01-06:1,True,2,5,True,0.248,0.19109127789427963,0.2606775375392245,True,0,0,1,True,0.0,190.0,290.0,0.0,0.0,1.0,0.0,0.0
2025-01-06 17:55:00+00:00,2025-01-06,2025-01-06:1,True,2,10,True,0.46701846965699206,0.46701846965699206,0.0,True,0,0,1,True,0.0,185.0,295.0,0.0,0.0,1.0,0.0,0.0
2025-01-06 18:00:00+00:00,2025-01-06,2025-01-06:1,True,1,5,True,-0.015228426395939087,0.015228426395939087,0.25551822057825957,True,0,0,1,True,-2.2968068045940218,180.0,300.0,0.0,1.0,0.0,0.0,0.0
2025-01-06 18:05:00+00:00,2025-01-06,2025-01-06:1,True,0,5,True,-0.8265060240963855,0.6624211465515547,-0.22130567921405347,True,0,0,1,True,-0.4416781358487472,175.0,305.0,1.0,0.0,0.0,0.0,0.0
2025-01-06 18:10:00+00:00,2025-01-06,2025-01-06:1,True,0,10,True,-0.8582677165354331,0.2221838589807992,-1.3514108420362956,True,0,0,1,True,-0.9200596930767517,170.0,310.0,1.0,0.0,0.0,0.0,0.0
2025-01-06 18:15:00+00:00,2025-01-06,2025-01-06:1,True,0,15,True,-0.7730870712401056,0.7730870712401056,0.0,True,0,0,1,True,0.0,165.0,315.0,1.0,0.0,0.0,0.0,0.0
2025-01-06 18:20:00+00:00,2025-01-06,2025-01-06:1,True,0,20,True,-0.7653061224489796,0.7653061224489796,1.2774013313490167,True,0,0,1,True,1.3431777787965464,160.0,320.0,1.0,0.0,0.0,0.0,0.0
2025-01-06 18:25:00+00:00,2025-01-06,2025-01-06:1,True,0,25,True,-0.7253731343283583,0.31738235373021395,-0.8265789802639683,True,0,0,1,True,-0.9241433943213451,155.0,325.0,1.0,0.0,0.0,0.0,0.0
2025-01-06 18:30:00+00:00,2025-01-06,2025-01-06:1,True,0,30,True,-0.49262536873156343,0.32327663909592813,-0.42124055956578865,True,0,0,1,True,0.0,150.0,330.0,1.0,0.0,0.0,0.0,0.0
2025-01-06 18:35:00+00:00,2025-01-06,2025-01-06:1,True,0,35,True,-0.12337662337662338,0.12337662337662338,0.0,True,0,0,1,True,-0.5409856668961994,145.0,335.0,1.0,0.0,0.0,0.0,0.0
2025-01-06 18:40:00+00:00,2025-01-06,2025-01-06:1,True,0,40,True,-0.5297619047619048,0.2209697209785436,-0.8744019863267373,True,0,0,1,True,0.0,140.0,340.0,1.0,0.0,0.0,0.0,0.0
2025-01-06 18:45:00+00:00,2025-01-06,2025-01-06:1,True,3,5,True,-0.7869822485207101,0.20194484182255573,-1.3602110924517377,True,0,0,1,True,-1.0138414888228184,135.0,345.0,0.0,0.0,0.0,1.0,0.0
2025-01-06 18:50:00+00:00,2025-01-06,2025-01-06:1,True,3,10,True,-0.8610421836228288,0.2113668772235692,-1.4045481187760205,True,0,0,1,True,-1.0468883570832184,130.0,350.0,0.0,0.0,0.0,1.0,0.0
2025-01-06 18:55:00+00:00,2025-01-06,2025-01-06:1,True,4,5,True,-0.8465346534653465,0.8465346534653465,0.0,True,0,0,1,True,1.0347851947522217,125.0,355.0,0.0,0.0,0.0,0.0,1.0
2025-01-06 19:00:00+00:00,2025-01-06,2025-01-06:1,True,4,10,True,-0.8497409326424871,0.8497409326424871,0.9428090415813186,True,0,0,1,True,-0.5466615889735429,120.0,360.0,0.0,0.0,0.0,0.0,1.0
2025-01-06 19:05:00+00:00,2025-01-06,2025-01-06:1,True,3,5,True,-0.9113300492610837,0.04234969891536043,-3.068943813382473,True,0,0,1,True,-0.2823514169211525,115.0,365.0,0.0,0.0,0.0,1.0,0.0
2025-01-06 19:10:00+00:00,2025-01-06,2025-01-06:1,True,3,10,True,-0.8271028037383178,0.39189299231201274,-0.7469401728050316,True,0,0,1,True,0.0,110.0,370.0,0.0,0.0,0.0,1.0,0.0
2025-01-06 19:15:00+00:00,2025-01-06,2025-01-06:1,True,3,15,True,-0.7243243243243244,0.07539163956438581,-2.2625428660975193,True,0,0,1,True,-1.9741454289510456,105.0,375.0,0.0,0.0,0.0,1.0,0.0
2025-01-06 19:20:00+00:00,2025-01-06,2025-01-06:1,True,4,5,True,-0.6710182767624021,0.6710182767624021,0.0,True,0,0,1,True,0.0,100.0,380.0,0.0,0.0,0.0,0.0,1.0
2025-01-06 19:25:00+00:00,2025-01-06,2025-01-06:1,True,4,10,True,-0.6424116424116424,0.6424116424116424,0.0,True,0,0,1,True,0.26867621029758787,95.0,385.0,0.0,0.0,0.0,0.0,1.0
2025-01-06 19:30:00+00:00,2025-01-06,2025-01-06:1,True,3,5,True,-0.5594936708860759,0.17727993311482654,-1.1493021893254203,True,0,0,1,True,-0.8566392740086142,90.0,390.0,0.0,0.0,0.0,1.0,0.0
2025-01-06 19:35:00+00:00,2025-01-06,2025-01-06:1,True,4,5,True,-0.7712895377128953,0.5237055029050778,-0.3871343293898159,True,0,0,1,True,0.0,85.0,395.0,0.0,0.0,0.0,0.0,1.0
2025-01-06 19:40:00+00:00,2025-01-06,2025-01-06:1,True,4,10,True,-0.5684647302904564,0.5684647302904564,0.0,True,0,0,1,True,0.0,80.0,400.0,0.0,0.0,0.0,0.0,1.0
2025-01-06 19:45:00+00:00,2025-01-06,2025-01-06:1,True,3,5,True,-0.591715976331361,0.4014449061547188,-0.38795644611392976,True,0,0,1,True,0.8674969858224467,75.0,405.0,0.0,0.0,0.0,1.0,0.0
2025-01-06 19:50:00+00:00,2025-01-06,2025-01-06:1,True,3,10,True,-0.47214076246334313,0.21894977026467236,-0.7684348226955443,True,0,0,1,True,0.0,70.0,410.0,0.0,0.0,0.0,1.0,0.0
2025-01-06 19:55:00+00:00,2025-01-06,2025-01-06:1,True,4,5,True,-0.2200557103064067,0.2200557103064067,0.3966967406814459,True,1,0,1,True,0.0,65.0,415.0,0.0,0.0,0.0,0.0,1.0
2025-01-06 20:00:00+00:00,2025-01-06,2025-01-06:1,True,0,5,True,-0.26153846153846155,0.26153846153846155,0.0,True,1,0,1,True,-0.5596825368918175,60.0,420.0,1.0,0.0,0.0,0.0,0.0
2025-01-06 20:05:00+00:00,2025-01-06,2025-01-06:1,True,3,5,True,0.06229508196721312,0.06229508196721312,-1.1750701505032808,True,0,1,2,True,0.7507257074773737,55.0,425.0,0.0,0.0,0.0,1.0,0.0
2025-01-06 20:10:00+00:00,2025-01-06,2025-01-06:1,True,3,10,True,-0.384180790960452,0.03150328811983989,-2.501021326443715,True,0,0,2,True,0.18003749517948225,50.0,430.0,0.0,0.0,0.0,1.0,0.0
2025-01-06 20:15:00+00:00,2025-01-06,2025-01-06:1,True,4,5,True,-0.21768707482993196,0.21768707482993196,0.0,True,0,0,2,True,-0.5803493653344143,45.0,435.0,0.0,0.0,0.0,0.0,1.0
2025-01-06 20:20:00+00:00,2025-01-06,2025-01-06:1,True,4,10,True,-0.0030581039755351682,0.0030581039755351682,0.6380678136307335,True,1,0,2,True,0.0,40.0,440.0,0.0,0.0,0.0,0.0,1.0
2025-01-06 20:25:00+00:00,2025-01-06,2025-01-06:1,True,3,5,True,-0.3613053613053613,0.1104427134853641,-1.185226520443559,True,0,1,3,True,-0.710211681907712,35.0,445.0,0.0,0.0,0.0,1.0,0.0
2025-01-06 20:30:00+00:00,2025-01-06,2025-01-06:1,True,3,10,True,0.038461538461538464,0.038461538461538464,-1.7003255800107058,True,0,0,3,True,-0.6910131447173227,30.0,450.0,0.0,0.0,0.0,1.0,0.0
2025-01-06 20:35:00+00:00,2025-01-06,2025-01-06:1,True,4,5,True,0.11504424778761062,0.039677057028704776,1.064543705688583,True,1,0,3,True,-1.8878966708600113,25.0,455.0,0.0,0.0,0.0,0.0,1.0
2025-01-06 20:40:00+00:00,2025-01-06,2025-01-06:1,True,0,5,True,0.25625,0.09471635252923827,0.9952668679844877,True,1,0,3,True,1.772345964274831,20.0,460.0,1.0,0.0,0.0,0.0,0.0
2025-01-06 20:45:00+00:00,2025-01-06,2025-01-06:1,True,0,10,True,-0.1,0.1,0.0,True,1,0,3,True,-0.6116598990629956,15.0,465.0,1.0,0.0,0.0,0.0,0.0
2025-01-06 20:50:00+00:00,2025-01-06,2025-01-06:1,True,0,15,True,-0.09841269841269841,0.09841269841269841,0.8531315618564377,True,1,0,3,True,0.0,10.0,470.0,1.0,0.0,0.0,0.0,0.0
2025-01-06 20:55:00+00:00,2025-01-06,2025-01-06:1,True,1,5,True,-0.48348348348348347,0.48348348348348347,2.4510881049384734,True,1,0,3,True,2.3788535628789953,5.0,475.0,0.0,1.0,0.0,0.0,0.0
2025-01-06 21:00:00+00:00,2025-01-06,2025-01-06:1,True,1,10,True,-0.2784090909090909,0.2784090909090909,0.67396462599617,True,0,0,3,True,-0.5430016615392004,0.0,480.0,0.0,1.0,0.0,0.0,0.0
2025-01-07 13:00:00+00:00,2025-01-07,2025-01-07:1,False,-1,0,False,,,,False,0,0,0,False,,480.0,0.0,,,,,
2025-01-07 13:05:00+00:00,2025-01-07,2025-01-07:1,False,-1,0,True,0.17220543806646527,,,False,0,0,0,False,,475.0,5.0,,,,,
2025-01-07 13:10:00+00:00,2025-01-07,2025-01-07:1,False,-1,0,True,-0.018315018315018316,,,False,0,0,0,False,,470.0,10.0,,,,,
2025-01-07 13:15:00+00:00,2025-01-07,2025-01-07:1,False,-1,0,True,-0.19117647058823528,,,False,0,0,0,False,,465.0,15.0,,,,,
2025-01-07 13:20:00+00:00,2025-01-07,2025-01-07:1,False,-1,0,True,-0.07641196013289037,,,False,0,0,0,False,,460.0,20.0,,,,,
2025-01-07 13:25:00+00:00,2025-01-07,2025-01-07:1,False,-1,0,True,0.13970588235294118,,,False,0,0,0,False,,455.0,25.0,,,,,
2025-01-07 13:30:00+00:00,2025-01-07,2025-01-07:1,False,-1,0,True,-0.05508474576271186,,,False,0,0,0,False,,450.0,30.0,,,,,
2025-01-07 13:35:00+00:00,2025-01-07,2025-01-07:1,False,-1,0,True,-0.3018867924528302,,,False,0,0,0,False,,445.0,35.0,,,,,
2025-01-07 13:40:00+00:00,2025-01-07,2025-01-07:1,False,-1,0,True,-0.17647058823529413,,,False,0,0,0,False,,440.0,40.0,,,,,
2025-01-07 13:45:00+00:00,2025-01-07,2025-01-07:1,False,-1,0,True,-0.014388489208633094,,,False,0,0,0,False,,435.0,45.0,,,,,
2025-01-07 13:50:00+00:00,2025-01-07,2025-01-07:1,False,-1,0,True,-0.09538461538461539,,,False,0,0,0,False,,430.0,50.0,,,,,
2025-01-07 13:55:00+00:00,2025-01-07,2025-01-07:1,False,-1,0,True,0.3142857142857143,,,False,0,0,0,False,,425.0,55.0,,,,,
2025-01-07 14:00:00+00:00,2025-01-07,2025-01-07:1,False,-1,0,True,0.2830188679245283,,,False,0,0,0,False,,420.0,60.0,,,,,
2025-01-07 14:05:00+00:00,2025-01-07,2025-01-07:1,True,0,5,True,0.07122507122507123,0.0396791928640669,0.5850179393020296,True,0,0,0,False,,415.0,65.0,1.0,0.0,0.0,0.0,0.0
2025-01-07 14:10:00+00:00,2025-01-07,2025-01-07:1,True,0,10,True,0.18885448916408668,0.04184704802617281,1.506955562494172,True,0,0,0,False,,410.0,70.0,1.0,0.0,0.0,0.0,0.0
2025-01-07 14:15:00+00:00,2025-01-07,2025-01-07:1,True,0,15,True,0.4275618374558304,0.4275618374558304,-0.5629567676937794,True,0,0,0,False,,405.0,75.0,1.0,0.0,0.0,0.0,0.0
2025-01-07 14:20:00+00:00,2025-01-07,2025-01-07:1,True,0,20,True,0.5413333333333333,0.40868707528389864,0.2810854659522594,True,0,0,0,False,,400.0,80.0,1.0,0.0,0.0,0.0,0.0
2025-01-07 14:25:00+00:00,2025-01-07,2025-01-07:1,True,1,5,True,0.7175141242937854,0.23667631642894768,1.1090991786874294,True,0,0,0,False,,395.0,85.0,0.0,1.0,0.0,0.0,0.0
2025-01-07 14:30:00+00:00,2025-01-07,2025-01-07:1,True,1,10,True,0.6424581005586593,0.3641477162776614,0.5677420022384828,True,0,0,0,False,,390.0,90.0,0.0,1.0,0.0,0.0,0.0
2025-01-07 14:35:00+00:00,2025-01-07,2025-01-07:1,True,2,5,True,0.25868725868725867,0.25868725868725867,0.0,True,0,0,0,False,,385.0,95.0,0.0,0.0,1.0,0.0,0.0
2025-01-07 14:40:00+00:00,2025-01-07,2025-01-07:1,True,0,5,True,0.13043478260869565,0.13043478260869565,-0.35328061407144895,True,0,0,0,False,,380.0,100.0,1.0,0.0,0.0,0.0,0.0
2025-01-07 14:45:00+00:00,2025-01-07,2025-01-07:1,True,1,5,True,0.2884097035040431,0.20180552429210522,0.3570775682070271,True,0,0,0,False,,375.0,105.0,0.0,1.0,0.0,0.0,0.0
2025-01-07 14:50:00+00:00,2025-01-07,2025-01-07:1,True,1,10,True,0.2029520295202952,0.14241582963633292,0.3542184873587044,True,0,0,0,False,,370.0,110.0,0.0,1.0,0.0,0.0,0.0
2025-01-07 14:55:00+00:00,2025-01-07,2025-01-07:1,True,1,15,True,0.06741573033707865,0.02955525673773475,0.8246167574610784,True,0,0,0,False,,365.0,115.0,0.0,1.0,0.0,0.0,0.0
2025-01-07 15:00:00+00:00,2025-01-07,2025-01-07:1,True,1,20,True,0.34328358208955223,0.09189695567026965,1.3178889732550398,True,0,0,0,False,,360.0,120.0,0.0,1.0,0.0,0.0,0.0
2025-01-07 15:05:00+00:00,2025-01-07,2025-01-07:1,True,2,5,True,0.2899022801302932,0.2899022801302932,0.0,True,0,0,0,True,-0.982296443667085,355.0,125.0,0.0,0.0,1.0,0.0,0.0
2025-01-07 15:10:00+00:00,2025-01-07,2025-01-07:1,True,1,5,True,0.0,0.0,1.4122203075950064,True,0,0,0,True,0.0,350.0,130.0,0.0,1.0,0.0,0.0,0.0
2025-01-07 15:15:00+00:00,2025-01-07,2025-01-07:1,True,1,10,True,0.1916376306620209,0.07403607218016935,0.9510538121275901,True,0,0,0,True,-0.05453300623519141,345.0,135.0,0.0,1.0,0.0,0.0,0.0
2025-01-07 15:20:00+00:00,2025-01-07,2025-01-07:1,True,1,15,True,0.10606060606060606,0.05237620559135102,0.7055582895830275,True,0,0,0,True,-1.5776762975991205,340.0,140.0,0.0,1.0,0.0,0.0,0.0
2025-01-07 15:25:00+00:00,2025-01-07,2025-01-07:1,True,2,5,True,0.27976190476190477,0.27976190476190477,-0.6874300482193707,True,0,0,0,True,0.0,335.0,145.0,0.0,0.0,1.0,0.0,0.0
2025-01-07 15:30:00+00:00,2025-01-07,2025-01-07:1,True,0,5,True,0.7624703087885986,0.7624703087885986,-2.050050732611655,True,0,0,0,True,0.4650006028763857,330.0,150.0,1.0,0.0,0.0,0.0,0.0
2025-01-07 15:35:00+00:00,2025-01-07,2025-01-07:1,True,0,10,True,0.9181286549707602,0.9181286549707602,-0.3735897043047825,True,0,0,0,True,0.4835383538009719,325.0,155.0,1.0,0.0,0.0,0.0,0.0
2025-01-07 15:40:00+00:00,2025-01-07,2025-01-07:1,True,0,15,True,0.9047619047619048,0.6382509473879988,0.34894027995213844,True,0,0,0,True,0.7802541860607887,320.0,160.0,1.0,0.0,0.0,0.0,0.0
2025-01-07 15:45:00+00:00,2025-01-07,2025-01-07:1,True,0,20,True,0.7957244655581948,0.09783352035791344,2.095985714861394,True,0,0,0,True,0.3523207271712551,315.0,165.0,1.0,0.0,0.0,0.0,0.0
2025-01-07 15:50:00+00:00,2025-01-07,2025-01-07:1,True,0,25,True,0.6795252225519288,0.6795252225519288,-0.9230306384767024,True,0,0,0,True,-1.0673098799201803,310.0,170.0,1.0,0.0,0.0,0.0,0.0
2025-01-07 15:55:00+00:00,2025-01-07,2025-01-07:1,True,0,30,True,0.7805486284289277,0.6704271341882312,0.15208201924247342,True,0,0,0,True,0.31433873149663755,305.0,175.0,1.0,0.0,0.0,0.0,0.0
2025-01-07 16:00:00+00:00,2025-01-07,2025-01-07:1,True,1,5,True,0.8177215189873418,0.1267844863780973,1.8640331499614613,True,0,0,0,True,0.0,300.0,180.0,0.0,1.0,0.0,0.0,0.0
2025-01-07 16:05:00+00:00,2025-01-07,2025-01-07:1,True,1,10,True,0.6766743648960739,0.4433778051003268,0.42276792022358645,True,0,0,0,True,0.5588579483138445,295.0,185.0,0.0,1.0,0.0,0.0,0.0
2025-01-07 16:10:00+00:00,2025-01-07,2025-01-07:1,True,1,15,True,0.7925531914893617,0.38968537161809386,0.7099199480041248,True,0,0,0,True,0.6349717049292186,290.0,190.0,0.0,1.0,0.0,0.0,0.0
2025-01-07 16:15:00+00:00,2025-01-07,2025-01-07:1,True,1,20,True,0.864321608040201,0.6493788399266591,0.2859286559697815,True,0,0,0,True,0.9794345069441494,285.0,195.0,0.0,1.0,0.0,0.0,0.0
2025-01-07 16:20:00+00:00,2025-01-07,2025-01-07:1,True,1,25,True,0.8136986301369863,0.3457035042840884,0.8560085805483345,True,0,0,0,True,0.9426684914996586,280.0,200.0,0.0,1.0,0.0,0.0,0.0
2025-01-07 16:25:00+00:00,2025-01-07,2025-01-07:1,True,2,5,True,0.7688172043010753,0.7688172043010753,0.0,True,0,0,0,True,0.2965863504078844,275.0,205.0,0.0,0.0,1.0,0.0,0.0
2025-01-07 16:30:00+00:00,2025-01-07,2025-01-07:1,True,1,5,True,0.5426997245179064,0.21293671128714556,0.935561182005044,True,0,0,0,True,0.32451352616655565,270.0,210.0,0.0,1.0,0.0,0.0,0.0
2025-01-07 16:35:00+00:00,2025-01-07,2025-01-07:1,True,1,10,True,0.38333333333333336,0.2023033062455969,0.6391368453687748,True,0,0,0,True,0.0,265.0,215.0,0.0,1.0,0.0,0.0,0.0
2025-01-07 16:40:00+00:00,2025-01-07,2025-01-07:1,True,1,15,True,0.6229508196721312,0.44473796300044377,0.3369823129975813,True,0,0,0,True,0.0,260.0,220.0,0.0,1.0,0.0,0.0,0.0
2025-01-07 16:45:00+00:00,2025-01-07,2025-01-07:1,True,1,20,True,0.6319018404907976,0.14501995698490017,1.4718626990765564,True,0,0,0,True,1.2061337965418923,255.0,225.0,0.0,1.0,0.0,0.0,0.0
2025-01-07 16:50:00+00:00,2025-01-07,2025-01-07:1,True,1,25,True,0.7201166180758017,0.2170713065881576,1.1991872670927133,True,0,0,0,True,-0.49490489930302833,250.0,230.0,0.0,1.0,0.0,0.0,0.0
2025-01-07 16:55:00+00:00,2025-01-07,2025-01-07:1,True,2,5,True,0.5611111111111111,0.3735119511508437,0.40696894314574134,True,0,0,0,True,-0.5116667890880564,245.0,235.0,0.0,0.0,1.0,0.0,0.0
2025-01-07 17:00:00+00:00,2025-01-07,2025-01-07:1,True,1,5,True,0.09090909090909091,0.057369932834339485,0.4603396583160185,True,0,0,0,True,0.0,240.0,240.0,0.0,1.0,0.0,0.0,0.0
2025-01-07 17:05:00+00:00,2025-01-07,2025-01-07:1,True,1,10,True,0.5607235142118863,0.12553607528429464,1.4966347697630211,True,0,0,0,True,0.4915360458058835,235.0,245.0,0.0,1.0,0.0,0.0,0.0
2025-01-07 17:10:00+00:00,2025-01-07,2025-01-07:1,True,2,5,True,0.4031746031746032,0.2434904695669956,0.5042919242136695,True,0,0,0,True,0.0,230.0,250.0,0.0,0.0,1.0,0.0,0.0
2025-01-07 17:15:00+00:00,2025-01-07,2025-01-07:1,True,2,10,True,0.5827814569536424,0.5827814569536424,0.0,True,0,0,0,True,0.6062685928754176,225.0,255.0,0.0,0.0,1.0,0.0,0.0
2025-01-07 17:20:00+00:00,2025-01-07,2025-01-07:1,True,1,5,True,0.41545893719806765,0.2477937042179516,0.5167872198052066,True,0,0,0,True,-0.5076438346883269,220.0,260.0,0.0,1.0,0.0,0.0,0.0
2025-01-07 17:25:00+00:00,2025-01-07,2025-01-07:1,True,1,10,True,0.3615819209039548,0.11493759541068141,1.146099297294539,True,0,0,0,True,0.5495018284692351,215.0,265.0,0.0,1.0,0.0,0.0,0.0
2025-01-07 17:30:00+00:00,2025-01-07,2025-01-07:1,True,2,5,True,-0.09036144578313253,0.051365225185476475,-0.5648563010435569,True,0,0,0,True,-0.7371861360569029,210.0,270.0,0.0,0.0,1.0,0.0,0.0
2025-01-07 17:35:00+00:00,2025-01-07,2025-01-07:1,True,0,5,True,0.04087193460490463,0.04087193460490463,0.0,True,0,0,0,True,0.0,205.0,275.0,1.0,0.0,0.0,0.0,0.0
2025-01-07 17:40:00+00:00,2025-01-07,2025-01-07:1,True,0,10,True,0.017543859649122806,0.017543859649122806,0.0,True,0,0,0,True,-0.8898987414460428,200.0,280.0,1.0,0.0,0.0,0.0,0.0
2025-01-07 17:45:00+00:00,2025-01-07,2025-01-07:1,True,0,15,True,-0.006622516556291391,0.006622516556291391,0.0,True,0,0,0,True,0.8181326470201924,195.0,285.0,1.0,0.0,0.0,0.0,0.0
2025-01-07 17:50:00+00:00,2025-01-07,2025-01-07:1,True,1,5,True,0.21981424148606812,0.057626095047824115,1.3388073286654212,True,0,0,0,True,0.0,190.0,290.0,0.0,1.0,0.0,0.0,0.0
2025-01-07 17:55:00+00:00,2025-01-07,2025-01-07:1,True,0,5,True,-0.012269938650306749,0.012269938650306749,0.0,True,0,0,0,True,-0.7124599424498678,185.0,295.0,1.0,0.0,0.0,0.0,0.0
2025-01-07 18:00:00+00:00,2025-01-07,2025-01-07:1,True,0,10,True,-0.5160493827160494,0.13733065846133163,-1.323810880571989,True,0,0,0,True,-2.205923014018895,180.0,300.0,1.0,0.0,0.0,0.0,0.0
2025-01-07 18:05:00+00:00,2025-01-07,2025-01-07:1,True,0,15,True,-0.9775280898876404,0.9775280898876404,0.6097940139875718,True,0,0,0,True,0.6607686590659018,175.0,305.0,1.0,0.0,0.0,0.0,0.0
2025-01-07 18:10:00+00:00,2025-01-07,2025-01-07:1,True,0,20,True,-0.9656019656019657,0.5047721160484329,-0.648644633329417,True,0,0,0,True,-1.4974153470165903,170.0,310.0,1.0,0.0,0.0,0.0,0.0
2025-01-07 18:15:00+00:00,2025-01-07,2025-01-07:1,True,3,5,True,-0.970873786407767,0.037085823334201004,-3.264961700525737,True,0,0,0,True,-0.5792378258928534,165.0,315.0,0.0,0.0,0.0,1.0,0.0
2025-01-07 18:20:00+00:00,2025-01-07,2025-01-07:1,True,3,10,True,-0.967828418230563,0.36143055036231303,-0.9849849097091917,True,0,0,0,True,-0.2043597889328099,160.0,320.0,0.0,0.0,0.0,1.0,0.0
2025-01-07 18:25:00+00:00,2025-01-07,2025-01-07:1,True,3,15,True,-0.9603960396039604,0.2279217886609675,-1.4383432027275584,True,0,0,0,True,-0.4745234135175362,155.0,325.0,0.0,0.0,0.0,1.0,0.0
2025-01-07 18:30:00+00:00,2025-01-07,2025-01-07:1,True,4,5,True,-0.9455040871934605,0.7434638966362075,-0.24039800481333712,True,0,0,0,True,0.0,150.0,330.0,0.0,0.0,0.0,0.0,1.0
2025-01-07 18:35:00+00:00,2025-01-07,2025-01-07:1,True,3,5,True,-0.9453781512605042,0.05906462177601239,-2.772952878656436,True,0,0,0,True,-1.483817103772842,145.0,335.0,0.0,0.0,0.0,1.0,0.0
2025-01-07 18:40:00+00:00,2025-01-07,2025-01-07:1,True,4,5,True,-0.9525065963060686,0.9525065963060686,0.0,True,0,0,0,True,-0.43796648837013763,140.0,340.0,0.0,0.0,0.0,0.0,1.0
2025-01-07 18:45:00+00:00,2025-01-07,2025-01-07:1,True,3,5,True,-0.8808933002481389,0.08370102423658604,-2.3536852920940627,True,0,0,0,True,-0.3781130924083079,135.0,345.0,0.0,0.0,0.0,1.0,0.0
2025-01-07 18:50:00+00:00,2025-01-07,2025-01-07:1,True,3,10,True,-0.9358600583090378,0.1084277966288276,-2.1553814723471145,True,0,0,0,True,0.0,130.0,350.0,0.0,0.0,0.0,1.0,0.0
2025-01-07 18:55:00+00:00,2025-01-07,2025-01-07:1,True,4,5,True,-0.8792270531400966,0.8792270531400966,0.0,True,0,0,0,True,0.0,125.0,355.0,0.0,0.0,0.0,0.0,1.0
2025-01-07 19:00:00+00:00,2025-01-07,2025-01-07:1,True,3,5,True,-0.92018779342723,0.09878228889577179,-2.2316594460073382,True,0,0,0,True,-0.9980284447792513,120.0,360.0,0.0,0.0,0.0,1.0,0.0
2025-01-07 19:05:00+00:00,2025-01-07,2025-01-07:1,True,3,10,True,-0.7433155080213903,0.29454758519186475,-0.9256800256203165,True,0,0,0,True,0.5829471076304867,115.0,365.0,0.0,0.0,0.0,1.0,0.0
2025-01-07 19:10:00+00:00,2025-01-07,2025-01-07:1,True,3,15,True,-0.8442822384428224,0.2029094190254843,-1.4257271766701596,True,0,0,0,True,0.0,110.0,370.0,0.0,0.0,0.0,1.0,0.0
2025-01-07 19:15:00+00:00,2025-01-07,2025-01-07:1,True,3,20,True,-0.8301886792452831,0.07000576034410824,-2.473075470054488,True,0,0,0,True,-2.6482344381863907,105.0,375.0,0.0,0.0,0.0,1.0,0.0
2025-01-07 19:20:00+00:00,2025-01-07,2025-01-07:1,True,3,25,True,-0.6298507462686567,0.04122797410058138,-2.7263658716585217,True,0,0,0,True,-1.0160565700930244,100.0,380.0,0.0,0.0,0.0,1.0,0.0
2025-01-07 19:25:00+00:00,2025-01-07,2025-01-07:1,True,4,5,True,-0.8154613466334164,0.5217078919232239,-0.44664618533816275,True,0,0,0,True,-0.37621527154571227,95.0,385.0,0.0,0.0,0.0,0.0,1.0
2025-01-07 19:30:00+00:00,2025-01-07,2025-01-07:1,True,3,5,True,-0.8098360655737705,0.3567805653988751,-0.8197109089539041,True,0,0,0,True,-1.4980684506951718,90.0,390.0,0.0,0.0,0.0,1.0,0.0
2025-01-07 19:35:00+00:00,2025-01-07,2025-01-07:1,True,4,5,True,-0.70625,0.70625,0.1945997505165391,True,1,0,0,True,0.0,85.0,395.0,0.0,0.0,0.0,0.0,1.0
2025-01-07 19:40:00+00:00,2025-01-07,2025-01-07:1,True,3,5,True,-0.6263736263736264,0.038512505969680776,-2.788964021370746,True,0,1,1,True,-0.3455711561949982,80.0,400.0,0.0,0.0,0.0,1.0,0.0
2025-01-07 19:45:00+00:00,2025-01-07,2025-01-07:1,True,4,5,True,-0.5853658536585366,0.5853658536585366,0.7258675643183915,True,1,0,1,True,0.0,75.0,405.0,0.0,0.0,0.0,0.0,1.0
2025-01-07 19:50:00+00:00,2025-01-07,2025-01-07:1,True,4,10,True,-0.6151761517615176,0.6151761517615176,0.7242524295956321,True,1,0,1,True,1.0587401609745155,70.0,410.0,0.0,0.0,0.0,0.0,1.0
2025-01-07 19:55:00+00:00,2025-01-07,2025-01-07:1,True,3,5,True,-0.7365591397849462,0.5204661598403122,-0.3472646598716042,True,1,0,1,True,-0.2348107449363936,65.0,415.0,0.0,0.0,0.0,1.0,0.0
2025-01-07 20:00:00+00:00,2025-01-07,2025-01-07:1,True,3,10,True,-0.4723926380368098,0.057546698271019756,-2.105213737992295,True,0,1,2,True,-1.8134596345373555,60.0,420.0,0.0,0.0,0.0,1.0,0.0
2025-01-07 20:05:00+00:00,2025-01-07,2025-01-07:1,True,3,15,True,-0.48172757475083056,0.2897333780090763,-0.5084176427436072,True,0,0,2,True,-0.530022689804249,55.0,425.0,0.0,0.0,0.0,1.0,0.0
2025-01-07 20:10:00+00:00,2025-01-07,2025-01-07:1,True,3,20,True,-0.5812807881773399,0.31837954142118025,-0.6019897268306483,True,0,0,2,True,-0.013380804178236146,50.0,430.0,0.0,0.0,0.0,1.0,0.0
2025-01-07 20:15:00+00:00,2025-01-07,2025-01-07:1,True,0,5,True,-0.34459459459459457,0.34459459459459457,0.7061499380134137,True,0,0,2,True,-0.45104224096476075,45.0,435.0,1.0,0.0,0.0,0.0,0.0
2025-01-07 20:20:00+00:00,2025-01-07,2025-01-07:1,True,4,5,True,-0.5465116279069767,0.5465116279069767,0.0,True,0,0,2,True,-0.4785021006748882,40.0,440.0,0.0,0.0,0.0,0.0,1.0
2025-01-07 20:25:00+00:00,2025-01-07,2025-01-07:1,True,3,5,True,-0.7821229050279329,0.23271223223554036,-1.212209260276783,True,0,0,2,True,0.6776455772324427,35.0,445.0,0.0,0.0,0.0,1.0,0.0
2025-01-07 20:30:00+00:00,2025-01-07,2025-01-07:1,True,3,10,True,-0.6137071651090342,0.17551254187156828,-1.2518073805819347,True,0,0,2,True,-1.219938066002986,30.0,450.0,0.0,0.0,0.0,1.0,0.0
2025-01-07 20:35:00+00:00,2025-01-07,2025-01-07:1,True,3,15,True,-0.764102564102564,0.39950968400951864,-0.64846402112711,True,0,0,2,True,-0.19580032635302808,25.0,455.0,0.0,0.0,0.0,1.0,0.0
2025-01-07 20:40:00+00:00,2025-01-07,2025-01-07:1,True,3,20,True,-0.7956989247311828,0.5634389242978939,-0.3451619377665848,True,0,0,2,True,0.7718055560916356,20.0,460.0,0.0,0.0,0.0,1.0,0.0
2025-01-07 20:45:00+00:00,2025-01-07,2025-01-07:1,True,4,5,True,-0.8337950138504155,0.8337950138504155,0.35302400220950264,True,1,0,2,True,-0.37625289735702483,15.0,465.0,0.0,0.0,0.0,0.0,1.0
2025-01-07 20:50:00+00:00,2025-01-07,2025-01-07:1,True,4,10,True,-0.751131221719457,0.751131221719457,0.0,True,1,0,2,True,0.0,10.0,470.0,0.0,0.0,0.0,0.0,1.0
2025-01-07 20:55:00+00:00,2025-01-07,2025-01-07:1,True,0,5,True,-0.7133757961783439,0.7133757961783439,0.36391683908458233,True,1,0,2,True,0.22491854871266181,5.0,475.0,1.0,0.0,0.0,0.0,0.0
2025-01-07 21:00:00+00:00,2025-01-07,2025-01-07:1,True,0,10,True,-0.6955223880597015,0.6955223880597015,0.0,True,1,0,2,True,0.0,0.0,480.0,1.0,0.0,0.0,0.0,0.0
2025-01-08 13:00:00+00:00,2025-01-08,2025-01-08:1,False,-1,0,False,,,,False,0,0,0,False,,480.0,0.0,,,,,
2025-01-08 13:05:00+00:00,2025-01-08,2025-01-08:1,False,-1,0,True,-0.05154639175257732,,,False,0,0,0,False,,475.0,5.0,,,,,
2025-01-08 13:10:00+00:00,2025-01-08,2025-01-08:1,False,-1,0,True,-0.1056338028169014,,,False,0,0,0,False,,470.0,10.0,,,,,
2025-01-08 13:15:00+00:00,2025-01-08,2025-01-08:1,False,-1,0,True,-0.5317073170731708,,,False,0,0,0,False,,465.0,15.0,,,,,
2025-01-08 13:20:00+00:00,2025-01-08,2025-01-08:1,False,-1,0,True,-0.5402985074626866,,,False,0,0,0,False,,460.0,20.0,,,,,
2025-01-08 13:25:00+00:00,2025-01-08,2025-01-08:1,False,-1,0,True,-0.3174061433447099,,,False,0,0,0,False,,455.0,25.0,,,,,
2025-01-08 13:30:00+00:00,2025-01-08,2025-01-08:1,False,-1,0,True,-0.4434782608695652,,,False,0,0,0,False,,450.0,30.0,,,,,
2025-01-08 13:35:00+00:00,2025-01-08,2025-01-08:1,False,-1,0,True,-0.009836065573770493,,,False,0,0,0,False,,445.0,35.0,,,,,
2025-01-08 13:40:00+00:00,2025-01-08,2025-01-08:1,False,-1,0,True,-0.020134228187919462,,,False,0,0,0,False,,440.0,40.0,,,,,
2025-01-08 13:45:00+00:00,2025-01-08,2025-01-08:1,False,-1,0,True,0.38904899135446686,,,False,0,0,0,False,,435.0,45.0,,,,,
2025-01-08 13:50:00+00:00,2025-01-08,2025-01-08:1,False,-1,0,True,0.10684931506849316,,,False,0,0,0,False,,430.0,50.0,,,,,
2025-01-08 13:55:00+00:00,2025-01-08,2025-01-08:1,False,-1,0,True,0.3240418118466899,,,False,0,0,0,False,,425.0,55.0,,,,,
2025-01-08 14:00:00+00:00,2025-01-08,2025-01-08:1,False,-1,0,True,0.4368932038834951,,,False,0,0,0,False,,420.0,60.0,,,,,
2025-01-08 14:05:00+00:00,2025-01-08,2025-01-08:1,True,2,5,True,0.16180371352785147,0.16180371352785147,0.0,True,0,0,0,False,,415.0,65.0,0.0,0.0,1.0,0.0,0.0
2025-01-08 14:10:00+00:00,2025-01-08,2025-01-08:1,True,1,5,True,0.3660130718954248,0.17483235285544618,0.7388415172441383,True,0,0,0,False,,410.0,70.0,0.0,1.0,0.0,0.0,0.0
2025-01-08 14:15:00+00:00,2025-01-08,2025-01-08:1,True,1,10,True,0.16875,0.13304666779943072,0.2377183773668742,True,0,0,0,False,,405.0,75.0,0.0,1.0,0.0,0.0,0.0
2025-01-08 14:20:00+00:00,2025-01-08,2025-01-08:1,True,1,15,True,0.4372093023255814,0.13428827235827906,1.1804232576206348,True,0,0,0,False,,400.0,80.0,0.0,1.0,0.0,0.0,0.0
2025-01-08 14:25:00+00:00,2025-01-08,2025-01-08:1,True,0,5,True,0.29559748427672955,0.18506753656156427,0.468277857517797,True,0,0,0,False,,395.0,85.0,1.0,0.0,0.0,0.0,0.0
2025-01-08 14:30:00+00:00,2025-01-08,2025-01-08:1,True,2,5,True,0.27648578811369506,0.27648578811369506,-0.11505478594706924,True,0,0,0,False,,390.0,90.0,0.0,0.0,1.0,0.0,0.0
2025-01-08 14:35:00+00:00,2025-01-08,2025-01-08:1,True,1,5,True,0.23582089552238805,0.14647797407136284,0.47619753010605737,True,0,0,0,False,,385.0,95.0,0.0,1.0,0.0,0.0,0.0
2025-01-08 14:40:00+00:00,2025-01-08,2025-01-08:1,True,2,5,True,0.5948717948717949,0.5948717948717949,-0.23359692931573253,True,0,0,0,False,,380.0,100.0,0.0,0.0,1.0,0.0,0.0
2025-01-08 14:45:00+00:00,2025-01-08,2025-01-08:1,True,0,5,True,0.6690997566909975,0.6690997566909975,-0.7766929857000228,True,0,0,0,False,,375.0,105.0,1.0,0.0,0.0,0.0,0.0
2025-01-08 14:50:00+00:00,2025-01-08,2025-01-08:1,True,0,10,True,0.7142857142857143,0.4207726245170532,0.5291904388591266,True,0,0,0,False,,370.0,110.0,1.0,0.0,0.0,0.0,0.0
2025-01-08 14:55:00+00:00,2025-01-08,2025-01-08:1,True,0,15,True,0.48881789137380194,0.48881789137380194,-0.5471794153116228,True,0,0,0,False,,365.0,115.0,1.0,0.0,0.0,0.0,0.0
2025-01-08 15:00:00+00:00,2025-01-08,2025-01-08:1,True,0,20,True,0.5411471321695761,0.2966027126591735,0.6012976297038048,True,0,0,0,False,,360.0,120.0,1.0,0.0,0.0,0.0,0.0
2025-01-08 15:05:00+00:00,2025-01-08,2025-01-08:1,True,0,25,True,0.3694915254237288,0.3694915254237288,0.0,True,0,0,0,True,0.0,355.0,125.0,1.0,0.0,0.0,0.0,0.0
2025-01-08 15:10:00+00:00,2025-01-08,2025-01-08:1,True,0,30,True,0.5130434782608696,0.17912730236692478,1.0522638550496646,True,0,0,0,True,0.2885859950282774,350.0,130.0,1.0,0.0,0.0,0.0,0.0
2025-01-08 15:15:00+00:00,2025-01-08,2025-01-08:1,True,1,5,True,0.3270440251572327,0.22543731256694047,0.3720526680990925,True,0,0,0,True,0.2985503876649453,345.0,135.0,0.0,1.0,0.0,0.0,0.0
2025-01-08 15:20:00+00:00,2025-01-08,2025-01-08:1,True,1,10,True,0.5414364640883977,0.24523510350498243,0.792008369827008,True,0,0,0,True,0.5634692084311933,340.0,140.0,0.0,1.0,0.0,0.0,0.0
2025-01-08 15:25:00+00:00,2025-01-08,2025-01-08:1,True,1,15,True,0.5103092783505154,0.22586426851962849,0.8150827329741426,True,0,0,0,True,1.2448869817256654,335.0,145.0,0.0,1.0,0.0,0.0,0.0
2025-01-08 15:30:00+00:00,2025-01-08,2025-01-08:1,True,1,20,True,0.7327188940092166,0.14444769343402383,1.6238446687966839,True,0,0,0,True,0.0,330.0,150.0,0.0,1.0,0.0,0.0,0.0
2025-01-08 15:35:00+00:00,2025-01-08,2025-01-08:1,True,2,5,True,0.8032786885245902,0.8032786885245902,-1.7931550065748694,True,0,0,0,True,0.10408441554747427,325.0,155.0,0.0,0.0,1.0,0.0,0.0
2025-01-08 15:40:00+00:00,2025-01-08,2025-01-08:1,True,0,5,True,0.7634961439588689,0.7634961439588689,-0.3695592971021522,True,0,0,0,True,-0.303930871240821,320.0,160.0,1.0,0.0,0.0,0.0,0.0
2025-01-08 15:45:00+00:00,2025-01-08,2025-01-08:1,True,0,10,True,0.8551532033426184,0.30814377160570483,1.020714173092861,True,0,0,0,True,1.0634197740091638,315.0,165.0,1.0,0.0,0.0,0.0,0.0
2025-01-08 15:50:00+00:00,2025-01-08,2025-01-08:1,True,0,15,True,0.6057971014492753,0.6057971014492753,-0.33234382512174143,True,0,0,0,True,0.5039956345320601,310.0,170.0,1.0,0.0,0.0,0.0,0.0
2025-01-08 15:55:00+00:00,2025-01-08,2025-01-08:1,True,0,20,True,0.7068965517241379,0.24927522436802366,1.0423267303432406,True,0,0,0,True,1.0736510723035344,305.0,175.0,1.0,0.0,0.0,0.0,0.0
2025-01-08 16:00:00+00:00,2025-01-08,2025-01-08:1,True,0,25,True,0.48863636363636365,0.07150741571069201,1.921817419642233,True,0,0,0,True,-0.7400295083990938,300.0,180.0,1.0,0.0,0.0,0.0,0.0
2025-01-08 16:05:00+00:00,2025-01-08,2025-01-08:1,True,1,5,True,0.6216216216216216,0.08101946864908616,2.037642102782523,True,0,0,0,True,0.4655683715476062,295.0,185.0,0.0,1.0,0.0,0.0,0.0
2025-01-08 16:10:00+00:00,2025-01-08,2025-01-08:1,True,2,5,True,0.6020671834625323,0.6020671834625323,-1.215703377089325,True,0,0,0,True,0.26710419577603634,290.0,190.0,0.0,0.0,1.0,0.0,0.0
2025-01-08 16:15:00+00:00,2025-01-08,2025-01-08:1,True,2,10,True,0.7156862745098039,0.7156862745098039,0.0,True,0,0,0,True,0.5565199298665563,285.0,195.0,0.0,0.0,1.0,0.0,0.0
2025-01-08 16:20:00+00:00,2025-01-08,2025-01-08:1,True,1,5,True,0.6477272727272727,0.22584589307432257,1.053616854709945,True,0,0,0,True,-0.3365655584812919,280.0,200.0,0.0,1.0,0.0,0.0,0.0
2025-01-08 16:25:00+00:00,2025-01-08,2025-01-08:1,True,2,5,True,0.5086705202312138,0.5086705202312138,0.0,True,0,0,0,True,0.0,275.0,205.0,0.0,0.0,1.0,0.0,0.0
2025-01-08 16:30:00+00:00,2025-01-08,2025-01-08:1,True,0,5,True,0.21818181818181817,0.21818181818181817,-0.4584302687927277,True,0,0,0,True,-1.0250812439640395,270.0,210.0,1.0,0.0,0.0,0.0,0.0
2025-01-08 16:35:00+00:00,2025-01-08,2025-01-08:1,True,0,10,True,0.17133956386292834,0.17133956386292834,0.0,True,0,0,0,True,-0.10077522515926711,265.0,215.0,1.0,0.0,0.0,0.0,0.0
2025-01-08 16:40:00+00:00,2025-01-08,2025-01-08:1,True,3,5,True,-0.10290237467018469,0.002789869838290624,-3.607785778226794,True,0,0,0,True,-2.95985927454488,260.0,220.0,0.0,0.0,0.0,1.0,0.0
2025-01-08 16:45:00+00:00,2025-01-08,2025-01-08:1,True,4,5,True,-0.0707070707070707,0.0707070707070707,0.5843826830047446,True,0,0,0,True,0.49900591086799295,255.0,225.0,0.0,0.0,0.0,0.0,1.0
2025-01-08 16:50:00+00:00,2025-01-08,2025-01-08:1,True,3,5,True,0.21333333333333335,0.21333333333333335,-0.8748876449254459,True,0,0,0,True,-0.8075505506629086,250.0,230.0,0.0,0.0,0.0,1.0,0.0
2025-01-08 16:55:00+00:00,2025-01-08,2025-01-08:1,True,4,5,True,0.11036789297658862,0.06185047131472763,0.5790995479618452,True,0,0,0,True,0.12636201757952356,245.0,235.0,0.0,0.0,0.0,0.0,1.0
2025-01-08 17:00:00+00:00,2025-01-08,2025-01-08:1,True,0,5,True,0.5415472779369628,0.10260348754067702,1.663558448055853,True,0,0,0,True,0.0,240.0,240.0,1.0,0.0,0.0,0.0,0.0
2025-01-08 17:05:00+00:00,2025-01-08,2025-01-08:1,True,3,5,True,0.41040462427745666,0.41040462427745666,-0.77572968217382,True,0,0,0,True,0.5781947671677751,235.0,245.0,0.0,0.0,0.0,1.0,0.0
2025-01-08 17:10:00+00:00,2025-01-08,2025-01-08:1,True,0,5,True,0.5055555555555555,0.5055555555555555,-0.8962996673759724,True,0,0,0,True,-0.2863124263516425,230.0,250.0,1.0,0.0,0.0,0.0,0.0
2025-01-08 17:15:00+00:00,2025-01-08,2025-01-08:1,True,0,10,True,0.7160751565762005,0.7160751565762005,-0.3678289201372062,True,0,0,0,True,-1.271195207489248,225.0,255.0,1.0,0.0,0.0,0.0,0.0
2025-01-08 17:20:00+00:00,2025-01-08,2025-01-08:1,True,0,15,True,0.5324675324675324,0.16907042179028703,1.1472065987198183,True,0,0,0,True,-0.513046387795934,220.0,260.0,1.0,0.0,0.0,0.0,0.0
2025-01-08 17:25:00+00:00,2025-01-08,2025-01-08:1,True,0,20,True,0.5730337078651685,0.3220826522935555,0.5761363452261758,True,0,0,0,True,0.3719271236312896,215.0,265.0,1.0,0.0,0.0,0.0,0.0
2025-01-08 17:30:00+00:00,2025-01-08,2025-01-08:1,True,0,25,True,0.7900874635568513,0.18622969535206896,1.4451628196230748,True,0,0,0,True,-0.22455668223990474,210.0,270.0,1.0,0.0,0.0,0.0,0.0
2025-01-08 17:35:00+00:00,2025-01-08,2025-01-08:1,True,0,30,True,0.6756756756756757,0.6756756756756757,-0.3351026869471088,True,0,0,0,True,-0.3889881316777336,205.0,275.0,1.0,0.0,0.0,0.0,0.0
2025-01-08 17:40:00+00:00,2025-01-08,2025-01-08:1,True,1,5,True,0.8432304038004751,0.09256448893194816,2.209334655529545,True,0,0,0,True,0.4940222474805932,200.0,280.0,0.0,1.0,0.0,0.0,0.0
2025-01-08 17:45:00+00:00,2025-01-08,2025-01-08:1,True,2,5,True,0.7188328912466844,0.4484651062090312,0.4717980350363293,True,0,0,0,True,0.28370224737162875,195.0,285.0,0.0,0.0,1.0,0.0,0.0
2025-01-08 17:50:00+00:00,2025-01-08,2025-01-08:1,True,2,10,True,0.8256410256410256,0.6510421675688238,0.23758567176077916,True,0,0,0,True,-0.5312577125370544,190.0,290.0,0.0,0.0,1.0,0.0,0.0
2025-01-08 17:55:00+00:00,2025-01-08,2025-01-08:1,True,1,5,True,0.6463157894736842,0.39971899929274474,0.4805264240648407,True,0,0,0,True,-0.15057665695775,185.0,295.0,0.0,1.0,0.0,0.0,0.0
2025-01-08 18:00:00+00:00,2025-01-08,2025-01-08:1,True,1,10,True,0.0766488413547237,0.052892054994483656,0.3709813507084633,True,0,0,0,True,0.8295395185688137,180.0,300.0,0.0,1.0,0.0,0.0,0.0
2025-01-08 18:05:00+00:00,2025-01-08,2025-01-08:1,True,1,15,True,-0.6658227848101266,0.6658227848101266,0.8276223467000324,True,0,0,0,True,-0.42627260861888633,175.0,305.0,0.0,1.0,0.0,0.0,0.0
2025-01-08 18:10:00+00:00,2025-01-08,2025-01-08:1,True,1,20,True,-0.7302052785923754,0.7302052785923754,0.3007784431485442,True,0,0,0,True,1.5331994221722487,170.0,310.0,0.0,1.0,0.0,0.0,0.0
2025-01-08 18:15:00+00:00,2025-01-08,2025-01-08:1,True,0,5,True,-0.5543766578249337,0.1956425544574883,-1.0415550509845395,True,0,0,0,True,0.5048368103222923,165.0,315.0,1.0,0.0,0.0,0.0,0.0
2025-01-08 18:20:00+00:00,2025-01-08,2025-01-08:1,True,0,10,True,-0.3222591362126246,0.2281006016491211,-0.3455692257947121,True,0,0,0,True,-0.5895496267041516,160.0,320.0,1.0,0.0,0.0,0.0,0.0
2025-01-08 18:25:00+00:00,2025-01-08,2025-01-08:1,True,0,15,True,-0.31413612565445026,0.22177010776354364,-0.34818511845298494,True,0,0,0,True,0.6277445567250415,155.0,325.0,1.0,0.0,0.0,0.0,0.0
2025-01-08 18:30:00+00:00,2025-01-08,2025-01-08:1,True,0,20,True,-0.2808988764044944,0.1948677041902881,-0.3656738458488505,True,0,0,0,True,-0.817671576911809,150.0,330.0,1.0,0.0,0.0,0.0,0.0
2025-01-08 18:35:00+00:00,2025-01-08,2025-01-08:1,True,3,5,True,-0.10541310541310542,0.07483677184854301,-0.3425776017236153,True,0,0,0,True,0.6033781034225152,145.0,335.0,0.0,0.0,0.0,1.0,0.0
2025-01-08 18:40:00+00:00,2025-01-08,2025-01-08:1,True,0,5,True,-0.14207650273224043,0.14207650273224043,1.939369993348767,True,0,0,0,True,0.8673126277317107,140.0,340.0,1.0,0.0,0.0,0.0,0.0
2025-01-08 18:45:00+00:00,2025-01-08,2025-01-08:1,True,0,10,True,-0.5053003533568905,0.5053003533568905,0.0,True,0,0,0,True,0.0,135.0,345.0,1.0,0.0,0.0,0.0,0.0
2025-01-08 18:50:00+00:00,2025-01-08,2025-01-08:1,True,0,15,True,-0.3270440251572327,0.14669736605840697,-0.8017230649676688,True,0,0,0,True,0.6814710089437993,130.0,350.0,1.0,0.0,0.0,0.0,0.0
2025-01-08 18:55:00+00:00,2025-01-08,2025-01-08:1,True,0,20,True,-0.35185185185185186,0.35185185185185186,0.0,True,0,0,0,True,-0.6962549797850062,125.0,355.0,1.0,0.0,0.0,0.0,0.0
2025-01-08 19:00:00+00:00,2025-01-08,2025-01-08:1,True,0,25,True,-0.7046632124352331,0.4659745582800675,-0.4135889391435919,True,0,0,0,True,-0.23676125281696261,120.0,360.0,1.0,0.0,0.0,0.0,0.0
2025-01-08 19:05:00+00:00,2025-01-08,2025-01-08:1,True,0,30,True,-0.4422535211267606,0.290890331972556,-0.4189369647890933,True,0,0,0,True,0.7094269167386524,115.0,365.0,1.0,0.0,0.0,0.0,0.0
2025-01-08 19:10:00+00:00,2025-01-08,2025-01-08:1,True,0,35,True,-0.2694610778443114,0.2694610778443114,0.4289007225635633,True,0,0,0,True,0.6795957224283201,110.0,370.0,1.0,0.0,0.0,0.0,0.0
2025-01-08 19:15:00+00:00,2025-01-08,2025-01-08:1,True,3,5,True,-0.3188010899182561,0.11684391573493408,-1.0037283751167698,True,0,0,0,True,-1.1222024388516583,105.0,375.0,0.0,0.0,0.0,1.0,0.0
2025-01-08 19:20:00+00:00,2025-01-08,2025-01-08:1,True,0,5,True,-0.44846796657381616,0.44846796657381616,0.5129319834250564,True,0,0,0,True,1.1469507827722216,100.0,380.0,1.0,0.0,0.0,0.0,0.0
2025-01-08 19:25:00+00:00,2025-01-08,2025-01-08:1,True,0,10,True,-0.09558823529411764,0.05878738251977397,-0.4861225018263072,True,0,0,0,True,0.0,95.0,385.0,1.0,0.0,0.0,0.0,0.0
2025-01-08 19:30:00+00:00,2025-01-08,2025-01-08:1,True,0,15,True,-0.2129032258064516,0.2129032258064516,0.0,True,0,0,0,True,-0.7003359792885557,90.0,390.0,1.0,0.0,0.0,0.0,0.0
2025-01-08 19:35:00+00:00,2025-01-08,2025-01-08:1,True,0,20,True,-0.3811074918566775,0.1192860977268524,-1.1615566759257132,True,0,0,0,True,-0.4895804350601422,85.0,395.0,1.0,0.0,0.0,0.0,0.0
2025-01-08 19:40:00+00:00,2025-01-08,2025-01-08:1,True,3,5,True,-0.20245398773006135,0.10648410475361085,-0.6425169167712391,True,0,0,0,True,-1.300037880315368,80.0,400.0,0.0,0.0,0.0,1.0,0.0
2025-01-08 19:45:00+00:00,2025-01-08,2025-01-08:1,True,0,5,True,0.3670886075949367,0.3670886075949367,0.0,True,0,0,0,True,0.2070719228044398,75.0,405.0,1.0,0.0,0.0,0.0,0.0
2025-01-08 19:50:00+00:00,2025-01-08,2025-01-08:1,True,4,5,True,0.0,0.0,0.0,True,0,0,0,True,0.0,70.0,410.0,0.0,0.0,0.0,0.0,1.0
2025-01-08 19:55:00+00:00,2025-01-08,2025-01-08:1,True,0,5,True,-0.06043956043956044,0.06043956043956044,0.579950034705321,True,0,0,0,True,0.0,65.0,415.0,1.0,0.0,0.0,0.0,0.0
2025-01-08 20:00:00+00:00,2025-01-08,2025-01-08:1,True,0,10,True,-0.10476190476190476,0.05957944226065481,-0.5643796155657056,True,0,0,0,True,0.6309955927600581,60.0,420.0,1.0,0.0,0.0,0.0,0.0
2025-01-08 20:05:00+00:00,2025-01-08,2025-01-08:1,True,0,15,True,-0.1382636655948553,0.044619677141457814,-1.1309875292542988,True,0,0,0,True,-0.728004271462623,55.0,425.0,1.0,0.0,0.0,0.0,0.0
2025-01-08 20:10:00+00:00,2025-01-08,2025-01-08:1,True,0,20,True,0.0036363636363636364,0.002077985295545532,0.55958536491692,True,0,0,0,True,1.251270915168259,50.0,430.0,1.0,0.0,0.0,0.0,0.0
2025-01-08 20:15:00+00:00,2025-01-08,2025-01-08:1,True,0,25,True,0.3197278911564626,0.11124790935652482,1.0557091653445878,True,0,0,0,True,0.0,45.0,435.0,1.0,0.0,0.0,0.0,0.0
2025-01-08 20:20:00+00:00,2025-01-08,2025-01-08:1,True,0,30,True,0.3870967741935484,0.23128092209304074,0.5150416396727038,True,0,0,0,True,0.633870086992494,40.0,440.0,1.0,0.0,0.0,0.0,0.0
2025-01-08 20:25:00+00:00,2025-01-08,2025-01-08:1,True,0,35,True,0.3723076923076923,0.3723076923076923,0.0,True,0,0,0,True,0.6901766639975833,35.0,445.0,1.0,0.0,0.0,0.0,0.0
2025-01-08 20:30:00+00:00,2025-01-08,2025-01-08:1,True,0,40,True,0.6273972602739726,0.4688111368501009,0.29137993489368674,True,0,0,0,True,0.0,30.0,450.0,1.0,0.0,0.0,0.0,0.0
2025-01-08 20:35:00+00:00,2025-01-08,2025-01-08:1,True,1,5,True,0.8258575197889182,0.33546738453688235,0.9008975272488973,True,0,0,0,True,0.6714893705633345,25.0,455.0,0.0,1.0,0.0,0.0,0.0
2025-01-08 20:40:00+00:00,2025-01-08,2025-01-08:1,True,1,10,True,0.732620320855615,0.3985972216340181,0.6086761505123172,True,0,0,0,True,0.0,20.0,460.0,0.0,1.0,0.0,0.0,0.0
2025-01-08 20:45:00+00:00,2025-01-08,2025-01-08:1,True,1,15,True,0.8357487922705314,0.06343262705736066,2.5783497287881922,True,0,0,0,True,2.182366136692629,15.0,465.0,0.0,1.0,0.0,0.0,0.0
2025-01-08 20:50:00+00:00,2025-01-08,2025-01-08:1,True,2,5,True,0.8206521739130435,0.8206521739130435,-0.27486766928909856,True,0,0,0,True,0.0,10.0,470.0,0.0,0.0,1.0,0.0,0.0
2025-01-08 20:55:00+00:00,2025-01-08,2025-01-08:1,True,1,5,True,0.8092307692307692,0.20577384688296285,1.369306393763307,True,0,0,0,True,0.7410718769474758,5.0,475.0,0.0,1.0,0.0,0.0,0.0
2025-01-08 21:00:00+00:00,2025-01-08,2025-01-08:1,True,1,10,True,0.8518518518518519,0.4772204233396119,0.5794341413181874,True,0,0,0,True,-0.7781501893557794,0.0,480.0,0.0,1.0,0.0,0.0,0.0
2025-01-09 13:00:00+00:00,2025-01-09,2025-01-09:1,False,-1,0,False,,,,False,0,0,0,False,,480.0,0.0,,,,,
2025-01-09 13:05:00+00:00,2025-01-09,2025-01-09:1,False,-1,0,True,-0.21764705882352942,,,False,0,0,0,False,,475.0,5.0,,,,,
2025-01-09 13:10:00+00:00,2025-01-09,2025-01-09:1,False,-1,0,True,-0.14285714285714285,,,False,0,0,0,False,,470.0,10.0,,,,,
2025-01-09 13:15:00+00:00,2025-01-09,2025-01-09:1,False,-1,0,True,-0.25435540069686413,,,False,0,0,0,False,,465.0,15.0,,,,,
2025-01-09 13:20:00+00:00,2025-01-09,2025-01-09:1,False,-1,0,True,0.1551155115511551,,,False,0,0,0,False,,460.0,20.0,,,,,
2025-01-09 13:25:00+00:00,2025-01-09,2025-01-09:1,False,-1,0,True,0.34838709677419355,,,False,0,0,0,False,,455.0,25.0,,,,,
2025-01-09 13:30:00+00:00,2025-01-09,2025-01-09:1,False,-1,0,True,-0.38461538461538464,,,False,0,0,0,False,,450.0,30.0,,,,,
2025-01-09 13:35:00+00:00,2025-01-09,2025-01-09:1,False,-1,0,True,-0.974293059125964,,,False,0,0,0,False,,445.0,35.0,,,,,
2025-01-09 13:40:00+00:00,2025-01-09,2025-01-09:1,False,-1,0,True,-0.9688473520249221,,,False,0,0,0,False,,440.0,40.0,,,,,
2025-01-09 13:45:00+00:00,2025-01-09,2025-01-09:1,False,-1,0,True,-0.974293059125964,,,False,0,0,0,False,,435.0,45.0,,,,,
2025-01-09 13:50:00+00:00,2025-01-09,2025-01-09:1,False,-1,0,True,-0.940552016985138,,,False,0,0,0,False,,430.0,50.0,,,,,
2025-01-09 13:55:00+00:00,2025-01-09,2025-01-09:1,False,-1,0,True,-0.8507462686567164,,,False,0,0,0,False,,425.0,55.0,,,,,
2025-01-09 14:00:00+00:00,2025-01-09,2025-01-09:1,False,-1,0,True,-0.8850574712643678,,,False,0,0,0,False,,420.0,60.0,,,,,
2025-01-09 14:05:00+00:00,2025-01-09,2025-01-09:1,True,4,5,True,-0.8478260869565217,0.6896246953364341,-0.20652799881168982,True,0,0,0,False,,415.0,65.0,0.0,0.0,0.0,0.0,1.0
2025-01-09 14:10:00+00:00,2025-01-09,2025-01-09:1,True,4,10,True,-0.689922480620155,0.689922480620155,0.6086805743349916,True,1,0,0,False,,410.0,70.0,0.0,0.0,0.0,0.0,1.0
2025-01-09 14:15:00+00:00,2025-01-09,2025-01-09:1,True,3,5,True,-0.7929155313351499,0.30294020898622487,-0.9621812421402975,True,0,1,1,False,,405.0,75.0,0.0,0.0,0.0,1.0,0.0
2025-01-09 14:20:00+00:00,2025-01-09,2025-01-09:1,True,0,5,True,-0.75,0.75,0.19151687022996342,True,0,0,1,False,,400.0,80.0,1.0,0.0,0.0,0.0,0.0
2025-01-09 14:25:00+00:00,2025-01-09,2025-01-09:1,True,0,10,True,-0.45698924731182794,0.45698924731182794,0.475964916278767,True,0,0,1,False,,395.0,85.0,1.0,0.0,0.0,0.0,0.0
2025-01-09 14:30:00+00:00,2025-01-09,2025-01-09:1,True,0,15,True,-0.6134453781512605,0.5069647853280276,-0.19064968278675223,True,0,0,1,False,,390.0,90.0,1.0,0.0,0.0,0.0,0.0
2025-01-09 14:35:00+00:00,2025-01-09,2025-01-09:1,True,0,20,True,-0.4444444444444444,0.4444444444444444,0.0,True,0,0,1,False,,385.0,95.0,1.0,0.0,0.0,0.0,0.0
2025-01-09 14:40:00+00:00,2025-01-09,2025-01-09:1,True,0,25,True,-0.30538922155688625,0.30538922155688625,0.20359165956153072,True,0,0,1,False,,380.0,100.0,1.0,0.0,0.0,0.0,0.0
2025-01-09 14:45:00+00:00,2025-01-09,2025-01-09:1,True,0,30,True,-0.18694362017804153,0.1515202437541827,-0.21008783685870738,True,0,0,1,False,,375.0,105.0,1.0,0.0,0.0,0.0,0.0
2025-01-09 14:50:00+00:00,2025-01-09,2025-01-09:1,True,0,35,True,-0.2265193370165746,0.2265193370165746,0.25371431028755204,True,0,0,1,False,,370.0,110.0,1.0,0.0,0.0,0.0,0.0
2025-01-09 14:55:00+00:00,2025-01-09,2025-01-09:1,True,0,40,True,-0.11242603550295859,0.06544452799571288,-0.5410926602362217,True,0,0,1,False,,365.0,115.0,1.0,0.0,0.0,0.0,0.0
2025-01-09 15:00:00+00:00,2025-01-09,2025-01-09:1,True,0,45,True,-0.006329113924050633,0.006329113924050633,0.6001494202044618,True,0,0,1,False,,360.0,120.0,1.0,0.0,0.0,0.0,0.0
2025-01-09 15:05:00+00:00,2025-01-09,2025-01-09:1,True,0,50,True,-0.2919254658385093,0.1979624410547243,-0.3884211946497392,True,0,0,1,True,-0.8685361951384943,355.0,125.0,1.0,0.0,0.0,0.0,0.0
2025-01-09 15:10:00+00:00,2025-01-09,2025-01-09:1,True,0,55,True,0.062146892655367235,0.062146892655367235,0.0,True,0,0,1,True,0.0,350.0,130.0,1.0,0.0,0.0,0.0,0.0
2025-01-09 15:15:00+00:00,2025-01-09,2025-01-09:1,True,0,60,True,-0.25833333333333336,0.14484137423390972,-0.5786115678881114,True,0,0,1,True,0.0,345.0,135.0,1.0,0.0,0.0,0.0,0.0
2025-01-09 15:20:00+00:00,2025-01-09,2025-01-09:1,True,0,65,True,-0.3197278911564626,0.3197278911564626,0.0,True,0,0,1,True,1.2139553534909229,340.0,140.0,1.0,0.0,0.0,0.0,0.0
2025-01-09 15:25:00+00:00,2025-01-09,2025-01-09:1,True,0,70,True,-0.1258741258741259,0.1258741258741259,0.7186176859460932,True,0,0,1,True,1.6068779956090598,335.0,145.0,1.0,0.0,0.0,0.0,0.0
2025-01-09 15:30:00+00:00,2025-01-09,2025-01-09:1,True,0,75,True,-0.4330708661417323,0.4330708661417323,1.3045777389347546,True,0,0,1,True,-0.46547301043375994,330.0,150.0,1.0,0.0,0.0,0.0,0.0
2025-01-09 15:35:00+00:00,2025-01-09,2025-01-09:1,True,0,80,True,-0.9689119170984456,0.20199973726793527,-1.567907310185265,True,0,0,1,True,-3.1857543372444797,325.0,155.0,1.0,0.0,0.0,0.0,0.0
2025-01-09 15:40:00+00:00,2025-01-09,2025-01-09:1,True,3,5,True,-0.9745547073791349,0.04401074805847588,-3.0975467781490402,True,0,0,1,True,0.985546267657656,320.0,160.0,0.0,0.0,0.0,1.0,0.0
2025-01-09 15:45:00+00:00,2025-01-09,2025-01-09:1,True,3,10,True,-0.9743589743589743,0.13257877316870545,-1.9946028093255255,True,0,0,1,True,0.151486749013008,315.0,165.0,0.0,0.0,0.0,1.0,0.0
2025-01-09 15:50:00+00:00,2025-01-09,2025-01-09:1,True,3,15,True,-0.9752577319587629,0.18400691178017037,-1.6677284556104464,True,0,0,1,True,0.9436094580305098,310.0,170.0,0.0,0.0,0.0,1.0,0.0
2025-01-09 15:55:00+00:00,2025-01-09,2025-01-09:1,True,3,20,True,-0.967479674796748,0.11389865499912168,-2.1393853549495847,True,0,0,1,True,0.0,305.0,175.0,0.0,0.0,0.0,1.0,0.0
2025-01-09 16:00:00+00:00,2025-01-09,2025-01-09:1,True,3,25,True,-0.95,0.32319003600550467,-1.0782214876137646,True,0,0,1,True,0.6048403093144649,300.0,180.0,0.0,0.0,0.0,1.0,0.0
2025-01-09 16:05:00+00:00,2025-01-09,2025-01-09:1,True,3,30,True,-0.9555555555555556,0.18599131994925547,-1.6365928992206007,True,0,0,1,True,-0.47342322997986674,295.0,185.0,0.0,0.0,0.0,1.0,0.0
2025-01-09 16:10:00+00:00,2025-01-09,2025-01-09:1,True,3,35,True,-0.9227053140096618,0.06225275240766355,-2.6961071640118988,True,0,0,1,True,-0.48458660573082335,290.0,190.0,0.0,0.0,0.0,1.0,0.0
2025-01-09 16:15:00+00:00,2025-01-09,2025-01-09:1,True,3,40,True,-0.88268156424581,0.11343574717812914,-2.051727933701802,True,0,0,1,True,-1.7310296650949604,285.0,195.0,0.0,0.0,0.0,1.0,0.0
2025-01-09 16:20:00+00:00,2025-01-09,2025-01-09:1,True,3,45,True,-0.9065420560747663,0.33968192437453065,-0.9816277598276185,True,0,0,1,True,0.0,280.0,200.0,0.0,0.0,0.0,1.0,0.0
2025-01-09 16:25:00+00:00,2025-01-09,2025-01-09:1,True,3,50,True,-0.8958904109589041,0.055041516577814226,-2.7897303489486887,True,0,0,1,True,-1.1007660526247667,275.0,205.0,0.0,0.0,0.0,1.0,0.0
2025-01-09 16:30:00+00:00,2025-01-09,2025-01-09:1,True,3,55,True,-0.8191489361702128,0.10138565322119707,-2.089334324389403,True,0,0,1,True,-1.1679733942637456,270.0,210.0,0.0,0.0,0.0,1.0,0.0
2025-01-09 16:35:00+00:00,2025-01-09,2025-01-09:1,True,3,60,True,-0.936046511627907,0.19860213617792633,-1.5503616594170102,True,0,0,1,True,-2.311142706778303,265.0,215.0,0.0,0.0,0.0,1.0,0.0
2025-01-09 16:40:00+00:00,2025-01-09,2025-01-09:1,True,4,5,True,-0.9235294117647059,0.9235294117647059,2.3813054651468333,True,1,0,1,True,0.0,260.0,220.0,0.0,0.0,0.0,0.0,1.0
2025-01-09 16:45:00+00:00,2025-01-09,2025-01-09:1,True,4,10,True,-0.9203980099502488,0.9203980099502488,0.3868478208866805,True,1,0,1,True,-0.30189636351986604,255.0,225.0,0.0,0.0,0.0,0.0,1.0
2025-01-09 16:50:00+00:00,2025-01-09,2025-01-09:1,True,3,5,True,-0.9020172910662824,0.21019010392997536,-1.4566213115463862,True,0,1,2,True,-0.8142760675225761,250.0,230.0,0.0,0.0,0.0,1.0,0.0
2025-01-09 16:55:00+00:00,2025-01-09,2025-01-09:1,True,0,5,True,-0.896328293736501,0.896328293736501,0.0,True,0,0,2,True,0.8148868128307039,245.0,235.0,1.0,0.0,0.0,0.0,0.0
2025-01-09 17:00:00+00:00,2025-01-09,2025-01-09:1,True,0,10,True,-0.749271137026239,0.17440620164683748,-1.4577138459671848,True,0,0,2,True,-1.1290125983805288,240.0,240.0,1.0,0.0,0.0,0.0,0.0
2025-01-09 17:05:00+00:00,2025-01-09,2025-01-09:1,True,0,15,True,-0.8337950138504155,0.5836323180545262,-0.35671639321879584,True,0,0,2,True,-0.30977738164332613,235.0,245.0,1.0,0.0,0.0,0.0,0.0
2025-01-09 17:10:00+00:00,2025-01-09,2025-01-09:1,True,3,5,True,-0.8251928020565553,0.28276080328237446,-1.0710157363321562,True,0,0,2,True,0.49236432903138105,230.0,250.0,0.0,0.0,0.0,1.0,0.0
2025-01-09 17:15:00+00:00,2025-01-09,2025-01-09:1,True,3,10,True,-0.5272727272727272,0.17813551510782163,-1.0851733422712941,True,0,0,2,True,-1.6176809071269393,225.0,255.0,0.0,0.0,0.0,1.0,0.0
2025-01-09 17:20:00+00:00,2025-01-09,2025-01-09:1,True,4,5,True,-0.26506024096385544,0.26506024096385544,0.0,True,0,0,2,True,0.0,220.0,260.0,0.0,0.0,0.0,0.0,1.0
2025-01-09 17:25:00+00:00,2025-01-09,2025-01-09:1,True,4,10,True,-0.6195372750642674,0.6195372750642674,0.0,True,0,0,2,True,-0.8496232732011977,215.0,265.0,0.0,0.0,0.0,0.0,1.0
2025-01-09 17:30:00+00:00,2025-01-09,2025-01-09:1,True,3,5,True,-0.45789473684210524,0.31048813447448664,-0.38849363908574536,True,0,0,2,True,0.0,210.0,270.0,0.0,0.0,0.0,1.0,0.0
2025-01-09 17:35:00+00:00,2025-01-09,2025-01-09:1,True,3,10,True,-0.7127937336814621,0.22022784231035247,-1.174529427681087,True,0,0,2,True,-2.0984260891062294,205.0,275.0,0.0,0.0,0.0,1.0,0.0
2025-01-09 17:40:00+00:00,2025-01-09,2025-01-09:1,True,3,15,True,-0.6712328767123288,0.11992228859469611,-1.7222721979867697,True,0,0,2,True,-0.3525151076361149,200.0,280.0,0.0,0.0,0.0,1.0,0.0
2025-01-09 17:45:00+00:00,2025-01-09,2025-01-09:1,True,4,5,True,-0.6348314606741573,0.6348314606741573,0.8116389903534215,True,1,0,2,True,-0.9074399778123524,195.0,285.0,0.0,0.0,0.0,0.0,1.0
2025-01-09 17:50:00+00:00,2025-01-09,2025-01-09:1,True,4,10,True,-0.7904761904761904,0.7904761904761904,0.42739038208692004,True,1,0,2,True,0.31827569873713846,190.0,290.0,0.0,0.0,0.0,0.0,1.0
2025-01-09 17:55:00+00:00,2025-01-09,2025-01-09:1,True,0,5,True,-0.7532808398950132,0.7532808398950132,1.1752982178392237,True,1,0,2,True,-0.3872087092593962,185.0,295.0,1.0,0.0,0.0,0.0,0.0
2025-01-09 18:00:00+00:00,2025-01-09,2025-01-09:1,True,0,10,True,-0.4354066985645933,0.4354066985645933,0.0,True,1,0,2,True,2.144494588593547,180.0,300.0,1.0,0.0,0.0,0.0,0.0
2025-01-09 18:05:00+00:00,2025-01-09,2025-01-09:1,True,0,15,True,-0.06315789473684211,0.06315789473684211,0.5592530901877325,True,1,0,2,True,-1.7675427011770455,175.0,305.0,1.0,0.0,0.0,0.0,0.0
2025-01-09 18:10:00+00:00,2025-01-09,2025-01-09:1,True,2,5,True,-0.07356948228882834,0.06403856700047446,-0.138744785685934,True,0,0,2,True,-1.0468901613025703,170.0,310.0,0.0,0.0,1.0,0.0,0.0
2025-01-09 18:15:00+00:00,2025-01-09,2025-01-09:1,True,0,5,True,-0.3519163763066202,0.1581119251491777,-0.8000904108043521,True,0,0,2,True,0.11491865323586659,165.0,315.0,1.0,0.0,0.0,0.0,0.0
2025-01-09 18:20:00+00:00,2025-01-09,2025-01-09:1,True,0,10,True,-0.09570957095709572,0.09570957095709572,0.0,True,0,0,2,True,-0.5953959143410746,160.0,320.0,1.0,0.0,0.0,0.0,0.0
2025-01-09 18:25:00+00:00,2025-01-09,2025-01-09:1,True,0,15,True,0.011111111111111112,0.011111111111111112,0.0,True,0,0,2,True,-0.4643478840503805,155.0,325.0,1.0,0.0,0.0,0.0,0.0
2025-01-09 18:30:00+00:00,2025-01-09,2025-01-09:1,True,0,20,True,-0.29545454545454547,0.10333874456905537,-1.0505026282881134,True,0,0,2,True,-0.5872488218481865,150.0,330.0,1.0,0.0,0.0,0.0,0.0
2025-01-09 18:35:00+00:00,2025-01-09,2025-01-09:1,True,0,25,True,-0.3123209169054441,0.3123209169054441,0.26262565707184177,True,0,0,2,True,0.45657434604118785,145.0,335.0,1.0,0.0,0.0,0.0,0.0
2025-01-09 18:40:00+00:00,2025-01-09,2025-01-09:1,True,3,5,True,-0.15436241610738255,0.11708991980596879,-0.2763610039976587,True,0,0,2,True,0.0,140.0,340.0,0.0,0.0,0.0,1.0,0.0
2025-01-09 18:45:00+00:00,2025-01-09,2025-01-09:1,True,0,5,True,-0.1875,0.1875,0.0,True,0,0,2,True,0.0,135.0,345.0,1.0,0.0,0.0,0.0,0.0
2025-01-09 18:50:00+00:00,2025-01-09,2025-01-09:1,True,0,10,True,0.043478260869565216,0.043478260869565216,0.0,True,0,0,2,True,0.17759356703514675,130.0,350.0,1.0,0.0,0.0,0.0,0.0
2025-01-09 18:55:00+00:00,2025-01-09,2025-01-09:1,True,0,15,True,-0.2871287128712871,0.2871287128712871,0.33698231299755493,True,0,0,2,True,0.7535153590776439,125.0,355.0,1.0,0.0,0.0,0.0,0.0
2025-01-09 19:00:00+00:00,2025-01-09,2025-01-09:1,True,0,20,True,-0.30793650793650795,0.20722428128091042,-0.39609192749131344,True,0,0,2,True,-0.697320509557454,120.0,360.0,1.0,0.0,0.0,0.0,0.0
2025-01-09 19:05:00+00:00,2025-01-09,2025-01-09:1,True,0,25,True,-0.2222222222222222,0.2222222222222222,0.0,True,0,0,2,True,0.0,115.0,365.0,1.0,0.0,0.0,0.0,0.0
2025-01-09 19:10:00+00:00,2025-01-09,2025-01-09:1,True,0,30,True,-0.08361204013377926,0.0248511598967173,-1.2132831030820632,True,0,0,2,True,0.0,110.0,370.0,1.0,0.0,0.0,0.0,0.0
2025-01-09 19:15:00+00:00,2025-01-09,2025-01-09:1,True,0,35,True,0.2123076923076923,0.06852787427828055,1.1307960149819842,True,0,0,2,True,-0.6696459712026195,105.0,375.0,1.0,0.0,0.0,0.0,0.0
2025-01-09 19:20:00+00:00,2025-01-09,2025-01-09:1,True,0,40,True,0.147239263803681,0.02058967886875307,1.967268984071831,True,0,0,2,True,0.309176840906579,100.0,380.0,1.0,0.0,0.0,0.0,0.0
2025-01-09 19:25:00+00:00,2025-01-09,2025-01-09:1,True,1,5,True,0.3373860182370821,0.06267727361633751,1.6832288098549164,True,0,0,2,True,1.2546046801726984,95.0,385.0,0.0,1.0,0.0,0.0,0.0
2025-01-09 19:30:00+00:00,2025-01-09,2025-01-09:1,True,0,5,True,0.19310344827586207,0.19310344827586207,-1.620662134539617,True,0,0,2,True,0.0,90.0,390.0,1.0,0.0,0.0,0.0,0.0
2025-01-09 19:35:00+00:00,2025-01-09,2025-01-09:1,True,1,5,True,0.4230769230769231,0.019379732841627688,3.083326192653152,True,0,0,2,True,1.1490878272619216,85.0,395.0,0.0,1.0,0.0,0.0,0.0
2025-01-09 19:40:00+00:00,2025-01-09,2025-01-09:1,True,2,5,True,0.1588235294117647,0.1588235294117647,-0.4772255967619478,True,0,0,2,True,1.3343251779432899,80.0,400.0,0.0,0.0,1.0,0.0,0.0
2025-01-09 19:45:00+00:00,2025-01-09,2025-01-09:1,True,1,5,True,0.29260450160771706,0.18540839085361505,0.45626096310200204,True,0,0,2,True,2.7912360658659576,75.0,405.0,0.0,1.0,0.0,0.0,0.0
2025-01-09 19:50:00+00:00,2025-01-09,2025-01-09:1,True,1,10,True,0.3712737127371274,0.07023796306434238,1.6650506115168116,True,0,0,2,True,1.8615831766632696,70.0,410.0,0.0,1.0,0.0,0.0,0.0
2025-01-09 19:55:00+00:00,2025-01-09,2025-01-09:1,True,2,5,True,0.32954545454545453,0.32954545454545453,-0.416262652878907,True,0,0,2,True,0.0,65.0,415.0,0.0,0.0,1.0,0.0,0.0
2025-01-09 20:00:00+00:00,2025-01-09,2025-01-09:1,True,1,5,True,-0.20677966101694914,0.20677966101694914,0.4206611000073854,True,0,0,2,True,0.5041596652963956,60.0,420.0,0.0,1.0,0.0,0.0,0.0
2025-01-09 20:05:00+00:00,2025-01-09,2025-01-09:1,True,1,10,True,0.4294294294294294,0.18637941270617608,0.8346729699650913,True,0,0,2,True,-0.4669679644779028,55.0,425.0,0.0,1.0,0.0,0.0,0.0
2025-01-09 20:10:00+00:00,2025-01-09,2025-01-09:1,True,1,15,True,0.47878787878787876,0.13497830030618602,1.2661436305026574,True,0,0,2,True,0.0,50.0,430.0,0.0,1.0,0.0,0.0,0.0
2025-01-09 20:15:00+00:00,2025-01-09,2025-01-09:1,True,2,5,True,0.02,0.02,-0.4016485538484916,True,0,0,2,True,0.4305257760821811,45.0,435.0,0.0,0.0,1.0,0.0,0.0
2025-01-09 20:20:00+00:00,2025-01-09,2025-01-09:1,True,0,5,True,0.6577017114914425,0.6577017114914425,0.0,True,0,0,2,True,0.0,40.0,440.0,1.0,0.0,0.0,0.0,0.0
2025-01-09 20:25:00+00:00,2025-01-09,2025-01-09:1,True,1,5,True,0.7369727047146402,0.13796646675277255,1.6755401947540334,True,0,0,2,True,0.46323201647612244,35.0,445.0,0.0,1.0,0.0,0.0,0.0
2025-01-09 20:30:00+00:00,2025-01-09,2025-01-09:1,True,1,10,True,0.5,0.3243318780673607,0.4328407918598077,True,0,0,2,True,0.0,30.0,450.0,0.0,1.0,0.0,0.0,0.0
2025-01-09 20:35:00+00:00,2025-01-09,2025-01-09:1,True,1,15,True,0.2425249169435216,0.1552187396806964,0.44626910955635696,True,0,0,2,True,0.0,25.0,455.0,0.0,1.0,0.0,0.0,0.0
2025-01-09 20:40:00+00:00,2025-01-09,2025-01-09:1,True,1,20,True,0.48427672955974843,0.2996584964664308,0.4800130174782033,True,0,0,2,True,0.0,20.0,460.0,0.0,1.0,0.0,0.0,0.0
2025-01-09 20:45:00+00:00,2025-01-09,2025-01-09:1,True,2,5,True,-0.10104529616724739,0.10104529616724739,0.0,True,0,0,2,True,0.48158689149452016,15.0,465.0,0.0,0.0,1.0,0.0,0.0
2025-01-09 20:50:00+00:00,2025-01-09,2025-01-09:1,True,1,5,True,0.08814589665653495,0.051457986533953844,0.538227678932957,True,0,0,2,True,0.0,10.0,470.0,0.0,1.0,0.0,0.0,0.0
2025-01-09 20:55:00+00:00,2025-01-09,2025-01-09:1,True,2,5,True,-0.10163934426229508,0.10163934426229508,0.0,True,0,0,2,True,1.2206141855218753,5.0,475.0,0.0,0.0,1.0,0.0,0.0
2025-01-09 21:00:00+00:00,2025-01-09,2025-01-09:1,True,1,5,True,-0.3771626297577855,0.3771626297577855,0.5325916316968634,True,0,0,2,True,1.1909110927217184,0.0,480.0,0.0,1.0,0.0,0.0,0.0
2025-01-10 13:00:00+00:00,2025-01-10,2025-01-10:1,False,-1,0,False,,,,False,0,0,0,False,,480.0,0.0,,,,,
2025-01-10 13:05:00+00:00,2025-01-10,2025-01-10:1,False,-1,0,True,0.16352201257861634,,,False,0,0,0,False,,475.0,5.0,,,,,
2025-01-10 13:10:00+00:00,2025-01-10,2025-01-10:1,False,-1,0,True,-0.1242603550295858,,,False,0,0,0,False,,470.0,10.0,,,,,
2025-01-10 13:15:00+00:00,2025-01-10,2025-01-10:1,False,-1,0,True,0.12538226299694188,,,False,0,0,0,False,,465.0,15.0,,,,,
2025-01-10 13:20:00+00:00,2025-01-10,2025-01-10:1,False,-1,0,True,-0.0035842293906810036,,,False,0,0,0,False,,460.0,20.0,,,,,
2025-01-10 13:25:00+00:00,2025-01-10,2025-01-10:1,False,-1,0,True,0.19718309859154928,,,False,0,0,0,False,,455.0,25.0,,,,,
2025-01-10 13:30:00+00:00,2025-01-10,2025-01-10:1,False,-1,0,True,0.16715542521994134,,,False,0,0,0,False,,450.0,30.0,,,,,
2025-01-10 13:35:00+00:00,2025-01-10,2025-01-10:1,False,-1,0,True,-0.1419939577039275,,,False,0,0,0,False,,445.0,35.0,,,,,
2025-01-10 13:40:00+00:00,2025-01-10,2025-01-10:1,False,-1,0,True,0.0726643598615917,,,False,0,0,0,False,,440.0,40.0,,,,,
2025-01-10 13:45:00+00:00,2025-01-10,2025-01-10:1,False,-1,0,True,-0.18873239436619718,,,False,0,0,0,False,,435.0,45.0,,,,,
2025-01-10 13:50:00+00:00,2025-01-10,2025-01-10:1,False,-1,0,True,0.2978723404255319,,,False,0,0,0,False,,430.0,50.0,,,,,
2025-01-10 13:55:00+00:00,2025-01-10,2025-01-10:1,False,-1,0,True,-0.05555555555555555,,,False,0,0,0,False,,425.0,55.0,,,,,
2025-01-10 14:00:00+00:00,2025-01-10,2025-01-10:1,False,-1,0,True,0.2361111111111111,,,False,0,0,0,False,,420.0,60.0,,,,,
2025-01-10 14:05:00+00:00,2025-01-10,2025-01-10:1,True,0,5,True,0.3248407643312102,0.24645577191966053,0.27615255323488036,True,0,0,0,False,,415.0,65.0,1.0,0.0,0.0,0.0,0.0
2025-01-10 14:10:00+00:00,2025-01-10,2025-01-10:1,True,0,10,True,0.038461538461538464,0.020252187652806897,0.6413959210057912,True,0,0,0,False,,410.0,70.0,1.0,0.0,0.0,0.0,0.0
2025-01-10 14:15:00+00:00,2025-01-10,2025-01-10:1,True,1,5,True,0.49008498583569404,0.1281526569442814,1.3413566308708469,True,0,0,0,False,,405.0,75.0,0.0,1.0,0.0,0.0,0.0
2025-01-10 14:20:00+00:00,2025-01-10,2025-01-10:1,True,0,5,True,0.48314606741573035,0.48314606741573035,-1.371760757111571,True,0,0,0,False,,400.0,80.0,1.0,0.0,0.0,0.0,0.0
2025-01-10 14:25:00+00:00,2025-01-10,2025-01-10:1,True,1,5,True,0.1986970684039088,0.057192203955865266,1.2453638009493153,True,0,0,0,False,,395.0,85.0,0.0,1.0,0.0,0.0,0.0
2025-01-10 14:30:00+00:00,2025-01-10,2025-01-10:1,True,2,5,True,0.23529411764705882,0.23529411764705882,0.0,True,0,0,0,False,,390.0,90.0,0.0,0.0,1.0,0.0,0.0
2025-01-10 14:35:00+00:00,2025-01-10,2025-01-10:1,True,0,5,True,-0.18791946308724833,0.0546939282039187,-1.2342607817016111,True,0,0,0,False,,385.0,95.0,1.0,0.0,0.0,0.0,0.0
2025-01-10 14:40:00+00:00,2025-01-10,2025-01-10:1,True,0,10,True,-0.12177121771217712,0.12177121771217712,0.6205192886839208,True,0,0,0,False,,380.0,100.0,1.0,0.0,0.0,0.0,0.0
2025-01-10 14:45:00+00:00,2025-01-10,2025-01-10:1,True,0,15,True,0.3116883116883117,0.16856949493769757,0.6146555898463646,True,0,0,0,False,,375.0,105.0,1.0,0.0,0.0,0.0,0.0
2025-01-10 14:50:00+00:00,2025-01-10,2025-01-10:1,True,0,20,True,0.049079754601226995,0.049079754601226995,0.0,True,0,0,0,False,,370.0,110.0,1.0,0.0,0.0,0.0,0.0
2025-01-10 14:55:00+00:00,2025-01-10,2025-01-10:1,True,0,25,True,-0.36813186813186816,0.36813186813186816,0.0,True,0,0,0,False,,365.0,115.0,1.0,0.0,0.0,0.0,0.0
2025-01-10 15:00:00+00:00,2025-01-10,2025-01-10:1,True,0,30,True,-0.18861209964412812,0.18861209964412812,1.076290227803595,True,0,0,0,False,,360.0,120.0,1.0,0.0,0.0,0.0,0.0
2025-01-10 15:05:00+00:00,2025-01-10,2025-01-10:1,True,1,5,True,0.11782477341389729,0.05297343093282342,0.7994080650313092,True,0,0,0,True,0.0,355.0,125.0,0.0,1.0,0.0,0.0,0.0
2025-01-10 15:10:00+00:00,2025-01-10,2025-01-10:1,True,1,10,True,-0.034013605442176874,0.034013605442176874,1.3346913374205562,True,0,0,0,True,0.5488071083840232,350.0,130.0,0.0,1.0,0.0,0.0,0.0
2025-01-10 15:15:00+00:00,2025-01-10,2025-01-10:1,True,2,5,True,-0.03859649122807018,0.01440392716342183,-0.9856604824290832,True,0,0,0,True,0.5616129982856939,345.0,135.0,0.0,0.0,1.0,0.0,0.0
2025-01-10 15:20:00+00:00,2025-01-10,2025-01-10:1,True,0,5,True,-0.04487179487179487,0.01624688137047483,-1.0159084460934216,True,0,0,0,True,-1.1358201721905357,340.0,140.0,1.0,0.0,0.0,0.0,0.0
2025-01-10 15:25:00+00:00,2025-01-10,2025-01-10:1,True,0,10,True,-0.07777777777777778,0.07777777777777778,0.0,True,0,0,0,True,-1.2155091268245475,335.0,145.0,1.0,0.0,0.0,0.0,0.0
2025-01-10 15:30:00+00:00,2025-01-10,2025-01-10:1,True,1,5,True,0.47619047619047616,0.030271971357313725,2.7555956875612724,True,0,0,0,True,4.280130963172885,330.0,150.0,0.0,1.0,0.0,0.0,0.0
2025-01-10 15:35:00+00:00,2025-01-10,2025-01-10:1,True,1,10,True,0.9767441860465116,0.020022934227054895,3.887346453636481,True,0,0,0,True,1.6733460055815725,325.0,155.0,0.0,1.0,0.0,0.0,0.0
2025-01-10 15:40:00+00:00,2025-01-10,2025-01-10:1,True,1,15,True,0.9698924731182795,0.29029535491334224,1.2062863429823456,True,0,0,0,True,0.2848765046557386,320.0,160.0,0.0,1.0,0.0,0.0,0.0
2025-01-10 15:45:00+00:00,2025-01-10,2025-01-10:1,True,1,20,True,0.9487179487179487,0.17882571005489148,1.6686999008411083,True,0,0,0,True,0.829183647183449,315.0,165.0,0.0,1.0,0.0,0.0,0.0
2025-01-10 15:50:00+00:00,2025-01-10,2025-01-10:1,True,1,25,True,0.9182561307901907,0.24968410520858447,1.3022798215726266,True,0,0,0,True,2.0211024241832067,310.0,170.0,0.0,1.0,0.0,0.0,0.0
2025-01-10 15:55:00+00:00,2025-01-10,2025-01-10:1,True,1,30,True,0.9361702127659575,0.30710536803346533,1.1146064041390369,True,0,0,0,True,0.0,305.0,175.0,0.0,1.0,0.0,0.0,0.0
2025-01-10 16:00:00+00:00,2025-01-10,2025-01-10:1,True,1,35,True,0.8610421836228288,0.18436720510558532,1.5412140481753787,True,0,0,0,True,0.8615648448988334,300.0,180.0,0.0,1.0,0.0,0.0,0.0
2025-01-10 16:05:00+00:00,2025-01-10,2025-01-10:1,True,2,5,True,0.9184549356223176,0.9184549356223176,0.0,True,0,0,0,True,0.12382713984702631,295.0,185.0,0.0,0.0,1.0,0.0,0.0
2025-01-10 16:10:00+00:00,2025-01-10,2025-01-10:1,True,1,5,True,0.9166666666666666,0.29138476336548313,1.1460992972941173,True,0,0,0,True,0.0,290.0,190.0,0.0,1.0,0.0,0.0,0.0
2025-01-10 16:15:00+00:00,2025-01-10,2025-01-10:1,True,1,10,True,0.9118457300275482,0.27649522795656617,1.1932772580274897,True,0,0,0,True,0.8894163549863598,285.0,195.0,0.0,1.0,0.0,0.0,0.0
2025-01-10 16:20:00+00:00,2025-01-10,2025-01-10:1,True,2,5,True,0.9590909090909091,0.6396789353396662,0.4050194791591453,True,0,0,0,True,0.0,280.0,200.0,0.0,0.0,1.0,0.0,0.0
2025-01-10 16:25:00+00:00,2025-01-10,2025-01-10:1,True,1,5,True,0.9382022471910112,0.1793985351881656,1.654355756575838,True,0,0,0,True,0.92481298266726,275.0,205.0,0.0,1.0,0.0,0.0,0.0
2025-01-10 16:30:00+00:00,2025-01-10,2025-01-10:1,True,1,10,True,0.9278131634819533,0.6073713706576128,0.4236899628087649,True,0,0,0,True,-0.3567449714652627,270.0,210.0,0.0,1.0,0.0,0.0,0.0
2025-01-10 16:35:00+00:00,2025-01-10,2025-01-10:1,True,1,15,True,0.9600997506234414,0.13859699186854305,1.9354668031332434,True,0,0,0,True,0.4108041135572335,265.0,215.0,0.0,1.0,0.0,0.0,0.0
2025-01-10 16:40:00+00:00,2025-01-10,2025-01-10:1,True,1,20,True,0.9255813953488372,0.18414786311515605,1.6146830367999874,True,0,0,0,True,0.4630484561236921,260.0,220.0,0.0,1.0,0.0,0.0,0.0
2025-01-10 16:45:00+00:00,2025-01-10,2025-01-10:1,True,1,25,True,0.9404466501240695,0.2519805443344184,1.3170030426090673,True,0,0,0,True,1.4724541649260559,255.0,225.0,0.0,1.0,0.0,0.0,0.0
2025-01-10 16:50:00+00:00,2025-01-10,2025-01-10:1,True,1,30,True,0.900990099009901,0.2371004250600671,1.335010482842015,True,0,0,0,True,0.0,250.0,230.0,0.0,1.0,0.0,0.0,0.0
2025-01-10 16:55:00+00:00,2025-01-10,2025-01-10:1,True,1,35,True,0.8620689655172413,0.22657199820422505,1.3362725065853152,True,0,0,0,True,0.629079865169763,245.0,235.0,0.0,1.0,0.0,0.0,0.0
2025-01-10 17:00:00+00:00,2025-01-10,2025-01-10:1,True,1,40,True,0.8794520547945206,0.2185544747361189,1.3922637527737116,True,0,0,0,True,1.5565981969054905,240.0,240.0,0.0,1.0,0.0,0.0,0.0
2025-01-10 17:05:00+00:00,2025-01-10,2025-01-10:1,True,1,45,True,0.6325301204819277,0.15398967376245704,1.4128422941082126,True,0,0,0,True,1.5796057055541124,235.0,245.0,0.0,1.0,0.0,0.0,0.0
2025-01-10 17:10:00+00:00,2025-01-10,2025-01-10:1,True,2,5,True,0.54375,0.54375,0.0,True,0,0,0,True,0.0,230.0,250.0,0.0,0.0,1.0,0.0,0.0
2025-01-10 17:15:00+00:00,2025-01-10,2025-01-10:1,True,2,10,True,0.5862068965517241,0.5862068965517241,0.0,True,0,0,0,True,0.0,225.0,255.0,0.0,0.0,1.0,0.0,0.0
2025-01-10 17:20:00+00:00,2025-01-10,2025-01-10:1,True,2,15,True,0.6177285318559557,0.6177285318559557,-1.91420344088959,True,0,0,0,True,0.0,220.0,260.0,0.0,0.0,1.0,0.0,0.0
2025-01-10 17:25:00+00:00,2025-01-10,2025-01-10:1,True,1,5,True,0.6177285318559557,0.1693433452522565,1.2941208094413947,True,0,0,0,True,1.4468710505060611,215.0,265.0,0.0,1.0,0.0,0.0,0.0
2025-01-10 17:30:00+00:00,2025-01-10,2025-01-10:1,True,0,5,True,0.2727272727272727,0.2727272727272727,0.0,True,0,0,0,True,1.4329564784564586,210.0,270.0,1.0,0.0,0.0,0.0,0.0
2025-01-10 17:35:00+00:00,2025-01-10,2025-01-10:1,True,0,10,True,0.49560117302052786,0.49560117302052786,0.0,True,0,0,0,True,1.462081105626068,205.0,275.0,1.0,0.0,0.0,0.0,0.0
2025-01-10 17:40:00+00:00,2025-01-10,2025-01-10:1,True,0,15,True,0.5978552278820375,0.5978552278820375,0.0,True,0,0,0,True,1.4607585534731424,200.0,280.0,1.0,0.0,0.0,0.0,0.0
2025-01-10 17:45:00+00:00,2025-01-10,2025-01-10:1,True,0,20,True,0.4563758389261745,0.4563758389261745,-0.661905440287885,True,0,0,0,True,-1.4800655591606389,195.0,285.0,1.0,0.0,0.0,0.0,0.0
2025-01-10 17:50:00+00:00,2025-01-10,2025-01-10:1,True,0,25,True,0.5540983606557377,0.5540983606557377,0.0,True,0,0,0,True,0.0,190.0,290.0,1.0,0.0,0.0,0.0,0.0
2025-01-10 17:55:00+00:00,2025-01-10,2025-01-10:1,True,0,30,True,0.5498575498575499,0.13755427938396428,1.385640646055323,True,0,0,0,True,0.0,185.0,295.0,1.0,0.0,0.0,0.0,0.0
2025-01-10 18:00:00+00:00,2025-01-10,2025-01-10:1,True,0,35,True,0.4470588235294118,0.2179078999598853,0.7186176859460062,True,0,0,0,True,0.9432133012389866,180.0,300.0,1.0,0.0,0.0,0.0,0.0
2025-01-10 18:05:00+00:00,2025-01-10,2025-01-10:1,True,0,40,True,0.7728395061728395,0.7728395061728395,0.0,True,0,0,0,True,0.0,175.0,305.0,1.0,0.0,0.0,0.0,0.0
2025-01-10 18:10:00+00:00,2025-01-10,2025-01-10:1,True,0,45,True,0.5588972431077694,0.5588972431077694,-1.4998014165589586,True,0,0,0,True,0.6969313191997745,170.0,310.0,1.0,0.0,0.0,0.0,0.0
2025-01-10 18:15:00+00:00,2025-01-10,2025-01-10:1,True,0,50,True,0.7360406091370558,0.3414395731202211,0.76811457478577,True,0,0,0,True,0.0,165.0,315.0,1.0,0.0,0.0,0.0,0.0
2025-01-10 18:20:00+00:00,2025-01-10,2025-01-10:1,True,1,5,True,0.7096774193548387,0.14418553677807192,1.5937096077707913,True,0,0,0,True,0.0,160.0,320.0,0.0,1.0,0.0,0.0,0.0
2025-01-10 18:25:00+00:00,2025-01-10,2025-01-10:1,True,0,5,True,0.7024793388429752,0.7024793388429752,0.0,True,0,0,0,True,-1.1474785662779825,155.0,325.0,1.0,0.0,0.0,0.0,0.0
2025-01-10 18:30:00+00:00,2025-01-10,2025-01-10:1,True,0,10,True,0.5764705882352941,0.5764705882352941,-0.38664356097652053,True,0,0,0,True,-0.8645612854060849,150.0,330.0,1.0,0.0,0.0,0.0,0.0
2025-01-10 18:35:00+00:00,2025-01-10,2025-01-10:1,True,0,15,True,0.5887323943661972,0.40849474600524704,0.3654926889304486,True,0,0,0,True,-1.634532995446045,145.0,335.0,1.0,0.0,0.0,0.0,0.0
2025-01-10 18:40:00+00:00,2025-01-10,2025-01-10:1,True,2,5,True,0.0576271186440678,0.0576271186440678,-0.3700235453281664,True,0,0,0,True,0.0,140.0,340.0,0.0,0.0,1.0,0.0,0.0
2025-01-10 18:45:00+00:00,2025-01-10,2025-01-10:1,True,0,5,True,0.43315508021390375,0.299962295652823,0.36743903119958315,True,0,0,0,True,0.0,135.0,345.0,1.0,0.0,0.0,0.0,0.0
2025-01-10 18:50:00+00:00,2025-01-10,2025-01-10:1,True,0,10,True,0.4,0.4,-0.7033910078009549,True,0,0,0,True,0.0,130.0,350.0,1.0,0.0,0.0,0.0,0.0
2025-01-10 18:55:00+00:00,2025-01-10,2025-01-10:1,True,3,5,True,0.4007220216606498,0.4007220216606498,-1.4325410685353628,True,0,0,0,True,-1.6016296049026282,125.0,355.0,0.0,0.0,0.0,1.0,0.0
2025-01-10 19:00:00+00:00,2025-01-10,2025-01-10:1,True,0,5,True,0.21301775147928995,0.21301775147928995,0.0,True,0,0,0,True,0.0,120.0,360.0,1.0,0.0,0.0,0.0,0.0
2025-01-10 19:05:00+00:00,2025-01-10,2025-01-10:1,True,3,5,True,-0.2222222222222222,0.10997871800638172,-0.703391007800955,True,0,0,0,True,0.0,115.0,365.0,0.0,0.0,0.0,1.0,0.0
2025-01-10 19:10:00+00:00,2025-01-10,2025-01-10:1,True,3,10,True,0.07857142857142857,0.07857142857142857,-1.8589059829259331,True,0,0,0,True,0.0,110.0,370.0,0.0,0.0,0.0,1.0,0.0
2025-01-10 19:15:00+00:00,2025-01-10,2025-01-10:1,True,0,5,True,0.15636363636363637,0.014265713801266722,2.394325274950851,True,0,0,0,True,1.3384685187618475,105.0,375.0,1.0,0.0,0.0,0.0,0.0
2025-01-10 19:20:00+00:00,2025-01-10,2025-01-10:1,True,3,5,True,0.06188925081433225,0.06188925081433225,-1.1855205848377721,True,0,0,0,True,0.0,100.0,380.0,0.0,0.0,0.0,1.0,0.0
2025-01-10 19:25:00+00:00,2025-01-10,2025-01-10:1,True,0,5,True,-0.22807017543859648,0.12646403581649512,-0.5896954027088682,True,0,0,0,True,1.3185990064761433,95.0,385.0,1.0,0.0,0.0,0.0,0.0
2025-01-10 19:30:00+00:00,2025-01-10,2025-01-10:1,True,0,10,True,-0.14685314685314685,0.14685314685314685,0.5927602924180437,True,0,0,0,True,0.0,90.0,390.0,1.0,0.0,0.0,0.0,0.0
2025-01-10 19:35:00+00:00,2025-01-10,2025-01-10:1,True,0,15,True,-0.3146853146853147,0.3146853146853147,0.0,True,0,0,0,True,0.0,85.0,395.0,1.0,0.0,0.0,0.0,0.0
2025-01-10 19:40:00+00:00,2025-01-10,2025-01-10:1,True,0,20,True,0.053691275167785234,0.053691275167785234,0.0,True,0,0,0,True,1.4326448871443045,80.0,400.0,1.0,0.0,0.0,0.0,0.0
2025-01-10 19:45:00+00:00,2025-01-10,2025-01-10:1,True,0,25,True,0.2682926829268293,0.14580709356325058,0.6097940139879542,True,0,0,0,True,0.3587770499516004,75.0,405.0,1.0,0.0,0.0,0.0,0.0
2025-01-10 19:50:00+00:00,2025-01-10,2025-01-10:1,True,0,30,True,-0.06015037593984962,0.03210419661000616,-0.6278609353351811,True,0,0,0,True,-2.4622105826564247,70.0,410.0,1.0,0.0,0.0,0.0,0.0
2025-01-10 19:55:00+00:00,2025-01-10,2025-01-10:1,True,0,35,True,0.14383561643835616,0.10752538437097738,0.2909441416211657,True,0,0,0,True,0.33040908679711406,65.0,415.0,1.0,0.0,0.0,0.0,0.0
2025-01-10 20:00:00+00:00,2025-01-10,2025-01-10:1,True,0,40,True,0.27696793002915454,0.0703209470179724,1.3708320028669554,True,0,0,0,True,0.6130547088278429,60.0,420.0,1.0,0.0,0.0,0.0,0.0
2025-01-10 20:05:00+00:00,2025-01-10,2025-01-10:1,True,1,5,True,-0.01935483870967742,0.01935483870967742,1.3160160480590168,True,0,0,0,True,-0.5885402685874493,55.0,425.0,0.0,1.0,0.0,0.0,0.0
2025-01-10 20:10:00+00:00,2025-01-10,2025-01-10:1,True,2,5,True,0.27147766323024053,0.27147766323024053,-0.272650899924397,True,0,0,0,True,-0.38814059937623696,50.0,430.0,0.0,0.0,1.0,0.0,0.0
2025-01-10 20:15:00+00:00,2025-01-10,2025-01-10:1,True,1,5,True,0.31561461794019935,0.035536531911395525,2.183960670553222,True,0,0,0,True,2.8223986397374663,45.0,435.0,0.0,1.0,0.0,0.0,0.0
2025-01-10 20:20:00+00:00,2025-01-10,2025-01-10:1,True,1,10,True,0.5394321766561514,0.0751536093559267,1.9709829178735605,True,0,0,0,True,0.1732984008511808,40.0,440.0,0.0,1.0,0.0,0.0,0.0
2025-01-10 20:25:00+00:00,2025-01-10,2025-01-10:1,True,2,5,True,0.44805194805194803,0.2725195415530717,0.4971988575122958,True,0,0,0,True,1.24374454544212,35.0,445.0,0.0,0.0,1.0,0.0,0.0
2025-01-10 20:30:00+00:00,2025-01-10,2025-01-10:1,True,1,5,True,0.2836676217765043,0.10965689133282511,0.9504468855727065,True,0,0,0,True,0.12160817181655023,30.0,450.0,0.0,1.0,0.0,0.0,0.0
2025-01-10 20:35:00+00:00,2025-01-10,2025-01-10:1,True,1,10,True,0.45454545454545453,0.28625340835898433,0.4624204568893546,True,0,0,0,True,0.0,25.0,455.0,0.0,1.0,0.0,0.0,0.0
2025-01-10 20:40:00+00:00,2025-01-10,2025-01-10:1,True,2,5,True,0.18490566037735848,0.18490566037735848,-0.9248409137773338,True,0,0,0,True,-0.5624668016800134,20.0,460.0,0.0,0.0,1.0,0.0,0.0
2025-01-10 20:45:00+00:00,2025-01-10,2025-01-10:1,True,1,5,True,0.38028169014084506,0.059813443321064155,1.8496818275532854,True,0,0,0,True,0.572027886654354,15.0,465.0,0.0,1.0,0.0,0.0,0.0
2025-01-10 20:50:00+00:00,2025-01-10,2025-01-10:1,True,0,5,True,0.09352517985611511,0.09352517985611511,-0.9085237095450691,True,0,0,0,True,-1.1192756062861555,10.0,470.0,1.0,0.0,0.0,0.0,0.0
2025-01-10 20:55:00+00:00,2025-01-10,2025-01-10:1,True,0,10,True,0.08284023668639054,0.08284023668639054,0.0,True,0,0,0,True,0.0,5.0,475.0,1.0,0.0,0.0,0.0,0.0
2025-01-10 21:00:00+00:00,2025-01-10,2025-01-10:1,True,0,15,True,0.28615384615384615,0.28615384615384615,0.0,True,0,0,0,True,-1.0677960577589967,0.0,480.0,1.0,0.0,0.0,0.0,0.0
2025-01-13 13:00:00+00:00,2025-01-13,2025-01-13:1,False,-1,0,False,,,,False,0,0,0,False,,480.0,0.0,,,,,
2025-01-13 13:05:00+00:00,2025-01-13,2025-01-13:1,False,-1,0,True,0.28859060402684567,,,False,0,0,0,False,,475.0,5.0,,,,,
2025-01-13 13:10:00+00:00,2025-01-13,2025-01-13:1,False,-1,0,True,-0.05511811023622047,,,False,0,0,0,False,,470.0,10.0,,,,,
2025-01-13 13:15:00+00:00,2025-01-13,2025-01-13:1,False,-1,0,True,0.12449799196787148,,,False,0,0,0,False,,465.0,15.0,,,,,
2025-01-13 13:20:00+00:00,2025-01-13,2025-01-13:1,False,-1,0,True,0.34146341463414637,,,False,0,0,0,False,,460.0,20.0,,,,,
2025-01-13 13:25:00+00:00,2025-01-13,2025-01-13:1,False,-1,0,True,0.2733333333333333,,,False,0,0,0,False,,455.0,25.0,,,,,
2025-01-13 13:30:00+00:00,2025-01-13,2025-01-13:1,False,-1,0,True,0.5221238938053098,,,False,0,0,0,False,,450.0,30.0,,,,,
2025-01-13 13:35:00+00:00,2025-01-13,2025-01-13:1,False,-1,0,True,0.18888888888888888,,,False,0,0,0,False,,445.0,35.0,,,,,
2025-01-13 13:40:00+00:00,2025-01-13,2025-01-13:1,False,-1,0,True,-0.012269938650306749,,,False,0,0,0,False,,440.0,40.0,,,,,
2025-01-13 13:45:00+00:00,2025-01-13,2025-01-13:1,False,-1,0,True,0.28662420382165604,,,False,0,0,0,False,,435.0,45.0,,,,,
2025-01-13 13:50:00+00:00,2025-01-13,2025-01-13:1,False,-1,0,True,0.2635135135135135,,,False,0,0,0,False,,430.0,50.0,,,,,
2025-01-13 13:55:00+00:00,2025-01-13,2025-01-13:1,False,-1,0,True,0.15328467153284672,,,False,0,0,0,False,,425.0,55.0,,,,,
2025-01-13 14:00:00+00:00,2025-01-13,2025-01-13:1,False,-1,0,True,0.10247349823321555,,,False,0,0,0,False,,420.0,60.0,,,,,
2025-01-13 14:05:00+00:00,2025-01-13,2025-01-13:1,True,3,5,True,0.0,0.0,-3.735214831903195,True,0,0,0,False,,415.0,65.0,0.0,0.0,0.0,1.0,0.0
2025-01-13 14:10:00+00:00,2025-01-13,2025-01-13:1,True,3,10,True,-0.1828793774319066,0.08549147809603273,-0.7604100962132145,True,0,0,0,False,,410.0,70.0,0.0,0.0,0.0,1.0,0.0
2025-01-13 14:15:00+00:00,2025-01-13,2025-01-13:1,True,4,5,True,0.03951367781155015,0.033880140311269194,0.15381787448421655,True,1,0,0,False,,405.0,75.0,0.0,0.0,0.0,0.0,1.0
2025-01-13 14:20:00+00:00,2025-01-13,2025-01-13:1,True,3,5,True,0.2398921832884097,0.2398921832884097,-0.4587026665599011,True,1,0,0,False,,400.0,80.0,0.0,0.0,0.0,1.0,0.0
2025-01-13 14:25:00+00:00,2025-01-13,2025-01-13:1,True,4,5,True,-0.1781609195402299,0.1781609195402299,1.0751633094934059,True,1,0,0,False,,395.0,85.0,0.0,0.0,0.0,0.0,1.0
2025-01-13 14:30:00+00:00,2025-01-13,2025-01-13:1,True,4,10,True,0.09090909090909091,0.06635863737867663,0.3147860748475602,True,1,0,0,False,,390.0,90.0,0.0,0.0,0.0,0.0,1.0
2025-01-13 14:35:00+00:00,2025-01-13,2025-01-13:1,True,0,5,True,0.03492063492063492,0.0088405365199503,1.3737303458449557,True,0,0,0,False,,385.0,95.0,1.0,0.0,0.0,0.0,0.0
2025-01-13 14:40:00+00:00,2025-01-13,2025-01-13:1,True,1,5,True,0.028169014084507043,0.016894481798253955,0.5112355347046422,True,0,0,0,False,,380.0,100.0,0.0,1.0,0.0,0.0,0.0
2025-01-13 14:45:00+00:00,2025-01-13,2025-01-13:1,True,1,10,True,0.5380116959064327,0.38582381289821654,0.3324994775344938,True,0,0,0,False,,375.0,105.0,0.0,1.0,0.0,0.0,0.0
2025-01-13 14:50:00+00:00,2025-01-13,2025-01-13:1,True,1,15,True,0.4531645569620253,0.23385657132913834,0.6615473355283189,True,0,0,0,False,,370.0,110.0,0.0,1.0,0.0,0.0,0.0
2025-01-13 14:55:00+00:00,2025-01-13,2025-01-13:1,True,2,5,True,0.3401360544217687,0.3401360544217687,-0.6786476944050468,True,0,0,0,False,,365.0,115.0,0.0,0.0,1.0,0.0,0.0
2025-01-13 15:00:00+00:00,2025-01-13,2025-01-13:1,True,2,10,True,0.04461942257217848,0.04461942257217848,-0.34082368980242433,True,0,0,0,False,,360.0,120.0,0.0,0.0,1.0,0.0,0.0
2025-01-13 15:05:00+00:00,2025-01-13,2025-01-13:1,True,0,5,True,0.4904109589041096,0.3366771943339225,0.3761191402633309,True,0,0,0,True,0.0,355.0,125.0,1.0,0.0,0.0,0.0,0.0
2025-01-13 15:10:00+00:00,2025-01-13,2025-01-13:1,True,0,10,True,0.09090909090909091,0.09090909090909091,-0.5146801984423773,True,0,0,0,True,0.5618831507385702,350.0,130.0,1.0,0.0,0.0,0.0,0.0
2025-01-13 15:15:00+00:00,2025-01-13,2025-01-13:1,True,0,15,True,0.02456140350877193,0.02456140350877193,-1.016464245413752,True,0,0,0,True,-0.5814378750567655,345.0,135.0,1.0,0.0,0.0,0.0,0.0
2025-01-13 15:20:00+00:00,2025-01-13,2025-01-13:1,True,4,5,True,-0.22955145118733508,0.22955145118733508,0.0,True,0,0,0,True,0.5695803840738582,340.0,140.0,0.0,0.0,0.0,0.0,1.0
2025-01-13 15:25:00+00:00,2025-01-13,2025-01-13:1,True,3,5,True,-0.2079207920792079,0.07328067273405868,-1.0428602992177116,True,0,0,0,True,-0.5632286987812528,335.0,145.0,0.0,0.0,0.0,1.0,0.0
2025-01-13 15:30:00+00:00,2025-01-13,2025-01-13:1,True,0,5,True,0.35076252723311546,0.09019544249836656,1.3581305347396377,True,0,0,0,True,2.408131519955045,330.0,150.0,1.0,0.0,0.0,0.0,0.0
2025-01-13 15:35:00+00:00,2025-01-13,2025-01-13:1,True,0,10,True,0.9769585253456221,0.22193626138255038,1.4820539703550455,True,0,0,0,True,0.5424421816144471,325.0,155.0,1.0,0.0,0.0,0.0,0.0
2025-01-13 15:40:00+00:00,2025-01-13,2025-01-13:1,True,1,5,True,0.964735516372796,0.08321492311775798,2.45042729133617,True,0,0,0,True,0.39608658920382467,320.0,160.0,0.0,1.0,0.0,0.0,0.0
2025-01-13 15:45:00+00:00,2025-01-13,2025-01-13:1,True,1,10,True,0.9685863874345549,0.22499034191875789,1.459780199536228,True,0,0,0,True,0.0,315.0,165.0,0.0,1.0,0.0,0.0,0.0
2025-01-13 15:50:00+00:00,2025-01-13,2025-01-13:1,True,1,15,True,0.9670588235294117,0.18235203854885504,1.6683202280425595,True,0,0,0,True,1.6373687670160966,310.0,170.0,0.0,1.0,0.0,0.0,0.0
2025-01-13 15:55:00+00:00,2025-01-13,2025-01-13:1,True,1,20,True,0.94750656167979,0.28418011844850644,1.204225605170443,True,0,0,0,True,0.0,305.0,175.0,0.0,1.0,0.0,0.0,0.0
2025-01-13 16:00:00+00:00,2025-01-13,2025-01-13:1,True,1,25,True,0.8725761772853186,0.04665305907706329,2.928711459260463,True,0,0,0,True,-0.6946642427662773,300.0,180.0,0.0,1.0,0.0,0.0,0.0
2025-01-13 16:05:00+00:00,2025-01-13,2025-01-13:1,True,1,30,True,0.9040404040404041,0.2611584264813907,1.2417468329414512,True,0,0,0,True,-0.7933229512285445,295.0,185.0,0.0,1.0,0.0,0.0,0.0
2025-01-13 16:10:00+00:00,2025-01-13,2025-01-13:1,True,2,5,True,0.8775510204081632,0.6160281460103176,0.3538424425001903,True,0,0,0,True,2.382818459016923,290.0,190.0,0.0,0.0,1.0,0.0,0.0
2025-01-13 16:15:00+00:00,2025-01-13,2025-01-13:1,True,2,10,True,0.9007832898172323,0.9007832898172323,-2.1442378407290366,True,0,0,0,True,-0.775731561144013,285.0,195.0,0.0,0.0,1.0,0.0,0.0
2025-01-13 16:20:00+00:00,2025-01-13,2025-01-13:1,True,1,5,True,0.9083969465648855,0.5591473578480242,0.4852684007303418,True,0,0,0,True,-0.3599139782248945,280.0,200.0,0.0,1.0,0.0,0.0,0.0
2025-01-13 16:25:00+00:00,2025-01-13,2025-01-13:1,True,1,10,True,0.9025522041763341,0.35604741866229683,0.9301626120253383,True,0,0,0,True,0.6430344574371952,275.0,205.0,0.0,1.0,0.0,0.0,0.0
2025-01-13 16:30:00+00:00,2025-01-13,2025-01-13:1,True,0,5,True,0.8931750741839762,0.8931750741839762,-0.31018058051039005,True,0,0,0,True,0.07688443519943061,270.0,210.0,1.0,0.0,0.0,0.0,0.0
2025-01-13 16:35:00+00:00,2025-01-13,2025-01-13:1,True,0,10,True,0.7736842105263158,0.7736842105263158,-0.7726218051628516,True,0,0,0,True,0.23635232170438716,265.0,215.0,1.0,0.0,0.0,0.0,0.0
2025-01-13 16:40:00+00:00,2025-01-13,2025-01-13:1,True,0,15,True,0.8522167487684729,0.13111089368017037,1.8717974126875945,True,0,0,0,True,0.0,260.0,220.0,1.0,0.0,0.0,0.0,0.0
2025-01-13 16:45:00+00:00,2025-01-13,2025-01-13:1,True,1,5,True,0.8354114713216958,0.32435650626819734,0.9460811446371848,True,0,0,0,True,0.9853554405475798,255.0,225.0,0.0,1.0,0.0,0.0,0.0
2025-01-13 16:50:00+00:00,2025-01-13,2025-01-13:1,True,2,5,True,0.8078817733990148,0.8078817733990148,0.0,True,0,0,0,True,-0.7021164812656084,250.0,230.0,0.0,0.0,1.0,0.0,0.0
2025-01-13 16:55:00+00:00,2025-01-13,2025-01-13:1,True,1,5,True,0.849624060150376,0.5217678363540869,0.4875712384665967,True,0,0,0,True,-0.08006239486488168,245.0,235.0,0.0,1.0,0.0,0.0,0.0
2025-01-13 17:00:00+00:00,2025-01-13,2025-01-13:1,True,2,5,True,0.5882352941176471,0.5882352941176471,0.0,True,0,0,0,True,0.0,240.0,240.0,0.0,0.0,1.0,0.0,0.0
2025-01-13 17:05:00+00:00,2025-01-13,2025-01-13:1,True,1,5,True,0.6964769647696477,0.12048646139962366,1.7544973267483448,True,0,0,0,True,0.0,235.0,245.0,0.0,1.0,0.0,0.0,0.0
2025-01-13 17:10:00+00:00,2025-01-13,2025-01-13:1,True,1,10,True,0.4612794612794613,0.19605801055716332,0.8555934783377602,True,0,0,0,True,-0.45702559605153376,230.0,250.0,0.0,1.0,0.0,0.0,0.0
2025-01-13 17:15:00+00:00,2025-01-13,2025-01-13:1,True,1,15,True,0.6955380577427821,0.22719697462943572,1.1188683589748873,True,0,0,0,True,0.0,225.0,255.0,0.0,1.0,0.0,0.0,0.0
2025-01-13 17:20:00+00:00,2025-01-13,2025-01-13:1,True,2,5,True,0.7921348314606742,0.7921348314606742,-0.7423656691081602,True,0,0,0,True,0.0,220.0,260.0,0.0,0.0,1.0,0.0,0.0
2025-01-13 17:25:00+00:00,2025-01-13,2025-01-13:1,True,2,10,True,0.76657824933687,0.76657824933687,0.0,True,0,0,0,True,0.0,215.0,265.0,0.0,0.0,1.0,0.0,0.0
2025-01-13 17:30:00+00:00,2025-01-13,2025-01-13:1,True,1,5,True,0.681592039800995,0.2063936121272151,1.1946462126187596,True,0,0,0,True,-1.3682546977766543,210.0,270.0,0.0,1.0,0.0,0.0,0.0
2025-01-13 17:35:00+00:00,2025-01-13,2025-01-13:1,True,2,5,True,0.6649484536082474,0.6649484536082474,0.0,True,0,0,0,True,1.8218860106295143,205.0,275.0,0.0,0.0,1.0,0.0,0.0
2025-01-13 17:40:00+00:00,2025-01-13,2025-01-13:1,True,0,5,True,0.5184135977337111,0.5184135977337111,-1.3621901580876032,True,0,0,0,True,-1.01531659725406,200.0,280.0,1.0,0.0,0.0,0.0,0.0
2025-01-13 17:45:00+00:00,2025-01-13,2025-01-13:1,True,0,10,True,0.5858310626702997,0.5858310626702997,-0.4431020585326037,True,0,0,0,True,-0.5262642009583043,195.0,285.0,1.0,0.0,0.0,0.0,0.0
2025-01-13 17:50:00+00:00,2025-01-13,2025-01-13:1,True,0,15,True,0.6373937677053825,0.6373937677053825,0.0,True,0,0,0,True,0.04261942935147803,190.0,290.0,1.0,0.0,0.0,0.0,0.0
2025-01-13 17:55:00+00:00,2025-01-13,2025-01-13:1,True,0,20,True,0.5380281690140845,0.09863534083156755,1.6964812938804703,True,0,0,0,True,0.0,185.0,295.0,1.0,0.0,0.0,0.0,0.0
2025-01-13 18:00:00+00:00,2025-01-13,2025-01-13:1,True,0,25,True,0.5346153846153846,0.5346153846153846,-0.21497464784624137,True,0,0,0,True,0.5468500772226388,180.0,300.0,1.0,0.0,0.0,0.0,0.0
2025-01-13 18:05:00+00:00,2025-01-13,2025-01-13:1,True,0,30,True,0.4877384196185286,0.4877384196185286,-0.447593072527556,True,0,0,0,True,-0.5559284390913242,175.0,305.0,1.0,0.0,0.0,0.0,0.0
2025-01-13 18:10:00+00:00,2025-01-13,2025-01-13:1,True,0,35,True,0.4306569343065693,0.4306569343065693,0.0,True,0,0,0,True,-1.0647141417634343,170.0,310.0,1.0,0.0,0.0,0.0,0.0
2025-01-13 18:15:00+00:00,2025-01-13,2025-01-13:1,True,0,40,True,0.3352601156069364,0.2084111113059256,0.47539406936594064,True,0,0,0,True,-0.552192137697041,165.0,315.0,1.0,0.0,0.0,0.0,0.0
2025-01-13 18:20:00+00:00,2025-01-13,2025-01-13:1,True,1,5,True,0.4857142857142857,0.3090727218320458,0.452043966605881,True,0,0,0,True,-1.0189541413263445,160.0,320.0,0.0,1.0,0.0,0.0,0.0
2025-01-13 18:25:00+00:00,2025-01-13,2025-01-13:1,True,0,5,True,0.41975308641975306,0.34256088502230403,0.20321724053369064,True,0,0,0,True,1.8176302561330318,155.0,325.0,1.0,0.0,0.0,0.0,0.0
2025-01-13 18:30:00+00:00,2025-01-13,2025-01-13:1,True,0,10,True,0.1167192429022082,0.1167192429022082,0.0,True,0,0,0,True,-0.4487500892306795,150.0,330.0,1.0,0.0,0.0,0.0,0.0
2025-01-13 18:35:00+00:00,2025-01-13,2025-01-13:1,True,1,5,True,0.39692307692307693,0.048356315256808044,2.1051456721983484,True,0,0,0,True,-0.4792064603685369,145.0,335.0,0.0,1.0,0.0,0.0,0.0
2025-01-13 18:40:00+00:00,2025-01-13,2025-01-13:1,True,1,10,True,0.33114754098360655,0.10473892251352174,1.1510932176667292,True,0,0,0,True,1.1807399644490864,140.0,340.0,0.0,1.0,0.0,0.0,0.0
2025-01-13 18:45:00+00:00,2025-01-13,2025-01-13:1,True,2,5,True,0.2558139534883721,0.2558139534883721,-0.553698461388373,True,0,0,0,True,-0.35362151257039204,135.0,345.0,0.0,0.0,1.0,0.0,0.0
2025-01-13 18:50:00+00:00,2025-01-13,2025-01-13:1,True,1,5,True,0.07605633802816901,0.05225191168322039,0.3753978780967589,True,0,0,0,True,0.0,130.0,350.0,0.0,1.0,0.0,0.0,0.0
2025-01-13 18:55:00+00:00,2025-01-13,2025-01-13:1,True,2,5,True,-0.01718213058419244,0.005596452697948422,-1.121736974010752,True,0,0,0,True,0.48355539521109675,125.0,355.0,0.0,0.0,1.0,0.0,0.0
2025-01-13 19:00:00+00:00,2025-01-13,2025-01-13:1,True,2,10,True,-0.15384615384615385,0.15384615384615385,0.0,True,0,0,0,True,-0.4753966723719618,120.0,360.0,0.0,0.0,1.0,0.0,0.0
2025-01-13 19:05:00+00:00,2025-01-13,2025-01-13:1,True,0,5,True,-0.05396825396825397,0.05396825396825397,0.3851521137828683,True,0,0,0,True,-0.8612263080962272,115.0,365.0,1.0,0.0,0.0,0.0,0.0
2025-01-13 19:10:00+00:00,2025-01-13,2025-01-13:1,True,0,10,True,-0.034482758620689655,0.023599385441300077,-0.3792387779260396,True,0,0,0,True,0.0,110.0,370.0,1.0,0.0,0.0,0.0,0.0
2025-01-13 19:15:00+00:00,2025-01-13,2025-01-13:1,True,0,15,True,0.10914454277286136,0.0524833102696635,0.7321778648145878,True,0,0,0,True,0.8185997386730349,105.0,375.0,1.0,0.0,0.0,0.0,0.0
2025-01-13 19:20:00+00:00,2025-01-13,2025-01-13:1,True,0,20,True,-0.16065573770491803,0.09121078243096349,-0.5660906819838065,True,0,0,0,True,-0.6002279846064209,100.0,380.0,1.0,0.0,0.0,0.0,0.0
2025-01-13 19:25:00+00:00,2025-01-13,2025-01-13:1,True,0,25,True,-0.10580204778156997,0.05912389782963709,-0.581934669171075,True,0,0,0,True,0.0,95.0,385.0,1.0,0.0,0.0,0.0,0.0
2025-01-13 19:30:00+00:00,2025-01-13,2025-01-13:1,True,0,30,True,0.34718100890207715,0.34718100890207715,-1.114932519054449,True,0,0,0,True,-0.28010610594631996,90.0,390.0,1.0,0.0,0.0,0.0,0.0
2025-01-13 19:35:00+00:00,2025-01-13,2025-01-13:1,True,3,5,True,0.06133333333333333,0.06133333333333333,-0.583799251550776,True,0,0,0,True,0.0,85.0,395.0,0.0,0.0,0.0,1.0,0.0
2025-01-13 19:40:00+00:00,2025-01-13,2025-01-13:1,True,3,10,True,-0.5043227665706052,0.08427624317641101,-1.7891164605216483,True,0,0,0,True,-0.6450608640095647,80.0,400.0,0.0,0.0,0.0,1.0,0.0
2025-01-13 19:45:00+00:00,2025-01-13,2025-01-13:1,True,4,5,True,-0.30177514792899407,0.30177514792899407,0.6221143295782017,True,0,0,0,True,0.463696643571189,75.0,405.0,0.0,0.0,0.0,0.0,1.0
2025-01-13 19:50:00+00:00,2025-01-13,2025-01-13:1,True,4,10,True,-0.45514950166112955,0.45514950166112955,1.0427001425264122,True,0,0,0,True,0.9326193595340505,70.0,410.0,0.0,0.0,0.0,0.0,1.0
2025-01-13 19:55:00+00:00,2025-01-13,2025-01-13:1,True,3,5,True,-0.2787878787878788,0.22595233340734125,-0.21012713867068677,True,0,0,0,True,0.9397171319730317,65.0,415.0,0.0,0.0,0.0,1.0,0.0
2025-01-13 20:00:00+00:00,2025-01-13,2025-01-13:1,True,0,5,True,0.05537459283387622,0.04563600393718452,0.19342391044338184,True,0,0,0,True,-0.23254813133078303,60.0,420.0,1.0,0.0,0.0,0.0,0.0
2025-01-13 20:05:00+00:00,2025-01-13,2025-01-13:1,True,0,10,True,-0.13953488372093023,0.05671212394831187,-0.9003266183916107,True,0,0,0,True,1.5206788978431705,55.0,425.0,1.0,0.0,0.0,0.0,0.0
2025-01-13 20:10:00+00:00,2025-01-13,2025-01-13:1,True,0,15,True,-0.09395973154362416,0.07869907305468322,-0.17723492551035402,True,0,0,0,True,1.1889280242870424,50.0,430.0,1.0,0.0,0.0,0.0,0.0
2025-01-13 20:15:00+00:00,2025-01-13,2025-01-13:1,True,0,20,True,-0.16149068322981366,0.07860485120611202,-0.7200140343090649,True,0,0,0,True,-0.4025000813666617,45.0,435.0,1.0,0.0,0.0,0.0,0.0
2025-01-13 20:20:00+00:00,2025-01-13,2025-01-13:1,True,0,25,True,-0.0111731843575419,0.0111731843575419,0.0,True,0,0,0,True,0.9324010398736609,40.0,440.0,1.0,0.0,0.0,0.0,0.0
2025-01-13 20:25:00+00:00,2025-01-13,2025-01-13:1,True,3,5,True,-0.20994475138121546,0.024914926658963013,-2.131377319363551,True,0,0,0,True,-0.10633841009760561,35.0,445.0,0.0,0.0,0.0,1.0,0.0
2025-01-13 20:30:00+00:00,2025-01-13,2025-01-13:1,True,4,5,True,-0.18394648829431437,0.18394648829431437,0.16988655222263283,True,0,0,0,True,-0.7597557584679094,30.0,450.0,0.0,0.0,0.0,0.0,1.0
2025-01-13 20:35:00+00:00,2025-01-13,2025-01-13:1,True,3,5,True,-0.4581005586592179,0.32500079972157186,-0.34326107739716566,True,0,0,0,True,0.0,25.0,455.0,0.0,0.0,0.0,1.0,0.0
2025-01-13 20:40:00+00:00,2025-01-13,2025-01-13:1,True,3,10,True,-0.5287356321839081,0.3753295466402184,-0.34268412571642826,True,0,0,0,True,0.0,20.0,460.0,0.0,0.0,0.0,1.0,0.0
2025-01-13 20:45:00+00:00,2025-01-13,2025-01-13:1,True,4,5,True,-0.2620320855614973,0.2620320855614973,0.0,True,0,0,0,True,-0.3278950795897741,15.0,465.0,0.0,0.0,0.0,0.0,1.0
2025-01-13 20:50:00+00:00,2025-01-13,2025-01-13:1,True,3,5,True,-0.5634218289085545,0.13835461734123355,-1.4042085196229357,True,0,0,0,True,-0.7849764261164235,10.0,470.0,0.0,0.0,0.0,1.0,0.0
2025-01-13 20:55:00+00:00,2025-01-13,2025-01-13:1,True,3,10,True,-0.5662650602409639,0.3971104172063862,-0.3548479018957625,True,0,0,0,True,0.0,5.0,475.0,0.0,0.0,0.0,1.0,0.0
2025-01-13 21:00:00+00:00,2025-01-13,2025-01-13:1,True,4,5,True,-0.5351681957186545,0.5351681957186545,0.3817184742972353,True,0,0,0,True,-0.3789213017509447,0.0,480.0,0.0,0.0,0.0,0.0,1.0
2025-01-14 13:00:00+00:00,2025-01-14,2025-01-14:1,False,-1,0,False,,,,False,0,0,0,False,,480.0,0.0,,,,,
2025-01-14 13:05:00+00:00,2025-01-14,2025-01-14:1,False,-1,0,True,-0.045936395759717315,,,False,0,0,0,False,,475.0,5.0,,,,,
2025-01-14 13:10:00+00:00,2025-01-14,2025-01-14:1,False,-1,0,True,-0.10059171597633136,,,False,0,0,0,False,,470.0,10.0,,,,,
2025-01-14 13:15:00+00:00,2025-01-14,2025-01-14:1,False,-1,0,True,0.07641196013289037,,,False,0,0,0,False,,465.0,15.0,,,,,
2025-01-14 13:20:00+00:00,2025-01-14,2025-01-14:1,False,-1,0,True,0.27598566308243727,,,False,0,0,0,False,,460.0,20.0,,,,,
2025-01-14 13:25:00+00:00,2025-01-14,2025-01-14:1,False,-1,0,True,0.23115577889447236,,,False,0,0,0,False,,455.0,25.0,,,,,
2025-01-14 13:30:00+00:00,2025-01-14,2025-01-14:1,False,-1,0,True,0.319693094629156,,,False,0,0,0,False,,450.0,30.0,,,,,
2025-01-14 13:35:00+00:00,2025-01-14,2025-01-14:1,False,-1,0,True,0.648578811369509,,,False,0,0,0,False,,445.0,35.0,,,,,
2025-01-14 13:40:00+00:00,2025-01-14,2025-01-14:1,False,-1,0,True,0.47619047619047616,,,False,0,0,0,False,,440.0,40.0,,,,,
2025-01-14 13:45:00+00:00,2025-01-14,2025-01-14:1,False,-1,0,True,0.654639175257732,,,False,0,0,0,False,,435.0,45.0,,,,,
2025-01-14 13:50:00+00:00,2025-01-14,2025-01-14:1,False,-1,0,True,0.6415584415584416,,,False,0,0,0,False,,430.0,50.0,,,,,
2025-01-14 13:55:00+00:00,2025-01-14,2025-01-14:1,False,-1,0,True,0.5815384615384616,,,False,0,0,0,False,,425.0,55.0,,,,,
2025-01-14 14:00:00+00:00,2025-01-14,2025-01-14:1,False,-1,0,True,0.47774480712166173,,,False,0,0,0,False,,420.0,60.0,,,,,
2025-01-14 14:05:00+00:00,2025-01-14,2025-01-14:1,True,2,5,True,0.5316804407713499,0.5316804407713499,-0.3492632789780936,True,0,0,0,False,,415.0,65.0,0.0,0.0,1.0,0.0,0.0
2025-01-14 14:10:00+00:00,2025-01-14,2025-01-14:1,True,2,10,True,0.5871313672922251,0.5871313672922251,0.0,True,0,0,0,False,,410.0,70.0,0.0,0.0,1.0,0.0,0.0
2025-01-14 14:15:00+00:00,2025-01-14,2025-01-14:1,True,1,5,True,0.6034985422740525,0.2854187037612981,0.7487863869328493,True,0,0,0,False,,405.0,75.0,0.0,1.0,0.0,0.0,0.0
2025-01-14 14:20:00+00:00,2025-01-14,2025-01-14:1,True,2,5,True,0.3622291021671827,0.3622291021671827,0.0,True,0,0,0,False,,400.0,80.0,0.0,0.0,1.0,0.0,0.0
2025-01-14 14:25:00+00:00,2025-01-14,2025-01-14:1,True,0,5,True,0.27596439169139464,0.27596439169139464,-0.7541809553651265,True,0,0,0,False,,395.0,85.0,1.0,0.0,0.0,0.0,0.0
2025-01-14 14:30:00+00:00,2025-01-14,2025-01-14:1,True,0,10,True,0.17518248175182483,0.17518248175182483,-0.3884936390867935,True,0,0,0,False,,390.0,90.0,1.0,0.0,0.0,0.0,0.0
2025-01-14 14:35:00+00:00,2025-01-14,2025-01-14:1,True,0,15,True,0.21003134796238246,0.21003134796238246,-0.39883001211837665,True,0,0,0,False,,385.0,95.0,1.0,0.0,0.0,0.0,0.0
2025-01-14 14:40:00+00:00,2025-01-14,2025-01-14:1,True,0,20,True,0.01935483870967742,0.01935483870967742,0.0,True,0,0,0,False,,380.0,100.0,1.0,0.0,0.0,0.0,0.0
2025-01-14 14:45:00+00:00,2025-01-14,2025-01-14:1,True,3,5,True,-0.03592814371257485,0.010458808478864812,-1.234076395799558,True,0,0,0,False,,375.0,105.0,0.0,0.0,0.0,1.0,0.0
2025-01-14 14:50:00+00:00,2025-01-14,2025-01-14:1,True,3,10,True,-0.41414141414141414,0.11839707449443407,-1.2521634820690881,True,0,0,0,False,,370.0,110.0,0.0,0.0,0.0,1.0,0.0
2025-01-14 14:55:00+00:00,2025-01-14,2025-01-14:1,True,4,5,True,-0.15542521994134897,0.15542521994134897,0.817748803164931,True,0,0,0,False,,365.0,115.0,0.0,0.0,0.0,0.0,1.0
2025-01-14 15:00:00+00:00,2025-01-14,2025-01-14:1,True,4,10,True,-0.21379310344827587,0.21379310344827587,0.0,True,0,0,0,False,,360.0,120.0,0.0,0.0,0.0,0.0,1.0
2025-01-14 15:05:00+00:00,2025-01-14,2025-01-14:1,True,0,5,True,0.258160237388724,0.17050884802088964,0.4147932773565908,True,0,0,0,True,-0.530536085172159,355.0,125.0,1.0,0.0,0.0,0.0,0.0
2025-01-14 15:10:00+00:00,2025-01-14,2025-01-14:1,True,3,5,True,-0.38285714285714284,0.06334617698852463,-1.7990473669615967,True,0,0,0,True,0.0,350.0,130.0,0.0,0.0,0.0,1.0,0.0
2025-01-14 15:15:00+00:00,2025-01-14,2025-01-14:1,True,0,5,True,-0.36645962732919257,0.36645962732919257,0.5167872198052661,True,0,0,0,True,1.1555713533877008,345.0,135.0,1.0,0.0,0.0,0.0,0.0
2025-01-14 15:20:00+00:00,2025-01-14,2025-01-14:1,True,0,10,True,-0.25925925925925924,0.1515999282002072,-0.5365835624383709,True,0,0,0,True,1.1998373212246105,340.0,140.0,1.0,0.0,0.0,0.0,0.0
2025-01-14 15:25:00+00:00,2025-01-14,2025-01-14:1,True,3,5,True,-0.4084507042253521,0.031323515670763136,-2.56800211707989,True,0,0,0,True,-1.148445460029496,335.0,145.0,0.0,0.0,0.0,1.0,0.0
2025-01-14 15:30:00+00:00,2025-01-14,2025-01-14:1,True,4,5,True,-0.2,0.2,1.0272008468322982,True,1,0,0,True,2.233305097446414,330.0,150.0,0.0,0.0,0.0,0.0,1.0
2025-01-14 15:35:00+00:00,2025-01-14,2025-01-14:1,True,4,10,True,0.6923076923076923,0.2801125345009552,0.9048390674993484,True,1,0,0,True,0.46204558732328654,325.0,155.0,0.0,0.0,0.0,0.0,1.0
2025-01-14 15:40:00+00:00,2025-01-14,2025-01-14:1,True,0,5,True,0.5514018691588785,0.11393570447563178,1.576829594964719,True,0,0,0,True,0.17848529007843036,320.0,160.0,1.0,0.0,0.0,0.0,0.0
2025-01-14 15:45:00+00:00,2025-01-14,2025-01-14:1,True,0,10,True,0.5677233429394812,0.25815632237637454,0.7880689256517344,True,0,0,0,True,0.0,315.0,165.0,1.0,0.0,0.0,0.0,0.0
2025-01-14 15:50:00+00:00,2025-01-14,2025-01-14:1,True,2,5,True,0.4259818731117825,0.4259818731117825,0.0,True,0,0,0,True,-0.12859589280407382,310.0,170.0,0.0,0.0,1.0,0.0,0.0
2025-01-14 15:55:00+00:00,2025-01-14,2025-01-14:1,True,1,5,True,0.6918238993710691,0.13480561288507464,1.6354976063296647,True,0,0,0,True,0.36218066248508096,305.0,175.0,0.0,1.0,0.0,0.0,0.0
2025-01-14 16:00:00+00:00,2025-01-14,2025-01-14:1,True,2,5,True,0.4670487106017192,0.4670487106017192,-0.4209768721786228,True,0,0,0,True,0.5772735709366543,300.0,180.0,0.0,0.0,1.0,0.0,0.0
2025-01-14 16:05:00+00:00,2025-01-14,2025-01-14:1,True,1,5,True,0.7122302158273381,0.4675116759950901,0.4209768721786063,True,0,0,0,True,-0.5638790575532784,295.0,185.0,0.0,1.0,0.0,0.0,0.0
2025-01-14 16:10:00+00:00,2025-01-14,2025-01-14:1,True,0,5,True,0.3488372093023256,0.3488372093023256,-0.8855903597262612,True,0,0,0,True,0.0,290.0,190.0,1.0,0.0,0.0,0.0,0.0
2025-01-14 16:15:00+00:00,2025-01-14,2025-01-14:1,True,0,10,True,0.695,0.695,-2.0838648324312627,True,0,0,0,True,0.0,285.0,195.0,1.0,0.0,0.0,0.0,0.0
2025-01-14 16:20:00+00:00,2025-01-14,2025-01-14:1,True,0,15,True,0.14066496163682865,0.06136222080930198,0.8295865547140168,True,0,0,0,True,-0.5598764067133775,280.0,200.0,1.0,0.0,0.0,0.0,0.0
2025-01-14 16:25:00+00:00,2025-01-14,2025-01-14:1,True,4,5,True,0.2122905027932961,0.2122905027932961,0.0,True,0,0,0,True,-0.575014004443717,275.0,205.0,0.0,0.0,0.0,0.0,1.0
2025-01-14 16:30:00+00:00,2025-01-14,2025-01-14:1,True,3,5,True,0.18181818181818182,0.18181818181818182,-0.8397495357957088,True,0,0,0,True,0.0,270.0,210.0,0.0,0.0,0.0,1.0,0.0
2025-01-14 16:35:00+00:00,2025-01-14,2025-01-14:1,True,3,10,True,0.009771986970684038,0.009771986970684038,-0.44371773488701216,True,0,0,0,True,0.9921830180295893,265.0,215.0,0.0,0.0,0.0,1.0,0.0
2025-01-14 16:40:00+00:00,2025-01-14,2025-01-14:1,True,3,15,True,0.08366533864541832,0.08366533864541832,-0.9741979584247928,True,0,0,0,True,-1.0891864292912232,260.0,220.0,0.0,0.0,0.0,1.0,0.0
2025-01-14 16:45:00+00:00,2025-01-14,2025-01-14:1,True,0,5,True,-0.07333333333333333,0.07333333333333333,0.0,True,0,0,0,True,-0.48859355171496405,255.0,225.0,1.0,0.0,0.0,0.0,0.0
2025-01-14 16:50:00+00:00,2025-01-14,2025-01-14:1,True,0,10,True,0.5607235142118863,0.038304496508523404,2.6836606478860103,True,0,0,0,True,0.0,250.0,230.0,1.0,0.0,0.0,0.0,0.0
2025-01-14 16:55:00+00:00,2025-01-14,2025-01-14:1,True,0,15,True,0.521505376344086,0.2064788855800543,0.9265214256060182,True,0,0,0,True,-0.6170271718342866,245.0,235.0,1.0,0.0,0.0,0.0,0.0
2025-01-14 17:00:00+00:00,2025-01-14,2025-01-14:1,True,0,20,True,-0.08059701492537313,0.051714793318554865,-0.4437177348869483,True,0,0,0,True,0.0,240.0,240.0,1.0,0.0,0.0,0.0,0.0
2025-01-14 17:05:00+00:00,2025-01-14,2025-01-14:1,True,1,5,True,0.09815950920245399,0.0413020533519324,0.8656815837196011,True,0,0,0,True,-0.5436439446105117,235.0,245.0,0.0,1.0,0.0,0.0,0.0
2025-01-14 17:10:00+00:00,2025-01-14,2025-01-14:1,True,0,5,True,-0.04854368932038835,0.004113652876793652,-2.4681527915989134,True,0,0,0,True,-0.45560777361171295,230.0,250.0,1.0,0.0,0.0,0.0,0.0
2025-01-14 17:15:00+00:00,2025-01-14,2025-01-14:1,True,0,10,True,-0.4697406340057637,0.4697406340057637,0.0,True,0,0,0,True,0.0,225.0,255.0,1.0,0.0,0.0,0.0,0.0
2025-01-14 17:20:00+00:00,2025-01-14,2025-01-14:1,True,3,5,True,-0.5290697674418605,0.15401406245477187,-1.2340763957994572,True,0,0,0,True,-0.44636201081560867,220.0,260.0,0.0,0.0,0.0,1.0,0.0
2025-01-14 17:25:00+00:00,2025-01-14,2025-01-14:1,True,3,10,True,-0.4722222222222222,0.09024191897951875,-1.6549556317713772,True,0,0,0,True,-0.9251483230960702,215.0,265.0,0.0,0.0,0.0,1.0,0.0
2025-01-14 17:30:00+00:00,2025-01-14,2025-01-14:1,True,4,5,True,-0.44537815126050423,0.44537815126050423,0.8064037614043033,True,1,0,0,True,0.43687648796069023,210.0,270.0,0.0,0.0,0.0,0.0,1.0
2025-01-14 17:35:00+00:00,2025-01-14,2025-01-14:1,True,4,10,True,-0.11049723756906077,0.11049723756906077,0.0,True,1,0,0,True,0.39361480235160906,205.0,275.0,0.0,0.0,0.0,0.0,1.0
2025-01-14 17:40:00+00:00,2025-01-14,2025-01-14:1,True,3,5,True,-0.28611898016997167,0.23123769301660146,-0.21296158330143636,True,1,0,0,True,0.0,200.0,280.0,0.0,0.0,0.0,1.0,0.0
2025-01-14 17:45:00+00:00,2025-01-14,2025-01-14:1,True,4,5,True,-0.6144578313253012,0.6144578313253012,0.0,True,1,0,0,True,0.6365723680427834,195.0,285.0,0.0,0.0,0.0,0.0,1.0
2025-01-14 17:50:00+00:00,2025-01-14,2025-01-14:1,True,0,5,True,-0.4819672131147541,0.4819672131147541,0.0,True,1,0,0,True,1.0477401950100829,190.0,290.0,1.0,0.0,0.0,0.0,0.0
2025-01-14 17:55:00+00:00,2025-01-14,2025-01-14:1,True,0,10,True,-0.33692722371967654,0.05161778325534787,-1.8760007038315354,True,0,0,0,True,-2.097432549803872,185.0,295.0,1.0,0.0,0.0,0.0,0.0
2025-01-14 18:00:00+00:00,2025-01-14,2025-01-14:1,True,3,5,True,-0.8185840707964602,0.05485303850595806,-2.7029185229566424,True,0,0,0,True,-1.3391933903307591,180.0,300.0,0.0,0.0,0.0,1.0,0.0
2025-01-14 18:05:00+00:00,2025-01-14,2025-01-14:1,True,3,10,True,-0.9746192893401016,0.12242680009275678,-2.0745336211546705,True,0,0,0,True,0.0,175.0,305.0,0.0,0.0,0.0,1.0,0.0
2025-01-14 18:10:00+00:00,2025-01-14,2025-01-14:1,True,3,15,True,-0.9692307692307692,0.07727688983530617,-2.5291077917859908,True,0,0,0,True,-1.0381038635604931,170.0,310.0,0.0,0.0,0.0,1.0,0.0
2025-01-14 18:15:00+00:00,2025-01-14,2025-01-14:1,True,3,20,True,-0.9675925925925926,0.01424857652443736,-4.218154114559703,True,0,0,0,True,-1.2362288497759668,165.0,315.0,0.0,0.0,0.0,1.0,0.0
2025-01-14 18:20:00+00:00,2025-01-14,2025-01-14:1,True,3,25,True,-0.9496221662468514,0.19723592196511358,-1.5716636000970539,True,0,0,0,True,-0.8027271290029366,160.0,320.0,0.0,0.0,0.0,1.0,0.0
2025-01-14 18:25:00+00:00,2025-01-14,2025-01-14:1,True,4,5,True,-0.9504950495049505,0.35419163130767467,-0.9871448555643016,True,0,0,0,True,-0.8829292002739016,155.0,325.0,0.0,0.0,0.0,0.0,1.0
2025-01-14 18:30:00+00:00,2025-01-14,2025-01-14:1,True,4,10,True,-0.9535962877030162,0.6340248711658745,-0.40815222073857754,True,0,0,0,True,0.0,150.0,330.0,0.0,0.0,0.0,0.0,1.0
2025-01-14 18:35:00+00:00,2025-01-14,2025-01-14:1,True,4,15,True,-0.8354114713216958,0.371973349885846,-0.8091021718855735,True,0,0,0,True,0.0,145.0,335.0,0.0,0.0,0.0,0.0,1.0
2025-01-14 18:40:00+00:00,2025-01-14,2025-01-14:1,True,4,20,True,-0.8883248730964467,0.8883248730964467,0.783380100336411,True,1,0,0,True,-0.7655677569120907,140.0,340.0,0.0,0.0,0.0,0.0,1.0
2025-01-14 18:45:00+00:00,2025-01-14,2025-01-14:1,True,3,5,True,-0.9180327868852459,0.20232579677126197,-1.5123538520937894,True,0,1,1,True,-0.3137264912814889,135.0,345.0,0.0,0.0,0.0,1.0,0.0
2025-01-14 18:50:00+00:00,2025-01-14,2025-01-14:1,True,3,10,True,-0.927437641723356,0.4317586173910556,-0.764558883535535,True,0,0,1,True,0.8548028181921857,130.0,350.0,0.0,0.0,0.0,1.0,0.0
2025-01-14 18:55:00+00:00,2025-01-14,2025-01-14:1,True,3,15,True,-0.869281045751634,0.09386602684279431,-2.2257979665243672,True,0,0,1,True,0.8295059262207618,125.0,355.0,0.0,0.0,0.0,1.0,0.0
2025-01-14 19:00:00+00:00,2025-01-14,2025-01-14:1,True,3,20,True,-0.8366336633663366,0.1847237120024368,-1.5105250363671399,True,0,0,1,True,-1.6888183315149337,120.0,360.0,0.0,0.0,0.0,1.0,0.0
2025-01-14 19:05:00+00:00,2025-01-14,2025-01-14:1,True,3,25,True,-0.8599562363238512,0.38300053079952795,-0.8088451248779571,True,0,0,1,True,0.0,115.0,365.0,0.0,0.0,0.0,1.0,0.0
2025-01-14 19:10:00+00:00,2025-01-14,2025-01-14:1,True,4,5,True,-0.7969094922737306,0.5273881696200945,-0.4128042696772916,True,0,0,1,True,-0.5769406176824432,110.0,370.0,0.0,0.0,0.0,0.0,1.0
2025-01-14 19:15:00+00:00,2025-01-14,2025-01-14:1,True,4,10,True,-0.838150289017341,0.5311549593022213,-0.4561436228078393,True,0,0,1,True,-1.0199681481013523,105.0,375.0,0.0,0.0,0.0,0.0,1.0
2025-01-14 19:20:00+00:00,2025-01-14,2025-01-14:1,True,4,15,True,-0.8140845070422535,0.8140845070422535,0.0,True,0,0,1,True,0.0,100.0,380.0,0.0,0.0,0.0,0.0,1.0
2025-01-14 19:25:00+00:00,2025-01-14,2025-01-14:1,True,3,5,True,-0.7783251231527094,0.4842501266750669,-0.4745427690900197,True,0,0,1,True,1.0611098899132543,95.0,385.0,0.0,0.0,0.0,1.0,0.0
2025-01-14 19:30:00+00:00,2025-01-14,2025-01-14:1,True,3,10,True,-0.7298474945533769,0.11363770575974291,-1.85982023263269,True,0,0,1,True,0.0,90.0,390.0,0.0,0.0,0.0,1.0,0.0
2025-01-14 19:35:00+00:00,2025-01-14,2025-01-14:1,True,3,15,True,-0.8333333333333334,0.21681192282011588,-1.3464034595771064,True,0,0,1,True,-0.34319451176580495,85.0,395.0,0.0,0.0,0.0,1.0,0.0
2025-01-14 19:40:00+00:00,2025-01-14,2025-01-14:1,True,3,20,True,-0.736986301369863,0.30999119728351543,-0.8660254037850903,True,0,0,1,True,-0.9682458365539588,80.0,400.0,0.0,0.0,0.0,1.0,0.0
2025-01-14 19:45:00+00:00,2025-01-14,2025-01-14:1,True,3,25,True,-0.7360406091370558,0.11926144108788785,-1.81996722546162,True,0,0,1,True,-0.313992942490689,75.0,405.0,0.0,0.0,0.0,1.0,0.0
2025-01-14 19:50:00+00:00,2025-01-14,2025-01-14:1,True,4,5,True,-0.5118110236220472,0.5118110236220472,0.0,True,0,0,1,True,1.0363537649915004,70.0,410.0,0.0,0.0,0.0,0.0,1.0
2025-01-14 19:55:00+00:00,2025-01-14,2025-01-14:1,True,4,10,True,-0.5529411764705883,0.5529411764705883,0.0,True,0,0,1,True,0.758791574710019,65.0,415.0,0.0,0.0,0.0,0.0,1.0
2025-01-14 20:00:00+00:00,2025-01-14,2025-01-14:1,True,4,15,True,-0.6309523809523809,0.6309523809523809,0.4890697181270922,True,1,0,1,True,1.0935931354688395,60.0,420.0,0.0,0.0,0.0,0.0,1.0
2025-01-14 20:05:00+00:00,2025-01-14,2025-01-14:1,True,4,20,True,-0.46701846965699206,0.46701846965699206,0.4920711970117335,True,1,0,1,True,-0.7333706893675735,55.0,425.0,0.0,0.0,0.0,0.0,1.0
2025-01-14 20:10:00+00:00,2025-01-14,2025-01-14:1,True,3,5,True,-0.5481927710843374,0.20595555261655282,-0.9789666156305792,True,0,1,2,True,0.699647887158444,50.0,430.0,0.0,0.0,0.0,1.0,0.0
2025-01-14 20:15:00+00:00,2025-01-14,2025-01-14:1,True,0,5,True,-0.47229551451187335,0.2901813001373039,-0.48709897921185086,True,0,0,2,True,0.0,45.0,435.0,1.0,0.0,0.0,0.0,0.0
2025-01-14 20:20:00+00:00,2025-01-14,2025-01-14:1,True,0,10,True,-0.42699724517906334,0.2025484820392741,-0.7457982862678328,True,0,0,2,True,-0.5558852218648541,40.0,440.0,1.0,0.0,0.0,0.0,0.0
2025-01-14 20:25:00+00:00,2025-01-14,2025-01-14:1,True,0,15,True,-0.38170347003154576,0.38170347003154576,0.48476926955987354,True,0,0,2,True,0.0,35.0,445.0,1.0,0.0,0.0,0.0,0.0
2025-01-14 20:30:00+00:00,2025-01-14,2025-01-14:1,True,0,20,True,-0.5290519877675841,0.4095262825695484,-0.25608561925010204,True,0,0,2,True,0.6035469953913422,30.0,450.0,1.0,0.0,0.0,0.0,0.0
2025-01-14 20:35:00+00:00,2025-01-14,2025-01-14:1,True,0,25,True,-0.41686746987951806,0.41686746987951806,1.0645437056890228,True,0,0,2,True,2.380392090940185,25.0,455.0,1.0,0.0,0.0,0.0,0.0
2025-01-14 20:40:00+00:00,2025-01-14,2025-01-14:1,True,0,30,True,-0.27887323943661974,0.27887323943661974,0.5841273998680535,True,0,0,2,True,0.6147896803544114,20.0,460.0,1.0,0.0,0.0,0.0,0.0
2025-01-14 20:45:00+00:00,2025-01-14,2025-01-14:1,True,0,35,True,-0.6408839779005525,0.3643052582583592,-0.5648563010436476,True,0,0,2,True,0.0,15.0,465.0,1.0,0.0,0.0,0.0,0.0
2025-01-14 20:50:00+00:00,2025-01-14,2025-01-14:1,True,0,40,True,-0.7886178861788617,0.7886178861788617,0.0,True,0,0,2,True,0.0,10.0,470.0,1.0,0.0,0.0,0.0,0.0
2025-01-14 20:55:00+00:00,2025-01-14,2025-01-14:1,True,0,45,True,-0.39692307692307693,0.21824429490342834,-0.5981274468264981,True,0,0,2,True,-2.6749072606248814,5.0,475.0,1.0,0.0,0.0,0.0,0.0
2025-01-14 21:00:00+00:00,2025-01-14,2025-01-14:1,True,0,50,True,-0.7097505668934241,0.7097505668934241,0.0,True,0,0,2,True,0.007998366364593923,0.0,480.0,1.0,0.0,0.0,0.0,0.0
2025-01-15 13:00:00+00:00,2025-01-15,2025-01-15:1,False,-1,0,False,,,,False,0,0,0,False,,480.0,0.0,,,,,
2025-01-15 13:05:00+00:00,2025-01-15,2025-01-15:1,False,-1,0,True,-0.017369727047146403,,,False,0,0,0,False,,475.0,5.0,,,,,
2025-01-15 13:10:00+00:00,2025-01-15,2025-01-15:1,False,-1,0,True,0.18861209964412812,,,False,0,0,0,False,,470.0,10.0,,,,,
2025-01-15 13:15:00+00:00,2025-01-15,2025-01-15:1,False,-1,0,True,-0.15527950310559005,,,False,0,0,0,False,,465.0,15.0,,,,,
2025-01-15 13:20:00+00:00,2025-01-15,2025-01-15:1,False,-1,0,True,-0.22929936305732485,,,False,0,0,0,False,,460.0,20.0,,,,,
2025-01-15 13:25:00+00:00,2025-01-15,2025-01-15:1,False,-1,0,True,-0.0027247956403269754,,,False,0,0,0,False,,455.0,25.0,,,,,
2025-01-15 13:30:00+00:00,2025-01-15,2025-01-15:1,False,-1,0,True,-0.5846501128668171,,,False,0,0,0,False,,450.0,30.0,,,,,
2025-01-15 13:35:00+00:00,2025-01-15,2025-01-15:1,False,-1,0,True,-0.979296066252588,,,False,0,0,0,False,,445.0,35.0,,,,,
2025-01-15 13:40:00+00:00,2025-01-15,2025-01-15:1,False,-1,0,True,-0.9719887955182073,,,False,0,0,0,False,,440.0,40.0,,,,,
2025-01-15 13:45:00+00:00,2025-01-15,2025-01-15:1,False,-1,0,True,-0.9794661190965093,,,False,0,0,0,False,,435.0,45.0,,,,,
2025-01-15 13:50:00+00:00,2025-01-15,2025-01-15:1,False,-1,0,True,-0.9788583509513742,,,False,0,0,0,False,,430.0,50.0,,,,,
2025-01-15 13:55:00+00:00,2025-01-15,2025-01-15:1,False,-1,0,True,-0.9741602067183462,,,False,0,0,0,False,,425.0,55.0,,,,,
2025-01-15 14:00:00+00:00,2025-01-15,2025-01-15:1,False,-1,0,True,-0.9661016949152542,,,False,0,0,0,False,,420.0,60.0,,,,,
2025-01-15 14:05:00+00:00,2025-01-15,2025-01-15:1,True,4,5,True,-0.9455445544554455,0.6279442917489454,-0.409309554500236,True,0,0,0,False,,415.0,65.0,0.0,0.0,0.0,0.0,1.0
2025-01-15 14:10:00+00:00,2025-01-15,2025-01-15:1,True,3,5,True,-0.9478957915831663,0.4172075810280208,-0.8206606775529247,True,0,0,0,False,,410.0,70.0,0.0,0.0,0.0,1.0,0.0
2025-01-15 14:15:00+00:00,2025-01-15,2025-01-15:1,True,3,10,True,-0.8635294117647059,0.2536142247931578,-1.225213645666617,True,0,0,0,False,,405.0,75.0,0.0,0.0,0.0,1.0,0.0
2025-01-15 14:20:00+00:00,2025-01-15,2025-01-15:1,True,3,15,True,-0.7713004484304933,0.20446190363738634,-1.327696316488534,True,0,0,0,False,,400.0,80.0,0.0,0.0,0.0,1.0,0.0
2025-01-15 14:25:00+00:00,2025-01-15,2025-01-15:1,True,3,20,True,-0.8530183727034121,0.3077076019225167,-1.0196310985318178,True,0,0,0,False,,395.0,85.0,0.0,0.0,0.0,1.0,0.0
2025-01-15 14:30:00+00:00,2025-01-15,2025-01-15:1,True,3,25,True,-0.8048780487804879,0.014863312236611519,-3.9917948631542934,True,0,0,0,False,,390.0,90.0,0.0,0.0,0.0,1.0,0.0
2025-01-15 14:35:00+00:00,2025-01-15,2025-01-15:1,True,4,5,True,-0.7941176470588235,0.7941176470588235,0.4330843915499668,True,1,0,0,False,,385.0,95.0,0.0,0.0,0.0,0.0,1.0
2025-01-15 14:40:00+00:00,2025-01-15,2025-01-15:1,True,3,5,True,-0.7329700272479565,0.3132917368549587,-0.8499699874643706,True,0,1,1,False,,380.0,100.0,0.0,0.0,0.0,1.0,0.0
2025-01-15 14:45:00+00:00,2025-01-15,2025-01-15:1,True,4,5,True,-0.8478260869565217,0.8478260869565217,0.4139892188782967,True,1,0,1,False,,375.0,105.0,0.0,0.0,0.0,0.0,1.0
2025-01-15 14:50:00+00:00,2025-01-15,2025-01-15:1,True,4,10,True,-0.8379888268156425,0.8379888268156425,0.0,True,1,0,1,False,,370.0,110.0,0.0,0.0,0.0,0.0,1.0
2025-01-15 14:55:00+00:00,2025-01-15,2025-01-15:1,True,3,5,True,-0.8375634517766497,0.1058266612563077,-2.0686945397148877,True,0,1,2,False,,365.0,115.0,0.0,0.0,0.0,1.0,0.0
2025-01-15 15:00:00+00:00,2025-01-15,2025-01-15:1,True,0,5,True,-0.7806122448979592,0.7806122448979592,0.8177488031645773,True,0,0,2,False,,360.0,120.0,1.0,0.0,0.0,0.0,0.0
2025-01-15 15:05:00+00:00,2025-01-15,2025-01-15:1,True,0,10,True,-0.7350649350649351,0.7350649350649351,0.8134385305547857,True,0,0,2,True,0.9094519249203128,355.0,125.0,1.0,0.0,0.0,0.0,0.0
2025-01-15 15:10:00+00:00,2025-01-15,2025-01-15:1,True,0,15,True,-0.7669376693766937,0.3393269317634762,-0.8154414894575415,True,0,0,2,True,-1.2889083318506918,350.0,130.0,1.0,0.0,0.0,0.0,0.0
2025-01-15 15:15:00+00:00,2025-01-15,2025-01-15:1,True,3,5,True,-0.8628841607565012,0.3983130018721051,-0.7730423204487612,True,0,0,2,True,0.0,345.0,135.0,0.0,0.0,0.0,1.0,0.0
2025-01-15 15:20:00+00:00,2025-01-15,2025-01-15:1,True,3,10,True,-0.6900584795321637,0.4702001101051969,-0.3836179766724693,True,0,0,2,True,-0.3394500962899146,340.0,140.0,0.0,0.0,0.0,1.0,0.0
2025-01-15 15:25:00+00:00,2025-01-15,2025-01-15:1,True,0,5,True,-0.6750700280112045,0.46928278164248804,-0.3636108980129295,True,0,0,2,True,-0.8130586853166537,335.0,145.0,1.0,0.0,0.0,0.0,0.0
2025-01-15 15:30:00+00:00,2025-01-15,2025-01-15:1,True,0,10,True,-0.8239700374531835,0.8239700374531835,0.4176448237642462,True,0,0,2,True,0.3880932282339544,330.0,150.0,1.0,0.0,0.0,0.0,0.0
2025-01-15 15:35:00+00:00,2025-01-15,2025-01-15:1,True,3,5,True,-0.8888888888888888,0.5724415193757412,-0.44006166267700486,True,0,0,2,True,-0.5641154851759783,325.0,155.0,0.0,0.0,0.0,1.0,0.0
2025-01-15 15:40:00+00:00,2025-01-15,2025-01-15:1,True,0,5,True,-0.9484536082474226,0.9484536082474226,0.39045458168839187,True,0,0,2,True,0.8730829867814888,320.0,160.0,1.0,0.0,0.0,0.0,0.0
2025-01-15 15:45:00+00:00,2025-01-15,2025-01-15:1,True,0,10,True,-0.9493087557603687,0.9493087557603687,0.0,True,0,0,2,True,1.5417866912920066,315.0,165.0,1.0,0.0,0.0,0.0,0.0
2025-01-15 15:50:00+00:00,2025-01-15,2025-01-15:1,True,0,15,True,-0.9525065963060686,0.4597034787518535,-0.7285153620097263,True,0,0,2,True,0.0,310.0,170.0,1.0,0.0,0.0,0.0,0.0
2025-01-15 15:55:00+00:00,2025-01-15,2025-01-15:1,True,3,5,True,-0.9447236180904522,0.1453182913958612,-1.8719659673328817,True,0,0,2,True,-0.3011985296018451,305.0,175.0,0.0,0.0,0.0,1.0,0.0
2025-01-15 16:00:00+00:00,2025-01-15,2025-01-15:1,True,3,10,True,-0.891647855530474,0.41556304068034444,-0.7634369485956054,True,0,0,2,True,0.0,300.0,180.0,0.0,0.0,0.0,1.0,0.0
2025-01-15 16:05:00+00:00,2025-01-15,2025-01-15:1,True,3,15,True,-0.9193548387096774,0.16875096337924148,-1.6952481231212286,True,0,0,2,True,0.0,295.0,185.0,0.0,0.0,0.0,1.0,0.0
2025-01-15 16:10:00+00:00,2025-01-15,2025-01-15:1,True,4,5,True,-0.8985507246376812,0.6142386313083754,-0.38039965644843354,True,0,0,2,True,-0.3215033689506105,290.0,190.0,0.0,0.0,0.0,0.0,1.0
2025-01-15 16:15:00+00:00,2025-01-15,2025-01-15:1,True,3,5,True,-0.9168704156479217,0.27763850791653855,-1.1946462126188515,True,0,0,2,True,0.33800509792438554,285.0,195.0,0.0,0.0,0.0,1.0,0.0
2025-01-15 16:20:00+00:00,2025-01-15,2025-01-15:1,True,3,10,True,-0.8873239436619719,0.4900703350153685,-0.5936612066809931,True,0,0,2,True,0.0,280.0,200.0,0.0,0.0,0.0,1.0,0.0
2025-01-15 16:25:00+00:00,2025-01-15,2025-01-15:1,True,3,15,True,-0.8235294117647058,0.15664347569766554,-1.6596268969240402,True,0,0,2,True,-1.3916394595524577,275.0,205.0,0.0,0.0,0.0,1.0,0.0
2025-01-15 16:30:00+00:00,2025-01-15,2025-01-15:1,True,3,20,True,-0.8598130841121495,0.1371473028484053,-1.835659470085154,True,0,0,2,True,-0.2950298858702243,270.0,210.0,0.0,0.0,0.0,1.0,0.0
2025-01-15 16:35:00+00:00,2025-01-15,2025-01-15:1,True,3,25,True,-0.8181818181818182,0.4550642887789739,-0.5866458805303725,True,0,0,2,True,-0.43726002252871105,265.0,215.0,0.0,0.0,0.0,1.0,0.0
2025-01-15 16:40:00+00:00,2025-01-15,2025-01-15:1,True,3,30,True,-0.36419753086419754,0.12526411483545802,-1.067271960742841,True,0,0,2,True,-1.5919984297229377,260.0,220.0,0.0,0.0,0.0,1.0,0.0
2025-01-15 16:45:00+00:00,2025-01-15,2025-01-15:1,True,4,5,True,-0.4607329842931937,0.4607329842931937,0.4033060777063161,True,1,0,2,True,-0.9018198054926985,255.0,225.0,0.0,0.0,0.0,0.0,1.0
2025-01-15 16:50:00+00:00,2025-01-15,2025-01-15:1,True,4,10,True,-0.2934131736526946,0.2934131736526946,0.7751922522552147,True,1,0,2,True,-2.6000738575095057,250.0,230.0,0.0,0.0,0.0,0.0,1.0
2025-01-15 16:55:00+00:00,2025-01-15,2025-01-15:1,True,0,5,True,-0.4721549636803874,0.4721549636803874,0.6822212688932787,True,1,0,2,True,-0.24367792139212205,245.0,235.0,1.0,0.0,0.0,0.0,0.0
2025-01-15 17:00:00+00:00,2025-01-15,2025-01-15:1,True,0,10,True,-0.8151260504201681,0.3010575371075396,-0.9960413647113615,True,0,1,3,True,0.039226124732118756,240.0,240.0,1.0,0.0,0.0,0.0,0.0
2025-01-15 17:05:00+00:00,2025-01-15,2025-01-15:1,True,0,15,True,-0.20915032679738563,0.10825627358134865,-0.6585519406240173,True,0,0,3,True,1.472566905949708,235.0,245.0,1.0,0.0,0.0,0.0,0.0
2025-01-15 17:10:00+00:00,2025-01-15,2025-01-15:1,True,0,20,True,-0.5759312320916905,0.27639688788579686,-0.7341504324667021,True,0,0,3,True,-0.3283220545409096,230.0,250.0,1.0,0.0,0.0,0.0,0.0
2025-01-15 17:15:00+00:00,2025-01-15,2025-01-15:1,True,0,25,True,-0.20588235294117646,0.10399197697431693,-0.6829911517334263,True,0,0,3,True,-0.4088602990832053,225.0,255.0,1.0,0.0,0.0,0.0,0.0
2025-01-15 17:20:00+00:00,2025-01-15,2025-01-15:1,True,4,5,True,-0.6126984126984127,0.6126984126984127,0.0,True,0,0,3,True,0.7924034403446157,220.0,260.0,0.0,0.0,0.0,0.0,1.0
2025-01-15 17:25:00+00:00,2025-01-15,2025-01-15:1,True,0,5,True,-0.5811209439528023,0.5811209439528023,1.5072691322712195,True,0,0,3,True,0.7925234291153325,215.0,265.0,1.0,0.0,0.0,0.0,0.0
2025-01-15 17:30:00+00:00,2025-01-15,2025-01-15:1,True,0,10,True,-0.6604938271604939,0.6604938271604939,0.24452453307723632,True,0,0,3,True,0.3167408471221789,210.0,270.0,1.0,0.0,0.0,0.0,0.0
2025-01-15 17:35:00+00:00,2025-01-15,2025-01-15:1,True,0,15,True,-0.4535211267605634,0.10763620001667172,-1.4382848319621402,True,0,0,3,True,-1.2155959836769636,205.0,275.0,1.0,0.0,0.0,0.0,0.0
2025-01-15 17:40:00+00:00,2025-01-15,2025-01-15:1,True,0,20,True,-0.6503856041131105,0.33023114210936594,-0.6777725841832953,True,0,0,3,True,-0.23469154983767684,200.0,280.0,1.0,0.0,0.0,0.0,0.0
2025-01-15 17:45:00+00:00,2025-01-15,2025-01-15:1,True,0,25,True,-0.6976127320954907,0.35596952113265173,-0.6728190113209384,True,0,0,3,True,0.5495052528785417,195.0,285.0,1.0,0.0,0.0,0.0,0.0
2025-01-15 17:50:00+00:00,2025-01-15,2025-01-15:1,True,3,5,True,-0.7604790419161677,0.17800949820758827,-1.4521116434387324,True,0,0,3,True,0.2852002555143497,190.0,290.0,0.0,0.0,0.0,1.0,0.0
2025-01-15 17:55:00+00:00,2025-01-15,2025-01-15:1,True,3,10,True,-0.5406976744186046,0.2679271981316805,-0.7021450004766777,True,0,0,3,True,0.0,185.0,295.0,0.0,0.0,0.0,1.0,0.0
2025-01-15 18:00:00+00:00,2025-01-15,2025-01-15:1,True,4,5,True,-0.8686131386861314,0.7717566091833064,-0.11822861902838934,True,0,0,3,True,0.28501085239674057,180.0,300.0,0.0,0.0,0.0,0.0,1.0
2025-01-15 18:05:00+00:00,2025-01-15,2025-01-15:1,True,3,5,True,-0.9310344827586207,0.15927088003021497,-1.765689914353093,True,0,0,3,True,-0.2516926400164992,175.0,305.0,0.0,0.0,0.0,1.0,0.0
2025-01-15 18:10:00+00:00,2025-01-15,2025-01-15:1,True,3,10,True,-0.9113573407202216,0.2033075486043391,-1.5002152210990611,True,0,0,3,True,-1.1181944050857926,170.0,310.0,0.0,0.0,0.0,1.0,0.0
2025-01-15 18:15:00+00:00,2025-01-15,2025-01-15:1,True,3,15,True,-0.9145299145299145,0.27693492396354574,-1.1946276315992317,True,0,0,3,True,0.012665671317091575,165.0,315.0,0.0,0.0,0.0,1.0,0.0
2025-01-15 18:20:00+00:00,2025-01-15,2025-01-15:1,True,3,20,True,-0.8868894601542416,0.3416520083757593,-0.953927652725833,True,0,0,3,True,-0.9141630330471614,160.0,320.0,0.0,0.0,0.0,1.0,0.0
2025-01-15 18:25:00+00:00,2025-01-15,2025-01-15:1,True,3,25,True,-0.8159806295399515,0.2873296340000375,-1.0437605091706086,True,0,0,3,True,-0.666834128782319,155.0,325.0,0.0,0.0,0.0,1.0,0.0
2025-01-15 18:30:00+00:00,2025-01-15,2025-01-15:1,True,4,5,True,-0.7696969696969697,0.7696969696969697,0.0,True,0,0,3,True,0.0,150.0,330.0,0.0,0.0,0.0,0.0,1.0
2025-01-15 18:35:00+00:00,2025-01-15,2025-01-15:1,True,4,10,True,-0.7279596977329975,0.5161018913139337,-0.3439414766325303,True,0,0,3,True,-0.7690765220319932,145.0,335.0,0.0,0.0,0.0,0.0,1.0
2025-01-15 18:40:00+00:00,2025-01-15,2025-01-15:1,True,3,5,True,-0.8422273781902552,0.381180510375291,-0.7927769797025144,True,0,0,3,True,0.0,140.0,340.0,0.0,0.0,0.0,1.0,0.0
2025-01-15 18:45:00+00:00,2025-01-15,2025-01-15:1,True,3,10,True,-0.7216494845360825,0.030363550433896196,-3.1682966523751706,True,0,0,3,True,0.4430669392158094,135.0,345.0,0.0,0.0,0.0,1.0,0.0
2025-01-15 18:50:00+00:00,2025-01-15,2025-01-15:1,True,4,5,True,-0.6539440203562341,0.6539440203562341,0.41524762417268773,True,1,0,3,True,-1.4066310978083933,130.0,350.0,0.0,0.0,0.0,0.0,1.0
2025-01-15 18:55:00+00:00,2025-01-15,2025-01-15:1,True,4,10,True,-0.6629834254143646,0.5502423847542488,-0.18639110979818815,True,1,0,3,True,-0.821608748917725,125.0,355.0,0.0,0.0,0.0,0.0,1.0
2025-01-15 19:00:00+00:00,2025-01-15,2025-01-15:1,True,3,5,True,-0.7794871794871795,0.13360834844618094,-1.7637234937448203,True,0,1,4,True,-0.7887611251049204,120.0,360.0,0.0,0.0,0.0,1.0,0.0
2025-01-15 19:05:00+00:00,2025-01-15,2025-01-15:1,True,4,5,True,-0.5956043956043956,0.5956043956043956,0.35733507223325967,True,1,0,4,True,0.36318622818694585,115.0,365.0,0.0,0.0,0.0,0.0,1.0
2025-01-15 19:10:00+00:00,2025-01-15,2025-01-15:1,True,3,5,True,-0.6473829201101928,0.22043450512569993,-1.0773373370047583,True,0,1,5,True,-0.8029998400796525,110.0,370.0,0.0,0.0,0.0,1.0,0.0
2025-01-15 19:15:00+00:00,2025-01-15,2025-01-15:1,True,4,5,True,-0.7985257985257985,0.7985257985257985,0.0,True,0,0,5,True,0.0,105.0,375.0,0.0,0.0,0.0,0.0,1.0
2025-01-15 19:20:00+00:00,2025-01-15,2025-01-15:1,True,3,5,True,-0.6814988290398126,0.4705844625401195,-0.3703190734536313,True,0,0,5,True,0.0,100.0,380.0,0.0,0.0,0.0,1.0,0.0
2025-01-15 19:25:00+00:00,2025-01-15,2025-01-15:1,True,4,5,True,-0.6818181818181818,0.6818181818181818,0.3746993242057458,True,1,0,5,True,0.0,95.0,385.0,0.0,0.0,0.0,0.0,1.0
2025-01-15 19:30:00+00:00,2025-01-15,2025-01-15:1,True,0,5,True,-0.34277620396600567,0.34277620396600567,0.0,True,1,0,5,True,0.8480036871463174,90.0,390.0,1.0,0.0,0.0,0.0,0.0
2025-01-15 19:35:00+00:00,2025-01-15,2025-01-15:1,True,0,10,True,-0.45695364238410596,0.45695364238410596,0.37657086736232753,True,1,0,5,True,0.0,85.0,395.0,1.0,0.0,0.0,0.0,0.0
2025-01-15 19:40:00+00:00,2025-01-15,2025-01-15:1,True,0,15,True,-0.38311688311688313,0.38311688311688313,1.1386419179732996,True,1,0,5,True,0.5006167055232345,80.0,400.0,1.0,0.0,0.0,0.0,0.0
2025-01-15 19:45:00+00:00,2025-01-15,2025-01-15:1,True,0,20,True,-0.5803814713896458,0.2495326686191484,-0.844095753667542,True,0,1,6,True,1.455467759488578,75.0,405.0,1.0,0.0,0.0,0.0,0.0
2025-01-15 19:50:00+00:00,2025-01-15,2025-01-15:1,True,0,25,True,-0.2910662824207493,0.2910662824207493,0.0,True,0,0,6,True,0.9064127018514567,70.0,410.0,1.0,0.0,0.0,0.0,0.0
2025-01-15 19:55:00+00:00,2025-01-15,2025-01-15:1,True,0,30,True,-0.23024054982817868,0.23024054982817868,0.4580320054571462,True,0,0,6,True,0.5840567158877078,65.0,415.0,1.0,0.0,0.0,0.0,0.0
2025-01-15 20:00:00+00:00,2025-01-15,2025-01-15:1,True,0,35,True,-0.3375796178343949,0.11973612612084278,-1.036511014635323,True,0,0,6,True,0.0,60.0,420.0,1.0,0.0,0.0,0.0,0.0
2025-01-15 20:05:00+00:00,2025-01-15,2025-01-15:1,True,0,40,True,-0.28313253012048195,0.28313253012048195,1.5547665219523452,True,0,0,6,True,-0.7424006229157507,55.0,425.0,1.0,0.0,0.0,0.0,0.0
2025-01-15 20:10:00+00:00,2025-01-15,2025-01-15:1,True,0,45,True,-0.3633633633633634,0.21377685670036656,-0.5304705892924527,True,0,0,6,True,0.71876127330771,50.0,430.0,1.0,0.0,0.0,0.0,0.0
2025-01-15 20:15:00+00:00,2025-01-15,2025-01-15:1,True,0,50,True,-0.18471337579617833,0.18471337579617833,1.0159084460945509,True,0,0,6,True,0.45297882884312335,45.0,435.0,1.0,0.0,0.0,0.0,0.0
2025-01-15 20:20:00+00:00,2025-01-15,2025-01-15:1,True,0,55,True,-0.744,0.11053814483075466,-1.9066803713555394,True,0,0,6,True,0.0,40.0,440.0,1.0,0.0,0.0,0.0,0.0
2025-01-15 20:25:00+00:00,2025-01-15,2025-01-15:1,True,0,60,True,-0.5316804407713499,0.2795531511293974,-0.642850194063531,True,0,0,6,True,0.0,35.0,445.0,1.0,0.0,0.0,0.0,0.0
2025-01-15 20:30:00+00:00,2025-01-15,2025-01-15:1,True,0,65,True,-0.4670487106017192,0.4670487106017192,1.1240979726182152,True,0,0,6,True,0.5905871613253305,30.0,450.0,1.0,0.0,0.0,0.0,0.0
2025-01-15 20:35:00+00:00,2025-01-15,2025-01-15:1,True,0,70,True,-0.5344262295081967,0.5344262295081967,0.9357051477182509,True,0,0,6,True,0.5973157716670074,25.0,455.0,1.0,0.0,0.0,0.0,0.0
2025-01-15 20:40:00+00:00,2025-01-15,2025-01-15:1,True,1,5,True,-0.3873239436619718,0.3873239436619718,1.4397316004816028,True,0,0,6,True,0.0,20.0,460.0,0.0,1.0,0.0,0.0,0.0
2025-01-15 20:45:00+00:00,2025-01-15,2025-01-15:1,True,1,10,True,-0.3835616438356164,0.3835616438356164,2.0432666431322626,True,0,0,6,True,-0.1989184290401922,15.0,465.0,0.0,1.0,0.0,0.0,0.0
2025-01-15 20:50:00+00:00,2025-01-15,2025-01-15:1,True,1,15,True,-0.19444444444444445,0.19444444444444445,0.6761234037820922,True,0,0,6,True,0.18363712417400732,10.0,470.0,0.0,1.0,0.0,0.0,0.0
2025-01-15 20:55:00+00:00,2025-01-15,2025-01-15:1,True,1,20,True,-0.17647058823529413,0.17647058823529413,2.37457915896278,True,0,0,6,True,0.47070143984002405,5.0,475.0,0.0,1.0,0.0,0.0,0.0
2025-01-15 21:00:00+00:00,2025-01-15,2025-01-15:1,True,2,5,True,-0.10574018126888217,0.0582015828144906,-0.5970724146016355,True,0,0,6,True,-0.8736172527165132,0.0,480.0,0.0,0.0,1.0,0.0,0.0
2025-01-16 13:00:00+00:00,2025-01-16,2025-01-16:1,False,-1,0,False,,,,False,0,0,0,False,,480.0,0.0,,,,,
2025-01-16 13:05:00+00:00,2025-01-16,2025-01-16:1,False,-1,0,True,0.09348441926345609,,,False,0,0,0,False,,475.0,5.0,,,,,
2025-01-16 13:10:00+00:00,2025-01-16,2025-01-16:1,False,-1,0,True,-0.12533333333333332,,,False,0,0,0,False,,470.0,10.0,,,,,
2025-01-16 13:15:00+00:00,2025-01-16,2025-01-16:1,False,-1,0,True,0.16151202749140894,,,False,0,0,0,False,,465.0,15.0,,,,,
2025-01-16 13:20:00+00:00,2025-01-16,2025-01-16:1,False,-1,0,True,0.7070063694267515,,,False,0,0,0,False,,460.0,20.0,,,,,
2025-01-16 13:25:00+00:00,2025-01-16,2025-01-16:1,False,-1,0,True,0.44,,,False,0,0,0,False,,455.0,25.0,,,,,
2025-01-16 13:30:00+00:00,2025-01-16,2025-01-16:1,False,-1,0,True,0.6772727272727272,,,False,0,0,0,False,,450.0,30.0,,,,,
2025-01-16 13:35:00+00:00,2025-01-16,2025-01-16:1,False,-1,0,True,0.8983050847457628,,,False,0,0,0,False,,445.0,35.0,,,,,
2025-01-16 13:40:00+00:00,2025-01-16,2025-01-16:1,False,-1,0,True,0.883495145631068,,,False,0,0,0,False,,440.0,40.0,,,,,
2025-01-16 13:45:00+00:00,2025-01-16,2025-01-16:1,False,-1,0,True,0.8273381294964028,,,False,0,0,0,False,,435.0,45.0,,,,,
2025-01-16 13:50:00+00:00,2025-01-16,2025-01-16:1,False,-1,0,True,0.893048128342246,,,False,0,0,0,False,,430.0,50.0,,,,,
2025-01-16 13:55:00+00:00,2025-01-16,2025-01-16:1,False,-1,0,True,0.8213256484149856,,,False,0,0,0,False,,425.0,55.0,,,,,
2025-01-16 14:00:00+00:00,2025-01-16,2025-01-16:1,False,-1,0,True,0.7882882882882883,,,False,0,0,0,False,,420.0,60.0,,,,,
2025-01-16 14:05:00+00:00,2025-01-16,2025-01-16:1,True,1,5,True,0.8359788359788359,0.4761088617577367,0.562956767694452,True,0,0,0,False,,415.0,65.0,0.0,1.0,0.0,0.0,0.0
2025-01-16 14:10:00+00:00,2025-01-16,2025-01-16:1,True,2,5,True,0.6294277929155313,0.6294277929155313,-0.5602051296044204,True,0,0,0,False,,410.0,70.0,0.0,0.0,1.0,0.0,0.0
2025-01-16 14:15:00+00:00,2025-01-16,2025-01-16:1,True,2,10,True,0.5092348284960422,0.5092348284960422,0.0,True,0,0,0,False,,405.0,75.0,0.0,0.0,1.0,0.0,0.0
2025-01-16 14:20:00+00:00,2025-01-16,2025-01-16:1,True,2,15,True,0.44483985765124556,0.44483985765124556,0.0,True,0,0,0,False,,400.0,80.0,0.0,0.0,1.0,0.0,0.0
2025-01-16 14:25:00+00:00,2025-01-16,2025-01-16:1,True,1,5,True,0.48936170212765956,0.2781736592309728,0.5648563010451547,True,0,0,0,False,,395.0,85.0,0.0,1.0,0.0,0.0,0.0
2025-01-16 14:30:00+00:00,2025-01-16,2025-01-16:1,True,0,5,True,0.4011627906976744,0.4011627906976744,-0.5841273998695699,True,0,0,0,False,,390.0,90.0,1.0,0.0,0.0,0.0,0.0
2025-01-16 14:35:00+00:00,2025-01-16,2025-01-16:1,True,0,10,True,0.28651685393258425,0.28651685393258425,0.0,True,0,0,0,False,,385.0,95.0,1.0,0.0,0.0,0.0,0.0
2025-01-16 14:40:00+00:00,2025-01-16,2025-01-16:1,True,0,15,True,0.1781609195402299,0.08954548930362945,0.687940427716752,True,0,0,0,False,,380.0,100.0,1.0,0.0,0.0,0.0,0.0
2025-01-16 14:45:00+00:00,2025-01-16,2025-01-16:1,True,0,20,True,0.14606741573033707,0.14606741573033707,0.0,True,0,0,0,False,,375.0,105.0,1.0,0.0,0.0,0.0,0.0
2025-01-16 14:50:00+00:00,2025-01-16,2025-01-16:1,True,1,5,True,0.2893081761006289,0.07155306607882801,1.397053115911913,True,0,0,0,False,,370.0,110.0,0.0,1.0,0.0,0.0,0.0
2025-01-16 14:55:00+00:00,2025-01-16,2025-01-16:1,True,0,5,True,0.3633633633633634,0.3633633633633634,0.0,True,0,0,0,False,,365.0,115.0,1.0,0.0,0.0,0.0,0.0
2025-01-16 15:00:00+00:00,2025-01-16,2025-01-16:1,True,1,5,True,0.56875,0.13398729453890296,1.4456959916835113,True,0,0,0,False,,360.0,120.0,0.0,1.0,0.0,0.0,0.0
2025-01-16 15:05:00+00:00,2025-01-16,2025-01-16:1,True,1,10,True,0.25625,0.05803375105409486,1.4851287744271442,True,0,0,0,True,0.6104247411243326,355.0,125.0,0.0,1.0,0.0,0.0,0.0
2025-01-16 15:10:00+00:00,2025-01-16,2025-01-16:1,True,2,5,True,-0.07796610169491526,0.07796610169491526,0.0,True,0,0,0,True,0.0,350.0,130.0,0.0,0.0,1.0,0.0,0.0
2025-01-16 15:15:00+00:00,2025-01-16,2025-01-16:1,True,2,10,True,-0.019736842105263157,0.004341338805945888,-1.5143042656293313,True,0,0,0,True,-0.5722004947047401,345.0,135.0,0.0,0.0,1.0,0.0,0.0
2025-01-16 15:20:00+00:00,2025-01-16,2025-01-16:1,True,1,5,True,0.11864406779661017,0.05347815112210787,0.79685480388475,True,0,0,0,True,1.7818215096835648,340.0,140.0,0.0,1.0,0.0,0.0,0.0
2025-01-16 15:25:00+00:00,2025-01-16,2025-01-16:1,True,2,5,True,-0.23232323232323232,0.23232323232323232,0.0,True,0,0,0,True,0.6313690444754377,335.0,145.0,0.0,0.0,1.0,0.0,0.0
2025-01-16 15:30:00+00:00,2025-01-16,2025-01-16:1,True,0,5,True,0.11864406779661017,0.05439247386598007,0.7799021878926454,True,0,0,0,True,2.895770850171669,330.0,150.0,1.0,0.0,0.0,0.0,0.0
2025-01-16 15:35:00+00:00,2025-01-16,2025-01-16:1,True,1,5,True,0.9669421487603306,0.038375224045308035,3.226726623978618,True,0,0,0,True,2.365206645925993,325.0,155.0,0.0,1.0,0.0,0.0,0.0
2025-01-16 15:40:00+00:00,2025-01-16,2025-01-16:1,True,1,10,True,0.9601769911504425,0.018538355841478543,3.9472757587344542,True,0,0,0,True,0.5884251281640407,320.0,160.0,0.0,1.0,0.0,0.0,0.0
2025-01-16 15:45:00+00:00,2025-01-16,2025-01-16:1,True,1,15,True,0.9668508287292817,0.11381232373304677,2.139493412901826,True,0,0,0,True,1.962539615007734,315.0,165.0,0.0,1.0,0.0,0.0,0.0
2025-01-16 15:50:00+00:00,2025-01-16,2025-01-16:1,True,1,20,True,0.9708454810495627,0.23172899851425277,1.432598742754757,True,0,0,0,True,0.9011657692615163,310.0,170.0,0.0,1.0,0.0,0.0,0.0
2025-01-16 15:55:00+00:00,2025-01-16,2025-01-16:1,True,1,25,True,0.9608938547486033,0.22345099249014908,1.4586718329197697,True,0,0,0,True,1.7878876933372996,305.0,175.0,0.0,1.0,0.0,0.0,0.0
2025-01-16 16:00:00+00:00,2025-01-16,2025-01-16:1,True,2,5,True,0.9299065420560748,0.5811800536304764,0.4700234768644314,True,0,0,0,True,0.0,300.0,180.0,0.0,0.0,1.0,0.0,0.0
2025-01-16 16:05:00+00:00,2025-01-16,2025-01-16:1,True,1,5,True,0.9523809523809523,0.045466734666836074,3.0419841624676724,True,0,0,0,True,1.0548311999018412,295.0,185.0,0.0,1.0,0.0,0.0,0.0
2025-01-16 16:10:00+00:00,2025-01-16,2025-01-16:1,True,2,5,True,0.9239904988123515,0.5113559664182137,0.59163583376082,True,0,0,0,True,-0.47378293849795494,290.0,190.0,0.0,0.0,1.0,0.0,0.0
2025-01-16 16:15:00+00:00,2025-01-16,2025-01-16:1,True,2,10,True,0.9036827195467422,0.6097489714261417,0.3934309746170743,True,0,0,0,True,0.48243795531843503,285.0,195.0,0.0,0.0,1.0,0.0,0.0
2025-01-16 16:20:00+00:00,2025-01-16,2025-01-16:1,True,2,15,True,0.9038461538461539,0.9038461538461539,0.0,True,0,0,0,True,0.0,280.0,200.0,0.0,0.0,1.0,0.0,0.0
2025-01-16 16:25:00+00:00,2025-01-16,2025-01-16:1,True,1,5,True,0.896551724137931,0.1652448529428733,1.6911276558634813,True,0,0,0,True,0.403994195753977,275.0,205.0,0.0,1.0,0.0,0.0,0.0
2025-01-16 16:30:00+00:00,2025-01-16,2025-01-16:1,True,1,10,True,0.7371794871794872,0.381159518495322,0.6596134288779629,True,0,0,0,True,-0.10175868785659584,270.0,210.0,0.0,1.0,0.0,0.0,0.0
2025-01-16 16:35:00+00:00,2025-01-16,2025-01-16:1,True,1,15,True,0.7684210526315789,0.39104158018498886,0.6755239310145423,True,0,0,0,True,0.33368239758564167,265.0,215.0,0.0,1.0,0.0,0.0,0.0
2025-01-16 16:40:00+00:00,2025-01-16,2025-01-16:1,True,1,20,True,0.8374384236453202,0.4130434755371041,0.7067948819255087,True,0,0,0,True,0.3526149954497081,260.0,220.0,0.0,1.0,0.0,0.0,0.0
2025-01-16 16:45:00+00:00,2025-01-16,2025-01-16:1,True,1,25,True,0.8606965174129353,0.42790416945528703,0.6988426980509469,True,0,0,0,True,-1.2215476701641381,255.0,225.0,0.0,1.0,0.0,0.0,0.0
2025-01-16 16:50:00+00:00,2025-01-16,2025-01-16:1,True,2,5,True,0.7317073170731707,0.6117037186978599,0.17913254842621057,True,0,0,0,True,-0.8011051105298365,250.0,230.0,0.0,0.0,1.0,0.0,0.0
2025-01-16 16:55:00+00:00,2025-01-16,2025-01-16:1,True,2,10,True,0.5873925501432665,0.5873925501432665,0.0,True,0,0,0,True,0.0193922744614766,245.0,235.0,0.0,0.0,1.0,0.0,0.0
2025-01-16 17:00:00+00:00,2025-01-16,2025-01-16:1,True,2,15,True,0.6048632218844985,0.6048632218844985,0.0,True,0,0,0,True,0.0,240.0,240.0,0.0,0.0,1.0,0.0,0.0
2025-01-16 17:05:00+00:00,2025-01-16,2025-01-16:1,True,0,5,True,0.6335078534031413,0.6335078534031413,-0.19013668973723916,True,0,0,0,True,-1.3022169034360485,235.0,245.0,1.0,0.0,0.0,0.0,0.0
2025-01-16 17:10:00+00:00,2025-01-16,2025-01-16:1,True,0,10,True,0.6119402985074627,0.6119402985074627,-0.42385119448550435,True,0,0,0,True,-0.9477600832140718,230.0,250.0,1.0,0.0,0.0,0.0,0.0
2025-01-16 17:15:00+00:00,2025-01-16,2025-01-16:1,True,0,15,True,0.50920245398773,0.50920245398773,-0.8547807641722882,True,0,0,0,True,-0.4495833964166108,225.0,255.0,1.0,0.0,0.0,0.0,0.0
2025-01-16 17:20:00+00:00,2025-01-16,2025-01-16:1,True,0,20,True,0.5129533678756477,0.20478809810265533,0.9182091634683436,True,0,0,0,True,1.0265890535377575,220.0,260.0,1.0,0.0,0.0,0.0,0.0
2025-01-16 17:25:00+00:00,2025-01-16,2025-01-16:1,True,0,25,True,0.6190476190476191,0.35945535811687646,0.5435922069697648,True,0,0,0,True,0.0,215.0,265.0,1.0,0.0,0.0,0.0,0.0
2025-01-16 17:30:00+00:00,2025-01-16,2025-01-16:1,True,0,30,True,0.4690265486725664,0.2644387684287663,0.573049648647804,True,0,0,0,True,0.0,210.0,270.0,1.0,0.0,0.0,0.0,0.0
2025-01-16 17:35:00+00:00,2025-01-16,2025-01-16:1,True,0,35,True,0.27113702623906705,0.27113702623906705,0.0,True,0,0,0,True,-1.2270868907054928,205.0,275.0,1.0,0.0,0.0,0.0,0.0
2025-01-16 17:40:00+00:00,2025-01-16,2025-01-16:1,True,0,40,True,0.6156351791530945,0.6156351791530945,0.0,True,0,0,0,True,-0.5930743116579253,200.0,280.0,1.0,0.0,0.0,0.0,0.0
2025-01-16 17:45:00+00:00,2025-01-16,2025-01-16:1,True,1,5,True,0.5488215488215489,0.32875645555659444,0.512456121012971,True,0,0,0,True,-1.1458867220708615,195.0,285.0,0.0,1.0,0.0,0.0,0.0
2025-01-16 17:50:00+00:00,2025-01-16,2025-01-16:1,True,0,5,True,0.5,0.5,0.0,True,0,0,0,True,-0.6421832110679433,190.0,290.0,1.0,0.0,0.0,0.0,0.0
2025-01-16 17:55:00+00:00,2025-01-16,2025-01-16:1,True,0,10,True,0.42120343839541546,0.42120343839541546,-0.5466811489322421,True,0,0,0,True,-1.22241621103018,185.0,295.0,1.0,0.0,0.0,0.0,0.0
2025-01-16 18:00:00+00:00,2025-01-16,2025-01-16:1,True,0,15,True,0.6113989637305699,0.35576558931398206,0.54147765755209,True,0,0,0,True,0.44533886717322113,180.0,300.0,1.0,0.0,0.0,0.0,0.0
2025-01-16 18:05:00+00:00,2025-01-16,2025-01-16:1,True,1,5,True,0.949438202247191,0.04506676718302041,3.047725338282394,True,0,0,0,True,2.646057887585179,175.0,305.0,0.0,1.0,0.0,0.0,0.0
2025-01-16 18:10:00+00:00,2025-01-16,2025-01-16:1,True,1,10,True,0.8817733990147784,0.3451472642804904,0.937963926838636,True,0,0,0,True,1.0486755504269147,170.0,310.0,0.0,1.0,0.0,0.0,0.0
2025-01-16 18:15:00+00:00,2025-01-16,2025-01-16:1,True,2,5,True,0.8429319371727748,0.8429319371727748,-0.46666813141469665,True,0,0,0,True,-2.0870033295551,165.0,315.0,0.0,0.0,1.0,0.0,0.0
2025-01-16 18:20:00+00:00,2025-01-16,2025-01-16:1,True,1,5,True,0.8465227817745803,0.21406442426363131,1.3748600964397317,True,0,0,0,True,1.0247602117294148,160.0,320.0,0.0,1.0,0.0,0.0,0.0
2025-01-16 18:25:00+00:00,2025-01-16,2025-01-16:1,True,2,5,True,0.8210526315789474,0.8210526315789474,-0.4719232400618133,True,0,0,0,True,0.0,155.0,325.0,0.0,0.0,1.0,0.0,0.0
2025-01-16 18:30:00+00:00,2025-01-16,2025-01-16:1,True,1,5,True,0.8427518427518428,0.08268887155216466,2.3215875117912788,True,0,0,0,True,1.0382454984153886,150.0,330.0,0.0,1.0,0.0,0.0,0.0
2025-01-16 18:35:00+00:00,2025-01-16,2025-01-16:1,True,1,10,True,0.6962025316455697,0.4318377803793502,0.4775906024055369,True,0,0,0,True,-1.5165458575587123,145.0,335.0,0.0,1.0,0.0,0.0,0.0
2025-01-16 18:40:00+00:00,2025-01-16,2025-01-16:1,True,2,5,True,0.7084548104956269,0.7084548104956269,-0.9510538121275477,True,0,0,0,True,0.0,140.0,340.0,0.0,0.0,1.0,0.0,0.0
2025-01-16 18:45:00+00:00,2025-01-16,2025-01-16:1,True,2,10,True,0.7641277641277642,0.7641277641277642,0.0,True,0,0,0,True,-0.45178135548289405,135.0,345.0,0.0,0.0,1.0,0.0,0.0
2025-01-16 18:50:00+00:00,2025-01-16,2025-01-16:1,True,0,5,True,0.6046511627906976,0.6046511627906976,0.0,True,0,0,0,True,0.4978081873160265,130.0,350.0,1.0,0.0,0.0,0.0,0.0
2025-01-16 18:55:00+00:00,2025-01-16,2025-01-16:1,True,1,5,True,0.5562700964630225,0.19914896538673196,1.027200846832233,True,0,0,0,True,1.1484454600327434,125.0,355.0,0.0,1.0,0.0,0.0,0.0
2025-01-16 19:00:00+00:00,2025-01-16,2025-01-16:1,True,0,5,True,0.592814371257485,0.592814371257485,0.0,True,0,0,0,True,-1.683088603632614,120.0,360.0,1.0,0.0,0.0,0.0,0.0
2025-01-16 19:05:00+00:00,2025-01-16,2025-01-16:1,True,0,10,True,0.7052023121387283,0.23857591046980625,1.083797186638204,True,0,0,0,True,0.7013103201960492,115.0,365.0,1.0,0.0,0.0,0.0,0.0
2025-01-16 19:10:00+00:00,2025-01-16,2025-01-16:1,True,1,5,True,0.6719817767653758,0.373897240746046,0.5862502199484867,True,0,0,0,True,1.9209416652982563,110.0,370.0,0.0,1.0,0.0,0.0,0.0
2025-01-16 19:15:00+00:00,2025-01-16,2025-01-16:1,True,2,5,True,0.5977337110481586,0.5977337110481586,0.0,True,0,0,0,True,1.2639117549075292,105.0,375.0,0.0,0.0,1.0,0.0,0.0
2025-01-16 19:20:00+00:00,2025-01-16,2025-01-16:1,True,1,5,True,0.5809018567639257,0.3285520603622433,0.5698865169497329,True,0,0,0,True,0.0,100.0,380.0,0.0,1.0,0.0,0.0,0.0
2025-01-16 19:25:00+00:00,2025-01-16,2025-01-16:1,True,1,10,True,0.4707692307692308,0.2647118308271021,0.5757262145816351,True,0,0,0,True,-1.2873629522368257,95.0,385.0,0.0,1.0,0.0,0.0,0.0
2025-01-16 19:30:00+00:00,2025-01-16,2025-01-16:1,True,1,15,True,0.572972972972973,0.3127245375006429,0.6055158168492789,True,0,0,0,True,0.698904272539245,90.0,390.0,0.0,1.0,0.0,0.0,0.0
2025-01-16 19:35:00+00:00,2025-01-16,2025-01-16:1,True,1,20,True,0.7952755905511811,0.4340557111283293,0.6055158168475578,True,0,0,0,True,-1.3539745279224518,85.0,395.0,0.0,1.0,0.0,0.0,0.0
2025-01-16 19:40:00+00:00,2025-01-16,2025-01-16:1,True,1,25,True,0.7837837837837838,0.4110800118280223,0.6453453247944722,True,0,0,0,True,-0.656040686217163,80.0,400.0,0.0,1.0,0.0,0.0,0.0
2025-01-16 19:45:00+00:00,2025-01-16,2025-01-16:1,True,1,30,True,0.7010309278350515,0.37036321712556364,0.6380678136304986,True,0,0,0,True,0.6197678761781009,75.0,405.0,0.0,1.0,0.0,0.0,0.0
2025-01-16 19:50:00+00:00,2025-01-16,2025-01-16:1,True,2,5,True,0.6816976127320955,0.6816976127320955,0.0,True,0,0,0,True,-1.411822667064609,70.0,410.0,0.0,0.0,1.0,0.0,0.0
2025-01-16 19:55:00+00:00,2025-01-16,2025-01-16:1,True,1,5,True,0.49244712990936557,0.15206635230369403,1.1750701505025491,True,0,0,0,True,-1.3137683674273044,65.0,415.0,0.0,1.0,0.0,0.0,0.0
2025-01-16 20:00:00+00:00,2025-01-16,2025-01-16:1,True,2,5,True,0.1903323262839879,0.1903323262839879,0.0,True,0,0,0,True,0.0,60.0,420.0,0.0,0.0,1.0,0.0,0.0
2025-01-16 20:05:00+00:00,2025-01-16,2025-01-16:1,True,0,5,True,0.18072289156626506,0.18072289156626506,-1.130477040610427,True,0,0,0,True,0.0,55.0,425.0,1.0,0.0,0.0,0.0,0.0
2025-01-16 20:10:00+00:00,2025-01-16,2025-01-16:1,True,0,10,True,0.008695652173913044,0.0034036868908886584,0.9379639268385864,True,0,0,0,True,0.0,50.0,430.0,1.0,0.0,0.0,0.0,0.0
2025-01-16 20:15:00+00:00,2025-01-16,2025-01-16:1,True,0,15,True,-0.07894736842105263,0.07894736842105263,0.49763343399236426,True,0,0,0,True,-0.032881521925357815,45.0,435.0,1.0,0.0,0.0,0.0,0.0
2025-01-16 20:20:00+00:00,2025-01-16,2025-01-16:1,True,1,5,True,0.0,0.0,3.647429595466356,True,0,0,0,True,-0.0051111936354027426,40.0,440.0,0.0,1.0,0.0,0.0,0.0
2025-01-16 20:25:00+00:00,2025-01-16,2025-01-16:1,True,2,5,True,0.14285714285714285,0.14285714285714285,-0.8083032736254997,True,0,0,0,True,-0.2760564975030071,35.0,445.0,0.0,0.0,1.0,0.0,0.0
2025-01-16 20:30:00+00:00,2025-01-16,2025-01-16:1,True,2,10,True,0.25391849529780564,0.25391849529780564,-1.0309164799124357,True,0,0,0,True,0.5762998320514316,30.0,450.0,0.0,0.0,1.0,0.0,0.0
2025-01-16 20:35:00+00:00,2025-01-16,2025-01-16:1,True,0,5,True,0.12947658402203857,0.12947658402203857,-1.3631977208126913,True,0,0,0,True,0.32227471942537966,25.0,455.0,1.0,0.0,0.0,0.0,0.0
2025-01-16 20:40:00+00:00,2025-01-16,2025-01-16:1,True,0,10,True,0.17985611510791366,0.17985611510791366,-0.9879508450864457,True,0,0,0,True,-0.8499894372906636,20.0,460.0,1.0,0.0,0.0,0.0,0.0
2025-01-16 20:45:00+00:00,2025-01-16,2025-01-16:1,True,0,15,True,0.711764705882353,0.711764705882353,0.0,True,0,0,0,True,-0.5507884329290661,15.0,465.0,1.0,0.0,0.0,0.0,0.0
2025-01-16 20:50:00+00:00,2025-01-16,2025-01-16:1,True,4,5,True,0.5617283950617284,0.43963956685397204,0.245063225295276,True,0,0,0,True,0.5479780305455831,10.0,470.0,0.0,0.0,0.0,0.0,1.0
2025-01-16 20:55:00+00:00,2025-01-16,2025-01-16:1,True,3,5,True,0.5465116279069767,0.5465116279069767,-0.493147547980572,True,0,0,0,True,0.5513557201101655,5.0,475.0,0.0,0.0,0.0,1.0,0.0
2025-01-16 21:00:00+00:00,2025-01-16,2025-01-16:1,True,4,5,True,0.547683923705722,0.42807301823589217,0.24640455460105487,True,0,0,0,True,0.5509773340535173,0.0,480.0,0.0,0.0,0.0,0.0,1.0
2025-01-17 13:00:00+00:00,2025-01-17,2025-01-17:1,False,-1,0,False,,,,False,0,0,0,False,,480.0,0.0,,,,,
2025-01-17 13:05:00+00:00,2025-01-17,2025-01-17:1,False,-1,0,True,-0.06158357771260997,,,False,0,0,0,False,,475.0,5.0,,,,,
2025-01-17 13:10:00+00:00,2025-01-17,2025-01-17:1,False,-1,0,True,0.5747126436781609,,,False,0,0,0,False,,470.0,10.0,,,,,
2025-01-17 13:15:00+00:00,2025-01-17,2025-01-17:1,False,-1,0,True,0.6052631578947368,,,False,0,0,0,False,,465.0,15.0,,,,,
2025-01-17 13:20:00+00:00,2025-01-17,2025-01-17:1,False,-1,0,True,0.38080495356037153,,,False,0,0,0,False,,460.0,20.0,,,,,
2025-01-17 13:25:00+00:00,2025-01-17,2025-01-17:1,False,-1,0,True,0.04899135446685879,,,False,0,0,0,False,,455.0,25.0,,,,,
2025-01-17 13:30:00+00:00,2025-01-17,2025-01-17:1,False,-1,0,True,-0.2774869109947644,,,False,0,0,0,False,,450.0,30.0,,,,,
2025-01-17 13:35:00+00:00,2025-01-17,2025-01-17:1,False,-1,0,True,-0.6710526315789473,,,False,0,0,0,False,,445.0,35.0,,,,,
2025-01-17 13:40:00+00:00,2025-01-17,2025-01-17:1,False,-1,0,True,-0.47266881028938906,,,False,0,0,0,False,,440.0,40.0,,,,,
2025-01-17 13:45:00+00:00,2025-01-17,2025-01-17:1,False,-1,0,True,-0.6163682864450127,,,False,0,0,0,False,,435.0,45.0,,,,,
2025-01-17 13:50:00+00:00,2025-01-17,2025-01-17:1,False,-1,0,True,-0.23123123123123124,,,False,0,0,0,False,,430.0,50.0,,,,,
2025-01-17 13:55:00+00:00,2025-01-17,2025-01-17:1,False,-1,0,True,-0.26813880126182965,,,False,0,0,0,False,,425.0,55.0,,,,,
2025-01-17 14:00:00+00:00,2025-01-17,2025-01-17:1,False,-1,0,True,-0.18064516129032257,,,False,0,0,0,False,,420.0,60.0,,,,,
2025-01-17 14:05:00+00:00,2025-01-17,2025-01-17:1,True,1,5,True,-0.02962962962962963,0.02962962962962963,1.6007236544918357,True,0,0,0,False,,415.0,65.0,0.0,1.0,0.0,0.0,0.0
2025-01-17 14:10:00+00:00,2025-01-17,2025-01-17:1,True,0,5,True,0.03205128205128205,0.03205128205128205,-0.2015084204100426,True,0,0,0,False,,410.0,70.0,1.0,0.0,0.0,0.0,0.0
2025-01-17 14:15:00+00:00,2025-01-17,2025-01-17:1,True,0,10,True,-0.005263157894736842,0.005263157894736842,0.0,True,0,0,0,False,,405.0,75.0,1.0,0.0,0.0,0.0,0.0
2025-01-17 14:20:00+00:00,2025-01-17,2025-01-17:1,True,0,15,True,0.14814814814814814,0.07972454027182328,0.6196353276424955,True,0,0,0,False,,400.0,80.0,1.0,0.0,0.0,0.0,0.0
2025-01-17 14:25:00+00:00,2025-01-17,2025-01-17:1,True,1,5,True,0.01744186046511628,0.0056345429618508145,1.1299570536706427,True,0,0,0,False,,395.0,85.0,0.0,1.0,0.0,0.0,0.0
2025-01-17 14:30:00+00:00,2025-01-17,2025-01-17:1,True,2,5,True,0.025477707006369428,0.01980103593108189,0.25206957867025,True,0,0,0,False,,390.0,90.0,0.0,0.0,1.0,0.0,0.0
2025-01-17 14:35:00+00:00,2025-01-17,2025-01-17:1,True,2,10,True,0.35,0.35,0.0,True,0,0,0,False,,385.0,95.0,0.0,0.0,1.0,0.0,0.0
2025-01-17 14:40:00+00:00,2025-01-17,2025-01-17:1,True,2,15,True,0.29153605015673983,0.29153605015673983,0.0,True,0,0,0,False,,380.0,100.0,0.0,0.0,1.0,0.0,0.0
2025-01-17 14:45:00+00:00,2025-01-17,2025-01-17:1,True,2,20,True,-0.11731843575418995,0.08691508673941399,-0.299960283312003,True,0,0,0,False,,375.0,105.0,0.0,0.0,1.0,0.0,0.0
2025-01-17 14:50:00+00:00,2025-01-17,2025-01-17:1,True,0,5,True,-0.34594594594594597,0.34594594594594597,0.0,True,0,0,0,False,,370.0,110.0,1.0,0.0,0.0,0.0,0.0
2025-01-17 14:55:00+00:00,2025-01-17,2025-01-17:1,True,0,10,True,-0.3313253012048193,0.05828220155167189,-1.7378039198212003,True,0,0,0,False,,365.0,115.0,1.0,0.0,0.0,0.0,0.0
2025-01-17 15:00:00+00:00,2025-01-17,2025-01-17:1,True,3,5,True,-0.4182825484764543,0.1435909103166427,-1.0691888014841213,True,0,0,0,False,,360.0,120.0,0.0,0.0,0.0,1.0,0.0
2025-01-17 15:05:00+00:00,2025-01-17,2025-01-17:1,True,4,5,True,-0.3157894736842105,0.3157894736842105,0.0,True,0,0,0,True,0.0,355.0,125.0,0.0,0.0,0.0,0.0,1.0
2025-01-17 15:10:00+00:00,2025-01-17,2025-01-17:1,True,0,5,True,0.23030303030303031,0.009060444860613354,3.235477744345546,True,0,0,0,True,2.8508739160871097,350.0,130.0,1.0,0.0,0.0,0.0,0.0
2025-01-17 15:15:00+00:00,2025-01-17,2025-01-17:1,True,0,10,True,-0.21254355400696864,0.13454200588605358,-0.4572704656925206,True,0,0,0,True,-1.0224878453914614,345.0,135.0,1.0,0.0,0.0,0.0,0.0
2025-01-17 15:20:00+00:00,2025-01-17,2025-01-17:1,True,0,15,True,0.3202614379084967,0.20470953473229903,0.44754558506412234,True,0,0,0,True,-1.755580161642993,340.0,140.0,1.0,0.0,0.0,0.0,0.0
2025-01-17 15:25:00+00:00,2025-01-17,2025-01-17:1,True,0,20,True,0.046052631578947366,0.046052631578947366,-0.2212827194145774,True,0,0,0,True,-0.47026786108690016,335.0,145.0,1.0,0.0,0.0,0.0,0.0
2025-01-17 15:30:00+00:00,2025-01-17,2025-01-17:1,True,1,5,True,-0.6972111553784861,0.6972111553784861,1.0472450647603464,True,0,0,0,True,-0.4683422307805284,330.0,150.0,0.0,1.0,0.0,0.0,0.0
2025-01-17 15:35:00+00:00,2025-01-17,2025-01-17:1,True,2,5,True,-0.7258064516129032,0.15578664851113672,-1.5387959502770254,True,0,0,0,True,-0.5418729247505076,325.0,155.0,0.0,0.0,1.0,0.0,0.0
2025-01-17 15:40:00+00:00,2025-01-17,2025-01-17:1,True,0,5,True,-0.736986301369863,0.736986301369863,1.9177655228055939,True,0,0,0,True,0.9189115872648222,320.0,160.0,1.0,0.0,0.0,0.0,0.0
2025-01-17 15:45:00+00:00,2025-01-17,2025-01-17:1,True,1,5,True,-0.8132678132678133,0.8132678132678133,0.5375407957840843,True,0,0,0,True,-0.26543216437921324,315.0,165.0,0.0,1.0,0.0,0.0,0.0
2025-01-17 15:50:00+00:00,2025-01-17,2025-01-17:1,True,1,10,True,-0.7463976945244957,0.7463976945244957,0.26084031623685505,True,0,0,0,True,-0.5832566783781501,310.0,170.0,0.0,1.0,0.0,0.0,0.0
2025-01-17 15:55:00+00:00,2025-01-17,2025-01-17:1,True,0,5,True,-0.7752808988764045,0.4592774907052989,-0.5235708315429091,True,0,0,0,True,0.8083357490853361,305.0,175.0,1.0,0.0,0.0,0.0,0.0
2025-01-17 16:00:00+00:00,2025-01-17,2025-01-17:1,True,0,10,True,-0.671957671957672,0.671957671957672,0.5167872198059879,True,0,0,0,True,0.5777856766938362,300.0,180.0,1.0,0.0,0.0,0.0,0.0
2025-01-17 16:05:00+00:00,2025-01-17,2025-01-17:1,True,1,5,True,-0.7417721518987341,0.7417721518987341,0.5138876987749128,True,0,0,0,True,1.4095405005724284,295.0,185.0,0.0,1.0,0.0,0.0,0.0
2025-01-17 16:10:00+00:00,2025-01-17,2025-01-17:1,True,0,5,True,-0.830423940149626,0.5001830818584041,-0.5069621465385854,True,0,0,0,True,0.8858449642516316,290.0,190.0,1.0,0.0,0.0,0.0,0.0
2025-01-17 16:15:00+00:00,2025-01-17,2025-01-17:1,True,0,10,True,-0.7871148459383753,0.22233319530520537,-1.2641970301050902,True,0,0,0,True,-1.1307321985076533,285.0,195.0,1.0,0.0,0.0,0.0,0.0
2025-01-17 16:20:00+00:00,2025-01-17,2025-01-17:1,True,3,5,True,-0.4251497005988024,0.20009790614079762,-0.7536345661357384,True,0,0,0,True,0.0,280.0,200.0,0.0,0.0,0.0,1.0,0.0
2025-01-17 16:25:00+00:00,2025-01-17,2025-01-17:1,True,0,5,True,-0.7074340527577938,0.5490719288562886,-0.25341496264256047,True,0,0,0,True,-0.3106389498157039,275.0,205.0,1.0,0.0,0.0,0.0,0.0
2025-01-17 16:30:00+00:00,2025-01-17,2025-01-17:1,True,3,5,True,-0.3835616438356164,0.13504048639967262,-1.0439257152744794,True,0,0,0,True,-1.1671444314060841,270.0,210.0,0.0,0.0,0.0,1.0,0.0
2025-01-17 16:35:00+00:00,2025-01-17,2025-01-17:1,True,4,5,True,-0.5,0.382175078854471,-0.26872927320432166,True,0,0,0,True,-0.32259013430159983,265.0,215.0,0.0,0.0,0.0,0.0,1.0
2025-01-17 16:40:00+00:00,2025-01-17,2025-01-17:1,True,4,10,True,-0.3583815028901734,0.3583815028901734,0.0,True,0,0,0,True,0.0,260.0,220.0,0.0,0.0,0.0,0.0,1.0
2025-01-17 16:45:00+00:00,2025-01-17,2025-01-17:1,True,3,5,True,-0.3220338983050847,0.11954412972613242,-0.9909712246295872,True,0,0,0,True,-0.44317580440560955,255.0,225.0,0.0,0.0,0.0,1.0,0.0
2025-01-17 16:50:00+00:00,2025-01-17,2025-01-17:1,True,4,5,True,-0.09271523178807947,0.09271523178807947,1.3167678424923235,True,1,0,0,True,0.4907304010659636,250.0,230.0,0.0,0.0,0.0,0.0,1.0
2025-01-17 16:55:00+00:00,2025-01-17,2025-01-17:1,True,0,5,True,0.4528301886792453,0.1496385259477958,1.1072946370028032,True,0,0,0,True,2.494454822936553,245.0,235.0,1.0,0.0,0.0,0.0,0.0
2025-01-17 17:00:00+00:00,2025-01-17,2025-01-17:1,True,1,5,True,0.501432664756447,0.1324156442448302,1.3315235352316663,True,0,0,0,True,-0.46922750875588287,240.0,240.0,0.0,1.0,0.0,0.0,0.0
2025-01-17 17:05:00+00:00,2025-01-17,2025-01-17:1,True,1,10,True,0.5136476426799007,0.328533696470645,0.44689810086162046,True,0,0,0,True,-1.5331346596722801,235.0,245.0,0.0,1.0,0.0,0.0,0.0
2025-01-17 17:10:00+00:00,2025-01-17,2025-01-17:1,True,1,15,True,0.6224489795918368,0.3812090909253959,0.49031364481134415,True,0,0,0,True,0.5267355365169584,230.0,250.0,0.0,1.0,0.0,0.0,0.0
2025-01-17 17:15:00+00:00,2025-01-17,2025-01-17:1,True,1,20,True,0.5602409638554217,0.33840929720594704,0.5041108824113395,True,0,0,0,True,0.0,225.0,255.0,0.0,1.0,0.0,0.0,0.0
2025-01-17 17:20:00+00:00,2025-01-17,2025-01-17:1,True,1,25,True,0.5324675324675324,0.1752879739868111,1.1110917367299582,True,0,0,0,True,1.2422383262814778,220.0,260.0,0.0,1.0,0.0,0.0,0.0
2025-01-17 17:25:00+00:00,2025-01-17,2025-01-17:1,True,1,30,True,0.6832844574780058,0.07232051286003739,2.245803447667417,True,0,0,0,True,1.922358351602074,215.0,265.0,0.0,1.0,0.0,0.0,0.0
2025-01-17 17:30:00+00:00,2025-01-17,2025-01-17:1,True,1,35,True,0.516209476309227,0.1735725145183575,1.089917181756809,True,0,0,0,True,0.0,210.0,270.0,0.0,1.0,0.0,0.0,0.0
2025-01-17 17:35:00+00:00,2025-01-17,2025-01-17:1,True,1,40,True,0.6383561643835617,0.3541196846255003,0.589261430809418,True,0,0,0,True,-0.7255863416828414,205.0,275.0,0.0,1.0,0.0,0.0,0.0
2025-01-17 17:40:00+00:00,2025-01-17,2025-01-17:1,True,1,45,True,-0.06486486486486487,0.06486486486486487,0.589261430809418,True,0,0,0,True,0.0,200.0,280.0,0.0,1.0,0.0,0.0,0.0
2025-01-17 17:45:00+00:00,2025-01-17,2025-01-17:1,True,1,50,True,0.3050847457627119,0.16532158045090908,0.6126970434248975,True,0,0,0,True,0.0,195.0,285.0,0.0,1.0,0.0,0.0,0.0
2025-01-17 17:50:00+00:00,2025-01-17,2025-01-17:1,True,1,55,True,0.27208480565371024,0.07866195214695765,1.2409542189662612,True,0,0,0,True,0.7247098202907717,190.0,290.0,0.0,1.0,0.0,0.0,0.0
2025-01-17 17:55:00+00:00,2025-01-17,2025-01-17:1,True,1,60,True,0.10861423220973783,0.029945632239724684,1.2884189717094938,True,0,0,0,True,1.4404962021193564,185.0,295.0,0.0,1.0,0.0,0.0,0.0
2025-01-17 18:00:00+00:00,2025-01-17,2025-01-17:1,True,2,5,True,0.4484536082474227,0.4484536082474227,0.0,True,0,0,0,True,0.6853298958481666,180.0,300.0,0.0,0.0,1.0,0.0,0.0
2025-01-17 18:05:00+00:00,2025-01-17,2025-01-17:1,True,2,10,True,-0.424,0.424,0.0,True,0,0,0,True,-0.6440115796758494,175.0,305.0,0.0,0.0,1.0,0.0,0.0
2025-01-17 18:10:00+00:00,2025-01-17,2025-01-17:1,True,2,15,True,0.010033444816053512,0.010033444816053512,-0.7285153620089958,True,0,0,0,True,-1.6290098721049826,170.0,310.0,0.0,0.0,1.0,0.0,0.0
2025-01-17 18:15:00+00:00,2025-01-17,2025-01-17:1,True,2,20,True,-0.28690807799442897,0.28690807799442897,0.0,True,0,0,0,True,0.0,165.0,315.0,0.0,0.0,1.0,0.0,0.0
2025-01-17 18:20:00+00:00,2025-01-17,2025-01-17:1,True,0,5,True,-0.036211699164345405,0.01743836314297673,-0.7307096903600486,True,0,0,0,True,0.0,160.0,320.0,1.0,0.0,0.0,0.0,0.0
2025-01-17 18:25:00+00:00,2025-01-17,2025-01-17:1,True,3,5,True,0.21525885558583105,0.21525885558583105,-0.7419867407730802,True,0,0,0,True,0.4596873675358963,155.0,325.0,0.0,0.0,0.0,1.0,0.0
2025-01-17 18:30:00+00:00,2025-01-17,2025-01-17:1,True,3,10,True,0.22025316455696203,0.22025316455696203,-0.8368373413659057,True,0,0,0,True,0.0,150.0,330.0,0.0,0.0,0.0,1.0,0.0
2025-01-17 18:35:00+00:00,2025-01-17,2025-01-17:1,True,0,5,True,0.2549019607843137,0.025053602708038872,2.319861365849482,True,0,0,0,True,0.0,145.0,335.0,1.0,0.0,0.0,0.0,0.0
2025-01-17 18:40:00+00:00,2025-01-17,2025-01-17:1,True,0,10,True,-0.3246753246753247,0.3246753246753247,0.0,True,0,0,0,True,0.0,140.0,340.0,1.0,0.0,0.0,0.0,0.0
2025-01-17 18:45:00+00:00,2025-01-17,2025-01-17:1,True,0,15,True,0.1111111111111111,0.1111111111111111,-0.7693979751399899,True,0,0,0,True,0.0,135.0,345.0,1.0,0.0,0.0,0.0,0.0
2025-01-17 18:50:00+00:00,2025-01-17,2025-01-17:1,True,0,20,True,0.2262295081967213,0.2262295081967213,-0.7681145747862105,True,0,0,0,True,-0.46424272843644665,130.0,350.0,1.0,0.0,0.0,0.0,0.0
2025-01-17 18:55:00+00:00,2025-01-17,2025-01-17:1,True,0,25,True,0.25766871165644173,0.25766871165644173,-0.7911982652655942,True,0,0,0,True,0.0,125.0,355.0,1.0,0.0,0.0,0.0,0.0
2025-01-17 19:00:00+00:00,2025-01-17,2025-01-17:1,True,0,30,True,0.20526315789473684,0.04405755743864068,1.5387959502758328,True,0,0,0,True,0.0,120.0,360.0,1.0,0.0,0.0,0.0,0.0
2025-01-17 19:05:00+00:00,2025-01-17,2025-01-17:1,True,0,35,True,0.3333333333333333,0.07173034219603172,1.536229149574604,True,0,0,0,True,0.0,115.0,365.0,1.0,0.0,0.0,0.0,0.0
2025-01-17 19:10:00+00:00,2025-01-17,2025-01-17:1,True,0,40,True,0.5075987841945289,0.5075987841945289,0.0,True,0,0,0,True,1.6768289600890716,110.0,370.0,1.0,0.0,0.0,0.0,0.0
2025-01-17 19:15:00+00:00,2025-01-17,2025-01-17:1,True,0,45,True,0.6861702127659575,0.6861702127659575,-0.7323685113129937,True,0,0,0,True,0.0,105.0,375.0,1.0,0.0,0.0,0.0,0.0
2025-01-17 19:20:00+00:00,2025-01-17,2025-01-17:1,True,0,50,True,0.7070938215102975,0.5014668577586926,0.3436258417900361,True,0,0,0,True,0.10967964847626424,100.0,380.0,1.0,0.0,0.0,0.0,0.0
2025-01-17 19:25:00+00:00,2025-01-17,2025-01-17:1,True,1,5,True,0.6537467700258398,0.04596068913909754,2.654933627488463,True,0,0,0,True,1.319247125957902,95.0,385.0,0.0,1.0,0.0,0.0,0.0
2025-01-17 19:30:00+00:00,2025-01-17,2025-01-17:1,True,1,10,True,0.7435897435897436,0.43240643541195184,0.5421234941782982,True,0,0,0,True,0.0,90.0,390.0,0.0,1.0,0.0,0.0,0.0
2025-01-17 19:35:00+00:00,2025-01-17,2025-01-17:1,True,1,15,True,0.5489614243323442,0.181892883346157,1.1046102129397277,True,0,0,0,True,1.798961726953634,85.0,395.0,0.0,1.0,0.0,0.0,0.0
2025-01-17 19:40:00+00:00,2025-01-17,2025-01-17:1,True,1,20,True,0.4625322997416021,0.16190025902243432,1.0497359312192978,True,0,0,0,True,-0.5331169524567435,80.0,400.0,0.0,1.0,0.0,0.0,0.0
2025-01-17 19:45:00+00:00,2025-01-17,2025-01-17:1,True,2,5,True,0.2523961661341853,0.2523961661341853,-0.5130273150835095,True,0,0,0,True,-0.4972264757323459,75.0,405.0,0.0,0.0,1.0,0.0,0.0
2025-01-17 19:50:00+00:00,2025-01-17,2025-01-17:1,True,2,10,True,0.3799392097264438,0.3799392097264438,0.0,True,0,0,0,True,1.0773373370069608,70.0,410.0,0.0,0.0,1.0,0.0,0.0
2025-01-17 19:55:00+00:00,2025-01-17,2025-01-17:1,True,2,15,True,-0.05421686746987952,0.05421686746987952,0.0,True,0,0,0,True,1.7470504010229913,65.0,415.0,0.0,0.0,1.0,0.0,0.0
2025-01-17 20:00:00+00:00,2025-01-17,2025-01-17:1,True,0,5,True,0.18021201413427562,0.18021201413427562,-1.281344951735689,True,0,0,0,True,0.0,60.0,420.0,1.0,0.0,0.0,0.0,0.0
2025-01-17 20:05:00+00:00,2025-01-17,2025-01-17:1,True,0,10,True,-0.15614617940199335,0.10209071891311211,-0.4249307968329136,True,0,0,0,True,0.9501741474488467,55.0,425.0,1.0,0.0,0.0,0.0,0.0
2025-01-17 20:10:00+00:00,2025-01-17,2025-01-17:1,True,3,5,True,-0.010033444816053512,0.004289037722184251,-0.8498615936634117,True,0,0,0,True,0.0,50.0,430.0,0.0,0.0,0.0,1.0,0.0
2025-01-17 20:15:00+00:00,2025-01-17,2025-01-17:1,True,4,5,True,-0.043478260869565216,0.043478260869565216,0.42580044378248144,True,0,0,0,True,-0.4137879245916687,45.0,435.0,0.0,0.0,0.0,0.0,1.0
2025-01-17 20:20:00+00:00,2025-01-17,2025-01-17:1,True,4,10,True,-0.2892561983471074,0.2892561983471074,0.0,True,0,0,0,True,-0.40130363402153113,40.0,440.0,0.0,0.0,0.0,0.0,1.0
2025-01-17 20:25:00+00:00,2025-01-17,2025-01-17:1,True,4,15,True,-0.5193798449612403,0.5193798449612403,0.0,True,0,0,0,True,-1.0358824451313335,35.0,445.0,0.0,0.0,0.0,0.0,1.0
2025-01-17 20:30:00+00:00,2025-01-17,2025-01-17:1,True,0,5,True,-0.5073313782991202,0.5073313782991202,0.9265214256062599,True,0,0,0,True,-1.0358824451313338,30.0,450.0,1.0,0.0,0.0,0.0,0.0
2025-01-17 20:35:00+00:00,2025-01-17,2025-01-17:1,True,0,10,True,-0.6762402088772846,0.16818726766859327,-1.391470304398176,True,0,0,0,True,-0.37461436788898084,25.0,455.0,1.0,0.0,0.0,0.0,0.0
2025-01-17 20:40:00+00:00,2025-01-17,2025-01-17:1,True,0,15,True,-0.6379821958456974,0.6379821958456974,0.0,True,0,0,0,True,-0.30652366299968425,20.0,460.0,1.0,0.0,0.0,0.0,0.0
2025-01-17 20:45:00+00:00,2025-01-17,2025-01-17:1,True,0,20,True,-0.6179775280898876,0.23144052981597038,-0.9821291446019893,True,0,0,0,True,-0.6991943527113109,15.0,465.0,1.0,0.0,0.0,0.0,0.0
2025-01-17 20:50:00+00:00,2025-01-17,2025-01-17:1,True,0,25,True,-0.25,0.25,0.5167872198052131,True,0,0,0,True,1.1555713533875822,10.0,470.0,1.0,0.0,0.0,0.0,0.0
2025-01-17 20:55:00+00:00,2025-01-17,2025-01-17:1,True,0,30,True,-0.329700272479564,0.329700272479564,0.0,True,0,0,0,True,0.0,5.0,475.0,1.0,0.0,0.0,0.0,0.0
2025-01-17 21:00:00+00:00,2025-01-17,2025-01-17:1,True,3,5,True,-0.6804407713498623,0.3727668521675843,-0.6017876183465608,True,0,0,0,True,0.0,0.0,480.0,0.0,0.0,0.0,1.0,0.0
2025-01-20 13:00:00+00:00,2025-01-20,2025-01-20:1,False,-1,0,False,,,,False,0,0,0,False,,480.0,0.0,,,,,
2025-01-20 13:05:00+00:00,2025-01-20,2025-01-20:1,False,-1,0,True,0.033707865168539325,,,False,0,0,0,False,,475.0,5.0,,,,,
2025-01-20 13:10:00+00:00,2025-01-20,2025-01-20:1,False,-1,0,True,-0.22485207100591717,,,False,0,0,0,False,,470.0,10.0,,,,,
2025-01-20 13:15:00+00:00,2025-01-20,2025-01-20:1,False,-1,0,True,-0.256797583081571,,,False,0,0,0,False,,465.0,15.0,,,,,
2025-01-20 13:20:00+00:00,2025-01-20,2025-01-20:1,False,-1,0,True,-0.5592417061611374,,,False,0,0,0,False,,460.0,20.0,,,,,
2025-01-20 13:25:00+00:00,2025-01-20,2025-01-20:1,False,-1,0,True,-0.3353846153846154,,,False,0,0,0,False,,455.0,25.0,,,,,
2025-01-20 13:30:00+00:00,2025-01-20,2025-01-20:1,False,-1,0,True,-0.5060532687651331,,,False,0,0,0,False,,450.0,30.0,,,,,
2025-01-20 13:35:00+00:00,2025-01-20,2025-01-20:1,False,-1,0,True,-0.8205689277899344,,,False,0,0,0,False,,445.0,35.0,,,,,
2025-01-20 13:40:00+00:00,2025-01-20,2025-01-20:1,False,-1,0,True,-0.8660287081339713,,,False,0,0,0,False,,440.0,40.0,,,,,
2025-01-20 13:45:00+00:00,2025-01-20,2025-01-20:1,False,-1,0,True,-0.9076923076923077,,,False,0,0,0,False,,435.0,45.0,,,,,
2025-01-20 13:50:00+00:00,2025-01-20,2025-01-20:1,False,-1,0,True,-0.8885941644562334,,,False,0,0,0,False,,430.0,50.0,,,,,
2025-01-20 13:55:00+00:00,2025-01-20,2025-01-20:1,False,-1,0,True,-0.8848484848484849,,,False,0,0,0,False,,425.0,55.0,,,,,
2025-01-20 14:00:00+00:00,2025-01-20,2025-01-20:1,False,-1,0,True,-0.7794486215538847,,,False,0,0,0,False,,420.0,60.0,,,,,
2025-01-20 14:05:00+00:00,2025-01-20,2025-01-20:1,True,3,5,True,-0.8292682926829268,0.0999866584583559,-2.1155069752229685,True,0,0,0,False,,415.0,65.0,0.0,0.0,0.0,1.0,0.0
2025-01-20 14:10:00+00:00,2025-01-20,2025-01-20:1,True,0,5,True,-0.7022222222222222,0.7022222222222222,0.0,True,0,0,0,False,,410.0,70.0,1.0,0.0,0.0,0.0,0.0
2025-01-20 14:15:00+00:00,2025-01-20,2025-01-20:1,True,0,10,True,-0.6495956873315364,0.6495956873315364,2.464116275620054,True,0,0,0,False,,405.0,75.0,1.0,0.0,0.0,0.0,0.0
2025-01-20 14:20:00+00:00,2025-01-20,2025-01-20:1,True,3,5,True,-0.8276762402088773,0.1355704320485017,-1.8091307646890946,True,0,0,0,False,,400.0,80.0,0.0,0.0,0.0,1.0,0.0
2025-01-20 14:25:00+00:00,2025-01-20,2025-01-20:1,True,0,5,True,-0.7075471698113207,0.5775836259927052,-0.20295105958016552,True,0,0,0,False,,395.0,85.0,1.0,0.0,0.0,0.0,0.0
2025-01-20 14:30:00+00:00,2025-01-20,2025-01-20:1,True,3,5,True,-0.6715542521994134,0.1922001219171613,-1.2510576743924084,True,0,0,0,False,,390.0,90.0,0.0,0.0,0.0,1.0,0.0
2025-01-20 14:35:00+00:00,2025-01-20,2025-01-20:1,True,0,5,True,-0.7419354838709677,0.7419354838709677,0.4851389711064139,True,0,0,0,False,,385.0,95.0,1.0,0.0,0.0,0.0,0.0
2025-01-20 14:40:00+00:00,2025-01-20,2025-01-20:1,True,0,10,True,-0.6978851963746223,0.27781826661701153,-0.921087431407484,True,0,0,0,False,,380.0,100.0,1.0,0.0,0.0,0.0,0.0
2025-01-20 14:45:00+00:00,2025-01-20,2025-01-20:1,True,4,5,True,-0.5068493150684932,0.5068493150684932,0.7505576965470889,True,1,0,0,False,,375.0,105.0,0.0,0.0,0.0,0.0,1.0
2025-01-20 14:50:00+00:00,2025-01-20,2025-01-20:1,True,0,5,True,-0.37158469945355194,0.2554244023672676,-0.3748503466002498,True,1,0,0,False,,370.0,110.0,1.0,0.0,0.0,0.0,0.0
2025-01-20 14:55:00+00:00,2025-01-20,2025-01-20:1,True,0,10,True,-0.39154929577464787,0.2936500039494047,-0.2877228272195241,True,1,0,0,False,,365.0,115.0,1.0,0.0,0.0,0.0,0.0
2025-01-20 15:00:00+00:00,2025-01-20,2025-01-20:1,True,0,15,True,-0.7371134020618557,0.7371134020618557,1.1639698662295543,True,1,0,0,False,,360.0,120.0,1.0,0.0,0.0,0.0,0.0
2025-01-20 15:05:00+00:00,2025-01-20,2025-01-20:1,True,0,20,True,-0.7245762711864406,0.2864245760691863,-0.928111788756751,True,0,1,1,True,-0.24431554720282125,355.0,125.0,1.0,0.0,0.0,0.0,0.0
2025-01-20 15:10:00+00:00,2025-01-20,2025-01-20:1,True,0,25,True,-0.75,0.6755409491776981,-0.10455943042311877,True,0,0,1,True,0.7014059823455886,350.0,130.0,1.0,0.0,0.0,0.0,0.0
2025-01-20 15:15:00+00:00,2025-01-20,2025-01-20:1,True,0,30,True,-0.7336956521739131,0.4615406194564441,-0.4635242335848936,True,0,0,1,True,-0.003719777421125461,345.0,135.0,1.0,0.0,0.0,0.0,0.0
2025-01-20 15:20:00+00:00,2025-01-20,2025-01-20:1,True,0,35,True,-0.4858757062146893,0.4858757062146893,0.0,True,0,0,1,True,1.0700818689295162,340.0,140.0,1.0,0.0,0.0,0.0,0.0
2025-01-20 15:25:00+00:00,2025-01-20,2025-01-20:1,True,0,40,True,-0.527363184079602,0.199666180639421,-0.9712425897839687,True,0,0,1,True,0.27147055667633735,335.0,145.0,1.0,0.0,0.0,0.0,0.0
2025-01-20 15:30:00+00:00,2025-01-20,2025-01-20:1,True,4,5,True,-0.7329842931937173,0.6487266554146491,-0.12211282365874185,True,0,0,1,True,0.27305257462383925,330.0,150.0,0.0,0.0,0.0,0.0,1.0
2025-01-20 15:35:00+00:00,2025-01-20,2025-01-20:1,True,3,5,True,-0.9725274725274725,0.6355732398448917,-0.4253709928978792,True,0,0,1,True,-0.3197853647261881,325.0,155.0,0.0,0.0,0.0,1.0,0.0
2025-01-20 15:40:00+00:00,2025-01-20,2025-01-20:1,True,4,5,True,-0.9704433497536946,0.8271952759605359,-0.1597122358199102,True,0,0,1,True,1.4285096645292144,320.0,160.0,0.0,0.0,0.0,0.0,1.0
2025-01-20 15:45:00+00:00,2025-01-20,2025-01-20:1,True,3,5,True,-0.9634146341463414,0.3185889107051566,-1.1065822936387648,True,0,0,1,True,-0.4581578423831728,315.0,165.0,0.0,0.0,0.0,1.0,0.0
2025-01-20 15:50:00+00:00,2025-01-20,2025-01-20:1,True,3,10,True,-0.9121951219512195,0.4881382110347197,-0.6252553316107506,True,0,0,1,True,0.6990567123869124,310.0,170.0,0.0,0.0,0.0,1.0,0.0
2025-01-20 15:55:00+00:00,2025-01-20,2025-01-20:1,True,3,15,True,-0.953810623556582,0.15217760754947135,-1.8354168345047945,True,0,0,1,True,-0.6840194681679964,305.0,175.0,0.0,0.0,0.0,1.0,0.0
2025-01-20 16:00:00+00:00,2025-01-20,2025-01-20:1,True,3,20,True,-0.9351351351351351,0.019766584179990474,-3.85669820409376,True,0,0,1,True,-1.1267359177741305,300.0,180.0,0.0,0.0,0.0,1.0,0.0
2025-01-20 16:05:00+00:00,2025-01-20,2025-01-20:1,True,3,25,True,-0.8793103448275862,0.32008341255156997,-1.0105562751096313,True,0,0,1,True,0.9510434181728612,295.0,185.0,0.0,0.0,0.0,1.0,0.0
2025-01-20 16:10:00+00:00,2025-01-20,2025-01-20:1,True,3,30,True,-0.8506666666666667,0.07777776621097503,-2.392164746805432,True,0,0,1,True,-0.529398841698612,290.0,190.0,0.0,0.0,0.0,1.0,0.0
2025-01-20 16:15:00+00:00,2025-01-20,2025-01-20:1,True,4,5,True,-0.8942731277533039,0.8942731277533039,0.4185624482791057,True,1,0,1,True,-0.18777417890046577,285.0,195.0,0.0,0.0,0.0,0.0,1.0
2025-01-20 16:20:00+00:00,2025-01-20,2025-01-20:1,True,3,5,True,-0.6314199395770392,0.26395118821655417,-0.872206962637522,True,0,1,2,True,0.2768096277201485,280.0,200.0,0.0,0.0,0.0,1.0,0.0
2025-01-20 16:25:00+00:00,2025-01-20,2025-01-20:1,True,4,5,True,-0.6627906976744186,0.6627906976744186,0.30264038577924574,True,1,0,2,True,-0.12772830936315732,275.0,205.0,0.0,0.0,0.0,0.0,1.0
2025-01-20 16:30:00+00:00,2025-01-20,2025-01-20:1,True,4,10,True,-0.8311345646437994,0.8311345646437994,0.13897168455760747,True,1,0,2,True,0.04840069969051014,270.0,210.0,0.0,0.0,0.0,0.0,1.0
2025-01-20 16:35:00+00:00,2025-01-20,2025-01-20:1,True,0,5,True,-0.7421052631578947,0.7421052631578947,0.5351504879453206,True,1,0,2,True,1.0454239869493949,265.0,215.0,1.0,0.0,0.0,0.0,0.0
2025-01-20 16:40:00+00:00,2025-01-20,2025-01-20:1,True,0,10,True,-0.4752186588921283,0.3703285885858809,-0.24938434383284622,True,1,0,2,True,0.41109453850658556,260.0,220.0,1.0,0.0,0.0,0.0,0.0
2025-01-20 16:45:00+00:00,2025-01-20,2025-01-20:1,True,0,15,True,-0.5227272727272727,0.31298202048116236,-0.5129141146549557,True,0,1,3,True,1.0370911353525647,255.0,225.0,1.0,0.0,0.0,0.0,0.0
2025-01-20 16:50:00+00:00,2025-01-20,2025-01-20:1,True,0,20,True,-0.5069252077562327,0.311564354467211,-0.48675756120070396,True,0,0,3,True,-0.6745821941353539,250.0,230.0,1.0,0.0,0.0,0.0,0.0
2025-01-20 16:55:00+00:00,2025-01-20,2025-01-20:1,True,0,25,True,-0.2660098522167488,0.13219837977272778,-0.6992296750416598,True,0,0,3,True,-0.923475678264066,245.0,235.0,1.0,0.0,0.0,0.0,0.0
2025-01-20 17:00:00+00:00,2025-01-20,2025-01-20:1,True,0,30,True,-0.2991913746630728,0.2991913746630728,0.0,True,0,0,3,True,-0.4191814556928512,240.0,240.0,1.0,0.0,0.0,0.0,0.0
2025-01-20 17:05:00+00:00,2025-01-20,2025-01-20:1,True,0,35,True,-0.26119402985074625,0.26119402985074625,2.069149317581659,True,0,0,3,True,0.0,235.0,245.0,1.0,0.0,0.0,0.0,0.0
2025-01-20 17:10:00+00:00,2025-01-20,2025-01-20:1,True,0,40,True,-0.14705882352941177,0.030320040332701716,-1.5790237757925645,True,0,0,3,True,-0.5044006429653849,230.0,250.0,1.0,0.0,0.0,0.0,0.0
2025-01-20 17:15:00+00:00,2025-01-20,2025-01-20:1,True,0,45,True,-0.03768115942028986,0.027001534813817046,-0.3332665100674114,True,0,0,3,True,0.24840219037781266,225.0,255.0,1.0,0.0,0.0,0.0,0.0
2025-01-20 17:20:00+00:00,2025-01-20,2025-01-20:1,True,0,50,True,0.14641744548286603,0.04463964325735037,1.1878394310678675,True,0,0,3,True,0.13124588598551037,220.0,260.0,1.0,0.0,0.0,0.0,0.0
2025-01-20 17:25:00+00:00,2025-01-20,2025-01-20:1,True,0,55,True,0.19375,0.19375,-0.8520100815769648,True,0,0,3,True,1.3180565649479925,215.0,265.0,1.0,0.0,0.0,0.0,0.0
2025-01-20 17:30:00+00:00,2025-01-20,2025-01-20:1,True,0,60,True,-0.014084507042253521,0.014084507042253521,0.4255961412786793,True,0,0,3,True,0.38317009306819283,210.0,270.0,1.0,0.0,0.0,0.0,0.0
2025-01-20 17:35:00+00:00,2025-01-20,2025-01-20:1,True,0,65,True,-0.0547945205479452,0.0547945205479452,0.5492888674649508,True,0,0,3,True,0.7369483481604637,205.0,275.0,1.0,0.0,0.0,0.0,0.0
2025-01-20 17:40:00+00:00,2025-01-20,2025-01-20:1,True,0,70,True,0.37815126050420167,0.2407832588187649,0.4513970878009963,True,0,0,3,True,-0.11010900955945915,200.0,280.0,1.0,0.0,0.0,0.0,0.0
2025-01-20 17:45:00+00:00,2025-01-20,2025-01-20:1,True,0,75,True,0.1501597444089457,0.1501597444089457,-0.2296142485897419,True,0,0,3,True,-0.11529724581405175,195.0,285.0,1.0,0.0,0.0,0.0,0.0
2025-01-20 17:50:00+00:00,2025-01-20,2025-01-20:1,True,0,80,True,0.36182336182336183,0.28555033076991565,0.2367378385038993,True,0,0,3,True,0.8222885120727743,190.0,290.0,1.0,0.0,0.0,0.0,0.0
2025-01-20 17:55:00+00:00,2025-01-20,2025-01-20:1,True,0,85,True,-0.1488095238095238,0.08998610477357143,-0.5030118574411555,True,0,0,3,True,-1.2585874338942475,185.0,295.0,1.0,0.0,0.0,0.0,0.0
2025-01-20 18:00:00+00:00,2025-01-20,2025-01-20:1,True,0,90,True,-0.11904761904761904,0.06387340292952577,-0.6226205279818442,True,0,0,3,True,-0.8353330948531614,180.0,300.0,1.0,0.0,0.0,0.0,0.0
2025-01-20 18:05:00+00:00,2025-01-20,2025-01-20:1,True,0,95,True,0.6571428571428571,0.2548842442671492,0.9470919353776341,True,0,0,3,True,-0.26558003282362047,175.0,305.0,1.0,0.0,0.0,0.0,0.0
2025-01-20 18:10:00+00:00,2025-01-20,2025-01-20:1,True,0,100,True,0.7714285714285715,0.7714285714285715,-0.23306538170644467,True,0,0,3,True,0.0,170.0,310.0,1.0,0.0,0.0,0.0,0.0
2025-01-20 18:15:00+00:00,2025-01-20,2025-01-20:1,True,0,105,True,0.7995910020449898,0.4315547738107013,0.6167059088774856,True,0,0,3,True,-0.5515985337497123,165.0,315.0,1.0,0.0,0.0,0.0,0.0
2025-01-20 18:20:00+00:00,2025-01-20,2025-01-20:1,True,0,110,True,0.7842105263157895,0.7842105263157895,-0.3778797636972244,True,0,0,3,True,-0.2816549463161837,160.0,320.0,1.0,0.0,0.0,0.0,0.0
2025-01-20 18:25:00+00:00,2025-01-20,2025-01-20:1,True,0,115,True,0.739413680781759,0.6482367237502463,0.131601604805745,True,0,0,3,True,-0.4556527367012082,155.0,325.0,1.0,0.0,0.0,0.0,0.0
2025-01-20 18:30:00+00:00,2025-01-20,2025-01-20:1,True,0,120,True,0.7683215130023641,0.7683215130023641,-0.13875044461935498,True,0,0,3,True,0.0,150.0,330.0,1.0,0.0,0.0,0.0,0.0
2025-01-20 18:35:00+00:00,2025-01-20,2025-01-20:1,True,0,125,True,0.5918367346938775,0.5918367346938775,0.0,True,0,0,3,True,-0.6135434453532398,145.0,335.0,1.0,0.0,0.0,0.0,0.0
2025-01-20 18:40:00+00:00,2025-01-20,2025-01-20:1,True,0,130,True,0.7112860892388452,0.7112860892388452,-0.27979268245853184,True,0,0,3,True,0.029894738706225107,140.0,340.0,1.0,0.0,0.0,0.0,0.0
2025-01-20 18:45:00+00:00,2025-01-20,2025-01-20:1,True,0,135,True,0.7950138504155124,0.7950138504155124,0.0,True,0,0,3,True,-0.2697516209294295,135.0,345.0,1.0,0.0,0.0,0.0,0.0
2025-01-20 18:50:00+00:00,2025-01-20,2025-01-20:1,True,1,5,True,0.7071823204419889,0.05227306276518333,2.604807325540994,True,0,0,3,True,1.4856354178358822,130.0,350.0,0.0,1.0,0.0,0.0,0.0
2025-01-20 18:55:00+00:00,2025-01-20,2025-01-20:1,True,1,10,True,0.7288135593220338,0.39179218070220223,0.620686402829282,True,0,0,3,True,0.7137522308422461,125.0,355.0,0.0,1.0,0.0,0.0,0.0
2025-01-20 19:00:00+00:00,2025-01-20,2025-01-20:1,True,2,5,True,0.5977653631284916,0.5977653631284916,-0.11644896239792678,True,0,0,3,True,0.33257918732158726,120.0,360.0,0.0,0.0,1.0,0.0,0.0
2025-01-20 19:05:00+00:00,2025-01-20,2025-01-20:1,True,1,5,True,0.6809116809116809,0.3971091479026562,0.5392214328026719,True,0,0,3,True,0.6028678893366614,115.0,365.0,0.0,1.0,0.0,0.0,0.0
2025-01-20 19:10:00+00:00,2025-01-20,2025-01-20:1,True,1,10,True,0.8376811594202899,0.46649123538019877,0.5853983179904675,True,0,0,3,True,0.0,110.0,370.0,0.0,1.0,0.0,0.0,0.0
2025-01-20 19:15:00+00:00,2025-01-20,2025-01-20:1,True,1,15,True,0.770573566084788,0.18252206543934263,1.440264056342425,True,0,0,3,True,0.22627437658926172,105.0,375.0,0.0,1.0,0.0,0.0,0.0
2025-01-20 19:20:00+00:00,2025-01-20,2025-01-20:1,True,1,20,True,0.6201780415430267,0.19074922085354376,1.179047015085577,True,0,0,3,True,0.23930307115212815,100.0,380.0,0.0,1.0,0.0,0.0,0.0
2025-01-20 19:25:00+00:00,2025-01-20,2025-01-20:1,True,1,25,True,0.4827586206896552,0.200407904415981,0.8791619669845564,True,0,0,3,True,0.25505429405939173,95.0,385.0,0.0,1.0,0.0,0.0,0.0
2025-01-20 19:30:00+00:00,2025-01-20,2025-01-20:1,True,2,5,True,0.37748344370860926,0.37748344370860926,0.0,True,0,0,3,True,0.0,90.0,390.0,0.0,0.0,1.0,0.0,0.0
2025-01-20 19:35:00+00:00,2025-01-20,2025-01-20:1,True,2,10,True,0.6163069544364509,0.6163069544364509,-0.2966563197239397,True,0,0,3,True,0.0,85.0,395.0,0.0,0.0,1.0,0.0,0.0
2025-01-20 19:40:00+00:00,2025-01-20,2025-01-20:1,True,1,5,True,0.4076086956521739,0.16376150335819817,0.9118965133457682,True,0,0,3,True,0.0,80.0,400.0,0.0,1.0,0.0,0.0,0.0
2025-01-20 19:45:00+00:00,2025-01-20,2025-01-20:1,True,1,10,True,0.34256055363321797,0.17946159830766276,0.6464871929684108,True,0,0,3,True,0.7227946550301954,75.0,405.0,0.0,1.0,0.0,0.0,0.0
2025-01-20 19:50:00+00:00,2025-01-20,2025-01-20:1,True,1,15,True,0.5718475073313783,0.24699636828842964,0.8394987270281943,True,0,0,3,True,0.31178797660860613,70.0,410.0,0.0,1.0,0.0,0.0,0.0
2025-01-20 19:55:00+00:00,2025-01-20,2025-01-20:1,True,1,20,True,0.6580310880829016,0.3260617573229601,0.7021653734695762,True,0,0,3,True,0.0,65.0,415.0,0.0,1.0,0.0,0.0,0.0
2025-01-20 20:00:00+00:00,2025-01-20,2025-01-20:1,True,1,25,True,0.60932944606414,0.24749397611786242,0.9009728409861871,True,0,0,3,True,-0.21068611283995178,60.0,420.0,0.0,1.0,0.0,0.0,0.0
2025-01-20 20:05:00+00:00,2025-01-20,2025-01-20:1,True,1,30,True,0.6539589442815249,0.21120142979867793,1.1302322514694443,True,0,0,3,True,2.021820915718651,55.0,425.0,0.0,1.0,0.0,0.0,0.0
2025-01-20 20:10:00+00:00,2025-01-20,2025-01-20:1,True,1,35,True,0.6492146596858639,0.2723422217486094,0.868703972881469,True,0,0,3,True,-0.6058698262608644,50.0,430.0,0.0,1.0,0.0,0.0,0.0
2025-01-20 20:15:00+00:00,2025-01-20,2025-01-20:1,True,1,40,True,0.5608308605341247,0.15214615801935624,1.3045777389346862,True,0,0,3,True,0.8574348208181604,45.0,435.0,0.0,1.0,0.0,0.0,0.0
2025-01-20 20:20:00+00:00,2025-01-20,2025-01-20:1,True,1,45,True,0.4065934065934066,0.09862775481984373,1.4164609740664615,True,0,0,3,True,-0.3880438305067394,40.0,440.0,0.0,1.0,0.0,0.0,0.0
2025-01-20 20:25:00+00:00,2025-01-20,2025-01-20:1,True,2,5,True,0.46706586826347307,0.46706586826347307,-1.3697284284734608,True,0,0,3,True,-1.683183405507673,35.0,445.0,0.0,0.0,1.0,0.0,0.0
2025-01-20 20:30:00+00:00,2025-01-20,2025-01-20:1,True,1,5,True,0.30097087378640774,0.20559581403314023,0.3811013216248913,True,0,0,3,True,-0.7764278197126271,30.0,450.0,0.0,1.0,0.0,0.0,0.0
2025-01-20 20:35:00+00:00,2025-01-20,2025-01-20:1,True,2,5,True,0.5343283582089552,0.4438680746526539,0.18548316387790537,True,0,0,3,True,0.0,25.0,455.0,0.0,0.0,1.0,0.0,0.0
2025-01-20 20:40:00+00:00,2025-01-20,2025-01-20:1,True,0,5,True,0.4358974358974359,0.4358974358974359,-0.38718555864243615,True,0,0,3,True,0.0,20.0,460.0,1.0,0.0,0.0,0.0,0.0
2025-01-20 20:45:00+00:00,2025-01-20,2025-01-20:1,True,0,10,True,0.09523809523809523,0.04388974807584947,0.7746992580336122,True,0,0,3,True,-1.4779331403350493,15.0,465.0,1.0,0.0,0.0,0.0,0.0
2025-01-20 20:50:00+00:00,2025-01-20,2025-01-20:1,True,0,15,True,0.3310810810810811,0.3310810810810811,-0.7465725660240533,True,0,0,3,True,0.0,10.0,470.0,1.0,0.0,0.0,0.0,0.0
2025-01-20 20:55:00+00:00,2025-01-20,2025-01-20:1,True,0,20,True,0.5669515669515669,0.215931986840408,0.9653103978792246,True,0,0,3,True,0.0,5.0,475.0,1.0,0.0,0.0,0.0,0.0
2025-01-20 21:00:00+00:00,2025-01-20,2025-01-20:1,True,0,25,True,0.5594202898550724,0.5594202898550724,-0.18898223650439092,True,0,0,3,True,-0.8451542547275207,0.0,480.0,1.0,0.0,0.0,0.0,0.0
2025-01-21 13:00:00+00:00,2025-01-21,2025-01-21:1,False,-1,0,False,,,,False,0,0,0,False,,480.0,0.0,,,,,
2025-01-21 13:05:00+00:00,2025-01-21,2025-01-21:1,False,-1,0,True,-0.34507042253521125,,,False,0,0,0,False,,475.0,5.0,,,,,
2025-01-21 13:10:00+00:00,2025-01-21,2025-01-21:1,False,-1,0,True,0.14878892733564014,,,False,0,0,0,False,,470.0,10.0,,,,,
2025-01-21 13:15:00+00:00,2025-01-21,2025-01-21:1,False,-1,0,True,-0.07479224376731301,,,False,0,0,0,False,,465.0,15.0,,,,,
2025-01-21 13:20:00+00:00,2025-01-21,2025-01-21:1,False,-1,0,True,-0.08045977011494253,,,False,0,0,0,False,,460.0,20.0,,,,,
2025-01-21 13:25:00+00:00,2025-01-21,2025-01-21:1,False,-1,0,True,-0.38461538461538464,,,False,0,0,0,False,,455.0,25.0,,,,,
2025-01-21 13:30:00+00:00,2025-01-21,2025-01-21:1,False,-1,0,True,-0.5753086419753086,,,False,0,0,0,False,,450.0,30.0,,,,,
2025-01-21 13:35:00+00:00,2025-01-21,2025-01-21:1,False,-1,0,True,-0.9159159159159159,,,False,0,0,0,False,,445.0,35.0,,,,,
2025-01-21 13:40:00+00:00,2025-01-21,2025-01-21:1,False,-1,0,True,-0.838074398249453,,,False,0,0,0,False,,440.0,40.0,,,,,
2025-01-21 13:45:00+00:00,2025-01-21,2025-01-21:1,False,-1,0,True,-0.7680412371134021,,,False,0,0,0,False,,435.0,45.0,,,,,
2025-01-21 13:50:00+00:00,2025-01-21,2025-01-21:1,False,-1,0,True,-0.8151658767772512,,,False,0,0,0,False,,430.0,50.0,,,,,
2025-01-21 13:55:00+00:00,2025-01-21,2025-01-21:1,False,-1,0,True,-0.8314606741573034,,,False,0,0,0,False,,425.0,55.0,,,,,
2025-01-21 14:00:00+00:00,2025-01-21,2025-01-21:1,False,-1,0,True,-0.7348703170028819,,,False,0,0,0,False,,420.0,60.0,,,,,
2025-01-21 14:05:00+00:00,2025-01-21,2025-01-21:1,True,3,5,True,-0.8203883495145631,0.3745666370308589,-0.784008101990134,True,0,0,0,False,,415.0,65.0,0.0,0.0,0.0,1.0,0.0
2025-01-21 14:10:00+00:00,2025-01-21,2025-01-21:1,True,3,10,True,-0.6259351620947631,0.4743625943002099,-0.2772747946722301,True,0,0,0,False,,410.0,70.0,0.0,0.0,0.0,1.0,0.0
2025-01-21 14:15:00+00:00,2025-01-21,2025-01-21:1,True,3,15,True,-0.78125,0.5934746661438449,-0.2749006734320003,True,0,0,0,False,,405.0,75.0,0.0,0.0,0.0,1.0,0.0
2025-01-21 14:20:00+00:00,2025-01-21,2025-01-21:1,True,3,20,True,-0.7753424657534247,0.22573449230824774,-1.2339453271994765,True,0,0,0,False,,400.0,80.0,0.0,0.0,0.0,1.0,0.0
2025-01-21 14:25:00+00:00,2025-01-21,2025-01-21:1,True,4,5,True,-0.7289972899728997,0.7289972899728997,0.0,True,0,0,0,False,,395.0,85.0,0.0,0.0,0.0,0.0,1.0
2025-01-21 14:30:00+00:00,2025-01-21,2025-01-21:1,True,3,5,True,-0.7833333333333333,0.26139127892971664,-1.0975398807679873,True,0,0,0,False,,390.0,90.0,0.0,0.0,0.0,1.0,0.0
2025-01-21 14:35:00+00:00,2025-01-21,2025-01-21:1,True,3,10,True,-0.8574423480083857,0.646641408572148,-0.2821620404192018,True,0,0,0,False,,385.0,95.0,0.0,0.0,0.0,1.0,0.0
2025-01-21 14:40:00+00:00,2025-01-21,2025-01-21:1,True,3,15,True,-0.7884615384615384,0.5842661172603524,-0.2997270678271727,True,0,0,0,False,,380.0,100.0,0.0,0.0,0.0,1.0,0.0
2025-01-21 14:45:00+00:00,2025-01-21,2025-01-21:1,True,3,20,True,-0.7777777777777778,0.5503679886041664,-0.3458537260129927,True,0,0,0,False,,375.0,105.0,0.0,0.0,0.0,1.0,0.0
2025-01-21 14:50:00+00:00,2025-01-21,2025-01-21:1,True,3,25,True,-0.6675324675324675,0.27121469518877117,-0.9006772891920258,True,0,0,0,False,,370.0,110.0,0.0,0.0,0.0,1.0,0.0
2025-01-21 14:55:00+00:00,2025-01-21,2025-01-21:1,True,3,30,True,-0.5688311688311688,0.33059587262757095,-0.5426869736919676,True,0,0,0,False,,365.0,115.0,0.0,0.0,0.0,1.0,0.0
2025-01-21 15:00:00+00:00,2025-01-21,2025-01-21:1,True,4,5,True,-0.754874651810585,0.754874651810585,0.0,True,0,0,0,False,,360.0,120.0,0.0,0.0,0.0,0.0,1.0
2025-01-21 15:05:00+00:00,2025-01-21,2025-01-21:1,True,3,5,True,-0.648578811369509,0.27448179377348736,-0.859898591385205,True,0,0,0,True,0.0,355.0,125.0,0.0,0.0,0.0,1.0,0.0
2025-01-21 15:10:00+00:00,2025-01-21,2025-01-21:1,True,4,5,True,-0.46285714285714286,0.46285714285714286,0.5862502199470383,True,1,0,0,True,1.3108953436257809,350.0,130.0,0.0,0.0,0.0,0.0,1.0
2025-01-21 15:15:00+00:00,2025-01-21,2025-01-21:1,True,3,5,True,-0.5211267605633803,0.15064931780442084,-1.2410385773666766,True,0,1,1,True,0.8991965229201978,345.0,135.0,0.0,0.0,0.0,1.0,0.0
2025-01-21 15:20:00+00:00,2025-01-21,2025-01-21:1,True,3,10,True,-0.596244131455399,0.30489635046091046,-0.6706783154351311,True,0,0,1,True,-1.4996823043479997,340.0,140.0,0.0,0.0,0.0,1.0,0.0
2025-01-21 15:25:00+00:00,2025-01-21,2025-01-21:1,True,4,5,True,-0.6237113402061856,0.6237113402061856,0.0,True,0,0,1,True,-0.5136747006685891,335.0,145.0,0.0,0.0,0.0,0.0,1.0
2025-01-21 15:30:00+00:00,2025-01-21,2025-01-21:1,True,3,5,True,-0.7054945054945055,0.24769314041370527,-1.0467083401712507,True,0,0,1,True,0.7801703337448186,330.0,150.0,0.0,0.0,0.0,1.0,0.0
2025-01-21 15:35:00+00:00,2025-01-21,2025-01-21:1,True,3,10,True,-0.5069444444444444,0.12727966275242183,-1.3820146861794977,True,0,0,1,True,0.0,325.0,155.0,0.0,0.0,0.0,1.0,0.0
2025-01-21 15:40:00+00:00,2025-01-21,2025-01-21:1,True,3,15,True,-0.5477707006369427,0.07743439123043293,-1.9564257568349614,True,0,0,1,True,0.0,320.0,160.0,0.0,0.0,0.0,1.0,0.0
2025-01-21 15:45:00+00:00,2025-01-21,2025-01-21:1,True,4,5,True,-0.2542372881355932,0.18506215558500103,-0.3175762913925053,True,0,0,1,True,-1.4202443511918463,315.0,165.0,0.0,0.0,0.0,0.0,1.0
2025-01-21 15:50:00+00:00,2025-01-21,2025-01-21:1,True,4,10,True,-0.49222797927461137,0.35809513472851584,-0.3181432911144416,True,0,0,1,True,-1.308934456999966,310.0,170.0,0.0,0.0,0.0,0.0,1.0
2025-01-21 15:55:00+00:00,2025-01-21,2025-01-21:1,True,3,5,True,-0.6702127659574468,0.21070108770742516,-1.1571547399555178,True,0,0,1,True,1.1460564961750879,305.0,175.0,0.0,0.0,0.0,1.0,0.0
2025-01-21 16:00:00+00:00,2025-01-21,2025-01-21:1,True,3,10,True,-0.25316455696202533,0.026486066669496627,-2.2574208914076204,True,0,0,1,True,-0.45888605154639944,300.0,180.0,0.0,0.0,0.0,1.0,0.0
2025-01-21 16:05:00+00:00,2025-01-21,2025-01-21:1,True,4,5,True,-0.4430379746835443,0.4430379746835443,0.19933105480333074,True,1,0,1,True,-0.27368473825953815,295.0,185.0,0.0,0.0,0.0,0.0,1.0
2025-01-21 16:10:00+00:00,2025-01-21,2025-01-21:1,True,4,10,True,-0.532258064516129,0.532258064516129,0.4005548245495813,True,1,0,1,True,2.1230088371884213,290.0,190.0,0.0,0.0,0.0,0.0,1.0
2025-01-21 16:15:00+00:00,2025-01-21,2025-01-21:1,True,4,15,True,-0.06761565836298933,0.06761565836298933,0.0,True,1,0,1,True,-1.819025696767307,285.0,195.0,0.0,0.0,0.0,0.0,1.0
2025-01-21 16:20:00+00:00,2025-01-21,2025-01-21:1,True,0,5,True,-0.25252525252525254,0.25252525252525254,0.29762438723142454,True,1,0,1,True,1.0385526243315064,280.0,200.0,1.0,0.0,0.0,0.0,0.0
2025-01-21 16:25:00+00:00,2025-01-21,2025-01-21:1,True,3,5,True,0.15570934256055363,0.15570934256055363,-1.1904975489265441,True,0,1,2,True,0.38752797570996245,275.0,205.0,0.0,0.0,0.0,1.0,0.0
2025-01-21 16:30:00+00:00,2025-01-21,2025-01-21:1,True,0,5,True,0.16602316602316602,0.09520748291285168,0.5560687922420664,True,0,0,2,True,0.0,270.0,210.0,1.0,0.0,0.0,0.0,0.0
2025-01-21 16:35:00+00:00,2025-01-21,2025-01-21:1,True,0,10,True,0.49185667752442996,0.1432632847350304,1.233503278799533,True,0,0,2,True,0.7614634900930356,265.0,215.0,1.0,0.0,0.0,0.0,0.0
2025-01-21 16:40:00+00:00,2025-01-21,2025-01-21:1,True,0,15,True,0.43884892086330934,0.43884892086330934,-0.8200758141854074,True,0,0,2,True,-1.6898056616561552,260.0,220.0,1.0,0.0,0.0,0.0,0.0
2025-01-21 16:45:00+00:00,2025-01-21,2025-01-21:1,True,0,20,True,0.37244897959183676,0.37244897959183676,-0.538227678933601,True,0,0,2,True,-0.15724481102652793,255.0,225.0,1.0,0.0,0.0,0.0,0.0
2025-01-21 16:50:00+00:00,2025-01-21,2025-01-21:1,True,0,25,True,0.4876543209876543,0.13348218562467148,1.2956387682942112,True,0,0,2,True,0.4380583276737832,250.0,230.0,1.0,0.0,0.0,0.0,0.0
2025-01-21 16:55:00+00:00,2025-01-21,2025-01-21:1,True,0,30,True,0.41284403669724773,0.41284403669724773,-0.6517016625641042,True,0,0,2,True,1.0312482056336087,245.0,235.0,1.0,0.0,0.0,0.0,0.0
2025-01-21 17:00:00+00:00,2025-01-21,2025-01-21:1,True,0,35,True,0.5028901734104047,0.280712832224283,0.5830396057312801,True,0,0,2,True,0.17385406570044415,240.0,240.0,1.0,0.0,0.0,0.0,0.0
2025-01-21 17:05:00+00:00,2025-01-21,2025-01-21:1,True,0,40,True,0.553623188405797,0.26957808962344676,0.7196261842045408,True,0,0,2,True,0.6436532265091532,235.0,245.0,1.0,0.0,0.0,0.0,0.0
2025-01-21 17:10:00+00:00,2025-01-21,2025-01-21:1,True,1,5,True,0.37846153846153846,0.04942760176429668,2.0356054437001587,True,0,0,2,True,1.363705124032305,230.0,250.0,0.0,1.0,0.0,0.0,0.0
2025-01-21 17:15:00+00:00,2025-01-21,2025-01-21:1,True,2,5,True,0.0851063829787234,0.0851063829787234,-0.8235490894381257,True,0,0,2,True,0.4716872186254249,225.0,255.0,0.0,0.0,1.0,0.0,0.0
2025-01-21 17:20:00+00:00,2025-01-21,2025-01-21:1,True,0,5,True,0.3508771929824561,0.3508771929824561,-2.120197654757632,True,0,0,2,True,1.5728642549609029,220.0,260.0,1.0,0.0,0.0,0.0,0.0
2025-01-21 17:25:00+00:00,2025-01-21,2025-01-21:1,True,0,10,True,0.7275064267352185,0.7275064267352185,-1.0028368851321454,True,0,0,2,True,0.560602861374508,215.0,265.0,1.0,0.0,0.0,0.0,0.0
2025-01-21 17:30:00+00:00,2025-01-21,2025-01-21:1,True,0,15,True,0.5697674418604651,0.19861807874569837,1.0538445024261411,True,0,0,2,True,0.3721185750221673,210.0,270.0,1.0,0.0,0.0,0.0,0.0
2025-01-21 17:35:00+00:00,2025-01-21,2025-01-21:1,True,0,20,True,0.607940446650124,0.04799449919222447,2.5389905234013805,True,0,0,2,True,1.3554114863341773,205.0,275.0,1.0,0.0,0.0,0.0,0.0
2025-01-21 17:40:00+00:00,2025-01-21,2025-01-21:1,True,0,25,True,0.746031746031746,0.36420269275937445,0.7170575934063321,True,0,0,2,True,0.0861983375834388,200.0,280.0,1.0,0.0,0.0,0.0,0.0
2025-01-21 17:45:00+00:00,2025-01-21,2025-01-21:1,True,0,30,True,0.7073170731707317,0.4357839723796078,0.48433239789771915,True,0,0,2,True,1.8849013864366428,195.0,285.0,1.0,0.0,0.0,0.0,0.0
2025-01-21 17:50:00+00:00,2025-01-21,2025-01-21:1,True,2,5,True,0.5967302452316077,0.5967302452316077,-0.24244751310857837,True,0,0,2,True,-0.7566163261135898,190.0,290.0,0.0,0.0,1.0,0.0,0.0
2025-01-21 17:55:00+00:00,2025-01-21,2025-01-21:1,True,1,5,True,0.6568047337278107,0.1475937090101817,1.4929234759956016,True,0,0,2,True,-0.2567906444252709,185.0,295.0,0.0,1.0,0.0,0.0,0.0
2025-01-21 18:00:00+00:00,2025-01-21,2025-01-21:1,True,2,5,True,0.7479338842975206,0.5350132929330487,0.3350229909001123,True,0,0,2,True,-0.1451634957052761,180.0,300.0,0.0,0.0,1.0,0.0,0.0
2025-01-21 18:05:00+00:00,2025-01-21,2025-01-21:1,True,2,10,True,0.43537414965986393,0.43537414965986393,0.0,True,0,0,2,True,0.10844816063557322,175.0,305.0,0.0,0.0,1.0,0.0,0.0
2025-01-21 18:10:00+00:00,2025-01-21,2025-01-21:1,True,2,15,True,0.391304347826087,0.391304347826087,-0.11628870839302924,True,0,0,2,True,0.11095475189753154,170.0,310.0,0.0,0.0,1.0,0.0,0.0
2025-01-21 18:15:00+00:00,2025-01-21,2025-01-21:1,True,1,5,True,0.3225806451612903,0.19981387274851256,0.47896687051121617,True,0,0,2,True,0.0,165.0,315.0,0.0,1.0,0.0,0.0,0.0
2025-01-21 18:20:00+00:00,2025-01-21,2025-01-21:1,True,1,10,True,0.36649214659685864,0.2769636215333655,0.28009092562655075,True,0,0,2,True,0.0,160.0,320.0,0.0,1.0,0.0,0.0,0.0
2025-01-21 18:25:00+00:00,2025-01-21,2025-01-21:1,True,1,15,True,0.60381861575179,0.178006484168062,1.221453870248454,True,0,0,2,True,-0.5202550499929243,155.0,325.0,0.0,1.0,0.0,0.0,0.0
2025-01-21 18:30:00+00:00,2025-01-21,2025-01-21:1,True,1,20,True,0.5376884422110553,0.2167396208889375,0.9085825593775764,True,0,0,2,True,1.3544349106259999,150.0,330.0,0.0,1.0,0.0,0.0,0.0
2025-01-21 18:35:00+00:00,2025-01-21,2025-01-21:1,True,2,5,True,0.6190476190476191,0.6190476190476191,0.0,True,0,0,2,True,0.15763945490122988,145.0,335.0,0.0,0.0,1.0,0.0,0.0
2025-01-21 18:40:00+00:00,2025-01-21,2025-01-21:1,True,2,10,True,0.4550898203592814,0.4550898203592814,-0.3327919162250732,True,0,0,2,True,0.5753985726134451,140.0,340.0,0.0,0.0,1.0,0.0,0.0
2025-01-21 18:45:00+00:00,2025-01-21,2025-01-21:1,True,1,5,True,0.6859504132231405,0.25319072932769743,0.996662265611914,True,0,0,2,True,0.0,135.0,345.0,0.0,1.0,0.0,0.0,0.0
2025-01-21 18:50:00+00:00,2025-01-21,2025-01-21:1,True,2,5,True,0.577023498694517,0.577023498694517,0.0,True,0,0,2,True,-0.9353300193166207,130.0,350.0,0.0,0.0,1.0,0.0,0.0
2025-01-21 18:55:00+00:00,2025-01-21,2025-01-21:1,True,1,5,True,0.4646153846153846,0.3105853185940319,0.4027512917577552,True,0,0,2,True,-0.21004507025077787,125.0,355.0,0.0,1.0,0.0,0.0,0.0
2025-01-21 19:00:00+00:00,2025-01-21,2025-01-21:1,True,1,10,True,0.5818181818181818,0.24181991811248912,0.877964687433367,True,0,0,2,True,0.2044759361239782,120.0,360.0,0.0,1.0,0.0,0.0,0.0
2025-01-21 19:05:00+00:00,2025-01-21,2025-01-21:1,True,1,15,True,0.4382716049382716,0.11332002879993251,1.3526228916818337,True,0,0,2,True,0.7799562361646231,115.0,365.0,0.0,1.0,0.0,0.0,0.0
2025-01-21 19:10:00+00:00,2025-01-21,2025-01-21:1,True,1,20,True,0.4303030303030303,0.27058756541986134,0.4638939193272175,True,0,0,2,True,0.8222231547529688,110.0,370.0,0.0,1.0,0.0,0.0,0.0
2025-01-21 19:15:00+00:00,2025-01-21,2025-01-21:1,True,0,5,True,0.12578616352201258,0.12578616352201258,-1.3444923110487743,True,0,0,2,True,-1.7611446996405815,105.0,375.0,1.0,0.0,0.0,0.0,0.0
2025-01-21 19:20:00+00:00,2025-01-21,2025-01-21:1,True,0,10,True,0.3467048710601719,0.3467048710601719,-0.4449568261988338,True,0,0,2,True,-0.6556739231504582,100.0,380.0,1.0,0.0,0.0,0.0,0.0
2025-01-21 19:25:00+00:00,2025-01-21,2025-01-21:1,True,0,15,True,0.2012779552715655,0.2012779552715655,0.0,True,0,0,2,True,0.3438705225384985,95.0,385.0,1.0,0.0,0.0,0.0,0.0
2025-01-21 19:30:00+00:00,2025-01-21,2025-01-21:1,True,3,5,True,0.03208556149732621,0.03208556149732621,-2.398542301255619,True,0,0,2,True,-2.5798414491170782,90.0,390.0,0.0,0.0,0.0,1.0,0.0
2025-01-21 19:35:00+00:00,2025-01-21,2025-01-21:1,True,3,10,True,0.102803738317757,0.102803738317757,-0.8027485635431469,True,0,0,2,True,-2.858633496775691,85.0,395.0,0.0,0.0,0.0,1.0,0.0
2025-01-21 19:40:00+00:00,2025-01-21,2025-01-21:1,True,3,15,True,0.3543859649122807,0.3543859649122807,-0.5548743837622875,True,0,0,2,True,0.016240654125719185,80.0,400.0,0.0,0.0,0.0,1.0,0.0
2025-01-21 19:45:00+00:00,2025-01-21,2025-01-21:1,True,4,5,True,0.024734982332155476,0.024734982332155476,0.0,True,0,0,2,True,0.010197462442460345,75.0,405.0,0.0,0.0,0.0,0.0,1.0
2025-01-21 19:50:00+00:00,2025-01-21,2025-01-21:1,True,4,10,True,0.22151898734177214,0.1524975508085764,0.3733597717977152,True,0,0,2,True,1.2209366033029654,70.0,410.0,0.0,0.0,0.0,0.0,1.0
2025-01-21 19:55:00+00:00,2025-01-21,2025-01-21:1,True,4,15,True,0.4276923076923077,0.26447117052956554,0.4806717805327474,True,0,0,2,True,0.3850484673287833,65.0,415.0,0.0,0.0,0.0,0.0,1.0
2025-01-21 20:00:00+00:00,2025-01-21,2025-01-21:1,True,0,5,True,0.37579617834394907,0.15789597599653912,0.8671104811084562,True,0,0,2,True,0.1105820368949284,60.0,420.0,1.0,0.0,0.0,0.0,0.0
2025-01-21 20:05:00+00:00,2025-01-21,2025-01-21:1,True,1,5,True,0.5939086294416244,0.12747618142132164,1.5387959502768214,True,0,0,2,True,0.38133641677128083,55.0,425.0,0.0,1.0,0.0,0.0,0.0
2025-01-21 20:10:00+00:00,2025-01-21,2025-01-21:1,True,1,10,True,0.40059347181008903,0.23358006206571952,0.5394222305027787,True,0,0,2,True,-0.5752808859000242,50.0,430.0,0.0,1.0,0.0,0.0,0.0
2025-01-21 20:15:00+00:00,2025-01-21,2025-01-21:1,True,1,15,True,0.5246636771300448,0.08663402119970415,1.8010648493984618,True,0,0,2,True,1.0480970878518614,45.0,435.0,0.0,1.0,0.0,0.0,0.0
2025-01-21 20:20:00+00:00,2025-01-21,2025-01-21:1,True,1,20,True,0.5833333333333334,0.21533261883239307,0.9965748812562845,True,0,0,2,True,1.983206325937119,40.0,440.0,0.0,1.0,0.0,0.0,0.0
2025-01-21 20:25:00+00:00,2025-01-21,2025-01-21:1,True,1,25,True,0.6710182767624021,0.2563078189514993,0.9624172347631457,True,0,0,2,True,0.2967686149021958,35.0,445.0,0.0,1.0,0.0,0.0,0.0
2025-01-21 20:30:00+00:00,2025-01-21,2025-01-21:1,True,2,5,True,0.44477611940298506,0.44477611940298506,-0.3683454790812086,True,0,0,2,True,-0.5135472156315644,30.0,450.0,0.0,0.0,1.0,0.0,0.0
2025-01-21 20:35:00+00:00,2025-01-21,2025-01-21:1,True,1,5,True,0.6914893617021277,0.42001818181713857,0.498549766226537,True,0,0,2,True,0.8605418310862262,25.0,455.0,0.0,1.0,0.0,0.0,0.0
2025-01-21 20:40:00+00:00,2025-01-21,2025-01-21:1,True,2,5,True,0.09198813056379822,0.09198813056379822,-0.5297145066649214,True,0,0,2,True,-0.5922388227852649,20.0,460.0,0.0,0.0,1.0,0.0,0.0
2025-01-21 20:45:00+00:00,2025-01-21,2025-01-21:1,True,1,5,True,0.19873817034700317,0.041925444592382066,1.5560953193738847,True,0,0,2,True,0.5799224855979339,15.0,465.0,0.0,1.0,0.0,0.0,0.0
2025-01-21 20:50:00+00:00,2025-01-21,2025-01-21:1,True,0,5,True,0.21666666666666667,0.21666666666666667,-0.786432228297711,True,0,0,2,True,-0.2648202029719689,10.0,470.0,1.0,0.0,0.0,0.0,0.0
2025-01-21 20:55:00+00:00,2025-01-21,2025-01-21:1,True,0,10,True,0.31230283911671924,0.31230283911671924,-0.7022534051791174,True,0,0,2,True,0.34265109275938677,5.0,475.0,1.0,0.0,0.0,0.0,0.0
2025-01-21 21:00:00+00:00,2025-01-21,2025-01-21:1,True,0,15,True,0.15789473684210525,0.15789473684210525,0.0,True,0,0,2,True,0.6537539929506802,0.0,480.0,1.0,0.0,0.0,0.0,0.0
2025-01-22 13:00:00+00:00,2025-01-22,2025-01-22:1,False,-1,0,False,,,,False,0,0,0,False,,480.0,0.0,,,,,
2025-01-22 13:05:00+00:00,2025-01-22,2025-01-22:1,False,-1,0,True,-0.20655737704918034,,,False,0,0,0,False,,475.0,5.0,,,,,
2025-01-22 13:10:00+00:00,2025-01-22,2025-01-22:1,False,-1,0,True,-0.5887323943661972,,,False,0,0,0,False,,470.0,10.0,,,,,
2025-01-22 13:15:00+00:00,2025-01-22,2025-01-22:1,False,-1,0,True,-0.407202216066482,,,False,0,0,0,False,,465.0,15.0,,,,,
2025-01-22 13:20:00+00:00,2025-01-22,2025-01-22:1,False,-1,0,True,-0.12987012987012986,,,False,0,0,0,False,,460.0,20.0,,,,,
2025-01-22 13:25:00+00:00,2025-01-22,2025-01-22:1,False,-1,0,True,-0.023668639053254437,,,False,0,0,0,False,,455.0,25.0,,,,,
2025-01-22 13:30:00+00:00,2025-01-22,2025-01-22:1,False,-1,0,True,0.2041343669250646,,,False,0,0,0,False,,450.0,30.0,,,,,
2025-01-22 13:35:00+00:00,2025-01-22,2025-01-22:1,False,-1,0,True,0.563953488372093,,,False,0,0,0,False,,445.0,35.0,,,,,
2025-01-22 13:40:00+00:00,2025-01-22,2025-01-22:1,False,-1,0,True,0.436950146627566,,,False,0,0,0,False,,440.0,40.0,,,,,
2025-01-22 13:45:00+00:00,2025-01-22,2025-01-22:1,False,-1,0,True,0.45098039215686275,,,False,0,0,0,False,,435.0,45.0,,,,,
2025-01-22 13:50:00+00:00,2025-01-22,2025-01-22:1,False,-1,0,True,0.02527075812274368,,,False,0,0,0,False,,430.0,50.0,,,,,
2025-01-22 13:55:00+00:00,2025-01-22,2025-01-22:1,False,-1,0,True,0.17088607594936708,,,False,0,0,0,False,,425.0,55.0,,,,,
2025-01-22 14:00:00+00:00,2025-01-22,2025-01-22:1,False,-1,0,True,0.12025316455696203,,,False,0,0,0,False,,420.0,60.0,,,,,
2025-01-22 14:05:00+00:00,2025-01-22,2025-01-22:1,True,1,5,True,0.5602094240837696,0.1808799668659133,1.1304770406104152,True,0,0,0,False,,415.0,65.0,0.0,1.0,0.0,0.0,0.0
2025-01-22 14:10:00+00:00,2025-01-22,2025-01-22:1,True,1,10,True,0.17684887459807075,0.0984004455590356,0.586250219948438,True,0,0,0,False,,410.0,70.0,0.0,1.0,0.0,0.0,0.0
2025-01-22 14:15:00+00:00,2025-01-22,2025-01-22:1,True,1,15,True,0.006666666666666667,0.002390973215242408,1.0254194987968202,True,0,0,0,False,,405.0,75.0,0.0,1.0,0.0,0.0,0.0
2025-01-22 14:20:00+00:00,2025-01-22,2025-01-22:1,True,1,20,True,0.29559748427672955,0.056180753340320064,1.6604244474817123,True,0,0,0,False,,400.0,80.0,0.0,1.0,0.0,0.0,0.0
2025-01-22 14:25:00+00:00,2025-01-22,2025-01-22:1,True,1,25,True,0.391304347826087,0.106030873098082,1.3057553330415472,True,0,0,0,False,,395.0,85.0,0.0,1.0,0.0,0.0,0.0
2025-01-22 14:30:00+00:00,2025-01-22,2025-01-22:1,True,1,30,True,0.49843260188087773,0.041969769620345036,2.474518790237792,True,0,0,0,False,,390.0,90.0,0.0,1.0,0.0,0.0,0.0
2025-01-22 14:35:00+00:00,2025-01-22,2025-01-22:1,True,1,35,True,0.5324675324675324,0.0889127927260216,1.7898658914853194,True,0,0,0,False,,385.0,95.0,0.0,1.0,0.0,0.0,0.0
2025-01-22 14:40:00+00:00,2025-01-22,2025-01-22:1,True,1,40,True,0.5824175824175825,0.24083383628158087,0.8830804663346863,True,0,0,0,False,,380.0,100.0,0.0,1.0,0.0,0.0,0.0
2025-01-22 14:45:00+00:00,2025-01-22,2025-01-22:1,True,2,5,True,0.2876712328767123,0.2876712328767123,-0.5666787838679188,True,0,0,0,False,,375.0,105.0,0.0,0.0,1.0,0.0,0.0
2025-01-22 14:50:00+00:00,2025-01-22,2025-01-22:1,True,1,5,True,0.43312101910828027,0.22931096356870065,0.6359381768806287,True,0,0,0,False,,370.0,110.0,0.0,1.0,0.0,0.0,0.0
2025-01-22 14:55:00+00:00,2025-01-22,2025-01-22:1,True,2,5,True,0.5922865013774105,0.5922865013774105,-1.2201577958319005,True,0,0,0,False,,365.0,115.0,0.0,0.0,1.0,0.0,0.0
2025-01-22 15:00:00+00:00,2025-01-22,2025-01-22:1,True,0,5,True,0.2875816993464052,0.2875816993464052,-1.1432746490137653,True,0,0,0,False,,360.0,120.0,1.0,0.0,0.0,0.0,0.0
2025-01-22 15:05:00+00:00,2025-01-22,2025-01-22:1,True,0,10,True,0.15567282321899736,0.15567282321899736,-0.17710924367983327,True,0,0,0,True,0.4182051840061939,355.0,125.0,1.0,0.0,0.0,0.0,0.0
2025-01-22 15:10:00+00:00,2025-01-22,2025-01-22:1,True,0,15,True,-0.007407407407407408,0.007407407407407408,0.710755252459099,True,0,0,0,True,0.8231044500440421,350.0,130.0,1.0,0.0,0.0,0.0,0.0
2025-01-22 15:15:00+00:00,2025-01-22,2025-01-22:1,True,0,20,True,0.036585365853658534,0.036585365853658534,-0.3488128296109397,True,0,0,0,True,-1.4863542564722967,345.0,135.0,1.0,0.0,0.0,0.0,0.0
2025-01-22 15:20:00+00:00,2025-01-22,2025-01-22:1,True,3,5,True,0.050666666666666665,0.050666666666666665,-1.2749676862175199,True,0,0,0,True,0.3247709676947371,340.0,140.0,0.0,0.0,0.0,1.0,0.0
2025-01-22 15:25:00+00:00,2025-01-22,2025-01-22:1,True,0,5,True,0.3129251700680272,0.22815396306459332,0.3159434110356143,True,0,0,0,True,1.09280884808058,335.0,145.0,1.0,0.0,0.0,0.0,0.0
2025-01-22 15:30:00+00:00,2025-01-22,2025-01-22:1,True,0,10,True,0.6108597285067874,0.6108597285067874,-0.760807865277718,True,0,0,0,True,-0.6780435195203548,330.0,150.0,1.0,0.0,0.0,0.0,0.0
2025-01-22 15:35:00+00:00,2025-01-22,2025-01-22:1,True,3,5,True,0.9468599033816425,0.9468599033816425,-2.7458498568432974,True,0,0,0,True,-0.9685039683487076,325.0,155.0,0.0,0.0,0.0,1.0,0.0
2025-01-22 15:40:00+00:00,2025-01-22,2025-01-22:1,True,4,5,True,0.931758530183727,0.24535792218006014,1.334355642014984,True,1,0,0,True,1.4846065765604608,320.0,160.0,0.0,0.0,0.0,0.0,1.0
2025-01-22 15:45:00+00:00,2025-01-22,2025-01-22:1,True,0,5,True,0.9298245614035088,0.42497204542579464,0.7829725334073114,True,0,0,0,True,0.9134304488345214,315.0,165.0,1.0,0.0,0.0,0.0,0.0
2025-01-22 15:50:00+00:00,2025-01-22,2025-01-22:1,True,0,10,True,0.9638242894056848,0.20894605256364088,1.5288329086555683,True,0,0,0,True,0.0,310.0,170.0,1.0,0.0,0.0,0.0,0.0
2025-01-22 15:55:00+00:00,2025-01-22,2025-01-22:1,True,0,15,True,0.9536082474226805,0.5784787688515576,0.4998510993799057,True,0,0,0,True,0.8647873851292126,305.0,175.0,1.0,0.0,0.0,0.0,0.0
2025-01-22 16:00:00+00:00,2025-01-22,2025-01-22:1,True,0,20,True,0.8734693877551021,0.8734693877551021,-0.7578427901520274,True,0,0,0,True,0.0,300.0,180.0,1.0,0.0,0.0,0.0,0.0
2025-01-22 16:05:00+00:00,2025-01-22,2025-01-22:1,True,2,5,True,0.845679012345679,0.845679012345679,0.0,True,0,0,0,True,-0.08741278400561242,295.0,185.0,0.0,0.0,1.0,0.0,0.0
2025-01-22 16:10:00+00:00,2025-01-22,2025-01-22:1,True,1,5,True,0.8987341772151899,0.5368000917568182,0.5153615469660037,True,0,0,0,True,0.25000766282675946,290.0,190.0,0.0,1.0,0.0,0.0,0.0
2025-01-22 16:15:00+00:00,2025-01-22,2025-01-22:1,True,1,10,True,0.8549222797927462,0.27474514890490453,1.1351666272470493,True,0,0,0,True,-0.5640688320709285,285.0,195.0,0.0,1.0,0.0,0.0,0.0
2025-01-22 16:20:00+00:00,2025-01-22,2025-01-22:1,True,0,5,True,0.8961748633879781,0.6865755657956004,0.2664192608224515,True,0,0,0,True,0.30860920981502293,280.0,200.0,1.0,0.0,0.0,0.0,0.0
2025-01-22 16:25:00+00:00,2025-01-22,2025-01-22:1,True,0,10,True,0.9218390804597701,0.5369132565109397,0.5405341272382794,True,0,0,0,True,0.2927339806108833,275.0,205.0,1.0,0.0,0.0,0.0,0.0
2025-01-22 16:30:00+00:00,2025-01-22,2025-01-22:1,True,2,5,True,0.6772616136919315,0.6772616136919315,0.0,True,0,0,0,True,0.0,270.0,210.0,0.0,0.0,1.0,0.0,0.0
2025-01-22 16:35:00+00:00,2025-01-22,2025-01-22:1,True,2,10,True,0.7902439024390244,0.7902439024390244,0.0,True,0,0,0,True,-0.3375688222306229,265.0,215.0,0.0,0.0,1.0,0.0,0.0
2025-01-22 16:40:00+00:00,2025-01-22,2025-01-22:1,True,1,5,True,0.7640117994100295,0.5411893706346852,0.3448139775620535,True,0,0,0,True,0.36984403918697595,260.0,220.0,0.0,1.0,0.0,0.0,0.0
2025-01-22 16:45:00+00:00,2025-01-22,2025-01-22:1,True,0,5,True,0.6551724137931034,0.6551724137931034,0.0,True,0,0,0,True,0.8181352629241853,255.0,225.0,1.0,0.0,0.0,0.0,0.0
2025-01-22 16:50:00+00:00,2025-01-22,2025-01-22:1,True,0,10,True,0.6657223796033994,0.6657223796033994,-0.4470399907951782,True,0,0,0,True,0.0,250.0,230.0,1.0,0.0,0.0,0.0,0.0
2025-01-22 16:55:00+00:00,2025-01-22,2025-01-22:1,True,0,15,True,0.5380116959064327,0.4216637897908088,0.2436720096887737,True,0,0,0,True,0.5485688737287971,245.0,235.0,1.0,0.0,0.0,0.0,0.0
2025-01-22 17:00:00+00:00,2025-01-22,2025-01-22:1,True,0,20,True,0.2540192926045016,0.2540192926045016,0.0,True,0,0,0,True,-0.9592121099455896,240.0,240.0,1.0,0.0,0.0,0.0,0.0
2025-01-22 17:05:00+00:00,2025-01-22,2025-01-22:1,True,0,25,True,0.5164179104477612,0.5164179104477612,-0.8609107001929436,True,0,0,0,True,-1.388426028214607,235.0,245.0,1.0,0.0,0.0,0.0,0.0
2025-01-22 17:10:00+00:00,2025-01-22,2025-01-22:1,True,0,30,True,0.38953488372093026,0.026965265634311175,2.6704038417412446,True,0,0,0,True,4.165298143003888,230.0,250.0,1.0,0.0,0.0,0.0,0.0
2025-01-22 17:15:00+00:00,2025-01-22,2025-01-22:1,True,0,35,True,0.30612244897959184,0.30612244897959184,-1.003435704429845,True,0,0,0,True,-0.8975001784611878,225.0,255.0,1.0,0.0,0.0,0.0,0.0
2025-01-22 17:20:00+00:00,2025-01-22,2025-01-22:1,True,0,40,True,0.2484076433121019,0.1000534135049454,0.9093669413252797,True,0,0,0,True,-0.42660374491814435,220.0,260.0,1.0,0.0,0.0,0.0,0.0
2025-01-22 17:25:00+00:00,2025-01-22,2025-01-22:1,True,0,45,True,0.6868686868686869,0.6868686868686869,-0.3612907049054636,True,0,0,0,True,-0.38444025843850926,215.0,265.0,1.0,0.0,0.0,0.0,0.0
2025-01-22 17:30:00+00:00,2025-01-22,2025-01-22:1,True,0,50,True,0.39568345323741005,0.39568345323741005,-0.8594230110185554,True,0,0,0,True,-1.5454419474931262,210.0,270.0,1.0,0.0,0.0,0.0,0.0
2025-01-22 17:35:00+00:00,2025-01-22,2025-01-22:1,True,1,5,True,0.5176848874598071,0.11239694909887783,1.5273299379445777,True,0,0,0,True,1.8986862410189715,205.0,275.0,0.0,1.0,0.0,0.0,0.0
2025-01-22 17:40:00+00:00,2025-01-22,2025-01-22:1,True,0,5,True,0.2693498452012384,0.2693498452012384,-0.6318311487310451,True,0,0,0,True,0.0,200.0,280.0,1.0,0.0,0.0,0.0,0.0
2025-01-22 17:45:00+00:00,2025-01-22,2025-01-22:1,True,0,10,True,0.11186440677966102,0.11186440677966102,-0.31183231101674813,True,0,0,0,True,0.0,195.0,285.0,1.0,0.0,0.0,0.0,0.0
2025-01-22 17:50:00+00:00,2025-01-22,2025-01-22:1,True,0,15,True,0.028901734104046242,0.028901734104046242,0.0,True,0,0,0,True,0.34271918952436603,190.0,290.0,1.0,0.0,0.0,0.0,0.0
2025-01-22 17:55:00+00:00,2025-01-22,2025-01-22:1,True,0,20,True,0.3353115727002967,0.3353115727002967,-0.30955023828975103,True,0,0,0,True,0.0,185.0,295.0,1.0,0.0,0.0,0.0,0.0
2025-01-22 18:00:00+00:00,2025-01-22,2025-01-22:1,True,0,25,True,-0.10080645161290322,0.10080645161290322,0.1635798914633135,True,0,0,0,True,0.7330676861480294,180.0,300.0,1.0,0.0,0.0,0.0,0.0
2025-01-22 18:05:00+00:00,2025-01-22,2025-01-22:1,True,3,5,True,-0.9754299754299754,0.12587629808578465,-2.047578710742394,True,0,0,0,True,-0.3381905873555848,175.0,305.0,0.0,0.0,0.0,1.0,0.0
2025-01-22 18:10:00+00:00,2025-01-22,2025-01-22:1,True,3,10,True,-0.9709302325581395,0.441936182579369,-0.7870891262366088,True,0,0,0,True,0.30276394846729116,170.0,310.0,0.0,0.0,0.0,1.0,0.0
2025-01-22 18:15:00+00:00,2025-01-22,2025-01-22:1,True,3,15,True,-0.9641943734015346,0.08473704110212166,-2.43174007922534,True,0,0,0,True,-1.4500096322011904,165.0,315.0,0.0,0.0,0.0,1.0,0.0
2025-01-22 18:20:00+00:00,2025-01-22,2025-01-22:1,True,3,20,True,-0.903485254691689,0.31720601409287824,-1.0467083401700108,True,0,0,0,True,-0.4748391118877615,160.0,320.0,0.0,0.0,0.0,1.0,0.0
2025-01-22 18:25:00+00:00,2025-01-22,2025-01-22:1,True,3,25,True,-0.9066666666666666,0.11272414814953159,-2.0848312032337217,True,0,0,0,True,-0.6050414068066837,155.0,325.0,0.0,0.0,0.0,1.0,0.0
2025-01-22 18:30:00+00:00,2025-01-22,2025-01-22:1,True,3,30,True,-0.8987341772151899,0.21452928053017525,-1.4325410685362683,True,0,0,0,True,0.48615433768587724,150.0,330.0,0.0,0.0,0.0,1.0,0.0
2025-01-22 18:35:00+00:00,2025-01-22,2025-01-22:1,True,3,35,True,-0.8520286396181385,0.2981951179916488,-1.0498721102337314,True,0,0,0,True,-0.4849992748626394,145.0,335.0,0.0,0.0,0.0,1.0,0.0
2025-01-22 18:40:00+00:00,2025-01-22,2025-01-22:1,True,3,40,True,-0.6986301369863014,0.1445820288150934,-1.5752744506103578,True,0,0,0,True,-1.564994566510743,140.0,340.0,0.0,0.0,0.0,1.0,0.0
2025-01-22 18:45:00+00:00,2025-01-22,2025-01-22:1,True,3,45,True,-0.9026369168356998,0.4128758746478133,-0.7821733849644897,True,0,0,0,True,-0.5410287193531326,135.0,345.0,0.0,0.0,0.0,1.0,0.0
2025-01-22 18:50:00+00:00,2025-01-22,2025-01-22:1,True,4,5,True,-0.8594594594594595,0.8594594594594595,0.39108669248221606,True,1,0,0,True,0.8744964294857912,130.0,350.0,0.0,0.0,0.0,0.0,1.0
2025-01-22 18:55:00+00:00,2025-01-22,2025-01-22:1,True,4,10,True,-0.7058823529411765,0.7058823529411765,0.0,True,1,0,0,True,0.0,125.0,355.0,0.0,0.0,0.0,0.0,1.0
2025-01-22 19:00:00+00:00,2025-01-22,2025-01-22:1,True,4,15,True,-0.6743002544529262,0.6743002544529262,0.0,True,1,0,0,True,0.36823983879634836,120.0,360.0,0.0,0.0,0.0,0.0,1.0
2025-01-22 19:05:00+00:00,2025-01-22,2025-01-22:1,True,3,5,True,-0.6733668341708543,0.18013872101260472,-1.3185630278414997,True,0,1,1,True,0.5948249147604769,115.0,365.0,0.0,0.0,0.0,1.0,0.0
2025-01-22 19:10:00+00:00,2025-01-22,2025-01-22:1,True,0,5,True,-0.5489130434782609,0.5489130434782609,0.8890749462202479,True,0,0,1,True,0.0,110.0,370.0,1.0,0.0,0.0,0.0,0.0
2025-01-22 19:15:00+00:00,2025-01-22,2025-01-22:1,True,0,10,True,-0.4606741573033708,0.28661739470324554,-0.47454276908990617,True,0,0,1,True,-0.35113519305951574,105.0,375.0,1.0,0.0,0.0,0.0,0.0
2025-01-22 19:20:00+00:00,2025-01-22,2025-01-22:1,True,0,15,True,-0.3107344632768362,0.3107344632768362,0.947279474623256,True,0,0,1,True,0.0,100.0,380.0,1.0,0.0,0.0,0.0,0.0
2025-01-22 19:25:00+00:00,2025-01-22,2025-01-22:1,True,0,20,True,-0.10493827160493827,0.06447472642199105,-0.48709897921171874,True,0,0,1,True,1.0891864292912559,95.0,385.0,1.0,0.0,0.0,0.0,0.0
2025-01-22 19:30:00+00:00,2025-01-22,2025-01-22:1,True,0,25,True,-0.378698224852071,0.378698224852071,0.0,True,0,0,1,True,-1.1212057227488375,90.0,390.0,1.0,0.0,0.0,0.0,0.0
2025-01-22 19:35:00+00:00,2025-01-22,2025-01-22:1,True,1,5,True,-0.28524590163934427,0.28524590163934427,1.0899171817550584,True,0,0,1,True,-0.8671641691291667,85.0,395.0,0.0,1.0,0.0,0.0,0.0
2025-01-22 19:40:00+00:00,2025-01-22,2025-01-22:1,True,0,5,True,-0.3468208092485549,0.3468208092485549,0.5435922069715698,True,0,0,1,True,0.0,80.0,400.0,1.0,0.0,0.0,0.0,0.0
2025-01-22 19:45:00+00:00,2025-01-22,2025-01-22:1,True,0,10,True,-0.43137254901960786,0.1255509080199132,-1.2342607817016638,True,0,0,1,True,-0.9082232161047987,75.0,405.0,1.0,0.0,0.0,0.0,0.0
2025-01-22 19:50:00+00:00,2025-01-22,2025-01-22:1,True,0,15,True,-0.3797909407665505,0.3797909407665505,0.0,True,0,0,1,True,-1.3185990064755588,70.0,410.0,1.0,0.0,0.0,0.0,0.0
2025-01-22 19:55:00+00:00,2025-01-22,2025-01-22:1,True,0,20,True,-0.7142857142857143,0.09405637905766798,-2.0273886626761493,True,0,0,1,True,-1.496199151003312,65.0,415.0,1.0,0.0,0.0,0.0,0.0
2025-01-22 20:00:00+00:00,2025-01-22,2025-01-22:1,True,3,5,True,-0.43636363636363634,0.27310539049543814,-0.4686181576383128,True,0,0,1,True,-0.7180999587337118,60.0,420.0,0.0,0.0,0.0,1.0,0.0
2025-01-22 20:05:00+00:00,2025-01-22,2025-01-22:1,True,3,10,True,-0.515527950310559,0.19621547743159248,-0.9659780917825387,True,0,0,1,True,1.0799963390037133,55.0,425.0,0.0,0.0,0.0,1.0,0.0
2025-01-22 20:10:00+00:00,2025-01-22,2025-01-22:1,True,4,5,True,-0.14,0.14,0.49283024121372787,True,1,0,1,True,0.6853905848816978,50.0,430.0,0.0,0.0,0.0,0.0,1.0
2025-01-22 20:15:00+00:00,2025-01-22,2025-01-22:1,True,4,10,True,-0.5596816976127321,0.5596816976127321,0.0,True,1,0,1,True,0.0,45.0,435.0,0.0,0.0,0.0,0.0,1.0
2025-01-22 20:20:00+00:00,2025-01-22,2025-01-22:1,True,3,5,True,-0.5144927536231884,0.19122259192773372,-0.9897433186112722,True,0,1,2,True,-1.1065666703470913,40.0,440.0,0.0,0.0,0.0,1.0,0.0
2025-01-22 20:25:00+00:00,2025-01-22,2025-01-22:1,True,4,5,True,-0.3891891891891892,0.3891891891891892,0.0,True,0,0,2,True,0.0,35.0,445.0,0.0,0.0,0.0,0.0,1.0
2025-01-22 20:30:00+00:00,2025-01-22,2025-01-22:1,True,3,5,True,-0.48214285714285715,0.17572693187689753,-1.0093091874987612,True,0,0,2,True,-0.6214298554062052,30.0,450.0,0.0,0.0,0.0,1.0,0.0
2025-01-22 20:35:00+00:00,2025-01-22,2025-01-22:1,True,3,10,True,-0.058823529411764705,0.035369350173819314,-0.5086963041187703,True,0,0,2,True,0.0,25.0,455.0,0.0,0.0,0.0,1.0,0.0
2025-01-22 20:40:00+00:00,2025-01-22,2025-01-22:1,True,3,15,True,-0.28160919540229884,0.03652076068158799,-2.042639393190188,True,0,0,2,True,-2.2837402683460906,20.0,460.0,0.0,0.0,0.0,1.0,0.0
2025-01-22 20:45:00+00:00,2025-01-22,2025-01-22:1,True,3,20,True,-0.3854748603351955,0.23500441904958444,-0.49487165930496735,True,0,0,2,True,1.1065666703440233,15.0,465.0,0.0,0.0,0.0,1.0,0.0
2025-01-22 20:50:00+00:00,2025-01-22,2025-01-22:1,True,4,5,True,-0.16612377850162866,0.16612377850162866,0.0,True,0,0,2,True,0.0,10.0,470.0,0.0,0.0,0.0,0.0,1.0
2025-01-22 20:55:00+00:00,2025-01-22,2025-01-22:1,True,3,5,True,-0.21739130434782608,0.038773836086430466,-1.723953283988342,True,0,0,2,True,-0.5998857076354146,5.0,475.0,0.0,0.0,0.0,1.0,0.0
2025-01-22 21:00:00+00:00,2025-01-22,2025-01-22:1,True,3,10,True,-0.1393939393939394,0.07385852494200894,-0.6351525827847787,True,0,0,2,True,0.0,0.0,480.0,0.0,0.0,0.0,1.0,0.0
2025-01-23 13:00:00+00:00,2025-01-23,2025-01-23:1,False,-1,0,False,,,,False,0,0,0,False,,480.0,0.0,,,,,
2025-01-23 13:05:00+00:00,2025-01-23,2025-01-23:1,False,-1,0,True,0.022857142857142857,,,False,0,0,0,False,,475.0,5.0,,,,,
2025-01-23 13:10:00+00:00,2025-01-23,2025-01-23:1,False,-1,0,True,-0.125,,,False,0,0,0,False,,470.0,10.0,,,,,
2025-01-23 13:15:00+00:00,2025-01-23,2025-01-23:1,False,-1,0,True,0.10843373493975904,,,False,0,0,0,False,,465.0,15.0,,,,,
2025-01-23 13:20:00+00:00,2025-01-23,2025-01-23:1,False,-1,0,True,0.04975124378109453,,,False,0,0,0,False,,460.0,20.0,,,,,
2025-01-23 13:25:00+00:00,2025-01-23,2025-01-23:1,False,-1,0,True,0.19865319865319866,,,False,0,0,0,False,,455.0,25.0,,,,,
2025-01-23 13:30:00+00:00,2025-01-23,2025-01-23:1,False,-1,0,True,0.6081081081081081,,,False,0,0,0,False,,450.0,30.0,,,,,
2025-01-23 13:35:00+00:00,2025-01-23,2025-01-23:1,False,-1,0,True,0.9289340101522843,,,False,0,0,0,False,,445.0,35.0,,,,,
2025-01-23 13:40:00+00:00,2025-01-23,2025-01-23:1,False,-1,0,True,0.8981481481481481,,,False,0,0,0,False,,440.0,40.0,,,,,
2025-01-23 13:45:00+00:00,2025-01-23,2025-01-23:1,False,-1,0,True,0.7752161383285303,,,False,0,0,0,False,,435.0,45.0,,,,,
2025-01-23 13:50:00+00:00,2025-01-23,2025-01-23:1,False,-1,0,True,0.5350140056022409,,,False,0,0,0,False,,430.0,50.0,,,,,
2025-01-23 13:55:00+00:00,2025-01-23,2025-01-23:1,False,-1,0,True,0.6046511627906976,,,False,0,0,0,False,,425.0,55.0,,,,,
2025-01-23 14:00:00+00:00,2025-01-23,2025-01-23:1,False,-1,0,True,0.48405797101449277,,,False,0,0,0,False,,420.0,60.0,,,,,
2025-01-23 14:05:00+00:00,2025-01-23,2025-01-23:1,True,1,5,True,0.6729222520107239,0.11562831192298237,1.761248959389512,True,0,0,0,False,,415.0,65.0,0.0,1.0,0.0,0.0,0.0
2025-01-23 14:10:00+00:00,2025-01-23,2025-01-23:1,True,1,10,True,0.7597911227154047,0.22988600509885362,1.195460000919922,True,0,0,0,False,,410.0,70.0,0.0,1.0,0.0,0.0,0.0
2025-01-23 14:15:00+00:00,2025-01-23,2025-01-23:1,True,2,5,True,0.5,0.5,-1.671592143497977,True,0,0,0,False,,405.0,75.0,0.0,0.0,1.0,0.0,0.0
2025-01-23 14:20:00+00:00,2025-01-23,2025-01-23:1,True,0,5,True,0.6223776223776224,0.6223776223776224,-0.7144092824407705,True,0,0,0,False,,400.0,80.0,1.0,0.0,0.0,0.0,0.0
2025-01-23 14:25:00+00:00,2025-01-23,2025-01-23:1,True,0,10,True,0.7186700767263428,0.7186700767263428,-1.0011694643951836,True,0,0,0,False,,395.0,85.0,1.0,0.0,0.0,0.0,0.0
2025-01-23 14:30:00+00:00,2025-01-23,2025-01-23:1,True,0,15,True,0.6814159292035398,0.0990646714962417,1.9283999978253372,True,0,0,0,False,,390.0,90.0,1.0,0.0,0.0,0.0,0.0
2025-01-23 14:35:00+00:00,2025-01-23,2025-01-23:1,True,0,20,True,0.48059701492537316,0.4131926901616949,0.15111506585191734,True,0,0,0,False,,385.0,95.0,1.0,0.0,0.0,0.0,0.0
2025-01-23 14:40:00+00:00,2025-01-23,2025-01-23:1,True,0,25,True,0.8009259259259259,0.8009259259259259,-0.304039909145852,True,0,0,0,False,,380.0,100.0,1.0,0.0,0.0,0.0,0.0
2025-01-23 14:45:00+00:00,2025-01-23,2025-01-23:1,True,0,30,True,0.6718266253869969,0.23795704099053205,1.0379101519603393,True,0,0,0,False,,375.0,105.0,1.0,0.0,0.0,0.0,0.0
2025-01-23 14:50:00+00:00,2025-01-23,2025-01-23:1,True,2,5,True,0.5501519756838906,0.47216642714374363,0.15286303616495214,True,0,0,0,False,,370.0,110.0,0.0,0.0,1.0,0.0,0.0
2025-01-23 14:55:00+00:00,2025-01-23,2025-01-23:1,True,2,10,True,0.3311897106109325,0.3311897106109325,-0.30523786457121205,True,0,0,0,False,,365.0,115.0,0.0,0.0,1.0,0.0,0.0
2025-01-23 15:00:00+00:00,2025-01-23,2025-01-23:1,True,0,5,True,0.36024844720496896,0.36024844720496896,-0.606665596766819,True,0,0,0,False,,360.0,120.0,1.0,0.0,0.0,0.0,0.0
2025-01-23 15:05:00+00:00,2025-01-23,2025-01-23:1,True,0,10,True,0.7161290322580646,0.27978718432803024,0.9398311051662764,True,0,0,0,True,-0.01630257107503406,355.0,125.0,1.0,0.0,0.0,0.0,0.0
2025-01-23 15:10:00+00:00,2025-01-23,2025-01-23:1,True,1,5,True,0.6910112359550562,0.35914908380617866,0.6544185065509585,True,0,0,0,True,0.35944315738202876,350.0,130.0,0.0,1.0,0.0,0.0,0.0
2025-01-23 15:15:00+00:00,2025-01-23,2025-01-23:1,True,1,10,True,0.7206703910614525,0.15809984531227242,1.5169551117051057,True,0,0,0,True,0.4168391321371905,345.0,135.0,0.0,1.0,0.0,0.0,0.0
2025-01-23 15:20:00+00:00,2025-01-23,2025-01-23:1,True,2,5,True,0.6666666666666666,0.6666666666666666,0.0,True,0,0,0,True,0.0,340.0,140.0,0.0,0.0,1.0,0.0,0.0
2025-01-23 15:25:00+00:00,2025-01-23,2025-01-23:1,True,1,5,True,0.694300518134715,0.2766468636976081,0.9201630574639817,True,0,0,0,True,1.0287735734352923,335.0,145.0,0.0,1.0,0.0,0.0,0.0
2025-01-23 15:30:00+00:00,2025-01-23,2025-01-23:1,True,2,5,True,0.3488372093023256,0.20561843698619203,0.5285831607728982,True,0,0,0,True,0.0,330.0,150.0,0.0,0.0,1.0,0.0,0.0
2025-01-23 15:35:00+00:00,2025-01-23,2025-01-23:1,True,2,10,True,0.2222222222222222,0.2222222222222222,-1.0865044277916436,True,0,0,0,True,-1.2147488791983134,325.0,155.0,0.0,0.0,1.0,0.0,0.0
2025-01-23 15:40:00+00:00,2025-01-23,2025-01-23:1,True,2,15,True,-0.02040816326530612,0.02040816326530612,0.0,True,0,0,0,True,0.6398362363301621,320.0,160.0,0.0,0.0,1.0,0.0,0.0
2025-01-23 15:45:00+00:00,2025-01-23,2025-01-23:1,True,0,5,True,-0.43506493506493504,0.43506493506493504,0.0,True,0,0,0,True,-0.6746380895958948,315.0,165.0,1.0,0.0,0.0,0.0,0.0
2025-01-23 15:50:00+00:00,2025-01-23,2025-01-23:1,True,0,10,True,-0.34868421052631576,0.03119367816669676,-2.4139512202656146,True,0,0,0,True,-2.6988795114393236,310.0,170.0,1.0,0.0,0.0,0.0,0.0
2025-01-23 15:55:00+00:00,2025-01-23,2025-01-23:1,True,0,15,True,-0.40131578947368424,0.40131578947368424,1.1154766805962237,True,0,0,0,True,-0.6400519391926262,305.0,175.0,1.0,0.0,0.0,0.0,0.0
2025-01-23 16:00:00+00:00,2025-01-23,2025-01-23:1,True,3,5,True,-0.3111111111111111,0.17644139736206846,-0.5671613238638854,True,0,0,0,True,0.0,300.0,180.0,0.0,0.0,0.0,1.0,0.0
2025-01-23 16:05:00+00:00,2025-01-23,2025-01-23:1,True,0,5,True,-0.3678474114441417,0.3678474114441417,0.0,True,0,0,0,True,-1.890367397831195,295.0,185.0,1.0,0.0,0.0,0.0,0.0
2025-01-23 16:10:00+00:00,2025-01-23,2025-01-23:1,True,0,10,True,-0.3952254641909814,0.3952254641909814,0.0,True,0,0,0,True,-0.560501600575034,290.0,190.0,1.0,0.0,0.0,0.0,0.0
2025-01-23 16:15:00+00:00,2025-01-23,2025-01-23:1,True,3,5,True,-0.26973684210526316,0.08698122269609913,-1.1317545605597843,True,0,0,0,True,0.4961482914653127,285.0,195.0,0.0,0.0,0.0,1.0,0.0
2025-01-23 16:20:00+00:00,2025-01-23,2025-01-23:1,True,0,5,True,-0.045714285714285714,0.045714285714285714,0.5818882832438877,True,0,0,0,True,0.0,280.0,200.0,1.0,0.0,0.0,0.0,0.0
2025-01-23 16:25:00+00:00,2025-01-23,2025-01-23:1,True,0,10,True,-0.04419889502762431,0.02487961254332523,-0.5746510946639038,True,0,0,0,True,-1.7400979787538957,275.0,205.0,1.0,0.0,0.0,0.0,0.0
2025-01-23 16:30:00+00:00,2025-01-23,2025-01-23:1,True,0,15,True,-0.47277936962750716,0.26708375209426605,-0.5710665432111015,True,0,0,0,True,-0.9346173949342741,270.0,210.0,1.0,0.0,0.0,0.0,0.0
2025-01-23 16:35:00+00:00,2025-01-23,2025-01-23:1,True,3,5,True,-0.582089552238806,0.11018513487303873,-1.664462310359959,True,0,0,0,True,0.3535287903150978,265.0,215.0,0.0,0.0,0.0,1.0,0.0
2025-01-23 16:40:00+00:00,2025-01-23,2025-01-23:1,True,3,10,True,-0.29651162790697677,0.16939841252818688,-0.5598330238630804,True,0,0,0,True,0.0,260.0,220.0,0.0,0.0,0.0,1.0,0.0
2025-01-23 16:45:00+00:00,2025-01-23,2025-01-23:1,True,3,15,True,-0.4093567251461988,0.15639826307453944,-0.9621812421408062,True,0,0,0,True,0.0,255.0,225.0,0.0,0.0,0.0,1.0,0.0
2025-01-23 16:50:00+00:00,2025-01-23,2025-01-23:1,True,3,20,True,-0.4370860927152318,0.2787647796273936,-0.44976184174005784,True,0,0,0,True,-0.6436846740807577,250.0,230.0,0.0,0.0,0.0,1.0,0.0
2025-01-23 16:55:00+00:00,2025-01-23,2025-01-23:1,True,3,25,True,-0.662125340599455,0.16443286430787807,-1.392952507075151,True,0,0,0,True,-1.0382454984152814,245.0,235.0,0.0,0.0,0.0,1.0,0.0
2025-01-23 17:00:00+00:00,2025-01-23,2025-01-23:1,True,4,5,True,-0.473015873015873,0.3749999897435854,-0.2322029474819916,True,0,0,0,True,0.0,240.0,240.0,0.0,0.0,0.0,0.0,1.0
2025-01-23 17:05:00+00:00,2025-01-23,2025-01-23:1,True,3,5,True,-0.5764075067024129,0.09045245229502241,-1.8519905638305454,True,0,0,0,True,0.0,235.0,245.0,0.0,0.0,0.0,1.0,0.0
2025-01-23 17:10:00+00:00,2025-01-23,2025-01-23:1,True,4,5,True,-0.6542553191489362,0.6542553191489362,0.23518609652755695,True,1,0,0,True,2.1650624078251854,230.0,250.0,0.0,0.0,0.0,0.0,1.0
2025-01-23 17:15:00+00:00,2025-01-23,2025-01-23:1,True,3,5,True,-0.7204301075268817,0.07389403144416795,-2.2772163458295767,True,0,1,1,True,-0.46291004988707385,225.0,255.0,0.0,0.0,0.0,1.0,0.0
2025-01-23 17:20:00+00:00,2025-01-23,2025-01-23:1,True,3,10,True,-0.8177083333333334,0.436835024512758,-0.6269501067624798,True,0,0,1,True,-1.4019030572216555,220.0,260.0,0.0,0.0,0.0,1.0,0.0
2025-01-23 17:25:00+00:00,2025-01-23,2025-01-23:1,True,3,15,True,-0.4782608695652174,0.26210036931884173,-0.6014288164469055,True,0,0,1,True,-1.366583263277931,215.0,265.0,0.0,0.0,0.0,1.0,0.0
2025-01-23 17:30:00+00:00,2025-01-23,2025-01-23:1,True,4,5,True,-0.3516819571865443,0.3516819571865443,0.40119174556441145,True,1,0,1,True,0.37765821587984527,210.0,270.0,0.0,0.0,0.0,0.0,1.0
2025-01-23 17:35:00+00:00,2025-01-23,2025-01-23:1,True,4,10,True,-0.6125356125356125,0.6125356125356125,0.0,True,1,0,1,True,-0.4476690839172574,205.0,275.0,0.0,0.0,0.0,0.0,1.0
2025-01-23 17:40:00+00:00,2025-01-23,2025-01-23:1,True,3,5,True,-0.216,0.030064829718475326,-1.9719223669879729,True,0,1,2,True,0.7348920764888696,200.0,280.0,0.0,0.0,0.0,1.0,0.0
2025-01-23 17:45:00+00:00,2025-01-23,2025-01-23:1,True,0,5,True,-0.49743589743589745,0.49743589743589745,1.0277328051718104,True,0,0,2,True,2.2980804150707157,195.0,285.0,1.0,0.0,0.0,0.0,0.0
2025-01-23 17:50:00+00:00,2025-01-23,2025-01-23:1,True,0,10,True,-0.30113636363636365,0.30113636363636365,2.5229273519415645,True,0,0,2,True,1.4103592653077164,190.0,290.0,1.0,0.0,0.0,0.0,0.0
2025-01-23 17:55:00+00:00,2025-01-23,2025-01-23:1,True,2,5,True,-0.22929936305732485,0.22929936305732485,0.0,True,0,0,2,True,0.6856632494620862,185.0,295.0,0.0,0.0,1.0,0.0,0.0
2025-01-23 18:00:00+00:00,2025-01-23,2025-01-23:1,True,1,5,True,0.020942408376963352,0.009725338972412364,0.7670414673832859,True,0,0,2,True,-0.08846546416244368,180.0,300.0,0.0,1.0,0.0,0.0,0.0
2025-01-23 18:05:00+00:00,2025-01-23,2025-01-23:1,True,1,10,True,0.3548387096774194,0.11993306632229718,1.084729540778334,True,0,0,2,True,0.9603226920852557,175.0,305.0,0.0,1.0,0.0,0.0,0.0
2025-01-23 18:10:00+00:00,2025-01-23,2025-01-23:1,True,1,15,True,0.125,0.028214027783068762,1.4884944439241423,True,0,0,2,True,0.156409741292804,170.0,310.0,0.0,1.0,0.0,0.0,0.0
2025-01-23 18:15:00+00:00,2025-01-23,2025-01-23:1,True,1,20,True,-0.2945205479452055,0.2945205479452055,0.5986286565041856,True,0,0,2,True,-0.3595758218882364,165.0,315.0,0.0,1.0,0.0,0.0,0.0
2025-01-23 18:20:00+00:00,2025-01-23,2025-01-23:1,True,1,25,True,-0.2037037037037037,0.2037037037037037,0.8543889773914872,True,0,0,2,True,-0.6538296864840758,160.0,320.0,0.0,1.0,0.0,0.0,0.0
2025-01-23 18:25:00+00:00,2025-01-23,2025-01-23:1,True,2,5,True,-0.24025974025974026,0.1789106400382892,-0.2948341256857907,True,0,0,2,True,0.3188534146971133,155.0,325.0,0.0,0.0,1.0,0.0,0.0
2025-01-23 18:30:00+00:00,2025-01-23,2025-01-23:1,True,1,5,True,-0.17054263565891473,0.17054263565891473,1.7321527498784721,True,0,0,2,True,0.9813881241598346,150.0,330.0,0.0,1.0,0.0,0.0,0.0
2025-01-23 18:35:00+00:00,2025-01-23,2025-01-23:1,True,2,5,True,-0.2709677419354839,0.03305930203723696,-2.103696800177544,True,0,0,2,True,-0.6452363183687725,145.0,335.0,0.0,0.0,1.0,0.0,0.0
2025-01-23 18:40:00+00:00,2025-01-23,2025-01-23:1,True,0,5,True,-0.11333333333333333,0.11333333333333333,0.9181332401382011,True,0,0,2,True,-0.31941658500610287,140.0,340.0,1.0,0.0,0.0,0.0,0.0
2025-01-23 18:45:00+00:00,2025-01-23,2025-01-23:1,True,0,10,True,-0.1564625850340136,0.07351020862843201,-0.755392618654649,True,0,0,2,True,0.0,135.0,345.0,1.0,0.0,0.0,0.0,0.0
2025-01-23 18:50:00+00:00,2025-01-23,2025-01-23:1,True,0,15,True,0.003257328990228013,0.003257328990228013,0.0,True,0,0,2,True,-1.460656181288763,130.0,350.0,1.0,0.0,0.0,0.0,0.0
2025-01-23 18:55:00+00:00,2025-01-23,2025-01-23:1,True,0,20,True,0.06358381502890173,0.04604016391935487,0.3228448130671209,True,0,0,2,True,0.3406895521911945,125.0,355.0,1.0,0.0,0.0,0.0,0.0
2025-01-23 19:00:00+00:00,2025-01-23,2025-01-23:1,True,3,5,True,0.5689655172413793,0.5689655172413793,-0.3239915626005134,True,0,0,2,True,0.0,120.0,360.0,0.0,0.0,0.0,1.0,0.0
2025-01-23 19:05:00+00:00,2025-01-23,2025-01-23:1,True,0,5,True,0.23668639053254437,0.23668639053254437,0.0,True,0,0,2,True,-1.096903696965695,115.0,365.0,1.0,0.0,0.0,0.0,0.0
2025-01-23 19:10:00+00:00,2025-01-23,2025-01-23:1,True,0,10,True,0.1056338028169014,0.1056338028169014,-0.3122829824964082,True,0,0,2,True,0.0332186276400846,110.0,370.0,1.0,0.0,0.0,0.0,0.0
2025-01-23 19:15:00+00:00,2025-01-23,2025-01-23:1,True,0,15,True,0.3624161073825503,0.3624161073825503,-0.6697879488320618,True,0,0,2,True,-1.8178561551513996,105.0,375.0,1.0,0.0,0.0,0.0,0.0
2025-01-23 19:20:00+00:00,2025-01-23,2025-01-23:1,True,3,5,True,0.1649122807017544,0.1649122807017544,-1.0570504537353933,True,0,0,2,True,0.6704394912814202,100.0,380.0,0.0,0.0,0.0,1.0,0.0
2025-01-23 19:25:00+00:00,2025-01-23,2025-01-23:1,True,4,5,True,0.01730103806228374,0.01730103806228374,0.0,True,0,0,2,True,-0.4653192782457801,95.0,385.0,0.0,0.0,0.0,0.0,1.0
2025-01-23 19:30:00+00:00,2025-01-23,2025-01-23:1,True,0,5,True,-0.2983606557377049,0.2983606557377049,0.3657429288968435,True,0,0,2,True,1.2776832613818248,90.0,390.0,1.0,0.0,0.0,0.0,0.0
2025-01-23 19:35:00+00:00,2025-01-23,2025-01-23:1,True,3,5,True,0.2188365650969529,0.2188365650969529,-0.38426749117065595,True,0,0,2,True,-0.4507176064507517,85.0,395.0,0.0,0.0,0.0,1.0,0.0
2025-01-23 19:40:00+00:00,2025-01-23,2025-01-23:1,True,4,5,True,0.09253731343283582,0.09253731343283582,0.0,True,0,0,2,True,0.8682954932323032,80.0,400.0,0.0,0.0,0.0,0.0,1.0
2025-01-23 19:45:00+00:00,2025-01-23,2025-01-23:1,True,0,5,True,-0.11242603550295859,0.11242603550295859,1.9786518236290054,True,0,0,2,True,1.7697599925751009,75.0,405.0,1.0,0.0,0.0,0.0,0.0
2025-01-23 19:50:00+00:00,2025-01-23,2025-01-23:1,True,1,5,True,0.10588235294117647,0.05448291081226894,0.6644415104076566,True,0,0,2,True,-2.9714727686893645,70.0,410.0,0.0,1.0,0.0,0.0,0.0
2025-01-23 19:55:00+00:00,2025-01-23,2025-01-23:1,True,0,5,True,-0.12759643916913946,0.06867348070001736,-0.6195093556297854,True,0,0,2,True,0.38430431652663144,65.0,415.0,1.0,0.0,0.0,0.0,0.0
2025-01-23 20:00:00+00:00,2025-01-23,2025-01-23:1,True,1,5,True,0.2145214521452145,0.04728311978179801,1.5122563872148775,True,0,0,2,True,0.3525728658151331,60.0,420.0,0.0,1.0,0.0,0.0,0.0
2025-01-23 20:05:00+00:00,2025-01-23,2025-01-23:1,True,1,10,True,-0.3096774193548387,0.3096774193548387,0.22684391767775255,True,0,0,2,True,-0.7025289300286919,55.0,425.0,0.0,1.0,0.0,0.0,0.0
2025-01-23 20:10:00+00:00,2025-01-23,2025-01-23:1,True,0,5,True,0.015479876160990712,0.015479876160990712,-0.7210258784704233,True,0,0,2,True,-2.3032326825653993,50.0,430.0,1.0,0.0,0.0,0.0,0.0
2025-01-23 20:15:00+00:00,2025-01-23,2025-01-23:1,True,0,10,True,0.24057971014492754,0.24057971014492754,0.0,True,0,0,2,True,0.28166739275265135,45.0,435.0,1.0,0.0,0.0,0.0,0.0
2025-01-23 20:20:00+00:00,2025-01-23,2025-01-23:1,True,0,15,True,-0.10857142857142857,0.023036665419476507,-1.5503211889292217,True,0,0,2,True,-0.5440442561534126,40.0,440.0,1.0,0.0,0.0,0.0,0.0
2025-01-23 20:25:00+00:00,2025-01-23,2025-01-23:1,True,0,20,True,0.043478260869565216,0.043478260869565216,-0.17757501436524645,True,0,0,2,True,-0.12885088594794894,35.0,445.0,1.0,0.0,0.0,0.0,0.0
2025-01-23 20:30:00+00:00,2025-01-23,2025-01-23:1,True,4,5,True,-0.5661375661375662,0.5661375661375662,0.0,True,0,0,2,True,0.6612926045123668,30.0,450.0,0.0,0.0,0.0,0.0,1.0
2025-01-23 20:35:00+00:00,2025-01-23,2025-01-23:1,True,4,10,True,-0.1510791366906475,0.1510791366906475,0.08806823603050122,True,1,0,2,True,0.13530142047981053,25.0,455.0,0.0,0.0,0.0,0.0,1.0
2025-01-23 20:40:00+00:00,2025-01-23,2025-01-23:1,True,0,5,True,-0.08206686930091185,0.07526214074693975,-0.08655716477605431,True,1,0,2,True,-0.1935477043789078,20.0,460.0,1.0,0.0,0.0,0.0,0.0
2025-01-23 20:45:00+00:00,2025-01-23,2025-01-23:1,True,0,10,True,0.0472972972972973,0.0472972972972973,0.0,True,1,0,2,True,-0.25933316731293976,15.0,465.0,1.0,0.0,0.0,0.0,0.0
2025-01-23 20:50:00+00:00,2025-01-23,2025-01-23:1,True,0,15,True,-0.06944444444444445,0.02858971901387467,-0.8874798942403627,True,0,1,3,True,0.6606049527574053,10.0,470.0,1.0,0.0,0.0,0.0,0.0
2025-01-23 20:55:00+00:00,2025-01-23,2025-01-23:1,True,3,5,True,0.12345679012345678,0.12345679012345678,-1.3503748550338408,True,0,0,3,True,-2.400363290213754,5.0,475.0,0.0,0.0,0.0,1.0,0.0
2025-01-23 21:00:00+00:00,2025-01-23,2025-01-23:1,True,3,10,True,-0.4382716049382716,0.18463192231080783,-0.8644745867450013,True,0,0,3,True,0.22813894822313918,0.0,480.0,0.0,0.0,0.0,1.0,0.0
2025-01-24 13:00:00+00:00,2025-01-24,2025-01-24:1,False,-1,0,False,,,,False,0,0,0,False,,480.0,0.0,,,,,
2025-01-24 13:05:00+00:00,2025-01-24,2025-01-24:1,False,-1,0,True,0.15223880597014924,,,False,0,0,0,False,,475.0,5.0,,,,,
2025-01-24 13:10:00+00:00,2025-01-24,2025-01-24:1,False,-1,0,True,0.029411764705882353,,,False,0,0,0,False,,470.0,10.0,,,,,
2025-01-24 13:15:00+00:00,2025-01-24,2025-01-24:1,False,-1,0,True,0.18559556786703602,,,False,0,0,0,False,,465.0,15.0,,,,,
2025-01-24 13:20:00+00:00,2025-01-24,2025-01-24:1,False,-1,0,True,0.38303341902313626,,,False,0,0,0,False,,460.0,20.0,,,,,
2025-01-24 13:25:00+00:00,2025-01-24,2025-01-24:1,False,-1,0,True,0.2899022801302932,,,False,0,0,0,False,,455.0,25.0,,,,,
2025-01-24 13:30:00+00:00,2025-01-24,2025-01-24:1,False,-1,0,True,-0.3765586034912718,,,False,0,0,0,False,,450.0,30.0,,,,,
2025-01-24 13:35:00+00:00,2025-01-24,2025-01-24:1,False,-1,0,True,-0.9716713881019831,,,False,0,0,0,False,,445.0,35.0,,,,,
2025-01-24 13:40:00+00:00,2025-01-24,2025-01-24:1,False,-1,0,True,-0.9768518518518519,,,False,0,0,0,False,,440.0,40.0,,,,,
2025-01-24 13:45:00+00:00,2025-01-24,2025-01-24:1,False,-1,0,True,-0.9751243781094527,,,False,0,0,0,False,,435.0,45.0,,,,,
2025-01-24 13:50:00+00:00,2025-01-24,2025-01-24:1,False,-1,0,True,-0.968,,,False,0,0,0,False,,430.0,50.0,,,,,
2025-01-24 13:55:00+00:00,2025-01-24,2025-01-24:1,False,-1,0,True,-0.9619047619047619,,,False,0,0,0,False,,425.0,55.0,,,,,
2025-01-24 14:00:00+00:00,2025-01-24,2025-01-24:1,False,-1,0,True,-0.9568965517241379,,,False,0,0,0,False,,420.0,60.0,,,,,
2025-01-24 14:05:00+00:00,2025-01-24,2025-01-24:1,True,3,5,True,-0.953757225433526,0.07822106577820995,-2.5008701637577855,True,0,0,0,False,,415.0,65.0,0.0,0.0,0.0,1.0,0.0
2025-01-24 14:10:00+00:00,2025-01-24,2025-01-24:1,True,3,10,True,-0.9389671361502347,0.10855626069274509,-2.1575119095009874,True,0,0,0,False,,410.0,70.0,0.0,0.0,0.0,1.0,0.0
2025-01-24 14:15:00+00:00,2025-01-24,2025-01-24:1,True,4,5,True,-0.9426048565121413,0.9426048565121413,0.0,True,0,0,0,False,,405.0,75.0,0.0,0.0,0.0,0.0,1.0
2025-01-24 14:20:00+00:00,2025-01-24,2025-01-24:1,True,3,5,True,-0.9768518518518519,0.13175399791075046,-2.0033984731393293,True,0,0,0,False,,400.0,80.0,0.0,0.0,0.0,1.0,0.0
2025-01-24 14:25:00+00:00,2025-01-24,2025-01-24:1,True,3,10,True,-0.9534883720930233,0.431839100750003,-0.792074163093819,True,0,0,0,False,,395.0,85.0,0.0,0.0,0.0,1.0,0.0
2025-01-24 14:30:00+00:00,2025-01-24,2025-01-24:1,True,3,15,True,-0.9196428571428571,0.08295266385685297,-2.405715265789202,True,0,0,0,False,,390.0,90.0,0.0,0.0,0.0,1.0,0.0
2025-01-24 14:35:00+00:00,2025-01-24,2025-01-24:1,True,4,5,True,-0.818639798488665,0.818639798488665,0.4170800570110085,True,1,0,0,False,,385.0,95.0,0.0,0.0,0.0,0.0,1.0
2025-01-24 14:40:00+00:00,2025-01-24,2025-01-24:1,True,4,10,True,-0.8649237472766884,0.8649237472766884,0.42066110000724294,True,1,0,0,False,,380.0,100.0,0.0,0.0,0.0,0.0,1.0
2025-01-24 14:45:00+00:00,2025-01-24,2025-01-24:1,True,3,5,True,-0.7351351351351352,0.0798070993971806,-2.2204418742642913,True,0,1,1,False,,375.0,105.0,0.0,0.0,0.0,1.0,0.0
2025-01-24 14:50:00+00:00,2025-01-24,2025-01-24:1,True,4,5,True,-0.764367816091954,0.764367816091954,0.4271149839114614,True,1,0,1,False,,370.0,110.0,0.0,0.0,0.0,0.0,1.0
2025-01-24 14:55:00+00:00,2025-01-24,2025-01-24:1,True,4,10,True,-0.6038647342995169,0.6038647342995169,0.43249758515175885,True,1,0,1,False,,365.0,115.0,0.0,0.0,0.0,0.0,1.0
2025-01-24 15:00:00+00:00,2025-01-24,2025-01-24:1,True,0,5,True,-0.32075471698113206,0.32075471698113206,0.8133435193380573,True,1,0,1,False,,360.0,120.0,1.0,0.0,0.0,0.0,0.0
2025-01-24 15:05:00+00:00,2025-01-24,2025-01-24:1,True,0,10,True,-0.4731182795698925,0.31696475831764903,-0.4005548245495118,True,1,0,1,True,-0.32488269203463804,355.0,125.0,1.0,0.0,0.0,0.0,0.0
2025-01-24 15:10:00+00:00,2025-01-24,2025-01-24:1,True,0,15,True,-0.2874251497005988,0.2874251497005988,0.0,True,1,0,1,True,0.3385908256794728,350.0,130.0,1.0,0.0,0.0,0.0,0.0
2025-01-24 15:15:00+00:00,2025-01-24,2025-01-24:1,True,1,5,True,-0.1501597444089457,0.1501597444089457,0.8271778782884678,True,0,0,1,True,0.0,345.0,135.0,0.0,1.0,0.0,0.0,0.0
2025-01-24 15:20:00+00:00,2025-01-24,2025-01-24:1,True,0,5,True,-0.2553191489361702,0.2553191489361702,0.0,True,0,0,1,True,0.6503402023346521,340.0,140.0,1.0,0.0,0.0,0.0,0.0
2025-01-24 15:25:00+00:00,2025-01-24,2025-01-24:1,True,0,10,True,-0.40863787375415284,0.26574651486573647,-0.4302864668036265,True,0,0,1,True,-0.6760542683397123,335.0,145.0,1.0,0.0,0.0,0.0,0.0
2025-01-24 15:30:00+00:00,2025-01-24,2025-01-24:1,True,0,15,True,-0.7040816326530612,0.7040816326530612,0.0,True,0,0,1,True,0.37495050794636,330.0,150.0,1.0,0.0,0.0,0.0,0.0
2025-01-24 15:35:00+00:00,2025-01-24,2025-01-24:1,True,0,20,True,-0.9782608695652174,0.24601118749801404,-1.380399359730872,True,0,0,1,True,0.6760736392990173,325.0,155.0,1.0,0.0,0.0,0.0,0.0
2025-01-24 15:40:00+00:00,2025-01-24,2025-01-24:1,True,3,5,True,-0.9734748010610079,0.09470382381617325,-2.330117562005155,True,0,0,1,True,0.7291635579557476,320.0,160.0,0.0,0.0,0.0,1.0,0.0
2025-01-24 15:45:00+00:00,2025-01-24,2025-01-24:1,True,3,10,True,-0.9736842105263158,0.025020058799262918,-3.6614091767735277,True,0,0,1,True,-1.7894551806711643,315.0,165.0,0.0,0.0,0.0,1.0,0.0
2025-01-24 15:50:00+00:00,2025-01-24,2025-01-24:1,True,4,5,True,-0.9775280898876404,0.5165347641434574,-0.6378844344589784,True,0,0,1,True,2.0570381761526555,310.0,170.0,0.0,0.0,0.0,0.0,1.0
2025-01-24 15:55:00+00:00,2025-01-24,2025-01-24:1,True,3,5,True,-0.9745547073791349,0.07712218850293047,-2.5365896285031804,True,0,0,1,True,-0.32489364620020506,305.0,175.0,0.0,0.0,0.0,1.0,0.0
2025-01-24 16:00:00+00:00,2025-01-24,2025-01-24:1,True,4,5,True,-0.9774266365688488,0.42664010973643063,-0.8289824134363427,True,0,0,1,True,0.2003753392419669,300.0,180.0,0.0,0.0,0.0,0.0,1.0
2025-01-24 16:05:00+00:00,2025-01-24,2025-01-24:1,True,3,5,True,-0.952,0.17415131413323084,-1.6986404920231526,True,0,0,1,True,1.89913780474738,295.0,185.0,0.0,0.0,0.0,1.0,0.0
2025-01-24 16:10:00+00:00,2025-01-24,2025-01-24:1,True,3,10,True,-0.9771689497716894,0.29367807121080697,-1.2021753926764043,True,0,0,1,True,-0.17696671301611938,290.0,190.0,0.0,0.0,0.0,1.0,0.0
2025-01-24 16:15:00+00:00,2025-01-24,2025-01-24:1,True,4,5,True,-0.9667458432304038,0.9667458432304038,0.40700464896326527,True,1,0,1,True,0.9100900622403005,285.0,195.0,0.0,0.0,0.0,0.0,1.0
2025-01-24 16:20:00+00:00,2025-01-24,2025-01-24:1,True,3,5,True,-0.9544419134396356,0.43227096384302427,-0.7920741630941031,True,0,1,2,True,-0.8855658359485764,280.0,200.0,0.0,0.0,0.0,1.0,0.0
2025-01-24 16:25:00+00:00,2025-01-24,2025-01-24:1,True,3,10,True,-0.967032967032967,0.3988902708028154,-0.8855462183952171,True,0,0,2,True,0.5820058309214877,275.0,205.0,0.0,0.0,0.0,1.0,0.0
2025-01-24 16:30:00+00:00,2025-01-24,2025-01-24:1,True,3,15,True,-0.8854415274463007,0.24177351456104773,-1.2980850239730641,True,0,0,2,True,-1.1964278644908124,270.0,210.0,0.0,0.0,0.0,1.0,0.0
2025-01-24 16:35:00+00:00,2025-01-24,2025-01-24:1,True,3,20,True,-0.8680738786279684,0.12745444908999748,-1.9185177859391236,True,0,0,2,True,-1.6658328575358807,265.0,215.0,0.0,0.0,0.0,1.0,0.0
2025-01-24 16:40:00+00:00,2025-01-24,2025-01-24:1,True,3,25,True,-0.899736147757256,0.4802339529804747,-0.6278281639804291,True,0,0,2,True,0.22564412916241947,260.0,220.0,0.0,0.0,0.0,1.0,0.0
2025-01-24 16:45:00+00:00,2025-01-24,2025-01-24:1,True,4,5,True,-0.919431279620853,0.7867191004997064,-0.155884044261484,True,0,0,2,True,0.0,255.0,225.0,0.0,0.0,0.0,0.0,1.0
2025-01-24 16:50:00+00:00,2025-01-24,2025-01-24:1,True,4,10,True,-0.7972350230414746,0.6791277633488201,-0.1603402460919576,True,0,0,2,True,0.9159811074922412,250.0,230.0,0.0,0.0,0.0,0.0,1.0
2025-01-24 16:55:00+00:00,2025-01-24,2025-01-24:1,True,3,5,True,-0.9438775510204082,0.1463309192770733,-1.8641258175265678,True,0,0,2,True,-0.937118138610111,245.0,235.0,0.0,0.0,0.0,1.0,0.0
2025-01-24 17:00:00+00:00,2025-01-24,2025-01-24:1,True,3,10,True,-0.8613333333333333,0.3423403970934713,-0.9226760210286715,True,0,0,2,True,-1.1868754629447311,240.0,240.0,0.0,0.0,0.0,1.0,0.0
2025-01-24 17:05:00+00:00,2025-01-24,2025-01-24:1,True,4,5,True,-0.8770685579196218,0.6493269388320813,-0.30064881485194933,True,0,0,2,True,-0.24425876598637158,235.0,245.0,0.0,0.0,0.0,0.0,1.0
2025-01-24 17:10:00+00:00,2025-01-24,2025-01-24:1,True,4,10,True,-0.8634361233480177,0.8634361233480177,0.0,True,0,0,2,True,0.9247296937881191,230.0,250.0,0.0,0.0,0.0,0.0,1.0
2025-01-24 17:15:00+00:00,2025-01-24,2025-01-24:1,True,3,5,True,-0.8410958904109589,0.3397583163562521,-0.9064711423854044,True,0,0,2,True,0.4267129730942935,225.0,255.0,0.0,0.0,0.0,1.0,0.0
2025-01-24 17:20:00+00:00,2025-01-24,2025-01-24:1,True,4,5,True,-0.827027027027027,0.827027027027027,0.3045622764068928,True,1,0,2,True,-0.42854931124461637,220.0,260.0,0.0,0.0,0.0,0.0,1.0
2025-01-24 17:25:00+00:00,2025-01-24,2025-01-24:1,True,4,10,True,-0.8911917098445595,0.7565972638744545,-0.1637284710418853,True,1,0,2,True,-1.0099146811986313,215.0,265.0,0.0,0.0,0.0,0.0,1.0
2025-01-24 17:30:00+00:00,2025-01-24,2025-01-24:1,True,0,5,True,-0.7454545454545455,0.7454545454545455,0.0,True,1,0,2,True,-0.28866253078193754,210.0,270.0,1.0,0.0,0.0,0.0,0.0
2025-01-24 17:35:00+00:00,2025-01-24,2025-01-24:1,True,3,5,True,-0.6914893617021277,0.24422617155172044,-1.0407530380622723,True,0,1,3,True,0.0,205.0,275.0,0.0,0.0,0.0,1.0,0.0
2025-01-24 17:40:00+00:00,2025-01-24,2025-01-24:1,True,3,10,True,-0.5108958837772397,0.08855381686047709,-1.7525553521828574,True,0,0,3,True,-0.7837665803637274,200.0,280.0,0.0,0.0,0.0,1.0,0.0
2025-01-24 17:45:00+00:00,2025-01-24,2025-01-24:1,True,3,15,True,-0.7305699481865285,0.2575316508732305,-1.0426823518926376,True,0,0,3,True,-0.7771695392585707,195.0,285.0,0.0,0.0,0.0,1.0,0.0
2025-01-24 17:50:00+00:00,2025-01-24,2025-01-24:1,True,4,5,True,-0.552870090634441,0.46597646949273486,-0.17098791824653053,True,0,0,3,True,0.0,190.0,290.0,0.0,0.0,0.0,0.0,1.0
2025-01-24 17:55:00+00:00,2025-01-24,2025-01-24:1,True,4,10,True,-0.6946564885496184,0.6946564885496184,1.3153661165423662,True,1,0,3,True,1.6807131725064306,185.0,295.0,0.0,0.0,0.0,0.0,1.0
2025-01-24 18:00:00+00:00,2025-01-24,2025-01-24:1,True,3,5,True,-0.5903614457831325,0.06374794847723572,-2.225797966524685,True,0,1,4,True,-2.978694684548304,180.0,300.0,0.0,0.0,0.0,1.0,0.0
2025-01-24 18:05:00+00:00,2025-01-24,2025-01-24:1,True,3,10,True,-0.9757281553398058,0.02764035464403521,-3.5639071886083116,True,0,0,4,True,-2.1734014743353787,175.0,305.0,0.0,0.0,0.0,1.0,0.0
2025-01-24 18:10:00+00:00,2025-01-24,2025-01-24:1,True,3,15,True,-0.9738219895287958,0.06823886938507262,-2.658214189816598,True,0,0,4,True,0.26933860469813964,170.0,310.0,0.0,0.0,0.0,1.0,0.0
2025-01-24 18:15:00+00:00,2025-01-24,2025-01-24:1,True,3,20,True,-0.9707602339181286,0.08636470513889069,-2.4195004238239592,True,0,0,4,True,0.1835204850799644,165.0,315.0,0.0,0.0,0.0,1.0,0.0
2025-01-24 18:20:00+00:00,2025-01-24,2025-01-24:1,True,3,25,True,-0.9772727272727273,0.30771791708708257,-1.1555822510473976,True,0,0,4,True,-0.5167920933862542,160.0,320.0,0.0,0.0,0.0,1.0,0.0
2025-01-24 18:25:00+00:00,2025-01-24,2025-01-24:1,True,3,30,True,-0.975,0.1466470354211436,-1.8944088911135741,True,0,0,4,True,-0.6114370348462659,155.0,325.0,0.0,0.0,0.0,1.0,0.0
2025-01-24 18:30:00+00:00,2025-01-24,2025-01-24:1,True,4,5,True,-0.9753694581280788,0.7670902994612017,-0.24021180547869972,True,0,0,4,True,0.0,150.0,330.0,0.0,0.0,0.0,0.0,1.0
2025-01-24 18:35:00+00:00,2025-01-24,2025-01-24:1,True,4,10,True,-0.9767981438515081,0.6019130657933471,-0.4841669966610814,True,0,0,4,True,-0.5413151584988151,145.0,335.0,0.0,0.0,0.0,0.0,1.0
2025-01-24 18:40:00+00:00,2025-01-24,2025-01-24:1,True,4,15,True,-0.9672897196261683,0.7609960146920567,-0.23986993631321818,True,0,0,4,True,0.0,140.0,340.0,0.0,0.0,0.0,0.0,1.0
2025-01-24 18:45:00+00:00,2025-01-24,2025-01-24:1,True,3,5,True,-0.9551122194513716,0.2225792701662524,-1.4565455322890288,True,0,0,4,True,-0.6243765279731821,135.0,345.0,0.0,0.0,0.0,1.0,0.0
2025-01-24 18:50:00+00:00,2025-01-24,2025-01-24:1,True,4,5,True,-0.9557522123893806,0.6578167325729822,-0.37357231678869307,True,0,0,4,True,0.91938330426286,130.0,350.0,0.0,0.0,0.0,0.0,1.0
2025-01-24 18:55:00+00:00,2025-01-24,2025-01-24:1,True,3,5,True,-0.8860103626943006,0.6160156159547268,-0.3634563327918568,True,0,0,4,True,-0.619779451575329,125.0,355.0,0.0,0.0,0.0,1.0,0.0
2025-01-24 19:00:00+00:00,2025-01-24,2025-01-24:1,True,4,5,True,-0.8092909535452323,0.631125542574686,-0.24865369744319643,True,0,0,4,True,0.9486235937572812,120.0,360.0,0.0,0.0,0.0,0.0,1.0
2025-01-24 19:05:00+00:00,2025-01-24,2025-01-24:1,True,4,10,True,-0.7376237623762376,0.7376237623762376,0.0,True,0,0,4,True,-0.5741425182391395,115.0,365.0,0.0,0.0,0.0,0.0,1.0
2025-01-24 19:10:00+00:00,2025-01-24,2025-01-24:1,True,3,5,True,-0.41847826086956524,0.1773534746399589,-0.8584801702061231,True,0,0,4,True,-1.8338225293066144,110.0,370.0,0.0,0.0,0.0,1.0,0.0
2025-01-24 19:15:00+00:00,2025-01-24,2025-01-24:1,True,4,5,True,-0.48059701492537316,0.48059701492537316,0.0,True,0,0,4,True,-0.7939296111906446,105.0,375.0,0.0,0.0,0.0,0.0,1.0
2025-01-24 19:20:00+00:00,2025-01-24,2025-01-24:1,True,4,10,True,-0.6180371352785146,0.6180371352785146,0.0,True,0,0,4,True,0.6359371138082556,100.0,380.0,0.0,0.0,0.0,0.0,1.0
2025-01-24 19:25:00+00:00,2025-01-24,2025-01-24:1,True,3,5,True,-0.4176470588235294,0.2718340302295685,-0.4294450218941184,True,0,0,4,True,-0.15795858839133697,95.0,385.0,0.0,0.0,0.0,1.0,0.0
2025-01-24 19:30:00+00:00,2025-01-24,2025-01-24:1,True,0,5,True,-0.14893617021276595,0.14893617021276595,0.428552899358292,True,0,0,4,True,-0.958273414919767,90.0,390.0,1.0,0.0,0.0,0.0,0.0
2025-01-24 19:35:00+00:00,2025-01-24,2025-01-24:1,True,3,5,True,-0.5416666666666666,0.15047557898009079,-1.2808500009863535,True,0,0,4,True,-0.31470355431698593,85.0,395.0,0.0,0.0,0.0,1.0,0.0
2025-01-24 19:40:00+00:00,2025-01-24,2025-01-24:1,True,0,5,True,-0.2929936305732484,0.2929936305732484,0.42855289935827307,True,0,0,4,True,0.0,80.0,400.0,1.0,0.0,0.0,0.0,0.0
2025-01-24 19:45:00+00:00,2025-01-24,2025-01-24:1,True,0,10,True,-0.38328530259365995,0.38328530259365995,0.4272250792836346,True,0,0,4,True,-0.15111119146591004,75.0,405.0,1.0,0.0,0.0,0.0,0.0
2025-01-24 19:50:00+00:00,2025-01-24,2025-01-24:1,True,0,15,True,-0.08266666666666667,0.08266666666666667,0.8597863550614792,True,0,0,4,True,0.1301377944833386,70.0,410.0,1.0,0.0,0.0,0.0,0.0
2025-01-24 19:55:00+00:00,2025-01-24,2025-01-24:1,True,0,20,True,0.03896103896103896,0.03896103896103896,0.0,True,0,0,4,True,0.0,65.0,415.0,1.0,0.0,0.0,0.0,0.0
2025-01-24 20:00:00+00:00,2025-01-24,2025-01-24:1,True,0,25,True,-0.041916167664670656,0.02607305173568587,-0.47476933523635884,True,0,0,4,True,0.0,60.0,420.0,1.0,0.0,0.0,0.0,0.0
2025-01-24 20:05:00+00:00,2025-01-24,2025-01-24:1,True,0,30,True,-0.5471698113207547,0.3307823462757343,-0.5032986004511837,True,0,0,4,True,0.0,55.0,425.0,1.0,0.0,0.0,0.0,0.0
2025-01-24 20:10:00+00:00,2025-01-24,2025-01-24:1,True,0,35,True,-0.4425287356321839,0.1596325007532742,-1.0196310985321744,True,0,0,4,True,0.23859381768194027,50.0,430.0,1.0,0.0,0.0,0.0,0.0
2025-01-24 20:15:00+00:00,2025-01-24,2025-01-24:1,True,0,40,True,-0.6011080332409973,0.6011080332409973,1.5718540286057738,True,0,0,4,True,1.17159081955536,45.0,435.0,1.0,0.0,0.0,0.0,0.0
2025-01-24 20:20:00+00:00,2025-01-24,2025-01-24:1,True,0,45,True,-0.6064690026954178,0.21510851117415308,-1.0365110146356538,True,0,0,4,True,-1.1588545440779476,40.0,440.0,1.0,0.0,0.0,0.0,0.0
2025-01-24 20:25:00+00:00,2025-01-24,2025-01-24:1,True,3,5,True,-0.5825545171339563,0.34469393959816597,-0.5247658810089842,True,0,0,4,True,0.0,35.0,445.0,0.0,0.0,0.0,1.0,0.0
2025-01-24 20:30:00+00:00,2025-01-24,2025-01-24:1,True,3,10,True,-0.7134670487106017,0.25145799407644953,-1.0428602992190914,True,0,0,4,True,0.0,30.0,450.0,0.0,0.0,0.0,1.0,0.0
2025-01-24 20:35:00+00:00,2025-01-24,2025-01-24:1,True,3,15,True,-0.7676767676767676,0.09714647488765386,-2.0671488792219317,True,0,0,4,True,-1.1555713533873644,25.0,455.0,0.0,0.0,0.0,1.0,0.0
2025-01-24 20:40:00+00:00,2025-01-24,2025-01-24:1,True,3,20,True,-0.5884057971014492,0.1976217614761993,-1.0910619328144082,True,0,0,4,True,-0.7098204120896805,20.0,460.0,0.0,0.0,0.0,1.0,0.0
2025-01-24 20:45:00+00:00,2025-01-24,2025-01-24:1,True,3,25,True,-0.36904761904761907,0.07550785453409883,-1.5866890002158838,True,0,0,4,True,-0.5162542944614312,15.0,465.0,0.0,0.0,0.0,1.0,0.0
2025-01-24 20:50:00+00:00,2025-01-24,2025-01-24:1,True,4,5,True,-0.5309446254071661,0.5309446254071661,0.5418985933204501,True,1,0,4,True,0.6261263389742608,10.0,470.0,0.0,0.0,0.0,0.0,1.0
2025-01-24 20:55:00+00:00,2025-01-24,2025-01-24:1,True,4,10,True,-0.30218068535825543,0.30218068535825543,0.0,True,1,0,4,True,1.8674392178648873,5.0,475.0,0.0,0.0,0.0,0.0,1.0
2025-01-24 21:00:00+00:00,2025-01-24,2025-01-24:1,True,4,15,True,-0.29069767441860467,0.29069767441860467,0.0,True,1,0,4,True,0.0,0.0,480.0,0.0,0.0,0.0,0.0,1.0
2025-01-27 13:00:00+00:00,2025-01-27,2025-01-27:1,False,-1,0,False,,,,False,0,0,0,False,,480.0,0.0,,,,,
2025-01-27 13:05:00+00:00,2025-01-27,2025-01-27:1,False,-1,0,True,-0.06442577030812324,,,False,0,0,0,False,,475.0,5.0,,,,,
2025-01-27 13:10:00+00:00,2025-01-27,2025-01-27:1,False,-1,0,True,-0.26490066225165565,,,False,0,0,0,False,,470.0,10.0,,,,,
2025-01-27 13:15:00+00:00,2025-01-27,2025-01-27:1,False,-1,0,True,-0.008645533141210375,,,False,0,0,0,False,,465.0,15.0,,,,,
2025-01-27 13:20:00+00:00,2025-01-27,2025-01-27:1,False,-1,0,True,-0.4322916666666667,,,False,0,0,0,False,,460.0,20.0,,,,,
2025-01-27 13:25:00+00:00,2025-01-27,2025-01-27:1,False,-1,0,True,-0.2835820895522388,,,False,0,0,0,False,,455.0,25.0,,,,,
2025-01-27 13:30:00+00:00,2025-01-27,2025-01-27:1,False,-1,0,True,-0.22762148337595908,,,False,0,0,0,False,,450.0,30.0,,,,,
2025-01-27 13:35:00+00:00,2025-01-27,2025-01-27:1,False,-1,0,True,-0.8604651162790697,,,False,0,0,0,False,,445.0,35.0,,,,,
2025-01-27 13:40:00+00:00,2025-01-27,2025-01-27:1,False,-1,0,True,-0.8963414634146342,,,False,0,0,0,False,,440.0,40.0,,,,,
2025-01-27 13:45:00+00:00,2025-01-27,2025-01-27:1,False,-1,0,True,-0.8904761904761904,,,False,0,0,0,False,,435.0,45.0,,,,,
2025-01-27 13:50:00+00:00,2025-01-27,2025-01-27:1,False,-1,0,True,-0.8587699316628702,,,False,0,0,0,False,,430.0,50.0,,,,,
2025-01-27 13:55:00+00:00,2025-01-27,2025-01-27:1,False,-1,0,True,-0.8478747203579419,,,False,0,0,0,False,,425.0,55.0,,,,,
2025-01-27 14:00:00+00:00,2025-01-27,2025-01-27:1,False,-1,0,True,-0.6966292134831461,,,False,0,0,0,False,,420.0,60.0,,,,,
2025-01-27 14:05:00+00:00,2025-01-27,2025-01-27:1,True,3,5,True,-0.8997214484679665,0.2845736217607334,-1.1510932176664541,True,0,0,0,False,,415.0,65.0,0.0,0.0,0.0,1.0,0.0
2025-01-27 14:10:00+00:00,2025-01-27,2025-01-27:1,True,4,5,True,-0.743455497382199,0.743455497382199,0.7706070240881073,True,1,0,0,False,,410.0,70.0,0.0,0.0,0.0,0.0,1.0
2025-01-27 14:15:00+00:00,2025-01-27,2025-01-27:1,True,0,5,True,-0.9203980099502488,0.9203980099502488,0.18195841954173472,True,1,0,0,False,,405.0,75.0,1.0,0.0,0.0,0.0,0.0
2025-01-27 14:20:00+00:00,2025-01-27,2025-01-27:1,True,0,10,True,-0.8873873873873874,0.8873873873873874,0.35384244250004665,True,1,0,0,False,,400.0,80.0,1.0,0.0,0.0,0.0,0.0
2025-01-27 14:25:00+00:00,2025-01-27,2025-01-27:1,True,0,15,True,-0.8103837471783296,0.8103837471783296,0.5136004234162632,True,1,0,0,False,,395.0,85.0,1.0,0.0,0.0,0.0,0.0
2025-01-27 14:30:00+00:00,2025-01-27,2025-01-27:1,True,0,20,True,-0.8592964824120602,0.6141510810175438,-0.33587305259187056,True,1,0,0,False,,390.0,90.0,1.0,0.0,0.0,0.0,0.0
2025-01-27 14:35:00+00:00,2025-01-27,2025-01-27:1,True,0,25,True,-0.8563218390804598,0.8563218390804598,0.0,True,0,0,0,False,,385.0,95.0,1.0,0.0,0.0,0.0,0.0
2025-01-27 14:40:00+00:00,2025-01-27,2025-01-27:1,True,0,30,True,-0.8409638554216867,0.8409638554216867,0.33249947753537057,True,0,0,0,False,,380.0,100.0,1.0,0.0,0.0,0.0,0.0
2025-01-27 14:45:00+00:00,2025-01-27,2025-01-27:1,True,0,35,True,-0.7969543147208121,0.20129525760173422,-1.376024582082972,True,0,0,0,False,,375.0,105.0,1.0,0.0,0.0,0.0,0.0
2025-01-27 14:50:00+00:00,2025-01-27,2025-01-27:1,True,3,5,True,-0.5356037151702786,0.19101368110905168,-1.0310494959326502,True,0,0,0,False,,370.0,110.0,0.0,0.0,0.0,1.0,0.0
2025-01-27 14:55:00+00:00,2025-01-27,2025-01-27:1,True,4,5,True,-0.8584615384615385,0.8584615384615385,0.0,True,0,0,0,False,,365.0,115.0,0.0,0.0,0.0,0.0,1.0
2025-01-27 15:00:00+00:00,2025-01-27,2025-01-27:1,True,3,5,True,-0.68,0.4777410245187706,-0.3530240022094594,True,0,0,0,False,,360.0,120.0,0.0,0.0,0.0,1.0,0.0
2025-01-27 15:05:00+00:00,2025-01-27,2025-01-27:1,True,3,10,True,-0.8011049723756906,0.17222500599220988,-1.5371901938647112,True,0,0,0,True,-0.4532037398398703,355.0,125.0,0.0,0.0,0.0,1.0,0.0
2025-01-27 15:10:00+00:00,2025-01-27,2025-01-27:1,True,3,15,True,-0.5879120879120879,0.1290400490337327,-1.5164546125617375,True,0,0,0,True,-0.40279790210144817,350.0,130.0,0.0,0.0,0.0,1.0,0.0
2025-01-27 15:15:00+00:00,2025-01-27,2025-01-27:1,True,4,5,True,-0.6324324324324324,0.6324324324324324,0.0,True,0,0,0,True,0.8975767711371652,345.0,135.0,0.0,0.0,0.0,0.0,1.0
2025-01-27 15:20:00+00:00,2025-01-27,2025-01-27:1,True,3,5,True,-0.7772020725388601,0.10446258565782582,-2.006871408859922,True,0,0,0,True,0.0,340.0,140.0,0.0,0.0,0.0,1.0,0.0
2025-01-27 15:25:00+00:00,2025-01-27,2025-01-27:1,True,3,10,True,-0.84,0.16396276468225196,-1.6337625344121076,True,0,0,0,True,-0.9133010215088041,335.0,145.0,0.0,0.0,0.0,1.0,0.0
2025-01-27 15:30:00+00:00,2025-01-27,2025-01-27:1,True,3,15,True,-0.7339246119733924,0.11080729005568173,-1.890613747981347,True,0,0,0,True,-0.9203981709149276,330.0,150.0,0.0,0.0,0.0,1.0,0.0
2025-01-27 15:35:00+00:00,2025-01-27,2025-01-27:1,True,3,20,True,-0.9751243781094527,0.22532778877360982,-1.4650088491157336,True,0,0,0,True,0.5062065799106498,325.0,155.0,0.0,0.0,0.0,1.0,0.0
2025-01-27 15:40:00+00:00,2025-01-27,2025-01-27:1,True,4,5,True,-0.9552238805970149,0.9552238805970149,2.3434845518715854,True,1,0,0,True,-0.8733651270346632,320.0,160.0,0.0,0.0,0.0,0.0,1.0
2025-01-27 15:45:00+00:00,2025-01-27,2025-01-27:1,True,3,5,True,-0.9643652561247216,0.648056199052374,-0.39749269971798495,True,1,0,0,True,-1.8253587216207965,315.0,165.0,0.0,0.0,0.0,1.0,0.0
2025-01-27 15:50:00+00:00,2025-01-27,2025-01-27:1,True,3,10,True,-0.9466666666666667,0.09050566047874135,-2.3475346470108027,True,0,1,1,True,-1.3079776816638506,310.0,170.0,0.0,0.0,0.0,1.0,0.0
2025-01-27 15:55:00+00:00,2025-01-27,2025-01-27:1,True,3,15,True,-0.9617224880382775,0.6537756793278283,-0.38596164042614267,True,0,0,1,True,-0.004947950240741177,305.0,175.0,0.0,0.0,0.0,1.0,0.0
2025-01-27 16:00:00+00:00,2025-01-27,2025-01-27:1,True,3,20,True,-0.9212598425196851,0.2910718852865132,-1.1521718621803292,True,0,0,1,True,-0.4275547855025564,300.0,180.0,0.0,0.0,0.0,1.0,0.0
2025-01-27 16:05:00+00:00,2025-01-27,2025-01-27:1,True,3,25,True,-0.8532110091743119,0.2261730165687086,-1.3277066234870414,True,0,0,1,True,-0.8226210190334252,295.0,185.0,0.0,0.0,0.0,1.0,0.0
2025-01-27 16:10:00+00:00,2025-01-27,2025-01-27:1,True,3,30,True,-0.8886198547215496,0.35291121935489733,-0.9234530120185392,True,0,0,1,True,0.4291743911811257,290.0,190.0,0.0,0.0,0.0,1.0,0.0
2025-01-27 16:15:00+00:00,2025-01-27,2025-01-27:1,True,4,5,True,-0.8628841607565012,0.8628841607565012,1.0093293581515799,True,1,0,1,True,-0.032199465955839605,285.0,195.0,0.0,0.0,0.0,0.0,1.0
2025-01-27 16:20:00+00:00,2025-01-27,2025-01-27:1,True,3,5,True,-0.7621621621621621,0.19186038447586046,-1.379391400954541,True,0,1,2,True,-0.4099128334503157,280.0,200.0,0.0,0.0,0.0,1.0,0.0
2025-01-27 16:25:00+00:00,2025-01-27,2025-01-27:1,True,3,10,True,-0.8424242424242424,0.38674728350708515,-0.7785122726826799,True,0,0,2,True,0.06136002307798391,275.0,205.0,0.0,0.0,0.0,1.0,0.0
2025-01-27 16:30:00+00:00,2025-01-27,2025-01-27:1,True,4,5,True,-0.8221153846153846,0.8221153846153846,0.15040123339657804,True,1,0,2,True,0.38295906159345966,270.0,210.0,0.0,0.0,0.0,0.0,1.0
2025-01-27 16:35:00+00:00,2025-01-27,2025-01-27:1,True,3,5,True,-0.7150997150997151,0.1493239694581516,-1.5663037573884966,True,0,1,3,True,-1.2786123695739573,265.0,215.0,0.0,0.0,0.0,1.0,0.0
2025-01-27 16:40:00+00:00,2025-01-27,2025-01-27:1,True,0,5,True,-0.6656151419558359,0.6656151419558359,1.522611911047407,True,0,0,3,True,0.7975512573712074,260.0,220.0,1.0,0.0,0.0,0.0,0.0
2025-01-27 16:45:00+00:00,2025-01-27,2025-01-27:1,True,3,5,True,-0.783641160949868,0.11219690943177496,-1.9436957651645357,True,0,0,3,True,-1.3190743881715825,255.0,225.0,0.0,0.0,0.0,1.0,0.0
2025-01-27 16:50:00+00:00,2025-01-27,2025-01-27:1,True,3,10,True,-0.7706422018348624,0.5184889736102792,-0.39630543409252184,True,0,0,3,True,0.09581283474664759,250.0,230.0,0.0,0.0,0.0,1.0,0.0
2025-01-27 16:55:00+00:00,2025-01-27,2025-01-27:1,True,3,15,True,-0.7211796246648794,0.25210879833409994,-1.051027505180353,True,0,0,3,True,0.9751312271866089,245.0,235.0,0.0,0.0,0.0,1.0,0.0
2025-01-27 17:00:00+00:00,2025-01-27,2025-01-27:1,True,3,20,True,-0.7796143250688705,0.3556058363705151,-0.7849764261149806,True,0,0,3,True,0.5850868831770879,240.0,240.0,0.0,0.0,0.0,1.0,0.0
2025-01-27 17:05:00+00:00,2025-01-27,2025-01-27:1,True,4,5,True,-0.8013856812933026,0.8013856812933026,0.2571237358877823,True,1,0,3,True,-1.5430853149171135,235.0,245.0,0.0,0.0,0.0,0.0,1.0
2025-01-27 17:10:00+00:00,2025-01-27,2025-01-27:1,True,3,5,True,-0.785876993166287,0.46765547671208846,-0.5190684189917557,True,1,0,3,True,-1.160672269838909,230.0,250.0,0.0,0.0,0.0,1.0,0.0
2025-01-27 17:15:00+00:00,2025-01-27,2025-01-27:1,True,4,5,True,-0.8312020460358056,0.8312020460358056,0.13555373504232182,True,1,0,3,True,-0.7106389561896815,225.0,255.0,0.0,0.0,0.0,0.0,1.0
2025-01-27 17:20:00+00:00,2025-01-27,2025-01-27:1,True,3,5,True,-0.7917808219178082,0.5081547766880072,-0.4434985338189712,True,0,1,4,True,-0.43551025810845156,220.0,260.0,0.0,0.0,0.0,1.0,0.0
2025-01-27 17:25:00+00:00,2025-01-27,2025-01-27:1,True,0,5,True,-0.8205128205128205,0.8205128205128205,0.0,True,0,0,4,True,0.0,215.0,265.0,1.0,0.0,0.0,0.0,0.0
2025-01-27 17:30:00+00:00,2025-01-27,2025-01-27:1,True,0,10,True,-0.5975609756097561,0.5975609756097561,0.0,True,0,0,4,True,0.0,210.0,270.0,1.0,0.0,0.0,0.0,0.0
2025-01-27 17:35:00+00:00,2025-01-27,2025-01-27:1,True,0,15,True,-0.5396039603960396,0.2867957781586615,-0.6320650756997177,True,0,0,4,True,-0.250139564768026,205.0,275.0,1.0,0.0,0.0,0.0,0.0
2025-01-27 17:40:00+00:00,2025-01-27,2025-01-27:1,True,0,20,True,-0.46368715083798884,0.46368715083798884,0.34834172849399553,True,0,0,4,True,-0.5001613094793768,200.0,280.0,1.0,0.0,0.0,0.0,0.0
2025-01-27 17:45:00+00:00,2025-01-27,2025-01-27:1,True,0,25,True,-0.2923076923076923,0.2923076923076923,0.0,True,0,0,4,True,0.0,195.0,285.0,1.0,0.0,0.0,0.0,0.0
2025-01-27 17:50:00+00:00,2025-01-27,2025-01-27:1,True,0,30,True,-0.5844875346260388,0.5844875346260388,0.0,True,0,0,4,True,0.0,190.0,290.0,1.0,0.0,0.0,0.0,0.0
2025-01-27 17:55:00+00:00,2025-01-27,2025-01-27:1,True,0,35,True,-0.4907749077490775,0.4907749077490775,0.5164950570266882,True,0,0,4,True,0.8262413396547607,185.0,295.0,1.0,0.0,0.0,0.0,0.0
2025-01-27 18:00:00+00:00,2025-01-27,2025-01-27:1,True,0,40,True,-0.7002141327623126,0.4049564946647757,-0.5476065514547587,True,0,0,4,True,0.34124547108845793,180.0,300.0,1.0,0.0,0.0,0.0,0.0
2025-01-27 18:05:00+00:00,2025-01-27,2025-01-27:1,True,3,5,True,-0.9783549783549783,0.06797720447245388,-2.666700147104372,True,0,0,4,True,0.0,175.0,305.0,0.0,0.0,0.0,1.0,0.0
2025-01-27 18:10:00+00:00,2025-01-27,2025-01-27:1,True,3,10,True,-0.9799599198396793,0.11190677831594856,-2.169845484459466,True,0,0,4,True,-1.2129805009797203,170.0,310.0,0.0,0.0,0.0,1.0,0.0
2025-01-27 18:15:00+00:00,2025-01-27,2025-01-27:1,True,3,15,True,-0.9772209567198178,0.10441242262197206,-2.2363641258333518,True,0,0,4,True,-1.2501655519530936,165.0,315.0,0.0,0.0,0.0,1.0,0.0
2025-01-27 18:20:00+00:00,2025-01-27,2025-01-27:1,True,3,20,True,-0.9512195121951219,0.3129132163382908,-1.1118189704070356,True,0,0,4,True,2.1098830621723668,160.0,320.0,0.0,0.0,0.0,1.0,0.0
2025-01-27 18:25:00+00:00,2025-01-27,2025-01-27:1,True,3,25,True,-0.8915989159891599,0.04220381117843291,-3.0505058564577845,True,0,0,4,True,-1.1368564101323932,155.0,325.0,0.0,0.0,0.0,1.0,0.0
2025-01-27 18:30:00+00:00,2025-01-27,2025-01-27:1,True,3,30,True,-0.9321148825065274,0.3315841527863217,-1.0335744396117899,True,0,0,4,True,-1.155571353390749,150.0,330.0,0.0,0.0,0.0,1.0,0.0
2025-01-27 18:35:00+00:00,2025-01-27,2025-01-27:1,True,3,35,True,-0.8279569892473119,0.2959036251050676,-1.0289273972359751,True,0,0,4,True,0.8229293207858837,145.0,335.0,0.0,0.0,0.0,1.0,0.0
2025-01-27 18:40:00+00:00,2025-01-27,2025-01-27:1,True,3,40,True,-0.8936708860759494,0.2968121051446354,-1.1022382750250463,True,0,0,4,True,0.7863455444165341,140.0,340.0,0.0,0.0,0.0,1.0,0.0
2025-01-27 18:45:00+00:00,2025-01-27,2025-01-27:1,True,3,45,True,-0.8300970873786407,0.2762181576451749,-1.100351686949746,True,0,0,4,True,0.0,135.0,345.0,0.0,0.0,0.0,1.0,0.0
2025-01-27 18:50:00+00:00,2025-01-27,2025-01-27:1,True,3,50,True,-0.6746666666666666,0.2180024147695503,-1.1297126020869634,True,0,0,4,True,0.5706721103457364,130.0,350.0,0.0,0.0,0.0,1.0,0.0
2025-01-27 18:55:00+00:00,2025-01-27,2025-01-27:1,True,4,5,True,-0.7168949771689498,0.7168949771689498,0.0,True,0,0,4,True,0.0,125.0,355.0,0.0,0.0,0.0,0.0,1.0
2025-01-27 19:00:00+00:00,2025-01-27,2025-01-27:1,True,3,5,True,-0.5924932975871313,0.3257766793734596,-0.5981274468281557,True,0,0,4,True,0.0,120.0,360.0,0.0,0.0,0.0,1.0,0.0
2025-01-27 19:05:00+00:00,2025-01-27,2025-01-27:1,True,4,5,True,-0.27807486631016043,0.27807486631016043,1.2008143876070736,True,1,0,4,True,1.342551299522691,115.0,365.0,0.0,0.0,0.0,0.0,1.0
2025-01-27 19:10:00+00:00,2025-01-27,2025-01-27:1,True,3,5,True,-0.19254658385093168,0.023446293942934085,-2.1056256768933426,True,0,1,5,True,-1.6826267883079598,110.0,370.0,0.0,0.0,0.0,1.0,0.0
2025-01-27 19:15:00+00:00,2025-01-27,2025-01-27:1,True,3,10,True,-0.1503267973856209,0.03211812388013034,-1.54339109585572,True,0,0,5,True,0.0,105.0,375.0,0.0,0.0,0.0,1.0,0.0
2025-01-27 19:20:00+00:00,2025-01-27,2025-01-27:1,True,0,5,True,0.037037037037037035,0.008494991658872846,1.472441639741052,True,0,0,5,True,1.0974931997894957,100.0,380.0,1.0,0.0,0.0,0.0,0.0
2025-01-27 19:25:00+00:00,2025-01-27,2025-01-27:1,True,0,10,True,-0.050314465408805034,0.050314465408805034,0.7423074889573841,True,0,0,5,True,0.06911042290630283,95.0,385.0,1.0,0.0,0.0,0.0,0.0
2025-01-27 19:30:00+00:00,2025-01-27,2025-01-27:1,True,0,15,True,-0.19047619047619047,0.09087817402889083,-0.7400073397192893,True,0,0,5,True,-1.1031378103074074,90.0,390.0,1.0,0.0,0.0,0.0,0.0
2025-01-27 19:35:00+00:00,2025-01-27,2025-01-27:1,True,3,5,True,-0.42857142857142855,0.2608064478394735,-0.4966788655371868,True,0,0,5,True,0.0,85.0,395.0,0.0,0.0,0.0,1.0,0.0
2025-01-27 19:40:00+00:00,2025-01-27,2025-01-27:1,True,0,5,True,-0.5865921787709497,0.35936867811902706,-0.4899810032229878,True,0,0,5,True,0.0,80.0,400.0,1.0,0.0,0.0,0.0,0.0
2025-01-27 19:45:00+00:00,2025-01-27,2025-01-27:1,True,0,10,True,-0.6212624584717608,0.13851221376773903,-1.5007951232999583,True,0,0,5,True,-0.6755279930482037,75.0,405.0,1.0,0.0,0.0,0.0,0.0
2025-01-27 19:50:00+00:00,2025-01-27,2025-01-27:1,True,3,5,True,-0.44692737430167595,0.1655111189821111,-0.993357731072962,True,0,0,5,True,0.0,70.0,410.0,0.0,0.0,0.0,1.0,0.0
2025-01-27 19:55:00+00:00,2025-01-27,2025-01-27:1,True,3,10,True,-0.582089552238806,0.08286793766875065,-1.9493760775125961,True,0,0,5,True,-1.089734355759839,65.0,415.0,0.0,0.0,0.0,1.0,0.0
2025-01-27 20:00:00+00:00,2025-01-27,2025-01-27:1,True,4,5,True,-0.35294117647058826,0.35294117647058826,1.4224976357303074,True,1,0,5,True,0.7139629274069422,60.0,420.0,0.0,0.0,0.0,0.0,1.0
2025-01-27 20:05:00+00:00,2025-01-27,2025-01-27:1,True,3,5,True,-0.5517241379310345,0.3402160976882658,-0.4834671740854991,True,1,0,5,True,-1.0810654661449008,55.0,425.0,0.0,0.0,0.0,1.0,0.0
2025-01-27 20:10:00+00:00,2025-01-27,2025-01-27:1,True,4,5,True,-0.4,0.4,0.0,True,1,0,5,True,0.0,50.0,430.0,0.0,0.0,0.0,0.0,1.0
2025-01-27 20:15:00+00:00,2025-01-27,2025-01-27:1,True,3,5,True,-0.45722713864306785,0.19888422894672608,-0.8324573971736322,True,0,1,6,True,0.410600377892328,45.0,435.0,0.0,0.0,0.0,1.0,0.0
2025-01-27 20:20:00+00:00,2025-01-27,2025-01-27:1,True,3,10,True,-0.7727272727272727,0.3144068705980766,-0.8992382563164427,True,0,0,6,True,-1.340505246061297,40.0,440.0,0.0,0.0,0.0,1.0,0.0
2025-01-27 20:25:00+00:00,2025-01-27,2025-01-27:1,True,0,5,True,-0.5686274509803921,0.29441074317341626,-0.658249598297844,True,0,0,6,True,0.0,35.0,445.0,1.0,0.0,0.0,0.0,0.0
2025-01-27 20:30:00+00:00,2025-01-27,2025-01-27:1,True,4,5,True,-0.39104477611940297,0.39104477611940297,0.0,True,0,0,6,True,0.0,30.0,450.0,0.0,0.0,0.0,0.0,1.0
2025-01-27 20:35:00+00:00,2025-01-27,2025-01-27:1,True,4,10,True,-0.4617737003058104,0.4617737003058104,0.0,True,0,0,6,True,1.4732438963667904,25.0,455.0,0.0,0.0,0.0,0.0,1.0
2025-01-27 20:40:00+00:00,2025-01-27,2025-01-27:1,True,4,15,True,-0.2948717948717949,0.2948717948717949,0.0,True,0,0,6,True,0.0,20.0,460.0,0.0,0.0,0.0,0.0,1.0
2025-01-27 20:45:00+00:00,2025-01-27,2025-01-27:1,True,0,5,True,0.1111111111111111,0.1111111111111111,0.0,True,0,0,6,True,0.0,15.0,465.0,1.0,0.0,0.0,0.0,0.0
2025-01-27 20:50:00+00:00,2025-01-27,2025-01-27:1,True,0,10,True,0.18495297805642633,0.09707794261003969,0.6445874321964188,True,0,0,6,True,1.4413413158332289,10.0,470.0,1.0,0.0,0.0,0.0,0.0
2025-01-27 20:55:00+00:00,2025-01-27,2025-01-27:1,True,0,15,True,0.11641791044776119,0.11641791044776119,-0.661905440285978,True,0,0,6,True,-1.4800655591563747,5.0,475.0,1.0,0.0,0.0,0.0,0.0
2025-01-27 21:00:00+00:00,2025-01-27,2025-01-27:1,True,0,20,True,0.26557377049180325,0.26557377049180325,-0.664376782202577,True,0,0,6,True,-1.8825581839613457,0.0,480.0,1.0,0.0,0.0,0.0,0.0
2025-01-28 13:00:00+00:00,2025-01-28,2025-01-28:1,False,-1,0,False,,,,False,0,0,0,False,,480.0,0.0,,,,,
2025-01-28 13:05:00+00:00,2025-01-28,2025-01-28:1,False,-1,0,True,0.022058823529411766,,,False,0,0,0,False,,475.0,5.0,,,,,
2025-01-28 13:10:00+00:00,2025-01-28,2025-01-28:1,False,-1,0,True,-0.2289156626506024,,,False,0,0,0,False,,470.0,10.0,,,,,
2025-01-28 13:15:00+00:00,2025-01-28,2025-01-28:1,False,-1,0,True,-0.28205128205128205,,,False,0,0,0,False,,465.0,15.0,,,,,
2025-01-28 13:20:00+00:00,2025-01-28,2025-01-28:1,False,-1,0,True,-0.3170731707317073,,,False,0,0,0,False,,460.0,20.0,,,,,
2025-01-28 13:25:00+00:00,2025-01-28,2025-01-28:1,False,-1,0,True,-0.29846153846153844,,,False,0,0,0,False,,455.0,25.0,,,,,
2025-01-28 13:30:00+00:00,2025-01-28,2025-01-28:1,False,-1,0,True,-0.37254901960784315,,,False,0,0,0,False,,450.0,30.0,,,,,
2025-01-28 13:35:00+00:00,2025-01-28,2025-01-28:1,False,-1,0,True,0.3476923076923077,,,False,0,0,0,False,,445.0,35.0,,,,,
2025-01-28 13:40:00+00:00,2025-01-28,2025-01-28:1,False,-1,0,True,0.48514851485148514,,,False,0,0,0,False,,440.0,40.0,,,,,
2025-01-28 13:45:00+00:00,2025-01-28,2025-01-28:1,False,-1,0,True,0.2347266881028939,,,False,0,0,0,False,,435.0,45.0,,,,,
2025-01-28 13:50:00+00:00,2025-01-28,2025-01-28:1,False,-1,0,True,0.08587257617728532,,,False,0,0,0,False,,430.0,50.0,,,,,
2025-01-28 13:55:00+00:00,2025-01-28,2025-01-28:1,False,-1,0,True,0.29931972789115646,,,False,0,0,0,False,,425.0,55.0,,,,,
2025-01-28 14:00:00+00:00,2025-01-28,2025-01-28:1,False,-1,0,True,0.28792569659442724,,,False,0,0,0,False,,420.0,60.0,,,,,
2025-01-28 14:05:00+00:00,2025-01-28,2025-01-28:1,True,0,5,True,0.31210191082802546,0.31210191082802546,-0.8056871942059035,True,0,0,0,False,,415.0,65.0,1.0,0.0,0.0,0.0,0.0
2025-01-28 14:10:00+00:00,2025-01-28,2025-01-28:1,True,0,10,True,0.0658682634730539,0.0658682634730539,0.0,True,0,0,0,False,,410.0,70.0,1.0,0.0,0.0,0.0,0.0
2025-01-28 14:15:00+00:00,2025-01-28,2025-01-28:1,True,0,15,True,0.07142857142857142,0.04732699375526807,0.4116171241516444,True,0,0,0,False,,405.0,75.0,1.0,0.0,0.0,0.0,0.0
2025-01-28 14:20:00+00:00,2025-01-28,2025-01-28:1,True,0,20,True,0.48258706467661694,0.32160691981545947,0.4058312955140015,True,0,0,0,False,,400.0,80.0,1.0,0.0,0.0,0.0,0.0
2025-01-28 14:25:00+00:00,2025-01-28,2025-01-28:1,True,1,5,True,0.45222929936305734,0.06078347393918839,2.006871408860831,True,0,0,0,False,,395.0,85.0,0.0,1.0,0.0,0.0,0.0
2025-01-28 14:30:00+00:00,2025-01-28,2025-01-28:1,True,1,10,True,0.5789473684210527,0.31434472160010124,0.6107213494001246,True,0,0,0,False,,390.0,90.0,0.0,1.0,0.0,0.0,0.0
2025-01-28 14:35:00+00:00,2025-01-28,2025-01-28:1,True,1,15,True,0.43703703703703706,0.1643303133779238,0.9781394362543115,True,0,0,0,False,,385.0,95.0,0.0,1.0,0.0,0.0,0.0
2025-01-28 14:40:00+00:00,2025-01-28,2025-01-28:1,True,2,5,True,0.4626038781163435,0.4626038781163435,0.0,True,0,0,0,False,,380.0,100.0,0.0,0.0,1.0,0.0,0.0
2025-01-28 14:45:00+00:00,2025-01-28,2025-01-28:1,True,2,10,True,0.6142131979695431,0.6142131979695431,0.0,True,0,0,0,False,,375.0,105.0,0.0,0.0,1.0,0.0,0.0
2025-01-28 14:50:00+00:00,2025-01-28,2025-01-28:1,True,1,5,True,0.7154308617234469,0.25557721315633947,1.029360396886569,True,0,0,0,False,,370.0,110.0,0.0,1.0,0.0,0.0,0.0
2025-01-28 14:55:00+00:00,2025-01-28,2025-01-28:1,True,2,5,True,0.35119047619047616,0.35119047619047616,-0.5355229314662808,True,0,0,0,False,,365.0,115.0,0.0,0.0,1.0,0.0,0.0
2025-01-28 15:00:00+00:00,2025-01-28,2025-01-28:1,True,1,5,True,0.32727272727272727,0.06223552037310973,1.6598679478056606,True,0,0,0,False,,360.0,120.0,0.0,1.0,0.0,0.0,0.0
2025-01-28 15:05:00+00:00,2025-01-28,2025-01-28:1,True,2,5,True,0.08527131782945736,0.08527131782945736,0.0,True,0,0,0,True,-0.6268065849516886,355.0,125.0,0.0,0.0,1.0,0.0,0.0
2025-01-28 15:10:00+00:00,2025-01-28,2025-01-28:1,True,0,5,True,0.3157894736842105,0.3157894736842105,-1.1272388453522808,True,0,0,0,True,-0.6353096003710497,350.0,130.0,1.0,0.0,0.0,0.0,0.0
2025-01-28 15:15:00+00:00,2025-01-28,2025-01-28:1,True,0,10,True,0.38972809667673713,0.38972809667673713,-0.5957614419383702,True,0,0,0,True,-1.33216308254749,345.0,135.0,1.0,0.0,0.0,0.0,0.0
2025-01-28 15:20:00+00:00,2025-01-28,2025-01-28:1,True,0,15,True,0.4461538461538462,0.23456319292752265,0.6429388080546364,True,0,0,0,True,-0.7472283331725607,340.0,140.0,1.0,0.0,0.0,0.0,0.0
2025-01-28 15:25:00+00:00,2025-01-28,2025-01-28:1,True,0,20,True,0.34169278996865204,0.34169278996865204,0.0,True,0,0,0,True,-0.7705304229475136,335.0,145.0,1.0,0.0,0.0,0.0,0.0
2025-01-28 15:30:00+00:00,2025-01-28,2025-01-28:1,True,0,25,True,0.5426008968609866,0.14427817709667012,1.324630831647087,True,0,0,0,True,-0.7561836048727748,330.0,150.0,1.0,0.0,0.0,0.0,0.0
2025-01-28 15:35:00+00:00,2025-01-28,2025-01-28:1,True,3,5,True,0.25555555555555554,0.25555555555555554,-4.01155014918825,True,0,0,0,True,-1.7558396408228376,325.0,155.0,0.0,0.0,0.0,1.0,0.0
2025-01-28 15:40:00+00:00,2025-01-28,2025-01-28:1,True,0,5,True,0.4124293785310734,0.08084078648325868,1.6295833661811885,True,0,0,0,True,-2.0822052467350223,320.0,160.0,1.0,0.0,0.0,0.0,0.0
2025-01-28 15:45:00+00:00,2025-01-28,2025-01-28:1,True,0,10,True,0.5393586005830904,0.23787885890534122,0.8186191090016296,True,0,0,0,True,0.6722834329777054,315.0,165.0,1.0,0.0,0.0,0.0,0.0
2025-01-28 15:50:00+00:00,2025-01-28,2025-01-28:1,True,3,5,True,0.5322033898305085,0.5322033898305085,-1.9393699933485,True,0,0,0,True,-0.46154054892059965,310.0,170.0,0.0,0.0,0.0,1.0,0.0
2025-01-28 15:55:00+00:00,2025-01-28,2025-01-28:1,True,0,5,True,0.47368421052631576,0.14866727510524747,1.1588301211721428,True,0,0,0,True,2.59122292531523,305.0,175.0,1.0,0.0,0.0,0.0,0.0
2025-01-28 16:00:00+00:00,2025-01-28,2025-01-28:1,True,0,10,True,0.6040100250626567,0.14018981263923905,1.4605934866807362,True,0,0,0,True,0.21592926488456948,300.0,180.0,1.0,0.0,0.0,0.0,0.0
2025-01-28 16:05:00+00:00,2025-01-28,2025-01-28:1,True,1,5,True,0.5304878048780488,0.18140843813746801,1.0730459164687698,True,0,0,0,True,-0.799801204066819,295.0,185.0,0.0,1.0,0.0,0.0,0.0
2025-01-28 16:10:00+00:00,2025-01-28,2025-01-28:1,True,1,10,True,0.5778364116094987,0.28349672176731333,0.7120902440462553,True,0,0,0,True,0.20313604393773743,290.0,190.0,0.0,1.0,0.0,0.0,0.0
2025-01-28 16:15:00+00:00,2025-01-28,2025-01-28:1,True,1,15,True,0.6513761467889908,0.4557797578130728,0.3570775682078689,True,0,0,0,True,-0.3992248578754217,285.0,195.0,0.0,1.0,0.0,0.0,0.0
2025-01-28 16:20:00+00:00,2025-01-28,2025-01-28:1,True,1,20,True,0.34844192634560905,0.08380774866996236,1.4249461079792907,True,0,0,0,True,0.7965690904282964,280.0,200.0,0.0,1.0,0.0,0.0,0.0
2025-01-28 16:25:00+00:00,2025-01-28,2025-01-28:1,True,2,5,True,0.49019607843137253,0.49019607843137253,-0.34998764189710724,True,0,0,0,True,0.21958917531117134,275.0,205.0,0.0,0.0,1.0,0.0,0.0
2025-01-28 16:30:00+00:00,2025-01-28,2025-01-28:1,True,1,5,True,0.6012084592145015,0.1517357078430043,1.3768014850790642,True,0,0,0,True,1.3505870720355904,270.0,210.0,0.0,1.0,0.0,0.0,0.0
2025-01-28 16:35:00+00:00,2025-01-28,2025-01-28:1,True,1,10,True,0.7408450704225352,0.13741728206294682,1.6847693705994693,True,0,0,0,True,1.2232470117710588,265.0,215.0,0.0,1.0,0.0,0.0,0.0
2025-01-28 16:40:00+00:00,2025-01-28,2025-01-28:1,True,1,15,True,0.5573770491803278,0.09007604726963053,1.8225876562180578,True,0,0,0,True,1.811302175224995,260.0,220.0,0.0,1.0,0.0,0.0,0.0
2025-01-28 16:45:00+00:00,2025-01-28,2025-01-28:1,True,2,5,True,0.4472049689440994,0.2876331968198599,0.4413309867770542,True,0,0,0,True,-0.670097822593126,255.0,225.0,0.0,0.0,1.0,0.0,0.0
2025-01-28 16:50:00+00:00,2025-01-28,2025-01-28:1,True,1,5,True,0.5626666666666666,0.08820331393592983,1.8530428512111674,True,0,0,0,True,1.0358824451313138,250.0,230.0,0.0,1.0,0.0,0.0,0.0
2025-01-28 16:55:00+00:00,2025-01-28,2025-01-28:1,True,1,10,True,0.49032258064516127,0.11774046867193136,1.4265807181902599,True,0,0,0,True,-0.6984284948021198,245.0,235.0,0.0,1.0,0.0,0.0,0.0
2025-01-28 17:00:00+00:00,2025-01-28,2025-01-28:1,True,1,15,True,0.6171284634760705,0.22618400144903697,1.0037283751167965,True,0,0,0,True,-0.6129706790610082,240.0,240.0,0.0,1.0,0.0,0.0,0.0
2025-01-28 17:05:00+00:00,2025-01-28,2025-01-28:1,True,1,20,True,0.6068376068376068,0.22742043002805215,0.9814608021327798,True,0,0,0,True,0.5875331086614625,235.0,245.0,0.0,1.0,0.0,0.0,0.0
2025-01-28 17:10:00+00:00,2025-01-28,2025-01-28:1,True,2,5,True,0.6593406593406593,0.6593406593406593,-0.4810906210708534,True,0,0,0,True,0.0,230.0,250.0,0.0,0.0,1.0,0.0,0.0
2025-01-28 17:15:00+00:00,2025-01-28,2025-01-28:1,True,2,10,True,0.7728531855955678,0.7728531855955678,-0.48476926955964456,True,0,0,0,True,-1.5737402684779154,225.0,255.0,0.0,0.0,1.0,0.0,0.0
2025-01-28 17:20:00+00:00,2025-01-28,2025-01-28:1,True,1,5,True,0.45345345345345345,0.08068456167140431,1.7263453740289452,True,0,0,0,True,0.0,220.0,260.0,0.0,1.0,0.0,0.0,0.0
2025-01-28 17:25:00+00:00,2025-01-28,2025-01-28:1,True,0,5,True,0.6291793313069909,0.6291793313069909,-0.8771294962646572,True,0,0,0,True,-0.9806605893589607,215.0,265.0,1.0,0.0,0.0,0.0,0.0
2025-01-28 17:30:00+00:00,2025-01-28,2025-01-28:1,True,1,5,True,0.5956284153005464,0.17815276244844305,1.2069756101320726,True,0,0,0,True,0.8996265038131994,210.0,270.0,0.0,1.0,0.0,0.0,0.0
2025-01-28 17:35:00+00:00,2025-01-28,2025-01-28:1,True,0,5,True,0.6844919786096256,0.45472546642729034,0.40898305968691606,True,0,0,0,True,0.019581359914528963,205.0,275.0,1.0,0.0,0.0,0.0,0.0
2025-01-28 17:40:00+00:00,2025-01-28,2025-01-28:1,True,1,5,True,0.7071823204419889,0.482973712829637,0.38132628424779813,True,0,0,0,True,-0.5124924063111038,200.0,280.0,0.0,1.0,0.0,0.0,0.0
2025-01-28 17:45:00+00:00,2025-01-28,2025-01-28:1,True,1,10,True,0.412987012987013,0.06675992095649116,1.8223132321166904,True,0,0,0,True,0.10714515202568889,195.0,285.0,0.0,1.0,0.0,0.0,0.0
2025-01-28 17:50:00+00:00,2025-01-28,2025-01-28:1,True,1,15,True,0.5331412103746398,0.12891764406089015,1.4196125417601977,True,0,0,0,True,-0.7935875362712015,190.0,290.0,0.0,1.0,0.0,0.0,0.0
2025-01-28 17:55:00+00:00,2025-01-28,2025-01-28:1,True,2,5,True,0.5583596214511041,0.5583596214511041,-0.8534782001126813,True,0,0,0,True,0.43355542101419403,185.0,295.0,0.0,0.0,1.0,0.0,0.0
2025-01-28 18:00:00+00:00,2025-01-28,2025-01-28:1,True,0,5,True,0.265,0.265,-1.2390187112594429,True,0,0,0,True,-0.6995531783654236,180.0,300.0,1.0,0.0,0.0,0.0,0.0
2025-01-28 18:05:00+00:00,2025-01-28,2025-01-28:1,True,0,10,True,-0.6022099447513812,0.05864404750822,-2.3291200517575628,True,0,0,0,True,-1.3020176908723973,175.0,305.0,1.0,0.0,0.0,0.0,0.0
2025-01-28 18:10:00+00:00,2025-01-28,2025-01-28:1,True,3,5,True,-0.49693251533742333,0.16117035976972519,-1.125992292078133,True,0,0,0,True,0.3066372626758042,170.0,310.0,0.0,0.0,0.0,1.0,0.0
2025-01-28 18:15:00+00:00,2025-01-28,2025-01-28:1,True,3,10,True,-0.22941176470588234,0.07690303921674156,-1.0929730906567416,True,0,0,0,True,-0.006712302687846169,165.0,315.0,0.0,0.0,0.0,1.0,0.0
2025-01-28 18:20:00+00:00,2025-01-28,2025-01-28:1,True,3,15,True,-0.5895953757225434,0.05549190784670033,-2.3631992922107172,True,0,0,0,True,-0.8454387474427226,160.0,320.0,0.0,0.0,0.0,1.0,0.0
2025-01-28 18:25:00+00:00,2025-01-28,2025-01-28:1,True,4,5,True,-0.36070381231671556,0.36070381231671556,0.0,True,0,0,0,True,-0.8723970803387784,155.0,325.0,0.0,0.0,0.0,0.0,1.0
2025-01-28 18:30:00+00:00,2025-01-28,2025-01-28:1,True,4,10,True,-0.7232375979112271,0.5633868135018523,-0.24977134603549314,True,0,0,0,True,-0.7976312882811152,150.0,330.0,0.0,0.0,0.0,0.0,1.0
2025-01-28 18:35:00+00:00,2025-01-28,2025-01-28:1,True,3,5,True,-0.3930635838150289,0.1165946235135352,-1.2152682273257616,True,0,0,0,True,1.6888939627470907,145.0,335.0,0.0,0.0,0.0,1.0,0.0
2025-01-28 18:40:00+00:00,2025-01-28,2025-01-28:1,True,3,10,True,-0.8670212765957447,0.29015299638761644,-1.094655159346132,True,0,0,0,True,0.027501376494777637,140.0,340.0,0.0,0.0,0.0,1.0,0.0
2025-01-28 18:45:00+00:00,2025-01-28,2025-01-28:1,True,3,15,True,-0.7777777777777778,0.3622042723329574,-0.7642325098135955,True,0,0,0,True,0.31544587440965133,135.0,345.0,0.0,0.0,0.0,1.0,0.0
2025-01-28 18:50:00+00:00,2025-01-28,2025-01-28:1,True,4,5,True,-0.5123287671232877,0.5123287671232877,0.2717819249147405,True,1,0,0,True,0.0,130.0,350.0,0.0,0.0,0.0,0.0,1.0
2025-01-28 18:55:00+00:00,2025-01-28,2025-01-28:1,True,4,10,True,-0.6981132075471698,0.5300391735809034,-0.27543036184266145,True,1,0,0,True,0.32715948656311855,125.0,355.0,0.0,0.0,0.0,0.0,1.0
2025-01-28 19:00:00+00:00,2025-01-28,2025-01-28:1,True,3,5,True,-0.568733153638814,0.2336382728389612,-0.8896372731089919,True,0,1,1,True,0.0,120.0,360.0,0.0,0.0,0.0,1.0,0.0
2025-01-28 19:05:00+00:00,2025-01-28,2025-01-28:1,True,3,10,True,-0.5098039215686274,0.11220304494291758,-1.5137160530302634,True,0,0,1,True,-0.6769543986408995,115.0,365.0,0.0,0.0,0.0,1.0,0.0
2025-01-28 19:10:00+00:00,2025-01-28,2025-01-28:1,True,3,15,True,-0.5945205479452055,0.23503450871880008,-0.9280229299647923,True,0,0,1,True,0.6917074520259454,110.0,370.0,0.0,0.0,0.0,1.0,0.0
2025-01-28 19:15:00+00:00,2025-01-28,2025-01-28:1,True,4,5,True,-0.5485714285714286,0.5485714285714286,0.31956842268395835,True,1,0,1,True,1.7508424541427485,105.0,375.0,0.0,0.0,0.0,0.0,1.0
2025-01-28 19:20:00+00:00,2025-01-28,2025-01-28:1,True,4,10,True,-0.4675324675324675,0.4675324675324675,0.15772450785923367,True,1,0,1,True,0.3940427005898255,100.0,380.0,0.0,0.0,0.0,0.0,1.0
2025-01-28 19:25:00+00:00,2025-01-28,2025-01-28:1,True,4,15,True,-0.6277915632754343,0.5340938101120503,-0.16163670786457876,True,1,0,1,True,1.1332739587459493,95.0,385.0,0.0,0.0,0.0,0.0,1.0
2025-01-28 19:30:00+00:00,2025-01-28,2025-01-28:1,True,0,5,True,-0.4252199413489736,0.4252199413489736,1.4083822406612982,True,1,0,1,True,0.7333232315733993,90.0,390.0,1.0,0.0,0.0,0.0,0.0
2025-01-28 19:35:00+00:00,2025-01-28,2025-01-28:1,True,0,10,True,-0.23129251700680273,0.23129251700680273,0.0,True,1,0,1,True,0.4896407007284717,85.0,395.0,1.0,0.0,0.0,0.0,0.0
2025-01-28 19:40:00+00:00,2025-01-28,2025-01-28:1,True,0,15,True,-0.26495726495726496,0.04988699865205671,-1.6698081279155714,True,0,0,1,True,1.0845068097186668,80.0,400.0,1.0,0.0,0.0,0.0,0.0
2025-01-28 19:45:00+00:00,2025-01-28,2025-01-28:1,True,0,20,True,-0.45396825396825397,0.08482712073787771,-1.6774119587279328,True,0,0,1,True,-1.3336112285093022,75.0,405.0,1.0,0.0,0.0,0.0,0.0
2025-01-28 19:50:00+00:00,2025-01-28,2025-01-28:1,True,3,5,True,-0.43234323432343236,0.12529803703663356,-1.2385246010028834,True,0,0,1,True,-2.3569049686761905,70.0,410.0,0.0,0.0,0.0,1.0,0.0
2025-01-28 19:55:00+00:00,2025-01-28,2025-01-28:1,True,4,5,True,-0.3150684931506849,0.3150684931506849,0.0,True,0,0,1,True,0.9661879713856356,65.0,415.0,0.0,0.0,0.0,0.0,1.0
2025-01-28 20:00:00+00:00,2025-01-28,2025-01-28:1,True,3,5,True,-0.41333333333333333,0.08376686469824118,-1.5962168499666818,True,0,0,1,True,0.0,60.0,420.0,0.0,0.0,0.0,1.0,0.0
2025-01-28 20:05:00+00:00,2025-01-28,2025-01-28:1,True,4,5,True,-0.5254237288135594,0.5254237288135594,0.0,True,0,0,1,True,0.46058280554291203,55.0,425.0,0.0,0.0,0.0,0.0,1.0
2025-01-28 20:10:00+00:00,2025-01-28,2025-01-28:1,True,4,10,True,-0.15328467153284672,0.15328467153284672,0.40572512952134154,True,1,0,1,True,-0.907228969792205,50.0,430.0,0.0,0.0,0.0,0.0,1.0
2025-01-28 20:15:00+00:00,2025-01-28,2025-01-28:1,True,0,5,True,0.08794788273615635,0.02637769567416396,1.204225605170175,True,1,0,1,True,0.47087388423966886,45.0,435.0,1.0,0.0,0.0,0.0,0.0
2025-01-28 20:20:00+00:00,2025-01-28,2025-01-28:1,True,3,5,True,0.3967391304347826,0.3967391304347826,-2.6784624061772337,True,0,1,2,True,-0.46006232725570767,40.0,440.0,0.0,0.0,0.0,1.0,0.0
2025-01-28 20:25:00+00:00,2025-01-28,2025-01-28:1,True,3,10,True,0.18251928020565553,0.18251928020565553,-0.45066407302131795,True,0,0,2,True,-0.5134696391214906,35.0,445.0,0.0,0.0,0.0,1.0,0.0
2025-01-28 20:30:00+00:00,2025-01-28,2025-01-28:1,True,0,5,True,0.4415954415954416,0.27264731361200406,0.48221510399295536,True,0,0,2,True,-1.0782657523084431,30.0,450.0,1.0,0.0,0.0,0.0,0.0
2025-01-28 20:35:00+00:00,2025-01-28,2025-01-28:1,True,0,10,True,0.4603174603174603,0.4603174603174603,0.0,True,0,0,2,True,0.4307886077548501,25.0,455.0,1.0,0.0,0.0,0.0,0.0
2025-01-28 20:40:00+00:00,2025-01-28,2025-01-28:1,True,0,15,True,0.3746130030959752,0.0587241261549562,1.8530428512121884,True,0,0,2,True,1.6212840925343026,20.0,460.0,1.0,0.0,0.0,0.0,0.0
2025-01-28 20:45:00+00:00,2025-01-28,2025-01-28:1,True,0,20,True,0.3795180722891566,0.2450651427535578,0.43737815302452726,True,0,0,2,True,0.5349853488180495,15.0,465.0,1.0,0.0,0.0,0.0,0.0
2025-01-28 20:50:00+00:00,2025-01-28,2025-01-28:1,True,2,5,True,0.5015015015015015,0.5015015015015015,0.0,True,0,0,2,True,0.9815943614709439,10.0,470.0,0.0,0.0,1.0,0.0,0.0
2025-01-28 20:55:00+00:00,2025-01-28,2025-01-28:1,True,0,5,True,0.4110787172011662,0.4110787172011662,-0.899395207627643,True,0,0,2,True,0.0,5.0,475.0,1.0,0.0,0.0,0.0,0.0
2025-01-28 21:00:00+00:00,2025-01-28,2025-01-28:1,True,1,5,True,0.546742209631728,0.08891882428454877,1.8162535441162102,True,0,0,2,True,1.0153165972539684,0.0,480.0,0.0,1.0,0.0,0.0,0.0
2025-01-29 13:00:00+00:00,2025-01-29,2025-01-29:1,False,-1,0,False,,,,False,0,0,0,False,,480.0,0.0,,,,,
2025-01-29 13:05:00+00:00,2025-01-29,2025-01-29:1,False,-1,0,True,0.13580246913580246,,,False,0,0,0,False,,475.0,5.0,,,,,
2025-01-29 13:10:00+00:00,2025-01-29,2025-01-29:1,False,-1,0,True,0.14098360655737704,,,False,0,0,0,False,,470.0,10.0,,,,,
2025-01-29 13:15:00+00:00,2025-01-29,2025-01-29:1,False,-1,0,True,0.20388349514563106,,,False,0,0,0,False,,465.0,15.0,,,,,
2025-01-29 13:20:00+00:00,2025-01-29,2025-01-29:1,False,-1,0,True,0.35802469135802467,,,False,0,0,0,False,,460.0,20.0,,,,,
2025-01-29 13:25:00+00:00,2025-01-29,2025-01-29:1,False,-1,0,True,0.5113636363636364,,,False,0,0,0,False,,455.0,25.0,,,,,
2025-01-29 13:30:00+00:00,2025-01-29,2025-01-29:1,False,-1,0,True,0.787819253438114,,,False,0,0,0,False,,450.0,30.0,,,,,
2025-01-29 13:35:00+00:00,2025-01-29,2025-01-29:1,False,-1,0,True,0.967828418230563,,,False,0,0,0,False,,445.0,35.0,,,,,
2025-01-29 13:40:00+00:00,2025-01-29,2025-01-29:1,False,-1,0,True,0.9518716577540107,,,False,0,0,0,False,,440.0,40.0,,,,,
2025-01-29 13:45:00+00:00,2025-01-29,2025-01-29:1,False,-1,0,True,0.9551122194513716,,,False,0,0,0,False,,435.0,45.0,,,,,
2025-01-29 13:50:00+00:00,2025-01-29,2025-01-29:1,False,-1,0,True,0.9635416666666666,,,False,0,0,0,False,,430.0,50.0,,,,,
2025-01-29 13:55:00+00:00,2025-01-29,2025-01-29:1,False,-1,0,True,0.9022556390977443,,,False,0,0,0,False,,425.0,55.0,,,,,
2025-01-29 14:00:00+00:00,2025-01-29,2025-01-29:1,False,-1,0,True,0.900990099009901,,,False,0,0,0,False,,420.0,60.0,,,,,
2025-01-29 14:05:00+00:00,2025-01-29,2025-01-29:1,True,1,5,True,0.863905325443787,0.2045912100234256,1.440449294935095,True,0,0,0,False,,415.0,65.0,0.0,1.0,0.0,0.0,0.0
2025-01-29 14:10:00+00:00,2025-01-29,2025-01-29:1,True,2,5,True,0.888641425389755,0.5497942092184008,0.4801497649778937,True,0,0,0,False,,410.0,70.0,0.0,0.0,1.0,0.0,0.0
2025-01-29 14:15:00+00:00,2025-01-29,2025-01-29:1,True,1,5,True,0.8941798941798942,0.2001515602895316,1.4968320978364138,True,0,0,0,False,,405.0,75.0,0.0,1.0,0.0,0.0,0.0
2025-01-29 14:20:00+00:00,2025-01-29,2025-01-29:1,True,1,10,True,0.8835443037974684,0.19189441932674747,1.5269961148456106,True,0,0,0,False,,400.0,80.0,0.0,1.0,0.0,0.0,0.0
2025-01-29 14:25:00+00:00,2025-01-29,2025-01-29:1,True,2,5,True,0.7288135593220338,0.4273579681199318,0.5337959559124908,True,0,0,0,False,,395.0,85.0,0.0,0.0,1.0,0.0,0.0
2025-01-29 14:30:00+00:00,2025-01-29,2025-01-29:1,True,2,10,True,0.30357142857142855,0.30357142857142855,-0.781845034334773,True,0,0,0,False,,390.0,90.0,0.0,0.0,1.0,0.0,0.0
2025-01-29 14:35:00+00:00,2025-01-29,2025-01-29:1,True,2,15,True,0.42483660130718953,0.42483660130718953,0.0,True,0,0,0,False,,385.0,95.0,0.0,0.0,1.0,0.0,0.0
2025-01-29 14:40:00+00:00,2025-01-29,2025-01-29:1,True,1,5,True,0.6342857142857142,0.17247760967096126,1.302232077333083,True,0,0,0,False,,380.0,100.0,0.0,1.0,0.0,0.0,0.0
2025-01-29 14:45:00+00:00,2025-01-29,2025-01-29:1,True,2,5,True,0.7622739018087855,0.7622739018087855,0.0,True,0,0,0,False,,375.0,105.0,0.0,0.0,1.0,0.0,0.0
2025-01-29 14:50:00+00:00,2025-01-29,2025-01-29:1,True,1,5,True,0.574585635359116,0.07978642659809271,1.9742957496250646,True,0,0,0,False,,370.0,110.0,0.0,1.0,0.0,0.0,0.0
2025-01-29 14:55:00+00:00,2025-01-29,2025-01-29:1,True,0,5,True,0.1717171717171717,0.1717171717171717,-3.5853693369100257,True,0,0,0,False,,365.0,115.0,1.0,0.0,0.0,0.0,0.0
2025-01-29 15:00:00+00:00,2025-01-29,2025-01-29:1,True,3,5,True,0.43492063492063493,0.43492063492063493,-1.3858473641302735,True,0,0,0,False,,360.0,120.0,0.0,0.0,0.0,1.0,0.0
2025-01-29 15:05:00+00:00,2025-01-29,2025-01-29:1,True,3,10,True,0.3460620525059666,0.3460620525059666,-1.073822360794034,True,0,0,0,True,0.0,355.0,125.0,0.0,0.0,0.0,1.0,0.0
2025-01-29 15:10:00+00:00,2025-01-29,2025-01-29:1,True,4,5,True,0.47774480712166173,0.27561871456506676,0.5500582719722275,True,0,0,0,True,1.229967687715968,350.0,130.0,0.0,0.0,0.0,0.0,1.0
2025-01-29 15:15:00+00:00,2025-01-29,2025-01-29:1,True,4,10,True,0.52,0.2227323955975181,0.8478577804576638,True,0,0,0,True,2.676027446555286,345.0,135.0,0.0,0.0,0.0,0.0,1.0
2025-01-29 15:20:00+00:00,2025-01-29,2025-01-29:1,True,4,15,True,0.518918918918919,0.0732953320014537,1.9572507219795854,True,0,0,0,True,2.2081348047406797,340.0,140.0,0.0,0.0,0.0,0.0,1.0
2025-01-29 15:25:00+00:00,2025-01-29,2025-01-29:1,True,1,5,True,0.6711590296495957,0.17137105058484065,1.3651750206792832,True,0,0,0,True,0.36237721613222573,335.0,145.0,0.0,1.0,0.0,0.0,0.0
2025-01-29 15:30:00+00:00,2025-01-29,2025-01-29:1,True,2,5,True,0.05399568034557235,0.05399568034557235,-0.21824725019425834,True,0,0,0,True,-0.9464737938165911,330.0,150.0,0.0,0.0,1.0,0.0,0.0
2025-01-29 15:35:00+00:00,2025-01-29,2025-01-29:1,True,1,5,True,-0.8992443324937027,0.8992443324937027,0.6269501067637915,True,0,0,0,True,0.934602038150611,325.0,155.0,0.0,1.0,0.0,0.0,0.0
2025-01-29 15:40:00+00:00,2025-01-29,2025-01-29:1,True,0,5,True,-0.8283433133732535,0.12044059787979876,-1.9282710303969117,True,0,0,0,True,0.28155194783355464,320.0,160.0,1.0,0.0,0.0,0.0,0.0
2025-01-29 15:45:00+00:00,2025-01-29,2025-01-29:1,True,0,10,True,-0.893491124260355,0.14175415436496341,-1.8410421510062522,True,0,0,0,True,-0.7484900725614833,315.0,165.0,1.0,0.0,0.0,0.0,0.0
2025-01-29 15:50:00+00:00,2025-01-29,2025-01-29:1,True,3,5,True,-0.8985915492957747,0.1704034616452865,-1.6626596632829371,True,0,0,0,True,0.5238014421018645,310.0,170.0,0.0,0.0,0.0,1.0,0.0
2025-01-29 15:55:00+00:00,2025-01-29,2025-01-29:1,True,3,10,True,-0.9050279329608939,0.17099916470198578,-1.666307136666746,True,0,0,0,True,-0.2006391841083076,305.0,175.0,0.0,0.0,0.0,1.0,0.0
2025-01-29 16:00:00+00:00,2025-01-29,2025-01-29:1,True,3,15,True,-0.9168704156479217,0.4685523201447557,-0.6713183775972791,True,0,0,0,True,1.3133439359956944,300.0,180.0,0.0,0.0,0.0,1.0,0.0
2025-01-29 16:05:00+00:00,2025-01-29,2025-01-29:1,True,4,5,True,-0.8297872340425532,0.8297872340425532,0.0,True,0,0,0,True,-1.5842232272040693,295.0,185.0,0.0,0.0,0.0,0.0,1.0
2025-01-29 16:10:00+00:00,2025-01-29,2025-01-29:1,True,3,5,True,-0.7165775401069518,0.2949090066487649,-0.8878196053578414,True,0,0,0,True,0.0,290.0,190.0,0.0,0.0,0.0,1.0,0.0
2025-01-29 16:15:00+00:00,2025-01-29,2025-01-29:1,True,4,5,True,-0.7735849056603774,0.7735849056603774,0.8701834584368214,True,1,0,0,True,-0.7356402641689507,285.0,195.0,0.0,0.0,0.0,0.0,1.0
2025-01-29 16:20:00+00:00,2025-01-29,2025-01-29:1,True,3,5,True,-0.7169811320754716,0.07457432640411757,-2.2632532272587675,True,0,1,1,True,-0.6325985083053486,280.0,200.0,0.0,0.0,0.0,1.0,0.0
2025-01-29 16:25:00+00:00,2025-01-29,2025-01-29:1,True,3,10,True,-0.783375314861461,0.5771908686241451,-0.3054389038240931,True,0,0,1,True,0.20354826952331853,275.0,205.0,0.0,0.0,0.0,1.0,0.0
2025-01-29 16:30:00+00:00,2025-01-29,2025-01-29:1,True,3,15,True,-0.8038147138964578,0.5902640097376182,-0.308798876322758,True,0,0,1,True,-1.1679234377929495,270.0,210.0,0.0,0.0,0.0,1.0,0.0
2025-01-29 16:35:00+00:00,2025-01-29,2025-01-29:1,True,3,20,True,-0.8208092485549133,0.22928823419962727,-1.2753108653584604,True,0,0,1,True,-0.22724410863963168,265.0,215.0,0.0,0.0,0.0,1.0,0.0
2025-01-29 16:40:00+00:00,2025-01-29,2025-01-29:1,True,3,25,True,-0.6919191919191919,0.3475404859533738,-0.6885880095565726,True,0,0,1,True,0.28818969155996765,260.0,220.0,0.0,0.0,0.0,1.0,0.0
2025-01-29 16:45:00+00:00,2025-01-29,2025-01-29:1,True,4,5,True,-0.682983682983683,0.682983682983683,0.3326358529472212,True,1,0,1,True,0.1356711344933542,255.0,225.0,0.0,0.0,0.0,0.0,1.0
2025-01-29 16:50:00+00:00,2025-01-29,2025-01-29:1,True,3,5,True,-0.6596736596736597,0.05978905946434471,-2.400922565579808,True,0,1,2,True,-1.431633617427522,250.0,230.0,0.0,0.0,0.0,1.0,0.0
2025-01-29 16:55:00+00:00,2025-01-29,2025-01-29:1,True,4,5,True,-0.6649484536082474,0.6649484536082474,0.31523310071444277,True,1,0,2,True,0.0,245.0,235.0,0.0,0.0,0.0,0.0,1.0
2025-01-29 17:00:00+00:00,2025-01-29,2025-01-29:1,True,3,5,True,-0.5492063492063493,0.09321332227163878,-1.7735835803493478,True,0,1,3,True,-0.8375989258848356,240.0,240.0,0.0,0.0,0.0,1.0,0.0
2025-01-29 17:05:00+00:00,2025-01-29,2025-01-29:1,True,3,10,True,-0.6524216524216524,0.24761406059895175,-0.9688197323160742,True,0,0,3,True,-0.27348991013413687,235.0,245.0,0.0,0.0,0.0,1.0,0.0
2025-01-29 17:10:00+00:00,2025-01-29,2025-01-29:1,True,3,15,True,-0.6954022988505747,0.15157737358691362,-1.523394314041031,True,0,0,3,True,0.0,230.0,250.0,0.0,0.0,0.0,1.0,0.0
2025-01-29 17:15:00+00:00,2025-01-29,2025-01-29:1,True,3,20,True,-0.6273291925465838,0.18608493392873648,-1.2152682273258564,True,0,0,3,True,-0.14354784501394918,225.0,255.0,0.0,0.0,0.0,1.0,0.0
2025-01-29 17:20:00+00:00,2025-01-29,2025-01-29:1,True,4,5,True,-0.5186440677966102,0.5186440677966102,0.0,True,0,0,3,True,0.6951858595695489,220.0,260.0,0.0,0.0,0.0,0.0,1.0
2025-01-29 17:25:00+00:00,2025-01-29,2025-01-29:1,True,4,10,True,-0.7230769230769231,0.7230769230769231,0.24095180174034114,True,1,0,3,True,-0.38604405384841234,215.0,265.0,0.0,0.0,0.0,0.0,1.0
2025-01-29 17:30:00+00:00,2025-01-29,2025-01-29:1,True,4,15,True,-0.40789473684210525,0.40789473684210525,0.9265214256057996,True,1,0,3,True,0.6398074430191268,210.0,270.0,0.0,0.0,0.0,0.0,1.0
2025-01-29 17:35:00+00:00,2025-01-29,2025-01-29:1,True,0,5,True,-0.4923547400611621,0.3907013293135696,-0.23125606862463047,True,1,0,3,True,1.5513128689635598,205.0,275.0,1.0,0.0,0.0,0.0,0.0
2025-01-29 17:40:00+00:00,2025-01-29,2025-01-29:1,True,0,10,True,-0.34219269102990035,0.34219269102990035,0.0,True,1,0,3,True,-0.10073467727695766,200.0,280.0,1.0,0.0,0.0,0.0,0.0
2025-01-29 17:45:00+00:00,2025-01-29,2025-01-29:1,True,0,15,True,-0.48129675810473815,0.48129675810473815,0.0,True,1,0,3,True,0.5179804768932041,195.0,285.0,1.0,0.0,0.0,0.0,0.0
2025-01-29 17:50:00+00:00,2025-01-29,2025-01-29:1,True,0,20,True,-0.4166666666666667,0.4166666666666667,0.4347431445218168,True,0,0,3,True,-0.129668204977523,190.0,290.0,1.0,0.0,0.0,0.0,0.0
2025-01-29 17:55:00+00:00,2025-01-29,2025-01-29:1,True,1,5,True,-0.5483870967741935,0.5483870967741935,1.5947826925794286,True,0,0,3,True,-0.07048647860725366,185.0,295.0,0.0,1.0,0.0,0.0,0.0
2025-01-29 18:00:00+00:00,2025-01-29,2025-01-29:1,True,1,10,True,-0.6019184652278178,0.6019184652278178,0.6885042055806424,True,0,0,3,True,0.3209836675234579,180.0,300.0,0.0,1.0,0.0,0.0,0.0
2025-01-29 18:05:00+00:00,2025-01-29,2025-01-29:1,True,2,5,True,-0.34868421052631576,0.19422172214886885,-0.5851662675604227,True,0,0,3,True,0.33216205867721665,175.0,305.0,0.0,0.0,1.0,0.0,0.0
2025-01-29 18:10:00+00:00,2025-01-29,2025-01-29:1,True,2,10,True,-0.5098591549295775,0.45508968488154133,-0.11364001161538617,True,0,0,3,True,0.13537531244762352,170.0,310.0,0.0,0.0,1.0,0.0,0.0
2025-01-29 18:15:00+00:00,2025-01-29,2025-01-29:1,True,0,5,True,-0.0893371757925072,0.049247899090442394,-0.5955509948742905,True,0,0,3,True,0.9551048681310116,165.0,315.0,1.0,0.0,0.0,0.0,0.0
2025-01-29 18:20:00+00:00,2025-01-29,2025-01-29:1,True,0,10,True,0.358974358974359,0.358974358974359,-0.5850246558381259,True,0,0,3,True,-1.1068281095670776,160.0,320.0,1.0,0.0,0.0,0.0,0.0
2025-01-29 18:25:00+00:00,2025-01-29,2025-01-29:1,True,0,15,True,-0.31092436974789917,0.31092436974789917,2.0625195981967894,True,0,0,3,True,1.3642920827258824,155.0,325.0,1.0,0.0,0.0,0.0,0.0
2025-01-29 18:30:00+00:00,2025-01-29,2025-01-29:1,True,0,20,True,0.036827195467422094,0.029416453896529873,0.22468240537039305,True,0,0,3,True,0.0,150.0,330.0,1.0,0.0,0.0,0.0,0.0
2025-01-29 18:35:00+00:00,2025-01-29,2025-01-29:1,True,0,25,True,0.0440251572327044,0.0440251572327044,-0.9994511740537103,True,0,0,3,True,0.0,145.0,335.0,1.0,0.0,0.0,0.0,0.0
2025-01-29 18:40:00+00:00,2025-01-29,2025-01-29:1,True,0,30,True,-0.14868804664723032,0.0486879512502702,-1.1164188726542736,True,0,0,3,True,-0.49927769812315975,140.0,340.0,1.0,0.0,0.0,0.0,0.0
2025-01-29 18:45:00+00:00,2025-01-29,2025-01-29:1,True,0,35,True,-0.3677811550151976,0.2939366573442375,-0.22412378089784743,True,0,0,3,True,0.8553758255918567,135.0,345.0,1.0,0.0,0.0,0.0,0.0
2025-01-29 18:50:00+00:00,2025-01-29,2025-01-29:1,True,0,40,True,-0.5882352941176471,0.5882352941176471,0.0,True,0,0,3,True,0.0,130.0,350.0,1.0,0.0,0.0,0.0,0.0
2025-01-29 18:55:00+00:00,2025-01-29,2025-01-29:1,True,3,5,True,-0.6239316239316239,0.3053901987929864,-0.7144504860789935,True,0,0,3,True,-0.6390239413714323,125.0,355.0,0.0,0.0,0.0,1.0,0.0
2025-01-29 19:00:00+00:00,2025-01-29,2025-01-29:1,True,3,10,True,-0.655786350148368,0.21854300409074395,-1.0988522399168132,True,0,0,3,True,0.5026938627794374,120.0,360.0,0.0,0.0,0.0,1.0,0.0
2025-01-29 19:05:00+00:00,2025-01-29,2025-01-29:1,True,3,15,True,-0.7467700258397932,0.3926659257922621,-0.6427980853000665,True,0,0,3,True,0.0,115.0,365.0,0.0,0.0,0.0,1.0,0.0
2025-01-29 19:10:00+00:00,2025-01-29,2025-01-29:1,True,3,20,True,-0.6256410256410256,0.32613359594721386,-0.6514696642124068,True,0,0,3,True,-0.7283652272289519,110.0,370.0,0.0,0.0,0.0,1.0,0.0
2025-01-29 19:15:00+00:00,2025-01-29,2025-01-29:1,True,3,25,True,-0.6533333333333333,0.466905747564491,-0.3359600516007337,True,0,0,3,True,0.0,105.0,375.0,0.0,0.0,0.0,1.0,0.0
2025-01-29 19:20:00+00:00,2025-01-29,2025-01-29:1,True,4,5,True,-0.510989010989011,0.510989010989011,0.3600070171549151,True,1,0,3,True,0.8050001627353232,100.0,380.0,0.0,0.0,0.0,0.0,1.0
2025-01-29 19:25:00+00:00,2025-01-29,2025-01-29:1,True,3,5,True,-0.7270471464019851,0.4866849745572666,-0.4013742817725364,True,1,0,3,True,-0.8975001784635463,95.0,385.0,0.0,0.0,0.0,1.0,0.0
2025-01-29 19:30:00+00:00,2025-01-29,2025-01-29:1,True,3,10,True,-0.7134986225895317,0.42462686812899786,-0.5189696804662179,True,0,1,4,True,-0.6710243949649178,90.0,390.0,0.0,0.0,0.0,1.0,0.0
2025-01-29 19:35:00+00:00,2025-01-29,2025-01-29:1,True,4,5,True,-0.5743589743589743,0.5743589743589743,0.0,True,0,0,4,True,1.280487401411626,85.0,395.0,0.0,0.0,0.0,0.0,1.0
2025-01-29 19:40:00+00:00,2025-01-29,2025-01-29:1,True,0,5,True,-0.7220708446866485,0.7220708446866485,0.0,True,0,0,4,True,-1.2512709151645585,80.0,400.0,1.0,0.0,0.0,0.0,0.0
2025-01-29 19:45:00+00:00,2025-01-29,2025-01-29:1,True,0,10,True,-0.20134228187919462,0.20134228187919462,0.0,True,0,0,4,True,0.0,75.0,405.0,1.0,0.0,0.0,0.0,0.0
2025-01-29 19:50:00+00:00,2025-01-29,2025-01-29:1,True,0,15,True,-0.5130434782608696,0.2918947031668719,-0.5639674628830609,True,0,0,4,True,-1.2610695841046138,70.0,410.0,1.0,0.0,0.0,0.0,0.0
2025-01-29 19:55:00+00:00,2025-01-29,2025-01-29:1,True,3,5,True,-0.4624277456647399,0.15530191391506898,-1.09111926509326,True,0,0,4,True,-1.219908424152338,65.0,415.0,0.0,0.0,0.0,1.0,0.0
2025-01-29 20:00:00+00:00,2025-01-29,2025-01-29:1,True,3,10,True,-0.7151515151515152,0.08740631396300443,-2.1019269073554305,True,0,0,4,True,0.21610870861484444,60.0,420.0,0.0,0.0,0.0,1.0,0.0
2025-01-29 20:05:00+00:00,2025-01-29,2025-01-29:1,True,4,5,True,-0.542997542997543,0.542997542997543,0.0,True,0,0,4,True,-0.5447291936200515,55.0,425.0,0.0,0.0,0.0,0.0,1.0
2025-01-29 20:10:00+00:00,2025-01-29,2025-01-29:1,True,3,5,True,-0.40869565217391307,0.1397428052146068,-1.073167124877673,True,0,0,4,True,-0.6174936934355608,50.0,430.0,0.0,0.0,0.0,1.0,0.0
2025-01-29 20:15:00+00:00,2025-01-29,2025-01-29:1,True,3,10,True,-0.5411764705882353,0.18652441752601545,-1.0651832633945157,True,0,0,4,True,0.0,45.0,435.0,0.0,0.0,0.0,1.0,0.0
2025-01-29 20:20:00+00:00,2025-01-29,2025-01-29:1,True,4,5,True,-0.5469255663430421,0.5469255663430421,0.5011515649950631,True,1,0,4,True,0.0,40.0,440.0,0.0,0.0,0.0,0.0,1.0
2025-01-29 20:25:00+00:00,2025-01-29,2025-01-29:1,True,3,5,True,-0.646112600536193,0.2474723976594706,-0.9596747416477626,True,0,1,5,True,0.44160327969832547,35.0,445.0,0.0,0.0,0.0,1.0,0.0
2025-01-29 20:30:00+00:00,2025-01-29,2025-01-29:1,True,3,10,True,-0.5339805825242718,0.20629468656033959,-0.9510538121272899,True,0,0,5,True,-1.0633104870899779,30.0,450.0,0.0,0.0,0.0,1.0,0.0
2025-01-29 20:35:00+00:00,2025-01-29,2025-01-29:1,True,4,5,True,-0.6077348066298343,0.6077348066298343,0.46666813141593094,True,1,0,5,True,1.5334655398966819,25.0,455.0,0.0,0.0,0.0,0.0,1.0
2025-01-29 20:40:00+00:00,2025-01-29,2025-01-29:1,True,3,5,True,-0.44808743169398907,0.2746520614758968,-0.48948330781564686,True,1,0,5,True,0.0,20.0,460.0,0.0,0.0,0.0,1.0,0.0
2025-01-29 20:45:00+00:00,2025-01-29,2025-01-29:1,True,3,10,True,-0.5933014354066986,0.21948960584244034,-0.9943977150213456,True,0,1,6,True,0.0,15.0,465.0,0.0,0.0,0.0,1.0,0.0
2025-01-29 20:50:00+00:00,2025-01-29,2025-01-29:1,True,4,5,True,-0.21428571428571427,0.21428571428571427,0.0,True,0,0,6,True,0.0,10.0,470.0,0.0,0.0,0.0,0.0,1.0
2025-01-29 20:55:00+00:00,2025-01-29,2025-01-29:1,True,4,10,True,-0.29562982005141386,0.29562982005141386,0.0,True,0,0,6,True,0.0,5.0,475.0,0.0,0.0,0.0,0.0,1.0
2025-01-29 21:00:00+00:00,2025-01-29,2025-01-29:1,True,3,5,True,-0.3665480427046263,0.021755097386170506,-2.824281505219402,True,0,0,6,True,-1.0205650948290066,0.0,480.0,0.0,0.0,0.0,1.0,0.0
2025-01-30 13:00:00+00:00,2025-01-30,2025-01-30:1,False,-1,0,False,,,,False,0,0,0,False,,480.0,0.0,,,,,
2025-01-30 13:05:00+00:00,2025-01-30,2025-01-30:1,False,-1,0,True,0.056338028169014086,,,False,0,0,0,False,,475.0,5.0,,,,,
2025-01-30 13:10:00+00:00,2025-01-30,2025-01-30:1,False,-1,0,True,0.2625,,,False,0,0,0,False,,470.0,10.0,,,,,
2025-01-30 13:15:00+00:00,2025-01-30,2025-01-30:1,False,-1,0,True,-0.17159763313609466,,,False,0,0,0,False,,465.0,15.0,,,,,
2025-01-30 13:20:00+00:00,2025-01-30,2025-01-30:1,False,-1,0,True,0.11945392491467577,,,False,0,0,0,False,,460.0,20.0,,,,,
2025-01-30 13:25:00+00:00,2025-01-30,2025-01-30:1,False,-1,0,True,0.049689440993788817,,,False,0,0,0,False,,455.0,25.0,,,,,
2025-01-30 13:30:00+00:00,2025-01-30,2025-01-30:1,False,-1,0,True,-0.14646464646464646,,,False,0,0,0,False,,450.0,30.0,,,,,
2025-01-30 13:35:00+00:00,2025-01-30,2025-01-30:1,False,-1,0,True,0.3850746268656716,,,False,0,0,0,False,,445.0,35.0,,,,,
2025-01-30 13:40:00+00:00,2025-01-30,2025-01-30:1,False,-1,0,True,0.501432664756447,,,False,0,0,0,False,,440.0,40.0,,,,,
2025-01-30 13:45:00+00:00,2025-01-30,2025-01-30:1,False,-1,0,True,0.7215189873417721,,,False,0,0,0,False,,435.0,45.0,,,,,
2025-01-30 13:50:00+00:00,2025-01-30,2025-01-30:1,False,-1,0,True,0.07063197026022305,,,False,0,0,0,False,,430.0,50.0,,,,,
2025-01-30 13:55:00+00:00,2025-01-30,2025-01-30:1,False,-1,0,True,0.0875,,,False,0,0,0,False,,425.0,55.0,,,,,
2025-01-30 14:00:00+00:00,2025-01-30,2025-01-30:1,False,-1,0,True,0.028409090909090908,,,False,0,0,0,False,,420.0,60.0,,,,,
2025-01-30 14:05:00+00:00,2025-01-30,2025-01-30:1,True,0,5,True,0.1016949152542373,0.1016949152542373,-0.20724560335875916,True,0,0,0,False,,415.0,65.0,1.0,0.0,0.0,0.0,0.0
2025-01-30 14:10:00+00:00,2025-01-30,2025-01-30:1,True,0,10,True,0.27102803738317754,0.27102803738317754,-0.4158049697796506,True,0,0,0,False,,410.0,70.0,1.0,0.0,0.0,0.0,0.0
2025-01-30 14:15:00+00:00,2025-01-30,2025-01-30:1,True,0,15,True,-0.3694915254237288,0.06559549571116857,-1.7286207742183286,True,0,0,0,False,,405.0,75.0,1.0,0.0,0.0,0.0,0.0
2025-01-30 14:20:00+00:00,2025-01-30,2025-01-30:1,True,0,20,True,-0.10726643598615918,0.10726643598615918,0.0,True,0,0,0,False,,400.0,80.0,1.0,0.0,0.0,0.0,0.0
2025-01-30 14:25:00+00:00,2025-01-30,2025-01-30:1,True,0,25,True,0.225,0.05954868579388886,1.329306175598962,True,0,0,0,False,,395.0,85.0,1.0,0.0,0.0,0.0,0.0
2025-01-30 14:30:00+00:00,2025-01-30,2025-01-30:1,True,3,5,True,0.040892193308550186,0.040892193308550186,-1.8134173467053185,True,0,0,0,False,,390.0,90.0,0.0,0.0,0.0,1.0,0.0
2025-01-30 14:35:00+00:00,2025-01-30,2025-01-30:1,True,3,10,True,0.036414565826330535,0.036414565826330535,-0.4324975851518108,True,0,0,0,False,,385.0,95.0,0.0,0.0,0.0,1.0,0.0
2025-01-30 14:40:00+00:00,2025-01-30,2025-01-30:1,True,4,5,True,-0.09717868338557993,0.09717868338557993,0.43228349508746633,True,0,0,0,False,,380.0,100.0,0.0,0.0,0.0,0.0,1.0
2025-01-30 14:45:00+00:00,2025-01-30,2025-01-30:1,True,0,5,True,-0.2564841498559078,0.10074011607081006,-0.9345227762686229,True,0,0,0,False,,375.0,105.0,1.0,0.0,0.0,0.0,0.0
2025-01-30 14:50:00+00:00,2025-01-30,2025-01-30:1,True,3,5,True,0.006134969325153374,0.006134969325153374,-0.9860411034862983,True,0,0,0,False,,370.0,110.0,0.0,0.0,0.0,1.0,0.0
2025-01-30 14:55:00+00:00,2025-01-30,2025-01-30:1,True,4,5,True,-0.024096385542168676,0.024096385542168676,0.0,True,0,0,0,False,,365.0,115.0,0.0,0.0,0.0,0.0,1.0
2025-01-30 15:00:00+00:00,2025-01-30,2025-01-30:1,True,0,5,True,0.37341772151898733,0.22344582926848944,0.5135286798223767,True,0,0,0,False,,360.0,120.0,1.0,0.0,0.0,0.0,0.0
2025-01-30 15:05:00+00:00,2025-01-30,2025-01-30:1,True,0,10,True,0.1949685534591195,0.07074939249957554,1.0136943313390072,True,0,0,0,True,1.7248011044702278,355.0,125.0,1.0,0.0,0.0,0.0,0.0
2025-01-30 15:10:00+00:00,2025-01-30,2025-01-30:1,True,3,5,True,0.12540192926045016,0.12540192926045016,-1.9027154234779053,True,0,0,0,True,-1.621330774071674,350.0,130.0,0.0,0.0,0.0,1.0,0.0
2025-01-30 15:15:00+00:00,2025-01-30,2025-01-30:1,True,3,10,True,0.05555555555555555,0.05555555555555555,-0.47898142088845186,True,0,0,0,True,0.0,345.0,135.0,0.0,0.0,0.0,1.0,0.0
2025-01-30 15:20:00+00:00,2025-01-30,2025-01-30:1,True,0,5,True,-0.13409961685823754,0.13409961685823754,0.0,True,0,0,0,True,2.1693045781848967,340.0,140.0,1.0,0.0,0.0,0.0,0.0
2025-01-30 15:25:00+00:00,2025-01-30,2025-01-30:1,True,0,10,True,-0.020771513353115726,0.01265791031251694,-0.4953001567957765,True,0,0,0,True,0.0,335.0,145.0,1.0,0.0,0.0,0.0,0.0
2025-01-30 15:30:00+00:00,2025-01-30,2025-01-30:1,True,3,5,True,-0.19289340101522842,0.11717068213868591,-0.49850601652124343,True,0,0,0,True,0.0,330.0,150.0,0.0,0.0,0.0,1.0,0.0
2025-01-30 15:35:00+00:00,2025-01-30,2025-01-30:1,True,4,5,True,-0.03723404255319149,0.03723404255319149,0.0,True,0,0,0,True,1.2117220915765967,325.0,155.0,0.0,0.0,0.0,0.0,1.0
2025-01-30 15:40:00+00:00,2025-01-30,2025-01-30:1,True,3,5,True,0.2956810631229236,0.2956810631229236,-1.9021076242548887,True,0,0,0,True,1.0633104870871288,320.0,160.0,0.0,0.0,0.0,1.0,0.0
2025-01-30 15:45:00+00:00,2025-01-30,2025-01-30:1,True,0,5,True,0.3076923076923077,0.06222301351002969,1.5983753592029002,True,0,0,0,True,-1.380141146938419,315.0,165.0,1.0,0.0,0.0,0.0,0.0
2025-01-30 15:50:00+00:00,2025-01-30,2025-01-30:1,True,0,10,True,0.15867158671586715,0.049799575137728265,1.158830121172702,True,0,0,0,True,2.133596839823621,310.0,170.0,1.0,0.0,0.0,0.0,0.0
2025-01-30 15:55:00+00:00,2025-01-30,2025-01-30:1,True,1,5,True,0.09411764705882353,0.012557792760880421,2.014204154173606,True,0,0,0,True,2.8661165331883507,305.0,175.0,0.0,1.0,0.0,0.0,0.0
2025-01-30 16:00:00+00:00,2025-01-30,2025-01-30:1,True,2,5,True,0.5701492537313433,0.5701492537313433,0.0,True,0,0,0,True,0.3160290830666853,300.0,180.0,0.0,0.0,1.0,0.0,0.0
2025-01-30 16:05:00+00:00,2025-01-30,2025-01-30:1,True,2,10,True,0.40716612377850164,0.40716612377850164,-0.296036011542253,True,0,0,0,True,0.35113976465974917,295.0,185.0,0.0,0.0,1.0,0.0,0.0
2025-01-30 16:10:00+00:00,2025-01-30,2025-01-30:1,True,2,15,True,0.39465875370919884,0.39465875370919884,-0.14621694035420096,True,0,0,0,True,0.5773118755110695,290.0,190.0,0.0,0.0,1.0,0.0,0.0
2025-01-30 16:15:00+00:00,2025-01-30,2025-01-30:1,True,1,5,True,0.4627659574468085,0.19558550174607026,0.8612238019058283,True,0,0,0,True,-0.08747739524131704,285.0,195.0,0.0,1.0,0.0,0.0,0.0
2025-01-30 16:20:00+00:00,2025-01-30,2025-01-30:1,True,0,5,True,0.6109725685785536,0.6109725685785536,-0.5648563010444207,True,0,0,0,True,0.3604461853410462,280.0,200.0,1.0,0.0,0.0,0.0,0.0
2025-01-30 16:25:00+00:00,2025-01-30,2025-01-30:1,True,0,10,True,0.5491329479768786,0.5491329479768786,-0.28484527809776794,True,0,0,0,True,-1.2738668097946924,275.0,205.0,1.0,0.0,0.0,0.0,0.0
2025-01-30 16:30:00+00:00,2025-01-30,2025-01-30:1,True,0,15,True,0.6358381502890174,0.3620557447982456,0.5631458591510495,True,0,0,0,True,0.07939783090097206,270.0,210.0,1.0,0.0,0.0,0.0,0.0
2025-01-30 16:35:00+00:00,2025-01-30,2025-01-30:1,True,0,20,True,0.3887240356083086,0.3887240356083086,-0.8340007515434547,True,0,0,0,True,-0.337919228956191,265.0,215.0,1.0,0.0,0.0,0.0,0.0
2025-01-30 16:40:00+00:00,2025-01-30,2025-01-30:1,True,0,25,True,0.5816618911174785,0.32592300311773864,0.5792281691066768,True,0,0,0,True,0.0,260.0,220.0,1.0,0.0,0.0,0.0,0.0
2025-01-30 16:45:00+00:00,2025-01-30,2025-01-30:1,True,0,30,True,0.5094339622641509,0.5094339622641509,-0.8990101101112901,True,0,0,0,True,-0.5876908994337613,255.0,225.0,1.0,0.0,0.0,0.0,0.0
2025-01-30 16:50:00+00:00,2025-01-30,2025-01-30:1,True,0,35,True,0.4421768707482993,0.4421768707482993,-0.6058688987627356,True,0,0,0,True,-0.9743518415621789,250.0,230.0,1.0,0.0,0.0,0.0,0.0
2025-01-30 16:55:00+00:00,2025-01-30,2025-01-30:1,True,0,40,True,0.4642857142857143,0.3412506824711103,0.3078827798559586,True,0,0,0,True,0.40584996573414267,245.0,235.0,1.0,0.0,0.0,0.0,0.0
2025-01-30 17:00:00+00:00,2025-01-30,2025-01-30:1,True,4,5,True,0.42939481268011526,0.42939481268011526,0.0,True,0,0,0,True,0.0,240.0,240.0,0.0,0.0,0.0,0.0,1.0
2025-01-30 17:05:00+00:00,2025-01-30,2025-01-30:1,True,0,5,True,0.0125,0.004731591146297521,0.9714671038063081,True,0,0,0,True,0.7658729732073547,235.0,245.0,1.0,0.0,0.0,0.0,0.0
2025-01-30 17:10:00+00:00,2025-01-30,2025-01-30:1,True,0,10,True,0.5714285714285714,0.5714285714285714,-0.6136739726283847,True,0,0,0,True,0.5592393459582641,230.0,250.0,1.0,0.0,0.0,0.0,0.0
2025-01-30 17:15:00+00:00,2025-01-30,2025-01-30:1,True,0,15,True,0.05539358600583091,0.03572672695369503,0.4385647481336559,True,0,0,0,True,0.0,225.0,255.0,1.0,0.0,0.0,0.0,0.0
2025-01-30 17:20:00+00:00,2025-01-30,2025-01-30:1,True,0,20,True,0.17133956386292834,0.17133956386292834,0.0,True,0,0,0,True,0.0,220.0,260.0,1.0,0.0,0.0,0.0,0.0
2025-01-30 17:25:00+00:00,2025-01-30,2025-01-30:1,True,0,25,True,0.2012012012012012,0.12548162522194758,0.4721460731143107,True,0,0,0,True,0.0,215.0,265.0,1.0,0.0,0.0,0.0,0.0
2025-01-30 17:30:00+00:00,2025-01-30,2025-01-30:1,True,1,5,True,-0.09722222222222222,0.09722222222222222,0.4910645723003561,True,0,0,0,True,0.0,210.0,270.0,0.0,1.0,0.0,0.0,0.0
2025-01-30 17:35:00+00:00,2025-01-30,2025-01-30:1,True,0,5,True,-0.06422018348623854,0.06422018348623854,0.5369111803979842,True,0,0,0,True,1.2005698972495453,205.0,275.0,1.0,0.0,0.0,0.0,0.0
2025-01-30 17:40:00+00:00,2025-01-30,2025-01-30:1,True,0,10,True,-0.1118421052631579,0.036148301710490494,-1.1294581336537677,True,0,0,0,True,-1.2627725822931393,200.0,280.0,1.0,0.0,0.0,0.0,0.0
2025-01-30 17:45:00+00:00,2025-01-30,2025-01-30:1,True,0,15,True,0.12074303405572756,0.12074303405572756,-0.6273372086189375,True,0,0,0,True,-0.73597718550188,195.0,285.0,1.0,0.0,0.0,0.0,0.0
2025-01-30 17:50:00+00:00,2025-01-30,2025-01-30:1,True,0,20,True,0.008595988538681949,0.008595988538681949,0.0,True,0,0,0,True,1.3795745019603365,190.0,290.0,1.0,0.0,0.0,0.0,0.0
2025-01-30 17:55:00+00:00,2025-01-30,2025-01-30:1,True,0,25,True,-0.3868194842406877,0.3868194842406877,0.6756328074637833,True,0,0,0,True,-1.5245732270253471,185.0,295.0,1.0,0.0,0.0,0.0,0.0
2025-01-30 18:00:00+00:00,2025-01-30,2025-01-30:1,True,0,30,True,-0.32682926829268294,0.32682926829268294,0.35169550389941406,True,0,0,0,True,0.7864150541001322,180.0,300.0,1.0,0.0,0.0,0.0,0.0
2025-01-30 18:05:00+00:00,2025-01-30,2025-01-30:1,True,3,5,True,-0.24067796610169492,0.010267357032706807,-3.1544901571874844,True,0,0,0,True,-0.7845096726790401,175.0,305.0,0.0,0.0,0.0,1.0,0.0
2025-01-30 18:10:00+00:00,2025-01-30,2025-01-30:1,True,3,10,True,-0.3719512195121951,0.19237625049848842,-0.6593096228763047,True,0,0,0,True,-1.4742611349711678,170.0,310.0,0.0,0.0,0.0,1.0,0.0
2025-01-30 18:15:00+00:00,2025-01-30,2025-01-30:1,True,4,5,True,-0.28792569659442724,0.28792569659442724,0.0,True,0,0,0,True,1.310075533788154,165.0,315.0,0.0,0.0,0.0,0.0,1.0
2025-01-30 18:20:00+00:00,2025-01-30,2025-01-30:1,True,3,5,True,-0.2350597609561753,0.026356878497682566,-2.1881104992793263,True,0,0,0,True,0.04075646470773768,160.0,320.0,0.0,0.0,0.0,1.0,0.0
2025-01-30 18:25:00+00:00,2025-01-30,2025-01-30:1,True,3,10,True,-0.34185303514376997,0.0605127511664228,-1.7315268169931435,True,0,0,0,True,0.5531159525256246,155.0,325.0,0.0,0.0,0.0,1.0,0.0
2025-01-30 18:30:00+00:00,2025-01-30,2025-01-30:1,True,4,5,True,-0.10309278350515463,0.10309278350515463,0.0,True,0,0,0,True,-0.45571276445089187,150.0,330.0,0.0,0.0,0.0,0.0,1.0
2025-01-30 18:35:00+00:00,2025-01-30,2025-01-30:1,True,3,5,True,-0.08571428571428572,0.03637211893225823,-0.857216988417485,True,0,0,0,True,0.5308965152212229,145.0,335.0,0.0,0.0,0.0,1.0,0.0
2025-01-30 18:40:00+00:00,2025-01-30,2025-01-30:1,True,4,5,True,-0.08761329305135952,0.08761329305135952,0.41733648498197895,True,1,0,0,True,0.0,140.0,340.0,0.0,0.0,0.0,0.0,1.0
2025-01-30 18:45:00+00:00,2025-01-30,2025-01-30:1,True,3,5,True,-0.13793103448275862,0.06111421632506708,-0.8140092979241657,True,0,1,1,True,-0.4327788270863796,135.0,345.0,0.0,0.0,0.0,1.0,0.0
2025-01-30 18:50:00+00:00,2025-01-30,2025-01-30:1,True,0,5,True,-0.11504424778761062,0.11504424778761062,0.9976355312286761,True,0,0,1,True,-0.03071413053989109,130.0,350.0,1.0,0.0,0.0,0.0,0.0
2025-01-30 18:55:00+00:00,2025-01-30,2025-01-30:1,True,0,10,True,0.2,0.03418935355997096,1.7664030703592526,True,0,0,1,True,-0.9106683388156259,125.0,355.0,1.0,0.0,0.0,0.0,0.0
2025-01-30 19:00:00+00:00,2025-01-30,2025-01-30:1,True,0,15,True,0.16897506925207756,0.16897506925207756,0.0,True,0,0,1,True,0.0,120.0,360.0,1.0,0.0,0.0,0.0,0.0
2025-01-30 19:05:00+00:00,2025-01-30,2025-01-30:1,True,1,5,True,0.04316546762589928,0.015479811641716823,1.0255041148396986,True,0,0,1,True,0.0,115.0,365.0,0.0,1.0,0.0,0.0,0.0
2025-01-30 19:10:00+00:00,2025-01-30,2025-01-30:1,True,0,5,True,-0.11904761904761904,0.03394865227589068,-1.2546744172389312,True,0,0,1,True,-2.500064406711745,110.0,370.0,1.0,0.0,0.0,0.0,0.0
2025-01-30 19:15:00+00:00,2025-01-30,2025-01-30:1,True,0,10,True,-0.5218855218855218,0.03010160160695034,-2.852869877226197,True,0,0,1,True,-0.2722216184084229,105.0,375.0,1.0,0.0,0.0,0.0,0.0
2025-01-30 19:20:00+00:00,2025-01-30,2025-01-30:1,True,3,5,True,-0.39436619718309857,0.09389903215354124,-1.4350598331589615,True,0,0,1,True,0.13975458135689253,100.0,380.0,0.0,0.0,0.0,1.0,0.0
2025-01-30 19:25:00+00:00,2025-01-30,2025-01-30:1,True,3,10,True,-0.5029940119760479,0.06721462185215478,-2.0126874544625917,True,0,0,1,True,-0.12793143125886147,95.0,385.0,0.0,0.0,0.0,1.0,0.0
2025-01-30 19:30:00+00:00,2025-01-30,2025-01-30:1,True,3,15,True,-0.19887955182072828,0.044081638002708146,-1.5066560503185056,True,0,0,1,True,-0.654340158401291,90.0,390.0,0.0,0.0,0.0,1.0,0.0
2025-01-30 19:35:00+00:00,2025-01-30,2025-01-30:1,True,4,5,True,-0.43352601156069365,0.43352601156069365,0.28157292957514063,True,1,0,1,True,-0.2686711011345014,85.0,395.0,0.0,0.0,0.0,0.0,1.0
2025-01-30 19:40:00+00:00,2025-01-30,2025-01-30:1,True,4,10,True,-0.3333333333333333,0.19089255164004904,-0.5574322774202582,True,1,0,1,True,0.0,80.0,400.0,0.0,0.0,0.0,0.0,1.0
2025-01-30 19:45:00+00:00,2025-01-30,2025-01-30:1,True,3,5,True,-0.7205882352941176,0.41416708575734235,-0.5537983907255396,True,0,1,2,True,-0.25928253127772805,75.0,405.0,0.0,0.0,0.0,1.0,0.0
2025-01-30 19:50:00+00:00,2025-01-30,2025-01-30:1,True,4,5,True,-0.6358381502890174,0.4786994986860352,-0.2838710011192287,True,0,0,2,True,0.2899923411377078,70.0,410.0,0.0,0.0,0.0,0.0,1.0
2025-01-30 19:55:00+00:00,2025-01-30,2025-01-30:1,True,3,5,True,-0.6205357142857143,0.4555631920230216,-0.30904872206474193,True,0,0,2,True,0.37337893380602977,65.0,415.0,0.0,0.0,0.0,1.0,0.0
2025-01-30 20:00:00+00:00,2025-01-30,2025-01-30:1,True,0,5,True,-0.8251928020565553,0.8251928020565553,0.5855843541885742,True,0,0,2,True,0.3163350551665428,60.0,420.0,1.0,0.0,0.0,0.0,0.0
2025-01-30 20:05:00+00:00,2025-01-30,2025-01-30:1,True,0,10,True,-0.7243107769423559,0.7243107769423559,0.0,True,0,0,2,True,-0.33828050740478804,55.0,425.0,1.0,0.0,0.0,0.0,0.0
2025-01-30 20:10:00+00:00,2025-01-30,2025-01-30:1,True,0,15,True,-0.674074074074074,0.674074074074074,0.0,True,0,0,2,True,0.3648028066711176,50.0,430.0,1.0,0.0,0.0,0.0,0.0
2025-01-30 20:15:00+00:00,2025-01-30,2025-01-30:1,True,0,20,True,-0.7512953367875648,0.5284466909487423,-0.3518569008678418,True,0,0,2,True,0.0,45.0,435.0,1.0,0.0,0.0,0.0,0.0
2025-01-30 20:20:00+00:00,2025-01-30,2025-01-30:1,True,0,25,True,-0.8227146814404432,0.8227146814404432,0.7040832538161578,True,0,0,2,True,0.39977879182658044,40.0,440.0,1.0,0.0,0.0,0.0,0.0
2025-01-30 20:25:00+00:00,2025-01-30,2025-01-30:1,True,0,30,True,-0.7239263803680982,0.7239263803680982,0.7219992796586988,True,0,0,2,True,0.8072197345102188,35.0,445.0,1.0,0.0,0.0,0.0,0.0
2025-01-30 20:30:00+00:00,2025-01-30,2025-01-30:1,True,0,35,True,-0.7494199535962877,0.4065546641120524,-0.6115811170937414,True,0,0,2,True,-0.47424903380700084,30.0,450.0,1.0,0.0,0.0,0.0,0.0
2025-01-30 20:35:00+00:00,2025-01-30,2025-01-30:1,True,3,5,True,-0.784841075794621,0.0546256768625118,-2.6649772016546347,True,0,0,2,True,0.0,25.0,455.0,0.0,0.0,0.0,1.0,0.0
2025-01-30 20:40:00+00:00,2025-01-30,2025-01-30:1,True,3,10,True,-0.8345864661654135,0.25869950671765274,-1.1712691696562174,True,0,0,2,True,0.0,20.0,460.0,0.0,0.0,0.0,1.0,0.0
2025-01-30 20:45:00+00:00,2025-01-30,2025-01-30:1,True,3,15,True,-0.8230088495575221,0.5511728960237593,-0.40091840760359265,True,0,0,2,True,0.0,15.0,465.0,0.0,0.0,0.0,1.0,0.0
2025-01-30 20:50:00+00:00,2025-01-30,2025-01-30:1,True,3,20,True,-0.6505376344086021,0.09076018009854298,-1.9695785066177172,True,0,0,2,True,-0.41271570923678214,10.0,470.0,0.0,0.0,0.0,1.0,0.0
2025-01-30 20:55:00+00:00,2025-01-30,2025-01-30:1,True,4,5,True,-0.7783641160949868,0.7783641160949868,1.873496621031716,True,1,0,2,True,0.8378531600476634,5.0,475.0,0.0,0.0,0.0,0.0,1.0
2025-01-30 21:00:00+00:00,2025-01-30,2025-01-30:1,True,4,10,True,-0.7675544794188862,0.7675544794188862,0.822643869277729,True,1,0,2,True,-0.9197438064879195,0.0,480.0,0.0,0.0,0.0,0.0,1.0
2025-01-31 13:00:00+00:00,2025-01-31,2025-01-31:1,False,-1,0,False,,,,False,0,0,0,False,,480.0,0.0,,,,,
2025-01-31 13:05:00+00:00,2025-01-31,2025-01-31:1,False,-1,0,True,-0.35311572700296734,,,False,0,0,0,False,,475.0,5.0,,,,,
2025-01-31 13:10:00+00:00,2025-01-31,2025-01-31:1,False,-1,0,True,0.16897506925207756,,,False,0,0,0,False,,470.0,10.0,,,,,
2025-01-31 13:15:00+00:00,2025-01-31,2025-01-31:1,False,-1,0,True,-0.1456953642384106,,,False,0,0,0,False,,465.0,15.0,,,,,
2025-01-31 13:20:00+00:00,2025-01-31,2025-01-31:1,False,-1,0,True,0.4463276836158192,,,False,0,0,0,False,,460.0,20.0,,,,,
2025-01-31 13:25:00+00:00,2025-01-31,2025-01-31:1,False,-1,0,True,-0.008849557522123894,,,False,0,0,0,False,,455.0,25.0,,,,,
2025-01-31 13:30:00+00:00,2025-01-31,2025-01-31:1,False,-1,0,True,0.27,,,False,0,0,0,False,,450.0,30.0,,,,,
2025-01-31 13:35:00+00:00,2025-01-31,2025-01-31:1,False,-1,0,True,0.9151785714285714,,,False,0,0,0,False,,445.0,35.0,,,,,
2025-01-31 13:40:00+00:00,2025-01-31,2025-01-31:1,False,-1,0,True,0.8743169398907104,,,False,0,0,0,False,,440.0,40.0,,,,,
2025-01-31 13:45:00+00:00,2025-01-31,2025-01-31:1,False,-1,0,True,0.9361179361179361,,,False,0,0,0,False,,435.0,45.0,,,,,
2025-01-31 13:50:00+00:00,2025-01-31,2025-01-31:1,False,-1,0,True,0.8601036269430051,,,False,0,0,0,False,,430.0,50.0,,,,,
2025-01-31 13:55:00+00:00,2025-01-31,2025-01-31:1,False,-1,0,True,0.817258883248731,,,False,0,0,0,False,,425.0,55.0,,,,,
2025-01-31 14:00:00+00:00,2025-01-31,2025-01-31:1,False,-1,0,True,0.9059304703476483,,,False,0,0,0,False,,420.0,60.0,,,,,
2025-01-31 14:05:00+00:00,2025-01-31,2025-01-31:1,True,1,5,True,0.878345498783455,0.09175516278731415,2.258916267305748,True,0,0,0,False,,415.0,65.0,0.0,1.0,0.0,0.0,0.0
2025-01-31 14:10:00+00:00,2025-01-31,2025-01-31:1,True,1,10,True,0.5435435435435435,0.08365945790819067,1.871355333975743,True,0,0,0,False,,410.0,70.0,0.0,1.0,0.0,0.0,0.0
2025-01-31 14:15:00+00:00,2025-01-31,2025-01-31:1,True,1,15,True,0.5498392282958199,0.22623467585541715,0.8880530740451572,True,0,0,0,False,,405.0,75.0,0.0,1.0,0.0,0.0,0.0
2025-01-31 14:20:00+00:00,2025-01-31,2025-01-31:1,True,2,5,True,0.4659090909090909,0.30283763902734584,0.4307937141092354,True,0,0,0,False,,400.0,80.0,0.0,0.0,1.0,0.0,0.0
2025-01-31 14:25:00+00:00,2025-01-31,2025-01-31:1,True,2,10,True,0.18971061093247588,0.18971061093247588,-0.8220302397749443,True,0,0,0,False,,395.0,85.0,0.0,0.0,1.0,0.0,0.0
2025-01-31 14:30:00+00:00,2025-01-31,2025-01-31:1,True,1,5,True,0.4713896457765668,0.31606754362484596,0.39972908903053345,True,0,0,0,False,,390.0,90.0,0.0,1.0,0.0,0.0,0.0
2025-01-31 14:35:00+00:00,2025-01-31,2025-01-31:1,True,1,10,True,0.42948717948717946,0.2839655656729905,0.41373890794376317,True,0,0,0,False,,385.0,95.0,0.0,1.0,0.0,0.0,0.0
2025-01-31 14:40:00+00:00,2025-01-31,2025-01-31:1,True,0,5,True,0.6022408963585434,0.397846280881755,0.4145918235916447,True,0,0,0,False,,380.0,100.0,1.0,0.0,0.0,0.0,0.0
2025-01-31 14:45:00+00:00,2025-01-31,2025-01-31:1,True,0,10,True,0.7589041095890411,0.7589041095890411,0.0,True,0,0,0,False,,375.0,105.0,1.0,0.0,0.0,0.0,0.0
2025-01-31 14:50:00+00:00,2025-01-31,2025-01-31:1,True,0,15,True,0.6896551724137931,0.6896551724137931,0.0,True,0,0,0,False,,370.0,110.0,1.0,0.0,0.0,0.0,0.0
2025-01-31 14:55:00+00:00,2025-01-31,2025-01-31:1,True,0,20,True,0.7166666666666667,0.46285315284176054,0.43720099316329675,True,0,0,0,False,,365.0,115.0,1.0,0.0,0.0,0.0,0.0
2025-01-31 15:00:00+00:00,2025-01-31,2025-01-31:1,True,1,5,True,0.5208333333333334,0.0880223106339969,1.7778397806657396,True,0,0,0,False,,360.0,120.0,0.0,1.0,0.0,0.0,0.0
2025-01-31 15:05:00+00:00,2025-01-31,2025-01-31:1,True,1,10,True,0.6313131313131313,0.24514085197590227,0.9459690342162418,True,0,0,0,True,0.0,355.0,125.0,0.0,1.0,0.0,0.0,0.0
2025-01-31 15:10:00+00:00,2025-01-31,2025-01-31:1,True,1,15,True,-0.1103448275862069,0.1103448275862069,1.857057964067577,True,0,0,0,True,1.0381269614523785,350.0,130.0,0.0,1.0,0.0,0.0,0.0
2025-01-31 15:15:00+00:00,2025-01-31,2025-01-31:1,True,2,5,True,0.5159574468085106,0.5159574468085106,0.0,True,0,0,0,True,0.0,345.0,135.0,0.0,0.0,1.0,0.0,0.0
2025-01-31 15:20:00+00:00,2025-01-31,2025-01-31:1,True,2,10,True,0.14285714285714285,0.14285714285714285,0.0,True,0,0,0,True,-2.335044841565318,340.0,140.0,0.0,0.0,1.0,0.0,0.0
2025-01-31 15:25:00+00:00,2025-01-31,2025-01-31:1,True,1,5,True,0.3518005540166205,0.20381019589876828,0.5458752586267218,True,0,0,0,True,0.6450222542473218,335.0,145.0,0.0,1.0,0.0,0.0,0.0
2025-01-31 15:30:00+00:00,2025-01-31,2025-01-31:1,True,1,10,True,0.5450643776824035,0.12830047734525757,1.4465289197205486,True,0,0,0,True,1.2938147983657933,330.0,150.0,0.0,1.0,0.0,0.0,0.0
2025-01-31 15:35:00+00:00,2025-01-31,2025-01-31:1,True,1,15,True,0.8933333333333333,0.08487394718186406,2.3537926033722565,True,0,0,0,True,0.4906185969659099,325.0,155.0,0.0,1.0,0.0,0.0,0.0
2025-01-31 15:40:00+00:00,2025-01-31,2025-01-31:1,True,2,5,True,0.7752161383285303,0.7752161383285303,-1.271271360930251,True,0,0,0,True,0.41744415856167066,320.0,160.0,0.0,0.0,1.0,0.0,0.0
2025-01-31 15:45:00+00:00,2025-01-31,2025-01-31:1,True,1,5,True,0.865,0.027426576926605217,3.4512170028208815,True,0,0,0,True,1.648868818761205,315.0,165.0,0.0,1.0,0.0,0.0,0.0
2025-01-31 15:50:00+00:00,2025-01-31,2025-01-31:1,True,1,10,True,0.8114035087719298,0.17915304467799437,1.510525036366935,True,0,0,0,True,0.4567222026617944,310.0,170.0,0.0,1.0,0.0,0.0,0.0
2025-01-31 15:55:00+00:00,2025-01-31,2025-01-31:1,True,1,15,True,0.8972809667673716,0.15006677432142043,1.7882886852239859,True,0,0,0,True,-0.17583505894843526,305.0,175.0,0.0,1.0,0.0,0.0,0.0
2025-01-31 16:00:00+00:00,2025-01-31,2025-01-31:1,True,1,20,True,0.7040572792362768,0.35736205299493473,0.6781102934795353,True,0,0,0,True,0.7581503562312867,300.0,180.0,0.0,1.0,0.0,0.0,0.0
2025-01-31 16:05:00+00:00,2025-01-31,2025-01-31:1,True,2,5,True,0.8319327731092437,0.7015343394842974,0.17048178615072182,True,0,0,0,True,0.0,295.0,185.0,0.0,0.0,1.0,0.0,0.0
2025-01-31 16:10:00+00:00,2025-01-31,2025-01-31:1,True,1,5,True,0.5691318327974276,0.29756957948169976,0.6484640211260984,True,0,0,0,True,-1.0875072241526724,290.0,190.0,0.0,1.0,0.0,0.0,0.0
2025-01-31 16:15:00+00:00,2025-01-31,2025-01-31:1,True,2,5,True,0.8746736292428199,0.6357573178481575,0.31903390681541555,True,0,0,0,True,0.3919169768139483,285.0,195.0,0.0,0.0,1.0,0.0,0.0
2025-01-31 16:20:00+00:00,2025-01-31,2025-01-31:1,True,2,10,True,0.6263157894736842,0.6263157894736842,-0.3137776343822049,True,0,0,0,True,-0.3149406737461598,280.0,200.0,0.0,0.0,1.0,0.0,0.0
2025-01-31 16:25:00+00:00,2025-01-31,2025-01-31:1,True,1,5,True,0.6140350877192983,0.38268125930798846,0.4728496510725749,True,0,0,0,True,-0.7048826419555537,275.0,205.0,0.0,1.0,0.0,0.0,0.0
2025-01-31 16:30:00+00:00,2025-01-31,2025-01-31:1,True,0,5,True,0.5389221556886228,0.5389221556886228,-1.8463439579334033,True,0,0,0,True,0.0,270.0,210.0,1.0,0.0,0.0,0.0,0.0
2025-01-31 16:35:00+00:00,2025-01-31,2025-01-31:1,True,3,5,True,0.45691906005221933,0.45691906005221933,-1.8406627653000223,True,0,0,0,True,-0.019748920054461622,265.0,215.0,0.0,0.0,0.0,1.0,0.0
2025-01-31 16:40:00+00:00,2025-01-31,2025-01-31:1,True,4,5,True,0.20689655172413793,0.20689655172413793,-0.2864252039382512,True,0,0,0,True,0.0,260.0,220.0,0.0,0.0,0.0,0.0,1.0
2025-01-31 16:45:00+00:00,2025-01-31,2025-01-31:1,True,4,10,True,0.25077399380804954,0.25077399380804954,0.0,True,0,0,0,True,-0.997079372362557,255.0,225.0,0.0,0.0,0.0,0.0,1.0
2025-01-31 16:50:00+00:00,2025-01-31,2025-01-31:1,True,0,5,True,0.2214765100671141,0.021363690281346492,2.3386237693528464,True,0,0,0,True,-0.234353621734315,250.0,230.0,1.0,0.0,0.0,0.0,0.0
2025-01-31 16:55:00+00:00,2025-01-31,2025-01-31:1,True,3,5,True,0.21643835616438356,0.21643835616438356,-1.793617791448072,True,0,0,0,True,-0.6833232668842566,245.0,235.0,0.0,0.0,0.0,1.0,0.0
2025-01-31 17:00:00+00:00,2025-01-31,2025-01-31:1,True,0,5,True,0.246684350132626,0.08931378125971255,1.015953783295157,True,0,0,0,True,0.32189466797853106,240.0,240.0,1.0,0.0,0.0,0.0,0.0
2025-01-31 17:05:00+00:00,2025-01-31,2025-01-31:1,True,1,5,True,0.30864197530864196,0.11369339093788067,0.9986766773062802,True,0,0,0,True,0.3190155625712358,235.0,245.0,0.0,1.0,0.0,0.0,0.0
2025-01-31 17:10:00+00:00,2025-01-31,2025-01-31:1,True,2,5,True,0.5619047619047619,0.5619047619047619,0.0,True,0,0,0,True,0.6700825728888229,230.0,250.0,0.0,0.0,1.0,0.0,0.0
2025-01-31 17:15:00+00:00,2025-01-31,2025-01-31:1,True,0,5,True,0.4205607476635514,0.4205607476635514,-1.182389053566095,True,0,0,0,True,-0.6609755749058875,225.0,255.0,1.0,0.0,0.0,0.0,0.0
2025-01-31 17:20:00+00:00,2025-01-31,2025-01-31:1,True,0,10,True,0.3142857142857143,0.3142857142857143,-0.7421137073235642,True,0,0,0,True,0.6533008337810293,220.0,260.0,1.0,0.0,0.0,0.0,0.0
2025-01-31 17:25:00+00:00,2025-01-31,2025-01-31:1,True,0,15,True,0.37575757575757573,0.06998835011820358,1.6806153888105855,True,0,0,0,True,-0.3131641877840957,215.0,265.0,1.0,0.0,0.0,0.0,0.0
2025-01-31 17:30:00+00:00,2025-01-31,2025-01-31:1,True,0,20,True,-0.020833333333333332,0.00852470228122816,-0.8935861685375784,True,0,0,0,True,-0.9971880736089975,210.0,270.0,1.0,0.0,0.0,0.0,0.0
2025-01-31 17:35:00+00:00,2025-01-31,2025-01-31:1,True,0,25,True,0.3035143769968051,0.3035143769968051,0.0,True,0,0,0,True,0.6993101665430209,205.0,275.0,1.0,0.0,0.0,0.0,0.0
2025-01-31 17:40:00+00:00,2025-01-31,2025-01-31:1,True,3,5,True,0.22796352583586627,0.22796352583586627,-1.8453520420570466,True,0,0,0,True,0.07627076996191688,200.0,280.0,0.0,0.0,0.0,1.0,0.0
2025-01-31 17:45:00+00:00,2025-01-31,2025-01-31:1,True,3,10,True,-0.12179487179487179,0.0899916995562933,-0.3026208119742574,True,0,0,0,True,-0.04400519803102175,195.0,285.0,0.0,0.0,0.0,1.0,0.0
2025-01-31 17:50:00+00:00,2025-01-31,2025-01-31:1,True,0,5,True,-0.1891891891891892,0.1891891891891892,0.6632020241747371,True,0,0,0,True,-0.07700256823409606,190.0,290.0,1.0,0.0,0.0,0.0,0.0
2025-01-31 17:55:00+00:00,2025-01-31,2025-01-31:1,True,4,5,True,0.4266666666666667,0.4266666666666667,0.0,True,0,0,0,True,-0.38377755154500215,185.0,295.0,0.0,0.0,0.0,0.0,1.0
2025-01-31 18:00:00+00:00,2025-01-31,2025-01-31:1,True,4,10,True,0.5097087378640777,0.5097087378640777,0.0,True,0,0,0,True,0.0,180.0,300.0,0.0,0.0,0.0,0.0,1.0
2025-01-31 18:05:00+00:00,2025-01-31,2025-01-31:1,True,3,5,True,0.8653366583541147,0.8653366583541147,-0.7617925366221149,True,0,0,0,True,0.0,175.0,305.0,0.0,0.0,0.0,1.0,0.0
2025-01-31 18:10:00+00:00,2025-01-31,2025-01-31:1,True,0,5,True,0.8436781609195402,0.13130301654016038,1.8602633404922102,True,0,0,0,True,0.8319350570797026,170.0,310.0,1.0,0.0,0.0,0.0,0.0
2025-01-31 18:15:00+00:00,2025-01-31,2025-01-31:1,True,1,5,True,0.5271565495207667,0.1697970304261553,1.132893777274575,True,0,0,0,True,0.8444091657574855,165.0,315.0,0.0,1.0,0.0,0.0,0.0
2025-01-31 18:20:00+00:00,2025-01-31,2025-01-31:1,True,1,10,True,0.8471910112359551,0.3224684744075925,0.965920806581199,True,0,0,0,True,-0.04918344518914484,160.0,320.0,0.0,1.0,0.0,0.0,0.0
2025-01-31 18:25:00+00:00,2025-01-31,2025-01-31:1,True,1,15,True,0.6387434554973822,0.32970918016797124,0.6612919019751631,True,0,0,0,True,0.0,155.0,325.0,0.0,1.0,0.0,0.0,0.0
2025-01-31 18:30:00+00:00,2025-01-31,2025-01-31:1,True,1,20,True,0.8491484184914841,0.14386412432504075,1.7753647136412944,True,0,0,0,True,0.42514371787018845,150.0,330.0,0.0,1.0,0.0,0.0,0.0
2025-01-31 18:35:00+00:00,2025-01-31,2025-01-31:1,True,1,25,True,0.6809116809116809,0.1879677691677854,1.2871620999123377,True,0,0,0,True,0.4195747449138592,145.0,335.0,0.0,1.0,0.0,0.0,0.0
2025-01-31 18:40:00+00:00,2025-01-31,2025-01-31:1,True,2,5,True,0.7239583333333334,0.4510006800903083,0.47326499262273375,True,0,0,0,True,1.0582526948753692,140.0,340.0,0.0,0.0,1.0,0.0,0.0
2025-01-31 18:45:00+00:00,2025-01-31,2025-01-31:1,True,2,10,True,0.8098591549295775,0.8098591549295775,0.0,True,0,0,0,True,0.0,135.0,345.0,0.0,0.0,1.0,0.0,0.0
2025-01-31 18:50:00+00:00,2025-01-31,2025-01-31:1,True,1,5,True,0.6612903225806451,0.2372894534766413,1.024912242027826,True,0,0,0,True,-1.1458867220713396,130.0,350.0,0.0,1.0,0.0,0.0,0.0
2025-01-31 18:55:00+00:00,2025-01-31,2025-01-31:1,True,1,10,True,0.6511627906976745,0.15230694482307527,1.452861814976061,True,0,0,0,True,-1.3878563403025106,125.0,355.0,0.0,1.0,0.0,0.0,0.0
2025-01-31 19:00:00+00:00,2025-01-31,2025-01-31:1,True,1,15,True,0.7661691542288557,0.2220578644279091,1.2384649748517038,True,0,0,0,True,0.5538583743035658,120.0,360.0,0.0,1.0,0.0,0.0,0.0
2025-01-31 19:05:00+00:00,2025-01-31,2025-01-31:1,True,1,20,True,0.7657142857142857,0.1275119097777848,1.7925993347516564,True,0,0,0,True,0.0,115.0,365.0,0.0,1.0,0.0,0.0,0.0
2025-01-31 19:10:00+00:00,2025-01-31,2025-01-31:1,True,1,25,True,0.31301939058171746,0.07181360452453572,1.4721912031985176,True,0,0,0,True,-0.7034677836220592,110.0,370.0,0.0,1.0,0.0,0.0,0.0
2025-01-31 19:15:00+00:00,2025-01-31,2025-01-31:1,True,1,30,True,0.5828571428571429,0.13764394677394443,1.4432718632101895,True,0,0,0,True,0.38805602594922883,105.0,375.0,0.0,1.0,0.0,0.0,0.0
2025-01-31 19:20:00+00:00,2025-01-31,2025-01-31:1,True,2,5,True,0.6755162241887905,0.6755162241887905,-0.9133279224694435,True,0,0,0,True,0.0,100.0,380.0,0.0,0.0,1.0,0.0,0.0
2025-01-31 19:25:00+00:00,2025-01-31,2025-01-31:1,True,1,5,True,0.49340369393139843,0.31291645652392786,0.4553914479056372,True,0,0,0,True,0.0,95.0,385.0,0.0,1.0,0.0,0.0,0.0
2025-01-31 19:30:00+00:00,2025-01-31,2025-01-31:1,True,2,5,True,0.41265822784810124,0.41265822784810124,-0.4597208757296756,True,0,0,0,True,0.0,90.0,390.0,0.0,0.0,1.0,0.0,0.0
2025-01-31 19:35:00+00:00,2025-01-31,2025-01-31:1,True,1,5,True,0.3673469387755102,0.2226890123369831,0.5005305041275355,True,0,0,0,True,0.0,85.0,395.0,0.0,1.0,0.0,0.0,0.0
2025-01-31 19:40:00+00:00,2025-01-31,2025-01-31:1,True,1,10,True,0.592326139088729,0.21294644067773183,1.0230167119385185,True,0,0,0,True,1.8620656342761088,80.0,400.0,0.0,1.0,0.0,0.0,0.0
2025-01-31 19:45:00+00:00,2025-01-31,2025-01-31:1,True,0,5,True,0.5219512195121951,0.1849122635084522,1.0376926730256926,True,0,0,0,True,0.0,75.0,405.0,1.0,0.0,0.0,0.0,0.0
2025-01-31 19:50:00+00:00,2025-01-31,2025-01-31:1,True,2,5,True,0.44375,0.44375,-0.5193402408010263,True,0,0,0,True,0.4639274145083786,70.0,410.0,0.0,0.0,1.0,0.0,0.0
2025-01-31 19:55:00+00:00,2025-01-31,2025-01-31:1,True,0,5,True,0.003278688524590164,0.003278688524590164,-1.1130342062824894,True,0,0,0,True,-0.7612230696285476,65.0,415.0,1.0,0.0,0.0,0.0,0.0
2025-01-31 20:00:00+00:00,2025-01-31,2025-01-31:1,True,0,10,True,0.3183098591549296,0.3183098591549296,-0.5291054246710167,True,0,0,0,True,-0.7217158913014223,60.0,420.0,1.0,0.0,0.0,0.0,0.0
2025-01-31 20:05:00+00:00,2025-01-31,2025-01-31:1,True,0,15,True,-0.41690962099125367,0.14018350023297257,-1.0899171817552906,True,0,0,0,True,-0.49175175877433014,55.0,425.0,1.0,0.0,0.0,0.0,0.0
2025-01-31 20:10:00+00:00,2025-01-31,2025-01-31:1,True,3,5,True,0.29545454545454547,0.29545454545454547,-1.1793908054192932,True,0,0,0,True,0.0,50.0,430.0,0.0,0.0,0.0,1.0,0.0
2025-01-31 20:15:00+00:00,2025-01-31,2025-01-31:1,True,3,10,True,-0.04,0.006503444785823457,-1.8165474505455226,True,0,0,0,True,0.0,45.0,435.0,0.0,0.0,0.0,1.0,0.0
2025-01-31 20:20:00+00:00,2025-01-31,2025-01-31:1,True,4,5,True,0.05993690851735016,0.05993690851735016,0.0,True,0,0,0,True,-1.4367115025987156,40.0,440.0,0.0,0.0,0.0,0.0,1.0
2025-01-31 20:25:00+00:00,2025-01-31,2025-01-31:1,True,4,10,True,0.2634920634920635,0.13983917668635432,0.6335302236035806,True,0,0,0,True,0.0,35.0,445.0,0.0,0.0,0.0,0.0,1.0
2025-01-31 20:30:00+00:00,2025-01-31,2025-01-31:1,True,3,5,True,0.05190311418685121,0.05190311418685121,-1.2260443358119617,True,0,0,0,True,-1.370759239150115,30.0,450.0,0.0,0.0,0.0,1.0,0.0
2025-01-31 20:35:00+00:00,2025-01-31,2025-01-31:1,True,3,10,True,-0.06796116504854369,0.03664611763696757,-0.6176289478647264,True,0,0,0,True,-2.1469074892036186,25.0,455.0,0.0,0.0,0.0,1.0,0.0
2025-01-31 20:40:00+00:00,2025-01-31,2025-01-31:1,True,3,15,True,-0.06707317073170732,0.019980413930718244,-1.2110316336973357,True,0,0,0,True,1.3539745279230098,20.0,460.0,0.0,0.0,0.0,1.0,0.0
2025-01-31 20:45:00+00:00,2025-01-31,2025-01-31:1,True,0,5,True,-0.3668639053254438,0.3668639053254438,1.8165474505451429,True,0,0,0,True,-0.15640914094569897,15.0,465.0,1.0,0.0,0.0,0.0,0.0
2025-01-31 20:50:00+00:00,2025-01-31,2025-01-31:1,True,3,5,True,-0.15915915915915915,0.017223362752662955,-2.2236379408153515,True,0,0,0,True,-1.2430513982518119,10.0,470.0,0.0,0.0,0.0,1.0,0.0
2025-01-31 20:55:00+00:00,2025-01-31,2025-01-31:1,True,3,10,True,-0.4906832298136646,0.1579452382808399,-1.133550386674261,True,0,0,0,True,-1.9220526189920575,5.0,475.0,0.0,0.0,0.0,1.0,0.0
2025-01-31 21:00:00+00:00,2025-01-31,2025-01-31:1,True,3,15,True,-0.6263157894736842,0.3511724207132859,-0.578577369976472,True,0,0,0,True,0.0,0.0,480.0,0.0,0.0,0.0,1.0,0.0
2025-02-03 13:00:00+00:00,2025-02-03,2025-02-03:1,False,-1,0,False,,,,False,0,0,0,False,,480.0,0.0,,,,,
2025-02-03 13:05:00+00:00,2025-02-03,2025-02-03:1,False,-1,0,True,-0.06109324758842444,,,False,0,0,0,False,,475.0,5.0,,,,,
2025-02-03 13:10:00+00:00,2025-02-03,2025-02-03:1,False,-1,0,True,-0.07395498392282958,,,False,0,0,0,False,,470.0,10.0,,,,,
2025-02-03 13:15:00+00:00,2025-02-03,2025-02-03:1,False,-1,0,True,0.01818181818181818,,,False,0,0,0,False,,465.0,15.0,,,,,
2025-02-03 13:20:00+00:00,2025-02-03,2025-02-03:1,False,-1,0,True,-0.16981132075471697,,,False,0,0,0,False,,460.0,20.0,,,,,
2025-02-03 13:25:00+00:00,2025-02-03,2025-02-03:1,False,-1,0,True,0.20454545454545456,,,False,0,0,0,False,,455.0,25.0,,,,,
2025-02-03 13:30:00+00:00,2025-02-03,2025-02-03:1,False,-1,0,True,0.13612565445026178,,,False,0,0,0,False,,450.0,30.0,,,,,
2025-02-03 13:35:00+00:00,2025-02-03,2025-02-03:1,False,-1,0,True,-0.6352941176470588,,,False,0,0,0,False,,445.0,35.0,,,,,
2025-02-03 13:40:00+00:00,2025-02-03,2025-02-03:1,False,-1,0,True,-0.5705882352941176,,,False,0,0,0,False,,440.0,40.0,,,,,
2025-02-03 13:45:00+00:00,2025-02-03,2025-02-03:1,False,-1,0,True,-0.6744186046511628,,,False,0,0,0,False,,435.0,45.0,,,,,
2025-02-03 13:50:00+00:00,2025-02-03,2025-02-03:1,False,-1,0,True,-0.5663956639566395,,,False,0,0,0,False,,430.0,50.0,,,,,
2025-02-03 13:55:00+00:00,2025-02-03,2025-02-03:1,False,-1,0,True,-0.7129411764705882,,,False,0,0,0,False,,425.0,55.0,,,,,
2025-02-03 14:00:00+00:00,2025-02-03,2025-02-03:1,False,-1,0,True,-0.6477272727272727,,,False,0,0,0,False,,420.0,60.0,,,,,
2025-02-03 14:05:00+00:00,2025-02-03,2025-02-03:1,True,0,5,True,-0.5240793201133145,0.5240793201133145,0.9623035870121153,True,0,0,0,False,,415.0,65.0,1.0,0.0,0.0,0.0,0.0
2025-02-03 14:10:00+00:00,2025-02-03,2025-02-03:1,True,3,5,True,-0.8461538461538461,0.32050416616690547,-0.9708059190820284,True,0,0,0,False,,410.0,70.0,0.0,0.0,0.0,1.0,0.0
2025-02-03 14:15:00+00:00,2025-02-03,2025-02-03:1,True,3,10,True,-0.6302083333333334,0.20421618111463266,-1.1268713084583444,True,0,0,0,False,,405.0,75.0,0.0,0.0,0.0,1.0,0.0
2025-02-03 14:20:00+00:00,2025-02-03,2025-02-03:1,True,0,5,True,-0.654178674351585,0.654178674351585,0.9330652384329181,True,0,0,0,False,,400.0,80.0,1.0,0.0,0.0,0.0,0.0
2025-02-03 14:25:00+00:00,2025-02-03,2025-02-03:1,True,0,10,True,-0.5197568389057751,0.4434997329805824,-0.15866388504306705,True,0,0,0,False,,395.0,85.0,1.0,0.0,0.0,0.0,0.0
2025-02-03 14:30:00+00:00,2025-02-03,2025-02-03:1,True,0,15,True,-0.25878594249201275,0.25878594249201275,0.9708059190820025,True,0,0,0,False,,390.0,90.0,1.0,0.0,0.0,0.0,0.0
2025-02-03 14:35:00+00:00,2025-02-03,2025-02-03:1,True,0,20,True,-0.2870662460567823,0.2870662460567823,0.6828949846667202,True,0,0,0,False,,385.0,95.0,1.0,0.0,0.0,0.0,0.0
2025-02-03 14:40:00+00:00,2025-02-03,2025-02-03:1,True,1,5,True,-0.05263157894736842,0.05263157894736842,0.3921151303850813,True,0,0,0,False,,380.0,100.0,0.0,1.0,0.0,0.0,0.0
2025-02-03 14:45:00+00:00,2025-02-03,2025-02-03:1,True,2,5,True,-0.1509433962264151,0.1509433962264151,0.0,True,0,0,0,False,,375.0,105.0,0.0,0.0,1.0,0.0,0.0
2025-02-03 14:50:00+00:00,2025-02-03,2025-02-03:1,True,2,10,True,0.3006535947712418,0.3006535947712418,-0.19510129709814084,True,0,0,0,False,,370.0,110.0,0.0,0.0,1.0,0.0,0.0
2025-02-03 14:55:00+00:00,2025-02-03,2025-02-03:1,True,0,5,True,-0.20689655172413793,0.10005728646362956,-0.7264760316236373,True,0,0,0,False,,365.0,115.0,1.0,0.0,0.0,0.0,0.0
2025-02-03 15:00:00+00:00,2025-02-03,2025-02-03:1,True,0,10,True,0.03184713375796178,0.03184713375796178,-0.3613906608371931,True,0,0,0,False,,360.0,120.0,1.0,0.0,0.0,0.0,0.0
2025-02-03 15:05:00+00:00,2025-02-03,2025-02-03:1,True,0,15,True,-0.21407624633431085,0.21407624633431085,1.6139864785429068,True,0,0,0,True,-1.0132658887239498,355.0,125.0,1.0,0.0,0.0,0.0,0.0
2025-02-03 15:10:00+00:00,2025-02-03,2025-02-03:1,True,0,20,True,-0.22012578616352202,0.22012578616352202,0.6218841968183012,True,0,0,0,True,0.0,350.0,130.0,1.0,0.0,0.0,0.0,0.0
2025-02-03 15:15:00+00:00,2025-02-03,2025-02-03:1,True,0,25,True,0.18309859154929578,0.15573625617109713,0.1618608485106295,True,0,0,0,True,-0.3175195885941734,345.0,135.0,1.0,0.0,0.0,0.0,0.0
2025-02-03 15:20:00+00:00,2025-02-03,2025-02-03:1,True,1,5,True,0.14754098360655737,0.08901498407607455,0.5053012761785957,True,0,0,0,True,0.7532586684351567,340.0,140.0,0.0,1.0,0.0,0.0,0.0
2025-02-03 15:25:00+00:00,2025-02-03,2025-02-03:1,True,2,5,True,0.01639344262295082,0.01639344262295082,-0.5077486650991049,True,0,0,0,True,-0.6809518620382513,335.0,145.0,0.0,0.0,1.0,0.0,0.0
2025-02-03 15:30:00+00:00,2025-02-03,2025-02-03:1,True,2,10,True,0.08196721311475409,0.06933995873772043,0.16729798205803953,True,0,0,0,True,1.4462978045533195,330.0,150.0,0.0,0.0,1.0,0.0,0.0
2025-02-03 15:35:00+00:00,2025-02-03,2025-02-03:1,True,1,5,True,0.3558282208588957,0.06723143709530288,1.6663071366653084,True,0,0,0,True,0.4627518634148567,325.0,155.0,0.0,1.0,0.0,0.0,0.0
2025-02-03 15:40:00+00:00,2025-02-03,2025-02-03:1,True,1,10,True,0.17575757575757575,0.050978659989905105,1.2376985214811105,True,0,0,0,True,-0.2846440515661074,320.0,160.0,0.0,1.0,0.0,0.0,0.0
2025-02-03 15:45:00+00:00,2025-02-03,2025-02-03:1,True,1,15,True,0.022653721682847898,0.004909087166817922,1.5292361396889596,True,0,0,0,True,0.9598848110354207,315.0,165.0,0.0,1.0,0.0,0.0,0.0
2025-02-03 15:50:00+00:00,2025-02-03,2025-02-03:1,True,1,20,True,0.13253012048192772,0.061788377631201735,0.7630946614265942,True,0,0,0,True,0.059252037365358425,310.0,170.0,0.0,1.0,0.0,0.0,0.0
2025-02-03 15:55:00+00:00,2025-02-03,2025-02-03:1,True,2,5,True,-0.08357348703170028,0.08357348703170028,0.3245212559938798,True,0,0,0,True,0.29858959696384496,305.0,175.0,0.0,0.0,1.0,0.0,0.0
2025-02-03 16:00:00+00:00,2025-02-03,2025-02-03:1,True,2,10,True,0.14705882352941177,0.14705882352941177,0.0,True,0,0,0,True,-0.7411802958196995,300.0,180.0,0.0,0.0,1.0,0.0,0.0
2025-02-03 16:05:00+00:00,2025-02-03,2025-02-03:1,True,1,5,True,0.058823529411764705,0.004183395014416948,2.6434188136427976,True,0,0,0,True,0.8444091657574777,295.0,185.0,0.0,1.0,0.0,0.0,0.0
2025-02-03 16:10:00+00:00,2025-02-03,2025-02-03:1,True,2,5,True,-0.15483870967741936,0.10518170694133372,-0.38669459561792957,True,0,0,0,True,-0.8646754023334828,290.0,190.0,0.0,0.0,1.0,0.0,0.0
2025-02-03 16:15:00+00:00,2025-02-03,2025-02-03:1,True,1,5,True,-0.5079872204472844,0.5079872204472844,0.7492315190757032,True,0,0,0,True,0.49198532755802493,285.0,195.0,0.0,1.0,0.0,0.0,0.0
2025-02-03 16:20:00+00:00,2025-02-03,2025-02-03:1,True,2,5,True,-0.19648093841642228,0.045052221982881537,-1.4727431156570738,True,0,0,0,True,0.0,280.0,200.0,0.0,0.0,1.0,0.0,0.0
2025-02-03 16:25:00+00:00,2025-02-03,2025-02-03:1,True,0,5,True,-0.07540983606557378,0.07540983606557378,0.36587256521356937,True,0,0,0,True,0.0,275.0,205.0,1.0,0.0,0.0,0.0,0.0
2025-02-03 16:30:00+00:00,2025-02-03,2025-02-03:1,True,1,5,True,0.0199203187250996,0.006424558113465001,1.131612399982752,True,0,0,0,True,0.0,270.0,210.0,0.0,1.0,0.0,0.0,0.0
2025-02-03 16:35:00+00:00,2025-02-03,2025-02-03:1,True,0,5,True,-0.14,0.06575417159789597,-0.755719307208233,True,0,0,0,True,0.3391994192697127,265.0,215.0,1.0,0.0,0.0,0.0,0.0
2025-02-03 16:40:00+00:00,2025-02-03,2025-02-03:1,True,0,10,True,-0.06896551724137931,0.02051546338065036,-1.2124277165097574,True,0,0,0,True,0.3641554988396463,260.0,220.0,1.0,0.0,0.0,0.0,0.0
2025-02-03 16:45:00+00:00,2025-02-03,2025-02-03:1,True,3,5,True,-0.5303867403314917,0.34894555393324816,-0.4186905350738349,True,0,0,0,True,0.5634687956815566,255.0,225.0,0.0,0.0,0.0,1.0,0.0
2025-02-03 16:50:00+00:00,2025-02-03,2025-02-03:1,True,3,10,True,-0.3901098901098901,0.0711897606259012,-1.7010794723045548,True,0,0,0,True,-1.901864667602579,250.0,230.0,0.0,0.0,0.0,1.0,0.0
2025-02-03 16:55:00+00:00,2025-02-03,2025-02-03:1,True,3,15,True,-0.35502958579881655,0.15874110969536664,-0.8049264919954795,True,0,0,0,True,0.5419090685658431,245.0,235.0,0.0,0.0,0.0,1.0,0.0
2025-02-03 17:00:00+00:00,2025-02-03,2025-02-03:1,True,4,5,True,-0.49700598802395207,0.3328358848022536,-0.4009525442979832,True,0,0,0,True,0.5466853441869852,240.0,240.0,0.0,0.0,0.0,0.0,1.0
2025-02-03 17:05:00+00:00,2025-02-03,2025-02-03:1,True,4,10,True,-0.45514950166112955,0.29586068222582607,-0.43073726469234314,True,0,0,0,True,-0.5564478665558171,235.0,245.0,0.0,0.0,0.0,0.0,1.0
2025-02-03 17:10:00+00:00,2025-02-03,2025-02-03:1,True,3,5,True,-0.5555555555555556,0.3548662392019149,-0.4482276865886815,True,0,0,0,True,-0.5862923207596213,230.0,250.0,0.0,0.0,0.0,1.0,0.0
2025-02-03 17:15:00+00:00,2025-02-03,2025-02-03:1,True,3,10,True,-0.7351351351351352,0.4600964686730996,-0.4686181576369985,True,0,0,0,True,0.0,225.0,255.0,0.0,0.0,0.0,1.0,0.0
2025-02-03 17:20:00+00:00,2025-02-03,2025-02-03:1,True,4,5,True,-0.4880952380952381,0.4880952380952381,0.0,True,0,0,0,True,0.4043227646569248,220.0,260.0,0.0,0.0,0.0,0.0,1.0
2025-02-03 17:25:00+00:00,2025-02-03,2025-02-03:1,True,0,5,True,-0.13074204946996468,0.13074204946996468,1.3651750206794213,True,0,0,0,True,1.0175413824736586,215.0,265.0,1.0,0.0,0.0,0.0,0.0
2025-02-03 17:30:00+00:00,2025-02-03,2025-02-03:1,True,0,10,True,-0.2607260726072607,0.1628218303867452,-0.47081378807637464,True,0,0,0,True,0.0,210.0,270.0,1.0,0.0,0.0,0.0,0.0
2025-02-03 17:35:00+00:00,2025-02-03,2025-02-03:1,True,0,15,True,0.057057057057057055,0.057057057057057055,-0.9510538121273919,True,0,0,0,True,0.0,205.0,275.0,1.0,0.0,0.0,0.0,0.0
2025-02-03 17:40:00+00:00,2025-02-03,2025-02-03:1,True,0,20,True,-0.4388888888888889,0.4388888888888889,0.5046545937493806,True,0,0,0,True,1.1284419767811555,200.0,280.0,1.0,0.0,0.0,0.0,0.0
2025-02-03 17:45:00+00:00,2025-02-03,2025-02-03:1,True,0,25,True,-0.0913978494623656,0.0913978494623656,0.4910645723018014,True,0,0,0,True,0.0,195.0,285.0,1.0,0.0,0.0,0.0,0.0
2025-02-03 17:50:00+00:00,2025-02-03,2025-02-03:1,True,0,30,True,-0.25752508361204013,0.25752508361204013,0.0,True,0,0,0,True,0.0,190.0,290.0,1.0,0.0,0.0,0.0,0.0
2025-02-03 17:55:00+00:00,2025-02-03,2025-02-03:1,True,0,35,True,-0.2810810810810811,0.2810810810810811,0.0,True,0,0,0,True,0.0,185.0,295.0,1.0,0.0,0.0,0.0,0.0
2025-02-03 18:00:00+00:00,2025-02-03,2025-02-03:1,True,0,40,True,0.15328467153284672,0.040695613801895465,1.3261764732315786,True,0,0,0,True,0.04516888019998205,180.0,300.0,1.0,0.0,0.0,0.0,0.0
2025-02-03 18:05:00+00:00,2025-02-03,2025-02-03:1,True,1,5,True,0.6839237057220708,0.518635701126889,0.2766446579688855,True,0,0,0,True,-0.005021415734815306,175.0,305.0,0.0,1.0,0.0,0.0,0.0
2025-02-03 18:10:00+00:00,2025-02-03,2025-02-03:1,True,0,5,True,0.7520215633423181,0.7520215633423181,-0.7128635883355907,True,0,0,0,True,-3.1880228844025944,170.0,310.0,1.0,0.0,0.0,0.0,0.0
2025-02-03 18:15:00+00:00,2025-02-03,2025-02-03:1,True,1,5,True,0.8485804416403786,0.029218472322832468,3.3687637616525836,True,0,0,0,True,1.2373542686147272,165.0,315.0,0.0,1.0,0.0,0.0,0.0
2025-02-03 18:20:00+00:00,2025-02-03,2025-02-03:1,True,2,5,True,0.5920679886685553,0.5920679886685553,-0.7987374583499418,True,0,0,0,True,0.09387136791688198,160.0,320.0,0.0,0.0,1.0,0.0,0.0
2025-02-03 18:25:00+00:00,2025-02-03,2025-02-03:1,True,0,5,True,0.6694677871148459,0.6694677871148459,-1.4030184733988469,True,0,0,0,True,-0.7843111700513933,155.0,325.0,1.0,0.0,0.0,0.0,0.0
2025-02-03 18:30:00+00:00,2025-02-03,2025-02-03:1,True,0,10,True,0.650887573964497,0.46790731337533925,0.33006670189128823,True,0,0,0,True,-0.2957390488403322,150.0,330.0,1.0,0.0,0.0,0.0,0.0
2025-02-03 18:35:00+00:00,2025-02-03,2025-02-03:1,True,0,15,True,0.6640826873385013,0.6640826873385013,-1.4090631915170857,True,0,0,0,True,-0.700169129071782,145.0,335.0,1.0,0.0,0.0,0.0,0.0
2025-02-03 18:40:00+00:00,2025-02-03,2025-02-03:1,True,0,20,True,0.6632653061224489,0.6632653061224489,-0.30429826908555746,True,0,0,0,True,-0.2345242767110896,140.0,340.0,1.0,0.0,0.0,0.0,0.0
2025-02-03 18:45:00+00:00,2025-02-03,2025-02-03:1,True,4,5,True,0.745,0.22056471459174318,1.217193076340499,True,0,0,0,True,0.23159225008388554,135.0,345.0,0.0,0.0,0.0,0.0,1.0
2025-02-03 18:50:00+00:00,2025-02-03,2025-02-03:1,True,0,5,True,0.7063711911357341,0.3919774395214556,0.5889365799145982,True,0,0,0,True,-0.44943962644633156,130.0,350.0,1.0,0.0,0.0,0.0,0.0
2025-02-03 18:55:00+00:00,2025-02-03,2025-02-03:1,True,0,10,True,0.7755102040816326,0.4299707121184207,0.5898040455824816,True,0,0,0,True,0.0,125.0,355.0,1.0,0.0,0.0,0.0,0.0
2025-02-03 19:00:00+00:00,2025-02-03,2025-02-03:1,True,0,15,True,0.655367231638418,0.655367231638418,0.0,True,0,0,0,True,-0.4398828453766388,120.0,360.0,1.0,0.0,0.0,0.0,0.0
2025-02-03 19:05:00+00:00,2025-02-03,2025-02-03:1,True,1,5,True,0.48081264108352145,0.26878008680026644,0.5815841505858743,True,0,0,0,True,0.8980706822495583,115.0,365.0,0.0,1.0,0.0,0.0,0.0
2025-02-03 19:10:00+00:00,2025-02-03,2025-02-03:1,True,1,10,True,0.5865384615384616,0.25482831445041193,0.8336482022732185,True,0,0,0,True,0.0,110.0,370.0,0.0,1.0,0.0,0.0,0.0
2025-02-03 19:15:00+00:00,2025-02-03,2025-02-03:1,True,2,5,True,0.6505376344086021,0.6505376344086021,-0.14451841351874156,True,0,0,0,True,0.09696110652050954,105.0,375.0,0.0,0.0,1.0,0.0,0.0
2025-02-03 19:20:00+00:00,2025-02-03,2025-02-03:1,True,0,5,True,0.5421686746987951,0.5421686746987951,-0.4502194400694485,True,0,0,0,True,0.671147515191453,100.0,380.0,1.0,0.0,0.0,0.0,0.0
2025-02-03 19:25:00+00:00,2025-02-03,2025-02-03:1,True,0,10,True,0.47023809523809523,0.47023809523809523,-0.32715978292658643,True,0,0,0,True,-0.7315515141279224,95.0,385.0,1.0,0.0,0.0,0.0,0.0
2025-02-03 19:30:00+00:00,2025-02-03,2025-02-03:1,True,0,15,True,0.056818181818181816,0.056818181818181816,-1.0477221451514542,True,0,0,0,True,-0.780925979362778,90.0,390.0,1.0,0.0,0.0,0.0,0.0
2025-02-03 19:35:00+00:00,2025-02-03,2025-02-03:1,True,3,5,True,0.0176678445229682,0.0176678445229682,-0.7393325524054178,True,0,0,0,True,0.0,85.0,395.0,0.0,0.0,0.0,1.0,0.0
2025-02-03 19:40:00+00:00,2025-02-03,2025-02-03:1,True,3,10,True,-0.09608540925266904,0.04587429430445698,-0.7393325524054178,True,0,0,0,True,-0.28642265462747424,80.0,400.0,0.0,0.0,0.0,1.0,0.0
2025-02-03 19:45:00+00:00,2025-02-03,2025-02-03:1,True,4,5,True,-0.3687315634218289,0.3687315634218289,0.0,True,0,0,0,True,-1.6818459124411231,75.0,405.0,0.0,0.0,0.0,0.0,1.0
2025-02-03 19:50:00+00:00,2025-02-03,2025-02-03:1,True,3,5,True,-0.022857142857142857,0.0034173551485738763,-1.9003967626623235,True,0,0,0,True,-0.8498832691062149,70.0,410.0,0.0,0.0,0.0,1.0,0.0
2025-02-03 19:55:00+00:00,2025-02-03,2025-02-03:1,True,4,5,True,-0.19337016574585636,0.19337016574585636,0.0,True,0,0,0,True,0.0,65.0,415.0,0.0,0.0,0.0,0.0,1.0
2025-02-03 20:00:00+00:00,2025-02-03,2025-02-03:1,True,3,5,True,-0.20918367346938777,0.04716855244382256,-1.4894852776988552,True,0,0,0,True,-1.0948329238269023,60.0,420.0,0.0,0.0,0.0,1.0,0.0
2025-02-03 20:05:00+00:00,2025-02-03,2025-02-03:1,True,3,10,True,-0.23735408560311283,0.1356163774175375,-0.5597229126314698,True,0,0,0,True,0.0,55.0,425.0,0.0,0.0,0.0,1.0,0.0
2025-02-03 20:10:00+00:00,2025-02-03,2025-02-03:1,True,3,15,True,-0.17192982456140352,0.1078441556322113,-0.4663992152374127,True,0,0,0,True,-1.7593313245652757,50.0,430.0,0.0,0.0,0.0,1.0,0.0
2025-02-03 20:15:00+00:00,2025-02-03,2025-02-03:1,True,4,5,True,-0.1509433962264151,0.1509433962264151,0.7276068751083572,True,1,0,0,True,1.0846522890923245,45.0,435.0,0.0,0.0,0.0,0.0,1.0
2025-02-03 20:20:00+00:00,2025-02-03,2025-02-03:1,True,0,5,True,-0.29178470254957506,0.29178470254957506,1.728620774218403,True,1,0,0,True,0.0,40.0,440.0,1.0,0.0,0.0,0.0,0.0
2025-02-03 20:25:00+00:00,2025-02-03,2025-02-03:1,True,0,10,True,-0.047619047619047616,0.047619047619047616,0.8783233575730262,True,0,0,0,True,0.9819953668781751,35.0,445.0,1.0,0.0,0.0,0.0,0.0
2025-02-03 20:30:00+00:00,2025-02-03,2025-02-03:1,True,2,5,True,0.2413793103448276,0.2413793103448276,0.0,True,0,0,0,True,0.0,30.0,450.0,0.0,0.0,1.0,0.0,0.0
2025-02-03 20:35:00+00:00,2025-02-03,2025-02-03:1,True,2,10,True,0.3032258064516129,0.3032258064516129,0.0,True,0,0,0,True,-0.41549429171773977,25.0,455.0,0.0,0.0,1.0,0.0,0.0
2025-02-03 20:40:00+00:00,2025-02-03,2025-02-03:1,True,1,5,True,0.38317757009345793,0.0964998721167453,1.378956828095551,True,0,0,0,True,1.0278137352187409,20.0,460.0,0.0,1.0,0.0,0.0,0.0
2025-02-03 20:45:00+00:00,2025-02-03,2025-02-03:1,True,2,5,True,0.305993690851735,0.305993690851735,0.0,True,0,0,0,True,0.6056880386375021,15.0,465.0,0.0,0.0,1.0,0.0,0.0
2025-02-03 20:50:00+00:00,2025-02-03,2025-02-03:1,True,1,5,True,0.16723549488054607,0.0630376738760216,0.9756704223816481,True,0,0,0,True,-0.560339457034936,10.0,470.0,0.0,1.0,0.0,0.0,0.0
2025-02-03 20:55:00+00:00,2025-02-03,2025-02-03:1,True,2,5,True,-0.07420494699646643,0.07420494699646643,0.0,True,0,0,0,True,0.0,5.0,475.0,0.0,0.0,1.0,0.0,0.0
2025-02-03 21:00:00+00:00,2025-02-03,2025-02-03:1,True,1,5,True,-0.28901734104046245,0.28901734104046245,0.5218310955733313,True,0,0,0,True,-1.1668498024751586,0.0,480.0,0.0,1.0,0.0,0.0,0.0
2025-02-04 13:00:00+00:00,2025-02-04,2025-02-04:1,False,-1,0,False,,,,False,0,0,0,False,,480.0,0.0,,,,,
2025-02-04 13:05:00+00:00,2025-02-04,2025-02-04:1,False,-1,0,True,-0.1534090909090909,,,False,0,0,0,False,,475.0,5.0,,,,,
2025-02-04 13:10:00+00:00,2025-02-04,2025-02-04:1,False,-1,0,True,-0.14492753623188406,,,False,0,0,0,False,,470.0,10.0,,,,,
2025-02-04 13:15:00+00:00,2025-02-04,2025-02-04:1,False,-1,0,True,0.17073170731707318,,,False,0,0,0,False,,465.0,15.0,,,,,
2025-02-04 13:20:00+00:00,2025-02-04,2025-02-04:1,False,-1,0,True,-0.19420289855072465,,,False,0,0,0,False,,460.0,20.0,,,,,
2025-02-04 13:25:00+00:00,2025-02-04,2025-02-04:1,False,-1,0,True,-0.21232876712328766,,,False,0,0,0,False,,455.0,25.0,,,,,
2025-02-04 13:30:00+00:00,2025-02-04,2025-02-04:1,False,-1,0,True,-0.21524663677130046,,,False,0,0,0,False,,450.0,30.0,,,,,
2025-02-04 13:35:00+00:00,2025-02-04,2025-02-04:1,False,-1,0,True,-0.9617486338797814,,,False,0,0,0,False,,445.0,35.0,,,,,
2025-02-04 13:40:00+00:00,2025-02-04,2025-02-04:1,False,-1,0,True,-0.9750623441396509,,,False,0,0,0,False,,440.0,40.0,,,,,
2025-02-04 13:45:00+00:00,2025-02-04,2025-02-04:1,False,-1,0,True,-0.9055793991416309,,,False,0,0,0,False,,435.0,45.0,,,,,
2025-02-04 13:50:00+00:00,2025-02-04,2025-02-04:1,False,-1,0,True,-0.9004329004329005,,,False,0,0,0,False,,430.0,50.0,,,,,
2025-02-04 13:55:00+00:00,2025-02-04,2025-02-04:1,False,-1,0,True,-0.8789473684210526,,,False,0,0,0,False,,425.0,55.0,,,,,
2025-02-04 14:00:00+00:00,2025-02-04,2025-02-04:1,False,-1,0,True,-0.8778280542986425,,,False,0,0,0,False,,420.0,60.0,,,,,
2025-02-04 14:05:00+00:00,2025-02-04,2025-02-04:1,True,4,5,True,-0.865546218487395,0.865546218487395,0.34015464216372926,True,1,0,0,False,,415.0,65.0,0.0,0.0,0.0,0.0,1.0
2025-02-04 14:10:00+00:00,2025-02-04,2025-02-04:1,True,3,5,True,-0.799410029498525,0.20173547281983825,-1.3769166937734996,True,0,1,1,False,,410.0,70.0,0.0,0.0,0.0,1.0,0.0
2025-02-04 14:15:00+00:00,2025-02-04,2025-02-04:1,True,3,10,True,-0.8773333333333333,0.3152897405059202,-1.023394976588593,True,0,0,1,False,,405.0,75.0,0.0,0.0,0.0,1.0,0.0
2025-02-04 14:20:00+00:00,2025-02-04,2025-02-04:1,True,4,5,True,-0.7666666666666667,0.7666666666666667,1.3500692750625753,True,1,0,1,False,,400.0,80.0,0.0,0.0,0.0,0.0,1.0
2025-02-04 14:25:00+00:00,2025-02-04,2025-02-04:1,True,0,5,True,-0.6892655367231638,0.6892655367231638,0.8129827801040408,True,1,0,1,False,,395.0,85.0,1.0,0.0,0.0,0.0,0.0
2025-02-04 14:30:00+00:00,2025-02-04,2025-02-04:1,True,0,10,True,-0.6866840731070496,0.36904633304519874,-0.6209521220130769,True,1,0,1,False,,390.0,90.0,1.0,0.0,0.0,0.0,0.0
2025-02-04 14:35:00+00:00,2025-02-04,2025-02-04:1,True,0,15,True,-0.6021798365122616,0.6021798365122616,0.5365017516133878,True,1,0,1,False,,385.0,95.0,1.0,0.0,0.0,0.0,0.0
2025-02-04 14:40:00+00:00,2025-02-04,2025-02-04:1,True,0,20,True,-0.6136363636363636,0.6136363636363636,0.0,True,1,0,1,False,,380.0,100.0,1.0,0.0,0.0,0.0,0.0
2025-02-04 14:45:00+00:00,2025-02-04,2025-02-04:1,True,0,25,True,-0.5587392550143266,0.04830431607269014,-2.4481619989942427,True,0,0,1,False,,375.0,105.0,1.0,0.0,0.0,0.0,0.0
2025-02-04 14:50:00+00:00,2025-02-04,2025-02-04:1,True,0,30,True,-0.2155688622754491,0.2155688622754491,1.4764493884003866,True,0,0,1,False,,370.0,110.0,1.0,0.0,0.0,0.0,0.0
2025-02-04 14:55:00+00:00,2025-02-04,2025-02-04:1,True,3,5,True,-0.15333333333333332,0.05247119941931025,-1.0723497642332085,True,0,0,1,False,,365.0,115.0,0.0,0.0,0.0,1.0,0.0
2025-02-04 15:00:00+00:00,2025-02-04,2025-02-04:1,True,0,5,True,0.15862068965517243,0.15862068965517243,-0.13089270788555557,True,0,0,1,False,,360.0,120.0,1.0,0.0,0.0,0.0,0.0
2025-02-04 15:05:00+00:00,2025-02-04,2025-02-04:1,True,4,5,True,-0.22522522522522523,0.22522522522522523,0.0,True,0,0,1,True,-0.28923740630584394,355.0,125.0,0.0,0.0,0.0,0.0,1.0
2025-02-04 15:10:00+00:00,2025-02-04,2025-02-04:1,True,3,5,True,0.3413897280966767,0.3413897280966767,-0.2665495645205534,True,0,0,1,True,-0.1650568427687357,350.0,130.0,0.0,0.0,0.0,1.0,0.0
2025-02-04 15:15:00+00:00,2025-02-04,2025-02-04:1,True,0,5,True,0.0,0.0,-0.5344685651803771,True,0,0,1,True,-1.0296619587161409,345.0,135.0,1.0,0.0,0.0,0.0,0.0
2025-02-04 15:20:00+00:00,2025-02-04,2025-02-04:1,True,0,10,True,0.25077399380804954,0.14686938044093217,0.535008487093156,True,0,0,1,True,0.17068594125431075,340.0,140.0,1.0,0.0,0.0,0.0,0.0
2025-02-04 15:25:00+00:00,2025-02-04,2025-02-04:1,True,0,15,True,0.3551912568306011,0.15449376326705683,0.8325026677168462,True,0,0,1,True,0.17907564845682813,335.0,145.0,1.0,0.0,0.0,0.0,0.0
2025-02-04 15:30:00+00:00,2025-02-04,2025-02-04:1,True,1,5,True,0.08157099697885196,0.00502203816812016,2.7876379087196654,True,0,0,1,True,0.6323763649675863,330.0,150.0,0.0,1.0,0.0,0.0,0.0
2025-02-04 15:35:00+00:00,2025-02-04,2025-02-04:1,True,2,5,True,-0.30303030303030304,0.30303030303030304,0.2628947079899736,True,0,0,1,True,0.8368292304529219,325.0,155.0,0.0,0.0,1.0,0.0,0.0
2025-02-04 15:40:00+00:00,2025-02-04,2025-02-04:1,True,2,10,True,-0.2826086956521739,0.08003655597677202,-1.261579759940772,True,0,0,1,True,-0.4695795556994444,320.0,160.0,0.0,0.0,1.0,0.0,0.0
2025-02-04 15:45:00+00:00,2025-02-04,2025-02-04:1,True,1,5,True,-0.3875,0.3875,0.7477590247824696,True,0,0,1,True,0.7850333817445158,315.0,165.0,0.0,1.0,0.0,0.0,0.0
2025-02-04 15:50:00+00:00,2025-02-04,2025-02-04:1,True,1,10,True,0.08090614886731391,0.049220383238533415,0.49698199578404595,True,0,0,1,True,0.13899905854088843,310.0,170.0,0.0,1.0,0.0,0.0,0.0
2025-02-04 15:55:00+00:00,2025-02-04,2025-02-04:1,True,2,5,True,-0.3176470588235294,0.3176470588235294,0.24878680607559758,True,0,0,1,True,0.3365155749417024,305.0,175.0,0.0,0.0,1.0,0.0,0.0
2025-02-04 16:00:00+00:00,2025-02-04,2025-02-04:1,True,0,5,True,0.21003134796238246,0.21003134796238246,-0.24659759843890436,True,0,0,1,True,0.0,300.0,180.0,1.0,0.0,0.0,0.0,0.0
2025-02-04 16:05:00+00:00,2025-02-04,2025-02-04:1,True,0,10,True,-0.12849162011173185,0.07765821257906363,-0.5035463810109753,True,0,0,1,True,0.7872098453699407,295.0,185.0,1.0,0.0,0.0,0.0,0.0
2025-02-04 16:10:00+00:00,2025-02-04,2025-02-04:1,True,0,15,True,0.043209876543209874,0.033738556281085165,0.2474278061378588,True,0,0,1,True,-0.11569383000568843,290.0,190.0,1.0,0.0,0.0,0.0,0.0
2025-02-04 16:15:00+00:00,2025-02-04,2025-02-04:1,True,0,20,True,0.12101910828025478,0.12101910828025478,-0.610153033162144,True,0,0,1,True,0.0,285.0,195.0,1.0,0.0,0.0,0.0,0.0
2025-02-04 16:20:00+00:00,2025-02-04,2025-02-04:1,True,0,25,True,0.4697986577181208,0.36727492997649264,0.24619351948644908,True,0,0,1,True,0.0,280.0,200.0,1.0,0.0,0.0,0.0,0.0
2025-02-04 16:25:00+00:00,2025-02-04,2025-02-04:1,True,0,30,True,0.11746031746031746,0.11746031746031746,-0.24695579590430977,True,0,0,1,True,-1.4185298077180537,275.0,205.0,1.0,0.0,0.0,0.0,0.0
2025-02-04 16:30:00+00:00,2025-02-04,2025-02-04:1,True,0,35,True,0.09333333333333334,0.09333333333333334,-0.26423944672770877,True,0,0,1,True,-0.9026333140267061,270.0,210.0,1.0,0.0,0.0,0.0,0.0
2025-02-04 16:35:00+00:00,2025-02-04,2025-02-04:1,True,0,40,True,-0.08303249097472924,0.08303249097472924,1.513716053030145,True,0,0,1,True,1.716665551906516,265.0,215.0,1.0,0.0,0.0,0.0,0.0
2025-02-04 16:40:00+00:00,2025-02-04,2025-02-04:1,True,0,45,True,-0.11029411764705882,0.08056830669880574,-0.3140452393022482,True,0,0,1,True,0.32501952473717627,260.0,220.0,1.0,0.0,0.0,0.0,0.0
2025-02-04 16:45:00+00:00,2025-02-04,2025-02-04:1,True,0,50,True,-0.35714285714285715,0.133542963877658,-0.9837126089368746,True,0,0,1,True,0.0,255.0,225.0,1.0,0.0,0.0,0.0,0.0
2025-02-04 16:50:00+00:00,2025-02-04,2025-02-04:1,True,0,55,True,0.15692307692307692,0.15692307692307692,-0.37649546647705423,True,0,0,1,True,-0.3916043651489532,250.0,230.0,1.0,0.0,0.0,0.0,0.0
2025-02-04 16:55:00+00:00,2025-02-04,2025-02-04:1,True,0,60,True,-0.12025316455696203,0.08093084626520938,-0.39600418491333517,True,0,0,1,True,-0.4933901509136894,245.0,235.0,1.0,0.0,0.0,0.0,0.0
2025-02-04 17:00:00+00:00,2025-02-04,2025-02-04:1,True,0,65,True,-0.030927835051546393,0.008359183780868749,-1.3082958006841245,True,0,0,1,True,-1.51929642738773,240.0,240.0,1.0,0.0,0.0,0.0,0.0
2025-02-04 17:05:00+00:00,2025-02-04,2025-02-04:1,True,4,5,True,-0.5080906148867314,0.5080906148867314,0.0,True,0,0,1,True,0.0,235.0,245.0,0.0,0.0,0.0,0.0,1.0
2025-02-04 17:10:00+00:00,2025-02-04,2025-02-04:1,True,3,5,True,-0.6065573770491803,0.2318770578619817,-0.9615920192542612,True,0,0,1,True,0.0,230.0,250.0,0.0,0.0,0.0,1.0,0.0
2025-02-04 17:15:00+00:00,2025-02-04,2025-02-04:1,True,4,5,True,-0.2463768115942029,0.2463768115942029,0.4755269060629272,True,1,0,1,True,0.5981546125988053,225.0,255.0,0.0,0.0,0.0,0.0,1.0
2025-02-04 17:20:00+00:00,2025-02-04,2025-02-04:1,True,4,10,True,-0.5636363636363636,0.5636363636363636,0.4721460731156506,True,1,0,1,True,1.6437103353619045,220.0,260.0,0.0,0.0,0.0,0.0,1.0
2025-02-04 17:25:00+00:00,2025-02-04,2025-02-04:1,True,0,5,True,-0.4182825484764543,0.26738529873187294,-0.4474664728721386,True,1,0,1,True,-0.4519528290525534,215.0,265.0,1.0,0.0,0.0,0.0,0.0
2025-02-04 17:30:00+00:00,2025-02-04,2025-02-04:1,True,0,10,True,-0.40217391304347827,0.40217391304347827,0.9133279224694781,True,1,0,1,True,0.5833184481023798,210.0,270.0,1.0,0.0,0.0,0.0,0.0
2025-02-04 17:35:00+00:00,2025-02-04,2025-02-04:1,True,0,15,True,-0.310126582278481,0.310126582278481,0.44880115319181013,True,1,0,1,True,0.4291453813607707,205.0,275.0,1.0,0.0,0.0,0.0,0.0
2025-02-04 17:40:00+00:00,2025-02-04,2025-02-04:1,True,1,5,True,-0.2563176895306859,0.2563176895306859,0.9659780917838009,True,0,0,1,True,0.4946388172799016,200.0,280.0,0.0,1.0,0.0,0.0,0.0
2025-02-04 17:45:00+00:00,2025-02-04,2025-02-04:1,True,2,5,True,-0.13898305084745763,0.13898305084745763,0.0,True,0,0,1,True,-0.5736508106013953,195.0,285.0,0.0,0.0,1.0,0.0,0.0
2025-02-04 17:50:00+00:00,2025-02-04,2025-02-04:1,True,1,5,True,0.12460063897763578,0.07627153902837391,0.4908138799131658,True,0,0,1,True,0.0,190.0,290.0,0.0,1.0,0.0,0.0,0.0
2025-02-04 17:55:00+00:00,2025-02-04,2025-02-04:1,True,2,5,True,-0.3169230769230769,0.19302954476269615,-0.4958158260209525,True,0,0,1,True,0.0,185.0,295.0,0.0,0.0,1.0,0.0,0.0
2025-02-04 18:00:00+00:00,2025-02-04,2025-02-04:1,True,1,5,True,-0.5057471264367817,0.5057471264367817,1.0388783820466057,True,0,0,1,True,0.0,180.0,300.0,0.0,1.0,0.0,0.0,0.0
2025-02-04 18:05:00+00:00,2025-02-04,2025-02-04:1,True,0,5,True,-0.9421686746987952,0.32045486933293654,-1.0784428656049758,True,0,0,1,True,-0.739095756916383,175.0,305.0,1.0,0.0,0.0,0.0,0.0
2025-02-04 18:10:00+00:00,2025-02-04,2025-02-04:1,True,0,10,True,-0.9510022271714922,0.9510022271714922,0.5336617385253555,True,0,0,1,True,-0.7987521948488554,170.0,310.0,1.0,0.0,0.0,0.0,0.0
2025-02-04 18:15:00+00:00,2025-02-04,2025-02-04:1,True,0,15,True,-0.9164345403899722,0.16871452619850535,-1.6922825487248545,True,0,0,1,True,-1.261352938697515,165.0,315.0,1.0,0.0,0.0,0.0,0.0
2025-02-04 18:20:00+00:00,2025-02-04,2025-02-04:1,True,3,5,True,-0.9238095238095239,0.07829955055430643,-2.4679640443948854,True,0,0,1,True,1.103707073860964,160.0,320.0,0.0,0.0,0.0,1.0,0.0
2025-02-04 18:25:00+00:00,2025-02-04,2025-02-04:1,True,3,10,True,-0.9673659673659674,0.11202519736259771,-2.1558530578413655,True,0,0,1,True,-1.3461325838136493,155.0,325.0,0.0,0.0,0.0,1.0,0.0
2025-02-04 18:30:00+00:00,2025-02-04,2025-02-04:1,True,3,15,True,-0.9454094292803971,0.22729934373396202,-1.4253502485319258,True,0,0,1,True,-1.2920801337232497,150.0,330.0,0.0,0.0,0.0,1.0,0.0
2025-02-04 18:35:00+00:00,2025-02-04,2025-02-04:1,True,3,20,True,-0.8181818181818182,0.19591260434187227,-1.4294159199456848,True,0,0,1,True,-1.0738642975926806,145.0,335.0,0.0,0.0,0.0,1.0,0.0
2025-02-04 18:40:00+00:00,2025-02-04,2025-02-04:1,True,4,5,True,-0.8055555555555556,0.8055555555555556,0.7742072031966634,True,1,0,1,True,-0.49877312296941945,140.0,340.0,0.0,0.0,0.0,0.0,1.0
2025-02-04 18:45:00+00:00,2025-02-04,2025-02-04:1,True,3,5,True,-0.8698224852071006,0.14589706076800127,-1.7853878410363067,True,0,1,2,True,-0.5106134270486985,135.0,345.0,0.0,0.0,0.0,1.0,0.0
2025-02-04 18:50:00+00:00,2025-02-04,2025-02-04:1,True,3,10,True,-0.6408977556109726,0.057675179592585155,-2.408043018643514,True,0,0,2,True,-0.7692211260609026,130.0,350.0,0.0,0.0,0.0,1.0,0.0
2025-02-04 18:55:00+00:00,2025-02-04,2025-02-04:1,True,4,5,True,-0.5087719298245614,0.5087719298245614,0.9676800696990214,True,1,0,2,True,0.4921403101574914,125.0,355.0,0.0,0.0,0.0,0.0,1.0
2025-02-04 19:00:00+00:00,2025-02-04,2025-02-04:1,True,3,5,True,-0.5070028011204482,0.1607040148741688,-1.148952272376901,True,0,1,3,True,-0.7340386811244338,120.0,360.0,0.0,0.0,0.0,1.0,0.0
2025-02-04 19:05:00+00:00,2025-02-04,2025-02-04:1,True,4,5,True,-0.6514745308310992,0.6514745308310992,0.325338927658475,True,1,0,3,True,0.0,115.0,365.0,0.0,0.0,0.0,0.0,1.0
2025-02-04 19:10:00+00:00,2025-02-04,2025-02-04:1,True,3,5,True,-0.6010928961748634,0.15909124009841955,-1.3292716171974706,True,0,1,4,True,0.19634039393995384,110.0,370.0,0.0,0.0,0.0,1.0,0.0
2025-02-04 19:15:00+00:00,2025-02-04,2025-02-04:1,True,4,5,True,-0.3780487804878049,0.3780487804878049,0.6462964606458522,True,1,0,4,True,1.1789654924841055,105.0,375.0,0.0,0.0,0.0,0.0,1.0
2025-02-04 19:20:00+00:00,2025-02-04,2025-02-04:1,True,0,5,True,-0.31010452961672474,0.31010452961672474,0.6511160386664339,True,1,0,4,True,0.0,100.0,380.0,1.0,0.0,0.0,0.0,0.0
2025-02-04 19:25:00+00:00,2025-02-04,2025-02-04:1,True,0,10,True,-0.3652694610778443,0.3652694610778443,0.9861116372670373,True,1,0,4,True,0.7350042181102071,95.0,385.0,1.0,0.0,0.0,0.0,0.0
2025-02-04 19:30:00+00:00,2025-02-04,2025-02-04:1,True,0,15,True,-0.5204081632653061,0.12446378548604403,-1.4305986390749823,True,0,1,5,True,0.16855172202465982,90.0,390.0,1.0,0.0,0.0,0.0,0.0
2025-02-04 19:35:00+00:00,2025-02-04,2025-02-04:1,True,0,20,True,-0.6,0.28982668456068045,-0.7276465503391952,True,0,0,5,True,0.0,85.0,395.0,1.0,0.0,0.0,0.0,0.0
2025-02-04 19:40:00+00:00,2025-02-04,2025-02-04:1,True,0,25,True,-0.6453488372093024,0.30254687278775194,-0.7575547866493756,True,0,0,5,True,-1.693943999628354,80.0,400.0,1.0,0.0,0.0,0.0,0.0
2025-02-04 19:45:00+00:00,2025-02-04,2025-02-04:1,True,0,30,True,-0.7883008356545961,0.5213794464856589,-0.41340170727340597,True,0,0,5,True,-0.9243943194778051,75.0,405.0,1.0,0.0,0.0,0.0,0.0
2025-02-04 19:50:00+00:00,2025-02-04,2025-02-04:1,True,3,5,True,-0.6410256410256411,0.26070385344356367,-0.8996843557490727,True,0,0,5,True,-1.6363930326523424,70.0,410.0,0.0,0.0,0.0,1.0,0.0
2025-02-04 19:55:00+00:00,2025-02-04,2025-02-04:1,True,4,5,True,-0.43243243243243246,0.43243243243243246,0.9322257662030082,True,1,0,5,True,-1.7157391236094843,65.0,415.0,0.0,0.0,0.0,0.0,1.0
2025-02-04 20:00:00+00:00,2025-02-04,2025-02-04:1,True,0,5,True,-0.1597222222222222,0.1597222222222222,0.8955663472988002,True,1,0,5,True,-1.0012736154592283,60.0,420.0,1.0,0.0,0.0,0.0,0.0
2025-02-04 20:05:00+00:00,2025-02-04,2025-02-04:1,True,0,10,True,-0.5609756097560976,0.5609756097560976,0.0,True,1,0,5,True,-0.6379882609553382,55.0,425.0,1.0,0.0,0.0,0.0,0.0
2025-02-04 20:10:00+00:00,2025-02-04,2025-02-04:1,True,0,15,True,-0.4797687861271676,0.12765244940499565,-1.3239929603326264,True,0,1,6,True,0.3485506115942589,50.0,430.0,1.0,0.0,0.0,0.0,0.0
2025-02-04 20:15:00+00:00,2025-02-04,2025-02-04:1,True,0,20,True,-0.49262536873156343,0.1314544385464635,-1.3210886673687663,True,0,0,6,True,-2.0250148243284687,45.0,435.0,1.0,0.0,0.0,0.0,0.0
2025-02-04 20:20:00+00:00,2025-02-04,2025-02-04:1,True,0,25,True,0.05846153846153846,0.05846153846153846,0.0,True,0,0,6,True,1.4612585525438309,40.0,440.0,1.0,0.0,0.0,0.0,0.0
2025-02-04 20:25:00+00:00,2025-02-04,2025-02-04:1,True,0,30,True,-0.31750741839762614,0.31750741839762614,0.40389805712915905,True,0,0,6,True,-0.9031435117208934,35.0,445.0,1.0,0.0,0.0,0.0,0.0
2025-02-04 20:30:00+00:00,2025-02-04,2025-02-04:1,True,0,35,True,-0.2459016393442623,0.2459016393442623,2.567182411110303,True,0,0,6,True,1.1261331485658537,30.0,450.0,1.0,0.0,0.0,0.0,0.0
2025-02-04 20:35:00+00:00,2025-02-04,2025-02-04:1,True,0,40,True,-0.12455516014234876,0.12455516014234876,0.36222686599255327,True,0,0,6,True,0.0,25.0,455.0,1.0,0.0,0.0,0.0,0.0
2025-02-04 20:40:00+00:00,2025-02-04,2025-02-04:1,True,0,45,True,-0.3468013468013468,0.11631315255526337,-1.0924659836600559,True,0,0,6,True,0.5306950525148554,20.0,460.0,1.0,0.0,0.0,0.0,0.0
2025-02-04 20:45:00+00:00,2025-02-04,2025-02-04:1,True,1,5,True,-0.3270440251572327,0.3270440251572327,0.35163407773465194,True,0,0,6,True,-0.48898996738282324,15.0,465.0,0.0,1.0,0.0,0.0,0.0
2025-02-04 20:50:00+00:00,2025-02-04,2025-02-04:1,True,2,5,True,-0.30578512396694213,0.21549232109779287,-0.3499573700775643,True,0,0,6,True,-0.47536495663652356,10.0,470.0,0.0,0.0,1.0,0.0,0.0
2025-02-04 20:55:00+00:00,2025-02-04,2025-02-04:1,True,1,5,True,-0.568075117370892,0.568075117370892,1.06899703593647,True,0,0,6,True,0.6590291472664478,5.0,475.0,0.0,1.0,0.0,0.0,0.0
2025-02-04 21:00:00+00:00,2025-02-04,2025-02-04:1,True,0,5,True,-0.5810055865921788,0.5810055865921788,0.3563323453118191,True,0,0,6,True,0.30562704383711564,0.0,480.0,1.0,0.0,0.0,0.0,0.0
2025-02-05 13:00:00+00:00,2025-02-05,2025-02-05:1,False,-1,0,False,,,,False,0,0,0,False,,480.0,0.0,,,,,
2025-02-05 13:05:00+00:00,2025-02-05,2025-02-05:1,False,-1,0,True,-0.3313253012048193,,,False,0,0,0,False,,475.0,5.0,,,,,
2025-02-05 13:10:00+00:00,2025-02-05,2025-02-05:1,False,-1,0,True,-0.09615384615384616,,,False,0,0,0,False,,470.0,10.0,,,,,
2025-02-05 13:15:00+00:00,2025-02-05,2025-02-05:1,False,-1,0,True,0.2255892255892256,,,False,0,0,0,False,,465.0,15.0,,,,,
2025-02-05 13:20:00+00:00,2025-02-05,2025-02-05:1,False,-1,0,True,0.09597523219814241,,,False,0,0,0,False,,460.0,20.0,,,,,
2025-02-05 13:25:00+00:00,2025-02-05,2025-02-05:1,False,-1,0,True,0.22646310432569974,,,False,0,0,0,False,,455.0,25.0,,,,,
2025-02-05 13:30:00+00:00,2025-02-05,2025-02-05:1,False,-1,0,True,-0.5036496350364964,,,False,0,0,0,False,,450.0,30.0,,,,,
2025-02-05 13:35:00+00:00,2025-02-05,2025-02-05:1,False,-1,0,True,-0.9423076923076923,,,False,0,0,0,False,,445.0,35.0,,,,,
2025-02-05 13:40:00+00:00,2025-02-05,2025-02-05:1,False,-1,0,True,-0.9376299376299376,,,False,0,0,0,False,,440.0,40.0,,,,,
2025-02-05 13:45:00+00:00,2025-02-05,2025-02-05:1,False,-1,0,True,-0.8684931506849315,,,False,0,0,0,False,,435.0,45.0,,,,,
2025-02-05 13:50:00+00:00,2025-02-05,2025-02-05:1,False,-1,0,True,-0.8121546961325967,,,False,0,0,0,False,,430.0,50.0,,,,,
2025-02-05 13:55:00+00:00,2025-02-05,2025-02-05:1,False,-1,0,True,-0.8097826086956522,,,False,0,0,0,False,,425.0,55.0,,,,,
2025-02-05 14:00:00+00:00,2025-02-05,2025-02-05:1,False,-1,0,True,-0.6440129449838188,,,False,0,0,0,False,,420.0,60.0,,,,,
2025-02-05 14:05:00+00:00,2025-02-05,2025-02-05:1,True,3,5,True,-0.7135802469135802,0.3760028145750864,-0.6406982710541141,True,0,0,0,False,,415.0,65.0,0.0,0.0,0.0,1.0,0.0
2025-02-05 14:10:00+00:00,2025-02-05,2025-02-05:1,True,4,5,True,-0.7060518731988472,0.5205009444638952,-0.30489700699464833,True,0,0,0,False,,410.0,70.0,0.0,0.0,0.0,0.0,1.0
2025-02-05 14:15:00+00:00,2025-02-05,2025-02-05:1,True,4,10,True,-0.5603217158176944,0.5603217158176944,0.0,True,0,0,0,False,,405.0,75.0,0.0,0.0,0.0,0.0,1.0
2025-02-05 14:20:00+00:00,2025-02-05,2025-02-05:1,True,4,15,True,-0.5106382978723404,0.5106382978723404,0.0,True,0,0,0,False,,400.0,80.0,0.0,0.0,0.0,0.0,1.0
2025-02-05 14:25:00+00:00,2025-02-05,2025-02-05:1,True,4,20,True,-0.27972027972027974,0.27972027972027974,0.34535812889983825,True,1,0,0,False,,395.0,85.0,0.0,0.0,0.0,0.0,1.0
2025-02-05 14:30:00+00:00,2025-02-05,2025-02-05:1,True,0,5,True,-0.189873417721519,0.189873417721519,0.3490528522297482,True,1,0,0,False,,390.0,90.0,1.0,0.0,0.0,0.0,0.0
2025-02-05 14:35:00+00:00,2025-02-05,2025-02-05:1,True,0,10,True,-0.3668639053254438,0.3668639053254438,0.0,True,1,0,0,False,,385.0,95.0,1.0,0.0,0.0,0.0,0.0
2025-02-05 14:40:00+00:00,2025-02-05,2025-02-05:1,True,1,5,True,0.08303249097472924,0.026927563275311376,1.1260815696441149,True,1,0,0,False,,380.0,100.0,0.0,1.0,0.0,0.0,0.0
2025-02-05 14:45:00+00:00,2025-02-05,2025-02-05:1,True,1,10,True,-0.1553133514986376,0.1553133514986376,0.7746787370143143,True,1,0,0,False,,375.0,105.0,0.0,1.0,0.0,0.0,0.0
2025-02-05 14:50:00+00:00,2025-02-05,2025-02-05:1,True,1,15,True,0.34310850439882695,0.19005600987195337,0.5907279189778166,True,0,0,0,False,,370.0,110.0,0.0,1.0,0.0,0.0,0.0
2025-02-05 14:55:00+00:00,2025-02-05,2025-02-05:1,True,2,5,True,0.19881305637982197,0.19881305637982197,-0.23372982186600536,True,0,0,0,False,,365.0,115.0,0.0,0.0,1.0,0.0,0.0
2025-02-05 15:00:00+00:00,2025-02-05,2025-02-05:1,True,1,5,True,-0.41208791208791207,0.41208791208791207,0.5144636986180144,True,0,0,0,False,,360.0,120.0,0.0,1.0,0.0,0.0,0.0
2025-02-05 15:05:00+00:00,2025-02-05,2025-02-05:1,True,2,5,True,-0.5084745762711864,0.19917401731245735,-0.9372363152739096,True,0,0,0,True,1.0478620559699214,355.0,125.0,0.0,0.0,1.0,0.0,0.0
2025-02-05 15:10:00+00:00,2025-02-05,2025-02-05:1,True,0,5,True,-0.06501547987616099,0.06501547987616099,0.5098155492652351,True,0,0,0,True,-0.7262590901416597,350.0,130.0,1.0,0.0,0.0,0.0,0.0
2025-02-05 15:15:00+00:00,2025-02-05,2025-02-05:1,True,0,10,True,-0.46131805157593125,0.1576323402445961,-1.0738223607942867,True,0,0,0,True,-1.6849877487845373,345.0,135.0,1.0,0.0,0.0,0.0,0.0
2025-02-05 15:20:00+00:00,2025-02-05,2025-02-05:1,True,0,15,True,0.0,0.0,0.0,True,0,0,0,True,1.1254098835890844,340.0,140.0,1.0,0.0,0.0,0.0,0.0
2025-02-05 15:25:00+00:00,2025-02-05,2025-02-05:1,True,0,20,True,-0.25308641975308643,0.25308641975308643,0.0,True,0,0,0,True,-0.178783769291505,335.0,145.0,1.0,0.0,0.0,0.0,0.0
2025-02-05 15:30:00+00:00,2025-02-05,2025-02-05:1,True,0,25,True,-0.26548672566371684,0.26548672566371684,0.745798286267898,True,0,0,0,True,2.3098110710642317,330.0,150.0,1.0,0.0,0.0,0.0,0.0
2025-02-05 15:35:00+00:00,2025-02-05,2025-02-05:1,True,0,30,True,-0.9463806970509383,0.6530662562450518,-0.37096632775482813,True,0,0,0,True,-1.2436748192677471,325.0,155.0,1.0,0.0,0.0,0.0,0.0
2025-02-05 15:40:00+00:00,2025-02-05,2025-02-05:1,True,0,35,True,-0.9300291545189504,0.6563505125634923,-0.348520970421798,True,0,0,0,True,-0.05178648823025714,320.0,160.0,1.0,0.0,0.0,0.0,0.0
2025-02-05 15:45:00+00:00,2025-02-05,2025-02-05:1,True,0,40,True,-0.8312655086848635,0.42791375676215504,-0.6640275764753202,True,0,0,0,True,0.39858171291037225,315.0,165.0,1.0,0.0,0.0,0.0,0.0
2025-02-05 15:50:00+00:00,2025-02-05,2025-02-05:1,True,3,5,True,-0.89,0.16472721797805087,-1.6869305812845126,True,0,0,0,True,-0.6499832063883294,310.0,170.0,0.0,0.0,0.0,1.0,0.0
2025-02-05 15:55:00+00:00,2025-02-05,2025-02-05:1,True,0,5,True,-0.7656675749318801,0.7656675749318801,0.8985116450735569,True,0,0,0,True,0.6697110389878147,305.0,175.0,1.0,0.0,0.0,0.0,0.0
2025-02-05 16:00:00+00:00,2025-02-05,2025-02-05:1,True,3,5,True,-0.6931818181818182,0.5164074788992624,-0.29439618704575876,True,0,0,0,True,0.3245780559090243,300.0,180.0,0.0,0.0,0.0,1.0,0.0
2025-02-05 16:05:00+00:00,2025-02-05,2025-02-05:1,True,3,10,True,-0.6376811594202898,0.4710770586886894,-0.3028167211110874,True,0,0,0,True,0.34741802374286346,295.0,185.0,0.0,0.0,0.0,1.0,0.0
2025-02-05 16:10:00+00:00,2025-02-05,2025-02-05:1,True,3,15,True,-0.5924764890282131,0.13035057944889836,-1.5140836055562854,True,0,0,0,True,-0.6771187731279816,290.0,190.0,0.0,0.0,0.0,1.0,0.0
2025-02-05 16:15:00+00:00,2025-02-05,2025-02-05:1,True,4,5,True,-0.4868804664723032,0.4868804664723032,0.5683892969444951,True,1,0,0,True,-0.33071433139240397,285.0,195.0,0.0,0.0,0.0,0.0,1.0
2025-02-05 16:20:00+00:00,2025-02-05,2025-02-05:1,True,0,5,True,-0.803921568627451,0.2552910814191302,-1.1470973230533141,True,0,1,1,True,-1.282493795578535,280.0,200.0,1.0,0.0,0.0,0.0,0.0
2025-02-05 16:25:00+00:00,2025-02-05,2025-02-05:1,True,4,5,True,-0.5869017632241813,0.5869017632241813,0.0,True,0,0,1,True,0.29271872328482085,275.0,205.0,0.0,0.0,0.0,0.0,1.0
2025-02-05 16:30:00+00:00,2025-02-05,2025-02-05:1,True,3,5,True,-0.7201166180758017,0.5428287584853483,-0.2826192601526977,True,0,0,1,True,-0.05838442015159474,270.0,210.0,0.0,0.0,0.0,1.0,0.0
2025-02-05 16:35:00+00:00,2025-02-05,2025-02-05:1,True,3,10,True,-0.6976744186046512,0.5035954966224054,-0.3259791851906454,True,0,0,1,True,0.7289116173342042,265.0,215.0,0.0,0.0,0.0,1.0,0.0
2025-02-05 16:40:00+00:00,2025-02-05,2025-02-05:1,True,0,5,True,-0.6259351620947631,0.44623706675166264,-0.33839644020259446,True,0,0,1,True,0.3409300913172556,260.0,220.0,1.0,0.0,0.0,0.0,0.0
2025-02-05 16:45:00+00:00,2025-02-05,2025-02-05:1,True,3,5,True,-0.6239782016348774,0.2210817061068808,-1.0375830903994214,True,0,0,1,True,0.7733687741450725,255.0,225.0,0.0,0.0,0.0,1.0,0.0
2025-02-05 16:50:00+00:00,2025-02-05,2025-02-05:1,True,4,5,True,-0.556923076923077,0.556923076923077,0.37551000968927944,True,1,0,1,True,0.0,250.0,230.0,0.0,0.0,0.0,0.0,1.0
2025-02-05 16:55:00+00:00,2025-02-05,2025-02-05:1,True,3,5,True,-0.5764075067024129,0.21347050813100346,-0.9933161995566354,True,0,1,2,True,-0.493365298083849,245.0,235.0,0.0,0.0,0.0,1.0,0.0
2025-02-05 17:00:00+00:00,2025-02-05,2025-02-05:1,True,3,10,True,-0.6666666666666666,0.1931716520754851,-1.2387109882489762,True,0,0,2,True,-0.9232806580686341,240.0,240.0,0.0,0.0,0.0,1.0,0.0
2025-02-05 17:05:00+00:00,2025-02-05,2025-02-05:1,True,3,15,True,-0.4599406528189911,0.20777726274285566,-0.7946308118173812,True,0,0,2,True,-2.5570519158682634,235.0,245.0,0.0,0.0,0.0,1.0,0.0
2025-02-05 17:10:00+00:00,2025-02-05,2025-02-05:1,True,3,20,True,-0.524547803617571,0.3682278646745143,-0.3538346209637832,True,0,0,2,True,-0.7284896933826268,230.0,250.0,0.0,0.0,0.0,1.0,0.0
2025-02-05 17:15:00+00:00,2025-02-05,2025-02-05:1,True,0,5,True,-0.3582554517133956,0.3582554517133956,0.9119268608352006,True,0,0,2,True,0.6768802637823647,225.0,255.0,1.0,0.0,0.0,0.0,0.0
2025-02-05 17:20:00+00:00,2025-02-05,2025-02-05:1,True,4,5,True,-0.5157232704402516,0.4332866246831601,-0.17417086424702027,True,0,0,2,True,0.7789157843102362,220.0,260.0,0.0,0.0,0.0,0.0,1.0
2025-02-05 17:25:00+00:00,2025-02-05,2025-02-05:1,True,0,5,True,-0.027210884353741496,0.027210884353741496,1.0542810054053842,True,0,0,2,True,0.7858146651570097,215.0,265.0,1.0,0.0,0.0,0.0,0.0
2025-02-05 17:30:00+00:00,2025-02-05,2025-02-05:1,True,0,10,True,0.025,0.025,0.0,True,0,0,2,True,0.0,210.0,270.0,1.0,0.0,0.0,0.0,0.0
2025-02-05 17:35:00+00:00,2025-02-05,2025-02-05:1,True,1,5,True,-0.11764705882352941,0.11764705882352941,1.0533626819827044,True,0,0,2,True,-0.2843129773685073,205.0,275.0,0.0,1.0,0.0,0.0,0.0
2025-02-05 17:40:00+00:00,2025-02-05,2025-02-05:1,True,1,10,True,-0.10163934426229508,0.10163934426229508,0.7021195367299694,True,0,0,2,True,0.0,200.0,280.0,0.0,1.0,0.0,0.0,0.0
2025-02-05 17:45:00+00:00,2025-02-05,2025-02-05:1,True,2,5,True,-0.382262996941896,0.2659482129917516,-0.3628072435605887,True,0,0,2,True,0.0,195.0,285.0,0.0,0.0,1.0,0.0,0.0
2025-02-05 17:50:00+00:00,2025-02-05,2025-02-05:1,True,0,5,True,-0.4671280276816609,0.13213204516868454,-1.2628016045435793,True,0,0,2,True,-0.9616870560937257,190.0,290.0,1.0,0.0,0.0,0.0,0.0
2025-02-05 17:55:00+00:00,2025-02-05,2025-02-05:1,True,0,10,True,-0.17117117117117117,0.11986087695823339,-0.35633234531175023,True,0,0,2,True,0.39839167334950104,185.0,295.0,1.0,0.0,0.0,0.0,0.0
2025-02-05 18:00:00+00:00,2025-02-05,2025-02-05:1,True,0,15,True,-0.5416666666666666,0.5416666666666666,1.713278548013495,True,0,0,2,True,3.2487305956240866,180.0,300.0,1.0,0.0,0.0,0.0,0.0
2025-02-05 18:05:00+00:00,2025-02-05,2025-02-05:1,True,0,20,True,-0.5476190476190477,0.5476190476190477,0.907568999658751,True,0,0,2,True,-0.22662103846053477,175.0,305.0,1.0,0.0,0.0,0.0,0.0
2025-02-05 18:10:00+00:00,2025-02-05,2025-02-05:1,True,0,25,True,-0.7272727272727273,0.27162171859997875,-0.9848911899859212,True,0,0,2,True,-2.680319606752717,170.0,310.0,1.0,0.0,0.0,0.0,0.0
2025-02-05 18:15:00+00:00,2025-02-05,2025-02-05:1,True,0,30,True,-0.32231404958677684,0.32231404958677684,0.6307207630911522,True,0,0,2,True,0.5662946408836234,165.0,315.0,1.0,0.0,0.0,0.0,0.0
2025-02-05 18:20:00+00:00,2025-02-05,2025-02-05:1,True,0,35,True,-0.7055837563451777,0.37102244681775287,-0.6427629190457769,True,0,0,2,True,-0.7186307902012757,160.0,320.0,1.0,0.0,0.0,0.0,0.0
2025-02-05 18:25:00+00:00,2025-02-05,2025-02-05:1,True,0,40,True,-0.7652582159624414,0.41005071336501864,-0.6239324708960466,True,0,0,2,True,2.092733127438463,155.0,325.0,1.0,0.0,0.0,0.0,0.0
2025-02-05 18:30:00+00:00,2025-02-05,2025-02-05:1,True,3,5,True,-0.7013333333333334,0.1552616728710292,-1.5078713796272794,True,0,0,2,True,-1.3486811624695787,150.0,330.0,0.0,0.0,0.0,1.0,0.0
2025-02-05 18:35:00+00:00,2025-02-05,2025-02-05:1,True,3,10,True,-0.7217847769028871,0.0598941623187428,-2.489147958266004,True,0,0,2,True,-1.1733055363803255,145.0,335.0,0.0,0.0,0.0,1.0,0.0
2025-02-05 18:40:00+00:00,2025-02-05,2025-02-05:1,True,3,15,True,-0.5609756097560976,0.17489008460660735,-1.1655197395755843,True,0,0,2,True,0.5589142100363211,140.0,340.0,0.0,0.0,0.0,1.0,0.0
2025-02-05 18:45:00+00:00,2025-02-05,2025-02-05:1,True,4,5,True,-0.2787878787878788,0.2787878787878788,0.1440601760050893,True,1,0,2,True,0.11771483574995073,135.0,345.0,0.0,0.0,0.0,0.0,1.0
2025-02-05 18:50:00+00:00,2025-02-05,2025-02-05:1,True,4,10,True,-0.6243386243386243,0.6243386243386243,0.2911051571402983,True,1,0,2,True,0.6509309199664653,130.0,350.0,0.0,0.0,0.0,0.0,1.0
2025-02-05 18:55:00+00:00,2025-02-05,2025-02-05:1,True,3,5,True,-0.5961538461538461,0.012545312592169587,-3.861151667707955,True,0,1,3,True,-5.937420792194542,125.0,355.0,0.0,0.0,0.0,1.0,0.0
2025-02-05 19:00:00+00:00,2025-02-05,2025-02-05:1,True,4,5,True,-0.4180790960451977,0.4180790960451977,0.21482746012751563,True,1,0,3,True,0.07308616756674514,120.0,360.0,0.0,0.0,0.0,0.0,1.0
2025-02-05 19:05:00+00:00,2025-02-05,2025-02-05:1,True,4,10,True,-0.38837920489296635,0.38837920489296635,0.22615460796094097,True,1,0,3,True,-0.6352036404250299,115.0,365.0,0.0,0.0,0.0,0.0,1.0
2025-02-05 19:10:00+00:00,2025-02-05,2025-02-05:1,True,0,5,True,-0.31901840490797545,0.31901840490797545,0.45032913126406016,True,1,0,3,True,1.419401666264772,110.0,370.0,1.0,0.0,0.0,0.0,0.0
2025-02-05 19:15:00+00:00,2025-02-05,2025-02-05:1,True,0,10,True,-0.1277258566978193,0.1277258566978193,1.2484538143282413,True,1,0,3,True,-2.3569534067574147,105.0,375.0,1.0,0.0,0.0,0.0,0.0
2025-02-05 19:20:00+00:00,2025-02-05,2025-02-05:1,True,0,15,True,0.35185185185185186,0.28694955880011647,0.2039037645808036,True,1,0,3,True,0.17720413962094345,100.0,380.0,1.0,0.0,0.0,0.0,0.0
2025-02-05 19:25:00+00:00,2025-02-05,2025-02-05:1,True,0,20,True,0.34513274336283184,0.34513274336283184,-0.4044488413721703,True,0,0,3,True,0.1817008952533391,95.0,385.0,1.0,0.0,0.0,0.0,0.0
2025-02-05 19:30:00+00:00,2025-02-05,2025-02-05:1,True,1,5,True,0.45714285714285713,0.24847880569253172,0.6096383867967867,True,0,0,3,True,0.7271726326623279,90.0,390.0,0.0,1.0,0.0,0.0,0.0
2025-02-05 19:35:00+00:00,2025-02-05,2025-02-05:1,True,1,10,True,0.431438127090301,0.1533438899359011,1.034441064099915,True,0,0,3,True,0.7162723580212522,85.0,395.0,0.0,1.0,0.0,0.0,0.0
2025-02-05 19:40:00+00:00,2025-02-05,2025-02-05:1,True,2,5,True,0.30113636363636365,0.30113636363636365,-0.1004185739229961,True,0,0,3,True,-0.26988567237793365,80.0,400.0,0.0,0.0,1.0,0.0,0.0
2025-02-05 19:45:00+00:00,2025-02-05,2025-02-05:1,True,1,5,True,0.5664739884393064,0.2099483695596588,0.9925695219055191,True,0,0,3,True,0.0,75.0,405.0,0.0,1.0,0.0,0.0,0.0
2025-02-05 19:50:00+00:00,2025-02-05,2025-02-05:1,True,1,10,True,0.1342281879194631,0.09032717416169656,0.39610289941547067,True,0,0,3,True,-0.08037623143681397,70.0,410.0,0.0,1.0,0.0,0.0,0.0
2025-02-05 19:55:00+00:00,2025-02-05,2025-02-05:1,True,1,15,True,0.1263537906137184,0.08479734406590685,0.39882161195434906,True,0,0,3,True,0.0,65.0,415.0,0.0,1.0,0.0,0.0,0.0
2025-02-05 20:00:00+00:00,2025-02-05,2025-02-05:1,True,2,5,True,0.09036144578313253,0.06921641392615618,0.26657966176589204,True,0,0,3,True,-0.34530003396819686,60.0,420.0,0.0,0.0,1.0,0.0,0.0
2025-02-05 20:05:00+00:00,2025-02-05,2025-02-05:1,True,2,10,True,0.47435897435897434,0.47435897435897434,0.0,True,0,0,3,True,0.27847509510395396,55.0,425.0,0.0,0.0,1.0,0.0,0.0
2025-02-05 20:10:00+00:00,2025-02-05,2025-02-05:1,True,2,15,True,0.5100671140939598,0.5100671140939598,-0.5377122700025425,True,0,0,3,True,0.32426945576232846,50.0,430.0,0.0,0.0,1.0,0.0,0.0
2025-02-05 20:15:00+00:00,2025-02-05,2025-02-05:1,True,1,5,True,0.4517133956386293,0.12627296651701353,1.2746019336553431,True,0,0,3,True,0.6288411459642117,45.0,435.0,0.0,1.0,0.0,0.0,0.0
2025-02-05 20:20:00+00:00,2025-02-05,2025-02-05:1,True,1,10,True,0.4742547425474255,0.23704803783278422,0.6934817969915239,True,0,0,3,True,1.4661555231499535,40.0,440.0,0.0,1.0,0.0,0.0,0.0
2025-02-05 20:25:00+00:00,2025-02-05,2025-02-05:1,True,1,15,True,0.4278481012658228,0.08936592490002068,1.5660287727255973,True,0,0,3,True,-0.7781659534512403,35.0,445.0,0.0,1.0,0.0,0.0,0.0
2025-02-05 20:30:00+00:00,2025-02-05,2025-02-05:1,True,1,20,True,0.4670846394984326,0.2305917491885487,0.7058616547026795,True,0,0,3,True,0.0,30.0,450.0,0.0,1.0,0.0,0.0,0.0
2025-02-05 20:35:00+00:00,2025-02-05,2025-02-05:1,True,1,25,True,0.47692307692307695,0.28034682083909196,0.5313277310373989,True,0,0,3,True,-0.4459409463502269,25.0,455.0,0.0,1.0,0.0,0.0,0.0
2025-02-05 20:40:00+00:00,2025-02-05,2025-02-05:1,True,2,5,True,0.42120343839541546,0.42120343839541546,-1.2075278753693544,True,0,0,3,True,-0.900038138016404,20.0,460.0,0.0,0.0,1.0,0.0,0.0
2025-02-05 20:45:00+00:00,2025-02-05,2025-02-05:1,True,1,5,True,0.07142857142857142,0.021598220562530423,1.1960870194346223,True,0,0,3,True,2.168898995047906,15.0,465.0,0.0,1.0,0.0,0.0,0.0
2025-02-05 20:50:00+00:00,2025-02-05,2025-02-05:1,True,2,5,True,-0.2087227414330218,0.14290793256584852,-0.3788061805404137,True,0,0,3,True,0.36012020492511787,10.0,470.0,0.0,0.0,1.0,0.0,0.0
2025-02-05 20:55:00+00:00,2025-02-05,2025-02-05:1,True,0,5,True,0.1044776119402985,0.1044776119402985,0.0,True,0,0,3,True,-0.5083111728414933,5.0,475.0,1.0,0.0,0.0,0.0,0.0
2025-02-05 21:00:00+00:00,2025-02-05,2025-02-05:1,True,0,10,True,0.3419354838709677,0.1594506463374577,0.7628876286239958,True,0,0,3,True,0.476589047987391,0.0,480.0,1.0,0.0,0.0,0.0,0.0
2025-02-06 13:00:00+00:00,2025-02-06,2025-02-06:1,False,-1,0,False,,,,False,0,0,0,False,,480.0,0.0,,,,,
2025-02-06 13:05:00+00:00,2025-02-06,2025-02-06:1,False,-1,0,True,-0.10204081632653061,,,False,0,0,0,False,,475.0,5.0,,,,,
2025-02-06 13:10:00+00:00,2025-02-06,2025-02-06:1,False,-1,0,True,0.07984790874524715,,,False,0,0,0,False,,470.0,10.0,,,,,
2025-02-06 13:15:00+00:00,2025-02-06,2025-02-06:1,False,-1,0,True,0.12258064516129032,,,False,0,0,0,False,,465.0,15.0,,,,,
2025-02-06 13:20:00+00:00,2025-02-06,2025-02-06:1,False,-1,0,True,0.13355048859934854,,,False,0,0,0,False,,460.0,20.0,,,,,
2025-02-06 13:25:00+00:00,2025-02-06,2025-02-06:1,False,-1,0,True,-0.2158273381294964,,,False,0,0,0,False,,455.0,25.0,,,,,
2025-02-06 13:30:00+00:00,2025-02-06,2025-02-06:1,False,-1,0,True,-0.029315960912052116,,,False,0,0,0,False,,450.0,30.0,,,,,
2025-02-06 13:35:00+00:00,2025-02-06,2025-02-06:1,False,-1,0,True,-0.5046439628482973,,,False,0,0,0,False,,445.0,35.0,,,,,
2025-02-06 13:40:00+00:00,2025-02-06,2025-02-06:1,False,-1,0,True,-0.31097560975609756,,,False,0,0,0,False,,440.0,40.0,,,,,
2025-02-06 13:45:00+00:00,2025-02-06,2025-02-06:1,False,-1,0,True,-0.2795031055900621,,,False,0,0,0,False,,435.0,45.0,,,,,
2025-02-06 13:50:00+00:00,2025-02-06,2025-02-06:1,False,-1,0,True,-0.1564245810055866,,,False,0,0,0,False,,430.0,50.0,,,,,
2025-02-06 13:55:00+00:00,2025-02-06,2025-02-06:1,False,-1,0,True,-0.35311572700296734,,,False,0,0,0,False,,425.0,55.0,,,,,
2025-02-06 14:00:00+00:00,2025-02-06,2025-02-06:1,False,-1,0,True,0.08928571428571429,,,False,0,0,0,False,,420.0,60.0,,,,,
2025-02-06 14:05:00+00:00,2025-02-06,2025-02-06:1,True,0,5,True,0.3064516129032258,0.21741455795122108,0.34325393676129745,True,0,0,0,False,,415.0,65.0,1.0,0.0,0.0,0.0,0.0
2025-02-06 14:10:00+00:00,2025-02-06,2025-02-06:1,True,1,5,True,0.22929936305732485,0.08480878597367743,0.9946292664788802,True,0,0,0,False,,410.0,70.0,0.0,1.0,0.0,0.0,0.0
2025-02-06 14:15:00+00:00,2025-02-06,2025-02-06:1,True,0,5,True,0.2597402597402597,0.18811118387300832,0.3226489390828416,True,0,0,0,False,,405.0,75.0,1.0,0.0,0.0,0.0,0.0
2025-02-06 14:20:00+00:00,2025-02-06,2025-02-06:1,True,1,5,True,0.43561643835616437,0.16644555286310195,0.9620938815099721,True,0,0,0,False,,400.0,80.0,0.0,1.0,0.0,0.0,0.0
2025-02-06 14:25:00+00:00,2025-02-06,2025-02-06:1,True,1,10,True,0.42480211081794195,0.2268790275825608,0.627206481592611,True,0,0,0,False,,395.0,85.0,0.0,1.0,0.0,0.0,0.0
2025-02-06 14:30:00+00:00,2025-02-06,2025-02-06:1,True,2,5,True,0.19637462235649547,0.19637462235649547,0.0,True,0,0,0,False,,390.0,90.0,0.0,0.0,1.0,0.0,0.0
2025-02-06 14:35:00+00:00,2025-02-06,2025-02-06:1,True,0,5,True,0.5585284280936454,0.5585284280936454,-1.9617236382382064,True,0,0,0,False,,385.0,95.0,1.0,0.0,0.0,0.0,0.0
2025-02-06 14:40:00+00:00,2025-02-06,2025-02-06:1,True,0,10,True,0.4550898203592814,0.4550898203592814,0.0,True,0,0,0,False,,380.0,100.0,1.0,0.0,0.0,0.0,0.0
2025-02-06 14:45:00+00:00,2025-02-06,2025-02-06:1,True,0,15,True,0.05501618122977346,0.05501618122977346,0.0,True,0,0,0,False,,375.0,105.0,1.0,0.0,0.0,0.0,0.0
2025-02-06 14:50:00+00:00,2025-02-06,2025-02-06:1,True,0,20,True,0.5789473684210527,0.5789473684210527,0.0,True,0,0,0,False,,370.0,110.0,1.0,0.0,0.0,0.0,0.0
2025-02-06 14:55:00+00:00,2025-02-06,2025-02-06:1,True,4,5,True,-0.15932203389830507,0.15932203389830507,0.0,True,0,0,0,False,,365.0,115.0,0.0,0.0,0.0,0.0,1.0
2025-02-06 15:00:00+00:00,2025-02-06,2025-02-06:1,True,3,5,True,0.4069400630914827,0.4069400630914827,-0.8954959029259156,True,0,0,0,False,,360.0,120.0,0.0,0.0,0.0,1.0,0.0
2025-02-06 15:05:00+00:00,2025-02-06,2025-02-06:1,True,0,5,True,0.5205811138014528,0.5205811138014528,-0.9162563460624155,True,0,0,0,True,-1.365874316406128,355.0,125.0,1.0,0.0,0.0,0.0,0.0
2025-02-06 15:10:00+00:00,2025-02-06,2025-02-06:1,True,3,5,True,0.27586206896551724,0.27586206896551724,-0.3082544445376508,True,0,0,0,True,-0.6892778923526258,350.0,130.0,0.0,0.0,0.0,1.0,0.0
2025-02-06 15:15:00+00:00,2025-02-06,2025-02-06:1,True,0,5,True,0.2625,0.0636131843920185,1.4174303314083458,True,0,0,0,True,1.0205565585422616,345.0,135.0,1.0,0.0,0.0,0.0,0.0
2025-02-06 15:20:00+00:00,2025-02-06,2025-02-06:1,True,0,10,True,0.5542857142857143,0.3000028528330274,0.6138882995075945,True,0,0,0,True,-0.03894980777546718,340.0,140.0,1.0,0.0,0.0,0.0,0.0
2025-02-06 15:25:00+00:00,2025-02-06,2025-02-06:1,True,0,15,True,0.2848101265822785,0.2848101265822785,-0.1604072444808848,True,0,0,0,True,0.37772037030680655,335.0,145.0,1.0,0.0,0.0,0.0,0.0
2025-02-06 15:30:00+00:00,2025-02-06,2025-02-06:1,True,0,20,True,-0.18251928020565553,0.0941123325628895,-0.6623667163469426,True,0,0,0,True,-0.7405485018925425,330.0,150.0,1.0,0.0,0.0,0.0,0.0
2025-02-06 15:35:00+00:00,2025-02-06,2025-02-06:1,True,3,5,True,-0.9775280898876404,0.045306408117795544,-3.0715785458660663,True,0,0,0,True,-0.9101177655524122,325.0,155.0,0.0,0.0,0.0,1.0,0.0
2025-02-06 15:40:00+00:00,2025-02-06,2025-02-06:1,True,3,10,True,-0.974025974025974,0.14226502493182533,-1.9237462798137621,True,0,0,0,True,-1.2157343694196479,320.0,160.0,0.0,0.0,0.0,1.0,0.0
2025-02-06 15:45:00+00:00,2025-02-06,2025-02-06:1,True,4,5,True,-0.9767441860465116,0.9767441860465116,1.1785228616197632,True,1,0,0,True,-0.6588143079043741,315.0,165.0,0.0,0.0,0.0,0.0,1.0
2025-02-06 15:50:00+00:00,2025-02-06,2025-02-06:1,True,3,5,True,-0.9762470308788599,0.04020496393261723,-3.1897251908832787,True,0,1,1,True,-0.11136746467100529,310.0,170.0,0.0,0.0,0.0,1.0,0.0
2025-02-06 15:55:00+00:00,2025-02-06,2025-02-06:1,True,3,10,True,-0.9728260869565217,0.12926358806330215,-2.0183516892675724,True,0,0,1,True,-0.47585917150916845,305.0,175.0,0.0,0.0,0.0,1.0,0.0
2025-02-06 16:00:00+00:00,2025-02-06,2025-02-06:1,True,3,15,True,-0.9671361502347418,0.2687846371881738,-1.2804288283644174,True,0,0,1,True,-0.23664426498513147,300.0,180.0,0.0,0.0,0.0,1.0,0.0
2025-02-06 16:05:00+00:00,2025-02-06,2025-02-06:1,True,4,5,True,-0.9746192893401016,0.7387642783251425,-0.2770680260563116,True,0,0,1,True,1.1328547965981721,295.0,185.0,0.0,0.0,0.0,0.0,1.0
2025-02-06 16:10:00+00:00,2025-02-06,2025-02-06:1,True,4,10,True,-0.9597989949748744,0.9597989949748744,1.002803500450546,True,1,0,1,True,-0.9275215311428638,290.0,190.0,0.0,0.0,0.0,0.0,1.0
2025-02-06 16:15:00+00:00,2025-02-06,2025-02-06:1,True,3,5,True,-0.9741935483870968,0.057329606210512876,-2.832792820801751,True,0,1,2,True,-1.2423653089708904,285.0,195.0,0.0,0.0,0.0,1.0,0.0
2025-02-06 16:20:00+00:00,2025-02-06,2025-02-06:1,True,4,5,True,-0.9664268585131894,0.859527557018367,-0.11722273313595198,True,0,0,2,True,0.6079587338741425,280.0,200.0,0.0,0.0,0.0,0.0,1.0
2025-02-06 16:25:00+00:00,2025-02-06,2025-02-06:1,True,3,5,True,-0.949874686716792,0.5959860043010532,-0.4661128831014271,True,0,0,2,True,0.33235795746956076,275.0,205.0,0.0,0.0,0.0,1.0,0.0
2025-02-06 16:30:00+00:00,2025-02-06,2025-02-06:1,True,3,10,True,-0.8600451467268623,0.540478660143221,-0.46452972946003035,True,0,0,2,True,0.0,270.0,210.0,0.0,0.0,0.0,1.0,0.0
2025-02-06 16:35:00+00:00,2025-02-06,2025-02-06:1,True,4,5,True,-0.8387096774193549,0.8387096774193549,0.0,True,0,0,2,True,0.6458498791415623,265.0,215.0,0.0,0.0,0.0,0.0,1.0
2025-02-06 16:40:00+00:00,2025-02-06,2025-02-06:1,True,4,10,True,-0.7114914425427873,0.7114914425427873,0.23432725006111355,True,1,0,2,True,-0.2727205285624445,260.0,220.0,0.0,0.0,0.0,0.0,1.0
2025-02-06 16:45:00+00:00,2025-02-06,2025-02-06:1,True,3,5,True,-0.4624277456647399,0.15623199417644523,-1.0851482744528038,True,0,1,3,True,0.0,255.0,225.0,0.0,0.0,0.0,1.0,0.0
2025-02-06 16:50:00+00:00,2025-02-06,2025-02-06:1,True,3,10,True,-0.7219251336898396,0.13684027528395712,-1.663107068737194,True,0,0,3,True,-0.24383912748179504,250.0,230.0,0.0,0.0,0.0,1.0,0.0
2025-02-06 16:55:00+00:00,2025-02-06,2025-02-06:1,True,3,15,True,-0.6601671309192201,0.22273630964563737,-1.0865044277924982,True,0,0,3,True,-0.23157086851157568,245.0,235.0,0.0,0.0,0.0,1.0,0.0
2025-02-06 17:00:00+00:00,2025-02-06,2025-02-06:1,True,4,5,True,-0.710955710955711,0.710955710955711,0.0,True,0,0,3,True,-0.3831376819955955,240.0,240.0,0.0,0.0,0.0,0.0,1.0
2025-02-06 17:05:00+00:00,2025-02-06,2025-02-06:1,True,4,10,True,-0.7343358395989975,0.7343358395989975,1.1017214473713726,True,1,0,3,True,0.8179409424031266,235.0,245.0,0.0,0.0,0.0,0.0,1.0
2025-02-06 17:10:00+00:00,2025-02-06,2025-02-06:1,True,3,5,True,-0.4197183098591549,0.0679893064380716,-1.8202333609061037,True,0,1,4,True,0.2321426229146539,230.0,250.0,0.0,0.0,0.0,1.0,0.0
2025-02-06 17:15:00+00:00,2025-02-06,2025-02-06:1,True,3,10,True,-0.6,0.25264947063499094,-0.8649266187308061,True,0,0,4,True,-0.5184140768986987,225.0,255.0,0.0,0.0,0.0,1.0,0.0
2025-02-06 17:20:00+00:00,2025-02-06,2025-02-06:1,True,3,15,True,-0.5355191256830601,0.370524131055614,-0.36831803114179285,True,0,0,4,True,-2.4707524649111186,220.0,260.0,0.0,0.0,0.0,1.0,0.0
2025-02-06 17:25:00+00:00,2025-02-06,2025-02-06:1,True,3,20,True,-0.09036144578313253,0.02199236253183276,-1.4131224562866183,True,0,0,4,True,-0.7899594681965271,215.0,265.0,0.0,0.0,0.0,1.0,0.0
2025-02-06 17:30:00+00:00,2025-02-06,2025-02-06:1,True,3,25,True,-0.2054794520547945,0.04901006965711029,-1.4333202587318883,True,0,0,4,True,-1.4684134448037587,210.0,270.0,0.0,0.0,0.0,1.0,0.0
2025-02-06 17:35:00+00:00,2025-02-06,2025-02-06:1,True,3,30,True,-0.2842809364548495,0.10051126384144073,-1.0396931628386232,True,0,0,4,True,0.0,205.0,275.0,0.0,0.0,0.0,1.0,0.0
2025-02-06 17:40:00+00:00,2025-02-06,2025-02-06:1,True,4,5,True,0.11475409836065574,0.09657844840570508,0.17243594892670064,True,1,0,4,True,-0.23631622196485969,200.0,280.0,0.0,0.0,0.0,0.0,1.0
2025-02-06 17:45:00+00:00,2025-02-06,2025-02-06:1,True,4,10,True,0.14763231197771587,0.03633133246596273,1.402044281745485,True,1,0,4,True,1.1756498705420793,195.0,285.0,0.0,0.0,0.0,0.0,1.0
2025-02-06 17:50:00+00:00,2025-02-06,2025-02-06:1,True,0,5,True,-0.13220338983050847,0.13220338983050847,0.82746181097696,True,1,0,4,True,-0.7401043432509844,190.0,290.0,1.0,0.0,0.0,0.0,0.0
2025-02-06 17:55:00+00:00,2025-02-06,2025-02-06:1,True,0,10,True,0.24358974358974358,0.24358974358974358,-0.347153808315832,True,1,0,4,True,-0.7762595140421321,185.0,295.0,1.0,0.0,0.0,0.0,0.0
2025-02-06 18:00:00+00:00,2025-02-06,2025-02-06:1,True,0,15,True,0.39655172413793105,0.39655172413793105,-0.6863936554256059,True,0,1,5,True,0.82712129449243,180.0,300.0,1.0,0.0,0.0,0.0,0.0
2025-02-06 18:05:00+00:00,2025-02-06,2025-02-06:1,True,1,5,True,0.8586387434554974,0.1347761750939771,1.8517328385286,True,0,0,5,True,2.2585093653372192,175.0,305.0,0.0,1.0,0.0,0.0,0.0
2025-02-06 18:10:00+00:00,2025-02-06,2025-02-06:1,True,1,10,True,0.845771144278607,0.32058903527861893,0.9700887690108635,True,0,0,5,True,0.0,170.0,310.0,0.0,1.0,0.0,0.0,0.0
2025-02-06 18:15:00+00:00,2025-02-06,2025-02-06:1,True,1,15,True,0.7158774373259053,0.37371701324683865,0.6500101134505599,True,0,0,5,True,0.3428952046983889,165.0,315.0,0.0,1.0,0.0,0.0,0.0
2025-02-06 18:20:00+00:00,2025-02-06,2025-02-06:1,True,1,20,True,0.5887850467289719,0.15841965916673426,1.3128135883314587,True,0,0,5,True,-0.02237382224571131,160.0,320.0,0.0,1.0,0.0,0.0,0.0
2025-02-06 18:25:00+00:00,2025-02-06,2025-02-06:1,True,2,5,True,0.7419354838709677,0.5182385622255882,0.35882660934783855,True,0,0,5,True,-0.3823525537079113,155.0,325.0,0.0,0.0,1.0,0.0,0.0
2025-02-06 18:30:00+00:00,2025-02-06,2025-02-06:1,True,2,10,True,0.5376344086021505,0.5376344086021505,-1.0615977306757778,True,0,0,5,True,-1.076035234290558,150.0,330.0,0.0,0.0,1.0,0.0,0.0
2025-02-06 18:35:00+00:00,2025-02-06,2025-02-06:1,True,1,5,True,0.662269129287599,0.3349223727356218,0.6817732312356402,True,0,0,5,True,-0.4494488037443813,145.0,335.0,0.0,1.0,0.0,0.0,0.0
2025-02-06 18:40:00+00:00,2025-02-06,2025-02-06:1,True,1,10,True,0.7574257425742574,0.2673543304194214,1.0413506441432403,True,0,0,5,True,0.0,140.0,340.0,0.0,1.0,0.0,0.0,0.0
2025-02-06 18:45:00+00:00,2025-02-06,2025-02-06:1,True,1,15,True,0.784841075794621,0.1372739822841339,1.7435024466333433,True,0,0,5,True,1.0998744518120522,135.0,345.0,0.0,1.0,0.0,0.0,0.0
2025-02-06 18:50:00+00:00,2025-02-06,2025-02-06:1,True,2,5,True,0.6353276353276354,0.6353276353276354,-0.36179967694804477,True,0,0,5,True,-0.4771872479642642,130.0,350.0,0.0,0.0,1.0,0.0,0.0
2025-02-06 18:55:00+00:00,2025-02-06,2025-02-06:1,True,1,5,True,0.37714285714285717,0.258623290709911,0.37725152018604025,True,0,0,5,True,0.0,125.0,355.0,0.0,1.0,0.0,0.0,0.0
2025-02-06 19:00:00+00:00,2025-02-06,2025-02-06:1,True,1,10,True,0.5583126550868487,0.17477791853459224,1.1614029881708228,True,0,0,5,True,0.0,120.0,360.0,0.0,1.0,0.0,0.0,0.0
2025-02-06 19:05:00+00:00,2025-02-06,2025-02-06:1,True,2,5,True,0.5440729483282675,0.5440729483282675,-0.7821733849645666,True,0,0,5,True,0.0,115.0,365.0,0.0,0.0,1.0,0.0,0.0
2025-02-06 19:10:00+00:00,2025-02-06,2025-02-06:1,True,1,5,True,-0.012269938650306749,0.012269938650306749,1.7711807194520315,True,0,0,5,True,1.434056907783765,110.0,370.0,0.0,1.0,0.0,0.0,0.0
2025-02-06 19:15:00+00:00,2025-02-06,2025-02-06:1,True,0,5,True,0.32212885154061627,0.32212885154061627,-1.2908594004121747,True,0,0,5,True,-0.9621497895711694,105.0,375.0,1.0,0.0,0.0,0.0,0.0
2025-02-06 19:20:00+00:00,2025-02-06,2025-02-06:1,True,0,10,True,0.45098039215686275,0.45098039215686275,0.0,True,0,0,5,True,0.0,100.0,380.0,1.0,0.0,0.0,0.0,0.0
2025-02-06 19:25:00+00:00,2025-02-06,2025-02-06:1,True,0,15,True,0.02280130293159609,0.02280130293159609,-0.8575508173348325,True,0,0,5,True,-0.9587709608619578,95.0,385.0,1.0,0.0,0.0,0.0,0.0
2025-02-06 19:30:00+00:00,2025-02-06,2025-02-06:1,True,0,20,True,0.11400651465798045,0.03090692921576026,1.3052751876554007,True,0,0,5,True,0.0,90.0,390.0,1.0,0.0,0.0,0.0,0.0
2025-02-06 19:35:00+00:00,2025-02-06,2025-02-06:1,True,0,25,True,-0.15384615384615385,0.05523576306331348,-1.0243424770003966,True,0,0,5,True,-1.6457208351292105,85.0,395.0,1.0,0.0,0.0,0.0,0.0
2025-02-06 19:40:00+00:00,2025-02-06,2025-02-06:1,True,0,30,True,-0.14018691588785046,0.14018691588785046,0.4552581170734541,True,0,0,5,True,-0.4346363624934355,80.0,400.0,1.0,0.0,0.0,0.0,0.0
2025-02-06 19:45:00+00:00,2025-02-06,2025-02-06:1,True,0,35,True,-0.39204545454545453,0.25155459755014625,-0.44371773488703253,True,0,0,5,True,0.40322663130246267,75.0,405.0,1.0,0.0,0.0,0.0,0.0
2025-02-06 19:50:00+00:00,2025-02-06,2025-02-06:1,True,0,40,True,-0.07692307692307693,0.07692307692307693,0.0,True,0,0,5,True,1.4530972283679737,70.0,410.0,1.0,0.0,0.0,0.0,0.0
2025-02-06 19:55:00+00:00,2025-02-06,2025-02-06:1,True,0,45,True,-0.3712574850299401,0.3009778989458366,-0.20985901498649087,True,0,0,5,True,0.30792863780696933,65.0,415.0,1.0,0.0,0.0,0.0,0.0
2025-02-06 20:00:00+00:00,2025-02-06,2025-02-06:1,True,3,5,True,-0.27388535031847133,0.042251506950326354,-1.8690695686969316,True,0,0,5,True,-0.9287481356177584,60.0,420.0,0.0,0.0,0.0,1.0,0.0
2025-02-06 20:05:00+00:00,2025-02-06,2025-02-06:1,True,4,5,True,-0.6502463054187192,0.6502463054187192,0.0,True,0,0,5,True,0.9154606391410486,55.0,425.0,0.0,0.0,0.0,0.0,1.0
2025-02-06 20:10:00+00:00,2025-02-06,2025-02-06:1,True,0,5,True,-0.5688622754491018,0.5688622754491018,2.4047793718555446,True,0,0,5,True,-0.7681785923384512,50.0,430.0,1.0,0.0,0.0,0.0,0.0
2025-02-06 20:15:00+00:00,2025-02-06,2025-02-06:1,True,0,10,True,-0.625,0.625,0.0,True,0,0,5,True,0.3855137467093013,45.0,435.0,1.0,0.0,0.0,0.0,0.0
2025-02-06 20:20:00+00:00,2025-02-06,2025-02-06:1,True,0,15,True,-0.40057636887608067,0.1460689802840771,-1.008825454336195,True,0,0,5,True,0.751934097775235,40.0,440.0,1.0,0.0,0.0,0.0,0.0
2025-02-06 20:25:00+00:00,2025-02-06,2025-02-06:1,True,3,5,True,-0.6051779935275081,0.08959170847535179,-1.9102598425777138,True,0,0,5,True,-0.7162605255511239,35.0,445.0,0.0,0.0,0.0,1.0,0.0
2025-02-06 20:30:00+00:00,2025-02-06,2025-02-06:1,True,0,5,True,-0.594855305466238,0.594855305466238,0.3114475702026654,True,0,0,5,True,0.21237612160793745,30.0,450.0,1.0,0.0,0.0,0.0,0.0
2025-02-06 20:35:00+00:00,2025-02-06,2025-02-06:1,True,0,10,True,-0.31343283582089554,0.31343283582089554,0.7366332393963796,True,0,0,5,True,-0.6588647991123451,25.0,455.0,1.0,0.0,0.0,0.0,0.0
2025-02-06 20:40:00+00:00,2025-02-06,2025-02-06:1,True,3,5,True,-0.29545454545454547,0.15938660596094206,-0.6171822675483797,True,0,0,5,True,-1.622872075449178,20.0,460.0,0.0,0.0,0.0,1.0,0.0
2025-02-06 20:45:00+00:00,2025-02-06,2025-02-06:1,True,4,5,True,-0.3024523160762943,0.3024523160762943,0.3000747101018173,True,1,0,5,True,-0.4398470411209119,15.0,465.0,0.0,0.0,0.0,0.0,1.0
2025-02-06 20:50:00+00:00,2025-02-06,2025-02-06:1,True,0,5,True,0.175,0.11312576312595313,0.43628582606139804,True,1,0,5,True,0.0,10.0,470.0,1.0,0.0,0.0,0.0,0.0
2025-02-06 20:55:00+00:00,2025-02-06,2025-02-06:1,True,0,10,True,-0.26618705035971224,0.14747658085346463,-0.5905298691965172,True,1,0,5,True,0.0,5.0,475.0,1.0,0.0,0.0,0.0,0.0
2025-02-06 21:00:00+00:00,2025-02-06,2025-02-06:1,True,0,15,True,0.08626198083067092,0.08626198083067092,-0.3030523150687087,True,0,1,6,True,0.20424430640608227,0.0,480.0,1.0,0.0,0.0,0.0,0.0
2025-02-07 13:00:00+00:00,2025-02-07,2025-02-07:1,False,-1,0,False,,,,False,0,0,0,False,,480.0,0.0,,,,,
2025-02-07 13:05:00+00:00,2025-02-07,2025-02-07:1,False,-1,0,True,0.3006993006993007,,,False,0,0,0,False,,475.0,5.0,,,,,
2025-02-07 13:10:00+00:00,2025-02-07,2025-02-07:1,False,-1,0,True,0.6021505376344086,,,False,0,0,0,False,,470.0,10.0,,,,,
2025-02-07 13:15:00+00:00,2025-02-07,2025-02-07:1,False,-1,0,True,0.6890951276102089,,,False,0,0,0,False,,465.0,15.0,,,,,
2025-02-07 13:20:00+00:00,2025-02-07,2025-02-07:1,False,-1,0,True,0.5153374233128835,,,False,0,0,0,False,,460.0,20.0,,,,,
2025-02-07 13:25:00+00:00,2025-02-07,2025-02-07:1,False,-1,0,True,0.288135593220339,,,False,0,0,0,False,,455.0,25.0,,,,,
2025-02-07 13:30:00+00:00,2025-02-07,2025-02-07:1,False,-1,0,True,0.6860215053763441,,,False,0,0,0,False,,450.0,30.0,,,,,
2025-02-07 13:35:00+00:00,2025-02-07,2025-02-07:1,False,-1,0,True,0.8341463414634146,,,False,0,0,0,False,,445.0,35.0,,,,,
2025-02-07 13:40:00+00:00,2025-02-07,2025-02-07:1,False,-1,0,True,0.9117647058823529,,,False,0,0,0,False,,440.0,40.0,,,,,
2025-02-07 13:45:00+00:00,2025-02-07,2025-02-07:1,False,-1,0,True,0.8726790450928382,,,False,0,0,0,False,,435.0,45.0,,,,,
2025-02-07 13:50:00+00:00,2025-02-07,2025-02-07:1,False,-1,0,True,0.8780487804878049,,,False,0,0,0,False,,430.0,50.0,,,,,
2025-02-07 13:55:00+00:00,2025-02-07,2025-02-07:1,False,-1,0,True,0.6621983914209115,,,False,0,0,0,False,,425.0,55.0,,,,,
2025-02-07 14:00:00+00:00,2025-02-07,2025-02-07:1,False,-1,0,True,0.5755968169761273,,,False,0,0,0,False,,420.0,60.0,,,,,
2025-02-07 14:05:00+00:00,2025-02-07,2025-02-07:1,True,1,5,True,0.6804407713498623,0.07668305241236056,2.183060056808818,True,0,0,0,False,,415.0,65.0,0.0,1.0,0.0,0.0,0.0
2025-02-07 14:10:00+00:00,2025-02-07,2025-02-07:1,True,2,5,True,0.6224188790560472,0.39399682046723106,0.4572704656925053,True,0,0,0,False,,410.0,70.0,0.0,0.0,1.0,0.0,0.0
2025-02-07 14:15:00+00:00,2025-02-07,2025-02-07:1,True,1,5,True,0.4626865671641791,0.07428937954301729,1.8290818627711796,True,0,0,0,False,,405.0,75.0,0.0,1.0,0.0,0.0,0.0
2025-02-07 14:20:00+00:00,2025-02-07,2025-02-07:1,True,2,5,True,0.415929203539823,0.415929203539823,-0.45700060997956937,True,0,0,0,False,,400.0,80.0,0.0,0.0,1.0,0.0,0.0
2025-02-07 14:25:00+00:00,2025-02-07,2025-02-07:1,True,2,10,True,0.32653061224489793,0.2099029639947649,0.4418783553993406,True,0,0,0,False,,395.0,85.0,0.0,0.0,1.0,0.0,0.0
2025-02-07 14:30:00+00:00,2025-02-07,2025-02-07:1,True,1,5,True,0.4451219512195122,0.2939037353447843,0.4150960093848703,True,0,0,0,False,,390.0,90.0,0.0,1.0,0.0,0.0,0.0
2025-02-07 14:35:00+00:00,2025-02-07,2025-02-07:1,True,0,5,True,0.5240641711229946,0.5240641711229946,-0.8005429250714096,True,0,0,0,False,,385.0,95.0,1.0,0.0,0.0,0.0,0.0
2025-02-07 14:40:00+00:00,2025-02-07,2025-02-07:1,True,0,10,True,0.5964912280701754,0.3807958415552255,0.44880115319181213,True,0,0,0,False,,380.0,100.0,1.0,0.0,0.0,0.0,0.0
2025-02-07 14:45:00+00:00,2025-02-07,2025-02-07:1,True,1,5,True,0.4746268656716418,0.020797083042274272,3.1277162108565455,True,0,0,0,False,,375.0,105.0,0.0,1.0,0.0,0.0,0.0
2025-02-07 14:50:00+00:00,2025-02-07,2025-02-07:1,True,1,10,True,0.6358543417366946,0.23067510616894774,1.01395926096601,True,0,0,0,False,,370.0,110.0,0.0,1.0,0.0,0.0,0.0
2025-02-07 14:55:00+00:00,2025-02-07,2025-02-07:1,True,2,5,True,0.6834170854271356,0.5588940847801073,0.20114535745609263,True,0,0,0,False,,365.0,115.0,0.0,0.0,1.0,0.0,0.0
2025-02-07 15:00:00+00:00,2025-02-07,2025-02-07:1,True,1,5,True,0.42857142857142855,0.08890336766901014,1.5729073952513906,True,0,0,0,False,,360.0,120.0,0.0,1.0,0.0,0.0,0.0
2025-02-07 15:05:00+00:00,2025-02-07,2025-02-07:1,True,2,5,True,0.4235294117647059,0.4235294117647059,-0.7827019591279635,True,0,0,0,True,-1.287971213762933,355.0,125.0,0.0,0.0,1.0,0.0,0.0
2025-02-07 15:10:00+00:00,2025-02-07,2025-02-07:1,True,2,10,True,0.32558139534883723,0.32558139534883723,-0.9250588633150696,True,0,0,0,True,-0.44233532507522366,350.0,130.0,0.0,0.0,1.0,0.0,0.0
2025-02-07 15:15:00+00:00,2025-02-07,2025-02-07:1,True,1,5,True,-0.040498442367601244,0.040498442367601244,1.8031322245603254,True,0,0,0,True,0.36392945216295075,345.0,135.0,0.0,1.0,0.0,0.0,0.0
2025-02-07 15:20:00+00:00,2025-02-07,2025-02-07:1,True,0,5,True,-0.144,0.10117811436242265,-0.3529308273513524,True,0,0,0,True,0.44400132680643134,340.0,140.0,1.0,0.0,0.0,0.0,0.0
2025-02-07 15:25:00+00:00,2025-02-07,2025-02-07:1,True,1,5,True,0.39233038348082594,0.1389730572772925,1.037824218018167,True,0,0,0,True,0.0,335.0,145.0,0.0,1.0,0.0,0.0,0.0
2025-02-07 15:30:00+00:00,2025-02-07,2025-02-07:1,True,0,5,True,0.5040871934604905,0.5040871934604905,0.0,True,0,0,0,True,0.0,330.0,150.0,1.0,0.0,0.0,0.0,0.0
2025-02-07 15:35:00+00:00,2025-02-07,2025-02-07:1,True,1,5,True,0.48732394366197185,0.1613631277639368,1.105271806783784,True,0,0,0,True,0.0,325.0,155.0,0.0,1.0,0.0,0.0,0.0
2025-02-07 15:40:00+00:00,2025-02-07,2025-02-07:1,True,2,5,True,0.1276595744680851,0.1276595744680851,-0.3650538548941311,True,0,0,0,True,-0.4081426174958107,320.0,160.0,0.0,0.0,1.0,0.0,0.0
2025-02-07 15:45:00+00:00,2025-02-07,2025-02-07:1,True,1,5,True,0.15521628498727735,0.040557244836228606,1.34210510241135,True,0,0,0,True,0.8574394976991967,315.0,165.0,0.0,1.0,0.0,0.0,0.0
2025-02-07 15:50:00+00:00,2025-02-07,2025-02-07:1,True,2,5,True,0.2316715542521994,0.2316715542521994,0.0,True,0,0,0,True,0.43282933846971955,310.0,170.0,0.0,0.0,1.0,0.0,0.0
2025-02-07 15:55:00+00:00,2025-02-07,2025-02-07:1,True,2,10,True,-0.16901408450704225,0.13880836448878714,-0.19688774258433722,True,0,0,0,True,-1.3207631290651745,305.0,175.0,0.0,0.0,1.0,0.0,0.0
2025-02-07 16:00:00+00:00,2025-02-07,2025-02-07:1,True,0,5,True,-0.22772277227722773,0.06985222045482718,-1.1817471039699912,True,0,0,0,True,0.0,300.0,180.0,1.0,0.0,0.0,0.0,0.0
2025-02-07 16:05:00+00:00,2025-02-07,2025-02-07:1,True,0,10,True,-0.08852459016393442,0.07283792278497919,-0.19504363143068326,True,0,0,0,True,0.43613081845494317,295.0,185.0,1.0,0.0,0.0,0.0,0.0
2025-02-07 16:10:00+00:00,2025-02-07,2025-02-07:1,True,0,15,True,-0.4222222222222222,0.125670457506452,-1.2118687042195007,True,0,0,0,True,-2.3189991242179278,290.0,190.0,1.0,0.0,0.0,0.0,0.0
2025-02-07 16:15:00+00:00,2025-02-07,2025-02-07:1,True,4,5,True,-0.7041095890410959,0.7041095890410959,0.2003398473149137,True,0,0,0,True,0.7870521088348014,285.0,195.0,0.0,0.0,0.0,0.0,1.0
2025-02-07 16:20:00+00:00,2025-02-07,2025-02-07:1,True,4,10,True,-0.38666666666666666,0.38666666666666666,0.5771238839436846,True,0,0,0,True,2.213297435585208,280.0,200.0,0.0,0.0,0.0,0.0,1.0
2025-02-07 16:25:00+00:00,2025-02-07,2025-02-07:1,True,3,5,True,-0.27011494252873564,0.06967749825892999,-1.3549701528654148,True,0,0,0,True,0.8656586769393968,275.0,205.0,0.0,0.0,0.0,1.0,0.0
2025-02-07 16:30:00+00:00,2025-02-07,2025-02-07:1,True,3,10,True,-0.24375,0.11143496539698705,-0.7827019591280706,True,0,0,0,True,0.1279865255432493,270.0,210.0,0.0,0.0,0.0,1.0,0.0
2025-02-07 16:35:00+00:00,2025-02-07,2025-02-07:1,True,3,15,True,-0.156794425087108,0.07296081791574763,-0.7650129968215642,True,0,0,0,True,-0.8553105322819241,265.0,215.0,0.0,0.0,0.0,1.0,0.0
2025-02-07 16:40:00+00:00,2025-02-07,2025-02-07:1,True,3,20,True,-0.3582089552238806,0.11361950769306295,-1.14826127574451,True,0,0,0,True,-0.8558634228309743,260.0,220.0,0.0,0.0,0.0,1.0,0.0
2025-02-07 16:45:00+00:00,2025-02-07,2025-02-07:1,True,4,5,True,-0.12716763005780346,0.12716763005780346,0.0,True,0,0,0,True,0.0,255.0,225.0,0.0,0.0,0.0,0.0,1.0
2025-02-07 16:50:00+00:00,2025-02-07,2025-02-07:1,True,4,10,True,-0.041666666666666664,0.041666666666666664,0.0,True,0,0,0,True,-0.4872179358432041,250.0,230.0,0.0,0.0,0.0,0.0,1.0
2025-02-07 16:55:00+00:00,2025-02-07,2025-02-07:1,True,3,5,True,-0.17088607594936708,0.11435967872384285,-0.40164855384963827,True,0,0,0,True,0.0,245.0,235.0,0.0,0.0,0.0,1.0,0.0
2025-02-07 17:00:00+00:00,2025-02-07,2025-02-07:1,True,3,10,True,-0.40069686411149824,0.18848609474210465,-0.7541809553650838,True,0,0,0,True,-3.3727997670665206,240.0,240.0,0.0,0.0,0.0,1.0,0.0
2025-02-07 17:05:00+00:00,2025-02-07,2025-02-07:1,True,3,15,True,-0.01607717041800643,0.007720812389864445,-0.7334806888890749,True,0,0,0,True,0.0,235.0,245.0,0.0,0.0,0.0,1.0,0.0
2025-02-07 17:10:00+00:00,2025-02-07,2025-02-07:1,True,3,20,True,0.1540785498489426,0.1540785498489426,-1.4979064369921413,True,0,0,0,True,-1.246463505579794,230.0,250.0,0.0,0.0,0.0,1.0,0.0
2025-02-07 17:15:00+00:00,2025-02-07,2025-02-07:1,True,4,5,True,-0.1807909604519774,0.14780881537154786,-0.2014217985513982,True,0,0,0,True,0.0,225.0,255.0,0.0,0.0,0.0,0.0,1.0
2025-02-07 17:20:00+00:00,2025-02-07,2025-02-07:1,True,3,5,True,-0.31313131313131315,0.026464679355197727,-2.4708116439020067,True,0,0,0,True,1.3370076237639006,220.0,260.0,0.0,0.0,0.0,1.0,0.0
2025-02-07 17:25:00+00:00,2025-02-07,2025-02-07:1,True,3,10,True,-0.3355263157894737,0.060818887447883684,-1.707800001315541,True,0,0,0,True,-0.24970162815114744,215.0,265.0,0.0,0.0,0.0,1.0,0.0
2025-02-07 17:30:00+00:00,2025-02-07,2025-02-07:1,True,3,15,True,-0.04262295081967213,0.019057607541047454,-0.8049264919941951,True,0,0,0,True,-0.5237656045779098,210.0,270.0,0.0,0.0,0.0,1.0,0.0
2025-02-07 17:35:00+00:00,2025-02-07,2025-02-07:1,True,3,20,True,-0.5446153846153846,0.25269549651310974,-0.7678946364665088,True,0,0,0,True,-1.9698180036137807,205.0,275.0,0.0,0.0,0.0,1.0,0.0
2025-02-07 17:40:00+00:00,2025-02-07,2025-02-07:1,True,3,25,True,-0.13793103448275862,0.0750703544483343,-0.608328076970798,True,0,0,0,True,-1.0224012604928148,200.0,280.0,0.0,0.0,0.0,1.0,0.0
2025-02-07 17:45:00+00:00,2025-02-07,2025-02-07:1,True,3,30,True,-0.3076923076923077,0.10321540248927225,-1.092282191802485,True,0,0,0,True,0.3213286244520064,195.0,285.0,0.0,0.0,0.0,1.0,0.0
2025-02-07 17:50:00+00:00,2025-02-07,2025-02-07:1,True,4,5,True,0.375,0.2284161920737624,0.4957566572085503,True,1,0,0,True,-0.870299547646987,190.0,290.0,0.0,0.0,0.0,0.0,1.0
2025-02-07 17:55:00+00:00,2025-02-07,2025-02-07:1,True,0,5,True,-0.010309278350515464,0.010309278350515464,1.2053522060426332,True,1,0,0,True,-0.3119435754130391,185.0,295.0,1.0,0.0,0.0,0.0,0.0
2025-02-07 18:00:00+00:00,2025-02-07,2025-02-07:1,True,0,10,True,0.45454545454545453,0.2808300206557337,0.48154834101365945,True,1,0,0,True,0.12089453305914788,180.0,300.0,1.0,0.0,0.0,0.0,0.0
2025-02-07 18:05:00+00:00,2025-02-07,2025-02-07:1,True,0,15,True,0.3375796178343949,0.2649749221832465,0.2421661989485071,True,1,0,0,True,1.0830001654032,175.0,305.0,1.0,0.0,0.0,0.0,0.0
2025-02-07 18:10:00+00:00,2025-02-07,2025-02-07:1,True,0,20,True,0.3983286908077994,0.3983286908077994,-1.3758425359299469,True,0,1,1,True,0.5127462394453572,170.0,310.0,1.0,0.0,0.0,0.0,0.0
2025-02-07 18:15:00+00:00,2025-02-07,2025-02-07:1,True,0,25,True,0.3696969696969697,0.3696969696969697,-0.6537528967097569,True,0,0,1,True,0.6042055362567886,165.0,315.0,1.0,0.0,0.0,0.0,0.0
2025-02-07 18:20:00+00:00,2025-02-07,2025-02-07:1,True,0,30,True,0.40298507462686567,0.40298507462686567,-0.6470178922924743,True,0,0,1,True,-0.07641311715310269,160.0,320.0,1.0,0.0,0.0,0.0,0.0
2025-02-07 18:25:00+00:00,2025-02-07,2025-02-07:1,True,0,35,True,-0.15337423312883436,0.15337423312883436,0.1828984636406515,True,0,0,1,True,-0.6335215314618216,155.0,325.0,1.0,0.0,0.0,0.0,0.0
2025-02-07 18:30:00+00:00,2025-02-07,2025-02-07:1,True,0,40,True,0.375,0.1790371763827697,0.7393325524048744,True,0,0,1,True,-0.4523999675609235,150.0,330.0,1.0,0.0,0.0,0.0,0.0
2025-02-07 18:35:00+00:00,2025-02-07,2025-02-07:1,True,0,45,True,0.4153846153846154,0.2858528040578263,0.3737278678861027,True,0,0,1,True,0.2244525660791654,145.0,335.0,1.0,0.0,0.0,0.0,0.0
2025-02-07 18:40:00+00:00,2025-02-07,2025-02-07:1,True,0,50,True,0.3723076923076923,0.09415709184228835,1.3747560650513908,True,0,0,1,True,0.5931391375068812,140.0,340.0,1.0,0.0,0.0,0.0,0.0
2025-02-07 18:45:00+00:00,2025-02-07,2025-02-07:1,True,2,5,True,0.6581632653061225,0.5350186737182329,0.20715137368019118,True,0,0,1,True,0.4039465137423893,135.0,345.0,0.0,0.0,1.0,0.0,0.0
2025-02-07 18:50:00+00:00,2025-02-07,2025-02-07:1,True,1,5,True,0.2966360856269113,0.19271529619285652,0.4312921360470533,True,0,0,1,True,0.6595367699723125,130.0,350.0,0.0,1.0,0.0,0.0,0.0
2025-02-07 18:55:00+00:00,2025-02-07,2025-02-07:1,True,2,5,True,0.3333333333333333,0.2694122591768143,0.21290022189124236,True,0,0,1,True,-0.20123324697183284,125.0,355.0,0.0,0.0,1.0,0.0,0.0
2025-02-07 19:00:00+00:00,2025-02-07,2025-02-07:1,True,2,10,True,0.411371237458194,0.3690300998899363,0.1086178487326737,True,0,0,1,True,1.051430249406829,120.0,360.0,0.0,0.0,1.0,0.0,0.0
2025-02-07 19:05:00+00:00,2025-02-07,2025-02-07:1,True,2,15,True,0.35789473684210527,0.35789473684210527,0.0,True,0,0,1,True,-0.2787684269225507,115.0,365.0,0.0,0.0,1.0,0.0,0.0
2025-02-07 19:10:00+00:00,2025-02-07,2025-02-07:1,True,0,5,True,0.32335329341317365,0.32335329341317365,-0.23204616473639833,True,0,0,1,True,-0.29467779843211184,110.0,370.0,1.0,0.0,0.0,0.0,0.0
2025-02-07 19:15:00+00:00,2025-02-07,2025-02-07:1,True,0,10,True,0.3370473537604457,0.3370473537604457,-0.37212037623408406,True,0,0,1,True,-0.5547243047148062,105.0,375.0,1.0,0.0,0.0,0.0,0.0
2025-02-07 19:20:00+00:00,2025-02-07,2025-02-07:1,True,0,15,True,0.20364741641337386,0.1790961325663786,0.1284674324851083,True,0,0,1,True,-0.643970541145567,100.0,380.0,1.0,0.0,0.0,0.0,0.0
2025-02-07 19:25:00+00:00,2025-02-07,2025-02-07:1,True,1,5,True,0.6511627906976745,0.04169947193965877,2.748271208056739,True,0,0,1,True,0.3858445347357673,95.0,385.0,0.0,1.0,0.0,0.0,0.0
2025-02-07 19:30:00+00:00,2025-02-07,2025-02-07:1,True,1,10,True,0.7043010752688172,0.5186542108808662,0.30596852769940874,True,0,0,1,True,0.38031735890219737,90.0,390.0,0.0,1.0,0.0,0.0,0.0
2025-02-07 19:35:00+00:00,2025-02-07,2025-02-07:1,True,1,15,True,0.5931372549019608,0.13507026491417728,1.479630706853649,True,0,0,1,True,-0.35526829982710595,85.0,395.0,0.0,1.0,0.0,0.0,0.0
2025-02-07 19:40:00+00:00,2025-02-07,2025-02-07:1,True,2,5,True,0.6436170212765957,0.6436170212765957,-0.45097322227819847,True,0,0,1,True,0.33613559368173973,80.0,400.0,0.0,0.0,1.0,0.0,0.0
2025-02-07 19:45:00+00:00,2025-02-07,2025-02-07:1,True,2,10,True,0.5780821917808219,0.4394036994530145,0.2742974796319815,True,0,0,1,True,-1.5381487792459965,75.0,405.0,0.0,0.0,1.0,0.0,0.0
2025-02-07 19:50:00+00:00,2025-02-07,2025-02-07:1,True,1,5,True,0.22324159021406728,0.12836758888171396,0.5533566128810827,True,0,0,1,True,0.8892455567943669,70.0,410.0,0.0,1.0,0.0,0.0,0.0
2025-02-07 19:55:00+00:00,2025-02-07,2025-02-07:1,True,0,5,True,0.398876404494382,0.398876404494382,-0.5638091828820984,True,0,0,1,True,0.8852105903806384,65.0,415.0,1.0,0.0,0.0,0.0,0.0
2025-02-07 20:00:00+00:00,2025-02-07,2025-02-07:1,True,0,10,True,0.21621621621621623,0.21621621621621623,-0.14012894629090047,True,0,0,1,True,-0.39147334120485383,60.0,420.0,1.0,0.0,0.0,0.0,0.0
2025-02-07 20:05:00+00:00,2025-02-07,2025-02-07:1,True,0,15,True,0.24404761904761904,0.24404761904761904,-0.41582753598876704,True,0,0,1,True,-0.38161229560698906,55.0,425.0,1.0,0.0,0.0,0.0,0.0
2025-02-07 20:10:00+00:00,2025-02-07,2025-02-07:1,True,0,20,True,-0.3188854489164087,0.3188854489164087,1.6108360253664324,True,0,0,1,True,0.38230133726966786,50.0,430.0,1.0,0.0,0.0,0.0,0.0
2025-02-07 20:15:00+00:00,2025-02-07,2025-02-07:1,True,0,25,True,0.04854368932038835,0.04854368932038835,-0.789841514590781,True,0,0,1,True,0.9264447039264277,45.0,435.0,1.0,0.0,0.0,0.0,0.0
2025-02-07 20:20:00+00:00,2025-02-07,2025-02-07:1,True,0,30,True,0.3076923076923077,0.3076923076923077,0.0,True,0,0,1,True,-2.409244513922706,40.0,440.0,1.0,0.0,0.0,0.0,0.0
2025-02-07 20:25:00+00:00,2025-02-07,2025-02-07:1,True,0,35,True,-0.03283582089552239,0.03283582089552239,1.489391263483731,True,0,0,1,True,0.4109191218678728,35.0,445.0,1.0,0.0,0.0,0.0,0.0
2025-02-07 20:30:00+00:00,2025-02-07,2025-02-07:1,True,0,40,True,0.17166212534059946,0.17166212534059946,-0.26878411031801713,True,0,0,1,True,0.0,30.0,450.0,1.0,0.0,0.0,0.0,0.0
2025-02-07 20:35:00+00:00,2025-02-07,2025-02-07:1,True,0,45,True,0.10163934426229508,0.10163934426229508,-0.27795474260176173,True,0,0,1,True,0.2735810033302136,25.0,455.0,1.0,0.0,0.0,0.0,0.0
2025-02-07 20:40:00+00:00,2025-02-07,2025-02-07:1,True,0,50,True,0.2289156626506024,0.2289156626506024,-0.28421085991219885,True,0,0,1,True,-0.26470504183993265,20.0,460.0,1.0,0.0,0.0,0.0,0.0
2025-02-07 20:45:00+00:00,2025-02-07,2025-02-07:1,True,0,55,True,0.4943181818181818,0.25686814016201354,0.6546165226700512,True,0,0,1,True,0.447346290360348,15.0,465.0,1.0,0.0,0.0,0.0,0.0
2025-02-07 20:50:00+00:00,2025-02-07,2025-02-07:1,True,0,60,True,0.1988472622478386,0.16860053423717083,0.16500478940330857,True,0,0,1,True,1.4758477028753398,10.0,470.0,1.0,0.0,0.0,0.0,0.0
2025-02-07 20:55:00+00:00,2025-02-07,2025-02-07:1,True,0,65,True,0.2727272727272727,0.2727272727272727,-0.3120466729790613,True,0,0,1,True,-0.6977575729338278,5.0,475.0,1.0,0.0,0.0,0.0,0.0
2025-02-07 21:00:00+00:00,2025-02-07,2025-02-07:1,True,0,70,True,-0.171875,0.05804017462043137,-1.0856320317871937,True,0,0,1,True,-1.3202948192453556,0.0,480.0,1.0,0.0,0.0,0.0,0.0
2025-02-10 13:00:00+00:00,2025-02-10,2025-02-10:1,False,-1,0,False,,,,False,0,0,0,False,,480.0,0.0,,,,,
2025-02-10 13:05:00+00:00,2025-02-10,2025-02-10:1,False,-1,0,True,0.11450381679389313,,,False,0,0,0,False,,475.0,5.0,,,,,
2025-02-10 13:10:00+00:00,2025-02-10,2025-02-10:1,False,-1,0,True,0.7150395778364116,,,False,0,0,0,False,,470.0,10.0,,,,,
2025-02-10 13:15:00+00:00,2025-02-10,2025-02-10:1,False,-1,0,True,0.30532212885154064,,,False,0,0,0,False,,465.0,15.0,,,,,
2025-02-10 13:20:00+00:00,2025-02-10,2025-02-10:1,False,-1,0,True,0.2708333333333333,,,False,0,0,0,False,,460.0,20.0,,,,,
2025-02-10 13:25:00+00:00,2025-02-10,2025-02-10:1,False,-1,0,True,0.5344827586206896,,,False,0,0,0,False,,455.0,25.0,,,,,
2025-02-10 13:30:00+00:00,2025-02-10,2025-02-10:1,False,-1,0,True,0.5176991150442478,,,False,0,0,0,False,,450.0,30.0,,,,,
2025-02-10 13:35:00+00:00,2025-02-10,2025-02-10:1,False,-1,0,True,0.5105740181268882,,,False,0,0,0,False,,445.0,35.0,,,,,
2025-02-10 13:40:00+00:00,2025-02-10,2025-02-10:1,False,-1,0,True,0.4303030303030303,,,False,0,0,0,False,,440.0,40.0,,,,,
2025-02-10 13:45:00+00:00,2025-02-10,2025-02-10:1,False,-1,0,True,0.4674922600619195,,,False,0,0,0,False,,435.0,45.0,,,,,
2025-02-10 13:50:00+00:00,2025-02-10,2025-02-10:1,False,-1,0,True,0.42433234421364985,,,False,0,0,0,False,,430.0,50.0,,,,,
2025-02-10 13:55:00+00:00,2025-02-10,2025-02-10:1,False,-1,0,True,0.2899022801302932,,,False,0,0,0,False,,425.0,55.0,,,,,
2025-02-10 14:00:00+00:00,2025-02-10,2025-02-10:1,False,-1,0,True,0.01597444089456869,,,False,0,0,0,False,,420.0,60.0,,,,,
2025-02-10 14:05:00+00:00,2025-02-10,2025-02-10:1,True,0,5,True,0.4601226993865031,0.14216150408698586,1.174529427680785,True,0,0,0,False,,415.0,65.0,1.0,0.0,0.0,0.0,0.0
2025-02-10 14:10:00+00:00,2025-02-10,2025-02-10:1,True,1,5,True,0.4527687296416938,0.06393279275431248,1.9575490461350125,True,0,0,0,False,,410.0,70.0,0.0,1.0,0.0,0.0,0.0
2025-02-10 14:15:00+00:00,2025-02-10,2025-02-10:1,True,1,10,True,0.11782477341389729,0.019737555442427262,1.786675361167557,True,0,0,0,False,,405.0,75.0,0.0,1.0,0.0,0.0,0.0
2025-02-10 14:20:00+00:00,2025-02-10,2025-02-10:1,True,2,5,True,0.08187134502923976,0.08187134502923976,-1.7409255922655384,True,0,0,0,False,,400.0,80.0,0.0,0.0,1.0,0.0,0.0
2025-02-10 14:25:00+00:00,2025-02-10,2025-02-10:1,True,1,5,True,0.07063197026022305,0.03477192761823056,0.7086724949428498,True,0,0,0,False,,395.0,85.0,0.0,1.0,0.0,0.0,0.0
2025-02-10 14:30:00+00:00,2025-02-10,2025-02-10:1,True,2,5,True,0.25874125874125875,0.25874125874125875,0.0,True,0,0,0,False,,390.0,90.0,0.0,0.0,1.0,0.0,0.0
2025-02-10 14:35:00+00:00,2025-02-10,2025-02-10:1,True,2,10,True,0.2955223880597015,0.2955223880597015,-0.35181845286448243,True,0,0,0,False,,385.0,95.0,0.0,0.0,1.0,0.0,0.0
2025-02-10 14:40:00+00:00,2025-02-10,2025-02-10:1,True,0,5,True,-0.1411042944785276,0.1411042944785276,0.34941381701309165,True,0,0,0,False,,380.0,100.0,1.0,0.0,0.0,0.0,0.0
2025-02-10 14:45:00+00:00,2025-02-10,2025-02-10:1,True,0,10,True,0.45294117647058824,0.22574183580443039,0.6963702369068531,True,0,0,0,False,,375.0,105.0,1.0,0.0,0.0,0.0,0.0
2025-02-10 14:50:00+00:00,2025-02-10,2025-02-10:1,True,1,5,True,0.4269005847953216,0.29446243587596493,0.3713997208755552,True,0,0,0,False,,370.0,110.0,0.0,1.0,0.0,0.0,0.0
2025-02-10 14:55:00+00:00,2025-02-10,2025-02-10:1,True,0,5,True,0.24257425742574257,0.24257425742574257,-0.3746993242058054,True,0,0,0,False,,365.0,115.0,1.0,0.0,0.0,0.0,0.0
2025-02-10 15:00:00+00:00,2025-02-10,2025-02-10:1,True,0,10,True,0.39655172413793105,0.2682191179460645,0.3910022336339555,True,0,0,0,False,,360.0,120.0,1.0,0.0,0.0,0.0,0.0
2025-02-10 15:05:00+00:00,2025-02-10,2025-02-10:1,True,0,15,True,0.5964912280701754,0.5964912280701754,-0.3975814356712264,True,0,0,0,True,0.0,355.0,125.0,1.0,0.0,0.0,0.0,0.0
2025-02-10 15:10:00+00:00,2025-02-10,2025-02-10:1,True,0,20,True,0.48148148148148145,0.48148148148148145,-1.5005465114534458,True,0,0,0,True,-0.03298506032946562,350.0,130.0,1.0,0.0,0.0,0.0,0.0
2025-02-10 15:15:00+00:00,2025-02-10,2025-02-10:1,True,0,25,True,0.7723577235772358,0.2102863628634138,1.300977580712557,True,0,0,0,True,0.969691435894003,345.0,135.0,1.0,0.0,0.0,0.0,0.0
2025-02-10 15:20:00+00:00,2025-02-10,2025-02-10:1,True,0,30,True,0.659217877094972,0.2515425645236878,0.9634418797482549,True,0,0,0,True,0.6077578883719765,340.0,140.0,1.0,0.0,0.0,0.0,0.0
2025-02-10 15:25:00+00:00,2025-02-10,2025-02-10:1,True,1,5,True,0.8405466970387244,0.1326867693623431,1.8460612769534934,True,0,0,0,True,1.0319796264737862,335.0,145.0,0.0,1.0,0.0,0.0,0.0
2025-02-10 15:30:00+00:00,2025-02-10,2025-02-10:1,True,1,10,True,0.875,0.21225442372271505,1.4164382193446454,True,0,0,0,True,1.6967900117319572,330.0,150.0,0.0,1.0,0.0,0.0,0.0
2025-02-10 15:35:00+00:00,2025-02-10,2025-02-10:1,True,2,5,True,0.9759036144578314,0.9759036144578314,-1.060300808676114,True,0,0,0,True,-4.2676284326365606,325.0,155.0,0.0,0.0,1.0,0.0,0.0
2025-02-10 15:40:00+00:00,2025-02-10,2025-02-10:1,True,1,5,True,0.9482352941176471,0.2740840856696161,1.241167730689086,True,0,0,0,True,1.2473149454765486,320.0,160.0,0.0,1.0,0.0,0.0,0.0
2025-02-10 15:45:00+00:00,2025-02-10,2025-02-10:1,True,1,10,True,0.9603960396039604,0.48060860897446267,0.6922925045300785,True,0,0,0,True,0.7740065502214183,315.0,165.0,0.0,1.0,0.0,0.0,0.0
2025-02-10 15:50:00+00:00,2025-02-10,2025-02-10:1,True,1,15,True,0.9333333333333333,0.3299704474596337,1.0397593101974079,True,0,0,0,True,0.45022846178450837,310.0,170.0,0.0,1.0,0.0,0.0,0.0
2025-02-10 15:55:00+00:00,2025-02-10,2025-02-10:1,True,1,20,True,0.9487179487179487,0.11732253293298353,2.0901847116701022,True,0,0,0,True,1.1869763898584624,305.0,175.0,0.0,1.0,0.0,0.0,0.0
2025-02-10 16:00:00+00:00,2025-02-10,2025-02-10:1,True,1,25,True,0.9125964010282777,0.38229199867672764,0.8701090137914743,True,0,0,0,True,0.7782491610683308,300.0,180.0,0.0,1.0,0.0,0.0,0.0
2025-02-10 16:05:00+00:00,2025-02-10,2025-02-10:1,True,1,30,True,0.8654292343387471,0.35954180760615395,0.8783951443642729,True,0,0,0,True,0.0,295.0,185.0,0.0,1.0,0.0,0.0,0.0
2025-02-10 16:10:00+00:00,2025-02-10,2025-02-10:1,True,1,35,True,0.9090909090909091,0.1993508028002446,1.5173789982692938,True,0,0,0,True,1.6964812938815441,290.0,190.0,0.0,1.0,0.0,0.0,0.0
2025-02-10 16:15:00+00:00,2025-02-10,2025-02-10:1,True,1,40,True,0.9353348729792148,0.20836953327686197,1.5015915123834302,True,0,0,0,True,0.09166443696314092,285.0,195.0,0.0,1.0,0.0,0.0,0.0
2025-02-10 16:20:00+00:00,2025-02-10,2025-02-10:1,True,1,45,True,0.8727735368956743,0.19763121400288672,1.4852733758386467,True,0,0,0,True,1.2934804860994407,280.0,200.0,0.0,1.0,0.0,0.0,0.0
2025-02-10 16:25:00+00:00,2025-02-10,2025-02-10:1,True,2,5,True,0.9322033898305084,0.9322033898305084,0.0,True,0,0,0,True,0.43662223520473015,275.0,205.0,0.0,0.0,1.0,0.0,0.0
2025-02-10 16:30:00+00:00,2025-02-10,2025-02-10:1,True,1,5,True,0.9511111111111111,0.46052643933705667,0.7252606233396331,True,0,0,0,True,-0.8108660275979498,270.0,210.0,0.0,1.0,0.0,0.0,0.0
2025-02-10 16:35:00+00:00,2025-02-10,2025-02-10:1,True,1,10,True,0.9340659340659341,0.4373703921850262,0.7587666134818033,True,0,0,0,True,0.0,265.0,215.0,0.0,1.0,0.0,0.0,0.0
2025-02-10 16:40:00+00:00,2025-02-10,2025-02-10:1,True,1,15,True,0.9383886255924171,0.14322786492958126,1.879727353106676,True,0,0,0,True,1.0624315662073334,260.0,220.0,0.0,1.0,0.0,0.0,0.0
2025-02-10 16:45:00+00:00,2025-02-10,2025-02-10:1,True,2,5,True,0.8769230769230769,0.8769230769230769,0.0,True,0,0,0,True,0.0,255.0,225.0,0.0,0.0,1.0,0.0,0.0
2025-02-10 16:50:00+00:00,2025-02-10,2025-02-10:1,True,1,5,True,0.8881987577639752,0.5473501094423064,0.48410689275763064,True,0,0,0,True,0.0,250.0,230.0,0.0,1.0,0.0,0.0,0.0
2025-02-10 16:55:00+00:00,2025-02-10,2025-02-10:1,True,1,10,True,0.7387173396674585,0.27545064102940703,0.986506906355105,True,0,0,0,True,-0.5473393565734495,245.0,235.0,0.0,1.0,0.0,0.0,0.0
2025-02-10 17:00:00+00:00,2025-02-10,2025-02-10:1,True,1,15,True,0.8008849557522124,0.16851561832480763,1.5586888751238046,True,0,0,0,True,0.6400873536522855,240.0,240.0,0.0,1.0,0.0,0.0,0.0
2025-02-10 17:05:00+00:00,2025-02-10,2025-02-10:1,True,1,20,True,0.8075117370892019,0.27562479357622777,1.0749170928151208,True,0,0,0,True,0.6352686620218224,235.0,245.0,0.0,1.0,0.0,0.0,0.0
2025-02-10 17:10:00+00:00,2025-02-10,2025-02-10:1,True,1,25,True,0.6363636363636364,0.3714976269208439,0.5382276789325056,True,0,0,0,True,1.2035136774650141,230.0,250.0,0.0,1.0,0.0,0.0,0.0
2025-02-10 17:15:00+00:00,2025-02-10,2025-02-10:1,True,2,5,True,0.6444444444444445,0.6444444444444445,-0.557738340297852,True,0,0,0,True,-1.2471408425639074,225.0,255.0,0.0,0.0,1.0,0.0,0.0
2025-02-10 17:20:00+00:00,2025-02-10,2025-02-10:1,True,2,10,True,0.7607223476297968,0.7607223476297968,0.0,True,0,0,0,True,-0.5440613253451904,220.0,260.0,0.0,0.0,1.0,0.0,0.0
2025-02-10 17:25:00+00:00,2025-02-10,2025-02-10:1,True,0,5,True,0.8756218905472637,0.8756218905472637,-1.1256616249834932,True,0,0,0,True,0.0,215.0,265.0,1.0,0.0,0.0,0.0,0.0
2025-02-10 17:30:00+00:00,2025-02-10,2025-02-10:1,True,0,10,True,0.7610389610389611,0.23263205290265357,1.1852265204438444,True,0,0,0,True,0.6261991778370757,210.0,270.0,1.0,0.0,0.0,0.0,0.0
2025-02-10 17:35:00+00:00,2025-02-10,2025-02-10:1,True,0,15,True,0.8102189781021898,0.15286819795471776,1.6677284556126477,True,0,0,0,True,1.8054419728818154,205.0,275.0,1.0,0.0,0.0,0.0,0.0
2025-02-10 17:40:00+00:00,2025-02-10,2025-02-10:1,True,0,20,True,0.6850828729281768,0.6850828729281768,0.0,True,0,0,0,True,0.6472244453329514,200.0,280.0,1.0,0.0,0.0,0.0,0.0
2025-02-10 17:45:00+00:00,2025-02-10,2025-02-10:1,True,1,5,True,0.6380368098159509,0.2158532525983995,1.0837971866384326,True,0,0,0,True,-0.5458011029083385,195.0,285.0,0.0,1.0,0.0,0.0,0.0
2025-02-10 17:50:00+00:00,2025-02-10,2025-02-10:1,True,1,10,True,0.6363636363636364,0.37013639095594747,0.5418985933207565,True,0,0,0,True,-0.6212794884283995,190.0,290.0,0.0,1.0,0.0,0.0,0.0
2025-02-10 17:55:00+00:00,2025-02-10,2025-02-10:1,True,1,15,True,0.6683168316831684,0.3923564462649958,0.5325916316968273,True,0,0,0,True,0.0,185.0,295.0,0.0,1.0,0.0,0.0,0.0
2025-02-10 18:00:00+00:00,2025-02-10,2025-02-10:1,True,1,20,True,0.04285714285714286,0.02506039629431829,0.5365835624384381,True,0,0,0,True,-0.612400680884722,180.0,300.0,0.0,1.0,0.0,0.0,0.0
2025-02-10 18:05:00+00:00,2025-02-10,2025-02-10:1,True,0,5,True,-0.8786279683377308,0.3096681575654819,-1.0428602992180869,True,0,0,0,True,-0.01244935788330468,175.0,305.0,1.0,0.0,0.0,0.0,0.0
2025-02-10 18:10:00+00:00,2025-02-10,2025-02-10:1,True,0,10,True,-0.9483568075117371,0.08747738881963212,-2.383350464194786,True,0,0,0,True,-1.0658667304278322,170.0,310.0,1.0,0.0,0.0,0.0,0.0
2025-02-10 18:15:00+00:00,2025-02-10,2025-02-10:1,True,3,5,True,-0.9489795918367347,0.14099253167196896,-1.9066803713549152,True,0,0,0,True,-2.75034567695105,165.0,315.0,0.0,0.0,0.0,1.0,0.0
2025-02-10 18:20:00+00:00,2025-02-10,2025-02-10:1,True,3,10,True,-0.9413333333333334,0.10048062728532851,-2.237332364357196,True,0,0,0,True,-0.5843402188971352,160.0,320.0,0.0,0.0,0.0,1.0,0.0
2025-02-10 18:25:00+00:00,2025-02-10,2025-02-10:1,True,3,15,True,-0.9376498800959233,0.2523677828317376,-1.3124891379461368,True,0,0,0,True,0.0,155.0,325.0,0.0,0.0,0.0,1.0,0.0
2025-02-10 18:30:00+00:00,2025-02-10,2025-02-10:1,True,3,20,True,-0.8549450549450549,0.3562701909589351,-0.8753477972968596,True,0,0,0,True,0.5421810082175186,150.0,330.0,0.0,0.0,0.0,1.0,0.0
2025-02-10 18:35:00+00:00,2025-02-10,2025-02-10:1,True,3,25,True,-0.9207920792079208,0.04272840550974798,-3.070370321809563,True,0,0,0,True,-1.5172966887902732,145.0,335.0,0.0,0.0,0.0,1.0,0.0
2025-02-10 18:40:00+00:00,2025-02-10,2025-02-10:1,True,4,5,True,-0.9104477611940298,0.9104477611940298,0.0,True,0,0,0,True,0.5236176051831171,140.0,340.0,0.0,0.0,0.0,0.0,1.0
2025-02-10 18:45:00+00:00,2025-02-10,2025-02-10:1,True,3,5,True,-0.9276018099547512,0.33955029888100485,-1.0049804648165943,True,0,0,0,True,-1.1236023176946204,135.0,345.0,0.0,0.0,0.0,1.0,0.0
2025-02-10 18:50:00+00:00,2025-02-10,2025-02-10:1,True,3,10,True,-0.9322033898305084,0.2073406139447756,-1.5031881013650816,True,0,0,0,True,-1.1204102592059941,130.0,350.0,0.0,0.0,0.0,1.0,0.0
2025-02-10 18:55:00+00:00,2025-02-10,2025-02-10:1,True,3,15,True,-0.8191489361702128,0.30652503205012727,-0.9829664958877852,True,0,0,0,True,-0.49235918071952123,125.0,355.0,0.0,0.0,0.0,1.0,0.0
2025-02-10 19:00:00+00:00,2025-02-10,2025-02-10:1,True,3,20,True,-0.8348082595870207,0.19489709444244746,-1.4547303707827726,True,0,0,0,True,-1.084291999336639,120.0,360.0,0.0,0.0,0.0,1.0,0.0
2025-02-10 19:05:00+00:00,2025-02-10,2025-02-10:1,True,3,25,True,-0.8412698412698413,0.1964056366508191,-1.4547303707827726,True,0,0,0,True,-0.461594676256642,115.0,365.0,0.0,0.0,0.0,1.0,0.0
2025-02-10 19:10:00+00:00,2025-02-10,2025-02-10:1,True,3,30,True,-0.8508158508158508,0.3026633930697614,-1.0335744396107256,True,0,0,0,True,0.660963077607339,110.0,370.0,0.0,0.0,0.0,1.0,0.0
2025-02-10 19:15:00+00:00,2025-02-10,2025-02-10:1,True,4,5,True,-0.8583690987124464,0.8583690987124464,0.4643175023580575,True,1,0,0,True,1.0382454984155356,105.0,375.0,0.0,0.0,0.0,0.0,1.0
2025-02-10 19:20:00+00:00,2025-02-10,2025-02-10:1,True,3,5,True,-0.885,0.13873210811598868,-1.853042851211615,True,0,1,1,True,-0.4815175862340332,100.0,380.0,0.0,0.0,0.0,1.0,0.0
2025-02-10 19:25:00+00:00,2025-02-10,2025-02-10:1,True,4,5,True,-0.8611825192802056,0.8611825192802056,1.1236423912479507,True,1,0,1,True,1.005016307692333,95.0,385.0,0.0,0.0,0.0,0.0,1.0
2025-02-10 19:30:00+00:00,2025-02-10,2025-02-10:1,True,4,10,True,-0.8272251308900523,0.8272251308900523,0.4179667378429665,True,1,0,1,True,0.0,90.0,390.0,0.0,0.0,0.0,0.0,1.0
2025-02-10 19:35:00+00:00,2025-02-10,2025-02-10:1,True,0,5,True,-0.6573033707865169,0.34897982491652396,-0.633131551218452,True,1,0,1,True,-0.4612497453301883,85.0,395.0,1.0,0.0,0.0,0.0,0.0
2025-02-10 19:40:00+00:00,2025-02-10,2025-02-10:1,True,0,10,True,-0.6,0.6,0.7465725660241296,True,1,0,1,True,0.0,80.0,400.0,1.0,0.0,0.0,0.0,0.0
2025-02-10 19:45:00+00:00,2025-02-10,2025-02-10:1,True,0,15,True,-0.5316455696202531,0.17348969377733622,-1.1198588490356638,True,0,1,2,True,-2.0523161250616555,75.0,405.0,1.0,0.0,0.0,0.0,0.0
2025-02-10 19:50:00+00:00,2025-02-10,2025-02-10:1,True,0,20,True,-0.21428571428571427,0.21428571428571427,0.7192737781920087,True,0,0,2,True,0.6178256102301518,70.0,410.0,1.0,0.0,0.0,0.0,0.0
2025-02-10 19:55:00+00:00,2025-02-10,2025-02-10:1,True,0,25,True,-0.3542319749216301,0.3542319749216301,0.6960127878771345,True,0,0,2,True,1.233076622871969,65.0,415.0,1.0,0.0,0.0,0.0,0.0
2025-02-10 20:00:00+00:00,2025-02-10,2025-02-10:1,True,0,30,True,-0.03592814371257485,0.03592814371257485,0.34980612871696065,True,0,0,2,True,-0.7821902827549423,60.0,420.0,1.0,0.0,0.0,0.0,0.0
2025-02-10 20:05:00+00:00,2025-02-10,2025-02-10:1,True,0,35,True,0.15757575757575756,0.11204659074948937,0.34099156947258497,True,0,0,2,True,0.0,55.0,425.0,1.0,0.0,0.0,0.0,0.0
2025-02-10 20:10:00+00:00,2025-02-10,2025-02-10:1,True,0,40,True,0.3248407643312102,0.23234779654242033,0.3350997342273302,True,0,0,2,True,0.0,50.0,430.0,1.0,0.0,0.0,0.0,0.0
2025-02-10 20:15:00+00:00,2025-02-10,2025-02-10:1,True,2,5,True,0.1339031339031339,0.1339031339031339,-0.34863313723373657,True,0,0,2,True,-0.779567394063648,45.0,435.0,0.0,0.0,1.0,0.0,0.0
2025-02-10 20:20:00+00:00,2025-02-10,2025-02-10:1,True,1,5,True,0.2147239263803681,0.10548807224188499,0.7107552524589795,True,0,0,2,True,0.0,40.0,440.0,0.0,1.0,0.0,0.0,0.0
2025-02-10 20:25:00+00:00,2025-02-10,2025-02-10:1,True,0,5,True,-0.06535947712418301,0.04588714857891991,-0.35371736010840016,True,0,0,2,True,0.15863334422361394,35.0,445.0,1.0,0.0,0.0,0.0,0.0
2025-02-10 20:30:00+00:00,2025-02-10,2025-02-10:1,True,0,10,True,-0.010380622837370242,0.010380622837370242,0.370606323470034,True,0,0,2,True,0.34132977679673254,30.0,450.0,1.0,0.0,0.0,0.0,0.0
2025-02-10 20:35:00+00:00,2025-02-10,2025-02-10:1,True,0,15,True,-0.02702702702702703,0.006291021891347734,-1.4577138459678478,True,0,0,2,True,-0.33108807544061813,25.0,455.0,1.0,0.0,0.0,0.0,0.0
2025-02-10 20:40:00+00:00,2025-02-10,2025-02-10:1,True,0,20,True,-0.2022792022792023,0.13568352878800513,-0.39932375268588877,True,0,0,2,True,0.5502413282476152,20.0,460.0,1.0,0.0,0.0,0.0,0.0
2025-02-10 20:45:00+00:00,2025-02-10,2025-02-10:1,True,0,25,True,-0.11510791366906475,0.11510791366906475,0.9841423940213966,True,0,0,2,True,0.5469210716152867,15.0,465.0,1.0,0.0,0.0,0.0,0.0
2025-02-10 20:50:00+00:00,2025-02-10,2025-02-10:1,True,3,5,True,0.16883116883116883,0.16883116883116883,-1.3412696805423263,True,0,0,2,True,0.0,10.0,470.0,0.0,0.0,0.0,1.0,0.0
2025-02-10 20:55:00+00:00,2025-02-10,2025-02-10:1,True,0,5,True,-0.14457831325301204,0.14457831325301204,0.7960520171767365,True,0,0,2,True,0.0,5.0,475.0,1.0,0.0,0.0,0.0,0.0
2025-02-10 21:00:00+00:00,2025-02-10,2025-02-10:1,True,3,5,True,-0.20118343195266272,0.13507556275630908,-0.39838274270310553,True,0,0,2,True,0.0,0.0,480.0,0.0,0.0,0.0,1.0,0.0
2025-02-11 13:00:00+00:00,2025-02-11,2025-02-11:1,False,-1,0,False,,,,False,0,0,0,False,,480.0,0.0,,,,,
2025-02-11 13:05:00+00:00,2025-02-11,2025-02-11:1,False,-1,0,True,-0.042682926829268296,,,False,0,0,0,False,,475.0,5.0,,,,,
2025-02-11 13:10:00+00:00,2025-02-11,2025-02-11:1,False,-1,0,True,0.1875,,,False,0,0,0,False,,470.0,10.0,,,,,
2025-02-11 13:15:00+00:00,2025-02-11,2025-02-11:1,False,-1,0,True,-0.01015228426395939,,,False,0,0,0,False,,465.0,15.0,,,,,
2025-02-11 13:20:00+00:00,2025-02-11,2025-02-11:1,False,-1,0,True,0.04697986577181208,,,False,0,0,0,False,,460.0,20.0,,,,,
2025-02-11 13:25:00+00:00,2025-02-11,2025-02-11:1,False,-1,0,True,-0.38047138047138046,,,False,0,0,0,False,,455.0,25.0,,,,,
2025-02-11 13:30:00+00:00,2025-02-11,2025-02-11:1,False,-1,0,True,-0.5829145728643216,,,False,0,0,0,False,,450.0,30.0,,,,,
2025-02-11 13:35:00+00:00,2025-02-11,2025-02-11:1,False,-1,0,True,-0.9722991689750693,,,False,0,0,0,False,,445.0,35.0,,,,,
2025-02-11 13:40:00+00:00,2025-02-11,2025-02-11:1,False,-1,0,True,-0.9758454106280193,,,False,0,0,0,False,,440.0,40.0,,,,,
2025-02-11 13:45:00+00:00,2025-02-11,2025-02-11:1,False,-1,0,True,-0.9747474747474747,,,False,0,0,0,False,,435.0,45.0,,,,,
2025-02-11 13:50:00+00:00,2025-02-11,2025-02-11:1,False,-1,0,True,-0.9751861042183623,,,False,0,0,0,False,,430.0,50.0,,,,,
2025-02-11 13:55:00+00:00,2025-02-11,2025-02-11:1,False,-1,0,True,-0.9322916666666666,,,False,0,0,0,False,,425.0,55.0,,,,,
2025-02-11 14:00:00+00:00,2025-02-11,2025-02-11:1,False,-1,0,True,-0.9264367816091954,,,False,0,0,0,False,,420.0,60.0,,,,,
2025-02-11 14:05:00+00:00,2025-02-11,2025-02-11:1,True,4,5,True,-0.9262899262899262,0.5529303035418458,-0.5159553207863089,True,0,0,0,False,,415.0,65.0,0.0,0.0,0.0,0.0,1.0
2025-02-11 14:10:00+00:00,2025-02-11,2025-02-11:1,True,4,10,True,-0.908883826879271,0.908883826879271,0.0,True,0,0,0,False,,410.0,70.0,0.0,0.0,0.0,0.0,1.0
2025-02-11 14:15:00+00:00,2025-02-11,2025-02-11:1,True,4,15,True,-0.8810198300283286,0.8810198300283286,0.6879404277151068,True,1,0,0,False,,405.0,75.0,0.0,0.0,0.0,0.0,1.0
2025-02-11 14:20:00+00:00,2025-02-11,2025-02-11:1,True,3,5,True,-0.8126721763085399,0.1968822118183201,-1.4177221606899901,True,0,1,1,False,,400.0,80.0,0.0,0.0,0.0,1.0,0.0
2025-02-11 14:25:00+00:00,2025-02-11,2025-02-11:1,True,3,10,True,-0.8222222222222222,0.41304326897619514,-0.6884583468858992,True,0,0,1,False,,395.0,85.0,0.0,0.0,0.0,1.0,0.0
2025-02-11 14:30:00+00:00,2025-02-11,2025-02-11:1,True,3,15,True,-0.7493472584856397,0.28018045273276043,-0.9837686359305037,True,0,0,1,False,,390.0,90.0,0.0,0.0,0.0,1.0,0.0
2025-02-11 14:35:00+00:00,2025-02-11,2025-02-11:1,True,3,20,True,-0.5663265306122449,0.39189151034001696,-0.3681857789151158,True,0,0,1,False,,385.0,95.0,0.0,0.0,0.0,1.0,0.0
2025-02-11 14:40:00+00:00,2025-02-11,2025-02-11:1,True,3,25,True,-0.785,0.5489469165266495,-0.3576819721560628,True,0,0,1,False,,380.0,100.0,0.0,0.0,0.0,1.0,0.0
2025-02-11 14:45:00+00:00,2025-02-11,2025-02-11:1,True,3,30,True,-0.8610421836228288,0.21334107552221654,-1.3952513184448363,True,0,0,1,False,,375.0,105.0,0.0,0.0,0.0,1.0,0.0
2025-02-11 14:50:00+00:00,2025-02-11,2025-02-11:1,True,3,35,True,-0.8625592417061612,0.29878119305509215,-1.0601923228877985,True,0,0,1,False,,370.0,110.0,0.0,0.0,0.0,1.0,0.0
2025-02-11 14:55:00+00:00,2025-02-11,2025-02-11:1,True,4,5,True,-0.7611241217798594,0.7611241217798594,0.0,True,0,0,1,False,,365.0,115.0,0.0,0.0,0.0,0.0,1.0
2025-02-11 15:00:00+00:00,2025-02-11,2025-02-11:1,True,4,10,True,-0.5719063545150501,0.47479384329982427,-0.1860945663764846,True,0,0,1,False,,360.0,120.0,0.0,0.0,0.0,0.0,1.0
2025-02-11 15:05:00+00:00,2025-02-11,2025-02-11:1,True,4,15,True,-0.5840978593272171,0.5840978593272171,0.5454672800502456,True,1,0,1,True,0.0,355.0,125.0,0.0,0.0,0.0,0.0,1.0
2025-02-11 15:10:00+00:00,2025-02-11,2025-02-11:1,True,0,5,True,-0.8177215189873418,0.8177215189873418,0.7023488102403181,True,1,0,1,True,0.0,350.0,130.0,1.0,0.0,0.0,0.0,0.0
2025-02-11 15:15:00+00:00,2025-02-11,2025-02-11:1,True,0,10,True,-0.8473282442748091,0.2895319913108807,-1.0738223607938975,True,0,1,2,True,0.0,345.0,135.0,1.0,0.0,0.0,0.0,0.0
2025-02-11 15:20:00+00:00,2025-02-11,2025-02-11:1,True,0,15,True,-0.5989304812834224,0.5989304812834224,0.0,True,0,0,2,True,0.0,340.0,140.0,1.0,0.0,0.0,0.0,0.0
2025-02-11 15:25:00+00:00,2025-02-11,2025-02-11:1,True,0,20,True,-0.8928571428571429,0.19256483253723694,-1.5339937042478942,True,0,0,2,True,-0.539494331619985,335.0,145.0,1.0,0.0,0.0,0.0,0.0
2025-02-11 15:30:00+00:00,2025-02-11,2025-02-11:1,True,3,5,True,-0.25925925925925924,0.07699335779197256,-1.2141094063421707,True,0,0,2,True,0.9967153520089417,330.0,150.0,0.0,0.0,0.0,1.0,0.0
2025-02-11 15:35:00+00:00,2025-02-11,2025-02-11:1,True,0,5,True,0.21705426356589147,0.023438430616929185,2.2257703755310025,True,0,0,2,True,1.5752414911876516,325.0,155.0,1.0,0.0,0.0,0.0,0.0
2025-02-11 15:40:00+00:00,2025-02-11,2025-02-11:1,True,3,5,True,0.4818941504178273,0.4818941504178273,-1.1594870240891526,True,0,0,2,True,-0.8960409079634369,320.0,160.0,0.0,0.0,0.0,1.0,0.0
2025-02-11 15:45:00+00:00,2025-02-11,2025-02-11:1,True,0,5,True,0.050724637681159424,0.050724637681159424,-0.395385552384461,True,0,0,2,True,-0.4479199633934923,315.0,165.0,1.0,0.0,0.0,0.0,0.0
2025-02-11 15:50:00+00:00,2025-02-11,2025-02-11:1,True,0,10,True,-0.2945205479452055,0.2945205479452055,0.26296210002199416,True,0,0,2,True,-0.8360976038687589,310.0,170.0,1.0,0.0,0.0,0.0,0.0
2025-02-11 15:55:00+00:00,2025-02-11,2025-02-11:1,True,0,15,True,-0.03323262839879154,0.022517668977527803,-0.38923188748015297,True,0,0,2,True,-0.6245755520141855,305.0,175.0,1.0,0.0,0.0,0.0,0.0
2025-02-11 16:00:00+00:00,2025-02-11,2025-02-11:1,True,0,20,True,0.1937984496124031,0.1937984496124031,-0.2613084339424336,True,0,0,2,True,-0.6563676006837503,300.0,180.0,1.0,0.0,0.0,0.0,0.0
2025-02-11 16:05:00+00:00,2025-02-11,2025-02-11:1,True,3,5,True,0.1746987951807229,0.1746987951807229,-0.7724539357605023,True,0,0,2,True,0.0,295.0,185.0,0.0,0.0,0.0,1.0,0.0
2025-02-11 16:10:00+00:00,2025-02-11,2025-02-11:1,True,0,5,True,0.2857142857142857,0.21997701605757544,0.26146924205760175,True,0,0,2,True,-0.6611325086127184,290.0,190.0,1.0,0.0,0.0,0.0,0.0
2025-02-11 16:15:00+00:00,2025-02-11,2025-02-11:1,True,0,10,True,0.08882521489971347,0.04106348217835472,0.7715513461985112,True,0,0,2,True,0.0,285.0,195.0,1.0,0.0,0.0,0.0,0.0
2025-02-11 16:20:00+00:00,2025-02-11,2025-02-11:1,True,0,15,True,0.2138364779874214,0.2138364779874214,-0.7583812766972478,True,0,0,2,True,0.0,280.0,200.0,1.0,0.0,0.0,0.0,0.0
2025-02-11 16:25:00+00:00,2025-02-11,2025-02-11:1,True,0,20,True,-0.09230769230769231,0.09230769230769231,1.540855622853904,True,0,0,2,True,0.2650352243239304,275.0,205.0,1.0,0.0,0.0,0.0,0.0
2025-02-11 16:30:00+00:00,2025-02-11,2025-02-11:1,True,0,25,True,-0.09523809523809523,0.06723751377992537,-0.3481486892752721,True,0,0,2,True,0.28735835394760595,270.0,210.0,1.0,0.0,0.0,0.0,0.0
2025-02-11 16:35:00+00:00,2025-02-11,2025-02-11:1,True,0,30,True,-0.017341040462427744,0.007007171723452162,-0.9061418166500494,True,0,0,2,True,-0.6397245411063751,265.0,215.0,1.0,0.0,0.0,0.0,0.0
2025-02-11 16:40:00+00:00,2025-02-11,2025-02-11:1,True,0,35,True,-0.06824925816023739,0.02925949393005417,-0.8469624647400935,True,0,0,2,True,0.0,260.0,220.0,1.0,0.0,0.0,0.0,0.0
2025-02-11 16:45:00+00:00,2025-02-11,2025-02-11:1,True,0,40,True,-0.051643192488262914,0.051643192488262914,1.6139864785436384,True,0,0,2,True,0.3395585894036145,255.0,225.0,1.0,0.0,0.0,0.0,0.0
2025-02-11 16:50:00+00:00,2025-02-11,2025-02-11:1,True,0,45,True,0.027692307692307693,0.027692307692307693,-1.4506676168022707,True,0,0,2,True,-0.338694000290631,250.0,230.0,1.0,0.0,0.0,0.0,0.0
2025-02-11 16:55:00+00:00,2025-02-11,2025-02-11:1,True,0,50,True,0.17717717717717718,0.04022877615442259,1.4825676686258855,True,0,0,2,True,-0.2972427283223441,245.0,235.0,1.0,0.0,0.0,0.0,0.0
2025-02-11 17:00:00+00:00,2025-02-11,2025-02-11:1,True,0,55,True,0.22666666666666666,0.22666666666666666,-0.8772486633741313,True,0,0,2,True,-0.6538625481578431,240.0,240.0,1.0,0.0,0.0,0.0,0.0
2025-02-11 17:05:00+00:00,2025-02-11,2025-02-11:1,True,0,60,True,0.5988200589970502,0.2517215454885084,0.8666376522907799,True,0,0,2,True,-0.2793634853837976,235.0,245.0,1.0,0.0,0.0,0.0,0.0
2025-02-11 17:10:00+00:00,2025-02-11,2025-02-11:1,True,0,65,True,0.1282051282051282,0.1282051282051282,-0.1435561003627488,True,0,0,2,True,0.6420023979936017,230.0,250.0,1.0,0.0,0.0,0.0,0.0
2025-02-11 17:15:00+00:00,2025-02-11,2025-02-11:1,True,0,70,True,0.21068249258160238,0.08878287584915644,0.8641584338054272,True,0,0,2,True,0.5655229564263273,225.0,255.0,1.0,0.0,0.0,0.0,0.0
2025-02-11 17:20:00+00:00,2025-02-11,2025-02-11:1,True,1,5,True,0.42005420054200543,0.1824641370714027,0.833830107346566,True,0,0,2,True,1.0552130796412953,220.0,260.0,0.0,1.0,0.0,0.0,0.0
2025-02-11 17:25:00+00:00,2025-02-11,2025-02-11:1,True,1,10,True,0.14473684210526316,0.058805463209876174,0.9006824491730351,True,0,0,2,True,-0.45236480187227257,215.0,265.0,0.0,1.0,0.0,0.0,0.0
2025-02-11 17:30:00+00:00,2025-02-11,2025-02-11:1,True,0,5,True,0.13580246913580246,0.13580246913580246,-1.7963406385831253,True,0,0,2,True,-1.3831920390726236,210.0,270.0,1.0,0.0,0.0,0.0,0.0
2025-02-11 17:35:00+00:00,2025-02-11,2025-02-11:1,True,0,10,True,-0.08794788273615635,0.019998761328017808,-1.4810740593623521,True,0,0,2,True,-1.3591456778741378,205.0,275.0,1.0,0.0,0.0,0.0,0.0
2025-02-11 17:40:00+00:00,2025-02-11,2025-02-11:1,True,0,15,True,-0.07741935483870968,0.04251992305188051,-0.5992640680711493,True,0,0,2,True,0.32400504552621695,200.0,280.0,1.0,0.0,0.0,0.0,0.0
2025-02-11 17:45:00+00:00,2025-02-11,2025-02-11:1,True,4,5,True,-0.1166077738515901,0.10039014067223695,-0.14975194084546087,True,0,0,2,True,0.0,195.0,285.0,0.0,0.0,0.0,0.0,1.0
2025-02-11 17:50:00+00:00,2025-02-11,2025-02-11:1,True,4,10,True,-0.18210862619808307,0.18210862619808307,0.30187981009831516,True,1,0,2,True,0.6750237764145602,190.0,290.0,0.0,0.0,0.0,0.0,1.0
2025-02-11 17:55:00+00:00,2025-02-11,2025-02-11:1,True,4,15,True,0.17307692307692307,0.08862246903187096,0.6693507114659591,True,1,0,2,True,-0.3675327805152975,185.0,295.0,0.0,0.0,0.0,0.0,1.0
2025-02-11 18:00:00+00:00,2025-02-11,2025-02-11:1,True,3,5,True,0.7118997912317327,0.7118997912317327,-0.8313298316410981,True,0,1,3,True,-0.7435640061091804,180.0,300.0,0.0,0.0,0.0,1.0,0.0
2025-02-11 18:05:00+00:00,2025-02-11,2025-02-11:1,True,0,5,True,0.7557251908396947,0.7557251908396947,-0.9115397114097702,True,0,0,3,True,-0.6794215863002853,175.0,305.0,1.0,0.0,0.0,0.0,0.0
2025-02-11 18:10:00+00:00,2025-02-11,2025-02-11:1,True,3,5,True,0.8532110091743119,0.8532110091743119,-1.8081396260058926,True,0,0,3,True,-0.4954604191708437,170.0,310.0,0.0,0.0,0.0,1.0,0.0
2025-02-11 18:15:00+00:00,2025-02-11,2025-02-11:1,True,0,5,True,0.5400516795865633,0.131442374277883,1.4130963007642396,True,0,0,3,True,2.0966067905891865,165.0,315.0,1.0,0.0,0.0,0.0,0.0
2025-02-11 18:20:00+00:00,2025-02-11,2025-02-11:1,True,0,10,True,0.7950138504155124,0.45836957949075535,0.5506837355778889,True,0,0,3,True,-0.7497111469780557,160.0,320.0,1.0,0.0,0.0,0.0,0.0
2025-02-11 18:25:00+00:00,2025-02-11,2025-02-11:1,True,0,15,True,0.7263157894736842,0.7263157894736842,0.0,True,0,0,3,True,-0.33067787708560786,155.0,325.0,1.0,0.0,0.0,0.0,0.0
2025-02-11 18:30:00+00:00,2025-02-11,2025-02-11:1,True,0,20,True,0.7057471264367816,0.7057471264367816,0.0,True,0,0,3,True,-0.3537187244541814,150.0,330.0,1.0,0.0,0.0,0.0,0.0
2025-02-11 18:35:00+00:00,2025-02-11,2025-02-11:1,True,0,25,True,0.667621776504298,0.576238400245658,0.14720034596269704,True,0,0,3,True,-0.9674944992673857,145.0,335.0,1.0,0.0,0.0,0.0,0.0
2025-02-11 18:40:00+00:00,2025-02-11,2025-02-11:1,True,1,5,True,0.5897435897435898,0.1390041395469414,1.4451841351811436,True,0,0,3,True,1.2926119865080803,140.0,340.0,0.0,1.0,0.0,0.0,0.0
2025-02-11 18:45:00+00:00,2025-02-11,2025-02-11:1,True,0,5,True,0.5906735751295337,0.5906735751295337,-0.868071297029683,True,0,0,3,True,0.4368728812020823,135.0,345.0,1.0,0.0,0.0,0.0,0.0
2025-02-11 18:50:00+00:00,2025-02-11,2025-02-11:1,True,0,10,True,0.5273775216138329,0.5273775216138329,-0.4336064080809356,True,0,0,3,True,-0.22411262493453446,130.0,350.0,1.0,0.0,0.0,0.0,0.0
2025-02-11 18:55:00+00:00,2025-02-11,2025-02-11:1,True,0,15,True,0.46736292428198434,0.46736292428198434,0.0,True,0,0,3,True,-0.6375639010025088,125.0,355.0,1.0,0.0,0.0,0.0,0.0
2025-02-11 19:00:00+00:00,2025-02-11,2025-02-11:1,True,0,20,True,0.5416666666666666,0.5416666666666666,-0.5726513747779325,True,0,0,3,True,-0.9507981517204624,120.0,360.0,1.0,0.0,0.0,0.0,0.0
2025-02-11 19:05:00+00:00,2025-02-11,2025-02-11:1,True,0,25,True,0.7102272727272727,0.7102272727272727,-0.894989193688779,True,0,0,3,True,-0.39505137020773484,115.0,365.0,1.0,0.0,0.0,0.0,0.0
2025-02-11 19:10:00+00:00,2025-02-11,2025-02-11:1,True,4,5,True,0.4959349593495935,0.20723908684338097,0.8725716521220581,True,1,0,3,True,2.299386800347881,110.0,370.0,0.0,0.0,0.0,0.0,1.0
2025-02-11 19:15:00+00:00,2025-02-11,2025-02-11:1,True,0,5,True,0.5562310030395137,0.10778495291765149,1.6410456156501458,True,1,0,3,True,-0.35895893517934924,105.0,375.0,1.0,0.0,0.0,0.0,0.0
2025-02-11 19:20:00+00:00,2025-02-11,2025-02-11:1,True,0,10,True,0.44808743169398907,0.44808743169398907,0.0,True,1,0,3,True,0.0,100.0,380.0,1.0,0.0,0.0,0.0,0.0
2025-02-11 19:25:00+00:00,2025-02-11,2025-02-11:1,True,1,5,True,0.14826498422712933,0.05731067132003006,0.9505142644823241,True,1,0,3,True,0.7084715029878924,95.0,385.0,0.0,1.0,0.0,0.0,0.0
2025-02-11 19:30:00+00:00,2025-02-11,2025-02-11:1,True,0,5,True,0.5128939828080229,0.5128939828080229,-0.916573397626346,True,0,1,4,True,-0.4066447327932084,90.0,390.0,1.0,0.0,0.0,0.0,0.0
2025-02-11 19:35:00+00:00,2025-02-11,2025-02-11:1,True,1,5,True,0.43573667711598746,0.2346646475659847,0.6188806459972914,True,0,0,4,True,0.4192475438303215,85.0,395.0,0.0,1.0,0.0,0.0,0.0
2025-02-11 19:40:00+00:00,2025-02-11,2025-02-11:1,True,2,5,True,0.48066298342541436,0.48066298342541436,0.0,True,0,0,4,True,0.0,80.0,400.0,0.0,0.0,1.0,0.0,0.0
2025-02-11 19:45:00+00:00,2025-02-11,2025-02-11:1,True,0,5,True,0.3710691823899371,0.3710691823899371,-0.3314144790656146,True,0,0,4,True,-0.4601638178168206,75.0,405.0,1.0,0.0,0.0,0.0,0.0
2025-02-11 19:50:00+00:00,2025-02-11,2025-02-11:1,True,0,10,True,0.43466666666666665,0.3113768493384874,0.3335755409892694,True,0,0,4,True,0.45081722435884786,70.0,410.0,1.0,0.0,0.0,0.0,0.0
2025-02-11 19:55:00+00:00,2025-02-11,2025-02-11:1,True,0,15,True,0.3509933774834437,0.12654727816859215,1.0201513769121506,True,0,0,4,True,-0.29453392273245055,65.0,415.0,1.0,0.0,0.0,0.0,0.0
2025-02-11 20:00:00+00:00,2025-02-11,2025-02-11:1,True,0,20,True,0.528023598820059,0.528023598820059,-0.3412789387048437,True,0,0,4,True,0.4703721855224195,60.0,420.0,1.0,0.0,0.0,0.0,0.0
2025-02-11 20:05:00+00:00,2025-02-11,2025-02-11:1,True,0,25,True,0.49162011173184356,0.49162011173184356,-0.3975925318455549,True,0,0,4,True,0.0,55.0,425.0,1.0,0.0,0.0,0.0,0.0
2025-02-11 20:10:00+00:00,2025-02-11,2025-02-11:1,True,0,30,True,0.5208791208791209,0.23185489659231928,0.8094062708955384,True,0,0,4,True,1.8098874431370333,50.0,430.0,1.0,0.0,0.0,0.0,0.0
2025-02-11 20:15:00+00:00,2025-02-11,2025-02-11:1,True,0,35,True,0.42765273311897106,0.42765273311897106,-0.8858663926768798,True,0,0,4,True,-0.06060861961745253,45.0,435.0,1.0,0.0,0.0,0.0,0.0
2025-02-11 20:20:00+00:00,2025-02-11,2025-02-11:1,True,0,40,True,0.5174418604651163,0.5174418604651163,-0.43898234371597783,True,0,0,4,True,-1.435439008938748,40.0,440.0,1.0,0.0,0.0,0.0,0.0
2025-02-11 20:25:00+00:00,2025-02-11,2025-02-11:1,True,0,45,True,0.22105263157894736,0.22105263157894736,0.0,True,0,0,4,True,-0.12674060600498943,35.0,445.0,1.0,0.0,0.0,0.0,0.0
2025-02-11 20:30:00+00:00,2025-02-11,2025-02-11:1,True,0,50,True,0.24115755627009647,0.24115755627009647,0.0,True,0,0,4,True,1.7299475102153665,30.0,450.0,1.0,0.0,0.0,0.0,0.0
2025-02-11 20:35:00+00:00,2025-02-11,2025-02-11:1,True,0,55,True,0.14181818181818182,0.14181818181818182,-0.9669343481721409,True,0,0,4,True,-0.44464770951316795,25.0,455.0,1.0,0.0,0.0,0.0,0.0
2025-02-11 20:40:00+00:00,2025-02-11,2025-02-11:1,True,4,5,True,0.20241691842900303,0.20241691842900303,0.0,True,0,0,4,True,-0.626028375498054,20.0,460.0,0.0,0.0,0.0,0.0,1.0
2025-02-11 20:45:00+00:00,2025-02-11,2025-02-11:1,True,0,5,True,-0.03278688524590164,0.03278688524590164,0.4530092618314306,True,0,0,4,True,-0.5874143458292179,15.0,465.0,1.0,0.0,0.0,0.0,0.0
2025-02-11 20:50:00+00:00,2025-02-11,2025-02-11:1,True,0,10,True,0.15476190476190477,0.15476190476190477,0.0,True,0,0,4,True,0.6010346753517922,10.0,470.0,1.0,0.0,0.0,0.0,0.0
2025-02-11 20:55:00+00:00,2025-02-11,2025-02-11:1,True,0,15,True,0.11355311355311355,0.0442848712578597,0.9416275761524794,True,0,0,4,True,1.052771634882652,5.0,475.0,1.0,0.0,0.0,0.0,0.0
2025-02-11 21:00:00+00:00,2025-02-11,2025-02-11:1,True,0,20,True,0.2602739726027397,0.2602739726027397,0.0,True,0,0,4,True,0.0,0.0,480.0,1.0,0.0,0.0,0.0,0.0
2025-02-12 13:00:00+00:00,2025-02-12,2025-02-12:1,False,-1,0,False,,,,False,0,0,0,False,,480.0,0.0,,,,,
2025-02-12 13:05:00+00:00,2025-02-12,2025-02-12:1,False,-1,0,True,-0.1901840490797546,,,False,0,0,0,False,,475.0,5.0,,,,,
2025-02-12 13:10:00+00:00,2025-02-12,2025-02-12:1,False,-1,0,True,-0.4251781472684085,,,False,0,0,0,False,,470.0,10.0,,,,,
2025-02-12 13:15:00+00:00,2025-02-12,2025-02-12:1,False,-1,0,True,-0.01278772378516624,,,False,0,0,0,False,,465.0,15.0,,,,,
2025-02-12 13:20:00+00:00,2025-02-12,2025-02-12:1,False,-1,0,True,-0.12371134020618557,,,False,0,0,0,False,,460.0,20.0,,,,,
2025-02-12 13:25:00+00:00,2025-02-12,2025-02-12:1,False,-1,0,True,-0.3248407643312102,,,False,0,0,0,False,,455.0,25.0,,,,,
2025-02-12 13:30:00+00:00,2025-02-12,2025-02-12:1,False,-1,0,True,0.17557251908396945,,,False,0,0,0,False,,450.0,30.0,,,,,
2025-02-12 13:35:00+00:00,2025-02-12,2025-02-12:1,False,-1,0,True,0.5792880258899676,,,False,0,0,0,False,,445.0,35.0,,,,,
2025-02-12 13:40:00+00:00,2025-02-12,2025-02-12:1,False,-1,0,True,0.7647058823529411,,,False,0,0,0,False,,440.0,40.0,,,,,
2025-02-12 13:45:00+00:00,2025-02-12,2025-02-12:1,False,-1,0,True,0.8441558441558441,,,False,0,0,0,False,,435.0,45.0,,,,,
2025-02-12 13:50:00+00:00,2025-02-12,2025-02-12:1,False,-1,0,True,0.7346938775510204,,,False,0,0,0,False,,430.0,50.0,,,,,
2025-02-12 13:55:00+00:00,2025-02-12,2025-02-12:1,False,-1,0,True,0.6353887399463807,,,False,0,0,0,False,,425.0,55.0,,,,,
2025-02-12 14:00:00+00:00,2025-02-12,2025-02-12:1,False,-1,0,True,0.708029197080292,,,False,0,0,0,False,,420.0,60.0,,,,,
2025-02-12 14:05:00+00:00,2025-02-12,2025-02-12:1,True,1,5,True,0.755868544600939,0.351615447204528,0.7653293793824189,True,0,0,0,False,,415.0,65.0,0.0,1.0,0.0,0.0,0.0
2025-02-12 14:10:00+00:00,2025-02-12,2025-02-12:1,True,1,10,True,0.6404494382022472,0.20662359245349576,1.1312714330488567,True,0,0,0,False,,410.0,70.0,0.0,1.0,0.0,0.0,0.0
2025-02-12 14:15:00+00:00,2025-02-12,2025-02-12:1,True,2,5,True,0.5472779369627507,0.5472779369627507,-0.7372012924154038,True,0,0,0,False,,405.0,75.0,0.0,0.0,1.0,0.0,0.0
2025-02-12 14:20:00+00:00,2025-02-12,2025-02-12:1,True,2,10,True,0.5606936416184971,0.5606936416184971,0.0,True,0,0,0,False,,400.0,80.0,0.0,0.0,1.0,0.0,0.0
2025-02-12 14:25:00+00:00,2025-02-12,2025-02-12:1,True,2,15,True,0.5147540983606558,0.5147540983606558,0.0,True,0,0,0,False,,395.0,85.0,0.0,0.0,1.0,0.0,0.0
2025-02-12 14:30:00+00:00,2025-02-12,2025-02-12:1,True,0,5,True,0.7180851063829787,0.7180851063829787,0.0,True,0,0,0,False,,390.0,90.0,1.0,0.0,0.0,0.0,0.0
2025-02-12 14:35:00+00:00,2025-02-12,2025-02-12:1,True,0,10,True,0.28104575163398693,0.17834296830818094,0.4548089886184796,True,0,0,0,False,,385.0,95.0,1.0,0.0,0.0,0.0,0.0
2025-02-12 14:40:00+00:00,2025-02-12,2025-02-12:1,True,0,15,True,0.5846994535519126,0.22374020474829254,0.9606123820671897,True,0,0,0,False,,380.0,100.0,1.0,0.0,0.0,0.0,0.0
2025-02-12 14:45:00+00:00,2025-02-12,2025-02-12:1,True,1,5,True,0.3776435045317221,0.23779060104263677,0.46256018206328137,True,0,0,0,False,,375.0,105.0,0.0,1.0,0.0,0.0,0.0
2025-02-12 14:50:00+00:00,2025-02-12,2025-02-12:1,True,1,10,True,0.6935933147632312,0.25949866644643116,0.9831342233005814,True,0,0,0,False,,370.0,110.0,0.0,1.0,0.0,0.0,0.0
2025-02-12 14:55:00+00:00,2025-02-12,2025-02-12:1,True,2,5,True,0.375,0.375,0.0,True,0,0,0,False,,365.0,115.0,0.0,0.0,1.0,0.0,0.0
2025-02-12 15:00:00+00:00,2025-02-12,2025-02-12:1,True,2,10,True,0.3511705685618729,0.3511705685618729,-0.9882063165853354,True,0,0,0,False,,360.0,120.0,0.0,0.0,1.0,0.0,0.0
2025-02-12 15:05:00+00:00,2025-02-12,2025-02-12:1,True,1,5,True,-0.0297029702970297,0.0297029702970297,1.0109469389942738,True,0,0,0,True,0.4032278858691021,355.0,125.0,0.0,1.0,0.0,0.0,0.0
2025-02-12 15:10:00+00:00,2025-02-12,2025-02-12:1,True,1,10,True,-0.18120805369127516,0.18120805369127516,2.0686945397153487,True,0,0,0,True,0.3208449485205149,350.0,130.0,0.0,1.0,0.0,0.0,0.0
2025-02-12 15:15:00+00:00,2025-02-12,2025-02-12:1,True,2,5,True,0.09157509157509157,0.09157509157509157,0.0,True,0,0,0,True,-0.3116030717888896,345.0,135.0,0.0,0.0,1.0,0.0,0.0
2025-02-12 15:20:00+00:00,2025-02-12,2025-02-12:1,True,1,5,True,-0.05501618122977346,0.05501618122977346,0.40431749790619065,True,0,0,0,True,0.0,340.0,140.0,0.0,1.0,0.0,0.0,0.0
2025-02-12 15:25:00+00:00,2025-02-12,2025-02-12:1,True,2,5,True,-0.5275590551181102,0.3509136097790128,-0.40772074472833564,True,0,0,0,True,0.0,335.0,145.0,0.0,0.0,1.0,0.0,0.0
2025-02-12 15:30:00+00:00,2025-02-12,2025-02-12:1,True,2,10,True,0.0851581508515815,0.06958583993351895,0.2019490285645939,True,0,0,0,True,1.3547152675840033,330.0,150.0,0.0,0.0,1.0,0.0,0.0
2025-02-12 15:35:00+00:00,2025-02-12,2025-02-12:1,True,2,15,True,0.774468085106383,0.6375806024558888,0.19449574764952804,True,0,0,0,True,0.0,325.0,155.0,0.0,0.0,1.0,0.0,0.0
2025-02-12 15:40:00+00:00,2025-02-12,2025-02-12:1,True,0,5,True,0.6827956989247311,0.6827956989247311,-0.38571824665105997,True,0,0,0,True,-0.5732267387420956,320.0,160.0,1.0,0.0,0.0,0.0,0.0
2025-02-12 15:45:00+00:00,2025-02-12,2025-02-12:1,True,0,10,True,0.5420289855072464,0.1638300225457989,1.1964900363561661,True,0,0,0,True,1.2760394901934276,315.0,165.0,1.0,0.0,0.0,0.0,0.0
2025-02-12 15:50:00+00:00,2025-02-12,2025-02-12:1,True,0,15,True,0.6541353383458647,0.29887942908007475,0.7832740245741364,True,0,0,0,True,0.3741248006597546,310.0,170.0,1.0,0.0,0.0,0.0,0.0
2025-02-12 15:55:00+00:00,2025-02-12,2025-02-12:1,True,1,5,True,0.5677233429394812,0.2603331760360559,0.7796719708167666,True,0,0,0,True,0.43584988172376127,305.0,175.0,0.0,1.0,0.0,0.0,0.0
2025-02-12 16:00:00+00:00,2025-02-12,2025-02-12:1,True,2,5,True,0.4055727554179567,0.4055727554179567,-0.19379806306355513,True,0,0,0,True,0.32150025410129557,300.0,180.0,0.0,0.0,1.0,0.0,0.0
2025-02-12 16:05:00+00:00,2025-02-12,2025-02-12:1,True,0,5,True,0.24607329842931938,0.24607329842931938,-0.3875961261282118,True,0,0,0,True,0.0,295.0,185.0,1.0,0.0,0.0,0.0,0.0
2025-02-12 16:10:00+00:00,2025-02-12,2025-02-12:1,True,1,5,True,0.3532934131736527,0.1344191032289704,0.96633635536226,True,0,0,0,True,0.0,290.0,190.0,0.0,1.0,0.0,0.0,0.0
2025-02-12 16:15:00+00:00,2025-02-12,2025-02-12:1,True,0,5,True,-0.13372093023255813,0.07921646642016798,-0.5235708315420508,True,0,0,0,True,-0.46552733483668285,285.0,195.0,1.0,0.0,0.0,0.0,0.0
2025-02-12 16:20:00+00:00,2025-02-12,2025-02-12:1,True,0,10,True,-0.08013937282229965,0.08013937282229965,0.0,True,0,0,0,True,0.0,280.0,200.0,1.0,0.0,0.0,0.0,0.0
2025-02-12 16:25:00+00:00,2025-02-12,2025-02-12:1,True,3,5,True,-0.32344213649851633,0.04127675204869954,-2.058720793771929,True,0,0,0,True,-1.1508599103932253,275.0,205.0,0.0,0.0,0.0,1.0,0.0
2025-02-12 16:30:00+00:00,2025-02-12,2025-02-12:1,True,3,10,True,-0.366120218579235,0.28568262581772924,-0.2480802508227023,True,0,0,0,True,0.48002069932701413,270.0,210.0,0.0,0.0,0.0,1.0,0.0
2025-02-12 16:35:00+00:00,2025-02-12,2025-02-12:1,True,0,5,True,-0.16040955631399317,0.16040955631399317,0.0,True,0,0,0,True,-0.6205518618341295,265.0,215.0,1.0,0.0,0.0,0.0,0.0
2025-02-12 16:40:00+00:00,2025-02-12,2025-02-12:1,True,3,5,True,-0.20125786163522014,0.11965676711454802,-0.519959609225725,True,0,0,0,True,-1.162665031782948,260.0,220.0,0.0,0.0,0.0,1.0,0.0
2025-02-12 16:45:00+00:00,2025-02-12,2025-02-12:1,True,3,10,True,-0.2689655172413793,0.16208217030562752,-0.5064797519446791,True,0,0,0,True,-1.1325231545755339,255.0,225.0,0.0,0.0,0.0,1.0,0.0
2025-02-12 16:50:00+00:00,2025-02-12,2025-02-12:1,True,4,5,True,-0.3813813813813814,0.3813813813813814,0.0,True,0,0,0,True,0.0,250.0,230.0,0.0,0.0,0.0,0.0,1.0
2025-02-12 16:55:00+00:00,2025-02-12,2025-02-12:1,True,3,5,True,-0.5902964959568733,0.12712584971327684,-1.5354474077679097,True,0,0,0,True,-1.7916907441022079,245.0,235.0,0.0,0.0,0.0,1.0,0.0
2025-02-12 17:00:00+00:00,2025-02-12,2025-02-12:1,True,4,5,True,-0.5197568389057751,0.5197568389057751,0.0,True,0,0,0,True,0.0,240.0,240.0,0.0,0.0,0.0,0.0,1.0
2025-02-12 17:05:00+00:00,2025-02-12,2025-02-12:1,True,0,5,True,-0.340153452685422,0.340153452685422,0.9569168824785355,True,0,0,0,True,0.0,235.0,245.0,1.0,0.0,0.0,0.0,0.0
2025-02-12 17:10:00+00:00,2025-02-12,2025-02-12:1,True,3,5,True,-0.4413793103448276,0.0637314260429085,-1.9352268345248302,True,0,0,0,True,-2.7410896508899776,230.0,250.0,0.0,0.0,0.0,1.0,0.0
2025-02-12 17:15:00+00:00,2025-02-12,2025-02-12:1,True,3,10,True,-0.5472779369627507,0.06577048511888811,-2.1187856015498903,True,0,0,0,True,-0.9475497269621291,225.0,255.0,0.0,0.0,0.0,1.0,0.0
2025-02-12 17:20:00+00:00,2025-02-12,2025-02-12:1,True,4,5,True,-0.35537190082644626,0.35537190082644626,0.0,True,0,0,0,True,0.0,220.0,260.0,0.0,0.0,0.0,0.0,1.0
2025-02-12 17:25:00+00:00,2025-02-12,2025-02-12:1,True,3,5,True,-0.5647921760391198,0.1576927042198215,-1.2758096042286515,True,0,0,0,True,-0.5124016430082403,215.0,265.0,0.0,0.0,0.0,1.0,0.0
2025-02-12 17:30:00+00:00,2025-02-12,2025-02-12:1,True,3,10,True,-0.6022727272727273,0.3979673470728053,-0.41434041866792726,True,0,0,0,True,-0.9264933419672082,210.0,270.0,0.0,0.0,0.0,1.0,0.0
2025-02-12 17:35:00+00:00,2025-02-12,2025-02-12:1,True,3,15,True,-0.7463126843657817,0.26378230620224047,-1.0400204950693896,True,0,0,0,True,-1.3953339149819417,205.0,275.0,0.0,0.0,0.0,1.0,0.0
2025-02-12 17:40:00+00:00,2025-02-12,2025-02-12:1,True,3,20,True,-0.7686375321336761,0.12154322533794185,-1.8443495451445286,True,0,0,0,True,-1.844756899976152,200.0,280.0,0.0,0.0,0.0,1.0,0.0
2025-02-12 17:45:00+00:00,2025-02-12,2025-02-12:1,True,3,25,True,-0.6484149855907781,0.2385318039790118,-1.0000282497848043,True,0,0,0,True,0.0,195.0,285.0,0.0,0.0,0.0,1.0,0.0
2025-02-12 17:50:00+00:00,2025-02-12,2025-02-12:1,True,3,30,True,-0.6220472440944882,0.3289361139248705,-0.6371524956802552,True,0,0,0,True,-0.48340910405669574,190.0,290.0,0.0,0.0,0.0,1.0,0.0
2025-02-12 17:55:00+00:00,2025-02-12,2025-02-12:1,True,4,5,True,-0.5766016713091922,0.5766016713091922,0.0,True,0,0,0,True,0.0,185.0,295.0,0.0,0.0,0.0,0.0,1.0
2025-02-12 18:00:00+00:00,2025-02-12,2025-02-12:1,True,4,10,True,-0.5990220048899756,0.5990220048899756,0.4350917292179425,True,1,0,0,True,-0.9728946829792509,180.0,300.0,0.0,0.0,0.0,0.0,1.0
2025-02-12 18:05:00+00:00,2025-02-12,2025-02-12:1,True,4,15,True,-0.26443768996960487,0.26443768996960487,0.4144912067175139,True,1,0,0,True,0.9268305142962787,175.0,305.0,0.0,0.0,0.0,0.0,1.0
2025-02-12 18:10:00+00:00,2025-02-12,2025-02-12:1,True,0,5,True,-0.49707602339181284,0.32983999199527236,-0.4101353148396664,True,1,0,0,True,0.0,170.0,310.0,1.0,0.0,0.0,0.0,0.0
2025-02-12 18:15:00+00:00,2025-02-12,2025-02-12:1,True,0,10,True,-0.27325581395348836,0.27325581395348836,0.45202765880925594,True,1,0,0,True,1.010764572807578,165.0,315.0,1.0,0.0,0.0,0.0,0.0
2025-02-12 18:20:00+00:00,2025-02-12,2025-02-12:1,True,0,15,True,-0.33146067415730335,0.33146067415730335,0.43590836543962924,True,1,0,0,True,0.0,160.0,320.0,1.0,0.0,0.0,0.0,0.0
2025-02-12 18:25:00+00:00,2025-02-12,2025-02-12:1,True,0,20,True,-0.30456852791878175,0.03749513864819178,-2.094684823941582,True,0,0,0,True,0.007151892999062064,155.0,325.0,1.0,0.0,0.0,0.0,0.0
2025-02-12 18:30:00+00:00,2025-02-12,2025-02-12:1,True,0,25,True,-0.45348837209302323,0.45348837209302323,0.8639686048302586,True,0,0,0,True,1.4440705322666125,150.0,330.0,1.0,0.0,0.0,0.0,0.0
2025-02-12 18:35:00+00:00,2025-02-12,2025-02-12:1,True,0,30,True,-0.3608815426997245,0.3608815426997245,0.4201887712575106,True,0,0,0,True,0.9395706559139035,145.0,335.0,1.0,0.0,0.0,0.0,0.0
2025-02-12 18:40:00+00:00,2025-02-12,2025-02-12:1,True,0,35,True,-0.20257234726688103,0.13165387066827308,-0.4309208064820978,True,0,0,0,True,0.5443089043079734,140.0,340.0,1.0,0.0,0.0,0.0,0.0
2025-02-12 18:45:00+00:00,2025-02-12,2025-02-12:1,True,0,40,True,-0.43944636678200694,0.43944636678200694,0.8890749462189541,True,0,0,0,True,-0.4156629074590056,135.0,345.0,1.0,0.0,0.0,0.0,0.0
2025-02-12 18:50:00+00:00,2025-02-12,2025-02-12:1,True,0,45,True,-0.05343511450381679,0.05343511450381679,0.0,True,0,0,0,True,0.9794639316963057,130.0,350.0,1.0,0.0,0.0,0.0,0.0
2025-02-12 18:55:00+00:00,2025-02-12,2025-02-12:1,True,1,5,True,-0.020134228187919462,0.020134228187919462,0.9244222126706922,True,0,0,0,True,0.0,125.0,355.0,0.0,1.0,0.0,0.0,0.0
2025-02-12 19:00:00+00:00,2025-02-12,2025-02-12:1,True,0,5,True,0.23773584905660378,0.23773584905660378,-1.4089168637545406,True,0,0,0,True,-1.0501446273326593,120.0,360.0,1.0,0.0,0.0,0.0,0.0
2025-02-12 19:05:00+00:00,2025-02-12,2025-02-12:1,True,0,10,True,-0.08949416342412451,0.08949416342412451,1.0023031299888503,True,0,0,0,True,1.8048869288038247,115.0,365.0,1.0,0.0,0.0,0.0,0.0
2025-02-12 19:10:00+00:00,2025-02-12,2025-02-12:1,True,1,5,True,0.2962962962962963,0.007428001231691031,3.686103145349881,True,0,0,0,True,0.9696914358908953,110.0,370.0,0.0,1.0,0.0,0.0,0.0
2025-02-12 19:15:00+00:00,2025-02-12,2025-02-12:1,True,1,10,True,-0.13297872340425532,0.13297872340425532,1.5851240634508335,True,0,0,0,True,-1.8710679349160422,105.0,375.0,0.0,1.0,0.0,0.0,0.0
2025-02-12 19:20:00+00:00,2025-02-12,2025-02-12:1,True,2,5,True,-0.006493506493506494,0.003955440705230423,-0.49571065166282813,True,0,0,0,True,0.49629690476530997,100.0,380.0,0.0,0.0,1.0,0.0,0.0
2025-02-12 19:25:00+00:00,2025-02-12,2025-02-12:1,True,1,5,True,-0.06501547987616099,0.06501547987616099,0.33326142733381947,True,0,0,0,True,0.7451952057970269,95.0,385.0,0.0,1.0,0.0,0.0,0.0
2025-02-12 19:30:00+00:00,2025-02-12,2025-02-12:1,True,2,5,True,0.059190031152647975,0.05012222097125648,0.1662886928987368,True,0,0,0,True,0.25351298824400675,90.0,390.0,0.0,0.0,1.0,0.0,0.0
2025-02-12 19:35:00+00:00,2025-02-12,2025-02-12:1,True,1,5,True,0.2,0.08568514725715815,0.8476378668493386,True,0,0,0,True,0.28404756211866394,85.0,395.0,0.0,1.0,0.0,0.0,0.0
2025-02-12 19:40:00+00:00,2025-02-12,2025-02-12:1,True,0,5,True,-0.0196078431372549,0.003190057031442003,-1.8158908514258858,True,0,0,0,True,-1.0334911317418969,80.0,400.0,1.0,0.0,0.0,0.0,0.0
2025-02-12 19:45:00+00:00,2025-02-12,2025-02-12:1,True,0,10,True,0.3522012578616352,0.2557857244690068,0.3198626873020702,True,0,0,0,True,-0.13708028099252387,75.0,405.0,1.0,0.0,0.0,0.0,0.0
2025-02-12 19:50:00+00:00,2025-02-12,2025-02-12:1,True,0,15,True,0.12112676056338029,0.12112676056338029,0.0,True,0,0,0,True,0.4129967408458502,70.0,410.0,1.0,0.0,0.0,0.0,0.0
2025-02-12 19:55:00+00:00,2025-02-12,2025-02-12:1,True,0,20,True,0.1037037037037037,0.1037037037037037,0.0,True,0,0,0,True,0.0,65.0,415.0,1.0,0.0,0.0,0.0,0.0
2025-02-12 20:00:00+00:00,2025-02-12,2025-02-12:1,True,0,25,True,-0.2585669781931464,0.18896305558420798,-0.3136032407958617,True,0,0,0,True,0.0,60.0,420.0,1.0,0.0,0.0,0.0,0.0
2025-02-12 20:05:00+00:00,2025-02-12,2025-02-12:1,True,0,30,True,0.22580645161290322,0.16515390348256426,0.3128004360120016,True,0,0,0,True,0.0,55.0,425.0,1.0,0.0,0.0,0.0,0.0
2025-02-12 20:10:00+00:00,2025-02-12,2025-02-12:1,True,0,35,True,0.35795454545454547,0.13328417976945345,0.9879224715934987,True,0,0,0,True,-0.7363539343268585,50.0,430.0,1.0,0.0,0.0,0.0,0.0
2025-02-12 20:15:00+00:00,2025-02-12,2025-02-12:1,True,1,5,True,0.4405594405594406,0.13663480373148795,1.1707336746938095,True,0,0,0,True,-0.4829222407848142,45.0,435.0,0.0,1.0,0.0,0.0,0.0
2025-02-12 20:20:00+00:00,2025-02-12,2025-02-12:1,True,1,10,True,0.5519125683060109,0.15852885932759497,1.2474529884621621,True,0,0,0,True,-1.4379083823677647,40.0,440.0,0.0,1.0,0.0,0.0,0.0
2025-02-12 20:25:00+00:00,2025-02-12,2025-02-12:1,True,1,15,True,0.7884130982367759,0.5101091687490916,0.4353974296527566,True,0,0,0,True,0.0,35.0,445.0,0.0,1.0,0.0,0.0,0.0
2025-02-12 20:30:00+00:00,2025-02-12,2025-02-12:1,True,1,20,True,0.6923076923076923,0.18992549562254374,1.2933986319011421,True,0,0,0,True,0.964042420977814,30.0,450.0,0.0,1.0,0.0,0.0,0.0
2025-02-12 20:35:00+00:00,2025-02-12,2025-02-12:1,True,1,25,True,0.8271604938271605,0.35653766310582097,0.8415588625659024,True,0,0,0,True,-0.9408914118810434,25.0,455.0,0.0,1.0,0.0,0.0,0.0
2025-02-12 20:40:00+00:00,2025-02-12,2025-02-12:1,True,2,5,True,0.6557377049180327,0.6557377049180327,-0.4337023960405011,True,0,0,0,True,-0.4938829901257747,20.0,460.0,0.0,0.0,1.0,0.0,0.0
2025-02-12 20:45:00+00:00,2025-02-12,2025-02-12:1,True,1,5,True,0.6144578313253012,0.3878455463684844,0.46013311990990835,True,0,0,0,True,0.0,15.0,465.0,0.0,1.0,0.0,0.0,0.0
2025-02-12 20:50:00+00:00,2025-02-12,2025-02-12:1,True,1,10,True,0.4166666666666667,0.10005357809285553,1.4265807181909453,True,0,0,0,True,0.5409553689754966,10.0,470.0,0.0,1.0,0.0,0.0,0.0
2025-02-12 20:55:00+00:00,2025-02-12,2025-02-12:1,True,1,15,True,0.541371158392435,0.32798029766852105,0.5011515649938919,True,0,0,0,True,-0.5493531566518624,5.0,475.0,0.0,1.0,0.0,0.0,0.0
2025-02-12 21:00:00+00:00,2025-02-12,2025-02-12:1,True,1,20,True,0.3614457831325301,0.12777136668458153,1.0398695838582042,True,0,0,0,True,0.6150014564480282,0.0,480.0,0.0,1.0,0.0,0.0,0.0
2025-02-13 13:00:00+00:00,2025-02-13,2025-02-13:1,False,-1,0,False,,,,False,0,0,0,False,,480.0,0.0,,,,,
2025-02-13 13:05:00+00:00,2025-02-13,2025-02-13:1,False,-1,0,True,0.16847826086956522,,,False,0,0,0,False,,475.0,5.0,,,,,
2025-02-13 13:10:00+00:00,2025-02-13,2025-02-13:1,False,-1,0,True,0.48264984227129337,,,False,0,0,0,False,,470.0,10.0,,,,,
2025-02-13 13:15:00+00:00,2025-02-13,2025-02-13:1,False,-1,0,True,0.304635761589404,,,False,0,0,0,False,,465.0,15.0,,,,,
2025-02-13 13:20:00+00:00,2025-02-13,2025-02-13:1,False,-1,0,True,0.05454545454545454,,,False,0,0,0,False,,460.0,20.0,,,,,
2025-02-13 13:25:00+00:00,2025-02-13,2025-02-13:1,False,-1,0,True,0.16049382716049382,,,False,0,0,0,False,,455.0,25.0,,,,,
2025-02-13 13:30:00+00:00,2025-02-13,2025-02-13:1,False,-1,0,True,0.3819951338199513,,,False,0,0,0,False,,450.0,30.0,,,,,
2025-02-13 13:35:00+00:00,2025-02-13,2025-02-13:1,False,-1,0,True,0.6765498652291105,,,False,0,0,0,False,,445.0,35.0,,,,,
2025-02-13 13:40:00+00:00,2025-02-13,2025-02-13:1,False,-1,0,True,0.6176470588235294,,,False,0,0,0,False,,440.0,40.0,,,,,
2025-02-13 13:45:00+00:00,2025-02-13,2025-02-13:1,False,-1,0,True,0.4819277108433735,,,False,0,0,0,False,,435.0,45.0,,,,,
2025-02-13 13:50:00+00:00,2025-02-13,2025-02-13:1,False,-1,0,True,0.3314917127071823,,,False,0,0,0,False,,430.0,50.0,,,,,
2025-02-13 13:55:00+00:00,2025-02-13,2025-02-13:1,False,-1,0,True,0.35081967213114756,,,False,0,0,0,False,,425.0,55.0,,,,,
2025-02-13 14:00:00+00:00,2025-02-13,2025-02-13:1,False,-1,0,True,0.5894988066825776,,,False,0,0,0,False,,420.0,60.0,,,,,
2025-02-13 14:05:00+00:00,2025-02-13,2025-02-13:1,True,1,5,True,0.48363636363636364,0.11421257972061516,1.4432718632102837,True,0,0,0,False,,415.0,65.0,0.0,1.0,0.0,0.0,0.0
2025-02-13 14:10:00+00:00,2025-02-13,2025-02-13:1,True,1,10,True,0.2692307692307692,0.10021947924826857,0.9882063165838146,True,0,0,0,False,,410.0,70.0,0.0,1.0,0.0,0.0,0.0
2025-02-13 14:15:00+00:00,2025-02-13,2025-02-13:1,True,1,15,True,0.5977961432506887,0.3633458264778223,0.49789472749246405,True,0,0,0,False,,405.0,75.0,0.0,1.0,0.0,0.0,0.0
2025-02-13 14:20:00+00:00,2025-02-13,2025-02-13:1,True,0,5,True,0.37735849056603776,0.37735849056603776,0.0,True,0,0,0,False,,400.0,80.0,1.0,0.0,0.0,0.0,0.0
2025-02-13 14:25:00+00:00,2025-02-13,2025-02-13:1,True,2,5,True,0.5864197530864198,0.5864197530864198,0.0,True,0,0,0,False,,395.0,85.0,0.0,0.0,1.0,0.0,0.0
2025-02-13 14:30:00+00:00,2025-02-13,2025-02-13:1,True,1,5,True,0.815668202764977,0.17306132277547903,1.5503616594159977,True,0,0,0,False,,390.0,90.0,0.0,1.0,0.0,0.0,0.0
2025-02-13 14:35:00+00:00,2025-02-13,2025-02-13:1,True,2,5,True,0.5276073619631901,0.5276073619631901,0.0,True,0,0,0,False,,385.0,95.0,0.0,0.0,1.0,0.0,0.0
2025-02-13 14:40:00+00:00,2025-02-13,2025-02-13:1,True,1,5,True,0.16374269005847952,0.08891669883845757,0.6105962693214145,True,0,0,0,False,,380.0,100.0,0.0,1.0,0.0,0.0,0.0
2025-02-13 14:45:00+00:00,2025-02-13,2025-02-13:1,True,1,10,True,0.5135135135135135,0.1452568802892072,1.2627725822937954,True,0,0,0,False,,375.0,105.0,0.0,1.0,0.0,0.0,0.0
2025-02-13 14:50:00+00:00,2025-02-13,2025-02-13:1,True,1,15,True,0.47023809523809523,0.24663113189047733,0.6453453247968888,True,0,0,0,False,,370.0,110.0,0.0,1.0,0.0,0.0,0.0
2025-02-13 14:55:00+00:00,2025-02-13,2025-02-13:1,True,1,20,True,0.4857142857142857,0.24155423020364386,0.6985265579565012,True,0,0,0,False,,365.0,115.0,0.0,1.0,0.0,0.0,0.0
2025-02-13 15:00:00+00:00,2025-02-13,2025-02-13:1,True,1,25,True,0.5272727272727272,0.24797046766580577,0.7544082666547,True,0,0,0,False,,360.0,120.0,0.0,1.0,0.0,0.0,0.0
2025-02-13 15:05:00+00:00,2025-02-13,2025-02-13:1,True,2,5,True,0.5539568345323741,0.5539568345323741,0.0,True,0,0,0,True,0.0,355.0,125.0,0.0,0.0,1.0,0.0,0.0
2025-02-13 15:10:00+00:00,2025-02-13,2025-02-13:1,True,1,5,True,0.5525423728813559,0.039739158100030376,2.6321930717528788,True,0,0,0,True,-1.4714406595837635,350.0,130.0,0.0,1.0,0.0,0.0,0.0
2025-02-13 15:15:00+00:00,2025-02-13,2025-02-13:1,True,0,5,True,0.23776223776223776,0.23776223776223776,-3.252322581342953,True,0,0,0,True,-2.141727799020479,345.0,135.0,1.0,0.0,0.0,0.0,0.0
2025-02-13 15:20:00+00:00,2025-02-13,2025-02-13:1,True,0,10,True,0.43609022556390975,0.33703389048221244,0.2576656707816676,True,0,0,0,True,0.0,340.0,140.0,1.0,0.0,0.0,0.0,0.0
2025-02-13 15:25:00+00:00,2025-02-13,2025-02-13:1,True,0,15,True,0.1540785498489426,0.054585586440994996,1.037692673025769,True,0,0,0,True,0.0,335.0,145.0,1.0,0.0,0.0,0.0,0.0
2025-02-13 15:30:00+00:00,2025-02-13,2025-02-13:1,True,0,20,True,0.49081364829396323,0.49081364829396323,-0.5244599842307315,True,0,0,0,True,1.1727281762150503,330.0,150.0,1.0,0.0,0.0,0.0,0.0
2025-02-13 15:35:00+00:00,2025-02-13,2025-02-13:1,True,1,5,True,0.9234972677595629,0.015942197624476198,4.059198308667939,True,0,0,0,True,3.494351409120394,325.0,155.0,0.0,1.0,0.0,0.0,0.0
2025-02-13 15:40:00+00:00,2025-02-13,2025-02-13:1,True,1,10,True,0.9280205655526992,0.6014895115351128,0.4336447956157249,True,0,0,0,True,0.0,320.0,160.0,0.0,1.0,0.0,0.0,0.0
2025-02-13 15:45:00+00:00,2025-02-13,2025-02-13:1,True,1,15,True,0.9183673469387755,0.3844121034139646,0.8708823075326296,True,0,0,0,True,0.0,315.0,165.0,0.0,1.0,0.0,0.0,0.0
2025-02-13 15:50:00+00:00,2025-02-13,2025-02-13:1,True,1,20,True,0.861878453038674,0.24166698211945725,1.2715535834582432,True,0,0,0,True,-0.333660098966876,310.0,170.0,0.0,1.0,0.0,0.0,0.0
2025-02-13 15:55:00+00:00,2025-02-13,2025-02-13:1,True,2,5,True,0.8728323699421965,0.8728323699421965,0.0,True,0,0,0,True,-0.32748630219616,305.0,175.0,0.0,0.0,1.0,0.0,0.0
2025-02-13 16:00:00+00:00,2025-02-13,2025-02-13:1,True,1,5,True,0.7439613526570048,0.09894750855810715,2.017399595195103,True,0,0,0,True,0.306392620066852,300.0,180.0,0.0,1.0,0.0,0.0,0.0
2025-02-13 16:05:00+00:00,2025-02-13,2025-02-13:1,True,2,5,True,0.8176943699731903,0.8176943699731903,-0.5743535175646193,True,0,0,0,True,-0.6860252153536277,295.0,185.0,0.0,0.0,1.0,0.0,0.0
2025-02-13 16:10:00+00:00,2025-02-13,2025-02-13:1,True,1,5,True,0.7908163265306123,0.2520838503865236,1.1433039648759349,True,0,0,0,True,-0.6139786404474444,290.0,190.0,0.0,1.0,0.0,0.0,0.0
2025-02-13 16:15:00+00:00,2025-02-13,2025-02-13:1,True,1,10,True,0.6989247311827957,0.051161888928935965,2.614548157706892,True,0,0,0,True,1.032253380686326,285.0,195.0,0.0,1.0,0.0,0.0,0.0
2025-02-13 16:20:00+00:00,2025-02-13,2025-02-13:1,True,2,5,True,0.8839779005524862,0.8839779005524862,-0.9238982427538954,True,0,0,0,True,1.0982885916454181,280.0,200.0,0.0,0.0,1.0,0.0,0.0
2025-02-13 16:25:00+00:00,2025-02-13,2025-02-13:1,True,2,10,True,0.7528089887640449,0.7528089887640449,-0.3604692208604244,True,0,0,0,True,0.9620508189735919,275.0,205.0,0.0,0.0,1.0,0.0,0.0
2025-02-13 16:30:00+00:00,2025-02-13,2025-02-13:1,True,1,5,True,0.6106194690265486,0.0697193680740158,2.1699958080254484,True,0,0,0,True,1.4682116326401442,270.0,210.0,0.0,1.0,0.0,0.0,0.0
2025-02-13 16:35:00+00:00,2025-02-13,2025-02-13:1,True,2,5,True,0.8539823008849557,0.6056393196755732,0.34362584179008104,True,0,0,0,True,-3.316324479069076,265.0,215.0,0.0,0.0,1.0,0.0,0.0
2025-02-13 16:40:00+00:00,2025-02-13,2025-02-13:1,True,1,5,True,0.673469387755102,0.3593108711139522,0.6282545923056445,True,0,0,0,True,-0.7024099877849206,260.0,220.0,0.0,1.0,0.0,0.0,0.0
2025-02-13 16:45:00+00:00,2025-02-13,2025-02-13:1,True,0,5,True,0.5125448028673835,0.5125448028673835,0.0,True,0,0,0,True,-0.21980563040110337,255.0,225.0,1.0,0.0,0.0,0.0,0.0
2025-02-13 16:50:00+00:00,2025-02-13,2025-02-13:1,True,1,5,True,0.7178217821782178,0.5295999190347079,0.30409947225880307,True,0,0,0,True,0.6799870918924953,250.0,230.0,0.0,1.0,0.0,0.0,0.0
2025-02-13 16:55:00+00:00,2025-02-13,2025-02-13:1,True,1,10,True,0.453125,0.13253633654614042,1.2293111796949736,True,0,0,0,True,0.6872058408255817,245.0,235.0,0.0,1.0,0.0,0.0,0.0
2025-02-13 17:00:00+00:00,2025-02-13,2025-02-13:1,True,2,5,True,0.43769968051118213,0.43769968051118213,0.0,True,0,0,0,True,0.0,240.0,240.0,0.0,0.0,1.0,0.0,0.0
2025-02-13 17:05:00+00:00,2025-02-13,2025-02-13:1,True,0,5,True,0.3592814371257485,0.3592814371257485,-0.6346555401733206,True,0,0,0,True,0.0,235.0,245.0,1.0,0.0,0.0,0.0,0.0
2025-02-13 17:10:00+00:00,2025-02-13,2025-02-13:1,True,0,10,True,0.10034602076124567,0.10034602076124567,0.0,True,0,0,0,True,0.0,230.0,250.0,1.0,0.0,0.0,0.0,0.0
2025-02-13 17:15:00+00:00,2025-02-13,2025-02-13:1,True,0,15,True,0.185378590078329,0.185378590078329,-0.3480436055162441,True,0,0,0,True,-0.7782491610684427,225.0,255.0,1.0,0.0,0.0,0.0,0.0
2025-02-13 17:20:00+00:00,2025-02-13,2025-02-13:1,True,0,20,True,0.3374233128834356,0.23256020335202762,0.37218913275088394,True,0,0,0,True,0.0,220.0,260.0,1.0,0.0,0.0,0.0,0.0
2025-02-13 17:25:00+00:00,2025-02-13,2025-02-13:1,True,0,25,True,0.016181229773462782,0.016181229773462782,-0.38039965644739754,True,0,0,0,True,0.535096775805205,215.0,265.0,1.0,0.0,0.0,0.0,0.0
2025-02-13 17:30:00+00:00,2025-02-13,2025-02-13:1,True,0,30,True,-0.10875331564986737,0.10875331564986737,0.7827019591270551,True,0,0,0,True,0.8750873933651787,210.0,270.0,1.0,0.0,0.0,0.0,0.0
2025-02-13 17:35:00+00:00,2025-02-13,2025-02-13:1,True,0,35,True,-0.34124629080118696,0.14457902951803497,-0.8587782018653493,True,0,0,0,True,-0.9601432184829788,205.0,275.0,1.0,0.0,0.0,0.0,0.0
2025-02-13 17:40:00+00:00,2025-02-13,2025-02-13:1,True,0,40,True,-0.32116788321167883,0.32116788321167883,0.581888283242473,True,0,0,0,True,-0.5532426417428968,200.0,280.0,1.0,0.0,0.0,0.0,0.0
2025-02-13 17:45:00+00:00,2025-02-13,2025-02-13:1,True,0,45,True,-0.3191489361702128,0.3191489361702128,0.0,True,0,0,0,True,0.7882335247454502,195.0,285.0,1.0,0.0,0.0,0.0,0.0
2025-02-13 17:50:00+00:00,2025-02-13,2025-02-13:1,True,0,50,True,0.08496732026143791,0.04316819893909683,0.6771626265511331,True,0,0,0,True,0.8354447829836965,190.0,290.0,1.0,0.0,0.0,0.0,0.0
2025-02-13 17:55:00+00:00,2025-02-13,2025-02-13:1,True,1,5,True,-0.09352517985611511,0.09352517985611511,1.4330603874125327,True,0,0,0,True,0.7326167588727847,185.0,295.0,0.0,1.0,0.0,0.0,0.0
2025-02-13 18:00:00+00:00,2025-02-13,2025-02-13:1,True,1,10,True,0.5823095823095823,0.06276199625545467,2.2276524995487335,True,0,0,0,True,1.8679434072130305,180.0,300.0,0.0,1.0,0.0,0.0,0.0
2025-02-13 18:05:00+00:00,2025-02-13,2025-02-13:1,True,2,5,True,0.9759036144578314,0.9759036144578314,0.0,True,0,0,0,True,0.5397218514325165,175.0,305.0,0.0,0.0,1.0,0.0,0.0
2025-02-13 18:10:00+00:00,2025-02-13,2025-02-13:1,True,1,5,True,0.9495412844036697,0.026251364040983303,3.588261058304808,True,0,0,0,True,0.8444882121179959,170.0,310.0,0.0,1.0,0.0,0.0,0.0
2025-02-13 18:15:00+00:00,2025-02-13,2025-02-13:1,True,1,10,True,0.9074074074074074,0.0461776413702595,2.9780958026085433,True,0,0,0,True,2.095882125624583,165.0,315.0,0.0,1.0,0.0,0.0,0.0
2025-02-13 18:20:00+00:00,2025-02-13,2025-02-13:1,True,1,15,True,0.8722358722358723,0.18697812324329613,1.5400682610077656,True,0,0,0,True,2.708423097239553,160.0,320.0,0.0,1.0,0.0,0.0,0.0
2025-02-13 18:25:00+00:00,2025-02-13,2025-02-13:1,True,2,5,True,0.6539589442815249,0.6539589442815249,-2.298771914192775,True,0,0,0,True,-3.252011454426418,155.0,325.0,0.0,0.0,1.0,0.0,0.0
2025-02-13 18:30:00+00:00,2025-02-13,2025-02-13:1,True,2,10,True,0.8278481012658228,0.8278481012658228,-0.7891175489566264,True,0,0,0,True,-3.8019293383669055,150.0,330.0,0.0,0.0,1.0,0.0,0.0
2025-02-13 18:35:00+00:00,2025-02-13,2025-02-13:1,True,2,15,True,0.7395833333333334,0.7395833333333334,-0.22990547973109826,True,0,0,0,True,1.2653069086958355,145.0,335.0,0.0,0.0,1.0,0.0,0.0
2025-02-13 18:40:00+00:00,2025-02-13,2025-02-13:1,True,0,5,True,0.7654723127035831,0.7654723127035831,0.0,True,0,0,0,True,-0.1758551267840157,140.0,340.0,1.0,0.0,0.0,0.0,0.0
2025-02-13 18:45:00+00:00,2025-02-13,2025-02-13:1,True,0,10,True,0.8878923766816144,0.5641169532979561,0.4535889442119696,True,0,0,0,True,-0.2850870544780171,135.0,345.0,1.0,0.0,0.0,0.0,0.0
2025-02-13 18:50:00+00:00,2025-02-13,2025-02-13:1,True,0,15,True,0.8656716417910447,0.12986061618349046,1.8970439780855217,True,0,0,0,True,0.9980986567777215,130.0,350.0,1.0,0.0,0.0,0.0,0.0
2025-02-13 18:55:00+00:00,2025-02-13,2025-02-13:1,True,1,5,True,0.8894472361809045,0.3687265359617017,0.880544912492301,True,0,0,0,True,0.13329644420346679,125.0,355.0,0.0,1.0,0.0,0.0,0.0
2025-02-13 19:00:00+00:00,2025-02-13,2025-02-13:1,True,2,5,True,0.8594594594594595,0.8594594594594595,-0.6759779305083528,True,0,0,0,True,-0.6546189363927081,120.0,360.0,0.0,0.0,1.0,0.0,0.0
2025-02-13 19:05:00+00:00,2025-02-13,2025-02-13:1,True,2,10,True,0.4986225895316804,0.44653241083767703,0.11033748963877713,True,0,0,0,True,-0.27647923548846715,115.0,365.0,0.0,0.0,1.0,0.0,0.0
2025-02-13 19:10:00+00:00,2025-02-13,2025-02-13:1,True,0,5,True,0.7404129793510325,0.7404129793510325,-1.1436512361922566,True,0,0,0,True,-0.7865185020510113,110.0,370.0,1.0,0.0,0.0,0.0,0.0
2025-02-13 19:15:00+00:00,2025-02-13,2025-02-13:1,True,0,10,True,0.7402597402597403,0.46545463885884525,0.4639864790545403,True,0,0,0,True,-0.51875265390263,105.0,375.0,1.0,0.0,0.0,0.0,0.0
2025-02-13 19:20:00+00:00,2025-02-13,2025-02-13:1,True,0,15,True,0.8629441624365483,0.10246388992058615,2.130839544243562,True,0,0,0,True,1.259973992708373,100.0,380.0,1.0,0.0,0.0,0.0,0.0
2025-02-13 19:25:00+00:00,2025-02-13,2025-02-13:1,True,0,20,True,0.7915632754342432,0.7915632754342432,-0.12089673204145743,True,0,0,0,True,-0.2718820733367184,95.0,385.0,1.0,0.0,0.0,0.0,0.0
2025-02-13 19:30:00+00:00,2025-02-13,2025-02-13:1,True,0,25,True,0.5117647058823529,0.5117647058823529,-1.002625505108343,True,0,0,0,True,-0.5697898050453912,90.0,390.0,1.0,0.0,0.0,0.0,0.0
2025-02-13 19:35:00+00:00,2025-02-13,2025-02-13:1,True,1,5,True,0.5856777493606138,0.15994029601478646,1.2979691268625193,True,0,0,0,True,0.32248302226208986,85.0,395.0,0.0,1.0,0.0,0.0,0.0
2025-02-13 19:40:00+00:00,2025-02-13,2025-02-13:1,True,2,5,True,0.225,0.225,-0.4362858260614727,True,0,0,0,True,-0.6503765097960177,80.0,400.0,0.0,0.0,1.0,0.0,0.0
2025-02-13 19:45:00+00:00,2025-02-13,2025-02-13:1,True,2,10,True,-0.10071942446043165,0.10071942446043165,0.0,True,0,0,0,True,0.9479437893348741,75.0,405.0,0.0,0.0,1.0,0.0,0.0
2025-02-13 19:50:00+00:00,2025-02-13,2025-02-13:1,True,3,5,True,-0.3539325842696629,0.08523657285525382,-1.4236758544870622,True,0,0,0,True,0.31050047304639905,70.0,410.0,0.0,0.0,0.0,1.0,0.0
2025-02-13 19:55:00+00:00,2025-02-13,2025-02-13:1,True,0,5,True,-0.45555555555555555,0.45555555555555555,0.1462876363285184,True,0,0,0,True,-0.3243077706443621,65.0,415.0,1.0,0.0,0.0,0.0,0.0
2025-02-13 20:00:00+00:00,2025-02-13,2025-02-13:1,True,0,10,True,-0.37293729372937295,0.21482847214048562,-0.551570386470163,True,0,0,0,True,-0.6151785523301084,60.0,420.0,1.0,0.0,0.0,0.0,0.0
2025-02-13 20:05:00+00:00,2025-02-13,2025-02-13:1,True,3,5,True,-0.592391304347826,0.19926503301462012,-1.0895316407749158,True,0,0,0,True,-0.3175754899977727,55.0,425.0,0.0,0.0,0.0,1.0,0.0
2025-02-13 20:10:00+00:00,2025-02-13,2025-02-13:1,True,3,10,True,-0.520891364902507,0.11706907930384934,-1.492777325380406,True,0,0,0,True,-0.6069002863321722,50.0,430.0,0.0,0.0,0.0,1.0,0.0
2025-02-13 20:15:00+00:00,2025-02-13,2025-02-13:1,True,3,15,True,-0.24203821656050956,0.107025645929574,-0.816027146032547,True,0,0,0,True,-0.29804241566734807,45.0,435.0,0.0,0.0,0.0,1.0,0.0
2025-02-13 20:20:00+00:00,2025-02-13,2025-02-13:1,True,4,5,True,-0.2564102564102564,0.2564102564102564,0.6033811209488528,True,0,0,0,True,0.67460060138987,40.0,440.0,0.0,0.0,0.0,0.0,1.0
2025-02-13 20:25:00+00:00,2025-02-13,2025-02-13:1,True,3,5,True,-0.014925373134328358,0.0028652389620312936,-1.6504109055619012,True,0,0,0,True,-0.3331545932769199,35.0,445.0,0.0,0.0,0.0,1.0,0.0
2025-02-13 20:30:00+00:00,2025-02-13,2025-02-13:1,True,4,5,True,0.21951219512195122,0.11862064894331488,0.6154772124435645,True,0,0,0,True,-0.3802495440253567,30.0,450.0,0.0,0.0,0.0,0.0,1.0
2025-02-13 20:35:00+00:00,2025-02-13,2025-02-13:1,True,4,10,True,-0.05501618122977346,0.05501618122977346,0.32279729570829746,True,0,0,0,True,0.0,25.0,455.0,0.0,0.0,0.0,0.0,1.0
2025-02-13 20:40:00+00:00,2025-02-13,2025-02-13:1,True,0,5,True,-0.2441860465116279,0.2441860465116279,0.3232734157300686,True,0,0,0,True,-0.827963267235624,20.0,460.0,1.0,0.0,0.0,0.0,0.0
2025-02-13 20:45:00+00:00,2025-02-13,2025-02-13:1,True,0,10,True,-0.023121387283236993,0.01662730619038086,-0.3297117504644157,True,0,0,0,True,0.0,15.0,465.0,1.0,0.0,0.0,0.0,0.0
2025-02-13 20:50:00+00:00,2025-02-13,2025-02-13:1,True,0,15,True,-0.041666666666666664,0.02114896895549264,-0.6781102934794669,True,0,0,0,True,0.30011223853218266,10.0,470.0,1.0,0.0,0.0,0.0,0.0
2025-02-13 20:55:00+00:00,2025-02-13,2025-02-13:1,True,0,20,True,0.04878048780487805,0.04141944685645437,0.16357989146326604,True,0,0,0,True,0.33361346846109846,5.0,475.0,1.0,0.0,0.0,0.0,0.0
2025-02-13 21:00:00+00:00,2025-02-13,2025-02-13:1,True,0,25,True,-0.24,0.24,0.5212633613406454,True,0,0,0,True,-0.7770535400940214,0.0,480.0,1.0,0.0,0.0,0.0,0.0
2025-02-14 13:00:00+00:00,2025-02-14,2025-02-14:1,False,-1,0,False,,,,False,0,0,0,False,,480.0,0.0,,,,,
2025-02-14 13:05:00+00:00,2025-02-14,2025-02-14:1,False,-1,0,True,0.06432748538011696,,,False,0,0,0,False,,475.0,5.0,,,,,
2025-02-14 13:10:00+00:00,2025-02-14,2025-02-14:1,False,-1,0,True,0.11475409836065574,,,False,0,0,0,False,,470.0,10.0,,,,,
2025-02-14 13:15:00+00:00,2025-02-14,2025-02-14:1,False,-1,0,True,0.10465116279069768,,,False,0,0,0,False,,465.0,15.0,,,,,
2025-02-14 13:20:00+00:00,2025-02-14,2025-02-14:1,False,-1,0,True,-0.49854227405247814,,,False,0,0,0,False,,460.0,20.0,,,,,
2025-02-14 13:25:00+00:00,2025-02-14,2025-02-14:1,False,-1,0,True,-0.7158176943699732,,,False,0,0,0,False,,455.0,25.0,,,,,
2025-02-14 13:30:00+00:00,2025-02-14,2025-02-14:1,False,-1,0,True,-0.6756756756756757,,,False,0,0,0,False,,450.0,30.0,,,,,
2025-02-14 13:35:00+00:00,2025-02-14,2025-02-14:1,False,-1,0,True,-0.528023598820059,,,False,0,0,0,False,,445.0,35.0,,,,,
2025-02-14 13:40:00+00:00,2025-02-14,2025-02-14:1,False,-1,0,True,-0.3939393939393939,,,False,0,0,0,False,,440.0,40.0,,,,,
2025-02-14 13:45:00+00:00,2025-02-14,2025-02-14:1,False,-1,0,True,-0.34328358208955223,,,False,0,0,0,False,,435.0,45.0,,,,,
2025-02-14 13:50:00+00:00,2025-02-14,2025-02-14:1,False,-1,0,True,-0.5165394402035624,,,False,0,0,0,False,,430.0,50.0,,,,,
2025-02-14 13:55:00+00:00,2025-02-14,2025-02-14:1,False,-1,0,True,-0.4904109589041096,,,False,0,0,0,False,,425.0,55.0,,,,,
2025-02-14 14:00:00+00:00,2025-02-14,2025-02-14:1,False,-1,0,True,-0.2838709677419355,,,False,0,0,0,False,,420.0,60.0,,,,,
2025-02-14 14:05:00+00:00,2025-02-14,2025-02-14:1,True,4,5,True,-0.43386243386243384,0.43386243386243384,0.0,True,0,0,0,False,,415.0,65.0,0.0,0.0,0.0,0.0,1.0
2025-02-14 14:10:00+00:00,2025-02-14,2025-02-14:1,True,3,5,True,-0.4943820224719101,0.339989709066925,-0.3743931934663405,True,0,0,0,False,,410.0,70.0,0.0,0.0,0.0,1.0,0.0
2025-02-14 14:15:00+00:00,2025-02-14,2025-02-14:1,True,3,10,True,-0.2448377581120944,0.16725243028043793,-0.38109154967077735,True,0,0,0,False,,405.0,75.0,0.0,0.0,0.0,1.0,0.0
2025-02-14 14:20:00+00:00,2025-02-14,2025-02-14:1,True,3,15,True,-0.4263157894736842,0.09226638364201176,-1.530500493887135,True,0,0,0,False,,400.0,80.0,0.0,0.0,0.0,1.0,0.0
2025-02-14 14:25:00+00:00,2025-02-14,2025-02-14:1,True,3,20,True,-0.6428571428571429,0.14185802000269834,-1.5110958284303526,True,0,0,0,False,,395.0,85.0,0.0,0.0,0.0,1.0,0.0
2025-02-14 14:30:00+00:00,2025-02-14,2025-02-14:1,True,4,5,True,-0.4868804664723032,0.4868804664723032,0.0,True,0,0,0,False,,390.0,90.0,0.0,0.0,0.0,0.0,1.0
2025-02-14 14:35:00+00:00,2025-02-14,2025-02-14:1,True,4,10,True,-0.5789473684210527,0.5789473684210527,0.0,True,0,0,0,False,,385.0,95.0,0.0,0.0,0.0,0.0,1.0
2025-02-14 14:40:00+00:00,2025-02-14,2025-02-14:1,True,4,15,True,-0.5451895043731778,0.4496168574885382,-0.19273765638019202,True,0,0,0,False,,380.0,100.0,0.0,0.0,0.0,0.0,1.0
2025-02-14 14:45:00+00:00,2025-02-14,2025-02-14:1,True,4,20,True,-0.5588972431077694,0.5588972431077694,0.6406724758672645,True,1,0,0,False,,375.0,105.0,0.0,0.0,0.0,0.0,1.0
2025-02-14 14:50:00+00:00,2025-02-14,2025-02-14:1,True,0,5,True,-0.3333333333333333,0.3333333333333333,0.0,True,1,0,0,False,,370.0,110.0,1.0,0.0,0.0,0.0,0.0
2025-02-14 14:55:00+00:00,2025-02-14,2025-02-14:1,True,1,5,True,-0.10416666666666667,0.10416666666666667,1.5478554046128772,True,1,0,0,False,,365.0,115.0,0.0,1.0,0.0,0.0,0.0
2025-02-14 15:00:00+00:00,2025-02-14,2025-02-14:1,True,0,5,True,-0.24752475247524752,0.07574902504703862,-1.1840850133685845,True,0,1,1,False,,360.0,120.0,1.0,0.0,0.0,0.0,0.0
2025-02-14 15:05:00+00:00,2025-02-14,2025-02-14:1,True,0,10,True,-0.17525773195876287,0.12494344617596674,-0.33839644020253595,True,0,0,1,True,1.0690523372893206,355.0,125.0,1.0,0.0,0.0,0.0,0.0
2025-02-14 15:10:00+00:00,2025-02-14,2025-02-14:1,True,1,5,True,-0.54,0.54,2.5315001098669883,True,0,0,1,True,-0.5680913947450258,350.0,130.0,0.0,1.0,0.0,0.0,0.0
2025-02-14 15:15:00+00:00,2025-02-14,2025-02-14:1,True,1,10,True,-0.4508670520231214,0.4508670520231214,0.5496840152343943,True,0,0,1,True,0.20372789690754958,345.0,135.0,0.0,1.0,0.0,0.0,0.0
2025-02-14 15:20:00+00:00,2025-02-14,2025-02-14:1,True,2,5,True,-0.3801916932907348,0.19409141936122168,-0.672346299665243,True,0,0,1,True,0.3006824060940436,340.0,140.0,0.0,0.0,1.0,0.0,0.0
2025-02-14 15:25:00+00:00,2025-02-14,2025-02-14:1,True,0,5,True,-0.21921921921921922,0.1676678248550651,-0.26808744105802795,True,0,0,1,True,0.6282186964587493,335.0,145.0,1.0,0.0,0.0,0.0,0.0
2025-02-14 15:30:00+00:00,2025-02-14,2025-02-14:1,True,1,5,True,-0.4147465437788018,0.4147465437788018,0.2729950838189431,True,0,0,1,True,-0.3115930326612298,330.0,150.0,0.0,1.0,0.0,0.0,0.0
2025-02-14 15:35:00+00:00,2025-02-14,2025-02-14:1,True,2,5,True,-0.22535211267605634,0.22535211267605634,0.13921494125475228,True,0,0,1,True,-0.9205817792442069,325.0,155.0,0.0,0.0,1.0,0.0,0.0
2025-02-14 15:40:00+00:00,2025-02-14,2025-02-14:1,True,0,5,True,-0.14201183431952663,0.10686362689571108,-0.2843568878234544,True,0,0,1,True,0.29749181276107944,320.0,160.0,1.0,0.0,0.0,0.0,0.0
2025-02-14 15:45:00+00:00,2025-02-14,2025-02-14:1,True,3,5,True,-0.34459459459459457,0.03598313211172283,-2.2593183617433823,True,0,0,1,True,-0.5226038767908134,315.0,165.0,0.0,0.0,0.0,1.0,0.0
2025-02-14 15:50:00+00:00,2025-02-14,2025-02-14:1,True,4,5,True,-0.036303630363036306,0.036303630363036306,0.0,True,0,0,1,True,-0.5497118746940325,310.0,170.0,0.0,0.0,0.0,0.0,1.0
2025-02-14 15:55:00+00:00,2025-02-14,2025-02-14:1,True,0,5,True,-0.524390243902439,0.524390243902439,0.7328390241052222,True,0,0,1,True,-0.2733734252758102,305.0,175.0,1.0,0.0,0.0,0.0,0.0
2025-02-14 16:00:00+00:00,2025-02-14,2025-02-14:1,True,3,5,True,-0.4360655737704918,0.09975464961541748,-1.4750789632269543,True,0,0,1,True,0.0,300.0,180.0,0.0,0.0,0.0,1.0,0.0
2025-02-14 16:05:00+00:00,2025-02-14,2025-02-14:1,True,3,10,True,-0.463768115942029,0.12560890511128275,-1.3062115250962945,True,0,0,1,True,-0.004153716849660553,295.0,185.0,0.0,0.0,0.0,1.0,0.0
2025-02-14 16:10:00+00:00,2025-02-14,2025-02-14:1,True,4,5,True,-0.4626865671641791,0.3474744079239727,-0.28635884804543843,True,0,0,1,True,1.2370301524654272,290.0,190.0,0.0,0.0,0.0,0.0,1.0
2025-02-14 16:15:00+00:00,2025-02-14,2025-02-14:1,True,3,5,True,-0.24630541871921183,0.18586105451022003,-0.28157292957510055,True,0,0,1,True,0.6425036418526103,285.0,195.0,0.0,0.0,0.0,1.0,0.0
2025-02-14 16:20:00+00:00,2025-02-14,2025-02-14:1,True,4,5,True,-0.4971751412429379,0.43000898599419474,-0.14513625475634137,True,0,0,1,True,-0.3262970020234701,280.0,200.0,0.0,0.0,0.0,0.0,1.0
2025-02-14 16:25:00+00:00,2025-02-14,2025-02-14:1,True,4,10,True,-0.5989445910290238,0.5989445910290238,0.5876425282487778,True,1,0,1,True,0.3265331291470233,275.0,205.0,0.0,0.0,0.0,0.0,1.0
2025-02-14 16:30:00+00:00,2025-02-14,2025-02-14:1,True,3,5,True,-0.6767676767676768,0.028992791083440942,-3.150280832483619,True,0,1,2,True,-0.9262022454496085,270.0,210.0,0.0,0.0,0.0,1.0,0.0
2025-02-14 16:35:00+00:00,2025-02-14,2025-02-14:1,True,4,5,True,-0.6779220779220779,0.6779220779220779,0.8192116438520872,True,1,0,2,True,0.2728413894175043,265.0,215.0,0.0,0.0,0.0,0.0,1.0
2025-02-14 16:40:00+00:00,2025-02-14,2025-02-14:1,True,4,10,True,-0.6043956043956044,0.5288675329318532,-0.1334909675341234,True,1,0,2,True,0.0,260.0,220.0,0.0,0.0,0.0,0.0,1.0
2025-02-14 16:45:00+00:00,2025-02-14,2025-02-14:1,True,3,5,True,-0.6549865229110512,0.19246567715157925,-1.2246968223961139,True,0,1,3,True,-0.24126341710785945,255.0,225.0,0.0,0.0,0.0,1.0,0.0
2025-02-14 16:50:00+00:00,2025-02-14,2025-02-14:1,True,3,10,True,-0.8,0.26280042192116165,-1.1132168355748884,True,0,0,3,True,0.0,250.0,230.0,0.0,0.0,0.0,1.0,0.0
2025-02-14 16:55:00+00:00,2025-02-14,2025-02-14:1,True,4,5,True,-0.7135416666666666,0.6196531044931998,-0.14108102020878283,True,0,0,3,True,-0.144590951370964,245.0,235.0,0.0,0.0,0.0,0.0,1.0
2025-02-14 17:00:00+00:00,2025-02-14,2025-02-14:1,True,4,10,True,-0.6275862068965518,0.5445334565518143,-0.1419516580534321,True,0,0,3,True,-0.34392719608370725,240.0,240.0,0.0,0.0,0.0,0.0,1.0
2025-02-14 17:05:00+00:00,2025-02-14,2025-02-14:1,True,3,5,True,-0.6569920844327177,0.3279841011602901,-0.6947068352273699,True,0,0,3,True,0.0,235.0,245.0,0.0,0.0,0.0,1.0,0.0
2025-02-14 17:10:00+00:00,2025-02-14,2025-02-14:1,True,3,10,True,-0.524390243902439,0.21751618628768332,-0.8799628799382306,True,0,0,3,True,0.32794280287034966,230.0,250.0,0.0,0.0,0.0,1.0,0.0
2025-02-14 17:15:00+00:00,2025-02-14,2025-02-14:1,True,4,5,True,-0.6842105263157895,0.6842105263157895,0.3061051625936986,True,1,0,3,True,-0.03555360596556913,225.0,255.0,0.0,0.0,0.0,0.0,1.0
2025-02-14 17:20:00+00:00,2025-02-14,2025-02-14:1,True,0,5,True,-0.7064676616915423,0.7064676616915423,1.0589160540576168,True,1,0,3,True,-0.06189070895590984,220.0,260.0,1.0,0.0,0.0,0.0,0.0
2025-02-14 17:25:00+00:00,2025-02-14,2025-02-14:1,True,0,10,True,-0.7582417582417582,0.7582417582417582,0.0,True,1,0,3,True,-0.3020694506175137,215.0,265.0,1.0,0.0,0.0,0.0,0.0
2025-02-14 17:30:00+00:00,2025-02-14,2025-02-14:1,True,0,15,True,-0.6910112359550562,0.6910112359550562,0.0,True,1,0,3,True,0.0,210.0,270.0,1.0,0.0,0.0,0.0,0.0
2025-02-14 17:35:00+00:00,2025-02-14,2025-02-14:1,True,0,20,True,-0.5441595441595442,0.20013404438929647,-1.0002551195668072,True,0,1,4,True,0.0,205.0,275.0,1.0,0.0,0.0,0.0,0.0
2025-02-14 17:40:00+00:00,2025-02-14,2025-02-14:1,True,0,25,True,-0.6502732240437158,0.5463231005352861,-0.1741820593056499,True,0,0,4,True,-0.4664679540201635,200.0,280.0,1.0,0.0,0.0,0.0,0.0
2025-02-14 17:45:00+00:00,2025-02-14,2025-02-14:1,True,0,30,True,-0.5163043478260869,0.22189453333363846,-0.8444942190590299,True,0,0,4,True,0.0,195.0,285.0,1.0,0.0,0.0,0.0,0.0
2025-02-14 17:50:00+00:00,2025-02-14,2025-02-14:1,True,4,5,True,-0.37572254335260113,0.37572254335260113,0.4378664553261257,True,1,0,4,True,0.0,190.0,290.0,0.0,0.0,0.0,0.0,1.0
2025-02-14 17:55:00+00:00,2025-02-14,2025-02-14:1,True,4,10,True,-0.13738019169329074,0.13738019169329074,0.0,True,1,0,4,True,0.0,185.0,295.0,0.0,0.0,0.0,0.0,1.0
2025-02-14 18:00:00+00:00,2025-02-14,2025-02-14:1,True,4,15,True,-0.6136363636363636,0.6136363636363636,0.0,True,1,0,4,True,-0.4849302696786263,180.0,300.0,0.0,0.0,0.0,0.0,1.0
2025-02-14 18:05:00+00:00,2025-02-14,2025-02-14:1,True,3,5,True,-0.4405144694533762,0.060288891282111914,-1.9887954300464947,True,0,1,5,True,-3.071698105599154,175.0,305.0,0.0,0.0,0.0,1.0,0.0
2025-02-14 18:10:00+00:00,2025-02-14,2025-02-14:1,True,3,10,True,-0.38699690402476783,0.2935741329837671,-0.2762865031190355,True,0,0,5,True,0.14455120035892105,170.0,310.0,0.0,0.0,0.0,1.0,0.0
2025-02-14 18:15:00+00:00,2025-02-14,2025-02-14:1,True,0,5,True,-0.4711864406779661,0.4711864406779661,1.0612048254129591,True,0,0,5,True,1.6639103399403723,165.0,315.0,1.0,0.0,0.0,0.0,0.0
2025-02-14 18:20:00+00:00,2025-02-14,2025-02-14:1,True,0,10,True,-0.013888888888888888,0.008277127011766867,-0.5175932310353527,True,0,0,5,True,0.0,160.0,320.0,1.0,0.0,0.0,0.0,0.0
2025-02-14 18:25:00+00:00,2025-02-14,2025-02-14:1,True,0,15,True,0.1712707182320442,0.1712707182320442,0.0,True,0,0,5,True,0.9247454262544358,155.0,325.0,1.0,0.0,0.0,0.0,0.0
2025-02-14 18:30:00+00:00,2025-02-14,2025-02-14:1,True,0,20,True,0.42780748663101603,0.42780748663101603,0.0,True,0,0,5,True,-0.7097476740480483,150.0,330.0,1.0,0.0,0.0,0.0,0.0
2025-02-14 18:35:00+00:00,2025-02-14,2025-02-14:1,True,1,5,True,0.08609271523178808,0.01025671945291771,2.1274917524453385,True,0,0,5,True,1.189304045008638,145.0,335.0,0.0,1.0,0.0,0.0,0.0
2025-02-14 18:40:00+00:00,2025-02-14,2025-02-14:1,True,2,5,True,0.26515151515151514,0.26515151515151514,-0.5209302643921289,True,0,0,5,True,0.0,140.0,340.0,0.0,0.0,1.0,0.0,0.0
2025-02-14 18:45:00+00:00,2025-02-14,2025-02-14:1,True,0,5,True,0.23588039867109634,0.23588039867109634,-1.0082217648238614,True,0,0,5,True,1.1272262012688783,135.0,345.0,1.0,0.0,0.0,0.0,0.0
2025-02-14 18:50:00+00:00,2025-02-14,2025-02-14:1,True,0,10,True,0.41333333333333333,0.21281137536201092,0.6638481582436384,True,0,0,5,True,-0.483631549748061,130.0,350.0,1.0,0.0,0.0,0.0,0.0
2025-02-14 18:55:00+00:00,2025-02-14,2025-02-14:1,True,0,15,True,0.039711191335740074,0.039711191335740074,0.0,True,0,0,5,True,0.0,125.0,355.0,1.0,0.0,0.0,0.0,0.0
2025-02-14 19:00:00+00:00,2025-02-14,2025-02-14:1,True,0,20,True,0.30434782608695654,0.30434782608695654,-0.6332311487497321,True,0,0,5,True,-0.9819515575011983,120.0,360.0,1.0,0.0,0.0,0.0,0.0
2025-02-14 19:05:00+00:00,2025-02-14,2025-02-14:1,True,0,25,True,0.18155619596541786,0.18155619596541786,-0.20624706416800562,True,0,0,5,True,0.9223649112814649,115.0,365.0,1.0,0.0,0.0,0.0,0.0
2025-02-14 19:10:00+00:00,2025-02-14,2025-02-14:1,True,0,30,True,0.07272727272727272,0.07272727272727272,-0.383468555869676,True,0,0,5,True,-0.4700737005294152,110.0,370.0,1.0,0.0,0.0,0.0,0.0
2025-02-14 19:15:00+00:00,2025-02-14,2025-02-14:1,True,0,35,True,0.1465798045602606,0.1465798045602606,-0.5508959778008563,True,0,0,5,True,-0.42062774925266594,105.0,375.0,1.0,0.0,0.0,0.0,0.0
2025-02-14 19:20:00+00:00,2025-02-14,2025-02-14:1,True,3,5,True,-0.4613466334164589,0.15507790141035208,-1.0902220963463631,True,0,0,5,True,-0.7874294081532682,100.0,380.0,0.0,0.0,0.0,1.0,0.0
2025-02-14 19:25:00+00:00,2025-02-14,2025-02-14:1,True,3,10,True,-0.33903133903133903,0.11650767871580912,-1.0681353660704442,True,0,0,5,True,-0.7961410959009578,95.0,385.0,0.0,0.0,0.0,1.0,0.0
2025-02-14 19:30:00+00:00,2025-02-14,2025-02-14:1,True,0,5,True,-0.26421404682274247,0.26421404682274247,1.4417115211062257,True,0,0,5,True,1.962910997304543,90.0,390.0,1.0,0.0,0.0,0.0,0.0
2025-02-14 19:35:00+00:00,2025-02-14,2025-02-14:1,True,0,10,True,-0.6450704225352113,0.6450704225352113,0.0,True,0,0,5,True,-0.15867158638306167,85.0,395.0,1.0,0.0,0.0,0.0,0.0
2025-02-14 19:40:00+00:00,2025-02-14,2025-02-14:1,True,0,15,True,-0.52,0.24495258583892363,-0.7527641469476155,True,0,0,5,True,-0.3366463607214327,80.0,400.0,1.0,0.0,0.0,0.0,0.0
2025-02-14 19:45:00+00:00,2025-02-14,2025-02-14:1,True,3,5,True,-0.42528735632183906,0.17357930279152337,-0.8961305014043531,True,0,0,5,True,0.0,75.0,405.0,0.0,0.0,0.0,1.0,0.0
2025-02-14 19:50:00+00:00,2025-02-14,2025-02-14:1,True,3,10,True,-0.2507936507936508,0.1567649431938877,-0.46988298627377895,True,0,0,5,True,0.627561308077241,70.0,410.0,0.0,0.0,0.0,1.0,0.0
2025-02-14 19:55:00+00:00,2025-02-14,2025-02-14:1,True,0,5,True,-0.4136986301369863,0.30222748015719686,-0.3139577828331222,True,0,0,5,True,-0.27234137054390584,65.0,415.0,1.0,0.0,0.0,0.0,0.0
2025-02-14 20:00:00+00:00,2025-02-14,2025-02-14:1,True,4,5,True,-0.5300546448087432,0.5300546448087432,0.31140490907285123,True,1,0,5,True,0.07733360337751749,60.0,420.0,0.0,0.0,0.0,0.0,1.0
2025-02-14 20:05:00+00:00,2025-02-14,2025-02-14:1,True,3,5,True,-0.4935064935064935,0.194658565910671,-0.9302889370331667,True,0,1,6,True,0.0,55.0,425.0,0.0,0.0,0.0,1.0,0.0
2025-02-14 20:10:00+00:00,2025-02-14,2025-02-14:1,True,4,5,True,-0.5680473372781065,0.5680473372781065,0.167846289043852,True,1,0,6,True,-0.37531571207313125,50.0,430.0,0.0,0.0,0.0,0.0,1.0
2025-02-14 20:15:00+00:00,2025-02-14,2025-02-14:1,True,0,5,True,-0.3726541554959786,0.3726541554959786,1.0226598468527492,True,1,0,6,True,-0.4621677581429264,45.0,435.0,1.0,0.0,0.0,0.0,0.0
2025-02-14 20:20:00+00:00,2025-02-14,2025-02-14:1,True,0,10,True,-0.5269922879177378,0.5269922879177378,0.0,True,1,0,6,True,-0.31017980303533166,40.0,440.0,1.0,0.0,0.0,0.0,0.0
2025-02-14 20:25:00+00:00,2025-02-14,2025-02-14:1,True,0,15,True,-0.2413793103448276,0.14464045804784292,-0.512118534599051,True,1,0,6,True,-0.7634212372673707,35.0,445.0,1.0,0.0,0.0,0.0,0.0
2025-02-14 20:30:00+00:00,2025-02-14,2025-02-14:1,True,0,20,True,-0.33548387096774196,0.33548387096774196,0.336275151445057,True,1,0,6,True,1.5038681955525053,30.0,450.0,1.0,0.0,0.0,0.0,0.0
2025-02-14 20:35:00+00:00,2025-02-14,2025-02-14:1,True,0,25,True,-0.6675603217158177,0.43897081079868394,-0.41919683514643896,True,0,0,6,True,-0.389424284594331,25.0,455.0,1.0,0.0,0.0,0.0,0.0
2025-02-14 20:40:00+00:00,2025-02-14,2025-02-14:1,True,0,30,True,-0.580952380952381,0.580952380952381,0.0,True,0,0,6,True,0.0,20.0,460.0,1.0,0.0,0.0,0.0,0.0
2025-02-14 20:45:00+00:00,2025-02-14,2025-02-14:1,True,0,35,True,-0.1232876712328767,0.05075096665532444,-0.8875897500339124,True,0,0,6,True,0.0,15.0,465.0,1.0,0.0,0.0,0.0,0.0
2025-02-14 20:50:00+00:00,2025-02-14,2025-02-14:1,True,3,5,True,-0.42857142857142855,0.2709725975397914,-0.45843971891713947,True,0,0,6,True,-0.6346711822231984,10.0,470.0,0.0,0.0,0.0,1.0,0.0
2025-02-14 20:55:00+00:00,2025-02-14,2025-02-14:1,True,0,5,True,-0.35947712418300654,0.35947712418300654,0.9354969330474283,True,0,0,6,True,0.0,5.0,475.0,1.0,0.0,0.0,0.0,0.0
2025-02-14 21:00:00+00:00,2025-02-14,2025-02-14:1,True,0,10,True,-0.40175953079178883,0.40175953079178883,0.0,True,0,0,6,True,0.0,0.0,480.0,1.0,0.0,0.0,0.0,0.0
2025-02-17 13:00:00+00:00,2025-02-17,2025-02-17:1,False,-1,0,False,,,,False,0,0,0,False,,480.0,0.0,,,,,
2025-02-17 13:05:00+00:00,2025-02-17,2025-02-17:1,False,-1,0,True,0.23322683706070288,,,False,0,0,0,False,,475.0,5.0,,,,,
2025-02-17 13:10:00+00:00,2025-02-17,2025-02-17:1,False,-1,0,True,-0.13993174061433447,,,False,0,0,0,False,,470.0,10.0,,,,,
2025-02-17 13:15:00+00:00,2025-02-17,2025-02-17:1,False,-1,0,True,-0.36338028169014086,,,False,0,0,0,False,,465.0,15.0,,,,,
2025-02-17 13:20:00+00:00,2025-02-17,2025-02-17:1,False,-1,0,True,0.1875,,,False,0,0,0,False,,460.0,20.0,,,,,
2025-02-17 13:25:00+00:00,2025-02-17,2025-02-17:1,False,-1,0,True,-0.2912280701754386,,,False,0,0,0,False,,455.0,25.0,,,,,
2025-02-17 13:30:00+00:00,2025-02-17,2025-02-17:1,False,-1,0,True,-0.4372093023255814,,,False,0,0,0,False,,450.0,30.0,,,,,
2025-02-17 13:35:00+00:00,2025-02-17,2025-02-17:1,False,-1,0,True,-0.8837209302325582,,,False,0,0,0,False,,445.0,35.0,,,,,
2025-02-17 13:40:00+00:00,2025-02-17,2025-02-17:1,False,-1,0,True,-0.9055555555555556,,,False,0,0,0,False,,440.0,40.0,,,,,
2025-02-17 13:45:00+00:00,2025-02-17,2025-02-17:1,False,-1,0,True,-0.8817733990147784,,,False,0,0,0,False,,435.0,45.0,,,,,
2025-02-17 13:50:00+00:00,2025-02-17,2025-02-17:1,False,-1,0,True,-0.8771929824561403,,,False,0,0,0,False,,430.0,50.0,,,,,
2025-02-17 13:55:00+00:00,2025-02-17,2025-02-17:1,False,-1,0,True,-0.5936507936507937,,,False,0,0,0,False,,425.0,55.0,,,,,
2025-02-17 14:00:00+00:00,2025-02-17,2025-02-17:1,False,-1,0,True,-0.8108108108108109,,,False,0,0,0,False,,420.0,60.0,,,,,
2025-02-17 14:05:00+00:00,2025-02-17,2025-02-17:1,True,4,5,True,-0.8149100257069408,0.8149100257069408,0.3202621069906479,True,1,0,0,False,,415.0,65.0,0.0,0.0,0.0,0.0,1.0
2025-02-17 14:10:00+00:00,2025-02-17,2025-02-17:1,True,3,5,True,-0.8692493946731235,0.3905097123276812,-0.800177234021184,True,0,1,1,False,,410.0,70.0,0.0,0.0,0.0,1.0,0.0
2025-02-17 14:15:00+00:00,2025-02-17,2025-02-17:1,True,3,10,True,-0.8430379746835444,0.3632517763078722,-0.8419158115807046,True,0,0,1,False,,405.0,75.0,0.0,0.0,0.0,1.0,0.0
2025-02-17 14:20:00+00:00,2025-02-17,2025-02-17:1,True,3,15,True,-0.7441860465116279,0.27421578074204456,-0.9983757486757843,True,0,0,1,False,,400.0,80.0,0.0,0.0,0.0,1.0,0.0
2025-02-17 14:25:00+00:00,2025-02-17,2025-02-17:1,True,3,20,True,-0.834319526627219,0.3023021862545759,-1.0151893206085831,True,0,0,1,False,,395.0,85.0,0.0,0.0,0.0,1.0,0.0
2025-02-17 14:30:00+00:00,2025-02-17,2025-02-17:1,True,3,25,True,-0.9276018099547512,0.2829899720110602,-1.187191094177268,True,0,0,1,False,,390.0,90.0,0.0,0.0,0.0,1.0,0.0
2025-02-17 14:35:00+00:00,2025-02-17,2025-02-17:1,True,3,30,True,-0.8857142857142857,0.3725491659335231,-0.8660254037847646,True,0,0,1,False,,385.0,95.0,0.0,0.0,0.0,1.0,0.0
2025-02-17 14:40:00+00:00,2025-02-17,2025-02-17:1,True,4,5,True,-0.8866213151927438,0.5423625642751293,-0.49148324794316584,True,0,0,1,False,,380.0,100.0,0.0,0.0,0.0,0.0,1.0
2025-02-17 14:45:00+00:00,2025-02-17,2025-02-17:1,True,3,5,True,-0.8484848484848485,0.18258632559000704,-1.5362291495740121,True,0,0,1,False,,375.0,105.0,0.0,0.0,0.0,1.0,0.0
2025-02-17 14:50:00+00:00,2025-02-17,2025-02-17:1,True,3,10,True,-0.8839907192575406,0.1965647451747375,-1.5034546949829402,True,0,0,1,False,,370.0,110.0,0.0,0.0,0.0,1.0,0.0
2025-02-17 14:55:00+00:00,2025-02-17,2025-02-17:1,True,3,15,True,-0.8465753424657534,0.3019162636857183,-1.0310494959335124,True,0,0,1,False,,365.0,115.0,0.0,0.0,0.0,1.0,0.0
2025-02-17 15:00:00+00:00,2025-02-17,2025-02-17:1,True,4,5,True,-0.6013986013986014,0.6013986013986014,1.093387939270151,True,1,0,1,False,,360.0,120.0,0.0,0.0,0.0,0.0,1.0
2025-02-17 15:05:00+00:00,2025-02-17,2025-02-17:1,True,3,5,True,-0.01639344262295082,0.005453986093140018,-1.1005346802346612,True,0,1,2,True,-0.8202901188684532,355.0,125.0,0.0,0.0,0.0,1.0,0.0
2025-02-17 15:10:00+00:00,2025-02-17,2025-02-17:1,True,4,5,True,-0.12269938650306748,0.12269938650306748,0.36842393559535874,True,1,0,2,True,-0.47652810930211964,350.0,130.0,0.0,0.0,0.0,0.0,1.0
2025-02-17 15:15:00+00:00,2025-02-17,2025-02-17:1,True,0,5,True,-0.2549019607843137,0.17691975073854063,-0.365182759613835,True,1,0,2,True,-0.35914405619848894,345.0,135.0,1.0,0.0,0.0,0.0,0.0
2025-02-17 15:20:00+00:00,2025-02-17,2025-02-17:1,True,0,10,True,-0.2909090909090909,0.09663141232268319,-1.1021069483064698,True,0,1,3,True,0.8214620182952596,340.0,140.0,1.0,0.0,0.0,0.0,0.0
2025-02-17 15:25:00+00:00,2025-02-17,2025-02-17:1,True,0,15,True,-0.4743202416918429,0.4743202416918429,0.0,True,0,0,3,True,-0.34806581526358704,335.0,145.0,1.0,0.0,0.0,0.0,0.0
2025-02-17 15:30:00+00:00,2025-02-17,2025-02-17:1,True,0,20,True,-0.5863746958637469,0.5863746958637469,0.8689019599103974,True,0,0,3,True,-0.8437774547759146,330.0,150.0,1.0,0.0,0.0,0.0,0.0
2025-02-17 15:35:00+00:00,2025-02-17,2025-02-17:1,True,0,25,True,-0.7867435158501441,0.3959865077853556,-0.6865221547952972,True,0,0,3,True,-0.3843628637769379,325.0,155.0,1.0,0.0,0.0,0.0,0.0
2025-02-17 15:40:00+00:00,2025-02-17,2025-02-17:1,True,3,5,True,-0.7401129943502824,0.3184991679031059,-0.8431830071497722,True,0,0,3,True,-0.3462094253121205,320.0,160.0,0.0,0.0,0.0,1.0,0.0
2025-02-17 15:45:00+00:00,2025-02-17,2025-02-17:1,True,3,10,True,-0.5128939828080229,0.13649094590332392,-1.3238108805739865,True,0,0,3,True,-0.39437961617154876,315.0,165.0,0.0,0.0,0.0,1.0,0.0
2025-02-17 15:50:00+00:00,2025-02-17,2025-02-17:1,True,3,15,True,-0.7676537585421412,0.3966343606124741,-0.6603239459726901,True,0,0,3,True,0.3946194188846703,310.0,170.0,0.0,0.0,0.0,1.0,0.0
2025-02-17 15:55:00+00:00,2025-02-17,2025-02-17:1,True,3,20,True,-0.4730878186968839,0.33843790412573876,-0.3349404031783264,True,0,0,3,True,-0.7489495099179245,305.0,175.0,0.0,0.0,0.0,1.0,0.0
2025-02-17 16:00:00+00:00,2025-02-17,2025-02-17:1,True,4,5,True,-0.3025936599423631,0.3025936599423631,0.0,True,0,0,3,True,0.0,300.0,180.0,0.0,0.0,0.0,0.0,1.0
2025-02-17 16:05:00+00:00,2025-02-17,2025-02-17:1,True,3,5,True,-0.36186770428015563,0.15608125360779138,-0.8409019591290782,True,0,0,3,True,-0.46134146607419735,295.0,185.0,0.0,0.0,0.0,1.0,0.0
2025-02-17 16:10:00+00:00,2025-02-17,2025-02-17:1,True,4,5,True,0.023890784982935155,0.023890784982935155,0.0,True,0,0,3,True,0.936771531555626,290.0,190.0,0.0,0.0,0.0,0.0,1.0
2025-02-17 16:15:00+00:00,2025-02-17,2025-02-17:1,True,4,10,True,-0.06810035842293907,0.06810035842293907,0.0,True,0,0,3,True,-1.384540861269163,285.0,195.0,0.0,0.0,0.0,0.0,1.0
2025-02-17 16:20:00+00:00,2025-02-17,2025-02-17:1,True,0,5,True,-0.28150134048257375,0.28150134048257375,0.6364432987057372,True,0,0,3,True,0.45512701840146913,280.0,200.0,1.0,0.0,0.0,0.0,0.0
2025-02-17 16:25:00+00:00,2025-02-17,2025-02-17:1,True,0,10,True,-0.2835820895522388,0.14584564413948753,-0.6649528082344768,True,0,0,3,True,-0.495626560347224,275.0,205.0,1.0,0.0,0.0,0.0,0.0
2025-02-17 16:30:00+00:00,2025-02-17,2025-02-17:1,True,0,15,True,-0.04262295081967213,0.017188938866251818,-0.9081267720587975,True,0,0,3,True,-1.0153165972540212,270.0,210.0,1.0,0.0,0.0,0.0,0.0
2025-02-17 16:35:00+00:00,2025-02-17,2025-02-17:1,True,3,5,True,-0.33687002652519893,0.13139133190584792,-0.9415170413491308,True,0,0,3,True,0.0,265.0,215.0,0.0,0.0,0.0,1.0,0.0
2025-02-17 16:40:00+00:00,2025-02-17,2025-02-17:1,True,4,5,True,0.27225130890052357,0.27225130890052357,0.0,True,0,0,3,True,0.5381504329306223,260.0,220.0,0.0,0.0,0.0,0.0,1.0
2025-02-17 16:45:00+00:00,2025-02-17,2025-02-17:1,True,0,5,True,-0.012195121951219513,0.012195121951219513,1.5422384511124345,True,0,0,3,True,1.141979216087104,255.0,225.0,1.0,0.0,0.0,0.0,0.0
2025-02-17 16:50:00+00:00,2025-02-17,2025-02-17:1,True,0,10,True,-0.16883116883116883,0.16883116883116883,0.9918038551622124,True,0,0,3,True,0.5800342790557622,250.0,230.0,1.0,0.0,0.0,0.0,0.0
2025-02-17 16:55:00+00:00,2025-02-17,2025-02-17:1,True,0,15,True,-0.007462686567164179,0.007462686567164179,0.9717585973850246,True,0,0,3,True,0.5145268696002043,245.0,235.0,1.0,0.0,0.0,0.0,0.0
2025-02-17 17:00:00+00:00,2025-02-17,2025-02-17:1,True,1,5,True,0.25063291139240507,0.09086494159424782,1.0146151184576069,True,0,0,3,True,-0.5283412271528659,240.0,240.0,0.0,1.0,0.0,0.0,0.0
2025-02-17 17:05:00+00:00,2025-02-17,2025-02-17:1,True,1,10,True,0.18023255813953487,0.10498363467385789,0.5404435288927502,True,0,0,3,True,0.0,235.0,245.0,0.0,1.0,0.0,0.0,0.0
2025-02-17 17:10:00+00:00,2025-02-17,2025-02-17:1,True,1,15,True,0.4885245901639344,0.22068782652155164,0.7946406550674442,True,0,0,3,True,0.0,230.0,250.0,0.0,1.0,0.0,0.0,0.0
2025-02-17 17:15:00+00:00,2025-02-17,2025-02-17:1,True,2,5,True,0.5283018867924528,0.4064406368402784,0.26222999211474174,True,0,0,3,True,0.591899825824508,225.0,255.0,0.0,0.0,1.0,0.0,0.0
2025-02-17 17:20:00+00:00,2025-02-17,2025-02-17:1,True,1,5,True,0.26717557251908397,0.054005715697143554,1.598816130064044,True,0,0,3,True,-0.013025283861607317,220.0,260.0,0.0,1.0,0.0,0.0,0.0
2025-02-17 17:25:00+00:00,2025-02-17,2025-02-17:1,True,1,10,True,0.2826086956521739,0.1659629815653145,0.5322984790854041,True,0,0,3,True,-1.1902555835513307,215.0,265.0,0.0,1.0,0.0,0.0,0.0
2025-02-17 17:30:00+00:00,2025-02-17,2025-02-17:1,True,2,5,True,0.13836477987421383,0.13836477987421383,-0.5143675641333558,True,0,0,3,True,-0.6006574229930811,210.0,270.0,0.0,0.0,1.0,0.0,0.0
2025-02-17 17:35:00+00:00,2025-02-17,2025-02-17:1,True,1,5,True,-0.11235955056179775,0.11235955056179775,0.7978094071682791,True,0,0,3,True,0.0,205.0,275.0,0.0,1.0,0.0,0.0,0.0
2025-02-17 17:40:00+00:00,2025-02-17,2025-02-17:1,True,2,5,True,-0.3186119873817035,0.18718568345216255,-0.5318729381126175,True,0,0,3,True,-1.1893040450123513,200.0,280.0,0.0,0.0,1.0,0.0,0.0
2025-02-17 17:45:00+00:00,2025-02-17,2025-02-17:1,True,0,5,True,-0.44047619047619047,0.039205727649378276,-2.4190335431556216,True,0,0,3,True,-1.0818246884690135,195.0,285.0,1.0,0.0,0.0,0.0,0.0
2025-02-17 17:50:00+00:00,2025-02-17,2025-02-17:1,True,3,5,True,-0.30030959752321984,0.11130533756608488,-0.9925367205626465,True,0,0,3,True,-0.48507044404121274,190.0,290.0,0.0,0.0,0.0,1.0,0.0
2025-02-17 17:55:00+00:00,2025-02-17,2025-02-17:1,True,3,10,True,-0.6054054054054054,0.22163951084518588,-1.0048460881811416,True,0,0,3,True,0.6273855352136001,185.0,295.0,0.0,0.0,0.0,1.0,0.0
2025-02-17 18:00:00+00:00,2025-02-17,2025-02-17:1,True,4,5,True,0.45365853658536587,0.163800331129523,1.0186966000322997,True,1,0,3,True,0.5694687115292248,180.0,300.0,0.0,0.0,0.0,0.0,1.0
2025-02-17 18:05:00+00:00,2025-02-17,2025-02-17:1,True,0,5,True,0.9796334012219959,0.010299098251572244,4.555122078281416,True,1,0,3,True,1.282992497909038,175.0,305.0,1.0,0.0,0.0,0.0,0.0
2025-02-17 18:10:00+00:00,2025-02-17,2025-02-17:1,True,1,5,True,0.9326923076923077,0.5043609471006337,0.6147831817142654,True,1,0,3,True,-0.5796325508714703,170.0,310.0,0.0,1.0,0.0,0.0,0.0
2025-02-17 18:15:00+00:00,2025-02-17,2025-02-17:1,True,1,10,True,0.9074889867841409,0.17890174803679718,1.6238446687960042,True,0,0,3,True,1.5001587551515452,165.0,315.0,0.0,1.0,0.0,0.0,0.0
2025-02-17 18:20:00+00:00,2025-02-17,2025-02-17:1,True,2,5,True,0.8085642317380353,0.8085642317380353,0.0,True,0,0,3,True,0.33719608684824137,160.0,320.0,0.0,0.0,1.0,0.0,0.0
2025-02-17 18:25:00+00:00,2025-02-17,2025-02-17:1,True,1,5,True,0.7969543147208121,0.23876361544962862,1.2053233497963833,True,0,0,3,True,-0.8983949816725257,155.0,325.0,0.0,1.0,0.0,0.0,0.0
2025-02-17 18:30:00+00:00,2025-02-17,2025-02-17:1,True,1,10,True,0.7734939759036145,0.09882850880283628,2.057531768114366,True,0,0,3,True,0.3596685746019332,150.0,330.0,0.0,1.0,0.0,0.0,0.0
2025-02-17 18:35:00+00:00,2025-02-17,2025-02-17:1,True,2,5,True,0.6693766937669376,0.6693766937669376,0.0,True,0,0,3,True,0.9036902639723713,145.0,335.0,0.0,0.0,1.0,0.0,0.0
2025-02-17 18:40:00+00:00,2025-02-17,2025-02-17:1,True,1,5,True,0.41896024464831805,0.15443536662050378,0.9980003641292561,True,0,0,3,True,-0.0933514800756034,140.0,340.0,0.0,1.0,0.0,0.0,0.0
2025-02-17 18:45:00+00:00,2025-02-17,2025-02-17:1,True,2,5,True,0.5677233429394812,0.5677233429394812,0.0,True,0,0,3,True,-1.8148979101176563,135.0,345.0,0.0,0.0,1.0,0.0,0.0
2025-02-17 18:50:00+00:00,2025-02-17,2025-02-17:1,True,2,10,True,0.5808383233532934,0.5808383233532934,-0.17740423257451501,True,0,0,3,True,-0.7932745440612077,130.0,350.0,0.0,0.0,1.0,0.0,0.0
2025-02-17 18:55:00+00:00,2025-02-17,2025-02-17:1,True,2,15,True,0.4169278996865204,0.4169278996865204,0.0,True,0,0,3,True,1.5500309796216654,125.0,355.0,0.0,0.0,1.0,0.0,0.0
2025-02-17 19:00:00+00:00,2025-02-17,2025-02-17:1,True,0,5,True,0.2905027932960894,0.20467917511146758,0.35016943793148536,True,0,0,3,True,1.5660053337176147,120.0,360.0,1.0,0.0,0.0,0.0,0.0
2025-02-17 19:05:00+00:00,2025-02-17,2025-02-17:1,True,0,10,True,0.8043478260869565,0.5490262602512184,0.38188552189151237,True,0,0,3,True,0.3729083625713895,115.0,365.0,1.0,0.0,0.0,0.0,0.0
2025-02-17 19:10:00+00:00,2025-02-17,2025-02-17:1,True,0,15,True,0.5261845386533666,0.36022563178333633,0.37892139507662337,True,0,0,3,True,-0.3347539497227286,110.0,370.0,1.0,0.0,0.0,0.0,0.0
2025-02-17 19:15:00+00:00,2025-02-17,2025-02-17:1,True,0,20,True,0.4,0.18443144559764954,0.7741867212525337,True,0,0,3,True,0.1904139742945506,105.0,375.0,1.0,0.0,0.0,0.0,0.0
2025-02-17 19:20:00+00:00,2025-02-17,2025-02-17:1,True,1,5,True,0.5980629539951574,0.15509859215138116,1.3496350295459465,True,0,0,3,True,-0.38957533428615215,100.0,380.0,0.0,1.0,0.0,0.0,0.0
2025-02-17 19:25:00+00:00,2025-02-17,2025-02-17:1,True,1,10,True,0.7580645161290323,0.5427779850433089,0.33406812664575986,True,0,0,3,True,-0.7194586955944412,95.0,385.0,0.0,1.0,0.0,0.0,0.0
2025-02-17 19:30:00+00:00,2025-02-17,2025-02-17:1,True,1,15,True,0.5638297872340425,0.1235965951598653,1.5177294128703778,True,0,0,3,True,0.807912673811022,90.0,390.0,0.0,1.0,0.0,0.0,0.0
2025-02-17 19:35:00+00:00,2025-02-17,2025-02-17:1,True,2,5,True,0.40404040404040403,0.40404040404040403,-0.8070377806482492,True,0,0,3,True,-0.7218365351772508,85.0,395.0,0.0,0.0,1.0,0.0,0.0
2025-02-17 19:40:00+00:00,2025-02-17,2025-02-17:1,True,1,5,True,0.7457627118644068,0.13404167614575935,1.716256701386092,True,0,0,3,True,0.3488787864668085,80.0,400.0,0.0,1.0,0.0,0.0,0.0
2025-02-17 19:45:00+00:00,2025-02-17,2025-02-17:1,True,1,10,True,0.6996805111821086,0.34716468726892985,0.7008245478195562,True,0,0,3,True,0.03915176046254133,75.0,405.0,0.0,1.0,0.0,0.0,0.0
2025-02-17 19:50:00+00:00,2025-02-17,2025-02-17:1,True,2,5,True,0.5880597014925373,0.5880597014925373,0.0,True,0,0,3,True,-0.36909879402942186,70.0,410.0,0.0,0.0,1.0,0.0,0.0
2025-02-17 19:55:00+00:00,2025-02-17,2025-02-17:1,True,2,10,True,0.5388888888888889,0.5388888888888889,-1.0800210514626671,True,0,0,3,True,-1.1709973156435605,65.0,415.0,0.0,0.0,1.0,0.0,0.0
2025-02-17 20:00:00+00:00,2025-02-17,2025-02-17:1,True,0,5,True,0.5792682926829268,0.5792682926829268,-0.17463163948898863,True,0,0,3,True,-0.3094838946623925,60.0,420.0,1.0,0.0,0.0,0.0,0.0
2025-02-17 20:05:00+00:00,2025-02-17,2025-02-17:1,True,1,5,True,0.6085626911314985,0.2535984563287398,0.8753477972966145,True,0,0,3,True,1.1744023072259622,55.0,425.0,0.0,1.0,0.0,0.0,0.0
2025-02-17 20:10:00+00:00,2025-02-17,2025-02-17:1,True,0,5,True,0.44654088050314467,0.3167997517761545,0.3432610773981231,True,0,0,3,True,-0.1240352553411638,50.0,430.0,1.0,0.0,0.0,0.0,0.0
2025-02-17 20:15:00+00:00,2025-02-17,2025-02-17:1,True,0,10,True,0.6488888888888888,0.5483749101675498,0.1683023028154173,True,0,0,3,True,-0.47669954202600673,45.0,435.0,1.0,0.0,0.0,0.0,0.0
2025-02-17 20:20:00+00:00,2025-02-17,2025-02-17:1,True,0,15,True,0.15315315315315314,0.04000560756507375,1.3424187883108163,True,0,0,3,True,0.3683627534917728,40.0,440.0,1.0,0.0,0.0,0.0,0.0
2025-02-17 20:25:00+00:00,2025-02-17,2025-02-17:1,True,0,20,True,0.16216216216216217,0.16216216216216217,-1.3158584004389502,True,0,0,3,True,-0.5026804495983502,35.0,445.0,1.0,0.0,0.0,0.0,0.0
2025-02-17 20:30:00+00:00,2025-02-17,2025-02-17:1,True,0,25,True,0.425531914893617,0.35248973831664554,0.18831844015593652,True,0,0,3,True,0.7592152696224,30.0,450.0,1.0,0.0,0.0,0.0,0.0
2025-02-17 20:35:00+00:00,2025-02-17,2025-02-17:1,True,1,5,True,0.14942528735632185,0.03415732956080854,1.4758193263739015,True,0,0,3,True,-1.2375121261064626,25.0,455.0,0.0,1.0,0.0,0.0,0.0
2025-02-17 20:40:00+00:00,2025-02-17,2025-02-17:1,True,0,5,True,-0.030303030303030304,0.0054625545748444365,-1.7133311663256527,True,0,0,3,True,-1.8096337127515123,20.0,460.0,1.0,0.0,0.0,0.0,0.0
2025-02-17 20:45:00+00:00,2025-02-17,2025-02-17:1,True,0,10,True,0.2874251497005988,0.2874251497005988,-0.17220106922588985,True,0,0,3,True,0.0,15.0,465.0,1.0,0.0,0.0,0.0,0.0
2025-02-17 20:50:00+00:00,2025-02-17,2025-02-17:1,True,3,5,True,0.23780487804878048,0.23780487804878048,-0.5010725719588643,True,0,0,3,True,-0.33262894081198413,10.0,470.0,0.0,0.0,0.0,1.0,0.0
2025-02-17 20:55:00+00:00,2025-02-17,2025-02-17:1,True,0,5,True,0.009230769230769232,0.00474733005949453,0.6649600180452986,True,0,0,3,True,0.6374253003128516,5.0,475.0,1.0,0.0,0.0,0.0,0.0
2025-02-17 21:00:00+00:00,2025-02-17,2025-02-17:1,True,0,10,True,0.1488095238095238,0.1488095238095238,-0.3105553510609484,True,0,0,3,True,0.2589423373530211,0.0,480.0,1.0,0.0,0.0,0.0,0.0
2025-02-18 13:00:00+00:00,2025-02-18,2025-02-18:1,False,-1,0,False,,,,False,0,0,0,False,,480.0,0.0,,,,,
2025-02-18 13:05:00+00:00,2025-02-18,2025-02-18:1,False,-1,0,True,-0.22988505747126436,,,False,0,0,0,False,,475.0,5.0,,,,,
2025-02-18 13:10:00+00:00,2025-02-18,2025-02-18:1,False,-1,0,True,-0.13069908814589665,,,False,0,0,0,False,,470.0,10.0,,,,,
2025-02-18 13:15:00+00:00,2025-02-18,2025-02-18:1,False,-1,0,True,0.0759493670886076,,,False,0,0,0,False,,465.0,15.0,,,,,
2025-02-18 13:20:00+00:00,2025-02-18,2025-02-18:1,False,-1,0,True,-0.18012422360248448,,,False,0,0,0,False,,460.0,20.0,,,,,
2025-02-18 13:25:00+00:00,2025-02-18,2025-02-18:1,False,-1,0,True,-0.1484593837535014,,,False,0,0,0,False,,455.0,25.0,,,,,
2025-02-18 13:30:00+00:00,2025-02-18,2025-02-18:1,False,-1,0,True,-0.5435897435897435,,,False,0,0,0,False,,450.0,30.0,,,,,
2025-02-18 13:35:00+00:00,2025-02-18,2025-02-18:1,False,-1,0,True,-0.9405940594059405,,,False,0,0,0,False,,445.0,35.0,,,,,
2025-02-18 13:40:00+00:00,2025-02-18,2025-02-18:1,False,-1,0,True,-0.9014778325123153,,,False,0,0,0,False,,440.0,40.0,,,,,
2025-02-18 13:45:00+00:00,2025-02-18,2025-02-18:1,False,-1,0,True,-0.7995337995337995,,,False,0,0,0,False,,435.0,45.0,,,,,
2025-02-18 13:50:00+00:00,2025-02-18,2025-02-18:1,False,-1,0,True,-0.8529411764705882,,,False,0,0,0,False,,430.0,50.0,,,,,
2025-02-18 13:55:00+00:00,2025-02-18,2025-02-18:1,False,-1,0,True,-0.8319783197831978,,,False,0,0,0,False,,425.0,55.0,,,,,
2025-02-18 14:00:00+00:00,2025-02-18,2025-02-18:1,False,-1,0,True,-0.8703241895261845,,,False,0,0,0,False,,420.0,60.0,,,,,
2025-02-18 14:05:00+00:00,2025-02-18,2025-02-18:1,True,4,5,True,-0.8050139275766016,0.7188055285214402,-0.11326873240559597,True,0,0,0,False,,415.0,65.0,0.0,0.0,0.0,0.0,1.0
2025-02-18 14:10:00+00:00,2025-02-18,2025-02-18:1,True,3,5,True,-0.8902743142144638,0.3560937558641005,-0.9163355781072932,True,0,0,0,False,,410.0,70.0,0.0,0.0,0.0,1.0,0.0
2025-02-18 14:15:00+00:00,2025-02-18,2025-02-18:1,True,3,10,True,-0.9268817204301075,0.4497452964445902,-0.7231445488780144,True,0,0,0,False,,405.0,75.0,0.0,0.0,0.0,1.0,0.0
2025-02-18 14:20:00+00:00,2025-02-18,2025-02-18:1,True,3,15,True,-0.90633608815427,0.43608700860784466,-0.7315684110161103,True,0,0,0,False,,400.0,80.0,0.0,0.0,0.0,1.0,0.0
2025-02-18 14:25:00+00:00,2025-02-18,2025-02-18:1,True,3,20,True,-0.9347319347319347,0.5706452840545275,-0.4934919895597296,True,0,0,0,False,,395.0,85.0,0.0,0.0,0.0,1.0,0.0
2025-02-18 14:30:00+00:00,2025-02-18,2025-02-18:1,True,3,25,True,-0.8375870069605569,0.3931992226156731,-0.756208736011238,True,0,0,0,False,,390.0,90.0,0.0,0.0,0.0,1.0,0.0
2025-02-18 14:35:00+00:00,2025-02-18,2025-02-18:1,True,3,30,True,-0.8674351585014409,0.5141526491004103,-0.5230205597339941,True,0,0,0,False,,385.0,95.0,0.0,0.0,0.0,1.0,0.0
2025-02-18 14:40:00+00:00,2025-02-18,2025-02-18:1,True,3,35,True,-0.7938718662952646,0.34083082176469004,-0.8455358404463671,True,0,0,0,False,,380.0,100.0,0.0,0.0,0.0,1.0,0.0
2025-02-18 14:45:00+00:00,2025-02-18,2025-02-18:1,True,4,5,True,-0.7824773413897281,0.5405437175034546,-0.36988944804858914,True,0,0,0,False,,375.0,105.0,0.0,0.0,0.0,0.0,1.0
2025-02-18 14:50:00+00:00,2025-02-18,2025-02-18:1,True,3,5,True,-0.4759036144578313,0.32258918266966247,-0.3888357096758508,True,0,0,0,False,,370.0,110.0,0.0,0.0,0.0,1.0,0.0
2025-02-18 14:55:00+00:00,2025-02-18,2025-02-18:1,True,4,5,True,-0.6162162162162163,0.6162162162162163,0.448307203289265,True,1,0,0,False,,365.0,115.0,0.0,0.0,0.0,0.0,1.0
2025-02-18 15:00:00+00:00,2025-02-18,2025-02-18:1,True,4,10,True,-0.6296296296296297,0.6296296296296297,0.0,True,1,0,0,False,,360.0,120.0,0.0,0.0,0.0,0.0,1.0
2025-02-18 15:05:00+00:00,2025-02-18,2025-02-18:1,True,3,5,True,-0.6647058823529411,0.10876943700200405,-1.8101142755930033,True,0,1,1,True,-1.3491795224216365,355.0,125.0,0.0,0.0,0.0,1.0,0.0
2025-02-18 15:10:00+00:00,2025-02-18,2025-02-18:1,True,4,5,True,-0.6170212765957447,0.6170212765957447,0.0,True,0,0,1,True,0.0,350.0,130.0,0.0,0.0,0.0,0.0,1.0
2025-02-18 15:15:00+00:00,2025-02-18,2025-02-18:1,True,0,5,True,-0.6307692307692307,0.6307692307692307,0.6299690361806306,True,0,0,1,True,0.0,345.0,135.0,1.0,0.0,0.0,0.0,0.0
2025-02-18 15:20:00+00:00,2025-02-18,2025-02-18:1,True,0,10,True,-0.7894736842105263,0.4133547140768216,-0.6470604047195466,True,0,0,1,True,-1.446871050501432,340.0,140.0,1.0,0.0,0.0,0.0,0.0
2025-02-18 15:25:00+00:00,2025-02-18,2025-02-18:1,True,0,15,True,-0.83,0.83,0.6538625481576759,True,0,0,1,True,-0.8255185139991068,335.0,145.0,1.0,0.0,0.0,0.0,0.0
2025-02-18 15:30:00+00:00,2025-02-18,2025-02-18:1,True,3,5,True,-0.7660550458715596,0.094835453165777,-2.0891107107194204,True,0,0,1,True,-1.5571311872290323,330.0,150.0,0.0,0.0,0.0,1.0,0.0
2025-02-18 15:35:00+00:00,2025-02-18,2025-02-18:1,True,0,5,True,-0.30793650793650795,0.30793650793650795,0.0,True,0,0,1,True,-0.8277862693416899,325.0,155.0,1.0,0.0,0.0,0.0,0.0
2025-02-18 15:40:00+00:00,2025-02-18,2025-02-18:1,True,3,5,True,-0.562874251497006,0.1469980753216126,-1.3426367551926188,True,0,0,1,True,-0.7386793476047481,320.0,160.0,0.0,0.0,0.0,1.0,0.0
2025-02-18 15:45:00+00:00,2025-02-18,2025-02-18:1,True,3,10,True,-0.4049079754601227,0.20887884187283434,-0.6619054402880251,True,0,0,1,True,0.0,315.0,165.0,0.0,0.0,0.0,1.0,0.0
2025-02-18 15:50:00+00:00,2025-02-18,2025-02-18:1,True,3,15,True,-0.16715542521994134,0.08623004175969813,-0.661905440286344,True,0,0,1,True,0.8513732895278731,310.0,170.0,0.0,0.0,0.0,1.0,0.0
2025-02-18 15:55:00+00:00,2025-02-18,2025-02-18:1,True,3,20,True,-0.17647058823529413,0.05136173509903352,-1.2342607817020896,True,0,0,1,True,0.0,305.0,175.0,0.0,0.0,0.0,1.0,0.0
2025-02-18 16:00:00+00:00,2025-02-18,2025-02-18:1,True,3,25,True,-0.2126984126984127,0.060165715327830604,-1.262772582293458,True,0,0,1,True,-1.4118226670655596,300.0,180.0,0.0,0.0,0.0,1.0,0.0
2025-02-18 16:05:00+00:00,2025-02-18,2025-02-18:1,True,3,30,True,-0.6088154269972452,0.3238009111236391,-0.6313862911485234,True,0,0,1,True,0.0,295.0,185.0,0.0,0.0,0.0,1.0,0.0
2025-02-18 16:10:00+00:00,2025-02-18,2025-02-18:1,True,4,5,True,-0.4277456647398844,0.4277456647398844,0.0,True,0,0,1,True,0.0,290.0,190.0,0.0,0.0,0.0,0.0,1.0
2025-02-18 16:15:00+00:00,2025-02-18,2025-02-18:1,True,4,10,True,-0.6011080332409973,0.6011080332409973,0.6612919019757191,True,1,0,1,True,0.5868411489710754,285.0,195.0,0.0,0.0,0.0,0.0,1.0
2025-02-18 16:20:00+00:00,2025-02-18,2025-02-18:1,True,3,5,True,-0.5695364238410596,0.07909723628118485,-1.9741448038126979,True,0,1,2,True,0.92211488711222,280.0,200.0,0.0,0.0,0.0,1.0,0.0
2025-02-18 16:25:00+00:00,2025-02-18,2025-02-18:1,True,3,10,True,-0.7790368271954674,0.4057630831540865,-0.6522888694681861,True,0,0,2,True,0.9128668704033643,275.0,205.0,0.0,0.0,0.0,1.0,0.0
2025-02-18 16:30:00+00:00,2025-02-18,2025-02-18:1,True,0,5,True,-0.21362229102167182,0.21362229102167182,1.7587506598418376,True,0,0,2,True,-0.553812458877122,270.0,210.0,1.0,0.0,0.0,0.0,0.0
2025-02-18 16:35:00+00:00,2025-02-18,2025-02-18:1,True,0,10,True,-0.3115727002967359,0.09646037081735956,-1.1725004398934478,True,0,0,2,True,-0.7470076975753709,265.0,215.0,1.0,0.0,0.0,0.0,0.0
2025-02-18 16:40:00+00:00,2025-02-18,2025-02-18:1,True,0,15,True,-0.48951048951048953,0.26915258356619737,-0.5981274468279788,True,0,0,2,True,0.0,260.0,220.0,1.0,0.0,0.0,0.0,0.0
2025-02-18 16:45:00+00:00,2025-02-18,2025-02-18:1,True,3,5,True,-0.17307692307692307,0.05232536500750821,-1.1962548936526418,True,0,0,2,True,0.0,255.0,225.0,0.0,0.0,0.0,1.0,0.0
2025-02-18 16:50:00+00:00,2025-02-18,2025-02-18:1,True,0,5,True,-0.3314917127071823,0.3314917127071823,0.6171303908498282,True,0,0,2,True,2.117057486151352,250.0,230.0,1.0,0.0,0.0,0.0,0.0
2025-02-18 16:55:00+00:00,2025-02-18,2025-02-18:1,True,0,10,True,-0.47586206896551725,0.47586206896551725,0.0,True,0,0,2,True,-1.3707592391501124,245.0,235.0,1.0,0.0,0.0,0.0,0.0
2025-02-18 17:00:00+00:00,2025-02-18,2025-02-18:1,True,3,5,True,-0.6578171091445427,0.20313215814414853,-1.1750701505044514,True,0,0,2,True,-1.313768367431298,240.0,240.0,0.0,0.0,0.0,1.0,0.0
2025-02-18 17:05:00+00:00,2025-02-18,2025-02-18:1,True,3,10,True,-0.3974358974358974,0.22452052167117273,-0.5710665432110569,True,0,0,2,True,0.0,235.0,245.0,0.0,0.0,0.0,1.0,0.0
2025-02-18 17:10:00+00:00,2025-02-18,2025-02-18:1,True,4,5,True,-0.6871794871794872,0.6871794871794872,0.0,True,0,0,2,True,-0.6616266288992094,230.0,250.0,0.0,0.0,0.0,0.0,1.0
2025-02-18 17:15:00+00:00,2025-02-18,2025-02-18:1,True,0,5,True,-0.6895522388059702,0.38788935050135415,-0.57532233784711,True,0,0,2,True,0.0,225.0,255.0,1.0,0.0,0.0,0.0,0.0
2025-02-18 17:20:00+00:00,2025-02-18,2025-02-18:1,True,3,5,True,-0.8541176470588235,0.3508755742181454,-0.8896372731099208,True,0,0,2,True,0.0,220.0,260.0,0.0,0.0,0.0,1.0,0.0
2025-02-18 17:25:00+00:00,2025-02-18,2025-02-18:1,True,3,10,True,-0.7366946778711485,0.08886410475368585,-2.115065239447536,True,0,0,2,True,-2.0268984223918802,215.0,265.0,0.0,0.0,0.0,1.0,0.0
2025-02-18 17:30:00+00:00,2025-02-18,2025-02-18:1,True,4,5,True,-0.7134831460674157,0.5133890891146399,-0.32912479914888787,True,0,0,2,True,0.7359454239778783,210.0,270.0,0.0,0.0,0.0,0.0,1.0
2025-02-18 17:35:00+00:00,2025-02-18,2025-02-18:1,True,3,5,True,-0.637883008356546,0.045793804490249605,-2.63400608521685,True,0,0,2,True,0.0,205.0,275.0,0.0,0.0,0.0,1.0,0.0
2025-02-18 17:40:00+00:00,2025-02-18,2025-02-18:1,True,3,10,True,-0.6203703703703703,0.11766237371301655,-1.6624973876746096,True,0,0,2,True,0.0,200.0,280.0,0.0,0.0,0.0,1.0,0.0
2025-02-18 17:45:00+00:00,2025-02-18,2025-02-18:1,True,4,5,True,-0.410958904109589,0.410958904109589,0.658249598297723,True,1,0,2,True,0.0,195.0,285.0,0.0,0.0,0.0,0.0,1.0
2025-02-18 17:50:00+00:00,2025-02-18,2025-02-18:1,True,3,5,True,-0.5354107648725213,0.2836385231947434,-0.6353336153046892,True,1,0,2,True,0.0,190.0,290.0,0.0,0.0,0.0,1.0,0.0
2025-02-18 17:55:00+00:00,2025-02-18,2025-02-18:1,True,4,5,True,-0.35816618911174786,0.35816618911174786,0.0,True,1,0,2,True,-0.8097697082081443,185.0,295.0,0.0,0.0,0.0,0.0,1.0
2025-02-18 18:00:00+00:00,2025-02-18,2025-02-18:1,True,3,5,True,0.09640831758034027,0.09640831758034027,-0.772960771598234,True,0,1,3,True,0.015613182046741031,180.0,300.0,0.0,0.0,0.0,1.0,0.0
2025-02-18 18:05:00+00:00,2025-02-18,2025-02-18:1,True,0,5,True,0.30612244897959184,0.07360079304360484,1.4253293812479615,True,0,0,3,True,2.332288037363518,175.0,305.0,1.0,0.0,0.0,0.0,0.0
2025-02-18 18:10:00+00:00,2025-02-18,2025-02-18:1,True,1,5,True,0.4177215189873418,0.11265355074635873,1.310497801437121,True,0,0,3,True,1.46518108418663,170.0,310.0,0.0,1.0,0.0,0.0,0.0
2025-02-18 18:15:00+00:00,2025-02-18,2025-02-18:1,True,1,10,True,0.028391167192429023,0.015073024629631743,0.6331713845908155,True,0,0,3,True,0.7660763953278384,165.0,315.0,0.0,1.0,0.0,0.0,0.0
2025-02-18 18:20:00+00:00,2025-02-18,2025-02-18:1,True,1,15,True,0.018292682926829267,0.0018648023362812078,2.2833460782553723,True,0,0,3,True,-1.2764292617868627,160.0,320.0,0.0,1.0,0.0,0.0,0.0
2025-02-18 18:25:00+00:00,2025-02-18,2025-02-18:1,True,1,20,True,-0.2297734627831715,0.2297734627831715,1.0971316240307347,True,0,0,3,True,-0.681648579759386,155.0,325.0,0.0,1.0,0.0,0.0,0.0
2025-02-18 18:30:00+00:00,2025-02-18,2025-02-18:1,True,1,25,True,0.26688102893890675,0.11412180166613108,0.8495366609083433,True,0,0,3,True,0.0,150.0,330.0,0.0,1.0,0.0,0.0,0.0
2025-02-18 18:35:00+00:00,2025-02-18,2025-02-18:1,True,2,5,True,0.15757575757575756,0.15757575757575756,-1.2680592495225764,True,0,0,3,True,0.0,145.0,335.0,0.0,0.0,1.0,0.0,0.0
2025-02-18 18:40:00+00:00,2025-02-18,2025-02-18:1,True,2,10,True,0.3333333333333333,0.3333333333333333,-0.43056804949768795,True,0,0,3,True,-0.9627794276163245,140.0,340.0,0.0,0.0,1.0,0.0,0.0
2025-02-18 18:45:00+00:00,2025-02-18,2025-02-18:1,True,0,5,True,0.15463917525773196,0.15463917525773196,-0.849536660907136,True,0,0,3,True,-0.39760530673228817,135.0,345.0,1.0,0.0,0.0,0.0,0.0
2025-02-18 18:50:00+00:00,2025-02-18,2025-02-18:1,True,0,10,True,0.1182108626198083,0.0769914666064462,0.4287754086667858,True,0,0,3,True,0.0,130.0,350.0,1.0,0.0,0.0,0.0,0.0
2025-02-18 18:55:00+00:00,2025-02-18,2025-02-18:1,True,0,15,True,0.38461538461538464,0.10913869780422757,1.2596243036932342,True,0,0,3,True,1.3285141860124046,125.0,355.0,1.0,0.0,0.0,0.0,0.0
2025-02-18 19:00:00+00:00,2025-02-18,2025-02-18:1,True,0,20,True,0.2563380281690141,0.17116002521970344,0.40389805712918764,True,0,0,3,True,0.39543762117501063,120.0,360.0,1.0,0.0,0.0,0.0,0.0
2025-02-18 19:05:00+00:00,2025-02-18,2025-02-18:1,True,0,25,True,0.3225806451612903,0.2114748455748277,0.4222471095301989,True,0,0,3,True,-0.524340666819743,115.0,365.0,1.0,0.0,0.0,0.0,0.0
2025-02-18 19:10:00+00:00,2025-02-18,2025-02-18:1,True,1,5,True,0.027522935779816515,0.011934354647934462,0.8355984993223063,True,0,0,3,True,0.0,110.0,370.0,0.0,1.0,0.0,0.0,0.0
2025-02-18 19:15:00+00:00,2025-02-18,2025-02-18:1,True,1,10,True,0.34959349593495936,0.12356292546387748,1.0400204950693004,True,0,0,3,True,0.0798375510451811,105.0,375.0,0.0,1.0,0.0,0.0,0.0
2025-02-18 19:20:00+00:00,2025-02-18,2025-02-18:1,True,1,15,True,0.6010230179028133,0.3912699779029027,0.4292354308575146,True,0,0,3,True,0.0,100.0,380.0,0.0,1.0,0.0,0.0,0.0
2025-02-18 19:25:00+00:00,2025-02-18,2025-02-18:1,True,2,5,True,0.47398843930635837,0.47398843930635837,-0.4360986002277375,True,0,0,3,True,0.0,95.0,385.0,0.0,0.0,1.0,0.0,0.0
2025-02-18 19:30:00+00:00,2025-02-18,2025-02-18:1,True,2,10,True,0.23450134770889489,0.17510707344806958,0.2920636999339287,True,0,0,3,True,0.7514681244912524,90.0,390.0,0.0,0.0,1.0,0.0,0.0
2025-02-18 19:35:00+00:00,2025-02-18,2025-02-18:1,True,1,5,True,0.4252199413489736,0.06942712441657495,1.8123289112277812,True,0,0,3,True,0.5903806705359177,85.0,395.0,0.0,1.0,0.0,0.0,0.0
2025-02-18 19:40:00+00:00,2025-02-18,2025-02-18:1,True,2,5,True,-0.0547945205479452,0.030823206408820147,-0.5753223378468798,True,0,0,3,True,0.5779114852625441,80.0,400.0,0.0,0.0,1.0,0.0,0.0
2025-02-18 19:45:00+00:00,2025-02-18,2025-02-18:1,True,0,5,True,0.1941747572815534,0.1941747572815534,0.0,True,0,0,3,True,-0.5612329076388919,75.0,405.0,1.0,0.0,0.0,0.0,0.0
2025-02-18 19:50:00+00:00,2025-02-18,2025-02-18:1,True,0,10,True,-0.017793594306049824,0.003201875998035262,-1.71510163466783,True,0,0,3,True,0.9587709608616132,70.0,410.0,1.0,0.0,0.0,0.0,0.0
2025-02-18 19:55:00+00:00,2025-02-18,2025-02-18:1,True,0,15,True,-0.14792899408284024,0.1210418696786331,-0.200595872783309,True,0,0,3,True,-0.3316588389933441,65.0,415.0,1.0,0.0,0.0,0.0,0.0
2025-02-18 20:00:00+00:00,2025-02-18,2025-02-18:1,True,0,20,True,-0.19452054794520549,0.19452054794520549,0.0,True,0,0,3,True,-1.4497219476733638,60.0,420.0,1.0,0.0,0.0,0.0,0.0
2025-02-18 20:05:00+00:00,2025-02-18,2025-02-18:1,True,3,5,True,0.39946380697050937,0.39946380697050937,-0.7925351755187201,True,0,0,3,True,-2.275155128890141,55.0,425.0,0.0,0.0,0.0,1.0,0.0
2025-02-18 20:10:00+00:00,2025-02-18,2025-02-18:1,True,0,5,True,-0.17507418397626112,0.17507418397626112,1.2817914147534288,True,0,0,3,True,-1.0043972958812626,50.0,430.0,1.0,0.0,0.0,0.0,0.0
2025-02-18 20:15:00+00:00,2025-02-18,2025-02-18:1,True,0,10,True,-0.2357142857142857,0.09408785387721184,-0.9183914563356164,True,0,0,3,True,0.6845285754398409,45.0,435.0,1.0,0.0,0.0,0.0,0.0
2025-02-18 20:20:00+00:00,2025-02-18,2025-02-18:1,True,3,5,True,-0.1834319526627219,0.022917155637651038,-2.079957983977586,True,0,0,3,True,0.4483623928520327,40.0,440.0,0.0,0.0,0.0,1.0,0.0
2025-02-18 20:25:00+00:00,2025-02-18,2025-02-18:1,True,3,10,True,-0.49834983498349833,0.11677165474693445,-1.4510819513067754,True,0,0,3,True,0.183775256051544,35.0,445.0,0.0,0.0,0.0,1.0,0.0
2025-02-18 20:30:00+00:00,2025-02-18,2025-02-18:1,True,3,15,True,-0.5276967930029155,0.06342599187082391,-2.118648119235332,True,0,0,3,True,0.5921801518777977,30.0,450.0,0.0,0.0,0.0,1.0,0.0
2025-02-18 20:35:00+00:00,2025-02-18,2025-02-18:1,True,4,5,True,-0.6312849162011173,0.6312849162011173,0.0,True,0,0,3,True,0.0,25.0,455.0,0.0,0.0,0.0,0.0,1.0
2025-02-18 20:40:00+00:00,2025-02-18,2025-02-18:1,True,4,10,True,-0.6452599388379205,0.6452599388379205,0.6507576361480941,True,1,0,3,True,-0.9262605214909723,20.0,460.0,0.0,0.0,0.0,0.0,1.0
2025-02-18 20:45:00+00:00,2025-02-18,2025-02-18:1,True,4,15,True,-0.7057220708446866,0.7057220708446866,0.0,True,1,0,3,True,-0.7012614914111496,15.0,465.0,0.0,0.0,0.0,0.0,1.0
2025-02-18 20:50:00+00:00,2025-02-18,2025-02-18:1,True,3,5,True,-0.43457943925233644,0.1346480763808132,-1.1717142240269505,True,0,1,4,True,0.925779285688247,10.0,470.0,0.0,0.0,0.0,1.0,0.0
2025-02-18 20:55:00+00:00,2025-02-18,2025-02-18:1,True,4,5,True,-0.3905325443786982,0.3905325443786982,0.1306164310639142,True,1,0,4,True,0.10781739470062611,5.0,475.0,0.0,0.0,0.0,0.0,1.0
2025-02-18 21:00:00+00:00,2025-02-18,2025-02-18:1,True,0,5,True,-0.42946708463949845,0.42946708463949845,0.25743944845700484,True,1,0,4,True,0.5756521068399162,0.0,480.0,1.0,0.0,0.0,0.0,0.0
