decision_time,session_id,segment_id,valid,state_id,state_age_minutes,flow_available,flow_pressure,absorption,response_z5,vwap_available,recovery_active,recovery_failed_now,recovery_failures,reference_available,reference_residual_z,minutes_remaining,minutes_from_segment_open,state_0,state_1,state_2,state_3,state_4
2025-01-06 13:00:00+00:00,2025-01-06,2025-01-06:1,False,-1,0,False,,,,False,0,0,0,False,,480.0,0.0,,,,,
2025-01-06 13:05:00+00:00,2025-01-06,2025-01-06:1,False,-1,0,True,0.15441176470588236,,,False,0,0,0,False,,475.0,5.0,,,,,
2025-01-06 13:10:00+00:00,2025-01-06,2025-01-06:1,False,-1,0,True,-0.2579710144927536,,,False,0,0,0,False,,470.0,10.0,,,,,
2025-01-06 13:15:00+00:00,2025-01-06,2025-01-06:1,False,-1,0,True,0.005780346820809248,,,False,0,0,0,False,,465.0,15.0,,,,,
2025-01-06 13:20:00+00:00,2025-01-06,2025-01-06:1,False,-1,0,True,0.016286644951140065,,,False,0,0,0,False,,460.0,20.0,,,,,
2025-01-06 13:25:00+00:00,2025-01-06,2025-01-06:1,False,-1,0,True,0.17341040462427745,,,False,0,0,0,False,,455.0,25.0,,,,,
2025-01-06 13:30:00+00:00,2025-01-06,2025-01-06:1,False,-1,0,True,0.011299435028248588,,,False,0,0,0,False,,450.0,30.0,,,,,
2025-01-06 13:35:00+00:00,2025-01-06,2025-01-06:1,False,-1,0,True,0.23225806451612904,,,False,0,0,0,False,,445.0,35.0,,,,,
2025-01-06 13:40:00+00:00,2025-01-06,2025-01-06:1,False,-1,0,True,0.18769230769230769,,,False,0,0,0,False,,440.0,40.0,,,,,
2025-01-06 13:45:00+00:00,2025-01-06,2025-01-06:1,False,-1,0,True,-0.12374581939799331,,,False,0,0,0,False,,435.0,45.0,,,,,
2025-01-06 13:50:00+00:00,2025-01-06,2025-01-06:1,False,-1,0,True,0.19287833827893175,,,False,0,0,0,False,,430.0,50.0,,,,,
2025-01-06 13:55:00+00:00,2025-01-06,2025-01-06:1,False,-1,0,True,0.25316455696202533,,,False,0,0,0,False,,425.0,55.0,,,,,
2025-01-06 14:00:00+00:00,2025-01-06,2025-01-06:1,False,-1,0,True,0.11372549019607843,,,False,0,0,0,False,,420.0,60.0,,,,,
2025-01-06 14:05:00+00:00,2025-01-06,2025-01-06:1,True,0,5,True,0.25609756097560976,0.13323762609182704,0.6534242730575941,True,0,0,0,False,,415.0,65.0,1.0,0.0,0.0,0.0,0.0
2025-01-06 14:10:00+00:00,2025-01-06,2025-01-06:1,True,1,5,True,0.08620689655172414,0.020401653861050376,1.4411342116856571,True,0,0,0,False,,410.0,70.0,0.0,1.0,0.0,0.0,0.0
2025-01-06 14:15:00+00:00,2025-01-06,2025-01-06:1,True,2,5,True,0.2168284789644013,0.2168284789644013,-0.7852541161927623,True,0,0,0,False,,405.0,75.0,0.0,0.0,1.0,0.0,0.0
2025-01-06 14:20:00+00:00,2025-01-06,2025-01-06:1,True,1,5,True,-0.0031545741324921135,0.0031545741324921135,1.175070150503899,True,0,0,0,False,,400.0,80.0,0.0,1.0,0.0,0.0,0.0
2025-01-06 14:25:00+00:00,2025-01-06,2025-01-06:1,True,1,10,True,-0.2214765100671141,0.2214765100671141,0.3906754716783166,True,0,0,0,False,,395.0,85.0,0.0,1.0,0.0,0.0,0.0
2025-01-06 14:30:00+00:00,2025-01-06,2025-01-06:1,True,2,5,True,0.2972972972972973,0.2972972972972973,-0.8347756547128865,True,0,0,0,False,,390.0,90.0,0.0,0.0,1.0,0.0,0.0
2025-01-06 14:35:00+00:00,2025-01-06,2025-01-06:1,True,1,5,True,0.33540372670807456,0.14414802766938004,0.8444942190589683,True,0,0,0,False,,385.0,95.0,0.0,1.0,0.0,0.0,0.0
2025-01-06 14:40:00+00:00,2025-01-06,2025-01-06:1,True,0,5,True,-0.13513513513513514,0.013470336721242373,-2.305785290797121,True,0,0,0,False,,380.0,100.0,1.0,0.0,0.0,0.0,0.0
2025-01-06 14:45:00+00:00,2025-01-06,2025-01-06:1,True,0,10,True,-0.04375,0.04375,0.0,True,0,0,0,False,,375.0,105.0,1.0,0.0,0.0,0.0,0.0
2025-01-06 14:50:00+00:00,2025-01-06,2025-01-06:1,True,3,5,True,0.05501618122977346,0.05501618122977346,-1.043751404481812,True,0,0,0,False,,370.0,110.0,0.0,0.0,0.0,1.0,0.0
2025-01-06 14:55:00+00:00,2025-01-06,2025-01-06:1,True,4,5,True,-0.12972972972972974,0.12972972972972974,0.6996122574329685,True,1,0,0,False,,365.0,115.0,0.0,0.0,0.0,0.0,1.0
2025-01-06 15:00:00+00:00,2025-01-06,2025-01-06:1,True,3,5,True,0.12786885245901639,0.12786885245901639,-1.3706228384116046,True,0,1,1,False,,360.0,120.0,0.0,0.0,0.0,1.0,0.0
2025-01-06 15:05:00+00:00,2025-01-06,2025-01-06:1,True,4,5,True,0.27380952380952384,0.07406217753209883,1.3075277187449794,True,1,0,1,True,1.4618604307895,355.0,125.0,0.0,0.0,0.0,0.0,1.0
2025-01-06 15:10:00+00:00,2025-01-06,2025-01-06:1,True,0,5,True,-0.1761006289308176,0.08997905376167631,-0.6714786796754401,True,1,0,1,True,-0.3437329319187531,350.0,130.0,1.0,0.0,0.0,0.0,0.0
2025-01-06 15:15:00+00:00,2025-01-06,2025-01-06:1,True,0,10,True,0.1989100817438692,0.1989100817438692,-0.6907162577986616,True,0,1,2,True,0.0,345.0,135.0,1.0,0.0,0.0,0.0,0.0
2025-01-06 15:20:00+00:00,2025-01-06,2025-01-06:1,True,0,15,True,-0.08609271523178808,0.08609271523178808,0.8785675045044902,True,0,0,2,True,2.3574439954728246,340.0,140.0,1.0,0.0,0.0,0.0,0.0
2025-01-06 15:25:00+00:00,2025-01-06,2025-01-06:1,True,0,20,True,-0.21518987341772153,0.21518987341772153,1.191929946866922,True,0,0,2,True,0.3807480550871408,335.0,145.0,1.0,0.0,0.0,0.0,0.0
2025-01-06 15:30:00+00:00,2025-01-06,2025-01-06:1,True,0,25,True,-0.297029702970297,0.014236542602475286,-3.038020062068619,True,0,0,2,True,-10.690276895682107,330.0,150.0,1.0,0.0,0.0,0.0,0.0
2025-01-06 15:35:00+00:00,2025-01-06,2025-01-06:1,True,0,30,True,-0.07886435331230283,0.07886435331230283,0.0,True,0,0,2,True,0.0,325.0,155.0,1.0,0.0,0.0,0.0,0.0
2025-01-06 15:40:00+00:00,2025-01-06,2025-01-06:1,True,0,35,True,0.11392405063291139,0.04043872844371467,1.0357440532271687,True,0,0,2,True,-0.5344601793016797,320.0,160.0,1.0,0.0,0.0,0.0,0.0
2025-01-06 15:45:00+00:00,2025-01-06,2025-01-06:1,True,0,40,True,-0.030120481927710843,0.01059085748047045,-1.04521427595281,True,0,0,2,True,-2.502191238696625,315.0,165.0,1.0,0.0,0.0,0.0,0.0
2025-01-06 15:50:00+00:00,2025-01-06,2025-01-06:1,True,0,45,True,0.06620209059233449,0.06620209059233449,-0.43223754683956667,True,0,0,2,True,-0.32217084572049276,310.0,170.0,1.0,0.0,0.0,0.0,0.0
2025-01-06 15:55:00+00:00,2025-01-06,2025-01-06:1,True,3,5,True,0.039711191335740074,0.039711191335740074,-0.5711569857540199,True,0,0,2,True,0.28923639505887255,305.0,175.0,0.0,0.0,0.0,1.0,0.0
2025-01-06 16:00:00+00:00,2025-01-06,2025-01-06:1,True,0,5,True,-0.1,0.1,0.3559304270258835,True,0,0,2,True,-0.03520510000008504,300.0,180.0,1.0,0.0,0.0,0.0,0.0
2025-01-06 16:05:00+00:00,2025-01-06,2025-01-06:1,True,0,10,True,-0.0176678445229682,0.014237067678206681,-0.21589733046815784,True,0,0,2,True,0.0,295.0,185.0,1.0,0.0,0.0,0.0,0.0
2025-01-06 16:10:00+00:00,2025-01-06,2025-01-06:1,True,0,15,True,-0.11977715877437325,0.11977715877437325,0.2885265965750757,True,0,0,2,True,0.0,290.0,190.0,1.0,0.0,0.0,0.0,0.0
2025-01-06 16:15:00+00:00,2025-01-06,2025-01-06:1,True,0,20,True,-0.20647773279352227,0.20647773279352227,0.0,True,0,0,2,True,0.0,285.0,195.0,1.0,0.0,0.0,0.0,0.0
2025-01-06 16:20:00+00:00,2025-01-06,2025-01-06:1,True,0,25,True,0.01282051282051282,0.009608641711823344,0.28838358042134205,True,0,0,2,True,-0.05811039871172876,280.0,200.0,1.0,0.0,0.0,0.0,0.0
2025-01-06 16:25:00+00:00,2025-01-06,2025-01-06:1,True,0,30,True,0.003076923076923077,0.003076923076923077,0.0,True,0,0,2,True,0.05890248349581001,275.0,205.0,1.0,0.0,0.0,0.0,0.0
2025-01-06 16:30:00+00:00,2025-01-06,2025-01-06:1,True,0,35,True,-0.05573770491803279,0.04797072169508742,-0.15006598631286996,True,0,0,2,True,-0.33555774650613024,270.0,210.0,1.0,0.0,0.0,0.0,0.0
2025-01-06 16:35:00+00:00,2025-01-06,2025-01-06:1,True,0,40,True,-0.21035598705501618,0.12128865126427603,-0.5506280196462371,True,0,0,2,True,0.0,265.0,215.0,1.0,0.0,0.0,0.0,0.0
2025-01-06 16:40:00+00:00,2025-01-06,2025-01-06:1,True,0,45,True,-0.011235955056179775,0.011235955056179775,0.3844312218326749,True,0,0,2,True,-1.719228689380696,260.0,220.0,1.0,0.0,0.0,0.0,0.0
2025-01-06 16:45:00+00:00,2025-01-06,2025-01-06:1,True,0,50,True,-0.044854881266490766,0.03948097282540509,-0.12761356272652216,True,0,0,2,True,0.0,255.0,225.0,1.0,0.0,0.0,0.0,0.0
2025-01-06 16:50:00+00:00,2025-01-06,2025-01-06:1,True,0,55,True,0.18421052631578946,0.08090201630490516,0.822840521134394,True,0,0,2,True,-0.6142019627264821,250.0,230.0,1.0,0.0,0.0,0.0,0.0
2025-01-06 16:55:00+00:00,2025-01-06,2025-01-06:1,True,0,60,True,-0.09540636042402827,0.03165252044712153,-1.1033274669435968,True,0,0,2,True,-0.9868460870130968,245.0,235.0,1.0,0.0,0.0,0.0,0.0
2025-01-06 17:00:00+00:00,2025-01-06,2025-01-06:1,True,3,5,True,-0.02564102564102564,0.010044912760209938,-0.9371273195202765,True,0,0,2,True,-1.047740195009752,240.0,240.0,0.0,0.0,0.0,1.0,0.0
2025-01-06 17:05:00+00:00,2025-01-06,2025-01-06:1,True,0,5,True,-0.10429447852760736,0.10429447852760736,0.0,True,0,0,2,True,1.05079953517743,235.0,245.0,1.0,0.0,0.0,0.0,0.0
2025-01-06 17:10:00+00:00,2025-01-06,2025-01-06:1,True,0,10,True,0.32748538011695905,0.12911200695489827,0.9307631146139349,True,0,0,2,True,0.0,230.0,250.0,1.0,0.0,0.0,0.0,0.0
2025-01-06 17:15:00+00:00,2025-01-06,2025-01-06:1,True,0,15,True,-0.1746987951807229,0.1746987951807229,1.8130884179062263,True,0,0,2,True,1.0135472379154076,225.0,255.0,1.0,0.0,0.0,0.0,0.0
2025-01-06 17:20:00+00:00,2025-01-06,2025-01-06:1,True,0,20,True,-0.17994100294985252,0.17994100294985252,0.0,True,0,0,2,True,0.0,220.0,260.0,1.0,0.0,0.0,0.0,0.0
2025-01-06 17:25:00+00:00,2025-01-06,2025-01-06:1,True,2,5,True,-0.06569343065693431,0.06569343065693431,0.0,True,0,0,2,True,1.0406247976158338,215.0,265.0,0.0,0.0,1.0,0.0,0.0
2025-01-06 17:30:00+00:00,2025-01-06,2025-01-06:1,True,2,10,True,-0.03875968992248062,0.03875968992248062,0.0,True,0,0,2,True,0.36245795094407407,210.0,270.0,0.0,0.0,1.0,0.0,0.0
2025-01-06 17:35:00+00:00,2025-01-06,2025-01-06:1,True,1,5,True,0.008,0.003200725589321684,0.916064010914268,True,0,0,2,True,-0.08302433718762849,205.0,275.0,0.0,1.0,0.0,0.0,0.0
2025-01-06 17:40:00+00:00,2025-01-06,2025-01-06:1,True,0,5,True,0.2752808988764045,0.2752808988764045,-1.443271863210038,True,0,0,2,True,-1.1789811531382874,200.0,280.0,1.0,0.0,0.0,0.0,0.0
2025-01-06 17:45:00+00:00,2025-01-06,2025-01-06:1,True,0,10,True,0.23219814241486067,0.18236441774463522,0.24158408884019028,True,0,0,2,True,-0.5401984449320845,195.0,285.0,1.0,0.0,0.0,0.0,0.0
2025-01-06 17:50:00+00:00,2025-01-06,2025-01-06:1,True,0,15,True,-0.03643724696356275,0.03643724696356275,0.24483488290847605,True,0,0,2,True,0.2522413725727623,190.0,290.0,1.0,0.0,0.0,0.0,0.0
2025-01-06 17:55:00+00:00,2025-01-06,2025-01-06:1,True,0,20,True,0.33884297520661155,0.33884297520661155,-0.5073075592300416,True,0,0,2,True,-1.1343741879378737,185.0,295.0,1.0,0.0,0.0,0.0,0.0
2025-01-06 18:00:00+00:00,2025-01-06,2025-01-06:1,True,0,25,True,0.1761006289308176,0.019089209232201716,2.221932373200332,True,0,0,2,True,2.0149046718312897,180.0,300.0,1.0,0.0,0.0,0.0,0.0
2025-01-06 18:05:00+00:00,2025-01-06,2025-01-06:1,True,1,5,True,-0.0030211480362537764,0.0030211480362537764,1.5001297297293938,True,0,0,2,True,0.0,175.0,305.0,0.0,1.0,0.0,0.0,0.0
2025-01-06 18:10:00+00:00,2025-01-06,2025-01-06:1,True,2,5,True,-0.1858974358974359,0.1858974358974359,0.0,True,0,0,2,True,0.748200875829344,170.0,310.0,0.0,0.0,1.0,0.0,0.0
2025-01-06 18:15:00+00:00,2025-01-06,2025-01-06:1,True,2,10,True,-0.1625,0.1625,0.0,True,0,0,2,True,-0.93735261934017,165.0,315.0,0.0,0.0,1.0,0.0,0.0
2025-01-06 18:20:00+00:00,2025-01-06,2025-01-06:1,True,1,5,True,-0.18885448916408668,0.18885448916408668,1.2575905054405605,True,0,0,2,True,0.9373526193402494,160.0,320.0,0.0,1.0,0.0,0.0,0.0
2025-01-06 18:25:00+00:00,2025-01-06,2025-01-06:1,True,2,5,True,-0.014084507042253521,0.014084507042253521,0.0,True,0,0,2,True,-0.21640792279322604,155.0,325.0,0.0,0.0,1.0,0.0,0.0
2025-01-06 18:30:00+00:00,2025-01-06,2025-01-06:1,True,1,5,True,0.07936507936507936,0.034174226606644056,0.8425867130542576,True,0,0,2,True,-0.7033162538864698,150.0,330.0,0.0,1.0,0.0,0.0,0.0
2025-01-06 18:35:00+00:00,2025-01-06,2025-01-06:1,True,1,10,True,0.43283582089552236,0.1871017357224358,0.838705979363423,True,0,0,2,True,0.9377017914960748,145.0,335.0,0.0,1.0,0.0,0.0,0.0
2025-01-06 18:40:00+00:00,2025-01-06,2025-01-06:1,True,2,5,True,0.07216494845360824,0.07216494845360824,-0.8077961142583119,True,0,0,2,True,1.5321799384573702,140.0,340.0,0.0,0.0,1.0,0.0,0.0
2025-01-06 18:45:00+00:00,2025-01-06,2025-01-06:1,True,0,5,True,-0.25,0.10754636633821109,-0.843538848509952,True,0,0,2,True,-0.6245264487835953,135.0,345.0,1.0,0.0,0.0,0.0,0.0
2025-01-06 18:50:00+00:00,2025-01-06,2025-01-06:1,True,0,10,True,-0.2772585669781931,0.11321145310731251,-0.8956931890734593,True,0,0,2,True,-1.0014154288773367,130.0,350.0,1.0,0.0,0.0,0.0,0.0
2025-01-06 18:55:00+00:00,2025-01-06,2025-01-06:1,True,0,15,True,-0.045871559633027525,0.045871559633027525,1.3212696260255052,True,0,0,2,True,0.9848162334653188,125.0,355.0,1.0,0.0,0.0,0.0,0.0
2025-01-06 19:00:00+00:00,2025-01-06,2025-01-06:1,True,0,20,True,0.032679738562091505,0.005436203215260288,1.7936743911995918,True,0,0,2,True,0.424256015696791,120.0,360.0,1.0,0.0,0.0,0.0,0.0
2025-01-06 19:05:00+00:00,2025-01-06,2025-01-06:1,True,3,5,True,-0.3930635838150289,0.0248913312048809,-2.759451791188421,True,0,0,2,True,-0.8814745408201266,115.0,365.0,0.0,0.0,0.0,1.0,0.0
2025-01-06 19:10:00+00:00,2025-01-06,2025-01-06:1,True,0,5,True,0.08333333333333333,0.08333333333333333,0.0,True,0,0,2,True,0.8587782018652425,110.0,370.0,1.0,0.0,0.0,0.0,0.0
2025-01-06 19:15:00+00:00,2025-01-06,2025-01-06:1,True,3,5,True,0.22784810126582278,0.22784810126582278,-1.1595634806730422,True,0,0,2,True,-1.7285751780082759,105.0,375.0,0.0,0.0,0.0,1.0,0.0
2025-01-06 19:20:00+00:00,2025-01-06,2025-01-06:1,True,0,5,True,0.20833333333333334,0.14180322731968023,0.38469898757002174,True,0,0,2,True,0.8602130870819154,100.0,380.0,1.0,0.0,0.0,0.0,0.0
2025-01-06 19:25:00+00:00,2025-01-06,2025-01-06:1,True,4,5,True,0.036036036036036036,0.036036036036036036,0.0,True,0,0,2,True,0.873082986784066,95.0,385.0,0.0,0.0,0.0,0.0,1.0
2025-01-06 19:30:00+00:00,2025-01-06,2025-01-06:1,True,4,10,True,0.045454545454545456,0.045454545454545456,0.0,True,0,0,2,True,0.0,90.0,390.0,0.0,0.0,0.0,0.0,1.0
2025-01-06 19:35:00+00:00,2025-01-06,2025-01-06:1,True,0,5,True,-0.32954545454545453,0.32954545454545453,0.8019050885958269,True,0,0,2,True,0.8965571448016301,85.0,395.0,1.0,0.0,0.0,0.0,0.0
2025-01-06 19:40:00+00:00,2025-01-06,2025-01-06:1,True,0,10,True,0.20476190476190476,0.20476190476190476,0.0,True,0,0,2,True,0.9069127335737118,80.0,400.0,1.0,0.0,0.0,0.0,0.0
2025-01-06 19:45:00+00:00,2025-01-06,2025-01-06:1,True,0,15,True,-0.08532423208191127,0.08532423208191127,0.0,True,0,0,2,True,0.9125487583759535,75.0,405.0,1.0,0.0,0.0,0.0,0.0
2025-01-06 19:50:00+00:00,2025-01-06,2025-01-06:1,True,0,20,True,-0.1779935275080906,0.07917877171557511,-0.8100389583182404,True,0,0,2,True,-0.9056510876113522,70.0,410.0,1.0,0.0,0.0,0.0,0.0
2025-01-06 19:55:00+00:00,2025-01-06,2025-01-06:1,True,0,25,True,-0.0449438202247191,0.0449438202247191,0.39950374987912923,True,0,0,2,True,-0.8933175419958064,65.0,415.0,1.0,0.0,0.0,0.0,0.0
2025-01-06 20:00:00+00:00,2025-01-06,2025-01-06:1,True,0,30,True,-0.10559006211180125,0.10559006211180125,0.8019050885972149,True,0,0,2,True,0.1676482761449356,60.0,420.0,1.0,0.0,0.0,0.0,0.0
2025-01-06 20:05:00+00:00,2025-01-06,2025-01-06:1,True,0,35,True,0.24050632911392406,0.24050632911392406,-0.5121712385016042,True,0,0,2,True,0.8020276179618073,55.0,425.0,1.0,0.0,0.0,0.0,0.0
2025-01-06 20:10:00+00:00,2025-01-06,2025-01-06:1,True,3,5,True,-0.07598784194528875,0.008638288951671366,-2.174368827882115,True,0,0,2,True,0.4541959764627233,50.0,430.0,0.0,0.0,0.0,1.0,0.0
2025-01-06 20:15:00+00:00,2025-01-06,2025-01-06:1,True,0,5,True,0.1111111111111111,0.03944097380756057,1.0357254813552281,True,0,0,2,True,-1.157976291167845,45.0,435.0,1.0,0.0,0.0,0.0,0.0
2025-01-06 20:20:00+00:00,2025-01-06,2025-01-06:1,True,0,10,True,0.24855491329479767,0.24855491329479767,0.0,True,0,0,2,True,0.0,40.0,440.0,1.0,0.0,0.0,0.0,0.0
2025-01-06 20:25:00+00:00,2025-01-06,2025-01-06:1,True,0,15,True,-0.141439205955335,0.141439205955335,0.5068471656688969,True,0,0,2,True,0.0,35.0,445.0,1.0,0.0,0.0,0.0,0.0
2025-01-06 20:30:00+00:00,2025-01-06,2025-01-06:1,True,3,5,True,0.09392265193370165,0.09392265193370165,-1.9066803713555416,True,0,0,2,True,-1.802679112024811,30.0,450.0,0.0,0.0,0.0,1.0,0.0
2025-01-06 20:35:00+00:00,2025-01-06,2025-01-06:1,True,0,5,True,0.22713864306784662,0.14464012126418435,0.45131185842562554,True,0,0,2,True,-1.7167216203533544,25.0,455.0,1.0,0.0,0.0,0.0,0.0
2025-01-06 20:40:00+00:00,2025-01-06,2025-01-06:1,True,0,10,True,0.308411214953271,0.08241688543296344,1.319643669761628,True,0,0,2,True,0.9836043172204962,20.0,460.0,1.0,0.0,0.0,0.0,0.0
2025-01-06 20:45:00+00:00,2025-01-06,2025-01-06:1,True,0,15,True,0.00847457627118644,0.005552440147578771,0.4228331571525964,True,0,0,2,True,0.21435536574747371,15.0,465.0,1.0,0.0,0.0,0.0,0.0
2025-01-06 20:50:00+00:00,2025-01-06,2025-01-06:1,True,0,20,True,0.15789473684210525,0.10470620981504358,0.4107701618117366,True,0,0,2,True,-0.7486860941028987,10.0,470.0,1.0,0.0,0.0,0.0,0.0
2025-01-06 20:55:00+00:00,2025-01-06,2025-01-06:1,True,1,5,True,-0.22408026755852842,0.22408026755852842,2.7557927339834736,True,0,0,2,True,2.0540466283631256,5.0,475.0,0.0,1.0,0.0,0.0,0.0
2025-01-06 21:00:00+00:00,2025-01-06,2025-01-06:1,True,1,10,True,-0.07780979827089338,0.07780979827089338,1.3976853961028814,True,0,0,2,True,0.0,0.0,480.0,0.0,1.0,0.0,0.0,0.0
2025-01-07 13:00:00+00:00,2025-01-07,2025-01-07:1,False,-1,0,False,,,,False,0,0,0,False,,480.0,0.0,,,,,
2025-01-07 13:05:00+00:00,2025-01-07,2025-01-07:1,False,-1,0,True,0.03951367781155015,,,False,0,0,0,False,,475.0,5.0,,,,,
2025-01-07 13:10:00+00:00,2025-01-07,2025-01-07:1,False,-1,0,True,-0.05755395683453238,,,False,0,0,0,False,,470.0,10.0,,,,,
2025-01-07 13:15:00+00:00,2025-01-07,2025-01-07:1,False,-1,0,True,-0.09090909090909091,,,False,0,0,0,False,,465.0,15.0,,,,,
2025-01-07 13:20:00+00:00,2025-01-07,2025-01-07:1,False,-1,0,True,-0.00684931506849315,,,False,0,0,0,False,,460.0,20.0,,,,,
2025-01-07 13:25:00+00:00,2025-01-07,2025-01-07:1,False,-1,0,True,0.08955223880597014,,,False,0,0,0,False,,455.0,25.0,,,,,
2025-01-07 13:30:00+00:00,2025-01-07,2025-01-07:1,False,-1,0,True,0.05070993914807302,,,False,0,0,0,False,,450.0,30.0,,,,,
2025-01-07 13:35:00+00:00,2025-01-07,2025-01-07:1,False,-1,0,True,0.0,,,False,0,0,0,False,,445.0,35.0,,,,,
2025-01-07 13:40:00+00:00,2025-01-07,2025-01-07:1,False,-1,0,True,0.03821656050955414,,,False,0,0,0,False,,440.0,40.0,,,,,
2025-01-07 13:45:00+00:00,2025-01-07,2025-01-07:1,False,-1,0,True,0.051094890510948905,,,False,0,0,0,False,,435.0,45.0,,,,,
2025-01-07 13:50:00+00:00,2025-01-07,2025-01-07:1,False,-1,0,True,-0.2344213649851632,,,False,0,0,0,False,,430.0,50.0,,,,,
2025-01-07 13:55:00+00:00,2025-01-07,2025-01-07:1,False,-1,0,True,0.06796116504854369,,,False,0,0,0,False,,425.0,55.0,,,,,
2025-01-07 14:00:00+00:00,2025-01-07,2025-01-07:1,False,-1,0,True,0.08681672025723473,,,False,0,0,0,False,,420.0,60.0,,,,,
2025-01-07 14:05:00+00:00,2025-01-07,2025-01-07:1,True,3,5,True,0.03954802259887006,0.03954802259887006,-0.29279217709429833,True,0,0,0,False,,415.0,65.0,0.0,0.0,0.0,1.0,0.0
2025-01-07 14:10:00+00:00,2025-01-07,2025-01-07:1,True,0,5,True,-0.00625,0.00625,1.780947482947311,True,0,0,0,False,,410.0,70.0,1.0,0.0,0.0,0.0,0.0
2025-01-07 14:15:00+00:00,2025-01-07,2025-01-07:1,True,0,10,True,0.13138686131386862,0.13138686131386862,-0.2812424355663024,True,0,0,0,False,,405.0,75.0,1.0,0.0,0.0,0.0,0.0
2025-01-07 14:20:00+00:00,2025-01-07,2025-01-07:1,True,0,15,True,0.05084745762711865,0.05084745762711865,0.0,True,0,0,0,False,,400.0,80.0,1.0,0.0,0.0,0.0,0.0
2025-01-07 14:25:00+00:00,2025-01-07,2025-01-07:1,True,0,20,True,0.2578616352201258,0.14772123552879324,0.5570961895255396,True,0,0,0,False,,395.0,85.0,1.0,0.0,0.0,0.0,0.0
2025-01-07 14:30:00+00:00,2025-01-07,2025-01-07:1,True,0,25,True,-0.0728476821192053,0.05480437060244235,-0.28460076867289474,True,0,0,0,False,,390.0,90.0,1.0,0.0,0.0,0.0,0.0
2025-01-07 14:35:00+00:00,2025-01-07,2025-01-07:1,True,1,5,True,-0.33070866141732286,0.33070866141732286,0.3173785565250647,True,0,0,0,False,,385.0,95.0,0.0,1.0,0.0,0.0,0.0
2025-01-07 14:40:00+00:00,2025-01-07,2025-01-07:1,True,0,5,True,-0.22388059701492538,0.16104832006735414,-0.329408416095358,True,0,0,0,False,,380.0,100.0,1.0,0.0,0.0,0.0,0.0
2025-01-07 14:45:00+00:00,2025-01-07,2025-01-07:1,True,0,10,True,-0.005847953216374269,0.005847953216374269,0.6487530731176475,True,0,0,0,False,,375.0,105.0,1.0,0.0,0.0,0.0,0.0
2025-01-07 14:50:00+00:00,2025-01-07,2025-01-07:1,True,0,15,True,-0.007518796992481203,0.007518796992481203,0.3206804921838244,True,0,0,0,False,,370.0,110.0,1.0,0.0,0.0,0.0,0.0
2025-01-07 14:55:00+00:00,2025-01-07,2025-01-07:1,True,0,20,True,-0.10743801652892562,0.10743801652892562,0.7369361788408897,True,0,0,0,False,,365.0,115.0,1.0,0.0,0.0,0.0,0.0
2025-01-07 15:00:00+00:00,2025-01-07,2025-01-07:1,True,1,5,True,0.12684365781710916,0.038481503287637206,1.1927775955342896,True,0,0,0,False,,360.0,120.0,0.0,1.0,0.0,0.0,0.0
2025-01-07 15:05:00+00:00,2025-01-07,2025-01-07:1,True,2,5,True,0.23432343234323433,0.23432343234323433,-0.3909283770109624,True,0,0,0,True,-0.2303979316663354,355.0,125.0,0.0,0.0,1.0,0.0,0.0
2025-01-07 15:10:00+00:00,2025-01-07,2025-01-07:1,True,1,5,True,-0.018867924528301886,0.018867924528301886,1.2985223755804964,True,0,0,0,True,0.0,350.0,130.0,0.0,1.0,0.0,0.0,0.0
2025-01-07 15:15:00+00:00,2025-01-07,2025-01-07:1,True,1,10,True,-0.017793594306049824,0.017793594306049824,0.44279517986249284,True,0,0,0,True,-0.7324750243665274,345.0,135.0,0.0,1.0,0.0,0.0,0.0
2025-01-07 15:20:00+00:00,2025-01-07,2025-01-07:1,True,2,5,True,-0.3680555555555556,0.29571523390296023,-0.21883694932416625,True,0,0,0,True,-0.48933429467751244,340.0,140.0,0.0,0.0,1.0,0.0,0.0
2025-01-07 15:25:00+00:00,2025-01-07,2025-01-07:1,True,0,5,True,-0.0759493670886076,0.023329104773285207,-1.1803651827870374,True,0,0,0,True,-1.0557507147931118,335.0,145.0,1.0,0.0,0.0,0.0,0.0
2025-01-07 15:30:00+00:00,2025-01-07,2025-01-07:1,True,3,5,True,0.2640449438202247,0.2640449438202247,-7.886329245168973,True,0,0,0,True,-11.398669101940122,330.0,150.0,0.0,0.0,0.0,1.0,0.0
2025-01-07 15:35:00+00:00,2025-01-07,2025-01-07:1,True,3,10,True,-0.007751937984496124,0.005281829634539528,-0.38367031523397827,True,0,0,0,True,0.9079582112182544,325.0,155.0,0.0,0.0,0.0,1.0,0.0
2025-01-07 15:40:00+00:00,2025-01-07,2025-01-07:1,True,4,5,True,-0.06993006993006994,0.06993006993006994,0.0,True,0,0,0,True,0.411110846733022,320.0,160.0,0.0,0.0,0.0,0.0,1.0
2025-01-07 15:45:00+00:00,2025-01-07,2025-01-07:1,True,4,10,True,-0.05172413793103448,0.05172413793103448,0.6627429351686739,True,1,0,0,True,-0.415574649587684,315.0,165.0,0.0,0.0,0.0,0.0,1.0
2025-01-07 15:50:00+00:00,2025-01-07,2025-01-07:1,True,3,5,True,-0.29449838187702265,0.2025865515025521,-0.3741062985429286,True,1,0,0,True,0.0,310.0,170.0,0.0,0.0,0.0,1.0,0.0
2025-01-07 15:55:00+00:00,2025-01-07,2025-01-07:1,True,4,5,True,0.16149068322981366,0.16149068322981366,-0.09340260476839657,True,1,0,0,True,0.0,305.0,175.0,0.0,0.0,0.0,0.0,1.0
2025-01-07 16:00:00+00:00,2025-01-07,2025-01-07:1,True,0,5,True,0.23809523809523808,0.07323779346549181,1.1789591617913036,True,1,0,0,True,0.0,300.0,180.0,1.0,0.0,0.0,0.0,0.0
2025-01-07 16:05:00+00:00,2025-01-07,2025-01-07:1,True,0,10,True,-0.22865013774104684,0.22865013774104684,0.2703534661972188,True,1,0,0,True,-0.023654478523882055,295.0,185.0,1.0,0.0,0.0,0.0,0.0
2025-01-07 16:10:00+00:00,2025-01-07,2025-01-07:1,True,1,5,True,0.1069182389937107,0.06815451226417091,0.45028705409454906,True,0,0,0,True,0.4027489849369568,290.0,190.0,0.0,1.0,0.0,0.0,0.0
2025-01-07 16:15:00+00:00,2025-01-07,2025-01-07:1,True,0,5,True,0.25878594249201275,0.25878594249201275,-0.3580136798727331,True,0,0,0,True,0.010249532850985444,285.0,195.0,1.0,0.0,0.0,0.0,0.0
2025-01-07 16:20:00+00:00,2025-01-07,2025-01-07:1,True,1,5,True,0.23934426229508196,0.14009696843463074,0.5355681289964944,True,0,0,0,True,0.7983778286794035,280.0,200.0,0.0,1.0,0.0,0.0,0.0
2025-01-07 16:25:00+00:00,2025-01-07,2025-01-07:1,True,0,5,True,0.08417508417508418,0.08417508417508418,-0.35255886431789535,True,0,0,0,True,0.39417279334190936,275.0,205.0,1.0,0.0,0.0,0.0,0.0
2025-01-07 16:30:00+00:00,2025-01-07,2025-01-07:1,True,0,10,True,-0.25153374233128833,0.25153374233128833,0.1822697988528863,True,0,0,0,True,0.03744249045188239,270.0,210.0,1.0,0.0,0.0,0.0,0.0
2025-01-07 16:35:00+00:00,2025-01-07,2025-01-07:1,True,0,15,True,-0.24216524216524216,0.24216524216524216,0.6594235009281074,True,0,0,0,True,0.7372578870170242,265.0,215.0,1.0,0.0,0.0,0.0,0.0
2025-01-07 16:40:00+00:00,2025-01-07,2025-01-07:1,True,0,20,True,0.02821316614420063,0.0202631512893889,0.3309847243904316,True,0,0,0,True,0.08775790286583053,260.0,220.0,1.0,0.0,0.0,0.0,0.0
2025-01-07 16:45:00+00:00,2025-01-07,2025-01-07:1,True,1,5,True,0.05263157894736842,0.01233438344092842,1.4509255356050534,True,0,0,0,True,1.6221840639515954,255.0,225.0,0.0,1.0,0.0,0.0,0.0
2025-01-07 16:50:00+00:00,2025-01-07,2025-01-07:1,True,2,5,True,0.2028985507246377,0.2028985507246377,0.0,True,0,0,0,True,0.0,250.0,230.0,0.0,0.0,1.0,0.0,0.0
2025-01-07 16:55:00+00:00,2025-01-07,2025-01-07:1,True,1,5,True,0.034482758620689655,0.023291502750177665,0.3923708437727294,True,0,0,0,True,0.09139983383886861,245.0,235.0,0.0,1.0,0.0,0.0,0.0
2025-01-07 17:00:00+00:00,2025-01-07,2025-01-07:1,True,1,10,True,-0.408955223880597,0.408955223880597,0.8926637784028193,True,0,0,0,True,0.0,240.0,240.0,0.0,1.0,0.0,0.0,0.0
2025-01-07 17:05:00+00:00,2025-01-07,2025-01-07:1,True,1,15,True,0.1404494382022472,0.05250095450684034,0.9840162030432753,True,0,0,0,True,0.12953592125920255,235.0,245.0,0.0,1.0,0.0,0.0,0.0
2025-01-07 17:10:00+00:00,2025-01-07,2025-01-07:1,True,2,5,True,-0.152317880794702,0.152317880794702,0.0,True,0,0,0,True,-1.0783985791000184,230.0,250.0,0.0,0.0,1.0,0.0,0.0
2025-01-07 17:15:00+00:00,2025-01-07,2025-01-07:1,True,0,5,True,0.03731343283582089,0.03731343283582089,-0.9957894549818572,True,0,0,0,True,-1.1133264563084497,225.0,255.0,1.0,0.0,0.0,0.0,0.0
2025-01-07 17:20:00+00:00,2025-01-07,2025-01-07:1,True,1,5,True,-0.1452513966480447,0.1452513966480447,0.5086963041185854,True,0,0,0,True,0.9951955862894998,220.0,260.0,0.0,1.0,0.0,0.0,0.0
2025-01-07 17:25:00+00:00,2025-01-07,2025-01-07:1,True,1,10,True,-0.09259259259259259,0.09259259259259259,1.7003255800106767,True,0,0,0,True,2.5346957205249545,215.0,265.0,0.0,1.0,0.0,0.0,0.0
2025-01-07 17:30:00+00:00,2025-01-07,2025-01-07:1,True,0,5,True,-0.3507246376811594,0.12261360081735456,-1.0509634536783872,True,0,0,0,True,-2.261002891490313,210.0,270.0,1.0,0.0,0.0,0.0,0.0
2025-01-07 17:35:00+00:00,2025-01-07,2025-01-07:1,True,0,10,True,-0.09239130434782608,0.09239130434782608,1.040465668506015,True,0,0,0,True,1.1632759815154528,205.0,275.0,1.0,0.0,0.0,0.0,0.0
2025-01-07 17:40:00+00:00,2025-01-07,2025-01-07:1,True,0,15,True,-0.02097902097902098,0.02097902097902098,0.0,True,0,0,0,True,0.0,200.0,280.0,1.0,0.0,0.0,0.0,0.0
2025-01-07 17:45:00+00:00,2025-01-07,2025-01-07:1,True,1,5,True,-0.1465798045602606,0.1465798045602606,0.5365835624380716,True,0,0,0,True,-1.199837321223941,195.0,285.0,0.0,1.0,0.0,0.0,0.0
2025-01-07 17:50:00+00:00,2025-01-07,2025-01-07:1,True,1,10,True,0.012658227848101266,0.0008085022711658563,2.7508792173735155,True,0,0,0,True,2.4604611711761395,190.0,290.0,0.0,1.0,0.0,0.0,0.0
2025-01-07 17:55:00+00:00,2025-01-07,2025-01-07:1,True,1,15,True,-0.07878787878787878,0.07878787878787878,1.0764553578654619,True,0,0,0,True,1.639460684284806,185.0,295.0,0.0,1.0,0.0,0.0,0.0
2025-01-07 18:00:00+00:00,2025-01-07,2025-01-07:1,True,1,20,True,0.14745308310991956,0.030963575872565714,1.5606985027589753,True,0,0,0,True,2.7406885283064457,180.0,300.0,0.0,1.0,0.0,0.0,0.0
2025-01-07 18:05:00+00:00,2025-01-07,2025-01-07:1,True,1,25,True,-0.1286549707602339,0.1286549707602339,0.4707401025324594,True,0,0,0,True,0.0,175.0,305.0,0.0,1.0,0.0,0.0,0.0
2025-01-07 18:10:00+00:00,2025-01-07,2025-01-07:1,True,1,30,True,0.036303630363036306,0.014271411453401675,0.9336594091340074,True,0,0,0,True,-2.6096573833228773,170.0,310.0,0.0,1.0,0.0,0.0,0.0
2025-01-07 18:15:00+00:00,2025-01-07,2025-01-07:1,True,2,5,True,-0.23659305993690852,0.10040739098382638,-0.8571057987162602,True,0,0,0,True,0.0,165.0,315.0,0.0,0.0,1.0,0.0,0.0
2025-01-07 18:20:00+00:00,2025-01-07,2025-01-07:1,True,2,10,True,0.014705882352941176,0.014705882352941176,0.0,True,0,0,0,True,0.5353590246792371,160.0,320.0,0.0,0.0,1.0,0.0,0.0
2025-01-07 18:25:00+00:00,2025-01-07,2025-01-07:1,True,0,5,True,-0.08527131782945736,0.08527131782945736,0.0,True,0,0,0,True,0.8858602558080572,155.0,325.0,1.0,0.0,0.0,0.0,0.0
2025-01-07 18:30:00+00:00,2025-01-07,2025-01-07:1,True,0,10,True,-0.11186440677966102,0.11186440677966102,0.5981274468263802,True,0,0,0,True,0.6242856633291155,150.0,330.0,1.0,0.0,0.0,0.0,0.0
2025-01-07 18:35:00+00:00,2025-01-07,2025-01-07:1,True,0,15,True,0.08123249299719888,0.08123249299719888,-1.154730742026549,True,0,0,0,True,-0.5897262934696283,145.0,335.0,1.0,0.0,0.0,0.0,0.0
2025-01-07 18:40:00+00:00,2025-01-07,2025-01-07:1,True,0,20,True,-0.13454545454545455,0.13454545454545455,0.7670964504637353,True,0,0,0,True,-0.5819371866408418,140.0,340.0,1.0,0.0,0.0,0.0,0.0
2025-01-07 18:45:00+00:00,2025-01-07,2025-01-07:1,True,0,25,True,0.1836734693877551,0.1836734693877551,-0.18293628260674738,True,0,0,0,True,0.8181159269219244,135.0,345.0,1.0,0.0,0.0,0.0,0.0
2025-01-07 18:50:00+00:00,2025-01-07,2025-01-07:1,True,0,30,True,-0.04411764705882353,0.04411764705882353,0.0,True,0,0,0,True,0.8250080840715223,130.0,350.0,1.0,0.0,0.0,0.0,0.0
2025-01-07 18:55:00+00:00,2025-01-07,2025-01-07:1,True,0,35,True,0.0872093023255814,0.042513612572018425,0.7184866828120781,True,0,0,0,True,-0.8032925318503513,125.0,355.0,1.0,0.0,0.0,0.0,0.0
2025-01-07 19:00:00+00:00,2025-01-07,2025-01-07:1,True,3,5,True,-0.3407202216066482,0.042187746203641185,-2.0889318714677927,True,0,0,0,True,-2.335496832483919,120.0,360.0,0.0,0.0,0.0,1.0,0.0
2025-01-07 19:05:00+00:00,2025-01-07,2025-01-07:1,True,0,5,True,0.13479623824451412,0.09516469098443935,0.3481553119119585,True,0,0,0,True,0.29883794547077347,115.0,365.0,1.0,0.0,0.0,0.0,0.0
2025-01-07 19:10:00+00:00,2025-01-07,2025-01-07:1,True,0,10,True,-0.23582089552238805,0.16452550149386336,-0.36000701715488265,True,0,0,0,True,0.0,110.0,370.0,1.0,0.0,0.0,0.0,0.0
2025-01-07 19:15:00+00:00,2025-01-07,2025-01-07:1,True,3,5,True,-0.1673469387755102,0.03777884685818276,-1.488319796080954,True,0,0,0,True,-2.638228350543644,105.0,375.0,0.0,0.0,0.0,1.0,0.0
2025-01-07 19:20:00+00:00,2025-01-07,2025-01-07:1,True,3,10,True,0.12933753943217666,0.12933753943217666,-1.361620292139352,True,0,0,0,True,-0.7611688831911377,100.0,380.0,0.0,0.0,0.0,1.0,0.0
2025-01-07 19:25:00+00:00,2025-01-07,2025-01-07:1,True,4,5,True,-0.14012738853503184,0.14012738853503184,0.0,True,0,0,0,True,0.4285723813575041,95.0,385.0,0.0,0.0,0.0,0.0,1.0
2025-01-07 19:30:00+00:00,2025-01-07,2025-01-07:1,True,4,10,True,-0.17886178861788618,0.17886178861788618,0.0,True,0,0,0,True,0.0,90.0,390.0,0.0,0.0,0.0,0.0,1.0
2025-01-07 19:35:00+00:00,2025-01-07,2025-01-07:1,True,4,15,True,-0.13011152416356878,0.13011152416356878,0.47741973530888904,True,0,0,0,True,1.199689917294633,85.0,395.0,0.0,0.0,0.0,0.0,1.0
2025-01-07 19:40:00+00:00,2025-01-07,2025-01-07:1,True,3,5,True,-0.05016722408026756,0.009398181618669628,-1.6748456809529455,True,0,0,0,True,-0.7202631277477443,80.0,400.0,0.0,0.0,0.0,1.0,0.0
2025-01-07 19:45:00+00:00,2025-01-07,2025-01-07:1,True,4,5,True,-0.1134020618556701,0.1134020618556701,0.0,True,0,0,0,True,0.6850161193555342,75.0,405.0,0.0,0.0,0.0,0.0,1.0
2025-01-07 19:50:00+00:00,2025-01-07,2025-01-07:1,True,0,5,True,-0.18674698795180722,0.18674698795180722,0.9174053331207667,True,0,0,0,True,0.6837935625942535,70.0,410.0,1.0,0.0,0.0,0.0,0.0
2025-01-07 19:55:00+00:00,2025-01-07,2025-01-07:1,True,0,10,True,-0.3291139240506329,0.3291139240506329,0.630499387645029,True,0,0,0,True,0.569947981864429,65.0,415.0,1.0,0.0,0.0,0.0,0.0
2025-01-07 20:00:00+00:00,2025-01-07,2025-01-07:1,True,0,15,True,0.14743589743589744,0.14743589743589744,-1.9459338999898028,True,0,0,0,True,-1.5613788338186714,60.0,420.0,1.0,0.0,0.0,0.0,0.0
2025-01-07 20:05:00+00:00,2025-01-07,2025-01-07:1,True,4,5,True,0.028985507246376812,0.028985507246376812,-0.1632102049954886,True,0,0,0,True,-0.6037675432656517,55.0,425.0,0.0,0.0,0.0,0.0,1.0
2025-01-07 20:10:00+00:00,2025-01-07,2025-01-07:1,True,0,5,True,-0.2833333333333333,0.2833333333333333,0.306333294759005,True,0,0,0,True,-0.43598959073200444,50.0,430.0,1.0,0.0,0.0,0.0,0.0
2025-01-07 20:15:00+00:00,2025-01-07,2025-01-07:1,True,0,10,True,0.23448275862068965,0.08513793639213094,1.0131093388899817,True,0,0,0,True,0.137644613398934,45.0,435.0,1.0,0.0,0.0,0.0,0.0
2025-01-07 20:20:00+00:00,2025-01-07,2025-01-07:1,True,0,15,True,0.0926517571884984,0.0926517571884984,0.0,True,0,0,0,True,-0.5609024175556584,40.0,440.0,1.0,0.0,0.0,0.0,0.0
2025-01-07 20:25:00+00:00,2025-01-07,2025-01-07:1,True,0,20,True,-0.2135593220338983,0.11201320553052116,-0.6452978781666727,True,0,0,0,True,0.0,35.0,445.0,1.0,0.0,0.0,0.0,0.0
2025-01-07 20:30:00+00:00,2025-01-07,2025-01-07:1,True,0,25,True,0.2912280701754386,0.2912280701754386,-0.3481553119111063,True,0,0,0,True,-1.4228050531365857,30.0,450.0,1.0,0.0,0.0,0.0,0.0
2025-01-07 20:35:00+00:00,2025-01-07,2025-01-07:1,True,0,30,True,0.2253968253968254,0.11305640631403098,0.6899756521092106,True,0,0,0,True,0.0,25.0,455.0,1.0,0.0,0.0,0.0,0.0
2025-01-07 20:40:00+00:00,2025-01-07,2025-01-07:1,True,0,35,True,-0.05405405405405406,0.05405405405405406,0.0,True,0,0,0,True,1.6316493713328495,20.0,460.0,1.0,0.0,0.0,0.0,0.0
2025-01-07 20:45:00+00:00,2025-01-07,2025-01-07:1,True,0,40,True,-0.255663430420712,0.255663430420712,0.0,True,0,0,0,True,0.14446039724566254,15.0,465.0,1.0,0.0,0.0,0.0,0.0
2025-01-07 20:50:00+00:00,2025-01-07,2025-01-07:1,True,0,45,True,-0.0670391061452514,0.0670391061452514,0.3672639852016682,True,0,0,0,True,0.0,10.0,470.0,1.0,0.0,0.0,0.0,0.0
2025-01-07 20:55:00+00:00,2025-01-07,2025-01-07:1,True,0,50,True,-0.04182509505703422,0.04182509505703422,1.0954451150103843,True,0,0,0,True,0.17795056297946796,5.0,475.0,1.0,0.0,0.0,0.0,0.0
2025-01-07 21:00:00+00:00,2025-01-07,2025-01-07:1,True,1,5,True,-0.09701492537313433,0.09701492537313433,0.3681064959278106,True,0,0,0,True,0.6581516678320084,0.0,480.0,0.0,1.0,0.0,0.0,0.0
2025-01-08 13:00:00+00:00,2025-01-08,2025-01-08:1,False,-1,0,False,,,,False,0,0,0,False,,480.0,0.0,,,,,
2025-01-08 13:05:00+00:00,2025-01-08,2025-01-08:1,False,-1,0,True,-0.08673469387755102,,,False,0,0,0,False,,475.0,5.0,,,,,
2025-01-08 13:10:00+00:00,2025-01-08,2025-01-08:1,False,-1,0,True,-0.13043478260869565,,,False,0,0,0,False,,470.0,10.0,,,,,
2025-01-08 13:15:00+00:00,2025-01-08,2025-01-08:1,False,-1,0,True,-0.2864864864864865,,,False,0,0,0,False,,465.0,15.0,,,,,
2025-01-08 13:20:00+00:00,2025-01-08,2025-01-08:1,False,-1,0,True,-0.16901408450704225,,,False,0,0,0,False,,460.0,20.0,,,,,
2025-01-08 13:25:00+00:00,2025-01-08,2025-01-08:1,False,-1,0,True,0.1649122807017544,,,False,0,0,0,False,,455.0,25.0,,,,,
2025-01-08 13:30:00+00:00,2025-01-08,2025-01-08:1,False,-1,0,True,-0.07333333333333333,,,False,0,0,0,False,,450.0,30.0,,,,,
2025-01-08 13:35:00+00:00,2025-01-08,2025-01-08:1,False,-1,0,True,0.16065573770491803,,,False,0,0,0,False,,445.0,35.0,,,,,
2025-01-08 13:40:00+00:00,2025-01-08,2025-01-08:1,False,-1,0,True,0.05573770491803279,,,False,0,0,0,False,,440.0,40.0,,,,,
2025-01-08 13:45:00+00:00,2025-01-08,2025-01-08:1,False,-1,0,True,0.23780487804878048,,,False,0,0,0,False,,435.0,45.0,,,,,
2025-01-08 13:50:00+00:00,2025-01-08,2025-01-08:1,False,-1,0,True,-0.30362116991643456,,,False,0,0,0,False,,430.0,50.0,,,,,
2025-01-08 13:55:00+00:00,2025-01-08,2025-01-08:1,False,-1,0,True,-0.08305647840531562,,,False,0,0,0,False,,425.0,55.0,,,,,
2025-01-08 14:00:00+00:00,2025-01-08,2025-01-08:1,False,-1,0,True,-0.025454545454545455,,,False,0,0,0,False,,420.0,60.0,,,,,
2025-01-08 14:05:00+00:00,2025-01-08,2025-01-08:1,True,2,5,True,-0.23607427055702918,0.23607427055702918,0.0,True,0,0,0,False,,415.0,65.0,0.0,0.0,1.0,0.0,0.0
2025-01-08 14:10:00+00:00,2025-01-08,2025-01-08:1,True,1,5,True,-0.04316546762589928,0.04316546762589928,1.116166528743796,True,0,0,0,False,,410.0,70.0,0.0,1.0,0.0,0.0,0.0
2025-01-08 14:15:00+00:00,2025-01-08,2025-01-08:1,True,0,5,True,-0.19078947368421054,0.19078947368421054,0.2699608670895821,True,0,0,0,False,,405.0,75.0,1.0,0.0,0.0,0.0,0.0
2025-01-08 14:20:00+00:00,2025-01-08,2025-01-08:1,True,0,10,True,0.028985507246376812,0.009789902094123884,1.0854444990526264,True,0,0,0,False,,400.0,80.0,1.0,0.0,0.0,0.0,0.0
2025-01-08 14:25:00+00:00,2025-01-08,2025-01-08:1,True,0,15,True,-0.16455696202531644,0.16455696202531644,0.0,True,0,0,0,False,,395.0,85.0,1.0,0.0,0.0,0.0,0.0
2025-01-08 14:30:00+00:00,2025-01-08,2025-01-08:1,True,2,5,True,-0.18498659517426275,0.12488296057195805,-0.39290638067471306,True,0,0,0,False,,390.0,90.0,0.0,0.0,1.0,0.0,0.0
2025-01-08 14:35:00+00:00,2025-01-08,2025-01-08:1,True,1,5,True,-0.2641509433962264,0.2641509433962264,0.2735029753868965,True,0,0,0,False,,385.0,95.0,0.0,1.0,0.0,0.0,0.0
2025-01-08 14:40:00+00:00,2025-01-08,2025-01-08:1,True,0,5,True,0.045576407506702415,0.045576407506702415,0.0,True,0,0,0,False,,380.0,100.0,1.0,0.0,0.0,0.0,0.0
2025-01-08 14:45:00+00:00,2025-01-08,2025-01-08:1,True,0,10,True,-0.003115264797507788,0.000968887766812998,-1.1679206533739737,True,0,0,0,False,,375.0,105.0,1.0,0.0,0.0,0.0,0.0
2025-01-08 14:50:00+00:00,2025-01-08,2025-01-08:1,True,0,15,True,0.329073482428115,0.329073482428115,-0.29927646073357633,True,0,0,0,False,,370.0,110.0,1.0,0.0,0.0,0.0,0.0
2025-01-08 14:55:00+00:00,2025-01-08,2025-01-08:1,True,3,5,True,-0.0728476821192053,0.03986014927895273,-0.6029936551063434,True,0,0,0,False,,365.0,115.0,0.0,0.0,0.0,1.0,0.0
2025-01-08 15:00:00+00:00,2025-01-08,2025-01-08:1,True,0,5,True,0.18090452261306533,0.12708745365258697,0.3530939318015398,True,0,0,0,False,,360.0,120.0,1.0,0.0,0.0,0.0,0.0
2025-01-08 15:05:00+00:00,2025-01-08,2025-01-08:1,True,3,5,True,0.056856187290969896,0.056856187290969896,-0.3732220159086867,True,0,0,0,True,0.0,355.0,125.0,0.0,0.0,0.0,1.0,0.0
2025-01-08 15:10:00+00:00,2025-01-08,2025-01-08:1,True,4,5,True,0.17763157894736842,0.08108365207035101,0.7842302607692205,True,0,0,0,True,0.0,350.0,130.0,0.0,0.0,0.0,0.0,1.0
2025-01-08 15:15:00+00:00,2025-01-08,2025-01-08:1,True,0,5,True,-0.25161290322580643,0.16715286424667372,-0.4089830596869829,True,0,0,0,True,-0.6865972147272319,345.0,135.0,1.0,0.0,0.0,0.0,0.0
2025-01-08 15:20:00+00:00,2025-01-08,2025-01-08:1,True,0,10,True,-0.09422492401215805,0.09422492401215805,0.0,True,0,0,0,True,-0.9277596397042578,340.0,140.0,1.0,0.0,0.0,0.0,0.0
2025-01-08 15:25:00+00:00,2025-01-08,2025-01-08:1,True,0,15,True,-0.11420612813370473,0.11420612813370473,0.41994012721262597,True,0,0,0,True,-0.6784217581882768,335.0,145.0,1.0,0.0,0.0,0.0,0.0
2025-01-08 15:30:00+00:00,2025-01-08,2025-01-08:1,True,0,20,True,0.18,0.18,-1.6543557565766123,True,0,0,0,True,-5.774067107372085,330.0,150.0,1.0,0.0,0.0,0.0,0.0
2025-01-08 15:35:00+00:00,2025-01-08,2025-01-08:1,True,3,5,True,-0.31645569620253167,0.07553691075268024,-1.4325618304517944,True,0,0,0,True,0.1822529332756608,325.0,155.0,0.0,0.0,0.0,1.0,0.0
2025-01-08 15:40:00+00:00,2025-01-08,2025-01-08:1,True,4,5,True,-0.25308641975308643,0.25308641975308643,0.0,True,0,0,0,True,0.5194479622657447,320.0,160.0,0.0,0.0,0.0,0.0,1.0
2025-01-08 15:45:00+00:00,2025-01-08,2025-01-08:1,True,4,10,True,0.2028985507246377,0.2028985507246377,0.0,True,0,0,0,True,0.6660815412737257,315.0,165.0,0.0,0.0,0.0,0.0,1.0
2025-01-08 15:50:00+00:00,2025-01-08,2025-01-08:1,True,3,5,True,-0.052980132450331126,0.029361308362840146,-0.5902392183265894,True,0,0,0,True,0.48528161877907694,310.0,170.0,0.0,0.0,0.0,1.0,0.0
2025-01-08 15:55:00+00:00,2025-01-08,2025-01-08:1,True,4,5,True,0.09929078014184398,0.04132818658307391,0.8765079671867666,True,1,0,0,True,0.36029192168109375,305.0,175.0,0.0,0.0,0.0,0.0,1.0
2025-01-08 16:00:00+00:00,2025-01-08,2025-01-08:1,True,0,5,True,-0.19533527696793002,0.19533527696793002,1.3039007345236082,True,0,0,0,True,0.3852104682197153,300.0,180.0,1.0,0.0,0.0,0.0,0.0
2025-01-08 16:05:00+00:00,2025-01-08,2025-01-08:1,True,1,5,True,0.08176100628930817,0.020361145525218186,1.39017198060626,True,0,0,0,True,1.0720339055515116,295.0,185.0,0.0,1.0,0.0,0.0,0.0
2025-01-08 16:10:00+00:00,2025-01-08,2025-01-08:1,True,0,5,True,0.050445103857566766,0.050445103857566766,-1.5561877235358357,True,0,0,0,True,0.0,290.0,190.0,1.0,0.0,0.0,0.0,0.0
2025-01-08 16:15:00+00:00,2025-01-08,2025-01-08:1,True,0,10,True,0.1242603550295858,0.1242603550295858,0.0,True,0,0,0,True,0.32370074209989996,285.0,195.0,1.0,0.0,0.0,0.0,0.0
2025-01-08 16:20:00+00:00,2025-01-08,2025-01-08:1,True,1,5,True,-0.036303630363036306,0.036303630363036306,1.1251614158247745,True,0,0,0,True,-0.27954860127121395,280.0,200.0,0.0,1.0,0.0,0.0,0.0
2025-01-08 16:25:00+00:00,2025-01-08,2025-01-08:1,True,2,5,True,0.11585365853658537,0.11585365853658537,0.0,True,0,0,0,True,0.0,275.0,205.0,0.0,0.0,1.0,0.0,0.0
2025-01-08 16:30:00+00:00,2025-01-08,2025-01-08:1,True,0,5,True,-0.06962025316455696,0.047609902527796455,-0.38001474285447145,True,0,0,0,True,-0.8497387974747007,270.0,210.0,1.0,0.0,0.0,0.0,0.0
2025-01-08 16:35:00+00:00,2025-01-08,2025-01-08:1,True,0,10,True,0.006289308176100629,0.006289308176100629,0.0,True,0,0,0,True,-0.48135794843746155,265.0,215.0,1.0,0.0,0.0,0.0,0.0
2025-01-08 16:40:00+00:00,2025-01-08,2025-01-08:1,True,3,5,True,-0.09283819628647215,0.0031281988377892885,-3.390400765292589,True,0,0,0,True,-3.0013615163746996,260.0,220.0,0.0,0.0,0.0,1.0,0.0
2025-01-08 16:45:00+00:00,2025-01-08,2025-01-08:1,True,0,5,True,-0.17966101694915254,0.17966101694915254,0.8551853593197933,True,0,0,0,True,0.8453351492462405,255.0,225.0,1.0,0.0,0.0,0.0,0.0
2025-01-08 16:50:00+00:00,2025-01-08,2025-01-08:1,True,3,5,True,-0.10256410256410256,0.019840663987220435,-1.642754425577861,True,0,0,0,True,-0.4171340226987581,250.0,230.0,0.0,0.0,0.0,1.0,0.0
2025-01-08 16:55:00+00:00,2025-01-08,2025-01-08:1,True,4,5,True,-0.329073482428115,0.329073482428115,0.5496253775808911,True,1,0,0,True,-0.21345782768544613,245.0,235.0,0.0,0.0,0.0,0.0,1.0
2025-01-08 17:00:00+00:00,2025-01-08,2025-01-08:1,True,4,10,True,0.1167192429022082,0.040058815530367206,1.0694226553382677,True,1,0,0,True,0.5978254385045233,240.0,240.0,0.0,0.0,0.0,0.0,1.0
2025-01-08 17:05:00+00:00,2025-01-08,2025-01-08:1,True,3,5,True,-0.18604651162790697,0.08769829213516041,-0.7520942797233318,True,0,1,1,True,1.1211559566339389,235.0,245.0,0.0,0.0,0.0,1.0,0.0
2025-01-08 17:10:00+00:00,2025-01-08,2025-01-08:1,True,0,5,True,-0.01675977653631285,0.004409001697104064,-1.3353334705156288,True,0,0,1,True,-0.27144512842732466,230.0,250.0,1.0,0.0,0.0,0.0,0.0
2025-01-08 17:15:00+00:00,2025-01-08,2025-01-08:1,True,3,5,True,0.1497584541062802,0.1497584541062802,-0.6044836602079884,True,0,0,1,True,-0.9476940502375186,225.0,255.0,0.0,0.0,0.0,1.0,0.0
2025-01-08 17:20:00+00:00,2025-01-08,2025-01-08:1,True,0,5,True,-0.2784090909090909,0.2784090909090909,0.4699868149971617,True,0,0,1,True,-1.050922466860778,220.0,260.0,1.0,0.0,0.0,0.0,0.0
2025-01-08 17:25:00+00:00,2025-01-08,2025-01-08:1,True,0,10,True,-0.32507739938080493,0.32507739938080493,0.5799775877399745,True,0,0,1,True,-0.518747724644583,215.0,265.0,1.0,0.0,0.0,0.0,0.0
2025-01-08 17:30:00+00:00,2025-01-08,2025-01-08:1,True,0,15,True,0.05190311418685121,0.023479240315303938,0.7932621520795641,True,0,0,1,True,0.095347132381631,210.0,270.0,1.0,0.0,0.0,0.0,0.0
2025-01-08 17:35:00+00:00,2025-01-08,2025-01-08:1,True,0,20,True,-0.32919254658385094,0.18595754706217069,-0.571124421488906,True,0,0,1,True,-0.3691070038850129,205.0,275.0,1.0,0.0,0.0,0.0,0.0
2025-01-08 17:40:00+00:00,2025-01-08,2025-01-08:1,True,1,5,True,0.07936507936507936,0.010551082917553382,2.0178299641568005,True,0,0,1,True,0.08958231597501876,200.0,280.0,0.0,1.0,0.0,0.0,0.0
2025-01-08 17:45:00+00:00,2025-01-08,2025-01-08:1,True,2,5,True,-0.08359133126934984,0.08359133126934984,0.0,True,0,0,1,True,0.08821382616779697,195.0,285.0,0.0,0.0,1.0,0.0,0.0
2025-01-08 17:50:00+00:00,2025-01-08,2025-01-08:1,True,2,10,True,0.21967213114754097,0.21967213114754097,-0.2415467576082562,True,0,0,1,True,-0.5401149697567253,190.0,290.0,0.0,0.0,1.0,0.0,0.0
2025-01-08 17:55:00+00:00,2025-01-08,2025-01-08:1,True,2,15,True,-0.17037037037037037,0.17037037037037037,0.0,True,0,0,1,True,-0.5465023941416243,185.0,295.0,0.0,0.0,1.0,0.0,0.0
2025-01-08 18:00:00+00:00,2025-01-08,2025-01-08:1,True,1,5,True,-0.19507186858316222,0.19507186858316222,0.8718979196265809,True,0,0,1,True,1.5917545179488086,180.0,300.0,0.0,1.0,0.0,0.0,0.0
2025-01-08 18:05:00+00:00,2025-01-08,2025-01-08:1,True,1,10,True,-0.03880597014925373,0.03880597014925373,1.8295119612234279,True,0,0,1,True,0.46461613916824596,175.0,305.0,0.0,1.0,0.0,0.0,0.0
2025-01-08 18:10:00+00:00,2025-01-08,2025-01-08:1,True,1,15,True,-0.2247557003257329,0.2247557003257329,0.5782698613873033,True,0,0,1,True,0.72726710259927,170.0,310.0,0.0,1.0,0.0,0.0,0.0
2025-01-08 18:15:00+00:00,2025-01-08,2025-01-08:1,True,2,5,True,0.119533527696793,0.119533527696793,-0.1466092674438811,True,0,0,1,True,0.6556565762719301,165.0,315.0,0.0,0.0,1.0,0.0,0.0
2025-01-08 18:20:00+00:00,2025-01-08,2025-01-08:1,True,2,10,True,0.3222591362126246,0.3222591362126246,-0.9386121173229459,True,0,0,1,True,-0.6400116673852934,160.0,320.0,0.0,0.0,1.0,0.0,0.0
2025-01-08 18:25:00+00:00,2025-01-08,2025-01-08:1,True,1,5,True,0.17086834733893558,0.12295815199155694,0.32904929160488955,True,0,0,1,True,-0.7357765839745927,155.0,325.0,0.0,1.0,0.0,0.0,0.0
2025-01-08 18:30:00+00:00,2025-01-08,2025-01-08:1,True,2,5,True,0.06231454005934718,0.06231454005934718,0.0,True,0,0,1,True,0.0,150.0,330.0,0.0,0.0,1.0,0.0,0.0
2025-01-08 18:35:00+00:00,2025-01-08,2025-01-08:1,True,0,5,True,0.05917159763313609,0.05917159763313609,-0.6239324708961633,True,0,0,1,True,0.0,145.0,335.0,1.0,0.0,0.0,0.0,0.0
2025-01-08 18:40:00+00:00,2025-01-08,2025-01-08:1,True,0,10,True,0.10985915492957747,0.015213457938581275,1.977018708815139,True,0,0,1,True,0.7367913709492209,140.0,340.0,1.0,0.0,0.0,0.0,0.0
2025-01-08 18:45:00+00:00,2025-01-08,2025-01-08:1,True,0,15,True,-0.029411764705882353,0.029411764705882353,0.33092712342857045,True,0,0,1,True,0.0,135.0,345.0,1.0,0.0,0.0,0.0,0.0
2025-01-08 18:50:00+00:00,2025-01-08,2025-01-08:1,True,0,20,True,-0.017064846416382253,0.008813094802199932,-0.6607819212533889,True,0,0,1,True,0.747336097868736,130.0,350.0,1.0,0.0,0.0,0.0,0.0
2025-01-08 18:55:00+00:00,2025-01-08,2025-01-08:1,True,0,25,True,0.12540192926045016,0.0899106732707208,0.332707354689844,True,0,0,1,True,0.7439562617006248,125.0,355.0,1.0,0.0,0.0,0.0,0.0
2025-01-08 19:00:00+00:00,2025-01-08,2025-01-08:1,True,0,30,True,-0.2585669781931464,0.2585669781931464,0.34225862479608726,True,0,0,1,True,0.7551065865874828,120.0,360.0,1.0,0.0,0.0,0.0,0.0
2025-01-08 19:05:00+00:00,2025-01-08,2025-01-08:1,True,2,5,True,-0.011695906432748537,0.007967585428282896,-0.38385741369368104,True,0,0,1,True,0.8583312706863295,115.0,365.0,0.0,0.0,1.0,0.0,0.0
2025-01-08 19:10:00+00:00,2025-01-08,2025-01-08:1,True,0,5,True,0.13580246913580246,0.04083489246735592,1.2016644736463216,True,0,0,1,True,0.0,110.0,370.0,1.0,0.0,0.0,0.0,0.0
2025-01-08 19:15:00+00:00,2025-01-08,2025-01-08:1,True,0,10,True,0.07563025210084033,0.07563025210084033,-0.8049264919954326,True,0,0,1,True,0.899935176494835,105.0,375.0,1.0,0.0,0.0,0.0,0.0
2025-01-08 19:20:00+00:00,2025-01-08,2025-01-08:1,True,0,15,True,-0.09657320872274143,0.09657320872274143,0.0,True,0,0,1,True,0.0,100.0,380.0,1.0,0.0,0.0,0.0,0.0
2025-01-08 19:25:00+00:00,2025-01-08,2025-01-08:1,True,0,20,True,0.18411552346570398,0.18411552346570398,0.0,True,0,0,1,True,0.0,95.0,385.0,1.0,0.0,0.0,0.0,0.0
2025-01-08 19:30:00+00:00,2025-01-08,2025-01-08:1,True,0,25,True,0.11688311688311688,0.11688311688311688,0.0,True,0,0,1,True,-0.8767221238808596,90.0,390.0,1.0,0.0,0.0,0.0,0.0
2025-01-08 19:35:00+00:00,2025-01-08,2025-01-08:1,True,0,30,True,-0.2425249169435216,0.10092040827249488,-0.8767722861106876,True,0,0,1,True,-0.9802612162656962,85.0,395.0,1.0,0.0,0.0,0.0,0.0
2025-01-08 19:40:00+00:00,2025-01-08,2025-01-08:1,True,3,5,True,0.028391167192429023,0.028391167192429023,-0.4810906210708037,True,0,0,1,True,-1.197999681546526,80.0,400.0,0.0,0.0,0.0,1.0,0.0
2025-01-08 19:45:00+00:00,2025-01-08,2025-01-08:1,True,0,5,True,0.40764331210191085,0.2530842568098423,0.47667009283950956,True,0,0,1,True,0.9454513918950037,75.0,405.0,1.0,0.0,0.0,0.0,0.0
2025-01-08 19:50:00+00:00,2025-01-08,2025-01-08:1,True,0,10,True,0.06752411575562701,0.06752411575562701,-0.4766700928394843,True,0,0,1,True,1.0658667304271934,70.0,410.0,1.0,0.0,0.0,0.0,0.0
2025-01-08 19:55:00+00:00,2025-01-08,2025-01-08:1,True,0,15,True,0.0449438202247191,0.028222029975357662,0.4653103926075475,True,0,0,1,True,-0.9649250348032689,65.0,415.0,1.0,0.0,0.0,0.0,0.0
2025-01-08 20:00:00+00:00,2025-01-08,2025-01-08:1,True,0,20,True,-0.013157894736842105,0.013157894736842105,0.0,True,0,0,1,True,-0.5145406450284588,60.0,420.0,1.0,0.0,0.0,0.0,0.0
2025-01-08 20:05:00+00:00,2025-01-08,2025-01-08:1,True,0,25,True,-0.1962025316455696,0.0786502959372452,-0.9141360582317902,True,0,0,1,True,-1.0220351834435422,55.0,425.0,1.0,0.0,0.0,0.0,0.0
2025-01-08 20:10:00+00:00,2025-01-08,2025-01-08:1,True,0,30,True,-0.15901060070671377,0.15901060070671377,0.4778215642626576,True,0,0,1,True,2.1368829976131734,50.0,430.0,1.0,0.0,0.0,0.0,0.0
2025-01-08 20:15:00+00:00,2025-01-08,2025-01-08:1,True,0,35,True,0.11594202898550725,0.0449144046210352,0.9483317571535741,True,0,0,1,True,0.2875393913664054,45.0,435.0,1.0,0.0,0.0,0.0,0.0
2025-01-08 20:20:00+00:00,2025-01-08,2025-01-08:1,True,0,40,True,0.010380622837370242,0.010380622837370242,-0.4570680291152912,True,0,0,1,True,-0.2349308410139067,40.0,440.0,1.0,0.0,0.0,0.0,0.0
2025-01-08 20:25:00+00:00,2025-01-08,2025-01-08:1,True,0,45,True,-0.0707070707070707,0.026324750957362135,-0.9880359802367009,True,0,0,1,True,-0.16920512152054917,35.0,445.0,1.0,0.0,0.0,0.0,0.0
2025-01-08 20:30:00+00:00,2025-01-08,2025-01-08:1,True,0,50,True,-0.03559870550161812,0.03559870550161812,0.2462567730780212,True,0,0,1,True,-1.1012937690443911,30.0,450.0,1.0,0.0,0.0,0.0,0.0
2025-01-08 20:35:00+00:00,2025-01-08,2025-01-08:1,True,0,55,True,0.3069306930693069,0.3069306930693069,-0.2602781462674254,True,0,0,1,True,0.5819996281115963,25.0,455.0,1.0,0.0,0.0,0.0,0.0
2025-01-08 20:40:00+00:00,2025-01-08,2025-01-08:1,True,0,60,True,0.08307692307692308,0.08307692307692308,-1.0406645913009764,True,0,0,1,True,0.0,20.0,460.0,1.0,0.0,0.0,0.0,0.0
2025-01-08 20:45:00+00:00,2025-01-08,2025-01-08:1,True,0,65,True,0.24848484848484848,0.05155312461111737,1.5727690499470497,True,0,0,1,True,1.1722728361953445,15.0,465.0,1.0,0.0,0.0,0.0,0.0
2025-01-08 20:50:00+00:00,2025-01-08,2025-01-08:1,True,0,70,True,-0.0410958904109589,0.012082205036282039,-1.2241744145368136,True,0,0,1,True,0.0,10.0,470.0,1.0,0.0,0.0,0.0,0.0
2025-01-08 20:55:00+00:00,2025-01-08,2025-01-08:1,True,0,75,True,-0.045936395759717315,0.045936395759717315,0.7521276638498642,True,0,0,1,True,0.0,5.0,475.0,1.0,0.0,0.0,0.0,0.0
2025-01-08 21:00:00+00:00,2025-01-08,2025-01-08:1,True,0,80,True,-0.05802047781569966,0.03506819909966922,-0.5035013027797184,True,0,0,1,True,-0.7601929391535116,0.0,480.0,1.0,0.0,0.0,0.0,0.0
2025-01-09 13:00:00+00:00,2025-01-09,2025-01-09:1,False,-1,0,False,,,,False,0,0,0,False,,480.0,0.0,,,,,
2025-01-09 13:05:00+00:00,2025-01-09,2025-01-09:1,False,-1,0,True,-0.21407624633431085,,,False,0,0,0,False,,475.0,5.0,,,,,
2025-01-09 13:10:00+00:00,2025-01-09,2025-01-09:1,False,-1,0,True,-0.1320754716981132,,,False,0,0,0,False,,470.0,10.0,,,,,
2025-01-09 13:15:00+00:00,2025-01-09,2025-01-09:1,False,-1,0,True,-0.2112676056338028,,,False,0,0,0,False,,465.0,15.0,,,,,
2025-01-09 13:20:00+00:00,2025-01-09,2025-01-09:1,False,-1,0,True,0.13333333333333333,,,False,0,0,0,False,,460.0,20.0,,,,,
2025-01-09 13:25:00+00:00,2025-01-09,2025-01-09:1,False,-1,0,True,0.18213058419243985,,,False,0,0,0,False,,455.0,25.0,,,,,
2025-01-09 13:30:00+00:00,2025-01-09,2025-01-09:1,False,-1,0,True,0.19395465994962216,,,False,0,0,0,False,,450.0,30.0,,,,,
2025-01-09 13:35:00+00:00,2025-01-09,2025-01-09:1,False,-1,0,True,0.16666666666666666,,,False,0,0,0,False,,445.0,35.0,,,,,
2025-01-09 13:40:00+00:00,2025-01-09,2025-01-09:1,False,-1,0,True,-0.20930232558139536,,,False,0,0,0,False,,440.0,40.0,,,,,
2025-01-09 13:45:00+00:00,2025-01-09,2025-01-09:1,False,-1,0,True,-0.18055555555555555,,,False,0,0,0,False,,435.0,45.0,,,,,
2025-01-09 13:50:00+00:00,2025-01-09,2025-01-09:1,False,-1,0,True,0.11977715877437325,,,False,0,0,0,False,,430.0,50.0,,,,,
2025-01-09 13:55:00+00:00,2025-01-09,2025-01-09:1,False,-1,0,True,0.25513196480938416,,,False,0,0,0,False,,425.0,55.0,,,,,
2025-01-09 14:00:00+00:00,2025-01-09,2025-01-09:1,False,-1,0,True,-0.05084745762711865,,,False,0,0,0,False,,420.0,60.0,,,,,
2025-01-09 14:05:00+00:00,2025-01-09,2025-01-09:1,True,4,5,True,-0.03225806451612903,0.03225806451612903,0.2040476057094697,True,1,0,0,False,,415.0,65.0,0.0,0.0,0.0,0.0,1.0
2025-01-09 14:10:00+00:00,2025-01-09,2025-01-09:1,True,4,10,True,0.16049382716049382,0.07199160213247913,0.8017060066067102,True,1,0,0,False,,410.0,70.0,0.0,0.0,0.0,0.0,1.0
2025-01-09 14:15:00+00:00,2025-01-09,2025-01-09:1,True,3,5,True,-0.21172638436482086,0.09915242421405863,-0.7586364966583763,True,0,1,1,False,,405.0,75.0,0.0,0.0,0.0,1.0,0.0
2025-01-09 14:20:00+00:00,2025-01-09,2025-01-09:1,True,0,5,True,-0.13355048859934854,0.13355048859934854,0.5683712866310611,True,0,0,1,False,,400.0,80.0,1.0,0.0,0.0,0.0,0.0
2025-01-09 14:25:00+00:00,2025-01-09,2025-01-09:1,True,1,5,True,0.16666666666666666,0.10412185210976083,0.4704339415630982,True,0,0,1,False,,395.0,85.0,0.0,1.0,0.0,0.0,0.0
2025-01-09 14:30:00+00:00,2025-01-09,2025-01-09:1,True,0,5,True,-0.17177914110429449,0.14239271285472144,-0.187620764455149,True,0,0,1,False,,390.0,90.0,1.0,0.0,0.0,0.0,0.0
2025-01-09 14:35:00+00:00,2025-01-09,2025-01-09:1,True,0,10,True,-0.10104529616724739,0.10104529616724739,0.3790655611897264,True,0,0,1,False,,385.0,95.0,1.0,0.0,0.0,0.0,0.0
2025-01-09 14:40:00+00:00,2025-01-09,2025-01-09:1,True,0,15,True,0.030120481927710843,0.024703777189529052,0.19824924846424166,True,0,0,1,False,,380.0,100.0,1.0,0.0,0.0,0.0,0.0
2025-01-09 14:45:00+00:00,2025-01-09,2025-01-09:1,True,0,20,True,0.04643962848297214,0.03792224059575277,0.20261539377972612,True,0,0,1,False,,375.0,105.0,1.0,0.0,0.0,0.0,0.0
2025-01-09 14:50:00+00:00,2025-01-09,2025-01-09:1,True,0,25,True,-0.07386363636363637,0.07386363636363637,0.4824974589143223,True,0,0,1,False,,370.0,110.0,1.0,0.0,0.0,0.0,0.0
2025-01-09 14:55:00+00:00,2025-01-09,2025-01-09:1,True,0,30,True,0.041666666666666664,0.041666666666666664,-0.4961443289157821,True,0,0,1,False,,365.0,115.0,1.0,0.0,0.0,0.0,0.0
2025-01-09 15:00:00+00:00,2025-01-09,2025-01-09:1,True,0,35,True,0.07165109034267912,0.04215517899693304,0.5304508242542652,True,0,0,1,False,,360.0,120.0,1.0,0.0,0.0,0.0,0.0
2025-01-09 15:05:00+00:00,2025-01-09,2025-01-09:1,True,0,40,True,-0.2721518987341772,0.19185849557119272,-0.3496022635739819,True,0,0,1,True,0.0,355.0,125.0,1.0,0.0,0.0,0.0,0.0
2025-01-09 15:10:00+00:00,2025-01-09,2025-01-09:1,True,0,45,True,0.26704545454545453,0.26704545454545453,0.0,True,0,0,1,True,0.0,350.0,130.0,1.0,0.0,0.0,0.0,0.0
2025-01-09 15:15:00+00:00,2025-01-09,2025-01-09:1,True,0,50,True,0.06611570247933884,0.06611570247933884,-0.4994051944224235,True,0,0,1,True,-1.1167039630450377,345.0,135.0,1.0,0.0,0.0,0.0,0.0
2025-01-09 15:20:00+00:00,2025-01-09,2025-01-09:1,True,0,55,True,0.10738255033557047,0.10738255033557047,0.0,True,0,0,1,True,0.0,340.0,140.0,1.0,0.0,0.0,0.0,0.0
2025-01-09 15:25:00+00:00,2025-01-09,2025-01-09:1,True,0,60,True,0.17406143344709898,0.17406143344709898,0.0,True,0,0,1,True,1.4267630055292893,335.0,145.0,1.0,0.0,0.0,0.0,0.0
2025-01-09 15:30:00+00:00,2025-01-09,2025-01-09:1,True,1,5,True,0.16809116809116809,4.190699949186818e-09,17.507149285092012,True,0,0,1,True,34.95283561937717,330.0,150.0,0.0,1.0,0.0,0.0,0.0
2025-01-09 15:35:00+00:00,2025-01-09,2025-01-09:1,True,2,5,True,0.3149847094801223,0.2943250288804012,0.06783939922607722,True,0,0,1,True,-0.6124073709988513,325.0,155.0,0.0,0.0,1.0,0.0,0.0
2025-01-09 15:40:00+00:00,2025-01-09,2025-01-09:1,True,2,10,True,-0.24414715719063546,0.16288884102919315,-0.40470313544755776,True,0,0,1,True,0.37128248993237695,320.0,160.0,0.0,0.0,1.0,0.0,0.0
2025-01-09 15:45:00+00:00,2025-01-09,2025-01-09:1,True,2,15,True,-0.13066666666666665,0.12216271427091023,-0.06729567147624796,True,0,0,1,True,-0.08422013458437484,315.0,165.0,0.0,0.0,1.0,0.0,0.0
2025-01-09 15:50:00+00:00,2025-01-09,2025-01-09:1,True,2,20,True,0.019498607242339833,0.019498607242339833,-0.1344332144843443,True,0,0,1,True,0.0,310.0,170.0,0.0,0.0,1.0,0.0,0.0
2025-01-09 15:55:00+00:00,2025-01-09,2025-01-09:1,True,2,25,True,-0.2302158273381295,0.1759413709047623,-0.26886642896907065,True,0,0,1,True,-0.3186707751700643,305.0,175.0,0.0,0.0,1.0,0.0,0.0
2025-01-09 16:00:00+00:00,2025-01-09,2025-01-09:1,True,0,5,True,0.048859934853420196,0.048859934853420196,-0.13449502444088476,True,0,0,1,True,0.02302614263700946,300.0,180.0,1.0,0.0,0.0,0.0,0.0
2025-01-09 16:05:00+00:00,2025-01-09,2025-01-09:1,True,0,10,True,-0.16725978647686832,0.12774963059966654,-0.26947587386655397,True,0,0,1,True,-0.0590097172382425,295.0,185.0,1.0,0.0,0.0,0.0,0.0
2025-01-09 16:10:00+00:00,2025-01-09,2025-01-09:1,True,0,15,True,0.0030581039755351682,0.0030581039755351682,-0.6714893705636665,True,0,0,1,True,-0.3675290098385817,290.0,190.0,1.0,0.0,0.0,0.0,0.0
2025-01-09 16:15:00+00:00,2025-01-09,2025-01-09:1,True,3,5,True,0.10266159695817491,0.10266159695817491,-0.399328749323544,True,0,0,1,True,-0.29764207628552386,285.0,195.0,0.0,0.0,0.0,1.0,0.0
2025-01-09 16:20:00+00:00,2025-01-09,2025-01-09:1,True,3,10,True,-0.11976047904191617,0.08066321748656258,-0.3952110619760064,True,0,0,1,True,0.0,280.0,200.0,0.0,0.0,0.0,1.0,0.0
2025-01-09 16:25:00+00:00,2025-01-09,2025-01-09:1,True,3,15,True,-0.0364963503649635,0.02464717678330658,-0.39254990377609733,True,0,0,1,True,0.0432120363169429,275.0,205.0,0.0,0.0,0.0,1.0,0.0
2025-01-09 16:30:00+00:00,2025-01-09,2025-01-09:1,True,3,20,True,0.20677966101694914,0.20677966101694914,-0.5227366163283934,True,0,0,1,True,0.0,270.0,210.0,0.0,0.0,0.0,1.0,0.0
2025-01-09 16:35:00+00:00,2025-01-09,2025-01-09:1,True,3,25,True,-0.2679245283018868,0.1050550850460493,-0.936220497958215,True,0,0,1,True,-2.093452675363272,265.0,215.0,0.0,0.0,0.0,1.0,0.0
2025-01-09 16:40:00+00:00,2025-01-09,2025-01-09:1,True,4,5,True,-0.3140794223826715,0.3140794223826715,2.433290227228986,True,1,0,1,True,0.0,260.0,220.0,0.0,0.0,0.0,0.0,1.0
2025-01-09 16:45:00+00:00,2025-01-09,2025-01-09:1,True,0,5,True,-0.1353135313531353,0.1353135313531353,1.161402988170704,True,1,0,1,True,-1.7313173538790787,255.0,225.0,1.0,0.0,0.0,0.0,0.0
2025-01-09 16:50:00+00:00,2025-01-09,2025-01-09:1,True,0,10,True,-0.08955223880597014,0.08955223880597014,0.3606264449119217,True,1,0,1,True,-0.8063852453071401,250.0,230.0,1.0,0.0,0.0,0.0,0.0
2025-01-09 16:55:00+00:00,2025-01-09,2025-01-09:1,True,0,15,True,-0.19887955182072828,0.19887955182072828,0.34079573395697693,True,0,0,1,True,0.0,245.0,235.0,1.0,0.0,0.0,0.0,0.0
2025-01-09 17:00:00+00:00,2025-01-09,2025-01-09:1,True,2,5,True,0.14093959731543623,0.14093959731543623,0.0,True,0,0,1,True,0.0,240.0,240.0,0.0,0.0,1.0,0.0,0.0
2025-01-09 17:05:00+00:00,2025-01-09,2025-01-09:1,True,2,10,True,-0.06354515050167224,0.04509676414471279,-0.34294018927756376,True,0,0,1,True,-0.7668375754412771,235.0,245.0,0.0,0.0,1.0,0.0,0.0
2025-01-09 17:10:00+00:00,2025-01-09,2025-01-09:1,True,0,5,True,-0.23723723723723725,0.08621415448134119,-1.012226272159285,True,0,0,1,True,-0.7544689177190733,230.0,250.0,1.0,0.0,0.0,0.0,0.0
2025-01-09 17:15:00+00:00,2025-01-09,2025-01-09:1,True,3,5,True,0.21311475409836064,0.21311475409836064,-1.401041768994689,True,0,0,1,True,-2.349618476092068,225.0,255.0,0.0,0.0,0.0,1.0,0.0
2025-01-09 17:20:00+00:00,2025-01-09,2025-01-09:1,True,3,10,True,0.2732919254658385,0.2732919254658385,-0.7126646906247012,True,0,0,1,True,0.0,220.0,260.0,0.0,0.0,0.0,1.0,0.0
2025-01-09 17:25:00+00:00,2025-01-09,2025-01-09:1,True,4,5,True,-0.17507418397626112,0.17507418397626112,0.737201292415427,True,1,0,1,True,-0.278709782742076,215.0,265.0,0.0,0.0,0.0,0.0,1.0
2025-01-09 17:30:00+00:00,2025-01-09,2025-01-09:1,True,3,5,True,0.22816901408450704,0.22816901408450704,-0.37480153478445033,True,1,0,1,True,0.0,210.0,270.0,0.0,0.0,0.0,1.0,0.0
2025-01-09 17:35:00+00:00,2025-01-09,2025-01-09:1,True,3,10,True,-0.09815950920245399,0.06746732767659547,-0.3749503541399551,True,1,0,1,True,-1.9792364532874818,205.0,275.0,0.0,0.0,0.0,1.0,0.0
2025-01-09 17:40:00+00:00,2025-01-09,2025-01-09:1,True,3,15,True,0.01557632398753894,0.01557632398753894,-1.5088165333097812,True,0,1,2,True,-0.25228624497925406,200.0,280.0,0.0,0.0,0.0,1.0,0.0
2025-01-09 17:45:00+00:00,2025-01-09,2025-01-09:1,True,0,5,True,0.08609271523178808,0.01858558277545932,1.533038639069075,True,0,0,2,True,0.0,195.0,285.0,1.0,0.0,0.0,0.0,0.0
2025-01-09 17:50:00+00:00,2025-01-09,2025-01-09:1,True,0,10,True,-0.11048158640226628,0.11048158640226628,1.6314576719416511,True,0,0,2,True,1.1604449585901957,190.0,290.0,1.0,0.0,0.0,0.0,0.0
2025-01-09 17:55:00+00:00,2025-01-09,2025-01-09:1,True,1,5,True,-0.13291139240506328,0.13291139240506328,1.189593876782568,True,0,0,2,True,-0.6710114079275075,185.0,295.0,0.0,1.0,0.0,0.0,0.0
2025-01-09 18:00:00+00:00,2025-01-09,2025-01-09:1,True,2,5,True,-0.0743801652892562,0.0743801652892562,0.0,True,0,0,2,True,0.7139491059386576,180.0,300.0,0.0,0.0,1.0,0.0,0.0
2025-01-09 18:05:00+00:00,2025-01-09,2025-01-09:1,True,1,5,True,0.0625,0.019333994006102282,1.1733016627184922,True,0,0,2,True,-1.3006298189097976,175.0,305.0,0.0,1.0,0.0,0.0,0.0
2025-01-09 18:10:00+00:00,2025-01-09,2025-01-09:1,True,2,5,True,0.18457300275482094,0.18457300275482094,-0.4403628891233845,True,0,0,2,True,-0.34515920627075597,170.0,310.0,0.0,0.0,1.0,0.0,0.0
2025-01-09 18:15:00+00:00,2025-01-09,2025-01-09:1,True,2,10,True,-0.10112359550561797,0.04364675315542111,-0.840214590677258,True,0,0,2,True,0.0,165.0,315.0,0.0,0.0,1.0,0.0,0.0
2025-01-09 18:20:00+00:00,2025-01-09,2025-01-09:1,True,0,5,True,0.1262135922330097,0.09455015880102251,0.28884517356552974,True,0,0,2,True,0.0,160.0,320.0,1.0,0.0,0.0,0.0,0.0
2025-01-09 18:25:00+00:00,2025-01-09,2025-01-09:1,True,0,10,True,0.18579234972677597,0.1400738348750739,0.28245997520502464,True,0,0,2,True,0.0,155.0,325.0,1.0,0.0,0.0,0.0,0.0
2025-01-09 18:30:00+00:00,2025-01-09,2025-01-09:1,True,0,15,True,-0.05747126436781609,0.0326669911249904,-0.5649199504108521,True,0,0,2,True,0.0,150.0,330.0,1.0,0.0,0.0,0.0,0.0
2025-01-09 18:35:00+00:00,2025-01-09,2025-01-09:1,True,0,20,True,-0.11627906976744186,0.11627906976744186,0.0,True,0,0,2,True,0.5922880861328229,145.0,335.0,1.0,0.0,0.0,0.0,0.0
2025-01-09 18:40:00+00:00,2025-01-09,2025-01-09:1,True,0,25,True,0.09342560553633218,0.09342560553633218,-0.2988184577249445,True,0,0,2,True,0.0,140.0,340.0,1.0,0.0,0.0,0.0,0.0
2025-01-09 18:45:00+00:00,2025-01-09,2025-01-09:1,True,0,30,True,-0.014245014245014245,0.007781215922350952,-0.6046943537518862,True,0,0,2,True,-0.6760688403007219,135.0,345.0,1.0,0.0,0.0,0.0,0.0
2025-01-09 18:50:00+00:00,2025-01-09,2025-01-09:1,True,0,35,True,0.1782477341389728,0.1782477341389728,0.0,True,0,0,2,True,-0.6549236758038355,130.0,350.0,1.0,0.0,0.0,0.0,0.0
2025-01-09 18:55:00+00:00,2025-01-09,2025-01-09:1,True,3,5,True,-0.2558139534883721,0.17871983905402422,-0.3586310013146683,True,0,0,2,True,0.8019232977784148,125.0,355.0,0.0,0.0,0.0,1.0,0.0
2025-01-09 19:00:00+00:00,2025-01-09,2025-01-09:1,True,0,5,True,-0.1346153846153846,0.1346153846153846,0.0,True,0,0,2,True,0.0,120.0,360.0,1.0,0.0,0.0,0.0,0.0
2025-01-09 19:05:00+00:00,2025-01-09,2025-01-09:1,True,0,10,True,-0.033783783783783786,0.033783783783783786,0.44330187215629974,True,0,0,2,True,0.0,115.0,365.0,1.0,0.0,0.0,0.0,0.0
2025-01-09 19:10:00+00:00,2025-01-09,2025-01-09:1,True,0,15,True,-0.026845637583892617,0.013814607570890768,-0.6643767822005162,True,0,0,2,True,0.0,110.0,370.0,1.0,0.0,0.0,0.0,0.0
2025-01-09 19:15:00+00:00,2025-01-09,2025-01-09:1,True,0,20,True,0.20743034055727555,0.20743034055727555,-0.492008101522921,True,0,0,2,True,-2.0548513212301374,105.0,375.0,1.0,0.0,0.0,0.0,0.0
2025-01-09 19:20:00+00:00,2025-01-09,2025-01-09:1,True,0,25,True,0.030864197530864196,0.00961634690523696,1.1661324032059286,True,0,0,2,True,-0.9085711309323278,100.0,380.0,1.0,0.0,0.0,0.0,0.0
2025-01-09 19:25:00+00:00,2025-01-09,2025-01-09:1,True,0,30,True,0.09032258064516129,0.055925339104256996,0.47936992076634705,True,0,0,2,True,-1.0719037291991935,95.0,385.0,1.0,0.0,0.0,0.0,0.0
2025-01-09 19:30:00+00:00,2025-01-09,2025-01-09:1,True,0,35,True,-0.11486486486486487,0.027919372222581257,-1.414435556497423,True,0,0,2,True,0.0,90.0,390.0,1.0,0.0,0.0,0.0,0.0
2025-01-09 19:35:00+00:00,2025-01-09,2025-01-09:1,True,0,40,True,0.15254237288135594,0.026826696608941932,1.738044878591449,True,0,0,2,True,-0.9715966241182719,85.0,395.0,1.0,0.0,0.0,0.0,0.0
2025-01-09 19:40:00+00:00,2025-01-09,2025-01-09:1,True,0,45,True,-0.18769230769230769,0.0838573186090186,-0.8056871942065205,True,0,0,2,True,-0.45039283371107364,80.0,400.0,1.0,0.0,0.0,0.0,0.0
2025-01-09 19:45:00+00:00,2025-01-09,2025-01-09:1,True,0,50,True,-0.059233449477351915,0.04037724963694531,-0.3832199087260199,True,0,0,2,True,0.8569057662426455,75.0,405.0,1.0,0.0,0.0,0.0,0.0
2025-01-09 19:50:00+00:00,2025-01-09,2025-01-09:1,True,0,55,True,0.07945205479452055,0.05536953094678306,0.36112429583901134,True,0,0,2,True,-1.4801971537123118,70.0,410.0,1.0,0.0,0.0,0.0,0.0
2025-01-09 19:55:00+00:00,2025-01-09,2025-01-09:1,True,0,60,True,0.1511627906976744,0.07244137321529363,0.735579750765814,True,0,0,2,True,0.0,65.0,415.0,1.0,0.0,0.0,0.0,0.0
2025-01-09 20:00:00+00:00,2025-01-09,2025-01-09:1,True,0,65,True,-0.40836012861736337,0.40836012861736337,0.0,True,0,0,2,True,-0.8224031627911879,60.0,420.0,1.0,0.0,0.0,0.0,0.0
2025-01-09 20:05:00+00:00,2025-01-09,2025-01-09:1,True,0,70,True,0.019867549668874173,0.009600335291887809,0.7272897067331253,True,0,0,2,True,-0.2911874950758561,55.0,425.0,1.0,0.0,0.0,0.0,0.0
2025-01-09 20:10:00+00:00,2025-01-09,2025-01-09:1,True,1,5,True,0.12871287128712872,0.030734928851910755,1.4321843641343346,True,0,0,2,True,0.8006153986286021,50.0,430.0,0.0,1.0,0.0,0.0,0.0
2025-01-09 20:15:00+00:00,2025-01-09,2025-01-09:1,True,2,5,True,-0.34210526315789475,0.12241117580976683,-1.0277328051718182,True,0,0,2,True,0.42221296523711116,45.0,435.0,0.0,0.0,1.0,0.0,0.0
2025-01-09 20:20:00+00:00,2025-01-09,2025-01-09:1,True,0,5,True,0.21468926553672316,0.21468926553672316,-1.3956111202260206,True,0,0,2,True,-0.7801703337444492,40.0,440.0,1.0,0.0,0.0,0.0,0.0
2025-01-09 20:25:00+00:00,2025-01-09,2025-01-09:1,True,0,10,True,0.2732732732732733,0.19138128424809026,0.3562046047286067,True,0,0,2,True,0.0,35.0,445.0,1.0,0.0,0.0,0.0,0.0
2025-01-09 20:30:00+00:00,2025-01-09,2025-01-09:1,True,0,15,True,-0.07042253521126761,0.07042253521126761,0.0,True,0,0,2,True,0.0,30.0,450.0,1.0,0.0,0.0,0.0,0.0
2025-01-09 20:35:00+00:00,2025-01-09,2025-01-09:1,True,0,20,True,-0.18596491228070175,0.18596491228070175,0.372590296990504,True,0,0,2,True,-0.3461742577395093,25.0,455.0,1.0,0.0,0.0,0.0,0.0
2025-01-09 20:40:00+00:00,2025-01-09,2025-01-09:1,True,0,25,True,0.34459459459459457,0.22964562099645966,0.4058312955149418,True,0,0,2,True,0.9074663641682155,20.0,460.0,1.0,0.0,0.0,0.0,0.0
2025-01-09 20:45:00+00:00,2025-01-09,2025-01-09:1,True,0,30,True,-0.13494809688581316,0.13494809688581316,0.0,True,0,0,2,True,-0.37903064710175083,15.0,465.0,1.0,0.0,0.0,0.0,0.0
2025-01-09 20:50:00+00:00,2025-01-09,2025-01-09:1,True,1,5,True,0.1701492537313433,0.0693435897103802,0.8976023063836573,True,0,0,2,True,0.0,10.0,470.0,0.0,1.0,0.0,0.0,0.0
2025-01-09 20:55:00+00:00,2025-01-09,2025-01-09:1,True,0,5,True,-0.012903225806451613,0.012903225806451613,0.0,True,0,0,2,True,0.9846813548461206,5.0,475.0,1.0,0.0,0.0,0.0,0.0
2025-01-09 21:00:00+00:00,2025-01-09,2025-01-09:1,True,1,5,True,-0.09027777777777778,0.09027777777777778,1.2942483781536516,True,0,0,2,True,0.0,0.0,480.0,0.0,1.0,0.0,0.0,0.0
2025-01-10 13:00:00+00:00,2025-01-10,2025-01-10:1,False,-1,0,False,,,,False,0,0,0,False,,480.0,0.0,,,,,
2025-01-10 13:05:00+00:00,2025-01-10,2025-01-10:1,False,-1,0,True,0.015873015873015872,,,False,0,0,0,False,,475.0,5.0,,,,,
2025-01-10 13:10:00+00:00,2025-01-10,2025-01-10:1,False,-1,0,True,-0.28488372093023256,,,False,0,0,0,False,,470.0,10.0,,,,,
2025-01-10 13:15:00+00:00,2025-01-10,2025-01-10:1,False,-1,0,True,-0.12912912912912913,,,False,0,0,0,False,,465.0,15.0,,,,,
2025-01-10 13:20:00+00:00,2025-01-10,2025-01-10:1,False,-1,0,True,-0.23875432525951557,,,False,0,0,0,False,,460.0,20.0,,,,,
2025-01-10 13:25:00+00:00,2025-01-10,2025-01-10:1,False,-1,0,True,0.16901408450704225,,,False,0,0,0,False,,455.0,25.0,,,,,
2025-01-10 13:30:00+00:00,2025-01-10,2025-01-10:1,False,-1,0,True,0.0581039755351682,,,False,0,0,0,False,,450.0,30.0,,,,,
2025-01-10 13:35:00+00:00,2025-01-10,2025-01-10:1,False,-1,0,True,-0.1299093655589124,,,False,0,0,0,False,,445.0,35.0,,,,,
2025-01-10 13:40:00+00:00,2025-01-10,2025-01-10:1,False,-1,0,True,0.16723549488054607,,,False,0,0,0,False,,440.0,40.0,,,,,
2025-01-10 13:45:00+00:00,2025-01-10,2025-01-10:1,False,-1,0,True,-0.24079320113314448,,,False,0,0,0,False,,435.0,45.0,,,,,
2025-01-10 13:50:00+00:00,2025-01-10,2025-01-10:1,False,-1,0,True,0.20418848167539266,,,False,0,0,0,False,,430.0,50.0,,,,,
2025-01-10 13:55:00+00:00,2025-01-10,2025-01-10:1,False,-1,0,True,-0.11724137931034483,,,False,0,0,0,False,,425.0,55.0,,,,,
2025-01-10 14:00:00+00:00,2025-01-10,2025-01-10:1,False,-1,0,True,0.08695652173913043,,,False,0,0,0,False,,420.0,60.0,,,,,
2025-01-10 14:05:00+00:00,2025-01-10,2025-01-10:1,True,0,5,True,0.09446254071661238,0.09446254071661238,-0.2493843438321482,True,0,0,0,False,,415.0,65.0,1.0,0.0,0.0,0.0,0.0
2025-01-10 14:10:00+00:00,2025-01-10,2025-01-10:1,True,0,10,True,-0.137546468401487,0.137546468401487,0.0,True,0,0,0,False,,410.0,70.0,1.0,0.0,0.0,0.0,0.0
2025-01-10 14:15:00+00:00,2025-01-10,2025-01-10:1,True,1,5,True,0.3333333333333333,0.18664211425008995,0.5799500347069663,True,0,0,0,False,,405.0,75.0,0.0,1.0,0.0,0.0,0.0
2025-01-10 14:20:00+00:00,2025-01-10,2025-01-10:1,True,0,5,True,0.23809523809523808,0.23809523809523808,-1.1799705011067132,True,0,0,0,False,,400.0,80.0,1.0,0.0,0.0,0.0,0.0
2025-01-10 14:25:00+00:00,2025-01-10,2025-01-10:1,True,1,5,True,-0.0684931506849315,0.0684931506849315,1.155516869721044,True,0,0,0,False,,395.0,85.0,0.0,1.0,0.0,0.0,0.0
2025-01-10 14:30:00+00:00,2025-01-10,2025-01-10:1,True,0,5,True,0.2564841498559078,0.2564841498559078,-0.5691038846063114,True,0,0,0,False,,390.0,90.0,1.0,0.0,0.0,0.0,0.0
2025-01-10 14:35:00+00:00,2025-01-10,2025-01-10:1,True,0,10,True,-0.12714776632302405,0.042229188367714075,-1.1022382750232373,True,0,0,0,False,,385.0,95.0,1.0,0.0,0.0,0.0,0.0
2025-01-10 14:40:00+00:00,2025-01-10,2025-01-10:1,True,0,15,True,-0.04119850187265917,0.04119850187265917,1.2042684295400328,True,0,0,0,False,,380.0,100.0,1.0,0.0,0.0,0.0,0.0
2025-01-10 14:45:00+00:00,2025-01-10,2025-01-10:1,True,0,20,True,0.34201954397394135,0.10770015376007426,1.1555168697209979,True,0,0,0,False,,375.0,105.0,1.0,0.0,0.0,0.0,0.0
2025-01-10 14:50:00+00:00,2025-01-10,2025-01-10:1,True,0,25,True,0.04878048780487805,0.04878048780487805,0.0,True,0,0,0,False,,370.0,110.0,1.0,0.0,0.0,0.0,0.0
2025-01-10 14:55:00+00:00,2025-01-10,2025-01-10:1,True,0,30,True,-0.27170868347338933,0.27170868347338933,1.0424600457790378,True,0,0,0,False,,365.0,115.0,1.0,0.0,0.0,0.0,0.0
2025-01-10 15:00:00+00:00,2025-01-10,2025-01-10:1,True,1,5,True,-0.14388489208633093,0.14388489208633093,0.9569168824782976,True,0,0,0,False,,360.0,120.0,0.0,1.0,0.0,0.0,0.0
2025-01-10 15:05:00+00:00,2025-01-10,2025-01-10:1,True,2,5,True,-0.06306306306306306,0.06306306306306306,0.23922922061959423,True,0,0,0,True,0.0,355.0,125.0,0.0,0.0,1.0,0.0,0.0
2025-01-10 15:10:00+00:00,2025-01-10,2025-01-10:1,True,1,5,True,-0.1342281879194631,0.1342281879194631,0.6619964801668151,True,0,0,0,True,2.0340066728058117,350.0,130.0,0.0,1.0,0.0,0.0,0.0
2025-01-10 15:15:00+00:00,2025-01-10,2025-01-10:1,True,2,5,True,0.0821917808219178,0.0821917808219178,0.0,True,0,0,0,True,0.0,345.0,135.0,0.0,0.0,1.0,0.0,0.0
2025-01-10 15:20:00+00:00,2025-01-10,2025-01-10:1,True,0,5,True,0.09967845659163987,0.09967845659163987,-0.7871201201666368,True,0,0,0,True,-0.4157216834913316,340.0,140.0,1.0,0.0,0.0,0.0,0.0
2025-01-10 15:25:00+00:00,2025-01-10,2025-01-10:1,True,0,10,True,-0.055248618784530384,0.055248618784530384,0.7832740245753465,True,0,0,0,True,-0.8757269819789134,335.0,145.0,1.0,0.0,0.0,0.0,0.0
2025-01-10 15:30:00+00:00,2025-01-10,2025-01-10:1,True,3,5,True,0.22279792746113988,0.22279792746113988,-7.769872781722522,True,0,0,0,True,-16.50526553063484,330.0,150.0,0.0,0.0,0.0,1.0,0.0
2025-01-10 15:35:00+00:00,2025-01-10,2025-01-10:1,True,4,5,True,0.23209169054441262,0.08732484269362852,0.9774975221507579,True,1,0,0,True,0.15346484425061388,325.0,155.0,0.0,0.0,0.0,0.0,1.0
2025-01-10 15:40:00+00:00,2025-01-10,2025-01-10:1,True,4,10,True,-0.21159420289855072,0.21159420289855072,0.16276682697660466,True,1,0,0,True,0.3639576896016346,320.0,160.0,0.0,0.0,0.0,0.0,1.0
2025-01-10 15:45:00+00:00,2025-01-10,2025-01-10:1,True,0,5,True,-0.017045454545454544,0.017045454545454544,0.40352817086612713,True,1,0,0,True,0.3609265683577397,315.0,165.0,1.0,0.0,0.0,0.0,0.0
2025-01-10 15:50:00+00:00,2025-01-10,2025-01-10:1,True,0,10,True,-0.1554054054054054,0.1554054054054054,0.24203119288722116,True,1,0,0,True,0.5962567750819965,310.0,170.0,1.0,0.0,0.0,0.0,0.0
2025-01-10 15:55:00+00:00,2025-01-10,2025-01-10:1,True,0,15,True,0.09897610921501707,0.06079939791946645,0.4872986136688084,True,0,0,0,True,0.0,305.0,175.0,1.0,0.0,0.0,0.0,0.0
2025-01-10 16:00:00+00:00,2025-01-10,2025-01-10:1,True,1,5,True,-0.12804878048780488,0.12804878048780488,0.32739496715279465,True,0,0,0,True,0.366038701023,300.0,180.0,0.0,1.0,0.0,0.0,0.0
2025-01-10 16:05:00+00:00,2025-01-10,2025-01-10:1,True,0,5,True,0.09340659340659341,0.09340659340659341,-0.6542453897736966,True,0,0,0,True,-0.30570555287442913,295.0,185.0,1.0,0.0,0.0,0.0,0.0
2025-01-10 16:10:00+00:00,2025-01-10,2025-01-10:1,True,0,10,True,0.008645533141210375,0.006223540198682654,0.3287038790892214,True,0,0,0,True,0.0,290.0,190.0,1.0,0.0,0.0,0.0,0.0
2025-01-10 16:15:00+00:00,2025-01-10,2025-01-10:1,True,0,15,True,-0.2,0.2,0.0,True,0,0,0,True,0.37207267352075624,285.0,195.0,1.0,0.0,0.0,0.0,0.0
2025-01-10 16:20:00+00:00,2025-01-10,2025-01-10:1,True,0,20,True,0.0,0.0,-0.16750006284195826,True,0,0,0,True,-0.11505815453501987,280.0,200.0,1.0,0.0,0.0,0.0,0.0
2025-01-10 16:25:00+00:00,2025-01-10,2025-01-10:1,True,0,25,True,-0.12408759124087591,0.10484641244698906,-0.16849115649928828,True,0,0,0,True,0.0,275.0,205.0,1.0,0.0,0.0,0.0,0.0
2025-01-10 16:30:00+00:00,2025-01-10,2025-01-10:1,True,0,30,True,-0.25,0.21108538033386412,-0.1691982201012899,True,0,0,0,True,-0.11013237601086474,270.0,210.0,1.0,0.0,0.0,0.0,0.0
2025-01-10 16:35:00+00:00,2025-01-10,2025-01-10:1,True,0,35,True,0.006802721088435374,0.004057371995975052,0.5167872198051943,True,0,0,0,True,0.0,265.0,215.0,1.0,0.0,0.0,0.0,0.0
2025-01-10 16:40:00+00:00,2025-01-10,2025-01-10:1,True,0,40,True,-0.08978328173374613,0.08978328173374613,0.0,True,0,0,0,True,0.0,260.0,220.0,1.0,0.0,0.0,0.0,0.0
2025-01-10 16:45:00+00:00,2025-01-10,2025-01-10:1,True,0,45,True,0.1791530944625407,0.04838696617960215,1.3090102329807867,True,0,0,0,True,2.927035864187876,255.0,225.0,1.0,0.0,0.0,0.0,0.0
2025-01-10 16:50:00+00:00,2025-01-10,2025-01-10:1,True,1,5,True,0.05466237942122187,0.015560786732892023,1.2564216321472026,True,0,0,0,True,0.0,250.0,230.0,0.0,1.0,0.0,0.0,0.0
2025-01-10 16:55:00+00:00,2025-01-10,2025-01-10:1,True,1,10,True,0.1588785046728972,0.044701208309790755,1.2681392557833262,True,0,0,0,True,0.5574521595363714,245.0,235.0,0.0,1.0,0.0,0.0,0.0
2025-01-10 17:00:00+00:00,2025-01-10,2025-01-10:1,True,1,15,True,0.30847457627118646,0.0919778171107103,1.2100919995456774,True,0,0,0,True,1.3529239850044672,240.0,240.0,0.0,1.0,0.0,0.0,0.0
2025-01-10 17:05:00+00:00,2025-01-10,2025-01-10:1,True,1,20,True,-0.2764505119453925,0.2764505119453925,0.6319647894733054,True,0,0,0,True,1.4131162286486545,235.0,245.0,0.0,1.0,0.0,0.0,0.0
2025-01-10 17:10:00+00:00,2025-01-10,2025-01-10:1,True,2,5,True,-0.16151202749140894,0.08571684721752763,-0.6335302236019049,True,0,0,0,True,0.0,230.0,250.0,0.0,0.0,1.0,0.0,0.0
2025-01-10 17:15:00+00:00,2025-01-10,2025-01-10:1,True,2,10,True,-0.16393442622950818,0.0850485218428693,-0.6562445689724755,True,0,0,0,True,-0.7210275671644483,225.0,255.0,0.0,0.0,1.0,0.0,0.0
2025-01-10 17:20:00+00:00,2025-01-10,2025-01-10:1,True,0,5,True,0.07076923076923076,0.07076923076923076,-0.6771626265526077,True,0,0,0,True,0.0,220.0,260.0,1.0,0.0,0.0,0.0,0.0
2025-01-10 17:25:00+00:00,2025-01-10,2025-01-10:1,True,0,10,True,0.23510971786833856,0.06140034994332251,1.342636755194101,True,0,0,0,True,1.5011135268497438,215.0,265.0,1.0,0.0,0.0,0.0,0.0
2025-01-10 17:30:00+00:00,2025-01-10,2025-01-10:1,True,0,15,True,-0.2706552706552707,0.2706552706552707,0.6308537003380591,True,0,0,0,True,0.0,210.0,270.0,1.0,0.0,0.0,0.0,0.0
2025-01-10 17:35:00+00:00,2025-01-10,2025-01-10:1,True,0,20,True,0.03680981595092025,0.020360397766640694,0.5921728192400062,True,0,0,0,True,2.0604923730523526,205.0,275.0,1.0,0.0,0.0,0.0,0.0
2025-01-10 17:40:00+00:00,2025-01-10,2025-01-10:1,True,0,25,True,0.029585798816568046,0.029585798816568046,-2.189035900251711,True,0,0,0,True,0.0,200.0,280.0,1.0,0.0,0.0,0.0,0.0
2025-01-10 17:45:00+00:00,2025-01-10,2025-01-10:1,True,3,5,True,-0.2536231884057971,0.03175635590292351,-2.077756764091322,True,0,0,0,True,-2.323002682610746,195.0,285.0,0.0,0.0,0.0,1.0,0.0
2025-01-10 17:50:00+00:00,2025-01-10,2025-01-10:1,True,4,5,True,0.05747126436781609,0.05747126436781609,0.0,True,0,0,0,True,0.4051686683451625,190.0,290.0,0.0,0.0,0.0,0.0,1.0
2025-01-10 17:55:00+00:00,2025-01-10,2025-01-10:1,True,4,10,True,-0.057750759878419454,0.057750759878419454,1.0479026857371236,True,0,0,0,True,0.0,185.0,295.0,0.0,0.0,0.0,0.0,1.0
2025-01-10 18:00:00+00:00,2025-01-10,2025-01-10:1,True,4,15,True,-0.13846153846153847,0.13846153846153847,0.5501758434739767,True,0,0,0,True,-1.2302305855860962,180.0,300.0,0.0,0.0,0.0,0.0,1.0
2025-01-10 18:05:00+00:00,2025-01-10,2025-01-10:1,True,3,5,True,-0.017543859649122806,0.010249669536679124,-0.5374585464068878,True,0,0,0,True,-1.2017938448540266,175.0,305.0,0.0,0.0,0.0,1.0,0.0
2025-01-10 18:10:00+00:00,2025-01-10,2025-01-10:1,True,3,10,True,-0.07988980716253444,0.015720294088490853,-1.6256957799584253,True,0,0,0,True,0.0,170.0,310.0,0.0,0.0,0.0,1.0,0.0
2025-01-10 18:15:00+00:00,2025-01-10,2025-01-10:1,True,0,5,True,0.13230769230769232,0.07757565683373713,0.5338765349672847,True,0,0,0,True,1.1937842237788923,165.0,315.0,1.0,0.0,0.0,0.0,0.0
2025-01-10 18:20:00+00:00,2025-01-10,2025-01-10:1,True,0,10,True,0.10759493670886076,0.10759493670886076,0.0,True,0,0,0,True,0.0,160.0,320.0,1.0,0.0,0.0,0.0,0.0
2025-01-10 18:25:00+00:00,2025-01-10,2025-01-10:1,True,0,15,True,0.20388349514563106,0.20388349514563106,-0.5530203734734349,True,0,0,0,True,-1.236591148028922,155.0,325.0,1.0,0.0,0.0,0.0,0.0
2025-01-10 18:30:00+00:00,2025-01-10,2025-01-10:1,True,3,5,True,-0.06397306397306397,0.027624763081058056,-0.8397495357960293,True,0,0,0,True,-0.6259123487034188,150.0,330.0,0.0,0.0,0.0,1.0,0.0
2025-01-10 18:35:00+00:00,2025-01-10,2025-01-10:1,True,0,5,True,0.09034267912772585,0.03754395984142936,0.8780974769872234,True,0,0,0,True,0.0,145.0,335.0,1.0,0.0,0.0,0.0,0.0
2025-01-10 18:40:00+00:00,2025-01-10,2025-01-10:1,True,0,10,True,-0.42507645259938837,0.3123157192003763,-0.30825444453849526,True,0,0,0,True,1.3785557847011922,140.0,340.0,1.0,0.0,0.0,0.0,0.0
2025-01-10 18:45:00+00:00,2025-01-10,2025-01-10:1,True,3,5,True,-0.08587257617728532,0.018089045810476146,-1.557557973913487,True,0,0,0,True,0.0,135.0,345.0,0.0,0.0,0.0,1.0,0.0
2025-01-10 18:50:00+00:00,2025-01-10,2025-01-10:1,True,4,5,True,0.040697674418604654,0.040697674418604654,0.0,True,0,0,0,True,0.0,130.0,350.0,0.0,0.0,0.0,0.0,1.0
2025-01-10 18:55:00+00:00,2025-01-10,2025-01-10:1,True,3,5,True,0.18604651162790697,0.18604651162790697,-1.925306802232915,True,0,0,0,True,0.0,125.0,355.0,0.0,0.0,0.0,1.0,0.0
2025-01-10 19:00:00+00:00,2025-01-10,2025-01-10:1,True,4,5,True,0.1497005988023952,0.08206112279139031,0.6011729219468512,True,1,0,0,True,-1.3442635197091553,120.0,360.0,0.0,0.0,0.0,0.0,1.0
2025-01-10 19:05:00+00:00,2025-01-10,2025-01-10:1,True,3,5,True,-0.3041095890410959,0.1646322426750626,-0.6136739726272952,True,1,0,0,True,-0.4352054526255367,115.0,365.0,0.0,0.0,0.0,1.0,0.0
2025-01-10 19:10:00+00:00,2025-01-10,2025-01-10:1,True,3,10,True,-0.10104529616724739,0.05662460612181149,-0.579125265336183,True,0,1,1,True,0.0,110.0,370.0,0.0,0.0,0.0,1.0,0.0
2025-01-10 19:15:00+00:00,2025-01-10,2025-01-10:1,True,0,5,True,0.037037037037037035,0.012076479927495654,1.120658659665908,True,0,0,1,True,0.0,105.0,375.0,1.0,0.0,0.0,0.0,0.0
2025-01-10 19:20:00+00:00,2025-01-10,2025-01-10:1,True,3,5,True,-0.022950819672131147,0.007738201045223529,-1.0871844139405724,True,0,0,1,True,-0.6714664808223659,100.0,380.0,0.0,0.0,0.0,1.0,0.0
2025-01-10 19:25:00+00:00,2025-01-10,2025-01-10:1,True,0,5,True,-0.1511627906976744,0.1511627906976744,0.0,True,0,0,1,True,1.1761602238733102,95.0,385.0,1.0,0.0,0.0,0.0,0.0
2025-01-10 19:30:00+00:00,2025-01-10,2025-01-10:1,True,0,10,True,-0.10801393728222997,0.10801393728222997,2.0056737702645897,True,0,0,1,True,0.0,90.0,390.0,1.0,0.0,0.0,0.0,0.0
2025-01-10 19:35:00+00:00,2025-01-10,2025-01-10:1,True,1,5,True,-0.3240418118466899,0.3240418118466899,0.5158152663029321,True,0,0,1,True,1.1533979992855128,85.0,395.0,0.0,1.0,0.0,0.0,0.0
2025-01-10 19:40:00+00:00,2025-01-10,2025-01-10:1,True,2,5,True,-0.02356902356902357,0.014443774964307972,-0.4896697658143511,True,0,0,1,True,0.0,80.0,400.0,0.0,0.0,1.0,0.0,0.0
2025-01-10 19:45:00+00:00,2025-01-10,2025-01-10:1,True,0,5,True,0.03870967741935484,0.02357705056606206,0.4958158260211563,True,0,0,1,True,1.6914303274907443,75.0,405.0,1.0,0.0,0.0,0.0,0.0
2025-01-10 19:50:00+00:00,2025-01-10,2025-01-10:1,True,1,5,True,-0.14909090909090908,0.14909090909090908,0.49616050164569697,True,0,0,1,True,0.0,70.0,410.0,0.0,1.0,0.0,0.0,0.0
2025-01-10 19:55:00+00:00,2025-01-10,2025-01-10:1,True,2,5,True,0.0859106529209622,0.0859106529209622,-0.2539771115234181,True,0,0,1,True,0.5679100860954082,65.0,415.0,0.0,0.0,1.0,0.0,0.0
2025-01-10 20:00:00+00:00,2025-01-10,2025-01-10:1,True,0,5,True,0.05952380952380952,0.027591670919702646,0.7688624436656885,True,0,0,1,True,-0.01448065319473028,60.0,420.0,1.0,0.0,0.0,0.0,0.0
2025-01-10 20:05:00+00:00,2025-01-10,2025-01-10:1,True,0,10,True,-0.20388349514563106,0.20388349514563106,0.7387386822809721,True,0,0,1,True,-1.651869911192003,55.0,425.0,1.0,0.0,0.0,0.0,0.0
2025-01-10 20:10:00+00:00,2025-01-10,2025-01-10:1,True,0,15,True,-0.12714776632302405,0.040637753215833364,-1.1406524077563873,True,0,0,1,True,-1.5076747880862182,50.0,430.0,1.0,0.0,0.0,0.0,0.0
2025-01-10 20:15:00+00:00,2025-01-10,2025-01-10:1,True,0,20,True,-0.23776223776223776,0.23776223776223776,0.8955663472987546,True,0,0,1,True,2.067229581165766,45.0,435.0,1.0,0.0,0.0,0.0,0.0
2025-01-10 20:20:00+00:00,2025-01-10,2025-01-10:1,True,1,5,True,0.11610486891385768,0.023245510914020762,1.6083817906426607,True,0,0,1,True,0.3887395239635669,40.0,440.0,0.0,1.0,0.0,0.0,0.0
2025-01-10 20:25:00+00:00,2025-01-10,2025-01-10:1,True,2,5,True,0.0033003300330033004,0.0033003300330033004,-0.3966967406815492,True,0,0,1,True,0.3308718449636167,35.0,445.0,0.0,0.0,1.0,0.0,0.0
2025-01-10 20:30:00+00:00,2025-01-10,2025-01-10:1,True,1,5,True,-0.25287356321839083,0.25287356321839083,1.6010858501420047,True,0,0,1,True,1.252961856578948,30.0,450.0,0.0,1.0,0.0,0.0,0.0
2025-01-10 20:35:00+00:00,2025-01-10,2025-01-10:1,True,1,10,True,0.10625,0.07229635851580604,0.3850210462179689,True,0,0,1,True,0.5433498261812498,25.0,455.0,0.0,1.0,0.0,0.0,0.0
2025-01-10 20:40:00+00:00,2025-01-10,2025-01-10:1,True,2,5,True,0.0,0.0,-0.7830196184544237,True,0,0,1,True,-0.8754425472887761,20.0,460.0,0.0,0.0,1.0,0.0,0.0
2025-01-10 20:45:00+00:00,2025-01-10,2025-01-10:1,True,1,5,True,0.061488673139158574,0.028101792456600123,0.7830196184544237,True,0,0,1,True,0.3290307536660413,15.0,465.0,0.0,1.0,0.0,0.0,0.0
2025-01-10 20:50:00+00:00,2025-01-10,2025-01-10:1,True,0,5,True,-0.13333333333333333,0.09044398959316868,-0.3881214988543566,True,0,0,1,True,0.2546828066194025,10.0,470.0,1.0,0.0,0.0,0.0,0.0
2025-01-10 20:55:00+00:00,2025-01-10,2025-01-10:1,True,1,5,True,0.050445103857566766,0.023194111099038302,0.7769872781725103,True,0,0,1,True,-0.35538183741660273,5.0,475.0,0.0,1.0,0.0,0.0,0.0
2025-01-10 21:00:00+00:00,2025-01-10,2025-01-10:1,True,0,5,True,0.2484472049689441,0.2484472049689441,0.0,True,0,0,1,True,-0.8815954879154925,0.0,480.0,1.0,0.0,0.0,0.0,0.0
2025-01-13 13:00:00+00:00,2025-01-13,2025-01-13:1,False,-1,0,False,,,,False,0,0,0,False,,480.0,0.0,,,,,
2025-01-13 13:05:00+00:00,2025-01-13,2025-01-13:1,False,-1,0,True,0.13043478260869565,,,False,0,0,0,False,,475.0,5.0,,,,,
2025-01-13 13:10:00+00:00,2025-01-13,2025-01-13:1,False,-1,0,True,-0.33079847908745247,,,False,0,0,0,False,,470.0,10.0,,,,,
2025-01-13 13:15:00+00:00,2025-01-13,2025-01-13:1,False,-1,0,True,-0.015748031496062992,,,False,0,0,0,False,,465.0,15.0,,,,,
2025-01-13 13:20:00+00:00,2025-01-13,2025-01-13:1,False,-1,0,True,0.2,,,False,0,0,0,False,,460.0,20.0,,,,,
2025-01-13 13:25:00+00:00,2025-01-13,2025-01-13:1,False,-1,0,True,0.017543859649122806,,,False,0,0,0,False,,455.0,25.0,,,,,
2025-01-13 13:30:00+00:00,2025-01-13,2025-01-13:1,False,-1,0,True,0.2837209302325581,,,False,0,0,0,False,,450.0,30.0,,,,,
2025-01-13 13:35:00+00:00,2025-01-13,2025-01-13:1,False,-1,0,True,0.02535211267605634,,,False,0,0,0,False,,445.0,35.0,,,,,
2025-01-13 13:40:00+00:00,2025-01-13,2025-01-13:1,False,-1,0,True,-0.2910662824207493,,,False,0,0,0,False,,440.0,40.0,,,,,
2025-01-13 13:45:00+00:00,2025-01-13,2025-01-13:1,False,-1,0,True,0.08737864077669903,,,False,0,0,0,False,,435.0,45.0,,,,,
2025-01-13 13:50:00+00:00,2025-01-13,2025-01-13:1,False,-1,0,True,0.06093189964157706,,,False,0,0,0,False,,430.0,50.0,,,,,
2025-01-13 13:55:00+00:00,2025-01-13,2025-01-13:1,False,-1,0,True,0.0038022813688212928,,,False,0,0,0,False,,425.0,55.0,,,,,
2025-01-13 14:00:00+00:00,2025-01-13,2025-01-13:1,False,-1,0,True,-0.0176678445229682,,,False,0,0,0,False,,420.0,60.0,,,,,
2025-01-13 14:05:00+00:00,2025-01-13,2025-01-13:1,True,3,5,True,-0.030927835051546393,0.0011530593318425622,-3.2892378905173176,True,0,0,0,False,,415.0,65.0,0.0,0.0,0.0,1.0,0.0
2025-01-13 14:10:00+00:00,2025-01-13,2025-01-13:1,True,3,10,True,-0.171875,0.08628661761052805,-0.6890929505999477,True,0,0,0,False,,410.0,70.0,0.0,0.0,0.0,1.0,0.0
2025-01-13 14:15:00+00:00,2025-01-13,2025-01-13:1,True,3,15,True,0.04142011834319527,0.04142011834319527,-0.6901584036831959,True,0,0,0,False,,405.0,75.0,0.0,0.0,0.0,1.0,0.0
2025-01-13 14:20:00+00:00,2025-01-13,2025-01-13:1,True,3,20,True,0.16129032258064516,0.16129032258064516,-0.4116869144684135,True,0,0,0,False,,400.0,80.0,0.0,0.0,0.0,1.0,0.0
2025-01-13 14:25:00+00:00,2025-01-13,2025-01-13:1,True,4,5,True,-0.21159420289855072,0.21159420289855072,0.9702642506412831,True,1,0,0,False,,395.0,85.0,0.0,0.0,0.0,0.0,1.0
2025-01-13 14:30:00+00:00,2025-01-13,2025-01-13:1,True,4,10,True,0.017341040462427744,0.017341040462427744,0.0,True,1,0,0,False,,390.0,90.0,0.0,0.0,0.0,0.0,1.0
2025-01-13 14:35:00+00:00,2025-01-13,2025-01-13:1,True,0,5,True,-0.1875,0.1875,1.1704603044375836,True,1,0,0,False,,385.0,95.0,1.0,0.0,0.0,0.0,0.0
2025-01-13 14:40:00+00:00,2025-01-13,2025-01-13:1,True,0,10,True,-0.21554770318021202,0.21554770318021202,0.4345756059885403,True,1,0,0,False,,380.0,100.0,1.0,0.0,0.0,0.0,0.0
2025-01-13 14:45:00+00:00,2025-01-13,2025-01-13:1,True,2,5,True,0.30246913580246915,0.30246913580246915,0.0,True,1,0,0,False,,375.0,105.0,0.0,0.0,1.0,0.0,0.0
2025-01-13 14:50:00+00:00,2025-01-13,2025-01-13:1,True,2,10,True,0.19270833333333334,0.19270833333333334,0.0,True,0,0,0,False,,370.0,110.0,0.0,0.0,1.0,0.0,0.0
2025-01-13 14:55:00+00:00,2025-01-13,2025-01-13:1,True,0,5,True,0.15714285714285714,0.15714285714285714,-0.5946445976607281,True,0,0,0,False,,365.0,115.0,1.0,0.0,0.0,0.0,0.0
2025-01-13 15:00:00+00:00,2025-01-13,2025-01-13:1,True,0,10,True,-0.22646310432569974,0.12360193744180865,-0.605515816848739,True,0,0,0,False,,360.0,120.0,1.0,0.0,0.0,0.0,0.0
2025-01-13 15:05:00+00:00,2025-01-13,2025-01-13:1,True,0,15,True,0.3215339233038348,0.3215339233038348,0.0,True,0,0,0,True,-1.4946166462834607,355.0,125.0,1.0,0.0,0.0,0.0,0.0
2025-01-13 15:10:00+00:00,2025-01-13,2025-01-13:1,True,3,5,True,0.14893617021276595,0.14893617021276595,-0.39478187949229065,True,0,0,0,True,0.0,350.0,130.0,0.0,0.0,0.0,1.0,0.0
2025-01-13 15:15:00+00:00,2025-01-13,2025-01-13:1,True,3,10,True,0.05517241379310345,0.05517241379310345,-0.4034799190398921,True,0,0,0,True,0.0,345.0,135.0,0.0,0.0,0.0,1.0,0.0
2025-01-13 15:20:00+00:00,2025-01-13,2025-01-13:1,True,4,5,True,-0.03978779840848806,0.03978779840848806,0.0,True,0,0,0,True,0.9315899149033047,340.0,140.0,0.0,0.0,0.0,0.0,1.0
2025-01-13 15:25:00+00:00,2025-01-13,2025-01-13:1,True,3,5,True,0.10367892976588629,0.10367892976588629,-0.8332393507508137,True,0,0,0,True,-0.22404800798930657,335.0,145.0,0.0,0.0,0.0,1.0,0.0
2025-01-13 15:30:00+00:00,2025-01-13,2025-01-13:1,True,3,10,True,-0.08188585607940446,3.3554701190410638e-06,-10.102489671976537,True,0,0,0,True,-21.862657038422842,330.0,150.0,0.0,0.0,0.0,1.0,0.0
2025-01-13 15:35:00+00:00,2025-01-13,2025-01-13:1,True,4,5,True,0.45042492917847027,0.3912334130808722,0.14088707799486555,True,1,0,0,True,0.0,325.0,155.0,0.0,0.0,0.0,0.0,1.0
2025-01-13 15:40:00+00:00,2025-01-13,2025-01-13:1,True,4,10,True,-0.07586206896551724,0.07586206896551724,0.4187135743848815,True,1,0,0,True,0.0,320.0,160.0,0.0,0.0,0.0,0.0,1.0
2025-01-13 15:45:00+00:00,2025-01-13,2025-01-13:1,True,4,15,True,0.16498316498316498,0.11636414939014425,0.3491189453629383,True,1,0,0,True,0.312261477625471,315.0,165.0,0.0,0.0,0.0,0.0,1.0
2025-01-13 15:50:00+00:00,2025-01-13,2025-01-13:1,True,4,20,True,0.06109324758842444,0.03491391903560461,0.5595157700359158,True,1,0,0,True,0.8913603982560088,310.0,170.0,0.0,0.0,0.0,0.0,1.0
2025-01-13 15:55:00+00:00,2025-01-13,2025-01-13:1,True,0,5,True,0.014285714285714285,0.00944622860854692,0.41364446412700684,True,1,0,0,True,0.308312380102071,305.0,175.0,1.0,0.0,0.0,0.0,0.0
2025-01-13 16:00:00+00:00,2025-01-13,2025-01-13:1,True,1,5,True,-0.24183006535947713,0.24183006535947713,0.8135573414116158,True,0,0,0,True,-0.22550888296329938,300.0,180.0,0.0,1.0,0.0,0.0,0.0
2025-01-13 16:05:00+00:00,2025-01-13,2025-01-13:1,True,2,5,True,0.022508038585209004,0.018364214551649223,0.20346860626519073,True,0,0,0,True,-0.30331308993045003,295.0,185.0,0.0,0.0,1.0,0.0,0.0
2025-01-13 16:10:00+00:00,2025-01-13,2025-01-13:1,True,0,5,True,-0.09967845659163987,0.050710869298130366,-0.6758092990894934,True,0,0,0,True,0.5876965840195475,290.0,190.0,1.0,0.0,0.0,0.0,0.0
2025-01-13 16:15:00+00:00,2025-01-13,2025-01-13:1,True,0,10,True,0.0945945945945946,0.0945945945945946,-0.8753253757658939,True,0,0,0,True,-0.345671673141644,285.0,195.0,1.0,0.0,0.0,0.0,0.0
2025-01-13 16:20:00+00:00,2025-01-13,2025-01-13:1,True,0,15,True,0.02666666666666667,0.019099311229510033,0.3337620728856087,True,0,0,0,True,-0.020522172764668424,280.0,200.0,1.0,0.0,0.0,0.0,0.0
2025-01-13 16:25:00+00:00,2025-01-13,2025-01-13:1,True,0,20,True,0.037463976945244955,0.032792281694834745,0.1331866829793101,True,0,0,0,True,0.5956289536789033,275.0,205.0,1.0,0.0,0.0,0.0,0.0
2025-01-13 16:30:00+00:00,2025-01-13,2025-01-13:1,True,0,25,True,-0.09523809523809523,0.07302804935206147,-0.2655364167711969,True,0,0,0,True,-0.31633231628173486,270.0,210.0,1.0,0.0,0.0,0.0,0.0
2025-01-13 16:35:00+00:00,2025-01-13,2025-01-13:1,True,3,5,True,-0.24923076923076923,0.15788935961904618,-0.4564847191669829,True,0,0,0,True,0.5261686922953518,265.0,215.0,0.0,0.0,0.0,1.0,0.0
2025-01-13 16:40:00+00:00,2025-01-13,2025-01-13:1,True,0,5,True,0.0,0.0,1.4907353802776129,True,0,0,0,True,0.6666771293521905,260.0,220.0,1.0,0.0,0.0,0.0,0.0
2025-01-13 16:45:00+00:00,2025-01-13,2025-01-13:1,True,0,10,True,-0.06962025316455696,0.06962025316455696,0.2993853686077772,True,0,0,0,True,0.6694460356758214,255.0,225.0,1.0,0.0,0.0,0.0,0.0
2025-01-13 16:50:00+00:00,2025-01-13,2025-01-13:1,True,0,15,True,-0.041666666666666664,0.030868798925712537,-0.29995551836934486,True,0,0,0,True,-0.6707209293000419,250.0,230.0,1.0,0.0,0.0,0.0,0.0
2025-01-13 16:55:00+00:00,2025-01-13,2025-01-13:1,True,0,20,True,0.22077922077922077,0.13609696365723786,0.48379560142168304,True,0,0,0,True,0.4663202580715339,245.0,235.0,1.0,0.0,0.0,0.0,0.0
2025-01-13 17:00:00+00:00,2025-01-13,2025-01-13:1,True,1,5,True,-0.1,0.1,0.3489027800573441,True,0,0,0,True,0.0,240.0,240.0,0.0,1.0,0.0,0.0,0.0
2025-01-13 17:05:00+00:00,2025-01-13,2025-01-13:1,True,1,10,True,0.07432432432432433,0.026164907281221637,1.044019181817012,True,0,0,0,True,0.0,235.0,245.0,0.0,1.0,0.0,0.0,0.0
2025-01-13 17:10:00+00:00,2025-01-13,2025-01-13:1,True,2,5,True,-0.27208480565371024,0.27208480565371024,0.1813025284054656,True,0,0,0,True,-0.8108095560144153,230.0,250.0,0.0,0.0,1.0,0.0,0.0
2025-01-13 17:15:00+00:00,2025-01-13,2025-01-13:1,True,1,5,True,-0.07692307692307693,0.07692307692307693,0.3774317532614915,True,0,0,0,True,-0.8439630571596229,225.0,255.0,0.0,1.0,0.0,0.0,0.0
2025-01-13 17:20:00+00:00,2025-01-13,2025-01-13:1,True,2,5,True,-0.03859649122807018,0.017888267966421286,-0.769016294417623,True,0,0,0,True,-0.8597863550613986,220.0,260.0,0.0,0.0,1.0,0.0,0.0
2025-01-13 17:25:00+00:00,2025-01-13,2025-01-13:1,True,0,5,True,0.15654952076677317,0.15654952076677317,-0.3998306161270744,True,0,0,0,True,0.0,215.0,265.0,1.0,0.0,0.0,0.0,0.0
2025-01-13 17:30:00+00:00,2025-01-13,2025-01-13:1,True,0,10,True,-0.05357142857142857,0.05357142857142857,0.39983061612701465,True,0,0,0,True,-0.8940484371430876,210.0,270.0,1.0,0.0,0.0,0.0,0.0
2025-01-13 17:35:00+00:00,2025-01-13,2025-01-13:1,True,0,15,True,0.04024767801857585,0.04024767801857585,0.0,True,0,0,0,True,1.8924015460614114,205.0,275.0,1.0,0.0,0.0,0.0,0.0
2025-01-13 17:40:00+00:00,2025-01-13,2025-01-13:1,True,0,20,True,-0.16715542521994134,0.04229527336632681,-1.3742487304731759,True,0,0,0,True,-0.47584409920969745,200.0,280.0,1.0,0.0,0.0,0.0,0.0
2025-01-13 17:45:00+00:00,2025-01-13,2025-01-13:1,True,3,5,True,-0.13230769230769232,0.08533335965021009,-0.43856474813365726,True,0,0,0,True,-1.9613211787210758,195.0,285.0,0.0,0.0,0.0,1.0,0.0
2025-01-13 17:50:00+00:00,2025-01-13,2025-01-13:1,True,3,10,True,-0.17288135593220338,0.07414158792830779,-0.8466289399032566,True,0,0,0,True,0.4043325494813824,190.0,290.0,0.0,0.0,0.0,1.0,0.0
2025-01-13 17:55:00+00:00,2025-01-13,2025-01-13:1,True,0,5,True,-0.14641744548286603,0.14641744548286603,1.6440604795486564,True,0,0,0,True,0.5009171371088139,185.0,295.0,1.0,0.0,0.0,0.0,0.0
2025-01-13 18:00:00+00:00,2025-01-13,2025-01-13:1,True,0,10,True,-0.037694013303769404,0.030626862135759308,-0.2076238120863414,True,0,0,0,True,0.9186065777088886,180.0,300.0,1.0,0.0,0.0,0.0,0.0
2025-01-13 18:05:00+00:00,2025-01-13,2025-01-13:1,True,0,15,True,0.06060606060606061,0.06060606060606061,-0.8083550783079827,True,0,0,0,True,-0.4070561826240766,175.0,305.0,1.0,0.0,0.0,0.0,0.0
2025-01-13 18:10:00+00:00,2025-01-13,2025-01-13:1,True,0,20,True,-0.1008174386920981,0.1008174386920981,0.0,True,0,0,0,True,-0.8884490181428207,170.0,310.0,1.0,0.0,0.0,0.0,0.0
2025-01-13 18:15:00+00:00,2025-01-13,2025-01-13:1,True,0,25,True,0.04,0.04,-0.39848324711774746,True,0,0,0,True,-0.8910356284501304,165.0,315.0,1.0,0.0,0.0,0.0,0.0
2025-01-13 18:20:00+00:00,2025-01-13,2025-01-13:1,True,0,30,True,0.2012012012012012,0.13533780218752728,0.3965315169141174,True,0,0,0,True,-1.1839066640629543,160.0,320.0,1.0,0.0,0.0,0.0,0.0
2025-01-13 18:25:00+00:00,2025-01-13,2025-01-13:1,True,0,35,True,0.2523961661341853,0.0985288713249017,0.9406503257817966,True,0,0,0,True,1.6826864572048146,155.0,325.0,1.0,0.0,0.0,0.0,0.0
2025-01-13 18:30:00+00:00,2025-01-13,2025-01-13:1,True,0,40,True,-0.07165109034267912,0.0343099985274787,-0.7363715578290508,True,0,0,0,True,-1.2349326450029663,150.0,330.0,1.0,0.0,0.0,0.0,0.0
2025-01-13 18:35:00+00:00,2025-01-13,2025-01-13:1,True,1,5,True,0.07744107744107744,0.012721571823721361,1.806218234783607,True,0,0,0,True,-0.7343321373039358,145.0,335.0,0.0,1.0,0.0,0.0,0.0
2025-01-13 18:40:00+00:00,2025-01-13,2025-01-13:1,True,1,10,True,0.16262975778546712,0.0597952640608629,1.000549731066011,True,0,0,0,True,0.5645536257374546,140.0,340.0,0.0,1.0,0.0,0.0,0.0
2025-01-13 18:45:00+00:00,2025-01-13,2025-01-13:1,True,2,5,True,0.09202453987730061,0.09202453987730061,-0.4949001912127955,True,0,0,0,True,-0.20307781021680993,135.0,345.0,0.0,0.0,1.0,0.0,0.0
2025-01-13 18:50:00+00:00,2025-01-13,2025-01-13:1,True,1,5,True,-0.014326647564469915,0.014326647564469915,1.33627250658515,True,0,0,0,True,0.0,130.0,350.0,0.0,1.0,0.0,0.0,0.0
2025-01-13 18:55:00+00:00,2025-01-13,2025-01-13:1,True,2,5,True,0.18309859154929578,0.18309859154929578,-0.9990597083016666,True,0,0,0,True,0.5639422834422652,125.0,355.0,0.0,0.0,1.0,0.0,0.0
2025-01-13 19:00:00+00:00,2025-01-13,2025-01-13:1,True,1,5,True,-0.014285714285714285,0.014285714285714285,0.6707449031690119,True,0,0,0,True,0.0,120.0,360.0,0.0,1.0,0.0,0.0,0.0
2025-01-13 19:05:00+00:00,2025-01-13,2025-01-13:1,True,1,10,True,-0.009404388714733543,0.009404388714733543,0.3419546556177194,True,0,0,0,True,0.0,115.0,365.0,0.0,1.0,0.0,0.0,0.0
2025-01-13 19:10:00+00:00,2025-01-13,2025-01-13:1,True,0,5,True,0.10580204778156997,0.10580204778156997,0.0,True,0,0,0,True,0.2612561332344118,110.0,370.0,1.0,0.0,0.0,0.0,0.0
2025-01-13 19:15:00+00:00,2025-01-13,2025-01-13:1,True,1,5,True,0.1701492537313433,0.08734268317466298,0.6668367463772001,True,0,0,0,True,0.7455461473971031,105.0,375.0,0.0,1.0,0.0,0.0,0.0
2025-01-13 19:20:00+00:00,2025-01-13,2025-01-13:1,True,0,5,True,-0.0738255033557047,0.04436032888511998,-0.5093586693785628,True,0,0,0,True,-1.0900109499824882,100.0,380.0,1.0,0.0,0.0,0.0,0.0
2025-01-13 19:25:00+00:00,2025-01-13,2025-01-13:1,True,0,10,True,-0.06164383561643835,0.03694784975932445,-0.511865782161485,True,0,0,0,True,0.0,95.0,385.0,1.0,0.0,0.0,0.0,0.0
2025-01-13 19:30:00+00:00,2025-01-13,2025-01-13:1,True,0,15,True,0.42028985507246375,0.42028985507246375,-0.676451062344491,True,0,0,0,True,-1.339999271482398,90.0,390.0,1.0,0.0,0.0,0.0,0.0
2025-01-13 19:35:00+00:00,2025-01-13,2025-01-13:1,True,0,20,True,0.031746031746031744,0.031746031746031744,-0.54777413942021,True,0,0,0,True,0.816573474705144,85.0,395.0,1.0,0.0,0.0,0.0,0.0
2025-01-13 19:40:00+00:00,2025-01-13,2025-01-13:1,True,3,5,True,-0.46938775510204084,0.12635595419144205,-1.3123262394907778,True,0,0,0,True,-0.3678207089977063,80.0,400.0,0.0,0.0,0.0,1.0,0.0
2025-01-13 19:45:00+00:00,2025-01-13,2025-01-13:1,True,4,5,True,-0.23893805309734514,0.23893805309734514,1.3539673731045314,True,1,0,0,True,1.9637974916582042,75.0,405.0,0.0,0.0,0.0,0.0,1.0
2025-01-13 19:50:00+00:00,2025-01-13,2025-01-13:1,True,3,5,True,-0.27335640138408307,0.2250686078021482,-0.19437116404694524,True,1,0,0,True,0.0,70.0,410.0,0.0,0.0,0.0,1.0,0.0
2025-01-13 19:55:00+00:00,2025-01-13,2025-01-13:1,True,0,5,True,-0.11042944785276074,0.11042944785276074,0.1866110079543845,True,1,0,0,True,0.0,65.0,415.0,1.0,0.0,0.0,0.0,0.0
2025-01-13 20:00:00+00:00,2025-01-13,2025-01-13:1,True,0,10,True,0.20512820512820512,0.20512820512820512,-0.1753582652606604,True,1,0,0,True,0.3179929367826229,60.0,420.0,1.0,0.0,0.0,0.0,0.0
2025-01-13 20:05:00+00:00,2025-01-13,2025-01-13:1,True,0,15,True,-0.06395348837209303,0.028088046014582764,-0.8228119978730299,True,0,1,1,True,0.964641534699728,55.0,425.0,1.0,0.0,0.0,0.0,0.0
2025-01-13 20:10:00+00:00,2025-01-13,2025-01-13:1,True,0,20,True,0.0034602076124567475,0.002941936279008946,0.1622606279974383,True,0,0,1,True,0.36282579427407763,50.0,430.0,1.0,0.0,0.0,0.0,0.0
2025-01-13 20:15:00+00:00,2025-01-13,2025-01-13:1,True,0,25,True,-0.021538461538461538,0.010775754361984089,-0.6925416017755597,True,0,0,1,True,0.38714252470363497,45.0,435.0,1.0,0.0,0.0,0.0,0.0
2025-01-13 20:20:00+00:00,2025-01-13,2025-01-13:1,True,0,30,True,0.028089887640449437,0.028089887640449437,0.0,True,0,0,1,True,0.5147738796700656,40.0,440.0,1.0,0.0,0.0,0.0,0.0
2025-01-13 20:25:00+00:00,2025-01-13,2025-01-13:1,True,3,5,True,-0.1878453038674033,0.026233132918184143,-1.9685955453198456,True,0,0,1,True,-0.339912312766881,35.0,445.0,0.0,0.0,0.0,1.0,0.0
2025-01-13 20:30:00+00:00,2025-01-13,2025-01-13:1,True,4,5,True,0.006756756756756757,0.0031309546257332196,0.7692050549196059,True,1,0,1,True,0.0,30.0,450.0,0.0,0.0,0.0,0.0,1.0
2025-01-13 20:35:00+00:00,2025-01-13,2025-01-13:1,True,0,5,True,-0.016286644951140065,0.016286644951140065,0.0,True,1,0,1,True,0.0,25.0,455.0,1.0,0.0,0.0,0.0,0.0
2025-01-13 20:40:00+00:00,2025-01-13,2025-01-13:1,True,0,10,True,-0.109717868338558,0.109717868338558,0.32186899324814633,True,1,0,1,True,0.0,20.0,460.0,1.0,0.0,0.0,0.0,0.0
2025-01-13 20:45:00+00:00,2025-01-13,2025-01-13:1,True,0,15,True,0.2564841498559078,0.2564841498559078,0.0,True,1,0,1,True,-0.18140965499616557,15.0,465.0,1.0,0.0,0.0,0.0,0.0
2025-01-13 20:50:00+00:00,2025-01-13,2025-01-13:1,True,0,20,True,-0.1564625850340136,0.11249785596851969,-0.3298827447272855,True,1,0,1,True,0.5372045116167464,10.0,470.0,1.0,0.0,0.0,0.0,0.0
2025-01-13 20:55:00+00:00,2025-01-13,2025-01-13:1,True,0,25,True,-0.3087248322147651,0.3087248322147651,0.34516193776660237,True,0,0,1,True,0.7718055560916748,5.0,475.0,1.0,0.0,0.0,0.0,0.0
2025-01-13 21:00:00+00:00,2025-01-13,2025-01-13:1,True,0,30,True,-0.2974683544303797,0.2974683544303797,1.0768470810811654,True,0,0,1,True,-0.209018938862808,0.0,480.0,1.0,0.0,0.0,0.0,0.0
2025-01-14 13:00:00+00:00,2025-01-14,2025-01-14:1,False,-1,0,False,,,,False,0,0,0,False,,480.0,0.0,,,,,
2025-01-14 13:05:00+00:00,2025-01-14,2025-01-14:1,False,-1,0,True,-0.0070921985815602835,,,False,0,0,0,False,,475.0,5.0,,,,,
2025-01-14 13:10:00+00:00,2025-01-14,2025-01-14:1,False,-1,0,True,-0.1411764705882353,,,False,0,0,0,False,,470.0,10.0,,,,,
2025-01-14 13:15:00+00:00,2025-01-14,2025-01-14:1,False,-1,0,True,-0.05154639175257732,,,False,0,0,0,False,,465.0,15.0,,,,,
2025-01-14 13:20:00+00:00,2025-01-14,2025-01-14:1,False,-1,0,True,0.1166077738515901,,,False,0,0,0,False,,460.0,20.0,,,,,
2025-01-14 13:25:00+00:00,2025-01-14,2025-01-14:1,False,-1,0,True,0.08051948051948052,,,False,0,0,0,False,,455.0,25.0,,,,,
2025-01-14 13:30:00+00:00,2025-01-14,2025-01-14:1,False,-1,0,True,-0.17183098591549295,,,False,0,0,0,False,,450.0,30.0,,,,,
2025-01-14 13:35:00+00:00,2025-01-14,2025-01-14:1,False,-1,0,True,-0.03323262839879154,,,False,0,0,0,False,,445.0,35.0,,,,,
2025-01-14 13:40:00+00:00,2025-01-14,2025-01-14:1,False,-1,0,True,-0.28695652173913044,,,False,0,0,0,False,,440.0,40.0,,,,,
2025-01-14 13:45:00+00:00,2025-01-14,2025-01-14:1,False,-1,0,True,0.14551083591331268,,,False,0,0,0,False,,435.0,45.0,,,,,
2025-01-14 13:50:00+00:00,2025-01-14,2025-01-14:1,False,-1,0,True,-0.06948640483383686,,,False,0,0,0,False,,430.0,50.0,,,,,
2025-01-14 13:55:00+00:00,2025-01-14,2025-01-14:1,False,-1,0,True,-0.1258741258741259,,,False,0,0,0,False,,425.0,55.0,,,,,
2025-01-14 14:00:00+00:00,2025-01-14,2025-01-14:1,False,-1,0,True,-0.11805555555555555,,,False,0,0,0,False,,420.0,60.0,,,,,
2025-01-14 14:05:00+00:00,2025-01-14,2025-01-14:1,True,2,5,True,0.03857566765578635,0.03857566765578635,-0.6942337627614609,True,0,0,0,False,,415.0,65.0,0.0,0.0,1.0,0.0,0.0
2025-01-14 14:10:00+00:00,2025-01-14,2025-01-14:1,True,0,5,True,0.013333333333333334,0.013333333333333334,-0.33406812664680585,True,0,0,0,False,,410.0,70.0,1.0,0.0,0.0,0.0,0.0
2025-01-14 14:15:00+00:00,2025-01-14,2025-01-14:1,True,0,10,True,0.1597222222222222,0.055970962656168764,1.0486031630771804,True,0,0,0,False,,405.0,75.0,1.0,0.0,0.0,0.0,0.0
2025-01-14 14:20:00+00:00,2025-01-14,2025-01-14:1,True,0,15,True,0.06451612903225806,0.06451612903225806,-0.6850274699824086,True,0,0,0,False,,400.0,80.0,1.0,0.0,0.0,0.0,0.0
2025-01-14 14:25:00+00:00,2025-01-14,2025-01-14:1,True,0,20,True,0.0658682634730539,0.0658682634730539,-0.34747186720621487,True,0,0,0,False,,395.0,85.0,1.0,0.0,0.0,0.0,0.0
2025-01-14 14:30:00+00:00,2025-01-14,2025-01-14:1,True,0,25,True,0.11355311355311355,0.11355311355311355,-0.7088610803442296,True,0,0,0,False,,390.0,90.0,1.0,0.0,0.0,0.0,0.0
2025-01-14 14:35:00+00:00,2025-01-14,2025-01-14:1,True,0,30,True,0.1464968152866242,0.1464968152866242,-0.3644284614925035,True,0,0,0,False,,385.0,95.0,1.0,0.0,0.0,0.0,0.0
2025-01-14 14:40:00+00:00,2025-01-14,2025-01-14:1,True,0,35,True,0.10457516339869281,0.03419315874481572,1.1178804924722276,True,0,0,0,False,,380.0,100.0,1.0,0.0,0.0,0.0,0.0
2025-01-14 14:45:00+00:00,2025-01-14,2025-01-14:1,True,0,40,True,0.2537313432835821,0.2537313432835821,0.0,True,0,0,0,False,,375.0,105.0,1.0,0.0,0.0,0.0,0.0
2025-01-14 14:50:00+00:00,2025-01-14,2025-01-14:1,True,0,45,True,-0.1056338028169014,0.03539933511877076,-1.093285384475369,True,0,0,0,False,,370.0,110.0,1.0,0.0,0.0,0.0,0.0
2025-01-14 14:55:00+00:00,2025-01-14,2025-01-14:1,True,0,50,True,0.1694915254237288,0.08312370119068718,0.7124730539902011,True,0,0,0,False,,365.0,115.0,1.0,0.0,0.0,0.0,0.0
2025-01-14 15:00:00+00:00,2025-01-14,2025-01-14:1,True,0,55,True,0.04436860068259386,0.02157946981827256,0.7207896360970976,True,0,0,0,False,,360.0,120.0,1.0,0.0,0.0,0.0,0.0
2025-01-14 15:05:00+00:00,2025-01-14,2025-01-14:1,True,0,60,True,0.4114285714285714,0.4114285714285714,0.0,True,0,0,0,True,-0.44421038305171534,355.0,125.0,1.0,0.0,0.0,0.0,0.0
2025-01-14 15:10:00+00:00,2025-01-14,2025-01-14:1,True,0,65,True,-0.21407624633431085,0.06651867240625078,-1.168849546534872,True,0,0,0,True,0.0,350.0,130.0,1.0,0.0,0.0,0.0,0.0
2025-01-14 15:15:00+00:00,2025-01-14,2025-01-14:1,True,0,70,True,0.05802047781569966,0.01037760528921023,1.7211458672148843,True,0,0,0,True,0.9621497895706433,345.0,135.0,1.0,0.0,0.0,0.0,0.0
2025-01-14 15:20:00+00:00,2025-01-14,2025-01-14:1,True,1,5,True,0.2861356932153392,0.17686301900616172,0.4810906210694632,True,0,0,0,True,0.4810073407570768,340.0,140.0,0.0,1.0,0.0,0.0,0.0
2025-01-14 15:25:00+00:00,2025-01-14,2025-01-14:1,True,0,5,True,-0.02491103202846975,0.0037720469001490385,-1.887692960248117,True,0,0,0,True,-1.0552524449398997,335.0,145.0,1.0,0.0,0.0,0.0,0.0
2025-01-14 15:30:00+00:00,2025-01-14,2025-01-14:1,True,3,5,True,-0.1,0.014596878459464469,-1.9243624842794347,True,0,0,0,True,-4.973574308533029,330.0,150.0,0.0,0.0,0.0,1.0,0.0
2025-01-14 15:35:00+00:00,2025-01-14,2025-01-14:1,True,4,5,True,0.23376623376623376,0.1567759733745577,0.3995037498789905,True,1,0,0,True,0.8933175419954963,325.0,155.0,0.0,0.0,0.0,0.0,1.0
2025-01-14 15:40:00+00:00,2025-01-14,2025-01-14:1,True,0,5,True,0.0425531914893617,0.013242165330234618,1.1673487761154646,True,1,0,0,True,-0.3645855512098445,320.0,160.0,1.0,0.0,0.0,0.0,0.0
2025-01-14 15:45:00+00:00,2025-01-14,2025-01-14:1,True,0,10,True,-0.036065573770491806,0.036065573770491806,0.4077207447282421,True,0,0,0,True,-0.9116913010517796,315.0,165.0,1.0,0.0,0.0,0.0,0.0
2025-01-14 15:50:00+00:00,2025-01-14,2025-01-14:1,True,0,15,True,-0.2971246006389776,0.197636767207107,-0.4077207447282584,True,0,0,0,True,0.39490173558655195,310.0,170.0,1.0,0.0,0.0,0.0,0.0
2025-01-14 15:55:00+00:00,2025-01-14,2025-01-14:1,True,0,20,True,0.0,0.0,0.8215403236221057,True,0,0,0,True,0.0,305.0,175.0,1.0,0.0,0.0,0.0,0.0
2025-01-14 16:00:00+00:00,2025-01-14,2025-01-14:1,True,2,5,True,-0.04216867469879518,0.028130255715858456,-0.40483192671713764,True,0,0,0,True,0.0,300.0,180.0,0.0,0.0,1.0,0.0,0.0
2025-01-14 16:05:00+00:00,2025-01-14,2025-01-14:1,True,0,5,True,0.23595505617977527,0.23595505617977527,-0.8162084226047307,True,0,0,0,True,-0.5985507568397638,295.0,185.0,1.0,0.0,0.0,0.0,0.0
2025-01-14 16:10:00+00:00,2025-01-14,2025-01-14:1,True,0,10,True,-0.2087227414330218,0.06240323002458865,-1.2073897379928125,True,0,0,0,True,0.0,290.0,190.0,1.0,0.0,0.0,0.0,0.0
2025-01-14 16:15:00+00:00,2025-01-14,2025-01-14:1,True,3,5,True,0.2897727272727273,0.2897727272727273,-1.4732721245651421,True,0,0,0,True,1.3900350940086559,285.0,195.0,0.0,0.0,0.0,1.0,0.0
2025-01-14 16:20:00+00:00,2025-01-14,2025-01-14:1,True,4,5,True,-0.3554987212276215,0.3554987212276215,0.0,True,0,0,0,True,0.0,280.0,200.0,0.0,0.0,0.0,0.0,1.0
2025-01-14 16:25:00+00:00,2025-01-14,2025-01-14:1,True,4,10,True,0.022988505747126436,0.015860322259638262,0.3711738058684193,True,1,0,0,True,0.3108704048320115,275.0,205.0,0.0,0.0,0.0,0.0,1.0
2025-01-14 16:30:00+00:00,2025-01-14,2025-01-14:1,True,3,5,True,0.11377245508982035,0.11377245508982035,-0.7338292848352642,True,1,0,0,True,-0.5509515376516722,270.0,210.0,0.0,0.0,0.0,1.0,0.0
2025-01-14 16:35:00+00:00,2025-01-14,2025-01-14:1,True,4,5,True,-0.05921052631578947,0.05921052631578947,0.0,True,0,1,1,True,0.3612221582364745,265.0,215.0,0.0,0.0,0.0,0.0,1.0
2025-01-14 16:40:00+00:00,2025-01-14,2025-01-14:1,True,3,5,True,0.020242914979757085,0.020242914979757085,-0.8656815837209305,True,0,0,1,True,-0.9678614340362134,260.0,220.0,0.0,0.0,0.0,1.0,0.0
2025-01-14 16:45:00+00:00,2025-01-14,2025-01-14:1,True,0,5,True,-0.3354632587859425,0.21806107277692927,-0.4307372646923144,True,0,0,1,True,-1.3149800072668516,255.0,225.0,1.0,0.0,0.0,0.0,0.0
2025-01-14 16:50:00+00:00,2025-01-14,2025-01-14:1,True,0,10,True,0.05263157894736842,0.015212227967536213,1.241216723828827,True,0,0,1,True,0.0,250.0,230.0,1.0,0.0,0.0,0.0,0.0
2025-01-14 16:55:00+00:00,2025-01-14,2025-01-14:1,True,0,15,True,0.0030959752321981426,0.0008678178834747717,1.2718763537598237,True,0,0,1,True,0.9480006619929473,245.0,235.0,1.0,0.0,0.0,0.0,0.0
2025-01-14 17:00:00+00:00,2025-01-14,2025-01-14:1,True,0,20,True,-0.27596439169139464,0.27596439169139464,0.4247683304534386,True,0,0,1,True,0.0,240.0,240.0,1.0,0.0,0.0,0.0,0.0
2025-01-14 17:05:00+00:00,2025-01-14,2025-01-14:1,True,1,5,True,0.015479876160990712,0.0043537667795461935,1.268499471458445,True,0,0,1,True,-0.9454836825363373,235.0,245.0,0.0,1.0,0.0,0.0,0.0
2025-01-14 17:10:00+00:00,2025-01-14,2025-01-14:1,True,2,5,True,0.09032258064516129,0.09032258064516129,-1.5768295949632447,True,0,0,1,True,0.0,230.0,250.0,0.0,0.0,1.0,0.0,0.0
2025-01-14 17:15:00+00:00,2025-01-14,2025-01-14:1,True,1,5,True,-0.11782477341389729,0.11782477341389729,0.8914105645622376,True,0,0,1,True,-0.9966273091098979,225.0,255.0,0.0,1.0,0.0,0.0,0.0
2025-01-14 17:20:00+00:00,2025-01-14,2025-01-14:1,True,0,5,True,-0.09375,0.039648722622928276,-0.8605729336082095,True,0,0,1,True,-1.9242995791443698,220.0,260.0,1.0,0.0,0.0,0.0,0.0
2025-01-14 17:25:00+00:00,2025-01-14,2025-01-14:1,True,0,10,True,0.01910828025477707,0.01910828025477707,-0.4077207447281932,True,0,0,1,True,0.0,215.0,265.0,1.0,0.0,0.0,0.0,0.0
2025-01-14 17:30:00+00:00,2025-01-14,2025-01-14:1,True,0,15,True,-0.07507507507507508,0.07507507507507508,0.7750072691471338,True,0,0,1,True,-0.866484468437196,210.0,270.0,1.0,0.0,0.0,0.0,0.0
2025-01-14 17:35:00+00:00,2025-01-14,2025-01-14:1,True,0,20,True,0.17989417989417988,0.17989417989417988,0.0,True,0,0,1,True,-1.7373963716457281,205.0,275.0,1.0,0.0,0.0,0.0,0.0
2025-01-14 17:40:00+00:00,2025-01-14,2025-01-14:1,True,0,25,True,0.020289855072463767,0.020289855072463767,-0.19113972088356146,True,0,0,1,True,-0.2435536377190849,200.0,280.0,1.0,0.0,0.0,0.0,0.0
2025-01-14 17:45:00+00:00,2025-01-14,2025-01-14:1,True,0,30,True,-0.24836601307189543,0.24836601307189543,0.7685349823422718,True,0,0,1,True,1.1008244333772854,195.0,285.0,1.0,0.0,0.0,0.0,0.0
2025-01-14 17:50:00+00:00,2025-01-14,2025-01-14:1,True,0,35,True,-0.0763888888888889,0.0763888888888889,0.391350979563414,True,0,0,1,True,2.6252621800972618,190.0,290.0,1.0,0.0,0.0,0.0,0.0
2025-01-14 17:55:00+00:00,2025-01-14,2025-01-14:1,True,0,40,True,0.20765027322404372,0.20765027322404372,-1.117469652992305,True,0,0,1,True,-1.6658254045900525,185.0,295.0,1.0,0.0,0.0,0.0,0.0
2025-01-14 18:00:00+00:00,2025-01-14,2025-01-14:1,True,0,45,True,-0.18904109589041096,0.06666069400666279,-1.042348946030451,True,0,0,1,True,0.969945459044812,180.0,300.0,1.0,0.0,0.0,0.0,0.0
2025-01-14 18:05:00+00:00,2025-01-14,2025-01-14:1,True,0,50,True,-0.16993464052287582,0.12148304863080582,-0.3356391600059716,True,0,0,1,True,0.7505119776864143,175.0,305.0,1.0,0.0,0.0,0.0,0.0
2025-01-14 18:10:00+00:00,2025-01-14,2025-01-14:1,True,3,5,True,0.16339869281045752,0.16339869281045752,-0.7127445848737209,True,0,0,1,True,-0.19419751045362546,170.0,310.0,0.0,0.0,0.0,1.0,0.0
2025-01-14 18:15:00+00:00,2025-01-14,2025-01-14:1,True,3,10,True,-0.05956112852664577,0.007677686012944777,-2.048684954002052,True,0,0,1,True,-0.7634998036042131,165.0,315.0,0.0,0.0,0.0,1.0,0.0
2025-01-14 18:20:00+00:00,2025-01-14,2025-01-14:1,True,4,5,True,0.06752411575562701,0.06752411575562701,-0.3456785658466584,True,0,0,1,True,0.9913133776554097,160.0,320.0,0.0,0.0,0.0,0.0,1.0
2025-01-14 18:25:00+00:00,2025-01-14,2025-01-14:1,True,4,10,True,-0.13664596273291926,0.13664596273291926,0.5273129982082294,True,1,0,1,True,0.7860718062752172,155.0,325.0,0.0,0.0,0.0,0.0,1.0
2025-01-14 18:30:00+00:00,2025-01-14,2025-01-14:1,True,4,15,True,0.015873015873015872,0.010928065204834263,0.3732862830125606,True,1,0,1,True,0.8346935038843105,150.0,330.0,0.0,0.0,0.0,0.0,1.0
2025-01-14 18:35:00+00:00,2025-01-14,2025-01-14:1,True,4,20,True,0.14201183431952663,0.14201183431952663,0.0,True,1,0,1,True,0.0,145.0,335.0,0.0,0.0,0.0,0.0,1.0
2025-01-14 18:40:00+00:00,2025-01-14,2025-01-14:1,True,0,5,True,0.05226480836236934,0.017467398730295593,1.0959870505043001,True,1,0,1,True,0.31430608986091246,140.0,340.0,1.0,0.0,0.0,0.0,0.0
2025-01-14 18:45:00+00:00,2025-01-14,2025-01-14:1,True,0,10,True,0.04195804195804196,0.04195804195804196,-1.0570504537351635,True,0,1,2,True,-0.9143688528112547,135.0,345.0,1.0,0.0,0.0,0.0,0.0
2025-01-14 18:50:00+00:00,2025-01-14,2025-01-14:1,True,0,15,True,-0.008595988538681949,0.006020550996079107,-0.35611686272759263,True,0,0,2,True,0.0,130.0,350.0,1.0,0.0,0.0,0.0,0.0
2025-01-14 18:55:00+00:00,2025-01-14,2025-01-14:1,True,0,20,True,-0.11627906976744186,0.026998401381133692,-1.4602154195773747,True,0,0,2,True,0.8162852349915167,125.0,355.0,1.0,0.0,0.0,0.0,0.0
2025-01-14 19:00:00+00:00,2025-01-14,2025-01-14:1,True,3,5,True,0.02654867256637168,0.02654867256637168,-0.38792552216132087,True,0,0,2,True,-0.8674278377598147,120.0,360.0,0.0,0.0,0.0,1.0,0.0
2025-01-14 19:05:00+00:00,2025-01-14,2025-01-14:1,True,3,10,True,-0.13114754098360656,0.08788596931997893,-0.4002827854714255,True,0,0,2,True,0.0,115.0,365.0,0.0,0.0,0.0,1.0,0.0
2025-01-14 19:10:00+00:00,2025-01-14,2025-01-14:1,True,4,5,True,0.19444444444444445,0.05792301816281627,1.2110316336968694,True,1,0,2,True,0.19626596425530088,110.0,370.0,0.0,0.0,0.0,0.0,1.0
2025-01-14 19:15:00+00:00,2025-01-14,2025-01-14:1,True,0,5,True,-0.2605633802816901,0.2605633802816901,0.42236678466355054,True,1,0,2,True,0.0,105.0,375.0,1.0,0.0,0.0,0.0,0.0
2025-01-14 19:20:00+00:00,2025-01-14,2025-01-14:1,True,0,10,True,-0.1917808219178082,0.1917808219178082,0.0,True,1,0,2,True,0.0,100.0,380.0,1.0,0.0,0.0,0.0,0.0
2025-01-14 19:25:00+00:00,2025-01-14,2025-01-14:1,True,0,15,True,-0.04938271604938271,0.04938271604938271,0.8211490207534811,True,1,0,2,True,0.9180725150310847,95.0,385.0,1.0,0.0,0.0,0.0,0.0
2025-01-14 19:30:00+00:00,2025-01-14,2025-01-14:1,True,0,20,True,-0.11224489795918367,0.051263781373887894,-0.7836985863834997,True,0,1,3,True,0.8762016565119982,90.0,390.0,1.0,0.0,0.0,0.0,0.0
2025-01-14 19:35:00+00:00,2025-01-14,2025-01-14:1,True,0,25,True,-0.20701754385964913,0.09356942963927022,-0.7940998189012052,True,0,0,3,True,-1.0000900395073231,85.0,395.0,1.0,0.0,0.0,0.0,0.0
2025-01-14 19:40:00+00:00,2025-01-14,2025-01-14:1,True,0,30,True,0.15358361774744028,0.15358361774744028,-0.385505654396348,True,0,0,3,True,-0.09080904341701816,80.0,400.0,1.0,0.0,0.0,0.0,0.0
2025-01-14 19:45:00+00:00,2025-01-14,2025-01-14:1,True,3,5,True,0.044585987261146494,0.044585987261146494,-1.1900902220456777,True,0,0,3,True,0.8036290919175676,75.0,405.0,0.0,0.0,0.0,1.0,0.0
2025-01-14 19:50:00+00:00,2025-01-14,2025-01-14:1,True,4,5,True,0.13544668587896252,0.13544668587896252,0.0,True,0,0,3,True,0.8950341996819662,70.0,410.0,0.0,0.0,0.0,0.0,1.0
2025-01-14 19:55:00+00:00,2025-01-14,2025-01-14:1,True,4,10,True,0.08305647840531562,0.05555788173509238,0.40209544766040256,True,1,0,3,True,-0.8991127544144244,65.0,415.0,0.0,0.0,0.0,0.0,1.0
2025-01-14 20:00:00+00:00,2025-01-14,2025-01-14:1,True,0,5,True,-0.027586206896551724,0.027586206896551724,0.7884147974824768,True,1,0,3,True,0.8814745408175215,60.0,420.0,1.0,0.0,0.0,0.0,0.0
2025-01-14 20:05:00+00:00,2025-01-14,2025-01-14:1,True,0,10,True,0.019178082191780823,0.012791086936610583,0.4050194791591678,True,1,0,3,True,-0.7696286099429437,55.0,425.0,1.0,0.0,0.0,0.0,0.0
2025-01-14 20:10:00+00:00,2025-01-14,2025-01-14:1,True,0,15,True,-0.2772585669781931,0.18442258480179316,-0.4077207447283399,True,1,0,3,True,0.0,50.0,430.0,1.0,0.0,0.0,0.0,0.0
2025-01-14 20:15:00+00:00,2025-01-14,2025-01-14:1,True,0,20,True,-0.08635097493036212,0.03720586278552604,-0.8419537443563038,True,0,1,4,True,0.0,45.0,435.0,1.0,0.0,0.0,0.0,0.0
2025-01-14 20:20:00+00:00,2025-01-14,2025-01-14:1,True,0,25,True,0.1880597014925373,0.1880597014925373,-1.0460466767082555,True,0,0,4,True,-1.4034188860555068,40.0,440.0,1.0,0.0,0.0,0.0,0.0
2025-01-14 20:25:00+00:00,2025-01-14,2025-01-14:1,True,0,30,True,0.05501618122977346,0.03587560970901159,0.4275696768320969,True,0,0,4,True,-0.9560748625114684,35.0,445.0,1.0,0.0,0.0,0.0,0.0
2025-01-14 20:30:00+00:00,2025-01-14,2025-01-14:1,True,0,35,True,-0.10810810810810811,0.10810810810810811,0.6732017297876655,True,0,0,4,True,1.00354988691711,30.0,450.0,1.0,0.0,0.0,0.0,0.0
2025-01-14 20:35:00+00:00,2025-01-14,2025-01-14:1,True,0,40,True,-0.010810810810810811,0.010810810810810811,0.4457052822818271,True,0,0,4,True,1.9932546182229631,25.0,455.0,1.0,0.0,0.0,0.0,0.0
2025-01-14 20:40:00+00:00,2025-01-14,2025-01-14:1,True,0,45,True,0.27323943661971833,0.27323943661971833,-0.4638234348002341,True,0,0,4,True,-0.8650201186155744,20.0,460.0,1.0,0.0,0.0,0.0,0.0
2025-01-14 20:45:00+00:00,2025-01-14,2025-01-14:1,True,0,50,True,-0.2297734627831715,0.2297734627831715,0.9533401856779533,True,0,0,4,True,1.065866730427573,15.0,465.0,1.0,0.0,0.0,0.0,0.0
2025-01-14 20:50:00+00:00,2025-01-14,2025-01-14:1,True,1,5,True,-0.4723926380368098,0.4723926380368098,0.4737147931291014,True,0,0,4,True,-0.7188569405937494,10.0,470.0,0.0,1.0,0.0,0.0,0.0
2025-01-14 20:55:00+00:00,2025-01-14,2025-01-14:1,True,2,5,True,0.12804878048780488,0.12804878048780488,0.0,True,0,0,4,True,-1.7770507700061868,5.0,475.0,0.0,0.0,1.0,0.0,0.0
2025-01-14 21:00:00+00:00,2025-01-14,2025-01-14:1,True,1,5,True,-0.21465968586387435,0.21465968586387435,0.4971988575122407,True,0,0,4,True,-0.47918778661541805,0.0,480.0,0.0,1.0,0.0,0.0,0.0
2025-01-15 13:00:00+00:00,2025-01-15,2025-01-15:1,False,-1,0,False,,,,False,0,0,0,False,,480.0,0.0,,,,,
2025-01-15 13:05:00+00:00,2025-01-15,2025-01-15:1,False,-1,0,True,-0.14356435643564355,,,False,0,0,0,False,,475.0,5.0,,,,,
2025-01-15 13:10:00+00:00,2025-01-15,2025-01-15:1,False,-1,0,True,0.1510791366906475,,,False,0,0,0,False,,470.0,10.0,,,,,
2025-01-15 13:15:00+00:00,2025-01-15,2025-01-15:1,False,-1,0,True,-0.19135802469135801,,,False,0,0,0,False,,465.0,15.0,,,,,
2025-01-15 13:20:00+00:00,2025-01-15,2025-01-15:1,False,-1,0,True,-0.2709677419354839,,,False,0,0,0,False,,460.0,20.0,,,,,
2025-01-15 13:25:00+00:00,2025-01-15,2025-01-15:1,False,-1,0,True,0.19270833333333334,,,False,0,0,0,False,,455.0,25.0,,,,,
2025-01-15 13:30:00+00:00,2025-01-15,2025-01-15:1,False,-1,0,True,0.11335012594458438,,,False,0,0,0,False,,450.0,30.0,,,,,
2025-01-15 13:35:00+00:00,2025-01-15,2025-01-15:1,False,-1,0,True,-0.17962466487935658,,,False,0,0,0,False,,445.0,35.0,,,,,
2025-01-15 13:40:00+00:00,2025-01-15,2025-01-15:1,False,-1,0,True,0.02142857142857143,,,False,0,0,0,False,,440.0,40.0,,,,,
2025-01-15 13:45:00+00:00,2025-01-15,2025-01-15:1,False,-1,0,True,-0.14213197969543148,,,False,0,0,0,False,,435.0,45.0,,,,,
2025-01-15 13:50:00+00:00,2025-01-15,2025-01-15:1,False,-1,0,True,0.09411764705882353,,,False,0,0,0,False,,430.0,50.0,,,,,
2025-01-15 13:55:00+00:00,2025-01-15,2025-01-15:1,False,-1,0,True,-0.024054982817869417,,,False,0,0,0,False,,425.0,55.0,,,,,
2025-01-15 14:00:00+00:00,2025-01-15,2025-01-15:1,False,-1,0,True,-0.06583072100313479,,,False,0,0,0,False,,420.0,60.0,,,,,
2025-01-15 14:05:00+00:00,2025-01-15,2025-01-15:1,True,0,5,True,-0.03323262839879154,0.03323262839879154,0.3651827596127637,True,0,0,0,False,,415.0,65.0,1.0,0.0,0.0,0.0,0.0
2025-01-15 14:10:00+00:00,2025-01-15,2025-01-15:1,True,0,10,True,-0.07692307692307693,0.07692307692307693,0.3711016000889215,True,0,0,0,False,,410.0,70.0,1.0,0.0,0.0,0.0,0.0
2025-01-15 14:15:00+00:00,2025-01-15,2025-01-15:1,True,0,15,True,0.11046511627906977,0.11046511627906977,-0.7115966932393687,True,0,0,0,False,,405.0,75.0,1.0,0.0,0.0,0.0,0.0
2025-01-15 14:20:00+00:00,2025-01-15,2025-01-15:1,True,0,20,True,0.21910112359550563,0.21910112359550563,-0.37190727112385796,True,0,0,0,False,,400.0,80.0,1.0,0.0,0.0,0.0,0.0
2025-01-15 14:25:00+00:00,2025-01-15,2025-01-15:1,True,3,5,True,-0.0903010033444816,0.06111112877320016,-0.39045458168952163,True,0,0,0,False,,395.0,85.0,0.0,0.0,0.0,1.0,0.0
2025-01-15 14:30:00+00:00,2025-01-15,2025-01-15:1,True,3,10,True,0.021505376344086023,0.021505376344086023,-2.126583241034243,True,0,0,0,False,,390.0,90.0,0.0,0.0,0.0,1.0,0.0
2025-01-15 14:35:00+00:00,2025-01-15,2025-01-15:1,True,4,5,True,0.16853932584269662,0.05204449156871813,1.1750701505031411,True,1,0,0,False,,385.0,95.0,0.0,0.0,0.0,0.0,1.0
2025-01-15 14:40:00+00:00,2025-01-15,2025-01-15:1,True,3,5,True,0.40625,0.40625,-0.7968548038849279,True,0,1,1,False,,380.0,100.0,0.0,0.0,0.0,1.0,0.0
2025-01-15 14:45:00+00:00,2025-01-15,2025-01-15:1,True,4,5,True,-0.029315960912052116,0.029315960912052116,0.7809091633771279,True,1,0,1,False,,375.0,105.0,0.0,0.0,0.0,0.0,1.0
2025-01-15 14:50:00+00:00,2025-01-15,2025-01-15:1,True,0,5,True,0.014925373134328358,0.014925373134328358,0.0,True,1,0,1,False,,370.0,110.0,1.0,0.0,0.0,0.0,0.0
2025-01-15 14:55:00+00:00,2025-01-15,2025-01-15:1,True,3,5,True,0.051194539249146756,0.051194539249146756,-1.2352578957302696,True,0,1,2,False,,365.0,115.0,0.0,0.0,0.0,1.0,0.0
2025-01-15 15:00:00+00:00,2025-01-15,2025-01-15:1,True,0,5,True,-0.011428571428571429,0.011428571428571429,0.844494219058374,True,0,0,2,False,,360.0,120.0,1.0,0.0,0.0,0.0,0.0
2025-01-15 15:05:00+00:00,2025-01-15,2025-01-15:1,True,0,10,True,0.16167664670658682,0.07218227889934856,0.8064037614047486,True,0,0,2,True,0.29723011596205057,355.0,125.0,1.0,0.0,0.0,0.0,0.0
2025-01-15 15:10:00+00:00,2025-01-15,2025-01-15:1,True,0,15,True,-0.07590759075907591,0.0345496206092734,-0.7871201201668103,True,0,0,2,True,-1.760054095150791,350.0,130.0,1.0,0.0,0.0,0.0,0.0
2025-01-15 15:15:00+00:00,2025-01-15,2025-01-15:1,True,0,20,True,-0.23668639053254437,0.16549766008891667,-0.3577789618913797,True,0,0,2,True,0.0,345.0,135.0,1.0,0.0,0.0,0.0,0.0
2025-01-15 15:20:00+00:00,2025-01-15,2025-01-15:1,True,0,25,True,0.12244897959183673,0.12244897959183673,-0.3602296432753254,True,0,0,2,True,0.0,340.0,140.0,1.0,0.0,0.0,0.0,0.0
2025-01-15 15:25:00+00:00,2025-01-15,2025-01-15:1,True,0,30,True,0.13898305084745763,0.09833513031103062,0.3459706474924249,True,0,0,2,True,0.0,335.0,145.0,1.0,0.0,0.0,0.0,0.0
2025-01-15 15:30:00+00:00,2025-01-15,2025-01-15:1,True,1,5,True,-0.27593818984547464,0.27593818984547464,3.940344628263361,True,0,0,2,True,8.202186968071688,330.0,150.0,0.0,1.0,0.0,0.0,0.0
2025-01-15 15:35:00+00:00,2025-01-15,2025-01-15:1,True,1,10,True,0.04487179487179487,0.03443409628858754,0.2647621761145031,True,0,0,2,True,-0.4658330860738244,325.0,155.0,0.0,1.0,0.0,0.0,0.0
2025-01-15 15:40:00+00:00,2025-01-15,2025-01-15:1,True,1,15,True,-0.1910828025477707,0.1910828025477707,0.9949189333949691,True,0,0,2,True,0.5561765917939745,320.0,160.0,0.0,1.0,0.0,0.0,0.0
2025-01-15 15:45:00+00:00,2025-01-15,2025-01-15:1,True,2,5,True,-0.22560975609756098,0.22560975609756098,0.24727550750676958,True,0,0,2,True,0.6482094544802389,315.0,165.0,0.0,0.0,1.0,0.0,0.0
2025-01-15 15:50:00+00:00,2025-01-15,2025-01-15:1,True,2,10,True,-0.08904109589041095,0.08904109589041095,0.0,True,0,0,2,True,0.0,310.0,170.0,0.0,0.0,1.0,0.0,0.0
2025-01-15 15:55:00+00:00,2025-01-15,2025-01-15:1,True,2,15,True,-0.25227963525835867,0.12156760227601984,-0.7300676306308674,True,0,0,2,True,-0.04042221517591138,305.0,175.0,0.0,0.0,1.0,0.0,0.0
2025-01-15 16:00:00+00:00,2025-01-15,2025-01-15:1,True,0,5,True,-0.022727272727272728,0.017843375067782778,-0.24193335039148353,True,0,0,2,True,0.0,300.0,180.0,1.0,0.0,0.0,0.0,0.0
2025-01-15 16:05:00+00:00,2025-01-15,2025-01-15:1,True,0,10,True,-0.056338028169014086,0.03918173506915326,-0.36315906696249006,True,0,0,2,True,0.5413655735813249,295.0,185.0,1.0,0.0,0.0,0.0,0.0
2025-01-15 16:10:00+00:00,2025-01-15,2025-01-15:1,True,0,15,True,-0.08882521489971347,0.08882521489971347,0.49067303406104346,True,0,0,2,True,0.029495695712574137,290.0,190.0,1.0,0.0,0.0,0.0,0.0
2025-01-15 16:15:00+00:00,2025-01-15,2025-01-15:1,True,0,20,True,-0.04153354632587859,0.01928926738627313,-0.7669525986457671,True,0,0,2,True,0.049871139110240464,285.0,195.0,1.0,0.0,0.0,0.0,0.0
2025-01-15 16:20:00+00:00,2025-01-15,2025-01-15:1,True,0,25,True,-0.06521739130434782,0.05744777211614939,-0.1268499471457582,True,0,0,2,True,0.0,280.0,200.0,1.0,0.0,0.0,0.0,0.0
2025-01-15 16:25:00+00:00,2025-01-15,2025-01-15:1,True,0,30,True,0.06338028169014084,0.06338028169014084,-0.7717406275521403,True,0,0,2,True,-0.8628322521016492,275.0,205.0,1.0,0.0,0.0,0.0,0.0
2025-01-15 16:30:00+00:00,2025-01-15,2025-01-15:1,True,3,5,True,-0.2023121387283237,0.0834947636478956,-0.8850278268870122,True,0,0,2,True,-0.03750464473464973,270.0,210.0,0.0,0.0,0.0,1.0,0.0
2025-01-15 16:35:00+00:00,2025-01-15,2025-01-15:1,True,4,5,True,-0.09202453987730061,0.07690293255017946,-0.17951126890038074,True,0,0,2,True,-0.4013993999884953,265.0,215.0,0.0,0.0,0.0,0.0,1.0
2025-01-15 16:40:00+00:00,2025-01-15,2025-01-15:1,True,3,5,True,0.4588235294117647,0.4588235294117647,-0.6408582707867135,True,0,0,2,True,-0.9553351049471343,260.0,220.0,0.0,0.0,0.0,1.0,0.0
2025-01-15 16:45:00+00:00,2025-01-15,2025-01-15:1,True,4,5,True,-0.002785515320334262,0.002785515320334262,0.8168090971114893,True,1,0,2,True,-0.9132203328933542,255.0,225.0,0.0,0.0,0.0,0.0,1.0
2025-01-15 16:50:00+00:00,2025-01-15,2025-01-15:1,True,0,5,True,0.2887537993920973,0.08909824372163226,1.1758347968520715,True,0,0,2,True,-2.629246536070888,250.0,230.0,1.0,0.0,0.0,0.0,0.0
2025-01-15 16:55:00+00:00,2025-01-15,2025-01-15:1,True,0,10,True,0.164021164021164,0.0828650108339005,0.6827825600905686,True,0,0,2,True,-0.03681160816827336,245.0,235.0,1.0,0.0,0.0,0.0,0.0
2025-01-15 17:00:00+00:00,2025-01-15,2025-01-15:1,True,0,15,True,-0.45396825396825397,0.32342657698293475,-0.3390551467398626,True,0,0,2,True,-0.9389311398551439,240.0,240.0,1.0,0.0,0.0,0.0,0.0
2025-01-15 17:05:00+00:00,2025-01-15,2025-01-15:1,True,0,20,True,0.40181268882175225,0.40181268882175225,-0.3230291412355873,True,0,0,2,True,0.07654711927876374,235.0,245.0,1.0,0.0,0.0,0.0,0.0
2025-01-15 17:10:00+00:00,2025-01-15,2025-01-15:1,True,0,25,True,-0.09868421052631579,0.04628801889598966,-0.7570418027778439,True,0,0,2,True,-1.015678159692149,230.0,250.0,1.0,0.0,0.0,0.0,0.0
2025-01-15 17:15:00+00:00,2025-01-15,2025-01-15:1,True,0,30,True,0.18248175182481752,0.18248175182481752,-0.7001788255646306,True,0,0,2,True,-0.5960288520909798,225.0,255.0,1.0,0.0,0.0,0.0,0.0
2025-01-15 17:20:00+00:00,2025-01-15,2025-01-15:1,True,0,35,True,-0.24381625441696114,0.24381625441696114,0.0,True,0,0,2,True,0.6045950914786594,220.0,260.0,1.0,0.0,0.0,0.0,0.0
2025-01-15 17:25:00+00:00,2025-01-15,2025-01-15:1,True,0,40,True,0.0035087719298245615,0.00045998987828244954,2.031816892188374,True,0,0,2,True,1.7037302582874905,215.0,265.0,1.0,0.0,0.0,0.0,0.0
2025-01-15 17:30:00+00:00,2025-01-15,2025-01-15:1,True,0,45,True,-0.20567375886524822,0.20567375886524822,0.722078662131105,True,0,0,2,True,0.5382056578752415,210.0,270.0,1.0,0.0,0.0,0.0,0.0
2025-01-15 17:35:00+00:00,2025-01-15,2025-01-15:1,True,0,50,True,0.014749262536873156,0.014749262536873156,-1.6006239090770265,True,0,0,2,True,-2.10639325115162,205.0,275.0,1.0,0.0,0.0,0.0,0.0
2025-01-15 17:40:00+00:00,2025-01-15,2025-01-15:1,True,0,55,True,-0.05357142857142857,0.035154833517537114,-0.42125375694473194,True,0,0,2,True,0.0,200.0,280.0,1.0,0.0,0.0,0.0,0.0
2025-01-15 17:45:00+00:00,2025-01-15,2025-01-15:1,True,0,60,True,-0.040498442367601244,0.017317192409222262,-0.8495637244033345,True,0,0,2,True,0.3560671510541791,195.0,285.0,1.0,0.0,0.0,0.0,0.0
2025-01-15 17:50:00+00:00,2025-01-15,2025-01-15:1,True,0,65,True,-0.014492753623188406,0.0069745977368290205,-0.7313741204797587,True,0,0,2,True,0.5903361371605075,190.0,290.0,1.0,0.0,0.0,0.0,0.0
2025-01-15 17:55:00+00:00,2025-01-15,2025-01-15:1,True,3,5,True,0.2090032154340836,0.2090032154340836,-0.6464288957335033,True,0,0,2,True,0.4818196511596226,185.0,295.0,0.0,0.0,0.0,1.0,0.0
2025-01-15 18:00:00+00:00,2025-01-15,2025-01-15:1,True,4,5,True,-0.13793103448275862,0.13793103448275862,0.10699001933933618,True,1,0,2,True,0.11903707379031617,180.0,300.0,0.0,0.0,0.0,0.0,1.0
2025-01-15 18:05:00+00:00,2025-01-15,2025-01-15:1,True,3,5,True,0.21035598705501618,0.21035598705501618,-1.4086909678143065,True,0,1,3,True,-0.8518467264526641,175.0,305.0,0.0,0.0,0.0,1.0,0.0
2025-01-15 18:10:00+00:00,2025-01-15,2025-01-15:1,True,3,10,True,0.03754266211604096,0.03754266211604096,-0.6648663088084414,True,0,0,3,True,-0.4955620874812113,170.0,310.0,0.0,0.0,0.0,1.0,0.0
2025-01-15 18:15:00+00:00,2025-01-15,2025-01-15:1,True,3,15,True,-0.07169811320754717,0.0505396927274056,-0.34970541001094335,True,0,0,3,True,-0.13077980236549594,165.0,315.0,0.0,0.0,0.0,1.0,0.0
2025-01-15 18:20:00+00:00,2025-01-15,2025-01-15:1,True,4,5,True,-0.06206896551724138,0.05499924297671447,-0.12092669281977353,True,0,0,3,True,-0.41547476489432206,160.0,320.0,0.0,0.0,0.0,0.0,1.0
2025-01-15 18:25:00+00:00,2025-01-15,2025-01-15:1,True,3,5,True,-0.12280701754385964,0.08410121909756288,-0.3785930975197522,True,0,0,3,True,0.0,155.0,325.0,0.0,0.0,0.0,1.0,0.0
2025-01-15 18:30:00+00:00,2025-01-15,2025-01-15:1,True,4,5,True,0.04797047970479705,0.021312478198117043,0.8112930834830108,True,1,0,3,True,-0.6047021614472351,150.0,330.0,0.0,0.0,0.0,0.0,1.0
2025-01-15 18:35:00+00:00,2025-01-15,2025-01-15:1,True,0,5,True,0.021148036253776436,0.0088210866584256,0.8744019863275359,True,1,0,3,True,-0.4985178043396262,145.0,335.0,1.0,0.0,0.0,0.0,0.0
2025-01-15 18:40:00+00:00,2025-01-15,2025-01-15:1,True,0,10,True,-0.3162393162393162,0.3162393162393162,0.32717833167790694,True,1,0,3,True,0.0,140.0,340.0,1.0,0.0,0.0,0.0,0.0
2025-01-15 18:45:00+00:00,2025-01-15,2025-01-15:1,True,0,15,True,-0.08868501529051988,0.018329476023979763,-1.5765804623359192,True,0,1,4,True,0.0,135.0,345.0,1.0,0.0,0.0,0.0,0.0
2025-01-15 18:50:00+00:00,2025-01-15,2025-01-15:1,True,0,20,True,-0.0855457227138643,0.0855457227138643,0.6958342696541717,True,0,0,4,True,0.0,130.0,350.0,1.0,0.0,0.0,0.0,0.0
2025-01-15 18:55:00+00:00,2025-01-15,2025-01-15:1,True,0,25,True,-0.06422018348623854,0.053896309737531546,-0.17525553521805082,True,0,0,4,True,-0.5917554092827153,125.0,355.0,1.0,0.0,0.0,0.0,0.0
2025-01-15 19:00:00+00:00,2025-01-15,2025-01-15:1,True,0,30,True,-0.13245033112582782,0.09616072171519217,-0.32018673960481564,True,0,0,4,True,0.7159593152503919,120.0,360.0,1.0,0.0,0.0,0.0,0.0
2025-01-15 19:05:00+00:00,2025-01-15,2025-01-15:1,True,0,35,True,0.20802005012531327,0.20802005012531327,0.0,True,0,0,4,True,0.0,115.0,365.0,1.0,0.0,0.0,0.0,0.0
2025-01-15 19:10:00+00:00,2025-01-15,2025-01-15:1,True,3,5,True,0.13677811550151975,0.13677811550151975,-0.33646329245494105,True,0,0,4,True,0.7523547938647787,110.0,370.0,0.0,0.0,0.0,1.0,0.0
2025-01-15 19:15:00+00:00,2025-01-15,2025-01-15:1,True,0,5,True,0.022082018927444796,0.022082018927444796,0.0,True,0,0,4,True,0.0,105.0,375.0,1.0,0.0,0.0,0.0,0.0
2025-01-15 19:20:00+00:00,2025-01-15,2025-01-15:1,True,0,10,True,0.0708215297450425,0.05050336344566099,0.33812310996922446,True,0,0,4,True,0.7560662586548227,100.0,380.0,1.0,0.0,0.0,0.0,0.0
2025-01-15 19:25:00+00:00,2025-01-15,2025-01-15:1,True,0,15,True,-0.28903654485049834,0.28903654485049834,0.34780565746089004,True,0,0,4,True,-0.5484156778697319,95.0,385.0,1.0,0.0,0.0,0.0,0.0
2025-01-15 19:30:00+00:00,2025-01-15,2025-01-15:1,True,0,20,True,0.09467455621301775,0.09467455621301775,-0.6920729359158271,True,0,0,4,True,0.7737610650500216,90.0,390.0,1.0,0.0,0.0,0.0,0.0
2025-01-15 19:35:00+00:00,2025-01-15,2025-01-15:1,True,0,25,True,-0.022058823529411766,0.022058823529411766,0.6952550326935087,True,0,0,4,True,0.0,85.0,395.0,1.0,0.0,0.0,0.0,0.0
2025-01-15 19:40:00+00:00,2025-01-15,2025-01-15:1,True,0,30,True,0.05993690851735016,0.020438072905258106,1.0758930039451569,True,0,0,4,True,0.0,80.0,400.0,1.0,0.0,0.0,0.0,0.0
2025-01-15 19:45:00+00:00,2025-01-15,2025-01-15:1,True,0,35,True,-0.16470588235294117,0.07555220534692286,-0.7793374732528465,True,0,0,4,True,0.8713257838056211,75.0,405.0,1.0,0.0,0.0,0.0,0.0
2025-01-15 19:50:00+00:00,2025-01-15,2025-01-15:1,True,0,40,True,0.2215568862275449,0.15006884962534514,0.38958519291818067,True,0,0,4,True,1.7422779487873192,70.0,410.0,1.0,0.0,0.0,0.0,0.0
2025-01-15 19:55:00+00:00,2025-01-15,2025-01-15:1,True,0,45,True,0.18095238095238095,0.18095238095238095,0.0,True,0,0,4,True,0.5771814895972087,65.0,415.0,1.0,0.0,0.0,0.0,0.0
2025-01-15 20:00:00+00:00,2025-01-15,2025-01-15:1,True,0,50,True,0.03806228373702422,0.03806228373702422,-0.4861225018264158,True,0,0,4,True,1.087002959479221,60.0,420.0,1.0,0.0,0.0,0.0,0.0
2025-01-15 20:05:00+00:00,2025-01-15,2025-01-15:1,True,1,5,True,0.06744868035190615,0.01064729363065813,1.8460612769531175,True,0,0,4,True,0.0,55.0,425.0,0.0,1.0,0.0,0.0,0.0
2025-01-15 20:10:00+00:00,2025-01-15,2025-01-15:1,True,0,5,True,0.06369426751592357,0.06369426751592357,-0.4666681314147335,True,0,0,4,True,0.0,50.0,430.0,1.0,0.0,0.0,0.0,0.0
2025-01-15 20:15:00+00:00,2025-01-15,2025-01-15:1,True,1,5,True,0.27672955974842767,0.0749028667804677,1.3068485461168537,True,0,0,4,True,1.9481347902769588,45.0,435.0,0.0,1.0,0.0,0.0,0.0
2025-01-15 20:20:00+00:00,2025-01-15,2025-01-15:1,True,0,5,True,-0.46706586826347307,0.13311511513576876,-1.255256012049405,True,0,0,4,True,0.0,40.0,440.0,1.0,0.0,0.0,0.0,0.0
2025-01-15 20:25:00+00:00,2025-01-15,2025-01-15:1,True,0,10,True,-0.1437308868501529,0.08083266391693347,-0.5755615695598035,True,0,0,4,True,0.6387197130648378,35.0,445.0,1.0,0.0,0.0,0.0,0.0
2025-01-15 20:30:00+00:00,2025-01-15,2025-01-15:1,True,1,5,True,-0.09967845659163987,0.09967845659163987,1.4561100309568638,True,0,0,4,True,0.8139902529841393,30.0,450.0,0.0,1.0,0.0,0.0,0.0
2025-01-15 20:35:00+00:00,2025-01-15,2025-01-15:1,True,0,5,True,-0.07534246575342465,0.07534246575342465,0.9146814130347829,True,0,0,4,True,0.0,25.0,455.0,1.0,0.0,0.0,0.0,0.0
2025-01-15 20:40:00+00:00,2025-01-15,2025-01-15:1,True,1,5,True,0.26119402985074625,0.06912304933312495,1.3293753004886129,True,0,0,4,True,0.0,20.0,460.0,0.0,1.0,0.0,0.0,0.0
2025-01-15 20:45:00+00:00,2025-01-15,2025-01-15:1,True,1,10,True,-0.11805555555555555,0.11805555555555555,1.2920213568512782,True,0,0,4,True,-0.7222618955747298,15.0,465.0,0.0,1.0,0.0,0.0,0.0
2025-01-15 20:50:00+00:00,2025-01-15,2025-01-15:1,True,1,15,True,0.022058823529411766,0.008839247597148884,0.914510922331694,True,0,0,4,True,0.08812984029044041,10.0,470.0,0.0,1.0,0.0,0.0,0.0
2025-01-15 20:55:00+00:00,2025-01-15,2025-01-15:1,True,1,20,True,-0.026490066225165563,0.026490066225165563,1.7140880907086844,True,0,0,4,True,-0.6388029150406355,5.0,475.0,0.0,1.0,0.0,0.0,0.0
2025-01-15 21:00:00+00:00,2025-01-15,2025-01-15:1,True,2,5,True,0.17365269461077845,0.17365269461077845,0.0,True,0,0,4,True,-0.6338537008879497,0.0,480.0,0.0,0.0,1.0,0.0,0.0
2025-01-16 13:00:00+00:00,2025-01-16,2025-01-16:1,False,-1,0,False,,,,False,0,0,0,False,,480.0,0.0,,,,,
2025-01-16 13:05:00+00:00,2025-01-16,2025-01-16:1,False,-1,0,True,0.0807799442896936,,,False,0,0,0,False,,475.0,5.0,,,,,
2025-01-16 13:10:00+00:00,2025-01-16,2025-01-16:1,False,-1,0,True,-0.15508021390374332,,,False,0,0,0,False,,470.0,10.0,,,,,
2025-01-16 13:15:00+00:00,2025-01-16,2025-01-16:1,False,-1,0,True,0.019736842105263157,,,False,0,0,0,False,,465.0,15.0,,,,,
2025-01-16 13:20:00+00:00,2025-01-16,2025-01-16:1,False,-1,0,True,0.2567049808429119,,,False,0,0,0,False,,460.0,20.0,,,,,
2025-01-16 13:25:00+00:00,2025-01-16,2025-01-16:1,False,-1,0,True,-0.24848484848484848,,,False,0,0,0,False,,455.0,25.0,,,,,
2025-01-16 13:30:00+00:00,2025-01-16,2025-01-16:1,False,-1,0,True,-0.031088082901554404,,,False,0,0,0,False,,450.0,30.0,,,,,
2025-01-16 13:35:00+00:00,2025-01-16,2025-01-16:1,False,-1,0,True,-0.22950819672131148,,,False,0,0,0,False,,445.0,35.0,,,,,
2025-01-16 13:40:00+00:00,2025-01-16,2025-01-16:1,False,-1,0,True,-0.07120743034055728,,,False,0,0,0,False,,440.0,40.0,,,,,
2025-01-16 13:45:00+00:00,2025-01-16,2025-01-16:1,False,-1,0,True,-0.10263929618768329,,,False,0,0,0,False,,435.0,45.0,,,,,
2025-01-16 13:50:00+00:00,2025-01-16,2025-01-16:1,False,-1,0,True,0.059233449477351915,,,False,0,0,0,False,,430.0,50.0,,,,,
2025-01-16 13:55:00+00:00,2025-01-16,2025-01-16:1,False,-1,0,True,-0.025454545454545455,,,False,0,0,0,False,,425.0,55.0,,,,,
2025-01-16 14:00:00+00:00,2025-01-16,2025-01-16:1,False,-1,0,True,0.016853932584269662,,,False,0,0,0,False,,420.0,60.0,,,,,
2025-01-16 14:05:00+00:00,2025-01-16,2025-01-16:1,True,0,5,True,0.379746835443038,0.2189273575769911,0.5507648339472541,True,0,0,0,False,,415.0,65.0,1.0,0.0,0.0,0.0,0.0
2025-01-16 14:10:00+00:00,2025-01-16,2025-01-16:1,True,0,10,True,0.10588235294117647,0.10588235294117647,-0.5392214328017959,True,0,0,0,False,,410.0,70.0,1.0,0.0,0.0,0.0,0.0
2025-01-16 14:15:00+00:00,2025-01-16,2025-01-16:1,True,0,15,True,-0.09309309309309309,0.09309309309309309,0.0,True,0,0,0,False,,405.0,75.0,1.0,0.0,0.0,0.0,0.0
2025-01-16 14:20:00+00:00,2025-01-16,2025-01-16:1,True,0,20,True,-0.09225092250922509,0.09225092250922509,0.0,True,0,0,0,False,,400.0,80.0,1.0,0.0,0.0,0.0,0.0
2025-01-16 14:25:00+00:00,2025-01-16,2025-01-16:1,True,1,5,True,0.06719367588932806,0.02171203102932063,1.1297126020870347,True,0,0,0,False,,395.0,85.0,0.0,1.0,0.0,0.0,0.0
2025-01-16 14:30:00+00:00,2025-01-16,2025-01-16:1,True,0,5,True,0.11627906976744186,0.11627906976744186,-1.2195880279750262,True,0,0,0,False,,390.0,90.0,1.0,0.0,0.0,0.0,0.0
2025-01-16 14:35:00+00:00,2025-01-16,2025-01-16:1,True,0,10,True,0.030303030303030304,0.030303030303030304,-0.7021653734704643,True,0,0,0,False,,385.0,95.0,1.0,0.0,0.0,0.0,0.0
2025-01-16 14:40:00+00:00,2025-01-16,2025-01-16:1,True,0,15,True,0.008797653958944282,0.004359335846164772,0.7021653734702974,True,0,0,0,False,,380.0,100.0,1.0,0.0,0.0,0.0,0.0
2025-01-16 14:45:00+00:00,2025-01-16,2025-01-16:1,True,0,20,True,-0.008797653958944282,0.002098923728169995,-1.4330603874109362,True,0,0,0,False,,375.0,105.0,1.0,0.0,0.0,0.0,0.0
2025-01-16 14:50:00+00:00,2025-01-16,2025-01-16:1,True,0,25,True,0.05063291139240506,0.025089173393167147,0.7021653734683018,True,0,0,0,False,,370.0,110.0,1.0,0.0,0.0,0.0,0.0
2025-01-16 14:55:00+00:00,2025-01-16,2025-01-16:1,True,4,5,True,0.038461538461538464,0.038461538461538464,0.0,True,0,0,0,False,,365.0,115.0,0.0,0.0,0.0,0.0,1.0
2025-01-16 15:00:00+00:00,2025-01-16,2025-01-16:1,True,0,5,True,0.27972027972027974,0.27972027972027974,0.0,True,0,0,0,False,,360.0,120.0,1.0,0.0,0.0,0.0,0.0
2025-01-16 15:05:00+00:00,2025-01-16,2025-01-16:1,True,0,10,True,-0.06962025316455696,0.06962025316455696,1.433060387411645,True,0,0,0,True,0.5915144686908296,355.0,125.0,1.0,0.0,0.0,0.0,0.0
2025-01-16 15:10:00+00:00,2025-01-16,2025-01-16:1,True,0,15,True,-0.23870967741935484,0.05695079715764875,-1.4330603874114707,True,0,0,0,True,0.0,350.0,130.0,1.0,0.0,0.0,0.0,0.0
2025-01-16 15:15:00+00:00,2025-01-16,2025-01-16:1,True,0,20,True,0.0033444816053511705,0.0033444816053511705,-0.7334806888880393,True,0,0,0,True,-0.44578007963064836,345.0,135.0,1.0,0.0,0.0,0.0,0.0
2025-01-16 15:20:00+00:00,2025-01-16,2025-01-16:1,True,0,25,True,0.18213058419243985,0.09024773968827818,0.7021653734686354,True,0,0,0,True,1.570089506522396,340.0,140.0,1.0,0.0,0.0,0.0,0.0
2025-01-16 15:25:00+00:00,2025-01-16,2025-01-16:1,True,0,30,True,-0.11186440677966102,0.11186440677966102,0.6872516835819424,True,0,0,0,True,0.44887130395903024,335.0,145.0,1.0,0.0,0.0,0.0,0.0
2025-01-16 15:30:00+00:00,2025-01-16,2025-01-16:1,True,3,5,True,-0.16535433070866143,2.6906804300215317e-10,-20.23639217161409,True,0,0,0,True,-43.24560074027067,330.0,150.0,0.0,0.0,0.0,1.0,0.0
2025-01-16 15:35:00+00:00,2025-01-16,2025-01-16:1,True,4,5,True,-0.1564625850340136,0.1564625850340136,0.467802680421151,True,1,0,0,True,0.2615096483693901,325.0,155.0,0.0,0.0,0.0,0.0,1.0
2025-01-16 15:40:00+00:00,2025-01-16,2025-01-16:1,True,4,10,True,0.04815864022662889,0.022658216321275498,0.7539780284632366,True,1,0,0,True,0.4357745212345788,320.0,160.0,0.0,0.0,0.0,0.0,1.0
2025-01-16 15:45:00+00:00,2025-01-16,2025-01-16:1,True,0,5,True,-0.04905660377358491,0.04905660377358491,0.23139211238475618,True,1,0,0,True,0.5174084927495859,315.0,165.0,1.0,0.0,0.0,0.0,0.0
2025-01-16 15:50:00+00:00,2025-01-16,2025-01-16:1,True,4,5,True,0.14624505928853754,0.14624505928853754,0.0,True,1,0,0,True,0.03138280667963291,310.0,170.0,0.0,0.0,0.0,0.0,1.0
2025-01-16 15:55:00+00:00,2025-01-16,2025-01-16:1,True,4,10,True,0.06415094339622641,0.05718184259198693,0.11500238626325826,True,1,0,0,True,0.2571531532593335,305.0,175.0,0.0,0.0,0.0,0.0,1.0
2025-01-16 16:00:00+00:00,2025-01-16,2025-01-16:1,True,0,5,True,-0.12094395280235988,0.10785001242950443,-0.11458575022276506,True,0,0,0,True,0.0,300.0,180.0,1.0,0.0,0.0,0.0,0.0
2025-01-16 16:05:00+00:00,2025-01-16,2025-01-16:1,True,0,10,True,0.09779179810725552,0.06191589272026642,0.45706381454563894,True,0,0,0,True,0.12775321992233496,295.0,185.0,1.0,0.0,0.0,0.0,0.0
2025-01-16 16:10:00+00:00,2025-01-16,2025-01-16:1,True,0,15,True,-0.03529411764705882,0.03529411764705882,0.05680135965496706,True,0,0,0,True,-0.5080468056087935,290.0,190.0,1.0,0.0,0.0,0.0,0.0
2025-01-16 16:15:00+00:00,2025-01-16,2025-01-16:1,True,0,20,True,0.0136986301369863,0.012232480858426275,0.11320105846672258,True,0,0,0,True,0.0,285.0,195.0,1.0,0.0,0.0,0.0,0.0
2025-01-16 16:20:00+00:00,2025-01-16,2025-01-16:1,True,0,25,True,-0.1786833855799373,0.15964932851263117,-0.11263573087656967,True,0,0,0,True,0.25186115093609757,280.0,200.0,1.0,0.0,0.0,0.0,0.0
2025-01-16 16:25:00+00:00,2025-01-16,2025-01-16:1,True,0,30,True,0.06017191977077364,0.04295508988956198,0.33705064577039556,True,0,0,0,True,0.2134210944311857,275.0,205.0,1.0,0.0,0.0,0.0,0.0
2025-01-16 16:30:00+00:00,2025-01-16,2025-01-16:1,True,0,35,True,-0.30313588850174217,0.30313588850174217,0.33671763467690197,True,0,0,0,True,0.0344221505509707,270.0,210.0,1.0,0.0,0.0,0.0,0.0
2025-01-16 16:35:00+00:00,2025-01-16,2025-01-16:1,True,1,5,True,-0.10810810810810811,0.10810810810810811,1.108464087832638,True,0,0,0,True,0.8262003503385907,265.0,215.0,0.0,1.0,0.0,0.0,0.0
2025-01-16 16:40:00+00:00,2025-01-16,2025-01-16:1,True,1,10,True,0.2,0.09375687593495513,0.7576123610808172,True,0,0,0,True,0.9897758545052616,260.0,220.0,0.0,1.0,0.0,0.0,0.0
2025-01-16 16:45:00+00:00,2025-01-16,2025-01-16:1,True,1,15,True,0.16612377850162866,0.07703024845388853,0.7685349823423718,True,0,0,0,True,0.0,255.0,225.0,0.0,1.0,0.0,0.0,0.0
2025-01-16 16:50:00+00:00,2025-01-16,2025-01-16:1,True,2,5,True,0.15254237288135594,0.12408254965197664,0.20649534530304722,True,0,0,0,True,0.0,250.0,230.0,0.0,0.0,1.0,0.0,0.0
2025-01-16 16:55:00+00:00,2025-01-16,2025-01-16:1,True,2,10,True,-0.022950819672131147,0.010163917466338442,-0.8145097062000485,True,0,0,0,True,-0.5639950967765645,245.0,235.0,0.0,0.0,1.0,0.0,0.0
2025-01-16 17:00:00+00:00,2025-01-16,2025-01-16:1,True,2,15,True,-0.07216494845360824,0.07216494845360824,0.0,True,0,0,0,True,0.0,240.0,240.0,0.0,0.0,1.0,0.0,0.0
2025-01-16 17:05:00+00:00,2025-01-16,2025-01-16:1,True,0,5,True,0.15730337078651685,0.15730337078651685,-0.20800409901361466,True,0,0,0,True,-0.9302226099860786,235.0,245.0,1.0,0.0,0.0,0.0,0.0
2025-01-16 17:10:00+00:00,2025-01-16,2025-01-16:1,True,0,10,True,0.11439114391143912,0.11439114391143912,-0.43826719416090915,True,0,0,0,True,0.0,230.0,250.0,1.0,0.0,0.0,0.0,0.0
2025-01-16 17:15:00+00:00,2025-01-16,2025-01-16:1,True,3,5,True,0.21710526315789475,0.21710526315789475,-0.46047750519854913,True,0,0,0,True,-1.0296590037334687,225.0,255.0,0.0,0.0,0.0,1.0,0.0
2025-01-16 17:20:00+00:00,2025-01-16,2025-01-16:1,True,3,10,True,-0.03225806451612903,0.01981145863819147,-0.48750758508924125,True,0,0,0,True,0.0,220.0,260.0,0.0,0.0,0.0,1.0,0.0
2025-01-16 17:25:00+00:00,2025-01-16,2025-01-16:1,True,0,5,True,0.0625,0.038180935315680745,0.49283024121519775,True,0,0,0,True,1.1020019207248009,215.0,265.0,1.0,0.0,0.0,0.0,0.0
2025-01-16 17:30:00+00:00,2025-01-16,2025-01-16:1,True,0,10,True,-0.06802721088435375,0.06802721088435375,0.0,True,0,0,0,True,1.1222024388550114,210.0,270.0,1.0,0.0,0.0,0.0,0.0
2025-01-16 17:35:00+00:00,2025-01-16,2025-01-16:1,True,0,15,True,-0.1639871382636656,0.1639871382636656,0.506847165668661,True,0,0,0,True,0.0,205.0,275.0,1.0,0.0,0.0,0.0,0.0
2025-01-16 17:40:00+00:00,2025-01-16,2025-01-16:1,True,0,20,True,0.23595505617977527,0.23595505617977527,0.0,True,0,0,0,True,-1.109448609429812,200.0,280.0,1.0,0.0,0.0,0.0,0.0
2025-01-16 17:45:00+00:00,2025-01-16,2025-01-16:1,True,0,25,True,0.12,0.07380077559404573,0.4861225018264289,True,0,0,0,True,0.0,195.0,285.0,1.0,0.0,0.0,0.0,0.0
2025-01-16 17:50:00+00:00,2025-01-16,2025-01-16:1,True,0,30,True,0.17288135593220338,0.17288135593220338,0.0,True,0,0,0,True,0.0,190.0,290.0,1.0,0.0,0.0,0.0,0.0
2025-01-16 17:55:00+00:00,2025-01-16,2025-01-16:1,True,0,35,True,-0.17101449275362318,0.0382493327044298,-1.4976221913719507,True,0,0,0,True,-2.232523349680978,185.0,295.0,1.0,0.0,0.0,0.0,0.0
2025-01-16 18:00:00+00:00,2025-01-16,2025-01-16:1,True,3,5,True,-0.20121951219512196,0.046196001724264774,-1.4715031610465987,True,0,0,0,True,-2.2209329560664037,180.0,300.0,0.0,0.0,0.0,1.0,0.0
2025-01-16 18:05:00+00:00,2025-01-16,2025-01-16:1,True,0,5,True,-0.10780669144981413,0.10780669144981413,1.374860096439894,True,0,0,0,True,3.0742806351915193,175.0,305.0,1.0,0.0,0.0,0.0,0.0
2025-01-16 18:10:00+00:00,2025-01-16,2025-01-16:1,True,0,10,True,-0.13548387096774195,0.08869137413717411,-0.42368996280759297,True,0,0,0,True,0.9473995582221356,170.0,310.0,1.0,0.0,0.0,0.0,0.0
2025-01-16 18:15:00+00:00,2025-01-16,2025-01-16:1,True,3,5,True,0.0,0.0,-1.6354976063285713,True,0,0,0,True,-1.8285419123931386,165.0,315.0,0.0,0.0,0.0,1.0,0.0
2025-01-16 18:20:00+00:00,2025-01-16,2025-01-16:1,True,4,5,True,-0.03205128205128205,0.03205128205128205,0.8227175971989917,True,1,0,0,True,0.919826236811118,160.0,320.0,0.0,0.0,0.0,0.0,1.0
2025-01-16 18:25:00+00:00,2025-01-16,2025-01-16:1,True,3,5,True,-0.11182108626198083,0.03162568267568603,-1.2629306165337426,True,0,1,1,True,-0.9413329031468398,155.0,325.0,0.0,0.0,0.0,1.0,0.0
2025-01-16 18:30:00+00:00,2025-01-16,2025-01-16:1,True,0,5,True,-0.13353115727002968,0.13353115727002968,1.252163482069086,True,0,0,1,True,0.9333075549488875,150.0,330.0,1.0,0.0,0.0,0.0,0.0
2025-01-16 18:35:00+00:00,2025-01-16,2025-01-16:1,True,0,10,True,-0.2972972972972973,0.2972972972972973,0.42744552567565647,True,0,0,1,True,0.9557972520888995,145.0,335.0,1.0,0.0,0.0,0.0,0.0
2025-01-16 18:40:00+00:00,2025-01-16,2025-01-16:1,True,0,15,True,-0.09025270758122744,0.03897280370071926,-0.8397495357958861,True,0,0,1,True,0.938868523055413,140.0,340.0,1.0,0.0,0.0,0.0,0.0
2025-01-16 18:45:00+00:00,2025-01-16,2025-01-16:1,True,0,20,True,0.19653179190751446,0.1271297256664653,0.43561618203851754,True,0,0,1,True,0.9740673951370481,135.0,345.0,1.0,0.0,0.0,0.0,0.0
2025-01-16 18:50:00+00:00,2025-01-16,2025-01-16:1,True,0,25,True,-0.0958904109589041,0.017131755513528014,-1.7222721979867697,True,0,0,1,True,-0.3621847020440073,130.0,350.0,1.0,0.0,0.0,0.0,0.0
2025-01-16 18:55:00+00:00,2025-01-16,2025-01-16:1,True,0,30,True,-0.2508833922261484,0.2508833922261484,1.2552560120495604,True,0,0,1,True,0.0,125.0,355.0,1.0,0.0,0.0,0.0,0.0
2025-01-16 19:00:00+00:00,2025-01-16,2025-01-16:1,True,0,35,True,-0.13915857605177995,0.0584992988717106,-0.8665993487109293,True,0,0,1,True,-2.906662579460647,120.0,360.0,1.0,0.0,0.0,0.0,0.0
2025-01-16 19:05:00+00:00,2025-01-16,2025-01-16:1,True,0,40,True,-0.11864406779661017,0.11864406779661017,0.0,True,0,0,1,True,-0.5609541033775157,115.0,365.0,1.0,0.0,0.0,0.0,0.0
2025-01-16 19:10:00+00:00,2025-01-16,2025-01-16:1,True,0,45,True,-0.031746031746031744,0.031746031746031744,0.4775906024055044,True,0,0,1,True,1.6800611196982465,110.0,370.0,1.0,0.0,0.0,0.0,0.0
2025-01-16 19:15:00+00:00,2025-01-16,2025-01-16:1,True,0,50,True,-0.060810810810810814,0.060810810810810814,0.47667009283831024,True,0,0,1,True,1.0658667304275975,105.0,375.0,1.0,0.0,0.0,0.0,0.0
2025-01-16 19:20:00+00:00,2025-01-16,2025-01-16:1,True,0,55,True,-0.10263929618768329,0.10263929618768329,0.0,True,0,0,1,True,0.0,100.0,380.0,1.0,0.0,0.0,0.0,0.0
2025-01-16 19:25:00+00:00,2025-01-16,2025-01-16:1,True,0,60,True,-0.2425249169435216,0.2425249169435216,0.0,True,0,0,1,True,-0.43256441460220874,95.0,385.0,1.0,0.0,0.0,0.0,0.0
2025-01-16 19:30:00+00:00,2025-01-16,2025-01-16:1,True,0,65,True,-0.16905444126074498,0.10293114803630858,-0.4961605016454915,True,0,0,1,True,0.4155937168636163,90.0,390.0,1.0,0.0,0.0,0.0,0.0
2025-01-16 19:35:00+00:00,2025-01-16,2025-01-16:1,True,0,70,True,0.22839506172839505,0.22839506172839505,-1.0037283751168244,True,0,0,1,True,-0.41240657101470213,85.0,395.0,1.0,0.0,0.0,0.0,0.0
2025-01-16 19:40:00+00:00,2025-01-16,2025-01-16:1,True,0,75,True,0.015873015873015872,0.015873015873015872,0.0,True,0,0,1,True,-0.719627163358904,80.0,400.0,1.0,0.0,0.0,0.0,0.0
2025-01-16 19:45:00+00:00,2025-01-16,2025-01-16:1,True,3,5,True,-0.1880597014925373,0.06654517840495894,-1.0388783820465286,True,0,0,1,True,-1.1615013413071682,75.0,405.0,0.0,0.0,0.0,1.0,0.0
2025-01-16 19:50:00+00:00,2025-01-16,2025-01-16:1,True,4,5,True,0.06875,0.06875,0.0,True,0,0,1,True,0.0,70.0,410.0,0.0,0.0,0.0,0.0,1.0
2025-01-16 19:55:00+00:00,2025-01-16,2025-01-16:1,True,4,10,True,0.036303630363036306,0.021331344857786875,0.5317401657151191,True,1,0,1,True,0.0,65.0,415.0,0.0,0.0,0.0,0.0,1.0
2025-01-16 20:00:00+00:00,2025-01-16,2025-01-16:1,True,0,5,True,-0.10119047619047619,0.10119047619047619,0.0,True,1,0,1,True,-0.2872300740620556,60.0,420.0,1.0,0.0,0.0,0.0,0.0
2025-01-16 20:05:00+00:00,2025-01-16,2025-01-16:1,True,0,10,True,-0.05084745762711865,0.029110291849229756,-0.5577383402993705,True,1,0,1,True,-0.39752348914021496,55.0,425.0,1.0,0.0,0.0,0.0,0.0
2025-01-16 20:10:00+00:00,2025-01-16,2025-01-16:1,True,0,15,True,-0.21994134897360704,0.21994134897360704,1.3531572276559722,True,1,0,1,True,0.0,50.0,430.0,1.0,0.0,0.0,0.0,0.0
2025-01-16 20:15:00+00:00,2025-01-16,2025-01-16:1,True,1,5,True,-0.2786885245901639,0.2786885245901639,0.46745964373324,True,1,0,1,True,-0.7960842052450205,45.0,435.0,0.0,1.0,0.0,0.0,0.0
2025-01-16 20:20:00+00:00,2025-01-16,2025-01-16:1,True,1,10,True,0.014084507042253521,0.00032337012339161855,3.774033120881094,True,0,0,1,True,-0.09247063775873017,40.0,440.0,0.0,1.0,0.0,0.0,0.0
2025-01-16 20:25:00+00:00,2025-01-16,2025-01-16:1,True,2,5,True,0.17845117845117844,0.17845117845117844,-0.778908367972483,True,0,0,1,True,-0.3897078548912612,35.0,445.0,0.0,0.0,1.0,0.0,0.0
2025-01-16 20:30:00+00:00,2025-01-16,2025-01-16:1,True,2,10,True,0.2727272727272727,0.2727272727272727,-0.9825998912532593,True,0,0,1,True,1.098580075763875,30.0,450.0,0.0,0.0,1.0,0.0,0.0
2025-01-16 20:35:00+00:00,2025-01-16,2025-01-16:1,True,0,5,True,-0.1092896174863388,0.015228990556209791,-1.9708005149442114,True,0,0,1,True,0.0,25.0,455.0,1.0,0.0,0.0,0.0,0.0
2025-01-16 20:40:00+00:00,2025-01-16,2025-01-16:1,True,0,10,True,-0.25951557093425603,0.10307313260962425,-0.9233779427889578,True,0,0,1,True,-0.5161839622496386,20.0,460.0,1.0,0.0,0.0,0.0,0.0
2025-01-16 20:45:00+00:00,2025-01-16,2025-01-16:1,True,0,15,True,0.3821656050955414,0.3821656050955414,0.0,True,0,0,1,True,-0.10518940373987733,15.0,465.0,1.0,0.0,0.0,0.0,0.0
2025-01-16 20:50:00+00:00,2025-01-16,2025-01-16:1,True,4,5,True,0.13194444444444445,0.13194444444444445,0.0,True,0,0,1,True,0.5138685320852658,10.0,470.0,0.0,0.0,0.0,0.0,1.0
2025-01-16 20:55:00+00:00,2025-01-16,2025-01-16:1,True,3,5,True,0.14285714285714285,0.14285714285714285,-0.4607363022213685,True,0,0,1,True,-0.5151188457351658,5.0,475.0,0.0,0.0,0.0,1.0,0.0
2025-01-16 21:00:00+00:00,2025-01-16,2025-01-16:1,True,4,5,True,0.30952380952380953,0.24543574086339445,0.23199985319833288,True,1,0,1,True,0.39502477159878274,0.0,480.0,0.0,0.0,0.0,0.0,1.0
2025-01-17 13:00:00+00:00,2025-01-17,2025-01-17:1,False,-1,0,False,,,,False,0,0,0,False,,480.0,0.0,,,,,
2025-01-17 13:05:00+00:00,2025-01-17,2025-01-17:1,False,-1,0,True,-0.349862258953168,,,False,0,0,0,False,,475.0,5.0,,,,,
2025-01-17 13:10:00+00:00,2025-01-17,2025-01-17:1,False,-1,0,True,0.09859154929577464,,,False,0,0,0,False,,470.0,10.0,,,,,
2025-01-17 13:15:00+00:00,2025-01-17,2025-01-17:1,False,-1,0,True,0.14909090909090908,,,False,0,0,0,False,,465.0,15.0,,,,,
2025-01-17 13:20:00+00:00,2025-01-17,2025-01-17:1,False,-1,0,True,0.035830618892508145,,,False,0,0,0,False,,460.0,20.0,,,,,
2025-01-17 13:25:00+00:00,2025-01-17,2025-01-17:1,False,-1,0,True,0.057803468208092484,,,False,0,0,0,False,,455.0,25.0,,,,,
2025-01-17 13:30:00+00:00,2025-01-17,2025-01-17:1,False,-1,0,True,-0.06406685236768803,,,False,0,0,0,False,,450.0,30.0,,,,,
2025-01-17 13:35:00+00:00,2025-01-17,2025-01-17:1,False,-1,0,True,-0.012448132780082987,,,False,0,0,0,False,,445.0,35.0,,,,,
2025-01-17 13:40:00+00:00,2025-01-17,2025-01-17:1,False,-1,0,True,0.19444444444444445,,,False,0,0,0,False,,440.0,40.0,,,,,
2025-01-17 13:45:00+00:00,2025-01-17,2025-01-17:1,False,-1,0,True,-0.18042813455657492,,,False,0,0,0,False,,435.0,45.0,,,,,
2025-01-17 13:50:00+00:00,2025-01-17,2025-01-17:1,False,-1,0,True,0.0718562874251497,,,False,0,0,0,False,,430.0,50.0,,,,,
2025-01-17 13:55:00+00:00,2025-01-17,2025-01-17:1,False,-1,0,True,-0.04854368932038835,,,False,0,0,0,False,,425.0,55.0,,,,,
2025-01-17 14:00:00+00:00,2025-01-17,2025-01-17:1,False,-1,0,True,0.026143790849673203,,,False,0,0,0,False,,420.0,60.0,,,,,
2025-01-17 14:05:00+00:00,2025-01-17,2025-01-17:1,True,1,5,True,-0.1169811320754717,0.1169811320754717,1.759524893014505,True,0,0,0,False,,415.0,65.0,0.0,1.0,0.0,0.0,0.0
2025-01-17 14:10:00+00:00,2025-01-17,2025-01-17:1,True,1,10,True,0.061488673139158574,0.03965546023972576,0.4386243316871798,True,0,0,0,False,,410.0,70.0,0.0,1.0,0.0,0.0,0.0
2025-01-17 14:15:00+00:00,2025-01-17,2025-01-17:1,True,2,5,True,0.015957446808510637,0.015957446808510637,-0.43798878665649643,True,0,0,0,False,,405.0,75.0,0.0,0.0,1.0,0.0,0.0
2025-01-17 14:20:00+00:00,2025-01-17,2025-01-17:1,True,1,5,True,0.04242424242424243,0.02674117827658086,0.46151531923862554,True,0,0,0,False,,400.0,80.0,0.0,1.0,0.0,0.0,0.0
2025-01-17 14:25:00+00:00,2025-01-17,2025-01-17:1,True,1,10,True,-0.08284023668639054,0.08284023668639054,0.7322837611529176,True,0,0,0,False,,395.0,85.0,0.0,1.0,0.0,0.0,0.0
2025-01-17 14:30:00+00:00,2025-01-17,2025-01-17:1,True,2,5,True,-0.08024691358024691,0.08024691358024691,0.2711074700846789,True,0,0,0,False,,390.0,90.0,0.0,0.0,1.0,0.0,0.0
2025-01-17 14:35:00+00:00,2025-01-17,2025-01-17:1,True,0,5,True,0.23934426229508196,0.23934426229508196,-0.8610358998951891,True,0,0,0,False,,385.0,95.0,1.0,0.0,0.0,0.0,0.0
2025-01-17 14:40:00+00:00,2025-01-17,2025-01-17:1,True,0,10,True,0.2670807453416149,0.2670807453416149,-0.5673305043118217,True,0,0,0,False,,380.0,100.0,1.0,0.0,0.0,0.0,0.0
2025-01-17 14:45:00+00:00,2025-01-17,2025-01-17:1,True,0,15,True,0.07780979827089338,0.07780979827089338,0.0,True,0,0,0,False,,375.0,105.0,1.0,0.0,0.0,0.0,0.0
2025-01-17 14:50:00+00:00,2025-01-17,2025-01-17:1,True,0,20,True,0.01483679525222552,0.008168012884046791,0.5968846028219041,True,0,0,0,False,,370.0,110.0,1.0,0.0,0.0,0.0,0.0
2025-01-17 14:55:00+00:00,2025-01-17,2025-01-17:1,True,0,25,True,0.0219435736677116,0.0219435736677116,-0.6828247127999031,True,0,0,0,False,,365.0,115.0,1.0,0.0,0.0,0.0,0.0
2025-01-17 15:00:00+00:00,2025-01-17,2025-01-17:1,True,3,5,True,-0.16049382716049382,0.04036120380897666,-1.3803864599472702,True,0,0,0,False,,360.0,120.0,0.0,0.0,0.0,1.0,0.0
2025-01-17 15:05:00+00:00,2025-01-17,2025-01-17:1,True,4,5,True,-0.03067484662576687,0.03067484662576687,0.9587398415316247,True,0,0,0,True,1.0719037292025677,355.0,125.0,0.0,0.0,0.0,0.0,1.0
2025-01-17 15:10:00+00:00,2025-01-17,2025-01-17:1,True,0,5,True,0.27002967359050445,0.02744487717514215,2.2863523284638725,True,0,0,0,True,1.022487845391448,350.0,130.0,1.0,0.0,0.0,0.0,0.0
2025-01-17 15:15:00+00:00,2025-01-17,2025-01-17:1,True,0,10,True,-0.2832764505119454,0.2832764505119454,0.0,True,0,0,0,True,-1.074697878561184,345.0,135.0,1.0,0.0,0.0,0.0,0.0
2025-01-17 15:20:00+00:00,2025-01-17,2025-01-17:1,True,0,15,True,0.046263345195729534,0.028867166014982445,0.471645141918764,True,0,0,0,True,0.0,340.0,140.0,1.0,0.0,0.0,0.0,0.0
2025-01-17 15:25:00+00:00,2025-01-17,2025-01-17:1,True,1,5,True,-0.029900332225913623,0.029900332225913623,0.24475200742601688,True,0,0,0,True,-0.6487438391759344,335.0,145.0,0.0,1.0,0.0,0.0,0.0
2025-01-17 15:30:00+00:00,2025-01-17,2025-01-17:1,True,1,10,True,-0.15,0.15,7.461306568273088,True,0,0,0,True,11.163602279550625,330.0,150.0,0.0,1.0,0.0,0.0,0.0
2025-01-17 15:35:00+00:00,2025-01-17,2025-01-17:1,True,2,5,True,0.20606060606060606,0.20606060606060606,-0.23075765961929176,True,0,0,0,True,-0.5159898132374947,325.0,155.0,0.0,0.0,1.0,0.0,0.0
2025-01-17 15:40:00+00:00,2025-01-17,2025-01-17:1,True,1,5,True,-0.009836065573770493,0.009836065573770493,1.6234314001479948,True,0,0,0,True,0.6806443064140477,320.0,160.0,0.0,1.0,0.0,0.0,0.0
2025-01-17 15:45:00+00:00,2025-01-17,2025-01-17:1,True,1,10,True,-0.1419939577039275,0.1419939577039275,0.8160884466490833,True,0,0,0,True,0.08866783606874452,315.0,165.0,0.0,1.0,0.0,0.0,0.0
2025-01-17 15:50:00+00:00,2025-01-17,2025-01-17:1,True,2,5,True,-0.007751937984496124,0.007751937984496124,0.20128919506022835,True,0,0,0,True,-0.019759587148132765,310.0,170.0,0.0,0.0,1.0,0.0,0.0
2025-01-17 15:55:00+00:00,2025-01-17,2025-01-17:1,True,2,10,True,0.0026666666666666666,0.0026666666666666666,-0.1993310548032634,True,0,0,0,True,0.08415460289861162,305.0,175.0,0.0,0.0,1.0,0.0,0.0
2025-01-17 16:00:00+00:00,2025-01-17,2025-01-17:1,True,1,5,True,0.2664576802507837,0.14628461307891139,0.5996613039526822,True,0,0,0,True,-0.4135214359000101,300.0,180.0,0.0,1.0,0.0,0.0,0.0
2025-01-17 16:05:00+00:00,2025-01-17,2025-01-17:1,True,2,5,True,0.1492063492063492,0.1226976869342591,0.19560674171891795,True,0,0,0,True,1.3851753036441483,295.0,185.0,0.0,0.0,1.0,0.0,0.0
2025-01-17 16:10:00+00:00,2025-01-17,2025-01-17:1,True,0,5,True,-0.15853658536585366,0.07415202183501181,-0.7598680541430479,True,0,0,0,True,0.3622206004616525,290.0,190.0,1.0,0.0,0.0,0.0,0.0
2025-01-17 16:15:00+00:00,2025-01-17,2025-01-17:1,True,0,10,True,-0.08843537414965986,0.03486886604041464,-0.9306777091386549,True,0,0,0,True,-0.4162117245562717,285.0,195.0,1.0,0.0,0.0,0.0,0.0
2025-01-17 16:20:00+00:00,2025-01-17,2025-01-17:1,True,0,15,True,0.34838709677419355,0.34838709677419355,-0.37153546804594106,True,0,0,0,True,0.0,280.0,200.0,1.0,0.0,0.0,0.0,0.0
2025-01-17 16:25:00+00:00,2025-01-17,2025-01-17:1,True,0,20,True,-0.11711711711711711,0.09733571832429615,-0.1850084184995596,True,0,0,0,True,0.046826431706915826,275.0,205.0,1.0,0.0,0.0,0.0,0.0
2025-01-17 16:30:00+00:00,2025-01-17,2025-01-17:1,True,3,5,True,0.3125,0.3125,-0.7489949438133892,True,0,0,0,True,0.0,270.0,210.0,0.0,0.0,0.0,1.0,0.0
2025-01-17 16:35:00+00:00,2025-01-17,2025-01-17:1,True,3,10,True,-0.06,0.035947325285005605,-0.512289881796353,True,0,0,0,True,0.0,265.0,215.0,0.0,0.0,0.0,1.0,0.0
2025-01-17 16:40:00+00:00,2025-01-17,2025-01-17:1,True,4,5,True,-0.057750759878419454,0.057750759878419454,0.3383964402025733,True,0,0,0,True,0.7566774436368967,260.0,220.0,0.0,0.0,0.0,0.0,1.0
2025-01-17 16:45:00+00:00,2025-01-17,2025-01-17:1,True,3,5,True,-0.2852233676975945,0.08657199822530597,-1.1922962024545904,True,0,0,0,True,-0.3808650511430216,255.0,225.0,0.0,0.0,0.0,1.0,0.0
2025-01-17 16:50:00+00:00,2025-01-17,2025-01-17:1,True,4,5,True,-0.28903654485049834,0.28903654485049834,0.3704536387048752,True,0,0,0,True,1.242539277984372,250.0,230.0,0.0,0.0,0.0,0.0,1.0
2025-01-17 16:55:00+00:00,2025-01-17,2025-01-17:1,True,4,10,True,0.09278350515463918,0.0775133696634426,0.17981844454776327,True,0,0,0,True,1.5788427491649173,245.0,235.0,0.0,0.0,0.0,0.0,1.0
2025-01-17 17:00:00+00:00,2025-01-17,2025-01-17:1,True,0,5,True,-0.04666666666666667,0.04666666666666667,0.37880618054152115,True,0,0,0,True,-0.847036369985492,240.0,240.0,1.0,0.0,0.0,0.0,0.0
2025-01-17 17:05:00+00:00,2025-01-17,2025-01-17:1,True,0,10,True,-0.12893982808022922,0.087223186748834,-0.3908756478980962,True,0,0,0,True,-0.8740245194494158,235.0,245.0,1.0,0.0,0.0,0.0,0.0
2025-01-17 17:10:00+00:00,2025-01-17,2025-01-17:1,True,0,15,True,0.036414565826330535,0.036414565826330535,0.0,True,0,0,0,True,-0.9980284447817842,230.0,250.0,1.0,0.0,0.0,0.0,0.0
2025-01-17 17:15:00+00:00,2025-01-17,2025-01-17:1,True,0,20,True,-0.18620689655172415,0.07188332328806049,-0.9518141078842747,True,0,0,0,True,-1.0641605235862783,225.0,255.0,1.0,0.0,0.0,0.0,0.0
2025-01-17 17:20:00+00:00,2025-01-17,2025-01-17:1,True,0,25,True,-0.302491103202847,0.302491103202847,0.48179990404787504,True,0,0,0,True,1.0773373370039248,220.0,260.0,1.0,0.0,0.0,0.0,0.0
2025-01-17 17:25:00+00:00,2025-01-17,2025-01-17:1,True,0,30,True,0.0,0.0,0.9725696805720725,True,0,0,0,True,1.0873659593087506,215.0,265.0,1.0,0.0,0.0,0.0,0.0
2025-01-17 17:30:00+00:00,2025-01-17,2025-01-17:1,True,0,35,True,-0.2571428571428571,0.2571428571428571,0.0,True,0,0,0,True,1.14695078277562,210.0,270.0,1.0,0.0,0.0,0.0,0.0
2025-01-17 17:35:00+00:00,2025-01-17,2025-01-17:1,True,0,40,True,0.17073170731707318,0.17073170731707318,-0.5239513428692721,True,0,0,0,True,0.9639247836218457,205.0,275.0,1.0,0.0,0.0,0.0,0.0
2025-01-17 17:40:00+00:00,2025-01-17,2025-01-17:1,True,0,45,True,-0.24266666666666667,0.24266666666666667,0.0,True,0,0,0,True,1.1094486094293212,200.0,280.0,1.0,0.0,0.0,0.0,0.0
2025-01-17 17:45:00+00:00,2025-01-17,2025-01-17:1,True,0,50,True,-0.03550295857988166,0.03550295857988166,0.48898712592654364,True,0,0,0,True,-1.093408453690894,195.0,285.0,1.0,0.0,0.0,0.0,0.0
2025-01-17 17:50:00+00:00,2025-01-17,2025-01-17:1,True,0,55,True,0.10638297872340426,0.10638297872340426,0.0,True,0,0,0,True,0.1987819142593178,190.0,290.0,1.0,0.0,0.0,0.0,0.0
2025-01-17 17:55:00+00:00,2025-01-17,2025-01-17:1,True,0,60,True,-0.2198581560283688,0.2198581560283688,1.0091277060284085,True,0,0,0,True,1.128239074328973,185.0,295.0,1.0,0.0,0.0,0.0,0.0
2025-01-17 18:00:00+00:00,2025-01-17,2025-01-17:1,True,0,65,True,0.2034383954154728,0.11935834987033257,0.5332329222740355,True,0,0,0,True,2.38469012409121,180.0,300.0,1.0,0.0,0.0,0.0,0.0
2025-01-17 18:05:00+00:00,2025-01-17,2025-01-17:1,True,1,5,True,-0.3165266106442577,0.3165266106442577,0.5224342525036191,True,0,0,0,True,0.0,175.0,305.0,0.0,1.0,0.0,0.0,0.0
2025-01-17 18:10:00+00:00,2025-01-17,2025-01-17:1,True,1,10,True,0.0738255033557047,0.043695462405932826,0.5244599842292537,True,0,0,0,True,-1.172728176215079,170.0,310.0,0.0,1.0,0.0,0.0,0.0
2025-01-17 18:15:00+00:00,2025-01-17,2025-01-17:1,True,1,15,True,-0.18181818181818182,0.18181818181818182,0.5153313415633176,True,0,0,0,True,0.0,165.0,315.0,0.0,1.0,0.0,0.0,0.0
2025-01-17 18:20:00+00:00,2025-01-17,2025-01-17:1,True,2,5,True,0.07605633802816901,0.07605633802816901,0.0,True,0,0,0,True,0.0,160.0,320.0,0.0,0.0,1.0,0.0,0.0
2025-01-17 18:25:00+00:00,2025-01-17,2025-01-17:1,True,1,5,True,0.25274725274725274,0.1491651345748106,0.5273360104072399,True,0,0,0,True,0.0,155.0,325.0,0.0,1.0,0.0,0.0,0.0
2025-01-17 18:30:00+00:00,2025-01-17,2025-01-17:1,True,0,5,True,0.21518987341772153,0.21518987341772153,-0.5288963334062732,True,0,0,0,True,0.0,150.0,330.0,1.0,0.0,0.0,0.0,0.0
2025-01-17 18:35:00+00:00,2025-01-17,2025-01-17:1,True,1,5,True,0.22946175637393768,0.04528910068914074,1.6226699760705348,True,0,0,0,True,0.0,145.0,335.0,0.0,1.0,0.0,0.0,0.0
2025-01-17 18:40:00+00:00,2025-01-17,2025-01-17:1,True,2,5,True,-0.28524590163934427,0.28524590163934427,0.0,True,0,0,0,True,0.0,140.0,340.0,0.0,0.0,1.0,0.0,0.0
2025-01-17 18:45:00+00:00,2025-01-17,2025-01-17:1,True,0,5,True,-0.04065040650406504,0.022020782535204626,-0.6130221679054944,True,0,0,0,True,1.3707592391509753,135.0,345.0,1.0,0.0,0.0,0.0,0.0
2025-01-17 18:50:00+00:00,2025-01-17,2025-01-17:1,True,0,10,True,0.06885245901639345,0.06885245901639345,-1.2772378030473048,True,0,0,0,True,-1.4279952755251601,130.0,350.0,1.0,0.0,0.0,0.0,0.0
2025-01-17 18:55:00+00:00,2025-01-17,2025-01-17:1,True,0,15,True,-0.05521472392638037,0.05521472392638037,0.0,True,0,0,0,True,1.7957941573191125,125.0,355.0,1.0,0.0,0.0,0.0,0.0
2025-01-17 19:00:00+00:00,2025-01-17,2025-01-17:1,True,0,20,True,-0.19794344473007713,0.19794344473007713,1.2505106632220744,True,0,0,0,True,0.3573229616989554,120.0,360.0,1.0,0.0,0.0,0.0,0.0
2025-01-17 19:05:00+00:00,2025-01-17,2025-01-17:1,True,0,25,True,-0.18120805369127516,0.18120805369127516,1.8757659948320464,True,0,0,0,True,0.0,115.0,365.0,1.0,0.0,0.0,0.0,0.0
2025-01-17 19:10:00+00:00,2025-01-17,2025-01-17:1,True,0,30,True,-0.25412541254125415,0.1340599827601924,-0.6395405629943481,True,0,0,0,True,1.0604404978369575,110.0,370.0,1.0,0.0,0.0,0.0,0.0
2025-01-17 19:15:00+00:00,2025-01-17,2025-01-17:1,True,0,35,True,0.0219435736677116,0.0219435736677116,-2.4289915602990795,True,0,0,0,True,0.0,105.0,375.0,1.0,0.0,0.0,0.0,0.0
2025-01-17 19:20:00+00:00,2025-01-17,2025-01-17:1,True,3,5,True,-0.07901907356948229,0.007630954237056131,-2.337476359603149,True,0,0,0,True,-0.5807506706520094,100.0,380.0,0.0,0.0,0.0,1.0,0.0
2025-01-17 19:25:00+00:00,2025-01-17,2025-01-17:1,True,0,5,True,0.012578616352201259,0.002428410245632181,1.6447614339690697,True,0,0,0,True,-0.4168789208520733,95.0,385.0,1.0,0.0,0.0,0.0,0.0
2025-01-17 19:30:00+00:00,2025-01-17,2025-01-17:1,True,3,5,True,0.2966360856269113,0.2966360856269113,-0.8765343883230883,True,0,0,0,True,-0.5685381033322806,90.0,390.0,0.0,0.0,0.0,1.0,0.0
2025-01-17 19:35:00+00:00,2025-01-17,2025-01-17:1,True,4,5,True,-0.13924050632911392,0.13924050632911392,1.3051007206106267,True,0,0,0,True,0.0,85.0,395.0,0.0,0.0,0.0,0.0,1.0
2025-01-17 19:40:00+00:00,2025-01-17,2025-01-17:1,True,0,5,True,0.037463976945244955,0.037463976945244955,0.0,True,0,0,0,True,-0.4629549265864691,80.0,400.0,1.0,0.0,0.0,0.0,0.0
2025-01-17 19:45:00+00:00,2025-01-17,2025-01-17:1,True,0,10,True,-0.006578947368421052,0.006578947368421052,0.0,True,0,0,0,True,0.9495689023734903,75.0,405.0,1.0,0.0,0.0,0.0,0.0
2025-01-17 19:50:00+00:00,2025-01-17,2025-01-17:1,True,0,15,True,0.003236245954692557,0.003236245954692557,-0.4217164481284865,True,0,0,0,True,0.9429866452450599,70.0,410.0,1.0,0.0,0.0,0.0,0.0
2025-01-17 19:55:00+00:00,2025-01-17,2025-01-17:1,True,0,20,True,-0.26409495548961426,0.26409495548961426,0.0,True,0,0,0,True,0.9969482845944226,65.0,415.0,1.0,0.0,0.0,0.0,0.0
2025-01-17 20:00:00+00:00,2025-01-17,2025-01-17:1,True,0,25,True,0.29411764705882354,0.29411764705882354,-0.7981981959110162,True,0,0,0,True,0.0,60.0,420.0,1.0,0.0,0.0,0.0,0.0
2025-01-17 20:05:00+00:00,2025-01-17,2025-01-17:1,True,0,30,True,0.020134228187919462,0.020134228187919462,0.0,True,0,0,0,True,0.0,55.0,425.0,1.0,0.0,0.0,0.0,0.0
2025-01-17 20:10:00+00:00,2025-01-17,2025-01-17:1,True,0,35,True,0.029508196721311476,0.029508196721311476,0.0,True,0,0,0,True,0.3354142454989533,50.0,430.0,1.0,0.0,0.0,0.0,0.0
2025-01-17 20:15:00+00:00,2025-01-17,2025-01-17:1,True,0,40,True,0.1870967741935484,0.12353567523639497,0.4150960093848595,True,0,0,0,True,-0.9281828941707986,45.0,435.0,1.0,0.0,0.0,0.0,0.0
2025-01-17 20:20:00+00:00,2025-01-17,2025-01-17:1,True,0,45,True,0.06857142857142857,0.06857142857142857,0.0,True,0,0,0,True,-0.3291264608279214,40.0,440.0,1.0,0.0,0.0,0.0,0.0
2025-01-17 20:25:00+00:00,2025-01-17,2025-01-17:1,True,0,50,True,-0.2087912087912088,0.2087912087912088,0.46745964373210863,True,0,0,0,True,0.0,35.0,445.0,1.0,0.0,0.0,0.0,0.0
2025-01-17 20:30:00+00:00,2025-01-17,2025-01-17:1,True,1,5,True,-0.02631578947368421,0.02631578947368421,1.4489671376753357,True,0,0,0,True,-0.3306612683081258,30.0,450.0,0.0,1.0,0.0,0.0,0.0
2025-01-17 20:35:00+00:00,2025-01-17,2025-01-17:1,True,1,10,True,-0.1402439024390244,0.1402439024390244,0.4477831736486977,True,0,0,0,True,0.0,25.0,455.0,0.0,1.0,0.0,0.0,0.0
2025-01-17 20:40:00+00:00,2025-01-17,2025-01-17:1,True,1,15,True,-0.24620060790273557,0.24620060790273557,0.46861815763838705,True,0,0,0,True,-0.6625829448957209,20.0,460.0,0.0,1.0,0.0,0.0,0.0
2025-01-17 20:45:00+00:00,2025-01-17,2025-01-17:1,True,2,5,True,-0.21981424148606812,0.08693284840465165,-0.9276468695993164,True,0,0,0,True,-0.6428476109778091,15.0,465.0,0.0,0.0,1.0,0.0,0.0
2025-01-17 20:50:00+00:00,2025-01-17,2025-01-17:1,True,1,5,True,0.29449838187702265,0.1141877384469679,0.9474295862596757,True,0,0,0,True,1.0592584793870732,10.0,470.0,0.0,1.0,0.0,0.0,0.0
2025-01-17 20:55:00+00:00,2025-01-17,2025-01-17:1,True,2,5,True,0.17866666666666667,0.17866666666666667,-0.47913670746111225,True,0,0,0,True,0.0,5.0,475.0,0.0,0.0,1.0,0.0,0.0
2025-01-17 21:00:00+00:00,2025-01-17,2025-01-17:1,True,0,5,True,-0.3869047619047619,0.3869047619047619,1.0428602992191582,True,0,0,0,True,3.046114325854733,0.0,480.0,1.0,0.0,0.0,0.0,0.0
2025-01-20 13:00:00+00:00,2025-01-20,2025-01-20:1,False,-1,0,False,,,,False,0,0,0,False,,480.0,0.0,,,,,
2025-01-20 13:05:00+00:00,2025-01-20,2025-01-20:1,False,-1,0,True,0.011494252873563218,,,False,0,0,0,False,,475.0,5.0,,,,,
2025-01-20 13:10:00+00:00,2025-01-20,2025-01-20:1,False,-1,0,True,0.06666666666666667,,,False,0,0,0,False,,470.0,10.0,,,,,
2025-01-20 13:15:00+00:00,2025-01-20,2025-01-20:1,False,-1,0,True,-0.04153354632587859,,,False,0,0,0,False,,465.0,15.0,,,,,
2025-01-20 13:20:00+00:00,2025-01-20,2025-01-20:1,False,-1,0,True,-0.4010152284263959,,,False,0,0,0,False,,460.0,20.0,,,,,
2025-01-20 13:25:00+00:00,2025-01-20,2025-01-20:1,False,-1,0,True,-0.19504643962848298,,,False,0,0,0,False,,455.0,25.0,,,,,
2025-01-20 13:30:00+00:00,2025-01-20,2025-01-20:1,False,-1,0,True,-0.09424083769633508,,,False,0,0,0,False,,450.0,30.0,,,,,
2025-01-20 13:35:00+00:00,2025-01-20,2025-01-20:1,False,-1,0,True,0.07816711590296496,,,False,0,0,0,False,,445.0,35.0,,,,,
2025-01-20 13:40:00+00:00,2025-01-20,2025-01-20:1,False,-1,0,True,-0.11041009463722397,,,False,0,0,0,False,,440.0,40.0,,,,,
2025-01-20 13:45:00+00:00,2025-01-20,2025-01-20:1,False,-1,0,True,-0.3440514469453376,,,False,0,0,0,False,,435.0,45.0,,,,,
2025-01-20 13:50:00+00:00,2025-01-20,2025-01-20:1,False,-1,0,True,-0.18021201413427562,,,False,0,0,0,False,,430.0,50.0,,,,,
2025-01-20 13:55:00+00:00,2025-01-20,2025-01-20:1,False,-1,0,True,-0.27626459143968873,,,False,0,0,0,False,,425.0,55.0,,,,,
2025-01-20 14:00:00+00:00,2025-01-20,2025-01-20:1,False,-1,0,True,-0.06666666666666667,,,False,0,0,0,False,,420.0,60.0,,,,,
2025-01-20 14:05:00+00:00,2025-01-20,2025-01-20:1,True,0,5,True,-0.10483870967741936,0.048520072711129396,-0.7704454881833376,True,0,0,0,False,,415.0,65.0,1.0,0.0,0.0,0.0,0.0
2025-01-20 14:10:00+00:00,2025-01-20,2025-01-20:1,True,0,10,True,0.01272264631043257,0.006036382522886493,0.7455786670764161,True,0,0,0,False,,410.0,70.0,1.0,0.0,0.0,0.0,0.0
2025-01-20 14:15:00+00:00,2025-01-20,2025-01-20:1,True,1,5,True,0.22929936305732485,0.013447161857940298,2.836260342588268,True,0,0,0,False,,405.0,75.0,0.0,1.0,0.0,0.0,0.0
2025-01-20 14:20:00+00:00,2025-01-20,2025-01-20:1,True,0,5,True,-0.14950166112956811,0.04806756985543567,-1.1346997776623782,True,0,0,0,False,,400.0,80.0,1.0,0.0,0.0,0.0,0.0
2025-01-20 14:25:00+00:00,2025-01-20,2025-01-20:1,True,2,5,True,-0.18624641833810887,0.15301197996569474,-0.19655440791885273,True,0,0,0,False,,395.0,85.0,0.0,0.0,1.0,0.0,0.0
2025-01-20 14:30:00+00:00,2025-01-20,2025-01-20:1,True,0,5,True,-0.26666666666666666,0.0977249384103251,-1.0038426575555834,True,0,0,0,False,,390.0,90.0,1.0,0.0,0.0,0.0,0.0
2025-01-20 14:35:00+00:00,2025-01-20,2025-01-20:1,True,0,10,True,-0.22151898734177214,0.22151898734177214,0.2938471429543142,True,0,0,0,False,,385.0,95.0,1.0,0.0,0.0,0.0,0.0
2025-01-20 14:40:00+00:00,2025-01-20,2025-01-20:1,True,0,15,True,-0.13986013986013987,0.05692241791770122,-0.8989536707280227,True,0,0,0,False,,380.0,100.0,1.0,0.0,0.0,0.0,0.0
2025-01-20 14:45:00+00:00,2025-01-20,2025-01-20:1,True,4,5,True,0.08045977011494253,0.03183770134536965,0.927106144939624,True,0,0,0,False,,375.0,105.0,0.0,0.0,0.0,0.0,1.0
2025-01-20 14:50:00+00:00,2025-01-20,2025-01-20:1,True,0,5,True,0.09198813056379822,0.09198813056379822,-0.5563177200323817,True,0,0,0,False,,370.0,110.0,1.0,0.0,0.0,0.0,0.0
2025-01-20 14:55:00+00:00,2025-01-20,2025-01-20:1,True,0,10,True,0.11728395061728394,0.11728395061728394,-0.28162724889044205,True,0,0,0,False,,365.0,115.0,1.0,0.0,0.0,0.0,0.0
2025-01-20 15:00:00+00:00,2025-01-20,2025-01-20:1,True,0,15,True,-0.17117117117117117,0.17117117117117117,1.6877479453013633,True,0,0,0,False,,360.0,120.0,1.0,0.0,0.0,0.0,0.0
2025-01-20 15:05:00+00:00,2025-01-20,2025-01-20:1,True,0,20,True,-0.11278195488721804,0.04793477573736162,-0.8556151038183102,True,0,0,0,True,-0.13162561755173477,355.0,125.0,1.0,0.0,0.0,0.0,0.0
2025-01-20 15:10:00+00:00,2025-01-20,2025-01-20:1,True,0,25,True,-0.04436860068259386,0.04436860068259386,0.6780235180440368,True,0,0,0,True,1.0829333404932242,350.0,130.0,1.0,0.0,0.0,0.0,0.0
2025-01-20 15:15:00+00:00,2025-01-20,2025-01-20:1,True,0,30,True,-0.19727891156462585,0.12837601849106792,-0.42965492025447094,True,0,0,0,True,-0.24018440213872078,345.0,135.0,1.0,0.0,0.0,0.0,0.0
2025-01-20 15:20:00+00:00,2025-01-20,2025-01-20:1,True,0,35,True,-0.06097560975609756,0.04896226752225627,-0.21942399324878917,True,0,0,0,True,0.9812939295988895,340.0,140.0,1.0,0.0,0.0,0.0,0.0
2025-01-20 15:25:00+00:00,2025-01-20,2025-01-20:1,True,0,40,True,-0.01971830985915493,0.007808892032697549,-0.9262845499858424,True,0,0,0,True,-0.6297197538304055,335.0,145.0,1.0,0.0,0.0,0.0,0.0
2025-01-20 15:30:00+00:00,2025-01-20,2025-01-20:1,True,1,5,True,-0.3132530120481928,0.3132530120481928,4.0489313967908735,True,0,0,0,True,7.665433191647247,330.0,150.0,0.0,1.0,0.0,0.0,0.0
2025-01-20 15:35:00+00:00,2025-01-20,2025-01-20:1,True,0,5,True,0.011673151750972763,0.011673151750972763,-0.5889520368244638,True,0,0,0,True,0.27175815948700427,325.0,155.0,1.0,0.0,0.0,0.0,0.0
2025-01-20 15:40:00+00:00,2025-01-20,2025-01-20:1,True,0,10,True,-0.175,0.175,0.2661773515804127,True,0,0,0,True,1.1903813044082003,320.0,160.0,1.0,0.0,0.0,0.0,0.0
2025-01-20 15:45:00+00:00,2025-01-20,2025-01-20:1,True,0,15,True,0.16666666666666666,0.16666666666666666,-0.4395929812811528,True,0,0,0,True,-0.7963321550535353,315.0,165.0,1.0,0.0,0.0,0.0,0.0
2025-01-20 15:50:00+00:00,2025-01-20,2025-01-20:1,True,0,20,True,0.10493827160493827,0.10493827160493827,-0.34715380831628595,True,0,0,0,True,-0.3952318465086149,310.0,170.0,1.0,0.0,0.0,0.0,0.0
2025-01-20 15:55:00+00:00,2025-01-20,2025-01-20:1,True,0,25,True,-0.12650602409638553,0.07523026024995493,-0.519736381392269,True,0,0,0,True,0.0,305.0,175.0,1.0,0.0,0.0,0.0,0.0
2025-01-20 16:00:00+00:00,2025-01-20,2025-01-20:1,True,3,5,True,0.11355311355311355,0.11355311355311355,-1.775576457301914,True,0,0,0,True,-0.1890623646558147,300.0,180.0,0.0,0.0,0.0,1.0,0.0
2025-01-20 16:05:00+00:00,2025-01-20,2025-01-20:1,True,3,10,True,0.07246376811594203,0.07246376811594203,-0.4273925874199937,True,0,0,0,True,0.4446599625930387,295.0,185.0,0.0,0.0,0.0,1.0,0.0
2025-01-20 16:10:00+00:00,2025-01-20,2025-01-20:1,True,3,15,True,0.19047619047619047,0.19047619047619047,-1.2712246107737082,True,0,0,0,True,-0.24917493528157397,290.0,190.0,0.0,0.0,0.0,1.0,0.0
2025-01-20 16:15:00+00:00,2025-01-20,2025-01-20:1,True,4,5,True,-0.13636363636363635,0.13636363636363635,0.42270721770256703,True,1,0,0,True,-0.37808082934466714,285.0,195.0,0.0,0.0,0.0,0.0,1.0
2025-01-20 16:20:00+00:00,2025-01-20,2025-01-20:1,True,3,5,True,0.3515358361774744,0.3515358361774744,-0.5135153972712014,True,1,0,0,True,0.061840260317219016,280.0,200.0,0.0,0.0,0.0,1.0,0.0
2025-01-20 16:25:00+00:00,2025-01-20,2025-01-20:1,True,4,5,True,0.0763888888888889,0.06424533933682901,0.1731280705649017,True,1,0,0,True,-0.246774937259425,275.0,205.0,0.0,0.0,0.0,0.0,1.0
2025-01-20 16:30:00+00:00,2025-01-20,2025-01-20:1,True,0,5,True,-0.3076923076923077,0.3076923076923077,0.25347084988790697,True,1,0,0,True,-0.1512651234246623,270.0,210.0,1.0,0.0,0.0,0.0,0.0
2025-01-20 16:35:00+00:00,2025-01-20,2025-01-20:1,True,0,10,True,-0.1746987951807229,0.1746987951807229,0.25963612265802427,True,1,0,0,True,0.0,265.0,215.0,1.0,0.0,0.0,0.0,0.0
2025-01-20 16:40:00+00:00,2025-01-20,2025-01-20:1,True,0,15,True,0.167192429022082,0.167192429022082,0.0,True,0,0,0,True,0.09985522988184582,260.0,220.0,1.0,0.0,0.0,0.0,0.0
2025-01-20 16:45:00+00:00,2025-01-20,2025-01-20:1,True,0,20,True,0.07926829268292683,0.07926829268292683,-0.2503677102778015,True,0,0,0,True,0.8877073787724591,255.0,225.0,1.0,0.0,0.0,0.0,0.0
2025-01-20 16:50:00+00:00,2025-01-20,2025-01-20:1,True,0,25,True,-0.022988505747126436,0.014130829560641782,-0.48663543673944726,True,0,0,0,True,0.13643874437402642,250.0,230.0,1.0,0.0,0.0,0.0,0.0
2025-01-20 16:55:00+00:00,2025-01-20,2025-01-20:1,True,0,30,True,0.109375,0.109375,-0.4618149918516238,True,0,0,0,True,-0.6650976270244264,245.0,235.0,1.0,0.0,0.0,0.0,0.0
2025-01-20 17:00:00+00:00,2025-01-20,2025-01-20:1,True,0,35,True,-0.059782608695652176,0.036470356713115,-0.49421500839753296,True,0,0,0,True,-0.1527176970492129,240.0,240.0,1.0,0.0,0.0,0.0,0.0
2025-01-20 17:05:00+00:00,2025-01-20,2025-01-20:1,True,0,40,True,0.07509881422924901,0.010022492642437927,2.013972937991274,True,0,0,0,True,0.0,235.0,245.0,1.0,0.0,0.0,0.0,0.0
2025-01-20 17:10:00+00:00,2025-01-20,2025-01-20:1,True,0,45,True,0.16104868913857678,0.16104868913857678,-1.724022388998774,True,0,0,0,True,-0.48187890706626324,230.0,250.0,1.0,0.0,0.0,0.0,0.0
2025-01-20 17:15:00+00:00,2025-01-20,2025-01-20:1,True,0,50,True,0.020527859237536656,0.020527859237536656,-0.319097626683249,True,0,0,0,True,0.7135239847212435,225.0,255.0,1.0,0.0,0.0,0.0,0.0
2025-01-20 17:20:00+00:00,2025-01-20,2025-01-20:1,True,0,55,True,0.08387096774193549,0.04051201551880025,0.7276809099360378,True,0,0,0,True,-0.2324491400791158,220.0,260.0,1.0,0.0,0.0,0.0,0.0
2025-01-20 17:25:00+00:00,2025-01-20,2025-01-20:1,True,0,60,True,0.16510903426791276,0.16510903426791276,-1.0130769688992494,True,0,0,0,True,0.9061235875600373,215.0,265.0,1.0,0.0,0.0,0.0,0.0
2025-01-20 17:30:00+00:00,2025-01-20,2025-01-20:1,True,0,65,True,0.033707865168539325,0.0183394604557506,0.608676150511052,True,0,0,0,True,1.0743827067676501,210.0,270.0,1.0,0.0,0.0,0.0,0.0
2025-01-20 17:35:00+00:00,2025-01-20,2025-01-20:1,True,0,70,True,-0.0313588850174216,0.0313588850174216,0.3112368054104117,True,0,0,0,True,0.231982217999185,205.0,275.0,1.0,0.0,0.0,0.0,0.0
2025-01-20 17:40:00+00:00,2025-01-20,2025-01-20:1,True,0,75,True,0.11801242236024845,0.0947332438369229,0.21972491088899213,True,0,0,0,True,0.0,200.0,280.0,1.0,0.0,0.0,0.0,0.0
2025-01-20 17:45:00+00:00,2025-01-20,2025-01-20:1,True,0,80,True,-0.05,0.01641217601764734,-1.1139995059698578,True,0,0,0,True,-0.3755799693692169,195.0,285.0,1.0,0.0,0.0,0.0,0.0
2025-01-20 17:50:00+00:00,2025-01-20,2025-01-20:1,True,0,85,True,0.22674418604651161,0.1806116972421271,0.2274730406303101,True,0,0,0,True,1.1425653518819399,190.0,290.0,1.0,0.0,0.0,0.0,0.0
2025-01-20 17:55:00+00:00,2025-01-20,2025-01-20:1,True,0,90,True,-0.06158357771260997,0.04846744823479691,-0.23950283723085988,True,0,0,0,True,-0.41092495060487266,185.0,295.0,1.0,0.0,0.0,0.0,0.0
2025-01-20 18:00:00+00:00,2025-01-20,2025-01-20:1,True,0,95,True,-0.3160621761658031,0.22008990208399748,-0.361902845534819,True,0,0,0,True,-0.5935564486135905,180.0,300.0,1.0,0.0,0.0,0.0,0.0
2025-01-20 18:05:00+00:00,2025-01-20,2025-01-20:1,True,0,100,True,-0.10759493670886076,0.10759493670886076,0.2315163456559556,True,0,0,0,True,0.23639951346313257,175.0,305.0,1.0,0.0,0.0,0.0,0.0
2025-01-20 18:10:00+00:00,2025-01-20,2025-01-20:1,True,3,5,True,0.0,0.0,-0.7000829557357934,True,0,0,0,True,0.0,170.0,310.0,0.0,0.0,0.0,1.0,0.0
2025-01-20 18:15:00+00:00,2025-01-20,2025-01-20:1,True,0,5,True,0.08673469387755102,0.08673469387755102,-0.3723024619084205,True,0,0,0,True,-0.554995742012362,165.0,315.0,1.0,0.0,0.0,0.0,0.0
2025-01-20 18:20:00+00:00,2025-01-20,2025-01-20:1,True,3,5,True,0.03903903903903904,0.03903903903903904,-1.4072331476194886,True,0,0,0,True,-0.28606081620604973,160.0,320.0,0.0,0.0,0.0,1.0,0.0
2025-01-20 18:25:00+00:00,2025-01-20,2025-01-20:1,True,3,10,True,-0.10112359550561797,0.06745280953630403,-0.4049152511853503,True,0,0,0,True,-0.17615058527696603,155.0,325.0,0.0,0.0,0.0,1.0,0.0
2025-01-20 18:30:00+00:00,2025-01-20,2025-01-20:1,True,4,5,True,-0.013927576601671309,0.013927576601671309,0.1413335491043346,True,1,0,0,True,0.0,150.0,330.0,0.0,0.0,0.0,0.0,1.0
2025-01-20 18:35:00+00:00,2025-01-20,2025-01-20:1,True,4,10,True,-0.2087912087912088,0.15768656874331127,-0.2807254309581632,True,1,0,0,True,-1.255442293272538,145.0,335.0,0.0,0.0,0.0,0.0,1.0
2025-01-20 18:40:00+00:00,2025-01-20,2025-01-20:1,True,3,5,True,0.0932475884244373,0.0932475884244373,-1.3699596022671734,True,0,1,1,True,-0.41301473181545545,140.0,340.0,0.0,0.0,0.0,1.0,0.0
2025-01-20 18:45:00+00:00,2025-01-20,2025-01-20:1,True,4,5,True,0.16510903426791276,0.16510903426791276,-0.26562157667143066,True,0,0,1,True,-0.6738827401424613,135.0,345.0,0.0,0.0,0.0,0.0,1.0
2025-01-20 18:50:00+00:00,2025-01-20,2025-01-20:1,True,0,5,True,-0.16556291390728478,0.16556291390728478,2.103080678289195,True,0,0,1,True,1.7022359717262334,130.0,350.0,1.0,0.0,0.0,0.0,0.0
2025-01-20 18:55:00+00:00,2025-01-20,2025-01-20:1,True,0,10,True,-0.020172910662824207,0.01780810966060622,-0.12468669563576129,True,0,0,1,True,1.1152317093231772,125.0,355.0,1.0,0.0,0.0,0.0,0.0
2025-01-20 19:00:00+00:00,2025-01-20,2025-01-20:1,True,0,15,True,-0.23225806451612904,0.132515943123638,-0.5611461368698323,True,0,0,1,True,-0.047340254661606705,120.0,360.0,1.0,0.0,0.0,0.0,0.0
2025-01-20 19:05:00+00:00,2025-01-20,2025-01-20:1,True,0,20,True,-0.1456953642384106,0.1456953642384106,0.25515377378304094,True,0,0,1,True,1.1774374817082511,115.0,365.0,1.0,0.0,0.0,0.0,0.0
2025-01-20 19:10:00+00:00,2025-01-20,2025-01-20:1,True,0,25,True,0.2246376811594203,0.2246376811594203,-0.2685239325505735,True,0,0,1,True,0.01538265427878116,110.0,370.0,1.0,0.0,0.0,0.0,0.0
2025-01-20 19:15:00+00:00,2025-01-20,2025-01-20:1,True,1,5,True,0.025477707006369428,0.011492019516339089,0.79615099538376,True,0,0,1,True,0.5934070523373349,105.0,375.0,0.0,1.0,0.0,0.0,0.0
2025-01-20 19:20:00+00:00,2025-01-20,2025-01-20:1,True,0,5,True,-0.09740259740259741,0.09740259740259741,0.8041908953212983,True,0,0,1,True,0.5994085029427493,100.0,380.0,1.0,0.0,0.0,0.0,0.0
2025-01-20 19:25:00+00:00,2025-01-20,2025-01-20:1,True,1,5,True,-0.05555555555555555,0.05555555555555555,1.043461544756482,True,0,0,1,True,0.5833127364968516,95.0,385.0,0.0,1.0,0.0,0.0,0.0
2025-01-20 19:30:00+00:00,2025-01-20,2025-01-20:1,True,2,5,True,-0.013513513513513514,0.010364798963604526,-0.2652748357749442,True,0,0,1,True,0.0,90.0,390.0,0.0,0.0,1.0,0.0,0.0
2025-01-20 19:35:00+00:00,2025-01-20,2025-01-20:1,True,0,5,True,0.1783783783783784,0.1783783783783784,-0.79689451062922,True,0,0,1,True,-0.5939700988877882,85.0,395.0,1.0,0.0,0.0,0.0,0.0
2025-01-20 19:40:00+00:00,2025-01-20,2025-01-20:1,True,1,5,True,-0.05413105413105413,0.05413105413105413,1.1027854273414275,True,0,0,1,True,-0.6164757950324588,80.0,400.0,0.0,1.0,0.0,0.0,0.0
2025-01-20 19:45:00+00:00,2025-01-20,2025-01-20:1,True,1,10,True,-0.09655172413793103,0.09655172413793103,0.5643796155657353,True,0,0,1,True,0.0,75.0,405.0,0.0,1.0,0.0,0.0,0.0
2025-01-20 19:50:00+00:00,2025-01-20,2025-01-20:1,True,2,5,True,0.2,0.1732602299022743,0.14352268316625846,True,0,0,1,True,0.0,70.0,410.0,0.0,0.0,1.0,0.0,0.0
2025-01-20 19:55:00+00:00,2025-01-20,2025-01-20:1,True,0,5,True,0.18023255813953487,0.13225672091997434,0.30950311739593417,True,0,0,1,True,0.0,65.0,415.0,1.0,0.0,0.0,0.0,0.0
2025-01-20 20:00:00+00:00,2025-01-20,2025-01-20:1,True,1,5,True,0.10967741935483871,0.04940443728202285,0.797503262436391,True,0,0,1,True,-0.8290850318836002,60.0,420.0,0.0,1.0,0.0,0.0,0.0
2025-01-20 20:05:00+00:00,2025-01-20,2025-01-20:1,True,2,5,True,0.07540983606557378,0.06169829429088134,0.20068143297918511,True,0,0,1,True,0.897474651929603,55.0,425.0,0.0,0.0,1.0,0.0,0.0
2025-01-20 20:10:00+00:00,2025-01-20,2025-01-20:1,True,2,10,True,-0.22699386503067484,0.15044552464609942,-0.41132193463929007,True,0,0,1,True,-1.987232026604856,50.0,430.0,0.0,0.0,1.0,0.0,0.0
2025-01-20 20:15:00+00:00,2025-01-20,2025-01-20:1,True,1,5,True,-0.18831168831168832,0.18831168831168832,1.2856586980753815,True,0,0,1,True,1.9165468298384718,45.0,435.0,0.0,1.0,0.0,0.0,0.0
2025-01-20 20:20:00+00:00,2025-01-20,2025-01-20:1,True,1,10,True,-0.3609022556390977,0.3609022556390977,1.808655250285908,True,0,0,1,True,-0.213676402610477,40.0,440.0,0.0,1.0,0.0,0.0,0.0
2025-01-20 20:25:00+00:00,2025-01-20,2025-01-20:1,True,2,5,True,-0.0736196319018405,0.02651365110621757,-1.0212519915245604,True,0,0,1,True,-2.283588875205956,35.0,445.0,0.0,0.0,1.0,0.0,0.0
2025-01-20 20:30:00+00:00,2025-01-20,2025-01-20:1,True,1,5,True,-0.047021943573667714,0.047021943573667714,0.39237084377273396,True,0,0,1,True,0.23491938487706515,30.0,450.0,0.0,1.0,0.0,0.0,0.0
2025-01-20 20:35:00+00:00,2025-01-20,2025-01-20:1,True,1,10,True,0.12337662337662338,0.10094284997372677,0.20068714088689016,True,0,0,1,True,-0.6802612809466277,25.0,455.0,0.0,1.0,0.0,0.0,0.0
2025-01-20 20:40:00+00:00,2025-01-20,2025-01-20:1,True,2,5,True,0.15789473684210525,0.15789473684210525,-0.4348156972413129,True,0,0,1,True,-0.9722774567155436,20.0,460.0,0.0,0.0,1.0,0.0,0.0
2025-01-20 20:45:00+00:00,2025-01-20,2025-01-20:1,True,1,5,True,-0.07163323782234957,0.07163323782234957,0.8593658599253139,True,0,0,1,True,-1.3072686338783726,15.0,465.0,0.0,1.0,0.0,0.0,0.0
2025-01-20 20:50:00+00:00,2025-01-20,2025-01-20:1,True,0,5,True,0.04498269896193772,0.04498269896193772,-1.6826444000302958,True,0,0,1,True,-0.9406268151061045,10.0,470.0,1.0,0.0,0.0,0.0,0.0
2025-01-20 20:55:00+00:00,2025-01-20,2025-01-20:1,True,0,10,True,0.18429003021148035,0.0664187985336022,1.0205306409183807,True,0,0,1,True,0.0,5.0,475.0,1.0,0.0,0.0,0.0,0.0
2025-01-20 21:00:00+00:00,2025-01-20,2025-01-20:1,True,0,15,True,0.21712538226299694,0.21712538226299694,-0.9740412887783493,True,0,0,1,True,-0.4691226004065035,0.0,480.0,1.0,0.0,0.0,0.0,0.0
2025-01-21 13:00:00+00:00,2025-01-21,2025-01-21:1,False,-1,0,False,,,,False,0,0,0,False,,480.0,0.0,,,,,
2025-01-21 13:05:00+00:00,2025-01-21,2025-01-21:1,False,-1,0,True,-0.3309608540925267,,,False,0,0,0,False,,475.0,5.0,,,,,
2025-01-21 13:10:00+00:00,2025-01-21,2025-01-21:1,False,-1,0,True,0.14385964912280702,,,False,0,0,0,False,,470.0,10.0,,,,,
2025-01-21 13:15:00+00:00,2025-01-21,2025-01-21:1,False,-1,0,True,0.15324675324675324,,,False,0,0,0,False,,465.0,15.0,,,,,
2025-01-21 13:20:00+00:00,2025-01-21,2025-01-21:1,False,-1,0,True,0.2011173184357542,,,False,0,0,0,False,,460.0,20.0,,,,,
2025-01-21 13:25:00+00:00,2025-01-21,2025-01-21:1,False,-1,0,True,-0.10344827586206896,,,False,0,0,0,False,,455.0,25.0,,,,,
2025-01-21 13:30:00+00:00,2025-01-21,2025-01-21:1,False,-1,0,True,-0.1876750700280112,,,False,0,0,0,False,,450.0,30.0,,,,,
2025-01-21 13:35:00+00:00,2025-01-21,2025-01-21:1,False,-1,0,True,-0.26666666666666666,,,False,0,0,0,False,,445.0,35.0,,,,,
2025-01-21 13:40:00+00:00,2025-01-21,2025-01-21:1,False,-1,0,True,0.1388888888888889,,,False,0,0,0,False,,440.0,40.0,,,,,
2025-01-21 13:45:00+00:00,2025-01-21,2025-01-21:1,False,-1,0,True,0.2634920634920635,,,False,0,0,0,False,,435.0,45.0,,,,,
2025-01-21 13:50:00+00:00,2025-01-21,2025-01-21:1,False,-1,0,True,0.12852664576802508,,,False,0,0,0,False,,430.0,50.0,,,,,
2025-01-21 13:55:00+00:00,2025-01-21,2025-01-21:1,False,-1,0,True,-0.07246376811594203,,,False,0,0,0,False,,425.0,55.0,,,,,
2025-01-21 14:00:00+00:00,2025-01-21,2025-01-21:1,False,-1,0,True,0.17266187050359713,,,False,0,0,0,False,,420.0,60.0,,,,,
2025-01-21 14:05:00+00:00,2025-01-21,2025-01-21:1,True,0,5,True,-0.18604651162790697,0.11224628482976555,-0.5053012761787135,True,0,0,0,False,,415.0,65.0,1.0,0.0,0.0,0.0,0.0
2025-01-21 14:10:00+00:00,2025-01-21,2025-01-21:1,True,0,10,True,0.12048192771084337,0.12048192771084337,0.0,True,0,0,0,False,,410.0,70.0,1.0,0.0,0.0,0.0,0.0
2025-01-21 14:15:00+00:00,2025-01-21,2025-01-21:1,True,0,15,True,-0.2777777777777778,0.2777777777777778,0.31132496668476156,True,0,0,0,False,,405.0,75.0,1.0,0.0,0.0,0.0,0.0
2025-01-21 14:20:00+00:00,2025-01-21,2025-01-21:1,True,0,20,True,-0.09210526315789473,0.05754269687287976,-0.47040486119391217,True,0,0,0,False,,400.0,80.0,1.0,0.0,0.0,0.0,0.0
2025-01-21 14:25:00+00:00,2025-01-21,2025-01-21:1,True,0,25,True,-0.05625,0.05625,0.3149845180903577,True,0,0,0,False,,395.0,85.0,1.0,0.0,0.0,0.0,0.0
2025-01-21 14:30:00+00:00,2025-01-21,2025-01-21:1,True,0,30,True,0.0547945205479452,0.0547945205479452,-0.926006964261373,True,0,0,0,False,,390.0,90.0,1.0,0.0,0.0,0.0,0.0
2025-01-21 14:35:00+00:00,2025-01-21,2025-01-21:1,True,0,35,True,-0.168,0.168,0.32256002323283195,True,0,0,0,False,,385.0,95.0,1.0,0.0,0.0,0.0,0.0
2025-01-21 14:40:00+00:00,2025-01-21,2025-01-21:1,True,0,40,True,-0.1267605633802817,0.1267605633802817,0.3360337189740825,True,0,0,0,False,,380.0,100.0,1.0,0.0,0.0,0.0,0.0
2025-01-21 14:45:00+00:00,2025-01-21,2025-01-21:1,True,0,45,True,-0.13653136531365315,0.13653136531365315,0.36860064620723515,True,0,0,0,False,,375.0,105.0,1.0,0.0,0.0,0.0,0.0
2025-01-21 14:50:00+00:00,2025-01-21,2025-01-21:1,True,0,50,True,0.008797653958944282,0.008797653958944282,-0.5863925655177848,True,0,0,0,False,,370.0,110.0,1.0,0.0,0.0,0.0,0.0
2025-01-21 14:55:00+00:00,2025-01-21,2025-01-21:1,True,0,55,True,0.15273775216138327,0.15273775216138327,-0.19656513423629796,True,0,0,0,False,,365.0,115.0,1.0,0.0,0.0,0.0,0.0
2025-01-21 15:00:00+00:00,2025-01-21,2025-01-21:1,True,0,60,True,-0.07958477508650519,0.07958477508650519,0.42171644812988873,True,0,0,0,False,,360.0,120.0,1.0,0.0,0.0,0.0,0.0
2025-01-21 15:05:00+00:00,2025-01-21,2025-01-21:1,True,0,65,True,0.03812316715542522,0.03812316715542522,-0.977149583308857,True,0,0,0,True,-1.0924864462305466,355.0,125.0,1.0,0.0,0.0,0.0,0.0
2025-01-21 15:10:00+00:00,2025-01-21,2025-01-21:1,True,0,70,True,0.2658959537572254,0.15213268983060668,0.5583519815227544,True,0,0,0,True,1.2485129860565856,350.0,130.0,1.0,0.0,0.0,0.0,0.0
2025-01-21 15:15:00+00:00,2025-01-21,2025-01-21:1,True,3,5,True,0.14979757085020243,0.14979757085020243,-1.704681797182278,True,0,0,0,True,-0.23669721993157497,345.0,135.0,0.0,0.0,0.0,1.0,0.0
2025-01-21 15:20:00+00:00,2025-01-21,2025-01-21:1,True,4,5,True,-0.032432432432432434,0.032432432432432434,0.0,True,0,0,0,True,-1.274012820090952,340.0,140.0,0.0,0.0,0.0,0.0,1.0
2025-01-21 15:25:00+00:00,2025-01-21,2025-01-21:1,True,0,5,True,-0.016216216216216217,0.016216216216216217,0.5470276248210215,True,0,0,0,True,0.0,335.0,145.0,1.0,0.0,0.0,0.0,0.0
2025-01-21 15:30:00+00:00,2025-01-21,2025-01-21:1,True,0,10,True,0.055408970976253295,0.006278574427300897,2.177598558934035,True,0,0,0,True,4.869258405482085,330.0,150.0,1.0,0.0,0.0,0.0,0.0
2025-01-21 15:35:00+00:00,2025-01-21,2025-01-21:1,True,0,15,True,0.03875968992248062,0.03875968992248062,-1.0387299461093147,True,0,0,0,True,0.0,325.0,155.0,1.0,0.0,0.0,0.0,0.0
2025-01-21 15:40:00+00:00,2025-01-21,2025-01-21:1,True,0,20,True,-0.15302491103202848,0.053940984817039656,-1.0427101501581868,True,0,0,0,True,0.0,320.0,160.0,1.0,0.0,0.0,0.0,0.0
2025-01-21 15:45:00+00:00,2025-01-21,2025-01-21:1,True,0,25,True,0.23076923076923078,0.23076923076923078,-1.3188581396228682,True,0,0,0,True,-2.359245162300514,315.0,165.0,1.0,0.0,0.0,0.0,0.0
2025-01-21 15:50:00+00:00,2025-01-21,2025-01-21:1,True,0,30,True,0.05604719764011799,0.0436548960936796,0.24987870767816728,True,0,0,0,True,-0.5587457764981807,310.0,170.0,1.0,0.0,0.0,0.0,0.0
2025-01-21 15:55:00+00:00,2025-01-21,2025-01-21:1,True,0,35,True,-0.23219814241486067,0.23219814241486067,0.47304057231805985,True,0,0,0,True,0.9401127364864703,305.0,175.0,1.0,0.0,0.0,0.0,0.0
2025-01-21 16:00:00+00:00,2025-01-21,2025-01-21:1,True,3,5,True,0.20388349514563106,0.20388349514563106,-1.881683171022027,True,0,0,0,True,-1.1475194952344288,300.0,180.0,0.0,0.0,0.0,1.0,0.0
2025-01-21 16:05:00+00:00,2025-01-21,2025-01-21:1,True,4,5,True,-0.12413793103448276,0.12413793103448276,0.5015470913298827,True,1,0,0,True,-0.11349602015666549,295.0,185.0,0.0,0.0,0.0,0.0,1.0
2025-01-21 16:10:00+00:00,2025-01-21,2025-01-21:1,True,3,5,True,-0.441340782122905,0.31762211081796826,-0.32895498021418995,True,1,0,0,True,0.1051872358700888,290.0,190.0,0.0,0.0,0.0,1.0,0.0
2025-01-21 16:15:00+00:00,2025-01-21,2025-01-21:1,True,0,5,True,-0.014285714285714285,0.010357778999242789,-0.3215222053970858,True,1,0,0,True,-2.394200994799859,285.0,195.0,1.0,0.0,0.0,0.0,0.0
2025-01-21 16:20:00+00:00,2025-01-21,2025-01-21:1,True,0,10,True,-0.28052805280528054,0.28052805280528054,0.0,True,1,0,0,True,1.2196264999568884,280.0,200.0,1.0,0.0,0.0,0.0,0.0
2025-01-21 16:25:00+00:00,2025-01-21,2025-01-21:1,True,3,5,True,-0.1289198606271777,0.023924635259504026,-1.6842822838057272,True,0,1,1,True,-0.10621331961777597,275.0,205.0,0.0,0.0,0.0,1.0,0.0
2025-01-21 16:30:00+00:00,2025-01-21,2025-01-21:1,True,3,10,True,-0.13725490196078433,0.10531781014113846,-0.26485725333245336,True,0,0,1,True,-0.010637757918761708,270.0,210.0,0.0,0.0,0.0,1.0,0.0
2025-01-21 16:35:00+00:00,2025-01-21,2025-01-21:1,True,4,5,True,0.17266187050359713,0.1142524869922688,0.4129243786771487,True,1,0,1,True,0.6194753339272292,265.0,215.0,0.0,0.0,0.0,0.0,1.0
2025-01-21 16:40:00+00:00,2025-01-21,2025-01-21:1,True,3,5,True,0.05138339920948617,0.05138339920948617,-1.3525918225250324,True,0,1,2,True,-1.2097949043898337,260.0,220.0,0.0,0.0,0.0,1.0,0.0
2025-01-21 16:45:00+00:00,2025-01-21,2025-01-21:1,True,3,10,True,-0.08401084010840108,0.029041834532089913,-1.0622084788728372,True,0,0,2,True,-0.014571259278198792,255.0,225.0,0.0,0.0,0.0,1.0,0.0
2025-01-21 16:50:00+00:00,2025-01-21,2025-01-21:1,True,4,5,True,0.1189710610932476,0.053996689835475585,0.7899575341047792,True,1,0,2,True,0.5858756078042862,250.0,230.0,0.0,0.0,0.0,0.0,1.0
2025-01-21 16:55:00+00:00,2025-01-21,2025-01-21:1,True,3,5,True,0.23417721518987342,0.23417721518987342,-0.6677237896920345,True,1,0,2,True,0.5972303135797625,245.0,235.0,0.0,0.0,0.0,1.0,0.0
2025-01-21 17:00:00+00:00,2025-01-21,2025-01-21:1,True,4,5,True,0.17350157728706625,0.17350157728706625,0.0,True,0,1,3,True,-0.6587666124247583,240.0,240.0,0.0,0.0,0.0,0.0,1.0
2025-01-21 17:05:00+00:00,2025-01-21,2025-01-21:1,True,4,10,True,0.29411764705882354,0.2521789202006376,0.15384101098374192,True,1,0,3,True,1.3665573709261418,235.0,245.0,0.0,0.0,0.0,0.0,1.0
2025-01-21 17:10:00+00:00,2025-01-21,2025-01-21:1,True,0,5,True,-0.037267080745341616,0.037267080745341616,1.5409056570411257,True,1,0,3,True,0.6308414356203027,230.0,250.0,1.0,0.0,0.0,0.0,0.0
2025-01-21 17:15:00+00:00,2025-01-21,2025-01-21:1,True,0,10,True,-0.27835051546391754,0.15935633991710563,-0.55773834029819,True,1,0,3,True,1.2732578839804305,225.0,255.0,1.0,0.0,0.0,0.0,0.0
2025-01-21 17:20:00+00:00,2025-01-21,2025-01-21:1,True,3,5,True,-0.022508038585209004,0.0020221096201941146,-2.4097311829835957,True,0,1,4,True,0.6662053664494146,220.0,260.0,0.0,0.0,0.0,1.0,0.0
2025-01-21 17:25:00+00:00,2025-01-21,2025-01-21:1,True,3,10,True,0.37091988130563797,0.37091988130563797,-1.7510050141089735,True,0,0,4,True,0.5593380343569416,215.0,265.0,0.0,0.0,0.0,1.0,0.0
2025-01-21 17:30:00+00:00,2025-01-21,2025-01-21:1,True,4,5,True,-0.06713780918727916,0.06713780918727916,0.760443219808601,True,1,0,4,True,1.0241778725708832,210.0,270.0,0.0,0.0,0.0,0.0,1.0
2025-01-21 17:35:00+00:00,2025-01-21,2025-01-21:1,True,0,5,True,-0.2622478386167147,0.2622478386167147,1.2063428184480438,True,1,0,4,True,0.4127458674077053,205.0,275.0,1.0,0.0,0.0,0.0,0.0
2025-01-21 17:40:00+00:00,2025-01-21,2025-01-21:1,True,4,5,True,-0.11977715877437325,0.11977715877437325,0.4595023211915468,True,1,0,4,True,0.5137392130008903,200.0,280.0,0.0,0.0,0.0,0.0,1.0
2025-01-21 17:45:00+00:00,2025-01-21,2025-01-21:1,True,0,5,True,-0.11258278145695365,0.11258278145695365,0.231746733159517,True,1,0,4,True,0.5931103360838181,195.0,285.0,1.0,0.0,0.0,0.0,0.0
2025-01-21 17:50:00+00:00,2025-01-21,2025-01-21:1,True,0,10,True,-0.2111801242236025,0.13380217602664313,-0.4563490277736038,True,1,0,4,True,-0.3873829817589586,190.0,290.0,1.0,0.0,0.0,0.0,0.0
2025-01-21 17:55:00+00:00,2025-01-21,2025-01-21:1,True,1,5,True,-0.09210526315789473,0.09210526315789473,0.3275361835151886,True,0,0,4,True,-0.7323931714321956,185.0,295.0,0.0,1.0,0.0,0.0,0.0
2025-01-21 18:00:00+00:00,2025-01-21,2025-01-21:1,True,0,5,True,0.09923664122137404,0.08894757785983232,0.1094601298574476,True,0,0,4,True,0.2447602911872072,180.0,300.0,1.0,0.0,0.0,0.0,0.0
2025-01-21 18:05:00+00:00,2025-01-21,2025-01-21:1,True,0,10,True,-0.22602739726027396,0.18113061155749083,-0.22143783689548743,True,0,0,4,True,0.4951500560888209,175.0,305.0,1.0,0.0,0.0,0.0,0.0
2025-01-21 18:10:00+00:00,2025-01-21,2025-01-21:1,True,0,15,True,-0.08383233532934131,0.08383233532934131,0.3489461143567241,True,0,0,4,True,0.49052561731668726,170.0,310.0,1.0,0.0,0.0,0.0,0.0
2025-01-21 18:15:00+00:00,2025-01-21,2025-01-21:1,True,0,20,True,-0.0625,0.0625,0.23668163849792662,True,0,0,4,True,-0.5663715781099463,165.0,315.0,1.0,0.0,0.0,0.0,0.0
2025-01-21 18:20:00+00:00,2025-01-21,2025-01-21:1,True,0,25,True,-0.072,0.072,0.27130469552997916,True,0,0,4,True,-0.6066557418199168,160.0,320.0,1.0,0.0,0.0,0.0,0.0
2025-01-21 18:25:00+00:00,2025-01-21,2025-01-21:1,True,0,30,True,0.23783783783783785,0.09570166518143616,0.9103533894995364,True,0,0,4,True,-0.7119828366133544,155.0,325.0,1.0,0.0,0.0,0.0,0.0
2025-01-21 18:30:00+00:00,2025-01-21,2025-01-21:1,True,1,5,True,0.016853932584269662,0.009014574043687969,0.6257414115487498,True,0,0,4,True,1.4319224856334873,150.0,330.0,0.0,1.0,0.0,0.0,0.0
2025-01-21 18:35:00+00:00,2025-01-21,2025-01-21:1,True,2,5,True,0.002881844380403458,0.002881844380403458,-0.3310872004104164,True,0,0,4,True,-0.7584931697293111,145.0,335.0,0.0,0.0,1.0,0.0,0.0
2025-01-21 18:40:00+00:00,2025-01-21,2025-01-21:1,True,0,5,True,-0.18791946308724833,0.08892567301297036,-0.7482125970847165,True,0,0,4,True,0.00887536107797942,140.0,340.0,1.0,0.0,0.0,0.0,0.0
2025-01-21 18:45:00+00:00,2025-01-21,2025-01-21:1,True,0,10,True,0.14375,0.07010755789073607,0.7180450756036033,True,0,0,4,True,0.0,135.0,345.0,1.0,0.0,0.0,0.0,0.0
2025-01-21 18:50:00+00:00,2025-01-21,2025-01-21:1,True,0,15,True,-0.03125,0.03125,0.0,True,0,0,4,True,0.011291350991871873,130.0,350.0,1.0,0.0,0.0,0.0,0.0
2025-01-21 18:55:00+00:00,2025-01-21,2025-01-21:1,True,0,20,True,-0.08970099667774087,0.08970099667774087,0.0,True,0,0,4,True,1.0482666444446074,125.0,355.0,1.0,0.0,0.0,0.0,0.0
2025-01-21 19:00:00+00:00,2025-01-21,2025-01-21:1,True,0,25,True,0.07116104868913857,0.044719778253783996,0.46452972946064736,True,0,0,4,True,-0.006416147071665585,120.0,360.0,1.0,0.0,0.0,0.0,0.0
2025-01-21 19:05:00+00:00,2025-01-21,2025-01-21:1,True,0,30,True,-0.09090909090909091,0.09090909090909091,0.9251553132345515,True,0,0,4,True,-1.0343550850717238,115.0,365.0,1.0,0.0,0.0,0.0,0.0
2025-01-21 19:10:00+00:00,2025-01-21,2025-01-21:1,True,2,5,True,-0.006369426751592357,0.006369426751592357,0.0,True,0,0,4,True,2.023338975250606,110.0,370.0,0.0,0.0,1.0,0.0,0.0
2025-01-21 19:15:00+00:00,2025-01-21,2025-01-21:1,True,0,5,True,-0.15501519756838905,0.03747702891704733,-1.4197949778696817,True,0,0,4,True,-3.080007555523779,105.0,375.0,1.0,0.0,0.0,0.0,0.0
2025-01-21 19:20:00+00:00,2025-01-21,2025-01-21:1,True,0,10,True,0.05,0.05,0.0,True,0,0,4,True,-0.7725230700728112,100.0,380.0,1.0,0.0,0.0,0.0,0.0
2025-01-21 19:25:00+00:00,2025-01-21,2025-01-21:1,True,0,15,True,-0.06493506493506493,0.06493506493506493,0.9816277598276659,True,0,0,4,True,1.479868069007412,95.0,385.0,1.0,0.0,0.0,0.0,0.0
2025-01-21 19:30:00+00:00,2025-01-21,2025-01-21:1,True,0,20,True,-0.06842105263157895,0.015444238574804514,-1.4884445382664728,True,0,0,4,True,-1.5750986021504128,90.0,390.0,1.0,0.0,0.0,0.0,0.0
2025-01-21 19:35:00+00:00,2025-01-21,2025-01-21:1,True,3,5,True,-0.021671826625386997,0.01450710925966822,-0.4013742817727611,True,0,0,4,True,-2.7481548318490265,85.0,395.0,0.0,0.0,0.0,1.0,0.0
2025-01-21 19:40:00+00:00,2025-01-21,2025-01-21:1,True,3,10,True,0.15267175572519084,0.15267175572519084,-1.1586034107871896,True,0,0,4,True,0.8397776026867413,80.0,400.0,0.0,0.0,0.0,1.0,0.0
2025-01-21 19:45:00+00:00,2025-01-21,2025-01-21:1,True,3,15,True,-0.23448275862068965,0.16743843585099438,-0.3367663246328574,True,0,0,4,True,-0.3765161972053805,75.0,405.0,0.0,0.0,0.0,1.0,0.0
2025-01-21 19:50:00+00:00,2025-01-21,2025-01-21:1,True,4,5,True,0.0031746031746031746,0.0023128599825328606,0.3166977937447677,True,1,0,4,True,1.4163155902740103,70.0,410.0,0.0,0.0,0.0,0.0,1.0
2025-01-21 19:55:00+00:00,2025-01-21,2025-01-21:1,True,4,10,True,0.04406779661016949,0.04406779661016949,-0.1349804335451945,True,1,0,4,True,-0.5141299526674338,65.0,415.0,0.0,0.0,0.0,0.0,1.0
2025-01-21 20:00:00+00:00,2025-01-21,2025-01-21:1,True,0,5,True,-0.22580645161290322,0.22580645161290322,0.5035520166419588,True,1,0,4,True,-0.38077121011303067,60.0,420.0,1.0,0.0,0.0,0.0,0.0
2025-01-21 20:05:00+00:00,2025-01-21,2025-01-21:1,True,0,10,True,0.05202312138728324,0.013569304349195207,1.343878053164388,True,1,0,4,True,0.10554379049726234,55.0,425.0,1.0,0.0,0.0,0.0,0.0
2025-01-21 20:10:00+00:00,2025-01-21,2025-01-21:1,True,1,5,True,-0.06930693069306931,0.06930693069306931,0.24523229811923627,True,1,0,4,True,-0.8225341333084902,50.0,430.0,0.0,1.0,0.0,0.0,0.0
2025-01-21 20:15:00+00:00,2025-01-21,2025-01-21:1,True,1,10,True,-0.05398457583547558,0.05398457583547558,1.8674804963390057,True,0,0,4,True,1.66778019937056,45.0,435.0,0.0,1.0,0.0,0.0,0.0
2025-01-21 20:20:00+00:00,2025-01-21,2025-01-21:1,True,1,15,True,0.1518624641833811,0.07740521686102626,0.6739210907022674,True,0,0,4,True,1.8501690876304437,40.0,440.0,0.0,1.0,0.0,0.0,0.0
2025-01-21 20:25:00+00:00,2025-01-21,2025-01-21:1,True,1,20,True,0.2126984126984127,0.09096491450968788,0.8494013822145916,True,0,0,4,True,0.3172270265867878,35.0,445.0,0.0,1.0,0.0,0.0,0.0
2025-01-21 20:30:00+00:00,2025-01-21,2025-01-21:1,True,2,5,True,-0.12871287128712872,0.060050097275652574,-0.7624049511667834,True,0,0,4,True,-1.137728040877419,30.0,450.0,0.0,0.0,1.0,0.0,0.0
2025-01-21 20:35:00+00:00,2025-01-21,2025-01-21:1,True,1,5,True,0.408955223880597,0.2652326339240362,0.43299836823180915,True,0,0,4,True,0.8211935645860009,25.0,455.0,0.0,1.0,0.0,0.0,0.0
2025-01-21 20:40:00+00:00,2025-01-21,2025-01-21:1,True,2,5,True,-0.2916666666666667,0.11477199178128437,-0.9326641176011681,True,0,0,4,True,-1.0427501835662758,20.0,460.0,0.0,0.0,1.0,0.0,0.0
2025-01-21 20:45:00+00:00,2025-01-21,2025-01-21:1,True,0,5,True,-0.026143790849673203,0.026143790849673203,0.9192359753931619,True,0,0,4,True,0.0,15.0,465.0,1.0,0.0,0.0,0.0,0.0
2025-01-21 20:50:00+00:00,2025-01-21,2025-01-21:1,True,0,10,True,-0.07780979827089338,0.023934672255012616,-1.1789392354155788,True,0,0,4,True,-1.0544753086917455,10.0,470.0,1.0,0.0,0.0,0.0,0.0
2025-01-21 20:55:00+00:00,2025-01-21,2025-01-21:1,True,3,5,True,0.05993690851735016,0.05993690851735016,-0.3848643889419309,True,0,0,4,True,-0.18117581603884847,5.0,475.0,0.0,0.0,0.0,1.0,0.0
2025-01-21 21:00:00+00:00,2025-01-21,2025-01-21:1,True,0,5,True,-0.009771986970684038,0.009771986970684038,0.0,True,0,0,4,True,0.1720023041361732,0.0,480.0,1.0,0.0,0.0,0.0,0.0
2025-01-22 13:00:00+00:00,2025-01-22,2025-01-22:1,False,-1,0,False,,,,False,0,0,0,False,,480.0,0.0,,,,,
2025-01-22 13:05:00+00:00,2025-01-22,2025-01-22:1,False,-1,0,True,-0.08090614886731391,,,False,0,0,0,False,,475.0,5.0,,,,,
2025-01-22 13:10:00+00:00,2025-01-22,2025-01-22:1,False,-1,0,True,-0.34177215189873417,,,False,0,0,0,False,,470.0,10.0,,,,,
2025-01-22 13:15:00+00:00,2025-01-22,2025-01-22:1,False,-1,0,True,0.01818181818181818,,,False,0,0,0,False,,465.0,15.0,,,,,
2025-01-22 13:20:00+00:00,2025-01-22,2025-01-22:1,False,-1,0,True,0.17006802721088435,,,False,0,0,0,False,,460.0,20.0,,,,,
2025-01-22 13:25:00+00:00,2025-01-22,2025-01-22:1,False,-1,0,True,0.07964601769911504,,,False,0,0,0,False,,455.0,25.0,,,,,
2025-01-22 13:30:00+00:00,2025-01-22,2025-01-22:1,False,-1,0,True,0.1111111111111111,,,False,0,0,0,False,,450.0,30.0,,,,,
2025-01-22 13:35:00+00:00,2025-01-22,2025-01-22:1,False,-1,0,True,0.15436241610738255,,,False,0,0,0,False,,445.0,35.0,,,,,
2025-01-22 13:40:00+00:00,2025-01-22,2025-01-22:1,False,-1,0,True,0.04126984126984127,,,False,0,0,0,False,,440.0,40.0,,,,,
2025-01-22 13:45:00+00:00,2025-01-22,2025-01-22:1,False,-1,0,True,0.1092436974789916,,,False,0,0,0,False,,435.0,45.0,,,,,
2025-01-22 13:50:00+00:00,2025-01-22,2025-01-22:1,False,-1,0,True,-0.12714776632302405,,,False,0,0,0,False,,430.0,50.0,,,,,
2025-01-22 13:55:00+00:00,2025-01-22,2025-01-22:1,False,-1,0,True,0.05128205128205128,,,False,0,0,0,False,,425.0,55.0,,,,,
2025-01-22 14:00:00+00:00,2025-01-22,2025-01-22:1,False,-1,0,True,-0.04100946372239748,,,False,0,0,0,False,,420.0,60.0,,,,,
2025-01-22 14:05:00+00:00,2025-01-22,2025-01-22:1,True,0,5,True,0.35816618911174786,0.2221619213989125,0.47759060240411993,True,0,0,0,False,,415.0,65.0,1.0,0.0,0.0,0.0,0.0
2025-01-22 14:10:00+00:00,2025-01-22,2025-01-22:1,True,1,5,True,-0.01910828025477707,0.01910828025477707,0.9856604824289149,True,0,0,0,False,,410.0,70.0,0.0,1.0,0.0,0.0,0.0
2025-01-22 14:15:00+00:00,2025-01-22,2025-01-22:1,True,2,5,True,-0.2027491408934708,0.2027491408934708,0.2507092212828165,True,0,0,0,False,,405.0,75.0,0.0,0.0,1.0,0.0,0.0
2025-01-22 14:20:00+00:00,2025-01-22,2025-01-22:1,True,1,5,True,0.0915032679738562,0.025759326497780573,1.2675779315830942,True,0,0,0,False,,400.0,80.0,0.0,1.0,0.0,0.0,0.0
2025-01-22 14:25:00+00:00,2025-01-22,2025-01-22:1,True,1,10,True,0.05747126436781609,0.035267335004305025,0.4883278912123995,True,0,0,0,False,,395.0,85.0,0.0,1.0,0.0,0.0,0.0
2025-01-22 14:30:00+00:00,2025-01-22,2025-01-22:1,True,1,15,True,0.23648648648648649,0.034844523196996484,1.9149950954520725,True,0,0,0,False,,390.0,90.0,0.0,1.0,0.0,0.0,0.0
2025-01-22 14:35:00+00:00,2025-01-22,2025-01-22:1,True,1,20,True,0.14675767918088736,0.035031291927225976,1.4325410685347908,True,0,0,0,False,,385.0,95.0,0.0,1.0,0.0,0.0,0.0
2025-01-22 14:40:00+00:00,2025-01-22,2025-01-22:1,True,2,5,True,0.1608832807570978,0.1608832807570978,-0.6938664849258964,True,0,0,0,False,,380.0,100.0,0.0,0.0,1.0,0.0,0.0
2025-01-22 14:45:00+00:00,2025-01-22,2025-01-22:1,True,2,10,True,-0.06201550387596899,0.025305567291046514,-0.8963599937449964,True,0,0,0,False,,375.0,105.0,0.0,0.0,1.0,0.0,0.0
2025-01-22 14:50:00+00:00,2025-01-22,2025-01-22:1,True,1,5,True,0.10034602076124567,0.053866571530572616,0.6221143295792131,True,0,0,0,False,,370.0,110.0,0.0,1.0,0.0,0.0,0.0
2025-01-22 14:55:00+00:00,2025-01-22,2025-01-22:1,True,0,5,True,0.39759036144578314,0.39759036144578314,-1.5699528522297284,True,0,0,0,False,,365.0,115.0,1.0,0.0,0.0,0.0,0.0
2025-01-22 15:00:00+00:00,2025-01-22,2025-01-22:1,True,3,5,True,0.15614617940199335,0.15614617940199335,-1.0989691220231699,True,0,0,0,False,,360.0,120.0,0.0,0.0,0.0,1.0,0.0
2025-01-22 15:05:00+00:00,2025-01-22,2025-01-22:1,True,4,5,True,0.09433962264150944,0.078466143060037,0.18423404471,True,0,0,0,True,0.0,355.0,125.0,0.0,0.0,0.0,0.0,1.0
2025-01-22 15:10:00+00:00,2025-01-22,2025-01-22:1,True,0,5,True,-0.28027681660899656,0.28027681660899656,0.7268147308971179,True,0,0,0,True,1.2189053590006291,350.0,130.0,1.0,0.0,0.0,0.0,0.0
2025-01-22 15:15:00+00:00,2025-01-22,2025-01-22:1,True,0,10,True,-0.20679886685552407,0.14437842735128653,-0.3593088429732542,True,0,0,0,True,-1.8600834558212536,345.0,135.0,1.0,0.0,0.0,0.0,0.0
2025-01-22 15:20:00+00:00,2025-01-22,2025-01-22:1,True,3,5,True,-0.2358974358974359,0.03339486256075945,-1.954995044301779,True,0,0,0,True,-0.24469488539920983,340.0,140.0,0.0,0.0,0.0,1.0,0.0
2025-01-22 15:25:00+00:00,2025-01-22,2025-01-22:1,True,4,5,True,-0.05362776025236593,0.05362776025236593,0.330473767774752,True,1,0,0,True,1.0051325925329888,335.0,145.0,0.0,0.0,0.0,0.0,1.0
2025-01-22 15:30:00+00:00,2025-01-22,2025-01-22:1,True,3,5,True,0.0446927374301676,0.0446927374301676,-6.591205210648173,True,0,1,1,True,-12.365464939014577,330.0,150.0,0.0,0.0,0.0,1.0,0.0
2025-01-22 15:35:00+00:00,2025-01-22,2025-01-22:1,True,3,10,True,-0.20625,0.04614201653802156,-1.497365068655644,True,0,0,1,True,-0.17773603730777954,325.0,155.0,0.0,0.0,0.0,1.0,0.0
2025-01-22 15:40:00+00:00,2025-01-22,2025-01-22:1,True,4,5,True,-0.140893470790378,0.140893470790378,0.3484089118039524,True,1,0,1,True,1.1685990161399962,320.0,160.0,0.0,0.0,0.0,0.0,1.0
2025-01-22 15:45:00+00:00,2025-01-22,2025-01-22:1,True,4,10,True,-0.0392156862745098,0.0392156862745098,0.0,True,1,0,1,True,0.7741648467250087,315.0,165.0,0.0,0.0,0.0,0.0,1.0
2025-01-22 15:50:00+00:00,2025-01-22,2025-01-22:1,True,4,15,True,0.04861111111111111,0.024654669870084023,0.678885798853347,True,1,0,1,True,0.0,310.0,170.0,0.0,0.0,0.0,0.0,1.0
2025-01-22 15:55:00+00:00,2025-01-22,2025-01-22:1,True,4,20,True,0.1736111111111111,0.14626417853399973,0.17140337562042757,True,1,0,1,True,0.5844418092954391,305.0,175.0,0.0,0.0,0.0,0.0,1.0
2025-01-22 16:00:00+00:00,2025-01-22,2025-01-22:1,True,0,5,True,-0.1240506329113924,0.074276716757205,-0.5128922775832578,True,1,0,1,True,0.20003655444764434,300.0,180.0,1.0,0.0,0.0,0.0,0.0
2025-01-22 16:05:00+00:00,2025-01-22,2025-01-22:1,True,0,10,True,-0.18725099601593626,0.18725099601593626,0.0,True,0,0,1,True,-0.20445750173325664,295.0,185.0,1.0,0.0,0.0,0.0,0.0
2025-01-22 16:10:00+00:00,2025-01-22,2025-01-22:1,True,0,15,True,0.1501597444089457,0.1501597444089457,0.0,True,0,0,1,True,0.3884859151563134,290.0,190.0,1.0,0.0,0.0,0.0,0.0
2025-01-22 16:15:00+00:00,2025-01-22,2025-01-22:1,True,0,20,True,-0.07076923076923076,0.07076923076923076,0.2562016645638104,True,0,0,1,True,-0.3819228919414624,285.0,195.0,1.0,0.0,0.0,0.0,0.0
2025-01-22 16:20:00+00:00,2025-01-22,2025-01-22:1,True,0,25,True,0.014598540145985401,0.014598540145985401,0.0,True,0,0,1,True,0.20532230046319477,280.0,200.0,1.0,0.0,0.0,0.0,0.0
2025-01-22 16:25:00+00:00,2025-01-22,2025-01-22:1,True,0,30,True,0.22054380664652568,0.22054380664652568,0.0,True,0,0,1,True,0.18633041060913486,275.0,205.0,1.0,0.0,0.0,0.0,0.0
2025-01-22 16:30:00+00:00,2025-01-22,2025-01-22:1,True,0,35,True,-0.29120879120879123,0.29120879120879123,0.0,True,0,0,1,True,0.20445733495415078,270.0,210.0,1.0,0.0,0.0,0.0,0.0
2025-01-22 16:35:00+00:00,2025-01-22,2025-01-22:1,True,0,40,True,-0.1492063492063492,0.10534984156426574,-0.3480436055162543,True,0,0,1,True,-0.3708234079423513,265.0,215.0,1.0,0.0,0.0,0.0,0.0
2025-01-22 16:40:00+00:00,2025-01-22,2025-01-22:1,True,0,45,True,-0.05442176870748299,0.0375789916084623,-0.370319073454786,True,0,0,1,True,0.8280586216072859,260.0,220.0,1.0,0.0,0.0,0.0,0.0
2025-01-22 16:45:00+00:00,2025-01-22,2025-01-22:1,True,0,50,True,-0.056338028169014086,0.056338028169014086,0.0,True,0,0,1,True,0.8926386623043612,255.0,225.0,1.0,0.0,0.0,0.0,0.0
2025-01-22 16:50:00+00:00,2025-01-22,2025-01-22:1,True,0,55,True,0.1342281879194631,0.1342281879194631,0.0,True,0,0,1,True,2.0186909910881625,250.0,230.0,1.0,0.0,0.0,0.0,0.0
2025-01-22 16:55:00+00:00,2025-01-22,2025-01-22:1,True,0,60,True,0.2360248447204969,0.12225266791151225,0.6578471222001523,True,0,0,1,True,1.9613211787219398,245.0,235.0,1.0,0.0,0.0,0.0,0.0
2025-01-22 17:00:00+00:00,2025-01-22,2025-01-22:1,True,0,65,True,-0.1832797427652733,0.12241225413641188,-0.4036191540768879,True,0,0,1,True,-1.3593191884091311,240.0,240.0,1.0,0.0,0.0,0.0,0.0
2025-01-22 17:05:00+00:00,2025-01-22,2025-01-22:1,True,0,70,True,0.14935064935064934,0.14935064935064934,-1.1278786289478977,True,0,0,1,True,0.026254457843822698,235.0,245.0,1.0,0.0,0.0,0.0,0.0
2025-01-22 17:10:00+00:00,2025-01-22,2025-01-22:1,True,0,75,True,-0.09815950920245399,0.09815950920245399,0.9869546987320174,True,0,0,1,True,2.6482773564926374,230.0,250.0,1.0,0.0,0.0,0.0,0.0
2025-01-22 17:15:00+00:00,2025-01-22,2025-01-22:1,True,0,80,True,-0.14018691588785046,0.11506517934539168,-0.19747790090011397,True,0,0,1,True,-0.8831480209332436,225.0,255.0,1.0,0.0,0.0,0.0,0.0
2025-01-22 17:20:00+00:00,2025-01-22,2025-01-22:1,True,0,85,True,-0.17088607594936708,0.17088607594936708,1.5458007633590514,True,0,0,1,True,1.5362291495744225,220.0,260.0,1.0,0.0,0.0,0.0,0.0
2025-01-22 17:25:00+00:00,2025-01-22,2025-01-22:1,True,0,90,True,0.18885448916408668,0.18885448916408668,-0.6525340079140138,True,0,0,1,True,-1.0864193358560479,215.0,265.0,1.0,0.0,0.0,0.0,0.0
2025-01-22 17:30:00+00:00,2025-01-22,2025-01-22:1,True,0,95,True,-0.09186351706036745,0.030362065905698767,-1.107109968172735,True,0,0,1,True,-1.4042569768988857,210.0,270.0,1.0,0.0,0.0,0.0,0.0
2025-01-22 17:35:00+00:00,2025-01-22,2025-01-22:1,True,0,100,True,0.051470588235294115,0.012651365357260417,1.4032453995719871,True,0,0,1,True,2.409207222808558,205.0,275.0,1.0,0.0,0.0,0.0,0.0
2025-01-22 17:40:00+00:00,2025-01-22,2025-01-22:1,True,0,105,True,0.04878048780487805,0.04878048780487805,-0.2858296559128115,True,0,0,1,True,0.6391345406064213,200.0,280.0,1.0,0.0,0.0,0.0,0.0
2025-01-22 17:45:00+00:00,2025-01-22,2025-01-22:1,True,0,110,True,0.09278350515463918,0.0695008214558477,0.288930305805477,True,0,0,1,True,0.2498719409617939,195.0,285.0,1.0,0.0,0.0,0.0,0.0
2025-01-22 17:50:00+00:00,2025-01-22,2025-01-22:1,True,0,115,True,-0.02005730659025788,0.02005730659025788,0.0,True,0,0,1,True,0.0,190.0,290.0,1.0,0.0,0.0,0.0,0.0
2025-01-22 17:55:00+00:00,2025-01-22,2025-01-22:1,True,0,120,True,0.04294478527607362,0.04294478527607362,-0.5681705875294101,True,0,0,1,True,0.0,185.0,295.0,1.0,0.0,0.0,0.0,0.0
2025-01-22 18:00:00+00:00,2025-01-22,2025-01-22:1,True,1,5,True,0.1111111111111111,0.02093766075829669,1.668981214081908,True,0,0,1,True,3.5989334813221787,180.0,300.0,0.0,1.0,0.0,0.0,0.0
2025-01-22 18:05:00+00:00,2025-01-22,2025-01-22:1,True,0,5,True,0.03424657534246575,0.029996847368670747,0.1324942812788211,True,0,0,1,True,0.0,175.0,305.0,1.0,0.0,0.0,0.0,0.0
2025-01-22 18:10:00+00:00,2025-01-22,2025-01-22:1,True,1,5,True,-0.17343173431734318,0.17343173431734318,0.9139627056975874,True,0,0,1,True,0.7470531073525775,170.0,310.0,0.0,1.0,0.0,0.0,0.0
2025-01-22 18:15:00+00:00,2025-01-22,2025-01-22:1,True,0,5,True,0.2607260726072607,0.2607260726072607,-0.652830504069903,True,0,0,1,True,-0.5839093539536386,165.0,315.0,1.0,0.0,0.0,0.0,0.0
2025-01-22 18:20:00+00:00,2025-01-22,2025-01-22:1,True,0,10,True,0.33783783783783783,0.33783783783783783,-0.2807254309582589,True,0,0,1,True,0.16250760463004876,160.0,320.0,1.0,0.0,0.0,0.0,0.0
2025-01-22 18:25:00+00:00,2025-01-22,2025-01-22:1,True,0,15,True,0.16715542521994134,0.16715542521994134,-1.1530730526686377,True,0,0,1,True,-0.16775104742282637,155.0,325.0,1.0,0.0,0.0,0.0,0.0
2025-01-22 18:30:00+00:00,2025-01-22,2025-01-22:1,True,0,20,True,0.07142857142857142,0.07142857142857142,-0.29137993489374225,True,0,0,1,True,0.6515453417018707,150.0,330.0,1.0,0.0,0.0,0.0,0.0
2025-01-22 18:35:00+00:00,2025-01-22,2025-01-22:1,True,3,5,True,0.054441260744985676,0.054441260744985676,-1.1391200558843904,True,0,0,1,True,-1.131735348865089,145.0,335.0,0.0,0.0,0.0,1.0,0.0
2025-01-22 18:40:00+00:00,2025-01-22,2025-01-22:1,True,3,10,True,0.40119760479041916,0.40119760479041916,-0.928320968995757,True,0,0,1,True,-0.8649172405761629,140.0,340.0,0.0,0.0,0.0,1.0,0.0
2025-01-22 18:45:00+00:00,2025-01-22,2025-01-22:1,True,4,5,True,-0.23636363636363636,0.17429239691707976,-0.30463712030743556,True,0,0,1,True,0.1560111262970772,135.0,345.0,0.0,0.0,0.0,0.0,1.0
2025-01-22 18:50:00+00:00,2025-01-22,2025-01-22:1,True,4,10,True,-0.16901408450704225,0.16901408450704225,0.6015568862980226,True,1,0,1,True,0.12217028432728706,130.0,350.0,0.0,0.0,0.0,0.0,1.0
2025-01-22 18:55:00+00:00,2025-01-22,2025-01-22:1,True,0,5,True,0.01060070671378092,0.007836160716883022,0.3021716600682973,True,1,0,1,True,0.0,125.0,355.0,1.0,0.0,0.0,0.0,0.0
2025-01-22 19:00:00+00:00,2025-01-22,2025-01-22:1,True,3,5,True,-0.16374269005847952,0.12046229081620069,-0.30695946798432877,True,1,0,1,True,0.0,120.0,360.0,0.0,0.0,0.0,1.0,0.0
2025-01-22 19:05:00+00:00,2025-01-22,2025-01-22:1,True,0,5,True,-0.2742382271468144,0.12449695855534823,-0.7897158844517946,True,0,1,2,True,0.7252159670705006,115.0,365.0,1.0,0.0,0.0,0.0,0.0
2025-01-22 19:10:00+00:00,2025-01-22,2025-01-22:1,True,0,10,True,-0.009287925696594427,0.009287925696594427,1.2313204862219314,True,0,0,2,True,-0.8259834275677603,110.0,370.0,1.0,0.0,0.0,0.0,0.0
2025-01-22 19:15:00+00:00,2025-01-22,2025-01-22:1,True,0,15,True,0.0,0.0,0.0,True,0,0,2,True,-0.9528510424017428,105.0,375.0,1.0,0.0,0.0,0.0,0.0
2025-01-22 19:20:00+00:00,2025-01-22,2025-01-22:1,True,0,20,True,0.07736389684813753,0.05051287478746432,0.42629197270958447,True,0,0,2,True,0.8854484490784549,100.0,380.0,1.0,0.0,0.0,0.0,0.0
2025-01-22 19:25:00+00:00,2025-01-22,2025-01-22:1,True,0,25,True,-0.01282051282051282,0.005465537701820159,-0.8525839454179996,True,0,0,2,True,0.0,95.0,385.0,1.0,0.0,0.0,0.0,0.0
2025-01-22 19:30:00+00:00,2025-01-22,2025-01-22:1,True,0,30,True,-0.2781065088757396,0.2781065088757396,0.0,True,0,0,2,True,0.0,90.0,390.0,1.0,0.0,0.0,0.0,0.0
2025-01-22 19:35:00+00:00,2025-01-22,2025-01-22:1,True,1,5,True,-0.0176678445229682,0.0176678445229682,2.2965486879332606,True,0,0,2,True,0.0,85.0,395.0,0.0,1.0,0.0,0.0,0.0
2025-01-22 19:40:00+00:00,2025-01-22,2025-01-22:1,True,1,10,True,-0.021538461538461538,0.021538461538461538,1.4000043942458231,True,0,0,2,True,0.0,80.0,400.0,0.0,1.0,0.0,0.0,0.0
2025-01-22 19:45:00+00:00,2025-01-22,2025-01-22:1,True,2,5,True,0.0,0.0,-0.46898196342075166,True,0,0,2,True,1.04867555042714,75.0,405.0,0.0,0.0,1.0,0.0,0.0
2025-01-22 19:50:00+00:00,2025-01-22,2025-01-22:1,True,2,10,True,0.21897810218978103,0.21897810218978103,0.0,True,0,0,2,True,-1.11274218628688,70.0,410.0,0.0,0.0,1.0,0.0,0.0
2025-01-22 19:55:00+00:00,2025-01-22,2025-01-22:1,True,0,5,True,-0.2846715328467153,0.07406421889040492,-1.3464034595767074,True,0,0,2,True,-2.007099773837223,65.0,415.0,1.0,0.0,0.0,0.0,0.0
2025-01-22 20:00:00+00:00,2025-01-22,2025-01-22:1,True,0,10,True,0.14098360655737704,0.14098360655737704,0.0,True,0,0,2,True,0.9538300830294717,60.0,420.0,1.0,0.0,0.0,0.0,0.0
2025-01-22 20:05:00+00:00,2025-01-22,2025-01-22:1,True,0,15,True,-0.16838487972508592,0.07033456166904992,-0.8729890007769555,True,0,0,2,True,1.9520627493496634,55.0,425.0,1.0,0.0,0.0,0.0,0.0
2025-01-22 20:10:00+00:00,2025-01-22,2025-01-22:1,True,0,20,True,0.39209726443769,0.10999556470927316,1.271069888423717,True,0,0,2,True,0.0,50.0,430.0,1.0,0.0,0.0,0.0,0.0
2025-01-22 20:15:00+00:00,2025-01-22,2025-01-22:1,True,0,25,True,0.05637982195845697,0.024416862664960775,0.8368373413654784,True,0,0,2,True,-0.9356125907043623,45.0,435.0,1.0,0.0,0.0,0.0,0.0
2025-01-22 20:20:00+00:00,2025-01-22,2025-01-22:1,True,0,30,True,0.12295081967213115,0.12295081967213115,-1.2001356162065093,True,0,0,2,True,-1.789056546705083,40.0,440.0,1.0,0.0,0.0,0.0,0.0
2025-01-22 20:25:00+00:00,2025-01-22,2025-01-22:1,True,0,35,True,0.14520547945205478,0.06622698452521651,0.7850618378369324,True,0,0,2,True,0.8777258179709014,35.0,445.0,1.0,0.0,0.0,0.0,0.0
2025-01-22 20:30:00+00:00,2025-01-22,2025-01-22:1,True,0,40,True,-0.14093959731543623,0.06465712964071908,-0.7792330310237896,True,0,0,2,True,-0.592885858160899,30.0,450.0,1.0,0.0,0.0,0.0,0.0
2025-01-22 20:35:00+00:00,2025-01-22,2025-01-22:1,True,0,45,True,0.2727272727272727,0.2727272727272727,-0.778232517409518,True,0,0,2,True,-0.8700904056142356,25.0,455.0,1.0,0.0,0.0,0.0,0.0
2025-01-22 20:40:00+00:00,2025-01-22,2025-01-22:1,True,3,5,True,0.05813953488372093,0.05813953488372093,-1.5344719066921504,True,0,0,2,True,-2.573387619694303,20.0,460.0,0.0,0.0,0.0,1.0,0.0
2025-01-22 20:45:00+00:00,2025-01-22,2025-01-22:1,True,4,5,True,-0.062111801242236024,0.062111801242236024,1.486866784121989,True,1,0,2,True,1.662367601391636,15.0,465.0,0.0,0.0,0.0,0.0,1.0
2025-01-22 20:50:00+00:00,2025-01-22,2025-01-22:1,True,0,5,True,0.04827586206896552,0.04827586206896552,0.0,True,1,0,2,True,-0.8254843708888658,10.0,470.0,1.0,0.0,0.0,0.0,0.0
2025-01-22 20:55:00+00:00,2025-01-22,2025-01-22:1,True,3,5,True,-0.13513513513513514,0.061256931692144766,-0.7911982652664766,True,0,1,3,True,0.0,5.0,475.0,0.0,0.0,0.0,1.0,0.0
2025-01-22 21:00:00+00:00,2025-01-22,2025-01-22:1,True,3,10,True,0.02127659574468085,0.02127659574468085,-0.41135879859936314,True,0,0,3,True,-0.5484936633486627,0.0,480.0,0.0,0.0,0.0,1.0,0.0
2025-01-23 13:00:00+00:00,2025-01-23,2025-01-23:1,False,-1,0,False,,,,False,0,0,0,False,,480.0,0.0,,,,,
2025-01-23 13:05:00+00:00,2025-01-23,2025-01-23:1,False,-1,0,True,0.06017191977077364,,,False,0,0,0,False,,475.0,5.0,,,,,
2025-01-23 13:10:00+00:00,2025-01-23,2025-01-23:1,False,-1,0,True,-0.168141592920354,,,False,0,0,0,False,,470.0,10.0,,,,,
2025-01-23 13:15:00+00:00,2025-01-23,2025-01-23:1,False,-1,0,True,0.057057057057057055,,,False,0,0,0,False,,465.0,15.0,,,,,
2025-01-23 13:20:00+00:00,2025-01-23,2025-01-23:1,False,-1,0,True,-0.06234413965087282,,,False,0,0,0,False,,460.0,20.0,,,,,
2025-01-23 13:25:00+00:00,2025-01-23,2025-01-23:1,False,-1,0,True,-0.006578947368421052,,,False,0,0,0,False,,455.0,25.0,,,,,
2025-01-23 13:30:00+00:00,2025-01-23,2025-01-23:1,False,-1,0,True,0.15902964959568733,,,False,0,0,0,False,,450.0,30.0,,,,,
2025-01-23 13:35:00+00:00,2025-01-23,2025-01-23:1,False,-1,0,True,0.3525641025641026,,,False,0,0,0,False,,445.0,35.0,,,,,
2025-01-23 13:40:00+00:00,2025-01-23,2025-01-23:1,False,-1,0,True,0.36182336182336183,,,False,0,0,0,False,,440.0,40.0,,,,,
2025-01-23 13:45:00+00:00,2025-01-23,2025-01-23:1,False,-1,0,True,0.14074074074074075,,,False,0,0,0,False,,435.0,45.0,,,,,
2025-01-23 13:50:00+00:00,2025-01-23,2025-01-23:1,False,-1,0,True,0.0,,,False,0,0,0,False,,430.0,50.0,,,,,
2025-01-23 13:55:00+00:00,2025-01-23,2025-01-23:1,False,-1,0,True,0.09933774834437085,,,False,0,0,0,False,,425.0,55.0,,,,,
2025-01-23 14:00:00+00:00,2025-01-23,2025-01-23:1,False,-1,0,True,-0.1696969696969697,,,False,0,0,0,False,,420.0,60.0,,,,,
2025-01-23 14:05:00+00:00,2025-01-23,2025-01-23:1,True,0,5,True,0.05952380952380952,0.022965351605778977,0.9523897644059933,True,0,0,0,False,,415.0,65.0,1.0,0.0,0.0,0.0,0.0
2025-01-23 14:10:00+00:00,2025-01-23,2025-01-23:1,True,0,10,True,0.03205128205128205,0.02748780428245097,0.15359475849894288,True,0,0,0,False,,410.0,70.0,1.0,0.0,0.0,0.0,0.0
2025-01-23 14:15:00+00:00,2025-01-23,2025-01-23:1,True,0,15,True,-0.06622516556291391,0.013369012059820586,-1.6001210390871825,True,0,0,0,False,,405.0,75.0,1.0,0.0,0.0,0.0,0.0
2025-01-23 14:20:00+00:00,2025-01-23,2025-01-23:1,True,3,5,True,0.21285140562248997,0.21285140562248997,-0.978949713435841,True,0,0,0,False,,400.0,80.0,0.0,0.0,0.0,1.0,0.0
2025-01-23 14:25:00+00:00,2025-01-23,2025-01-23:1,True,3,10,True,0.13015873015873017,0.13015873015873017,-1.8036822139186872,True,0,0,0,False,,395.0,85.0,0.0,0.0,0.0,1.0,0.0
2025-01-23 14:30:00+00:00,2025-01-23,2025-01-23:1,True,4,5,True,0.21232876712328766,0.05685150084179461,1.317693241879309,True,1,0,0,False,,390.0,90.0,0.0,0.0,0.0,0.0,1.0
2025-01-23 14:35:00+00:00,2025-01-23,2025-01-23:1,True,4,10,True,0.021806853582554516,0.021806853582554516,-0.1516639354554033,True,1,0,0,False,,385.0,95.0,0.0,0.0,0.0,0.0,1.0
2025-01-23 14:40:00+00:00,2025-01-23,2025-01-23:1,True,3,5,True,0.33519553072625696,0.33519553072625696,-1.769086208127598,True,0,1,1,False,,380.0,100.0,0.0,0.0,0.0,1.0,0.0
2025-01-23 14:45:00+00:00,2025-01-23,2025-01-23:1,True,4,5,True,0.13953488372093023,0.0691004853617598,0.7027528777190516,True,1,0,1,False,,375.0,105.0,0.0,0.0,0.0,0.0,1.0
2025-01-23 14:50:00+00:00,2025-01-23,2025-01-23:1,True,0,5,True,0.06289308176100629,0.054399322768596506,0.1450844650782269,True,1,0,1,False,,370.0,110.0,1.0,0.0,0.0,0.0,0.0
2025-01-23 14:55:00+00:00,2025-01-23,2025-01-23:1,True,0,10,True,-0.2145214521452145,0.2145214521452145,0.2889473412882794,True,1,0,1,False,,365.0,115.0,1.0,0.0,0.0,0.0,0.0
2025-01-23 15:00:00+00:00,2025-01-23,2025-01-23:1,True,0,15,True,-0.10510510510510511,0.04550562542066794,-0.8371248965573799,True,0,1,2,False,,360.0,120.0,1.0,0.0,0.0,0.0,0.0
2025-01-23 15:05:00+00:00,2025-01-23,2025-01-23:1,True,0,20,True,0.3283582089552239,0.2476052946942546,0.2822691883036486,True,0,0,2,True,-0.5864591501391697,355.0,125.0,1.0,0.0,0.0,0.0,0.0
2025-01-23 15:10:00+00:00,2025-01-23,2025-01-23:1,True,0,25,True,0.19601328903654486,0.14580298852138054,0.29592614137133316,True,0,0,2,True,0.04413469064746459,350.0,130.0,1.0,0.0,0.0,0.0,0.0
2025-01-23 15:15:00+00:00,2025-01-23,2025-01-23:1,True,0,30,True,0.046357615894039736,0.00963596820827052,1.5708828057415827,True,0,0,2,True,1.4050402953287118,345.0,135.0,1.0,0.0,0.0,0.0,0.0
2025-01-23 15:20:00+00:00,2025-01-23,2025-01-23:1,True,0,35,True,-0.03272727272727273,0.02342424058066333,-0.3344373502347408,True,0,0,2,True,-0.6874746997003653,340.0,140.0,1.0,0.0,0.0,0.0,0.0
2025-01-23 15:25:00+00:00,2025-01-23,2025-01-23:1,True,0,40,True,-0.003278688524590164,0.003278688524590164,0.3496022635730482,True,0,0,2,True,0.7817344264371343,335.0,145.0,1.0,0.0,0.0,0.0,0.0
2025-01-23 15:30:00+00:00,2025-01-23,2025-01-23:1,True,1,5,True,-0.13647642679900746,0.13647642679900746,1.164240647760131,True,0,0,2,True,1.7355474870383834,330.0,150.0,0.0,1.0,0.0,0.0,0.0
2025-01-23 15:35:00+00:00,2025-01-23,2025-01-23:1,True,2,5,True,0.15057915057915058,0.15057915057915058,-0.3884936390857413,True,0,0,2,True,-1.7373963716464427,325.0,155.0,0.0,0.0,1.0,0.0,0.0
2025-01-23 15:40:00+00:00,2025-01-23,2025-01-23:1,True,2,10,True,-0.006756756756756757,0.006756756756756757,0.0,True,0,0,2,True,0.9569091474104828,320.0,160.0,0.0,0.0,1.0,0.0,0.0
2025-01-23 15:45:00+00:00,2025-01-23,2025-01-23:1,True,0,5,True,-0.30103806228373703,0.30103806228373703,0.8978897281900645,True,0,0,2,True,0.27371008459893403,315.0,165.0,1.0,0.0,0.0,0.0,0.0
2025-01-23 15:50:00+00:00,2025-01-23,2025-01-23:1,True,0,10,True,0.1048951048951049,0.1048951048951049,-0.8970920150950747,True,0,0,2,True,-2.0059587278248547,310.0,170.0,1.0,0.0,0.0,0.0,0.0
2025-01-23 15:55:00+00:00,2025-01-23,2025-01-23:1,True,1,5,True,0.1347517730496454,0.02352728287112411,1.7452736467892478,True,0,0,2,True,0.8525609750700933,305.0,175.0,0.0,1.0,0.0,0.0,0.0
2025-01-23 16:00:00+00:00,2025-01-23,2025-01-23:1,True,0,5,True,0.05791505791505792,0.05791505791505792,0.0,True,0,0,2,True,1.074522603684858,300.0,180.0,1.0,0.0,0.0,0.0,0.0
2025-01-23 16:05:00+00:00,2025-01-23,2025-01-23:1,True,2,5,True,-0.2821917808219178,0.2821917808219178,0.0,True,0,0,2,True,-1.0633104870902212,295.0,185.0,0.0,0.0,1.0,0.0,0.0
2025-01-23 16:10:00+00:00,2025-01-23,2025-01-23:1,True,1,5,True,-0.0728862973760933,0.0728862973760933,1.4122203075948567,True,0,0,2,True,0.0,290.0,190.0,0.0,1.0,0.0,0.0,0.0
2025-01-23 16:15:00+00:00,2025-01-23,2025-01-23:1,True,0,5,True,0.11805555555555555,0.11805555555555555,-0.949689858861281,True,0,0,2,True,-1.0617855409780026,285.0,195.0,1.0,0.0,0.0,0.0,0.0
2025-01-23 16:20:00+00:00,2025-01-23,2025-01-23:1,True,1,5,True,0.27793696275071633,0.10346030563411103,0.9882063165838151,True,0,0,2,True,-0.8694334286075714,280.0,200.0,0.0,1.0,0.0,0.0,0.0
2025-01-23 16:25:00+00:00,2025-01-23,2025-01-23:1,True,1,10,True,0.2388888888888889,0.14472667720245877,0.5011515649951288,True,0,0,2,True,-0.7787036898443713,275.0,205.0,0.0,1.0,0.0,0.0,0.0
2025-01-23 16:30:00+00:00,2025-01-23,2025-01-23:1,True,0,5,True,-0.2772585669781931,0.16675620288929885,-0.5084176427439588,True,0,0,2,True,-1.1368564101356948,270.0,210.0,1.0,0.0,0.0,0.0,0.0
2025-01-23 16:35:00+00:00,2025-01-23,2025-01-23:1,True,0,10,True,-0.19420289855072465,0.06961913895269838,-1.025863966850239,True,0,0,2,True,0.0,265.0,215.0,1.0,0.0,0.0,0.0,0.0
2025-01-23 16:40:00+00:00,2025-01-23,2025-01-23:1,True,0,15,True,0.13333333333333333,0.13333333333333333,0.0,True,0,0,2,True,0.6717631613644117,260.0,220.0,1.0,0.0,0.0,0.0,0.0
2025-01-23 16:45:00+00:00,2025-01-23,2025-01-23:1,True,0,20,True,-0.04559270516717325,0.0151425619998976,-1.102238275024965,True,0,0,2,True,-0.5649570773493207,255.0,225.0,1.0,0.0,0.0,0.0,0.0
2025-01-23 16:50:00+00:00,2025-01-23,2025-01-23:1,True,4,5,True,-0.09215017064846416,0.09215017064846416,0.0,True,0,0,2,True,-0.5932296158489269,250.0,230.0,0.0,0.0,0.0,0.0,1.0
2025-01-23 16:55:00+00:00,2025-01-23,2025-01-23:1,True,3,5,True,-0.2750809061488673,0.05904319580393976,-1.5387959502769135,True,0,0,2,True,-0.591780333151195,245.0,235.0,0.0,0.0,0.0,1.0,0.0
2025-01-23 17:00:00+00:00,2025-01-23,2025-01-23:1,True,4,5,True,0.1037037037037037,0.04993570503395237,0.7308015515297495,True,1,0,2,True,0.0,240.0,240.0,0.0,0.0,0.0,0.0,1.0
2025-01-23 17:05:00+00:00,2025-01-23,2025-01-23:1,True,3,5,True,0.05555555555555555,0.05555555555555555,-2.392292206197593,True,0,1,3,True,0.0,235.0,245.0,0.0,0.0,0.0,1.0,0.0
2025-01-23 17:10:00+00:00,2025-01-23,2025-01-23:1,True,4,5,True,-0.10457516339869281,0.10457516339869281,0.7243642435344724,True,1,0,3,True,2.0549820399554006,230.0,250.0,0.0,0.0,0.0,0.0,1.0
2025-01-23 17:15:00+00:00,2025-01-23,2025-01-23:1,True,3,5,True,-0.20382165605095542,0.04613179888116963,-1.4857428837175866,True,0,1,4,True,-0.474603155012262,225.0,255.0,0.0,0.0,0.0,1.0,0.0
2025-01-23 17:20:00+00:00,2025-01-23,2025-01-23:1,True,4,5,True,-0.3018867924528302,0.3018867924528302,0.626023978199877,True,1,0,4,True,-1.399832170797119,220.0,260.0,0.0,0.0,0.0,0.0,1.0
2025-01-23 17:25:00+00:00,2025-01-23,2025-01-23:1,True,0,5,True,0.03592814371257485,0.01973646306734534,0.599053093761713,True,1,0,4,True,-0.12077822352928325,215.0,265.0,1.0,0.0,0.0,0.0,0.0
2025-01-23 17:30:00+00:00,2025-01-23,2025-01-23:1,True,0,10,True,0.102803738317757,0.03266997742317633,1.1463651827626007,True,1,0,4,True,0.0,210.0,270.0,1.0,0.0,0.0,0.0,0.0
2025-01-23 17:35:00+00:00,2025-01-23,2025-01-23:1,True,0,15,True,-0.3054662379421222,0.3054662379421222,0.0,True,1,0,4,True,-0.43010654354085365,205.0,275.0,1.0,0.0,0.0,0.0,0.0
2025-01-23 17:40:00+00:00,2025-01-23,2025-01-23:1,True,0,20,True,0.1349206349206349,0.1349206349206349,-1.9980020562076761,True,0,1,5,True,0.7446114028100812,200.0,280.0,1.0,0.0,0.0,0.0,0.0
2025-01-23 17:45:00+00:00,2025-01-23,2025-01-23:1,True,0,25,True,-0.20797720797720798,0.20797720797720798,1.0054786260596509,True,0,0,5,True,1.8230754487459058,195.0,285.0,1.0,0.0,0.0,0.0,0.0
2025-01-23 17:50:00+00:00,2025-01-23,2025-01-23:1,True,1,5,True,0.022857142857142857,0.0012672263433236828,2.892433135708865,True,0,0,5,True,2.1558923706059656,190.0,290.0,0.0,1.0,0.0,0.0,0.0
2025-01-23 17:55:00+00:00,2025-01-23,2025-01-23:1,True,1,10,True,0.07407407407407407,0.054278244621993585,0.31094209840879455,True,0,0,5,True,1.2888750166029934,185.0,295.0,0.0,1.0,0.0,0.0,0.0
2025-01-23 18:00:00+00:00,2025-01-23,2025-01-23:1,True,1,15,True,0.013054830287206266,0.00825574451247791,0.45824893965375957,True,0,0,5,True,0.07542218066381846,180.0,300.0,0.0,1.0,0.0,0.0,0.0
2025-01-23 18:05:00+00:00,2025-01-23,2025-01-23:1,True,1,20,True,0.33727810650887574,0.08497350348519149,1.3785683477028596,True,0,0,5,True,1.0683003932467248,175.0,305.0,0.0,1.0,0.0,0.0,0.0
2025-01-23 18:10:00+00:00,2025-01-23,2025-01-23:1,True,1,25,True,0.16666666666666666,0.027480678095943775,1.8025126667238938,True,0,0,5,True,0.7443807581056625,170.0,310.0,0.0,1.0,0.0,0.0,0.0
2025-01-23 18:15:00+00:00,2025-01-23,2025-01-23:1,True,1,30,True,0.0036363636363636364,0.001988942440157254,0.6033811209488219,True,0,0,5,True,-0.26770905917970833,165.0,315.0,0.0,1.0,0.0,0.0,0.0
2025-01-23 18:20:00+00:00,2025-01-23,2025-01-23:1,True,1,35,True,0.025477707006369428,0.010638177293496065,0.8733546725171913,True,0,0,5,True,0.2217189420650371,160.0,320.0,0.0,1.0,0.0,0.0,0.0
2025-01-23 18:25:00+00:00,2025-01-23,2025-01-23:1,True,2,5,True,0.06832298136645963,0.06832298136645963,-0.29574329595156645,True,0,0,5,True,0.6613021136356615,155.0,325.0,0.0,0.0,1.0,0.0,0.0
2025-01-23 18:30:00+00:00,2025-01-23,2025-01-23:1,True,1,5,True,0.16666666666666666,0.03044908166217682,1.6999399749305726,True,0,0,5,True,-0.6335302236035419,150.0,330.0,0.0,1.0,0.0,0.0,0.0
2025-01-23 18:35:00+00:00,2025-01-23,2025-01-23:1,True,2,5,True,-0.12751677852348994,0.025915365084951462,-1.5934119128755575,True,0,0,5,True,-0.9726755652489973,145.0,335.0,0.0,0.0,1.0,0.0,0.0
2025-01-23 18:40:00+00:00,2025-01-23,2025-01-23:1,True,0,5,True,0.026490066225165563,0.01459817222029979,0.5958734728002089,True,0,0,5,True,0.5185576050416134,140.0,340.0,1.0,0.0,0.0,0.0,0.0
2025-01-23 18:45:00+00:00,2025-01-23,2025-01-23:1,True,0,10,True,0.02097902097902098,0.02097902097902098,-1.5824370022886467,True,0,0,5,True,-0.6433521285881463,135.0,345.0,1.0,0.0,0.0,0.0,0.0
2025-01-23 18:50:00+00:00,2025-01-23,2025-01-23:1,True,0,15,True,0.10749185667752444,0.10749185667752444,0.0,True,0,0,5,True,-0.687540034044784,130.0,350.0,1.0,0.0,0.0,0.0,0.0
2025-01-23 18:55:00+00:00,2025-01-23,2025-01-23:1,True,0,20,True,0.043227665706051875,0.043227665706051875,-0.6188492607395976,True,0,0,5,True,-0.20849733647927934,125.0,355.0,1.0,0.0,0.0,0.0,0.0
2025-01-23 19:00:00+00:00,2025-01-23,2025-01-23:1,True,3,5,True,0.4012345679012346,0.4012345679012346,-1.5619797800377953,True,0,0,5,True,-0.6985385935281417,120.0,360.0,0.0,0.0,0.0,1.0,0.0
2025-01-23 19:05:00+00:00,2025-01-23,2025-01-23:1,True,3,10,True,-0.03927492447129909,0.02123113876527713,-0.6151173473515942,True,0,0,5,True,-0.9169007894408681,115.0,365.0,0.0,0.0,0.0,1.0,0.0
2025-01-23 19:10:00+00:00,2025-01-23,2025-01-23:1,True,3,15,True,-0.01090909090909091,0.005861722247552085,-0.6211530106749025,True,0,0,5,True,-0.3472350890739402,110.0,370.0,0.0,0.0,0.0,1.0,0.0
2025-01-23 19:15:00+00:00,2025-01-23,2025-01-23:1,True,3,20,True,0.23943661971830985,0.23943661971830985,-1.0026193264170442,True,0,0,5,True,-3.454364090842688,105.0,375.0,0.0,0.0,0.0,1.0,0.0
2025-01-23 19:20:00+00:00,2025-01-23,2025-01-23:1,True,3,25,True,0.031578947368421054,0.031578947368421054,-0.996662265611458,True,0,0,5,True,-0.31859295028167056,100.0,380.0,0.0,0.0,0.0,1.0,0.0
2025-01-23 19:25:00+00:00,2025-01-23,2025-01-23:1,True,4,5,True,0.13494809688581316,0.09704535888114667,0.32971175046347195,True,1,0,5,True,0.0,95.0,385.0,0.0,0.0,0.0,0.0,1.0
2025-01-23 19:30:00+00:00,2025-01-23,2025-01-23:1,True,4,10,True,-0.136986301369863,0.136986301369863,0.0,True,1,0,5,True,1.2071783845571373,90.0,390.0,0.0,0.0,0.0,0.0,1.0
2025-01-23 19:35:00+00:00,2025-01-23,2025-01-23:1,True,3,5,True,0.14772727272727273,0.14772727272727273,-0.35961225446331674,True,1,0,5,True,0.5319064774710447,85.0,395.0,0.0,0.0,0.0,1.0,0.0
2025-01-23 19:40:00+00:00,2025-01-23,2025-01-23:1,True,4,5,True,-0.006060606060606061,0.006060606060606061,0.0,True,1,0,5,True,-0.40956161033573285,80.0,400.0,0.0,0.0,0.0,0.0,1.0
2025-01-23 19:45:00+00:00,2025-01-23,2025-01-23:1,True,0,5,True,-0.3218390804597701,0.3218390804597701,1.061597730675691,True,0,0,5,True,0.7912682301838279,75.0,405.0,1.0,0.0,0.0,0.0,0.0
2025-01-23 19:50:00+00:00,2025-01-23,2025-01-23:1,True,0,10,True,0.00398406374501992,0.0016557344818427966,0.8780576337940957,True,0,0,5,True,-3.272327595543381,70.0,410.0,1.0,0.0,0.0,0.0,0.0
2025-01-23 19:55:00+00:00,2025-01-23,2025-01-23:1,True,0,15,True,-0.2737430167597765,0.2737430167597765,0.0,True,0,0,5,True,0.22244274664901123,65.0,415.0,1.0,0.0,0.0,0.0,0.0
2025-01-23 20:00:00+00:00,2025-01-23,2025-01-23:1,True,1,5,True,0.18272425249169436,0.04631751238802339,1.3724580725649282,True,0,0,5,True,0.6663663841224422,60.0,420.0,0.0,1.0,0.0,0.0,0.0
2025-01-23 20:05:00+00:00,2025-01-23,2025-01-23:1,True,1,10,True,-0.17725752508361203,0.17725752508361203,0.4466973212007752,True,0,0,5,True,-0.6451350311606195,55.0,425.0,0.0,1.0,0.0,0.0,0.0
2025-01-23 20:10:00+00:00,2025-01-23,2025-01-23:1,True,2,5,True,0.1167192429022082,0.1167192429022082,-0.7499007082804657,True,0,0,5,True,-2.395469942986327,50.0,430.0,0.0,0.0,1.0,0.0,0.0
2025-01-23 20:15:00+00:00,2025-01-23,2025-01-23:1,True,0,5,True,0.21159420289855072,0.21159420289855072,0.0,True,0,0,5,True,0.34481288231828977,45.0,435.0,1.0,0.0,0.0,0.0,0.0
2025-01-23 20:20:00+00:00,2025-01-23,2025-01-23:1,True,0,10,True,-0.005917159763313609,0.0009835112017634595,-1.7944828155835484,True,0,0,5,True,-0.8447548547583441,40.0,440.0,1.0,0.0,0.0,0.0,0.0
2025-01-23 20:25:00+00:00,2025-01-23,2025-01-23:1,True,0,15,True,0.19488817891373802,0.19488817891373802,-0.18514272752362232,True,0,0,5,True,-0.41399172428254083,35.0,445.0,1.0,0.0,0.0,0.0,0.0
2025-01-23 20:30:00+00:00,2025-01-23,2025-01-23:1,True,4,5,True,-0.3116531165311653,0.3116531165311653,0.36923225045797886,True,1,0,5,True,0.4128142057546343,30.0,450.0,0.0,0.0,0.0,0.0,1.0
2025-01-23 20:35:00+00:00,2025-01-23,2025-01-23:1,True,4,10,True,0.050724637681159424,0.050724637681159424,-0.09267405656826494,True,1,0,5,True,-0.3093360849426159,25.0,455.0,0.0,0.0,0.0,0.0,1.0
2025-01-23 20:40:00+00:00,2025-01-23,2025-01-23:1,True,0,5,True,0.04985337243401759,0.03789194097495019,0.2743476954607444,True,1,0,5,True,0.6134600965206349,20.0,460.0,1.0,0.0,0.0,0.0,0.0
2025-01-23 20:45:00+00:00,2025-01-23,2025-01-23:1,True,0,10,True,-0.043478260869565216,0.043478260869565216,0.0,True,1,0,5,True,0.0,15.0,465.0,1.0,0.0,0.0,0.0,0.0
2025-01-23 20:50:00+00:00,2025-01-23,2025-01-23:1,True,0,15,True,-0.059233449477351915,0.02748462461987025,-0.7678596636955307,True,0,1,6,True,0.7471355256469708,10.0,470.0,1.0,0.0,0.0,0.0,0.0
2025-01-23 20:55:00+00:00,2025-01-23,2025-01-23:1,True,3,5,True,0.20376175548589343,0.20376175548589343,-1.8381264604537084,True,0,0,6,True,-2.511276295133453,5.0,475.0,0.0,0.0,0.0,1.0,0.0
2025-01-23 21:00:00+00:00,2025-01-23,2025-01-23:1,True,3,10,True,-0.23717948717948717,0.1356909420252839,-0.558437369761789,True,0,0,6,True,0.6966995081268795,0.0,480.0,0.0,0.0,0.0,1.0,0.0
2025-01-24 13:00:00+00:00,2025-01-24,2025-01-24:1,False,-1,0,False,,,,False,0,0,0,False,,480.0,0.0,,,,,
2025-01-24 13:05:00+00:00,2025-01-24,2025-01-24:1,False,-1,0,True,0.18208955223880596,,,False,0,0,0,False,,475.0,5.0,,,,,
2025-01-24 13:10:00+00:00,2025-01-24,2025-01-24:1,False,-1,0,True,0.10030395136778116,,,False,0,0,0,False,,470.0,10.0,,,,,
2025-01-24 13:15:00+00:00,2025-01-24,2025-01-24:1,False,-1,0,True,0.14285714285714285,,,False,0,0,0,False,,465.0,15.0,,,,,
2025-01-24 13:20:00+00:00,2025-01-24,2025-01-24:1,False,-1,0,True,0.17073170731707318,,,False,0,0,0,False,,460.0,20.0,,,,,
2025-01-24 13:25:00+00:00,2025-01-24,2025-01-24:1,False,-1,0,True,0.0738255033557047,,,False,0,0,0,False,,455.0,25.0,,,,,
2025-01-24 13:30:00+00:00,2025-01-24,2025-01-24:1,False,-1,0,True,-0.25,,,False,0,0,0,False,,450.0,30.0,,,,,
2025-01-24 13:35:00+00:00,2025-01-24,2025-01-24:1,False,-1,0,True,0.003745318352059925,,,False,0,0,0,False,,445.0,35.0,,,,,
2025-01-24 13:40:00+00:00,2025-01-24,2025-01-24:1,False,-1,0,True,0.06031746031746032,,,False,0,0,0,False,,440.0,40.0,,,,,
2025-01-24 13:45:00+00:00,2025-01-24,2025-01-24:1,False,-1,0,True,-0.1509433962264151,,,False,0,0,0,False,,435.0,45.0,,,,,
2025-01-24 13:50:00+00:00,2025-01-24,2025-01-24:1,False,-1,0,True,0.22818791946308725,,,False,0,0,0,False,,430.0,50.0,,,,,
2025-01-24 13:55:00+00:00,2025-01-24,2025-01-24:1,False,-1,0,True,-0.09248554913294797,,,False,0,0,0,False,,425.0,55.0,,,,,
2025-01-24 14:00:00+00:00,2025-01-24,2025-01-24:1,False,-1,0,True,-0.0076726342710997444,,,False,0,0,0,False,,420.0,60.0,,,,,
2025-01-24 14:05:00+00:00,2025-01-24,2025-01-24:1,True,0,5,True,-0.017543859649122806,0.011208122744077379,-0.4480652507027034,True,0,0,0,False,,415.0,65.0,1.0,0.0,0.0,0.0,0.0
2025-01-24 14:10:00+00:00,2025-01-24,2025-01-24:1,True,0,10,True,0.35911602209944754,0.35911602209944754,-0.15196044392076183,True,0,0,0,False,,410.0,70.0,1.0,0.0,0.0,0.0,0.0
2025-01-24 14:15:00+00:00,2025-01-24,2025-01-24:1,True,0,15,True,0.3259668508287293,0.09760269863041415,1.205890548683451,True,0,0,0,False,,405.0,75.0,1.0,0.0,0.0,0.0,0.0
2025-01-24 14:20:00+00:00,2025-01-24,2025-01-24:1,True,0,20,True,-0.36070381231671556,0.19450732086939548,-0.6175873552895431,True,0,0,0,False,,400.0,80.0,1.0,0.0,0.0,0.0,0.0
2025-01-24 14:25:00+00:00,2025-01-24,2025-01-24:1,True,0,25,True,-0.07142857142857142,0.07142857142857142,0.3113196393809815,True,0,0,0,False,,395.0,85.0,1.0,0.0,0.0,0.0,0.0
2025-01-24 14:30:00+00:00,2025-01-24,2025-01-24:1,True,0,30,True,0.014577259475218658,0.014577259475218658,-1.2330177781478238,True,0,0,0,False,,390.0,90.0,1.0,0.0,0.0,0.0,0.0
2025-01-24 14:35:00+00:00,2025-01-24,2025-01-24:1,True,0,35,True,0.3353658536585366,0.09067860287171747,1.30790061810712,True,0,0,0,False,,385.0,95.0,1.0,0.0,0.0,0.0,0.0
2025-01-24 14:40:00+00:00,2025-01-24,2025-01-24:1,True,0,40,True,-0.11174785100286533,0.11174785100286533,0.9145409313848388,True,0,0,0,False,,380.0,100.0,1.0,0.0,0.0,0.0,0.0
2025-01-24 14:45:00+00:00,2025-01-24,2025-01-24:1,True,0,45,True,0.0392156862745098,0.0392156862745098,-0.8983693787123737,True,0,0,0,False,,375.0,105.0,1.0,0.0,0.0,0.0,0.0
2025-01-24 14:50:00+00:00,2025-01-24,2025-01-24:1,True,0,50,True,-0.10067114093959731,0.10067114093959731,0.4345691660664213,True,0,0,0,False,,370.0,110.0,1.0,0.0,0.0,0.0,0.0
2025-01-24 14:55:00+00:00,2025-01-24,2025-01-24:1,True,0,55,True,-0.01098901098901099,0.01098901098901099,0.0,True,0,0,0,False,,365.0,115.0,1.0,0.0,0.0,0.0,0.0
2025-01-24 15:00:00+00:00,2025-01-24,2025-01-24:1,True,0,60,True,0.09770114942528736,0.09770114942528736,-0.44169567295978746,True,0,0,0,False,,360.0,120.0,1.0,0.0,0.0,0.0,0.0
2025-01-24 15:05:00+00:00,2025-01-24,2025-01-24:1,True,0,65,True,-0.2910662824207493,0.18895247595365228,-0.43205548241641767,True,0,0,0,True,-0.9661054287345751,355.0,125.0,1.0,0.0,0.0,0.0,0.0
2025-01-24 15:10:00+00:00,2025-01-24,2025-01-24:1,True,0,70,True,-0.12538226299694188,0.08264829610816045,-0.4167729664859004,True,0,0,0,True,0.159472535067384,350.0,130.0,1.0,0.0,0.0,0.0,0.0
2025-01-24 15:15:00+00:00,2025-01-24,2025-01-24:1,True,0,75,True,-0.08737864077669903,0.08737864077669903,1.2591540899132472,True,0,0,0,True,0.0,345.0,135.0,1.0,0.0,0.0,0.0,0.0
2025-01-24 15:20:00+00:00,2025-01-24,2025-01-24:1,True,0,80,True,-0.072992700729927,0.072992700729927,0.840272776880818,True,0,0,0,True,0.0,340.0,140.0,1.0,0.0,0.0,0.0,0.0
2025-01-24 15:25:00+00:00,2025-01-24,2025-01-24:1,True,0,85,True,-0.06397306397306397,0.06397306397306397,0.8347756547119011,True,0,0,0,True,1.0539623122015647,335.0,145.0,1.0,0.0,0.0,0.0,0.0
2025-01-24 15:30:00+00:00,2025-01-24,2025-01-24:1,True,1,5,True,-0.287292817679558,0.287292817679558,12.942483781540583,True,0,0,0,True,28.940273533213283,330.0,150.0,0.0,1.0,0.0,0.0,0.0
2025-01-24 15:35:00+00:00,2025-01-24,2025-01-24:1,True,2,5,True,0.1,0.1,-0.11175309762501275,True,0,0,0,True,0.3960516934492269,325.0,155.0,0.0,0.0,1.0,0.0,0.0
2025-01-24 15:40:00+00:00,2025-01-24,2025-01-24:1,True,2,10,True,0.032467532467532464,0.032467532467532464,-0.3349050271316954,True,0,0,0,True,0.0,320.0,160.0,0.0,0.0,1.0,0.0,0.0
2025-01-24 15:45:00+00:00,2025-01-24,2025-01-24:1,True,2,15,True,-0.24305555555555555,0.13925270274385176,-0.55699975298494,True,0,0,0,True,-0.2490978622247003,315.0,165.0,0.0,0.0,1.0,0.0,0.0
2025-01-24 15:50:00+00:00,2025-01-24,2025-01-24:1,True,2,20,True,0.16748768472906403,0.1584022922956894,0.05577187371720195,True,0,0,0,True,0.6235485043216962,310.0,170.0,0.0,0.0,1.0,0.0,0.0
2025-01-24 15:55:00+00:00,2025-01-24,2025-01-24:1,True,2,25,True,0.13261648745519714,0.13261648745519714,-0.38886854685200495,True,0,0,0,True,-0.3482119696633248,305.0,175.0,0.0,0.0,1.0,0.0,0.0
2025-01-24 16:00:00+00:00,2025-01-24,2025-01-24:1,True,0,5,True,-0.058823529411764705,0.05264402173518167,-0.11098925008291473,True,0,0,0,True,-0.14750553378872108,300.0,180.0,1.0,0.0,0.0,0.0,0.0
2025-01-24 16:05:00+00:00,2025-01-24,2025-01-24:1,True,0,10,True,0.3422818791946309,0.3422818791946309,0.0,True,0,0,0,True,0.49611737787910903,295.0,185.0,1.0,0.0,0.0,0.0,0.0
2025-01-24 16:10:00+00:00,2025-01-24,2025-01-24:1,True,0,15,True,-0.061488673139158574,0.044103574619991225,-0.33231214494032635,True,0,0,0,True,-0.03701197097630601,290.0,190.0,1.0,0.0,0.0,0.0,0.0
2025-01-24 16:15:00+00:00,2025-01-24,2025-01-24:1,True,0,20,True,-0.16149068322981366,0.16149068322981366,0.1105172227115105,True,0,0,0,True,0.24712402266742112,285.0,195.0,1.0,0.0,0.0,0.0,0.0
2025-01-24 16:20:00+00:00,2025-01-24,2025-01-24:1,True,0,25,True,0.013774104683195593,0.009901905191733819,0.33006317491626186,True,0,0,0,True,0.0,280.0,200.0,1.0,0.0,0.0,0.0,0.0
2025-01-24 16:25:00+00:00,2025-01-24,2025-01-24:1,True,0,30,True,-0.16296296296296298,0.15436965079377155,-0.05417289784873762,True,0,0,0,True,0.43234300908203377,275.0,205.0,1.0,0.0,0.0,0.0,0.0
2025-01-24 16:30:00+00:00,2025-01-24,2025-01-24:1,True,0,35,True,0.27380952380952384,0.27380952380952384,-0.21427167308621958,True,0,0,0,True,-0.387817415131393,270.0,210.0,1.0,0.0,0.0,0.0,0.0
2025-01-24 16:35:00+00:00,2025-01-24,2025-01-24:1,True,3,5,True,0.12457912457912458,0.12457912457912458,-1.7659718318722828,True,0,0,0,True,-1.3162776874727082,265.0,215.0,0.0,0.0,0.0,1.0,0.0
2025-01-24 16:40:00+00:00,2025-01-24,2025-01-24:1,True,0,5,True,0.014084507042253521,0.014084507042253521,0.0,True,0,0,0,True,-0.2100240977963861,260.0,220.0,1.0,0.0,0.0,0.0,0.0
2025-01-24 16:45:00+00:00,2025-01-24,2025-01-24:1,True,0,10,True,-0.1974921630094044,0.1974921630094044,0.4324277727122196,True,0,0,0,True,0.0,255.0,225.0,1.0,0.0,0.0,0.0,0.0
2025-01-24 16:50:00+00:00,2025-01-24,2025-01-24:1,True,0,15,True,0.28611898016997167,0.18666302436573198,0.4271027563458182,True,0,0,0,True,0.41769045367325475,250.0,230.0,1.0,0.0,0.0,0.0,0.0
2025-01-24 16:55:00+00:00,2025-01-24,2025-01-24:1,True,3,5,True,-0.3333333333333333,0.06133564094758176,-1.692781897935567,True,0,0,0,True,-1.8925876974325198,245.0,235.0,0.0,0.0,0.0,1.0,0.0
2025-01-24 17:00:00+00:00,2025-01-24,2025-01-24:1,True,3,10,True,0.013157894736842105,0.013157894736842105,-0.8412988367686551,True,0,0,0,True,-1.4983847890628972,240.0,240.0,0.0,0.0,0.0,1.0,0.0
2025-01-24 17:05:00+00:00,2025-01-24,2025-01-24:1,True,3,15,True,-0.1044776119402985,0.04592792403549101,-0.8218995097737416,True,0,0,0,True,-0.2251039100304463,235.0,245.0,0.0,0.0,0.0,1.0,0.0
2025-01-24 17:10:00+00:00,2025-01-24,2025-01-24:1,True,4,5,True,-0.0893371757925072,0.0893371757925072,0.27794336911599576,True,0,0,0,True,0.8493675604859731,230.0,250.0,0.0,0.0,0.0,0.0,1.0
2025-01-24 17:15:00+00:00,2025-01-24,2025-01-24:1,True,3,5,True,-0.06206896551724138,0.03556803398826038,-0.5567988010910293,True,0,0,0,True,0.4131446679081061,225.0,255.0,0.0,0.0,0.0,1.0,0.0
2025-01-24 17:20:00+00:00,2025-01-24,2025-01-24:1,True,4,5,True,-0.14469453376205788,0.14469453376205788,0.8551853593196728,True,0,0,0,True,0.20770141369483155,220.0,260.0,0.0,0.0,0.0,0.0,1.0
2025-01-24 17:25:00+00:00,2025-01-24,2025-01-24:1,True,0,5,True,-0.38801261829652994,0.38801261829652994,0.15328859941208484,True,0,0,0,True,0.0,215.0,265.0,1.0,0.0,0.0,0.0,0.0
2025-01-24 17:30:00+00:00,2025-01-24,2025-01-24:1,True,0,10,True,-0.006172839506172839,0.006172839506172839,0.6914884394347591,True,0,0,0,True,0.0,210.0,270.0,1.0,0.0,0.0,0.0,0.0
2025-01-24 17:35:00+00:00,2025-01-24,2025-01-24:1,True,0,15,True,0.10367892976588629,0.10367892976588629,-1.425489169746464,True,0,0,0,True,0.0,205.0,275.0,1.0,0.0,0.0,0.0,0.0
2025-01-24 17:40:00+00:00,2025-01-24,2025-01-24:1,True,3,5,True,0.21303258145363407,0.21303258145363407,-1.7417086424671024,True,0,0,0,True,0.0,200.0,280.0,0.0,0.0,0.0,1.0,0.0
2025-01-24 17:45:00+00:00,2025-01-24,2025-01-24:1,True,3,10,True,-0.02821316614420063,0.004637462187847011,-1.8056214791971859,True,0,0,0,True,-0.8074984738251031,195.0,285.0,0.0,0.0,0.0,1.0,0.0
2025-01-24 17:50:00+00:00,2025-01-24,2025-01-24:1,True,3,15,True,0.18181818181818182,0.18181818181818182,-0.524709193073957,True,0,0,0,True,-0.7821902827549532,190.0,290.0,0.0,0.0,0.0,1.0,0.0
2025-01-24 17:55:00+00:00,2025-01-24,2025-01-24:1,True,4,5,True,-0.16393442622950818,0.16393442622950818,1.5558489887270683,True,1,0,0,True,0.7731075781146292,185.0,295.0,0.0,0.0,0.0,0.0,1.0
2025-01-24 18:00:00+00:00,2025-01-24,2025-01-24:1,True,4,10,True,0.2692307692307692,0.09308173187664666,1.062090945430879,True,1,0,0,True,0.983762305197528,180.0,300.0,0.0,0.0,0.0,0.0,1.0
2025-01-24 18:05:00+00:00,2025-01-24,2025-01-24:1,True,3,5,True,-0.04297994269340974,0.005570167233956586,-2.0433084803437835,True,0,1,1,True,-0.7614961101765252,175.0,305.0,0.0,0.0,0.0,1.0,0.0
2025-01-24 18:10:00+00:00,2025-01-24,2025-01-24:1,True,3,10,True,-0.17567567567567569,0.03198994219786547,-1.7032179961610645,True,0,0,1,True,0.30735459162837875,170.0,310.0,0.0,0.0,0.0,1.0,0.0
2025-01-24 18:15:00+00:00,2025-01-24,2025-01-24:1,True,3,15,True,-0.012145748987854251,0.002905718276274952,-1.430298616108817,True,0,0,1,True,-0.2907495394310489,165.0,315.0,0.0,0.0,0.0,1.0,0.0
2025-01-24 18:20:00+00:00,2025-01-24,2025-01-24:1,True,3,20,True,-0.13690476190476192,0.1054411854818893,-0.26113220162764483,True,0,0,1,True,-1.1833472907924116,160.0,320.0,0.0,0.0,0.0,1.0,0.0
2025-01-24 18:25:00+00:00,2025-01-24,2025-01-24:1,True,3,25,True,-0.10097719869706841,0.045404304061999246,-0.7992878321985797,True,0,0,1,True,-0.5957539754609253,155.0,325.0,0.0,0.0,0.0,1.0,0.0
2025-01-24 18:30:00+00:00,2025-01-24,2025-01-24:1,True,4,5,True,-0.10963455149501661,0.10963455149501661,0.7895710010617908,True,1,0,1,True,0.5885114771466894,150.0,330.0,0.0,0.0,0.0,0.0,1.0
2025-01-24 18:35:00+00:00,2025-01-24,2025-01-24:1,True,4,10,True,-0.03680981595092025,0.03680981595092025,0.0,True,1,0,1,True,0.5372475924188425,145.0,335.0,0.0,0.0,0.0,0.0,1.0
2025-01-24 18:40:00+00:00,2025-01-24,2025-01-24:1,True,0,5,True,0.00558659217877095,0.0042901094762766235,0.2640572215814594,True,1,0,1,True,0.0,140.0,340.0,1.0,0.0,0.0,0.0,0.0
2025-01-24 18:45:00+00:00,2025-01-24,2025-01-24:1,True,0,10,True,0.11464968152866242,0.11464968152866242,-0.7933053216343268,True,0,1,2,True,0.5683589087871372,135.0,345.0,1.0,0.0,0.0,0.0,0.0
2025-01-24 18:50:00+00:00,2025-01-24,2025-01-24:1,True,0,15,True,-0.03550295857988166,0.03550295857988166,0.6731720457581611,True,0,0,2,True,1.5451306050624414,130.0,350.0,1.0,0.0,0.0,0.0,0.0
2025-01-24 18:55:00+00:00,2025-01-24,2025-01-24:1,True,0,20,True,0.2550335570469799,0.1730127611892554,0.38802977688598006,True,0,0,2,True,-1.156881277883148,125.0,355.0,1.0,0.0,0.0,0.0,0.0
2025-01-24 19:00:00+00:00,2025-01-24,2025-01-24:1,True,0,25,True,0.05993690851735016,0.05993690851735016,-0.2569438493874357,True,0,0,2,True,1.2005492924022934,120.0,360.0,1.0,0.0,0.0,0.0,0.0
2025-01-24 19:05:00+00:00,2025-01-24,2025-01-24:1,True,0,30,True,-0.006329113924050633,0.006329113924050633,0.26555211971799564,True,0,0,2,True,-1.1891360882516822,115.0,365.0,1.0,0.0,0.0,0.0,0.0
2025-01-24 19:10:00+00:00,2025-01-24,2025-01-24:1,True,0,35,True,0.2988505747126437,0.2988505747126437,-0.858331270687123,True,0,0,2,True,-1.2607570251481832,110.0,370.0,1.0,0.0,0.0,0.0,0.0
2025-01-24 19:15:00+00:00,2025-01-24,2025-01-24:1,True,0,40,True,-0.06790123456790123,0.06790123456790123,0.0,True,0,0,2,True,0.8185997386728575,105.0,375.0,1.0,0.0,0.0,0.0,0.0
2025-01-24 19:20:00+00:00,2025-01-24,2025-01-24:1,True,0,45,True,-0.30538922155688625,0.30538922155688625,0.36828274994702925,True,0,0,2,True,-0.823505263819774,100.0,380.0,1.0,0.0,0.0,0.0,0.0
2025-01-24 19:25:00+00:00,2025-01-24,2025-01-24:1,True,0,50,True,-0.09433962264150944,0.06469585564671824,-0.37720413332821184,True,0,0,2,True,-0.09571942239699333,95.0,385.0,1.0,0.0,0.0,0.0,0.0
2025-01-24 19:30:00+00:00,2025-01-24,2025-01-24:1,True,0,55,True,0.22054380664652568,0.10326822517449642,0.7587666134820347,True,0,0,2,True,0.08229996479111994,90.0,390.0,1.0,0.0,0.0,0.0,0.0
2025-01-24 19:35:00+00:00,2025-01-24,2025-01-24:1,True,0,60,True,-0.07224334600760456,0.03351005780464672,-0.7681945992261638,True,0,0,2,True,-0.9234709148742725,85.0,395.0,1.0,0.0,0.0,0.0,0.0
2025-01-24 19:40:00+00:00,2025-01-24,2025-01-24:1,True,0,65,True,0.12,0.05618923156069419,0.7587666134821132,True,0,0,2,True,0.8483268634004513,80.0,400.0,1.0,0.0,0.0,0.0,0.0
2025-01-24 19:45:00+00:00,2025-01-24,2025-01-24:1,True,0,70,True,-0.17159763313609466,0.17159763313609466,0.0,True,0,0,2,True,-1.722046754934741,75.0,405.0,1.0,0.0,0.0,0.0,0.0
2025-01-24 19:50:00+00:00,2025-01-24,2025-01-24:1,True,0,75,True,-0.010638297872340425,0.010638297872340425,0.7662014595506672,True,0,0,2,True,0.0,70.0,410.0,1.0,0.0,0.0,0.0,0.0
2025-01-24 19:55:00+00:00,2025-01-24,2025-01-24:1,True,0,80,True,-0.08571428571428572,0.05509952804855543,-0.44187835540061765,True,0,0,2,True,0.0,65.0,415.0,1.0,0.0,0.0,0.0,0.0
2025-01-24 20:00:00+00:00,2025-01-24,2025-01-24:1,True,0,85,True,0.1871345029239766,0.1871345029239766,-0.4653103926064175,True,0,0,2,True,0.0,60.0,420.0,1.0,0.0,0.0,0.0,0.0
2025-01-24 20:05:00+00:00,2025-01-24,2025-01-24:1,True,0,90,True,-0.18518518518518517,0.07307206961225048,-0.9299101163168495,True,0,0,2,True,1.0396711165231287,55.0,425.0,1.0,0.0,0.0,0.0,0.0
2025-01-24 20:10:00+00:00,2025-01-24,2025-01-24:1,True,0,95,True,-0.0914826498422713,0.05800665069381858,-0.4555916639838813,True,0,0,2,True,0.29998427685963364,50.0,430.0,1.0,0.0,0.0,0.0,0.0
2025-01-24 20:15:00+00:00,2025-01-24,2025-01-24:1,True,0,100,True,-0.09152542372881356,0.09152542372881356,2.2222997258315256,True,0,0,2,True,0.9938426506693819,45.0,435.0,1.0,0.0,0.0,0.0,0.0
2025-01-24 20:20:00+00:00,2025-01-24,2025-01-24:1,True,0,105,True,0.05466237942122187,0.03544123725919511,0.4332996743547895,True,0,0,2,True,0.0,40.0,440.0,1.0,0.0,0.0,0.0,0.0
2025-01-24 20:25:00+00:00,2025-01-24,2025-01-24:1,True,0,110,True,0.17123287671232876,0.17123287671232876,-0.8460937423416328,True,0,0,2,True,-0.4041052653703053,35.0,445.0,1.0,0.0,0.0,0.0,0.0
2025-01-24 20:30:00+00:00,2025-01-24,2025-01-24:1,True,0,115,True,0.14285714285714285,0.09166378709890839,0.4437177348882292,True,0,0,2,True,0.9921830180323106,30.0,450.0,1.0,0.0,0.0,0.0,0.0
2025-01-24 20:35:00+00:00,2025-01-24,2025-01-24:1,True,0,120,True,0.02531645569620253,0.02531645569620253,-1.7313631674414218,True,0,0,2,True,-0.9678614340359679,25.0,455.0,1.0,0.0,0.0,0.0,0.0
2025-01-24 20:40:00+00:00,2025-01-24,2025-01-24:1,True,0,125,True,0.08960573476702509,0.08960573476702509,-0.4437177348869477,True,0,0,2,True,-0.7637473316367103,20.0,460.0,1.0,0.0,0.0,0.0,0.0
2025-01-24 20:45:00+00:00,2025-01-24,2025-01-24:1,True,3,5,True,0.2336448598130841,0.2336448598130841,-1.237036525731412,True,0,0,2,True,-1.8440651747912769,15.0,465.0,0.0,0.0,0.0,1.0,0.0
2025-01-24 20:50:00+00:00,2025-01-24,2025-01-24:1,True,4,5,True,-0.1649122807017544,0.1649122807017544,0.4100379070921423,True,1,0,2,True,0.0,10.0,470.0,0.0,0.0,0.0,0.0,1.0
2025-01-24 20:55:00+00:00,2025-01-24,2025-01-24:1,True,4,10,True,0.23125,0.15218253761662145,0.41841867068382027,True,1,0,2,True,1.1926127905922774,5.0,475.0,0.0,0.0,0.0,0.0,1.0
2025-01-24 21:00:00+00:00,2025-01-24,2025-01-24:1,True,0,5,True,0.1791907514450867,0.07879980839684847,0.8215403236207023,True,1,0,2,True,0.0,0.0,480.0,1.0,0.0,0.0,0.0,0.0
2025-01-27 13:00:00+00:00,2025-01-27,2025-01-27:1,False,-1,0,False,,,,False,0,0,0,False,,480.0,0.0,,,,,
2025-01-27 13:05:00+00:00,2025-01-27,2025-01-27:1,False,-1,0,True,-0.11173184357541899,,,False,0,0,0,False,,475.0,5.0,,,,,
2025-01-27 13:10:00+00:00,2025-01-27,2025-01-27:1,False,-1,0,True,-0.271523178807947,,,False,0,0,0,False,,470.0,10.0,,,,,
2025-01-27 13:15:00+00:00,2025-01-27,2025-01-27:1,False,-1,0,True,0.08405797101449275,,,False,0,0,0,False,,465.0,15.0,,,,,
2025-01-27 13:20:00+00:00,2025-01-27,2025-01-27:1,False,-1,0,True,-0.1752021563342318,,,False,0,0,0,False,,460.0,20.0,,,,,
2025-01-27 13:25:00+00:00,2025-01-27,2025-01-27:1,False,-1,0,True,-0.12574850299401197,,,False,0,0,0,False,,455.0,25.0,,,,,
2025-01-27 13:30:00+00:00,2025-01-27,2025-01-27:1,False,-1,0,True,0.20954907161803712,,,False,0,0,0,False,,450.0,30.0,,,,,
2025-01-27 13:35:00+00:00,2025-01-27,2025-01-27:1,False,-1,0,True,0.14285714285714285,,,False,0,0,0,False,,445.0,35.0,,,,,
2025-01-27 13:40:00+00:00,2025-01-27,2025-01-27:1,False,-1,0,True,-0.145985401459854,,,False,0,0,0,False,,440.0,40.0,,,,,
2025-01-27 13:45:00+00:00,2025-01-27,2025-01-27:1,False,-1,0,True,-0.17507418397626112,,,False,0,0,0,False,,435.0,45.0,,,,,
2025-01-27 13:50:00+00:00,2025-01-27,2025-01-27:1,False,-1,0,True,-0.03571428571428571,,,False,0,0,0,False,,430.0,50.0,,,,,
2025-01-27 13:55:00+00:00,2025-01-27,2025-01-27:1,False,-1,0,True,-0.1174785100286533,,,False,0,0,0,False,,425.0,55.0,,,,,
2025-01-27 14:00:00+00:00,2025-01-27,2025-01-27:1,False,-1,0,True,0.22658610271903323,,,False,0,0,0,False,,420.0,60.0,,,,,
2025-01-27 14:05:00+00:00,2025-01-27,2025-01-27:1,True,2,5,True,-0.22344322344322345,0.15594766323482273,-0.3596368890954808,True,0,0,0,False,,415.0,65.0,0.0,0.0,1.0,0.0,0.0
2025-01-27 14:10:00+00:00,2025-01-27,2025-01-27:1,True,1,5,True,0.23376623376623376,0.10992097442307582,0.7545599217511173,True,0,0,0,False,,410.0,70.0,0.0,1.0,0.0,0.0,0.0
2025-01-27 14:15:00+00:00,2025-01-27,2025-01-27:1,True,1,10,True,-0.31446540880503143,0.31446540880503143,0.5418361705159827,True,0,0,0,False,,405.0,75.0,0.0,1.0,0.0,0.0,0.0
2025-01-27 14:20:00+00:00,2025-01-27,2025-01-27:1,True,1,15,True,-0.2254335260115607,0.2254335260115607,1.393366913973101,True,0,0,0,False,,400.0,80.0,0.0,1.0,0.0,0.0,0.0
2025-01-27 14:25:00+00:00,2025-01-27,2025-01-27:1,True,1,20,True,0.07988980716253444,0.04742192047811723,0.5215636955589251,True,0,0,0,False,,395.0,85.0,0.0,1.0,0.0,0.0,0.0
2025-01-27 14:30:00+00:00,2025-01-27,2025-01-27:1,True,1,25,True,-0.12684365781710916,0.12684365781710916,0.6778214520283011,True,0,0,0,False,,390.0,90.0,0.0,1.0,0.0,0.0,0.0
2025-01-27 14:35:00+00:00,2025-01-27,2025-01-27:1,True,1,30,True,-0.07746478873239436,0.07746478873239436,1.279936366327957,True,0,0,0,False,,385.0,95.0,0.0,1.0,0.0,0.0,0.0
2025-01-27 14:40:00+00:00,2025-01-27,2025-01-27:1,True,1,35,True,-0.1246376811594203,0.1246376811594203,0.6416289779233493,True,0,0,0,False,,380.0,100.0,0.0,1.0,0.0,0.0,0.0
2025-01-27 14:45:00+00:00,2025-01-27,2025-01-27:1,True,2,5,True,0.025477707006369428,0.025477707006369428,-0.6579099604264004,True,0,0,0,False,,375.0,105.0,0.0,0.0,1.0,0.0,0.0
2025-01-27 14:50:00+00:00,2025-01-27,2025-01-27:1,True,0,5,True,0.36774193548387096,0.36774193548387096,-1.004582468498679,True,0,0,0,False,,370.0,110.0,1.0,0.0,0.0,0.0,0.0
2025-01-27 14:55:00+00:00,2025-01-27,2025-01-27:1,True,0,10,True,-0.28517110266159695,0.28517110266159695,0.0,True,0,0,0,False,,365.0,115.0,1.0,0.0,0.0,0.0,0.0
2025-01-27 15:00:00+00:00,2025-01-27,2025-01-27:1,True,0,15,True,0.16717325227963525,0.12056906695441177,0.3268079549714098,True,0,0,0,False,,360.0,120.0,1.0,0.0,0.0,0.0,0.0
2025-01-27 15:05:00+00:00,2025-01-27,2025-01-27:1,True,0,20,True,-0.17142857142857143,0.08455242910995124,-0.7067948819254745,True,0,0,0,True,0.50725585032936,355.0,125.0,1.0,0.0,0.0,0.0,0.0
2025-01-27 15:10:00+00:00,2025-01-27,2025-01-27:1,True,3,5,True,0.27217125382262997,0.27217125382262997,-1.0426823518923058,True,0,0,0,True,0.0,350.0,130.0,0.0,0.0,0.0,1.0,0.0
2025-01-27 15:15:00+00:00,2025-01-27,2025-01-27:1,True,4,5,True,0.05637982195845697,0.03925921382970125,0.3619251638630883,True,0,0,0,True,0.8092892691656159,345.0,135.0,0.0,0.0,0.0,0.0,1.0
2025-01-27 15:20:00+00:00,2025-01-27,2025-01-27:1,True,3,5,True,-0.16408668730650156,0.07863900435076836,-0.7355270544026834,True,0,0,0,True,0.2714276523782733,340.0,140.0,0.0,0.0,0.0,1.0,0.0
2025-01-27 15:25:00+00:00,2025-01-27,2025-01-27:1,True,3,10,True,-0.13310580204778158,0.028693551451073003,-1.5344719066912205,True,0,0,0,True,-1.7155917464614228,335.0,145.0,0.0,0.0,0.0,1.0,0.0
2025-01-27 15:30:00+00:00,2025-01-27,2025-01-27:1,True,0,5,True,0.23655913978494625,0.017750614349459237,2.589778112627587,True,0,0,0,True,8.186444913936842,330.0,150.0,1.0,0.0,0.0,0.0,0.0
2025-01-27 15:35:00+00:00,2025-01-27,2025-01-27:1,True,0,10,True,-0.09316770186335403,0.06033908009587084,-0.434421126830377,True,0,0,0,True,0.0,325.0,155.0,1.0,0.0,0.0,0.0,0.0
2025-01-27 15:40:00+00:00,2025-01-27,2025-01-27:1,True,0,15,True,0.04375,0.007873586506199222,1.714977935478703,True,0,0,0,True,-0.6391345406064991,320.0,160.0,1.0,0.0,0.0,0.0,0.0
2025-01-27 15:45:00+00:00,2025-01-27,2025-01-27:1,True,0,20,True,-0.21095890410958903,0.21095890410958903,0.0,True,0,0,0,True,-1.4953743784552753,315.0,165.0,1.0,0.0,0.0,0.0,0.0
2025-01-27 15:50:00+00:00,2025-01-27,2025-01-27:1,True,0,25,True,0.08,0.08,-1.414933202940305,True,0,0,0,True,-1.2655547301587706,310.0,170.0,1.0,0.0,0.0,0.0,0.0
2025-01-27 15:55:00+00:00,2025-01-27,2025-01-27:1,True,1,5,True,0.022950819672131147,0.017263914923504986,0.28473517089761496,True,0,0,0,True,-0.05717712626735828,305.0,175.0,0.0,1.0,0.0,0.0,0.0
2025-01-27 16:00:00+00:00,2025-01-27,2025-01-27:1,True,0,5,True,0.006944444444444444,0.006944444444444444,0.0,True,0,0,0,True,-0.6317064938336707,300.0,180.0,1.0,0.0,0.0,0.0,0.0
2025-01-27 16:05:00+00:00,2025-01-27,2025-01-27:1,True,0,10,True,0.09565217391304348,0.09565217391304348,-0.4194108689962018,True,0,0,0,True,-0.6489330740490205,295.0,185.0,1.0,0.0,0.0,0.0,0.0
2025-01-27 16:10:00+00:00,2025-01-27,2025-01-27:1,True,0,15,True,0.04819277108433735,0.02393032631508643,0.7000624942438357,True,0,0,0,True,0.9187625607165383,290.0,190.0,1.0,0.0,0.0,0.0,0.0
2025-01-27 16:15:00+00:00,2025-01-27,2025-01-27:1,True,0,20,True,-0.1977401129943503,0.1977401129943503,0.802888132492557,True,0,0,0,True,-0.050276559374559326,285.0,195.0,1.0,0.0,0.0,0.0,0.0
2025-01-27 16:20:00+00:00,2025-01-27,2025-01-27:1,True,0,25,True,0.07849829351535836,0.07849829351535836,-0.6204433723169515,True,0,0,0,True,-0.028480893484268358,280.0,200.0,1.0,0.0,0.0,0.0,0.0
2025-01-27 16:25:00+00:00,2025-01-27,2025-01-27:1,True,0,30,True,-0.18253968253968253,0.126081952957359,-0.37003547214343707,True,0,0,0,True,-0.007232699565994609,275.0,205.0,1.0,0.0,0.0,0.0,0.0
2025-01-27 16:30:00+00:00,2025-01-27,2025-01-27:1,True,0,35,True,-0.056716417910447764,0.056716417910447764,0.12410082063592556,True,0,0,0,True,0.8288175613821992,270.0,210.0,1.0,0.0,0.0,0.0,0.0
2025-01-27 16:35:00+00:00,2025-01-27,2025-01-27:1,True,0,40,True,0.11409395973154363,0.11409395973154363,-0.9562257646626348,True,0,0,0,True,-1.651513568297158,265.0,215.0,1.0,0.0,0.0,0.0,0.0
2025-01-27 16:40:00+00:00,2025-01-27,2025-01-27:1,True,0,45,True,0.015037593984962405,0.002322405567918553,1.8679498001101824,True,0,0,0,True,2.126307103935357,260.0,220.0,1.0,0.0,0.0,0.0,0.0
2025-01-27 16:45:00+00:00,2025-01-27,2025-01-27:1,True,3,5,True,-0.16387959866220736,0.02942512416082624,-1.7172831309953531,True,0,0,0,True,-1.8745857324829103,255.0,225.0,0.0,0.0,0.0,1.0,0.0
2025-01-27 16:50:00+00:00,2025-01-27,2025-01-27:1,True,0,5,True,-0.03724928366762178,0.03724928366762178,0.13365253410923478,True,0,0,0,True,0.07096382629827178,250.0,230.0,1.0,0.0,0.0,0.0,0.0
2025-01-27 16:55:00+00:00,2025-01-27,2025-01-27:1,True,0,10,True,-0.04823151125401929,0.01671085181517055,-1.059954250225395,True,0,0,0,True,0.5925324391355302,245.0,235.0,1.0,0.0,0.0,0.0,0.0
2025-01-27 17:00:00+00:00,2025-01-27,2025-01-27:1,True,3,5,True,-0.13815789473684212,0.062062750560226816,-0.8002512168378435,True,0,0,0,True,0.0,240.0,240.0,0.0,0.0,0.0,1.0,0.0
2025-01-27 17:05:00+00:00,2025-01-27,2025-01-27:1,True,0,5,True,-0.20224719101123595,0.20224719101123595,0.7968945106301896,True,0,0,0,True,-0.9676414428994533,235.0,245.0,1.0,0.0,0.0,0.0,0.0
2025-01-27 17:10:00+00:00,2025-01-27,2025-01-27:1,True,3,5,True,-0.08426966292134831,0.04963034310013185,-0.5294195270567871,True,0,0,0,True,-0.5919090255573826,230.0,250.0,0.0,0.0,0.0,1.0,0.0
2025-01-27 17:15:00+00:00,2025-01-27,2025-01-27:1,True,0,5,True,-0.2754491017964072,0.2754491017964072,0.6837574384674239,True,0,0,0,True,-0.06239973876148045,225.0,255.0,1.0,0.0,0.0,0.0,0.0
2025-01-27 17:20:00+00:00,2025-01-27,2025-01-27:1,True,0,10,True,0.05016722408026756,0.04313120895871041,0.1511150658515111,True,0,0,0,True,0.6758071193366719,220.0,260.0,1.0,0.0,0.0,0.0,0.0
2025-01-27 17:25:00+00:00,2025-01-27,2025-01-27:1,True,0,15,True,-0.17088607594936708,0.12566609000186552,-0.30736880203469846,True,0,0,0,True,-0.6872975355122615,215.0,265.0,1.0,0.0,0.0,0.0,0.0
2025-01-27 17:30:00+00:00,2025-01-27,2025-01-27:1,True,0,20,True,0.02054794520547945,0.015147551697589887,0.3049220311653642,True,0,0,0,True,0.0,210.0,270.0,1.0,0.0,0.0,0.0,0.0
2025-01-27 17:35:00+00:00,2025-01-27,2025-01-27:1,True,0,25,True,-0.07909604519774012,0.07909604519774012,0.0,True,0,0,0,True,0.0,205.0,275.0,1.0,0.0,0.0,0.0,0.0
2025-01-27 17:40:00+00:00,2025-01-27,2025-01-27:1,True,0,30,True,0.13513513513513514,0.13513513513513514,-0.3372528837691321,True,0,0,0,True,-0.45915299352070565,200.0,280.0,1.0,0.0,0.0,0.0,0.0
2025-01-27 17:45:00+00:00,2025-01-27,2025-01-27:1,True,0,35,True,0.2795031055900621,0.2795031055900621,-0.3958288745469524,True,0,0,0,True,-1.4205810586516248,195.0,285.0,1.0,0.0,0.0,0.0,0.0
2025-01-27 17:50:00+00:00,2025-01-27,2025-01-27:1,True,0,40,True,-0.08522727272727272,0.08522727272727272,0.0,True,0,0,0,True,0.0,190.0,290.0,1.0,0.0,0.0,0.0,0.0
2025-01-27 17:55:00+00:00,2025-01-27,2025-01-27:1,True,0,45,True,-0.04247104247104247,0.04247104247104247,0.5038396849298554,True,0,0,0,True,0.7428893942027621,185.0,295.0,1.0,0.0,0.0,0.0,0.0
2025-01-27 18:00:00+00:00,2025-01-27,2025-01-27:1,True,1,5,True,-0.10552763819095477,0.10552763819095477,2.606150114449284,True,0,0,0,True,4.801807650622095,180.0,300.0,0.0,1.0,0.0,0.0,0.0
2025-01-27 18:05:00+00:00,2025-01-27,2025-01-27:1,True,1,10,True,-0.13019390581717452,0.13019390581717452,0.39603708154655437,True,0,0,0,True,0.8855658359487231,175.0,305.0,0.0,1.0,0.0,0.0,0.0
2025-01-27 18:10:00+00:00,2025-01-27,2025-01-27:1,True,2,5,True,0.1227154046997389,0.1227154046997389,0.0,True,0,0,0,True,-0.7073468134267543,170.0,310.0,0.0,0.0,1.0,0.0,0.0
2025-01-27 18:15:00+00:00,2025-01-27,2025-01-27:1,True,2,10,True,-0.2874251497005988,0.12500269257464147,-0.8326271998058352,True,0,0,0,True,-0.9309055093418966,165.0,315.0,0.0,0.0,1.0,0.0,0.0
2025-01-27 18:20:00+00:00,2025-01-27,2025-01-27:1,True,0,5,True,0.05785123966942149,0.05785123966942149,-0.40810421130241437,True,0,0,0,True,0.0,160.0,320.0,1.0,0.0,0.0,0.0,0.0
2025-01-27 18:25:00+00:00,2025-01-27,2025-01-27:1,True,0,10,True,0.1935483870967742,0.1935483870967742,-2.2643627279372125,True,0,0,0,True,-0.843878164232344,155.0,325.0,1.0,0.0,0.0,0.0,0.0
2025-01-27 18:30:00+00:00,2025-01-27,2025-01-27:1,True,3,5,True,-0.051194539249146756,0.023679781014501168,-0.7710113087926654,True,0,0,0,True,0.0,150.0,330.0,0.0,0.0,0.0,1.0,0.0
2025-01-27 18:35:00+00:00,2025-01-27,2025-01-27:1,True,3,10,True,-0.028938906752411574,0.013686371507063904,-0.7487863869338414,True,0,0,0,True,-0.8371686309040751,145.0,335.0,0.0,0.0,0.0,1.0,0.0
2025-01-27 18:40:00+00:00,2025-01-27,2025-01-27:1,True,4,5,True,-0.2347266881028939,0.16306748392655446,-0.3642576810044253,True,0,0,0,True,0.0,140.0,340.0,0.0,0.0,0.0,0.0,1.0
2025-01-27 18:45:00+00:00,2025-01-27,2025-01-27:1,True,4,10,True,-0.22289156626506024,0.15507154497545836,-0.3627988123592468,True,0,0,0,True,-0.6444262113299296,135.0,345.0,0.0,0.0,0.0,0.0,1.0
2025-01-27 18:50:00+00:00,2025-01-27,2025-01-27:1,True,4,15,True,0.05637982195845697,0.05637982195845697,-0.36279881235821565,True,0,0,0,True,0.0,130.0,350.0,0.0,0.0,0.0,0.0,1.0
2025-01-27 18:55:00+00:00,2025-01-27,2025-01-27:1,True,4,20,True,-0.08401084010840108,0.08401084010840108,0.0,True,0,0,0,True,0.0,125.0,355.0,0.0,0.0,0.0,0.0,1.0
2025-01-27 19:00:00+00:00,2025-01-27,2025-01-27:1,True,4,25,True,-0.26857142857142857,0.26857142857142857,0.0,True,0,0,0,True,-0.8238209645268538,120.0,360.0,0.0,0.0,0.0,0.0,1.0
2025-01-27 19:05:00+00:00,2025-01-27,2025-01-27:1,True,0,5,True,0.07163323782234957,0.028169023558203832,0.9333362628309642,True,0,0,0,True,0.0,115.0,365.0,1.0,0.0,0.0,0.0,0.0
2025-01-27 19:10:00+00:00,2025-01-27,2025-01-27:1,True,0,10,True,0.2268370607028754,0.2268370607028754,-0.9202662398209821,True,0,0,0,True,0.0,110.0,370.0,1.0,0.0,0.0,0.0,0.0
2025-01-27 19:15:00+00:00,2025-01-27,2025-01-27:1,True,0,15,True,-0.02280130293159609,0.009799422559013844,-0.8444942190593362,True,0,0,0,True,0.0,105.0,375.0,1.0,0.0,0.0,0.0,0.0
2025-01-27 19:20:00+00:00,2025-01-27,2025-01-27:1,True,0,20,True,0.12292358803986711,0.052334872455196434,0.8539000006578458,True,0,0,0,True,0.9546892237276725,100.0,380.0,1.0,0.0,0.0,0.0,0.0
2025-01-27 19:25:00+00:00,2025-01-27,2025-01-27:1,True,0,25,True,0.12074303405572756,0.0604243169864012,0.6922729788570325,True,0,0,0,True,-1.3721850735251413,95.0,385.0,1.0,0.0,0.0,0.0,0.0
2025-01-27 19:30:00+00:00,2025-01-27,2025-01-27:1,True,0,30,True,0.013774104683195593,0.013774104683195593,-0.68712436523592,True,0,0,0,True,-1.024304526442607,90.0,390.0,1.0,0.0,0.0,0.0,0.0
2025-01-27 19:35:00+00:00,2025-01-27,2025-01-27:1,True,0,35,True,-0.04046242774566474,0.04046242774566474,0.4655952474800819,True,0,0,0,True,-1.04110262336926,85.0,395.0,1.0,0.0,0.0,0.0,0.0
2025-01-27 19:40:00+00:00,2025-01-27,2025-01-27:1,True,0,40,True,-0.22839506172839505,0.1401550017022965,-0.4883278912123792,True,0,0,0,True,-1.0919343600600022,80.0,400.0,1.0,0.0,0.0,0.0,0.0
2025-01-27 19:45:00+00:00,2025-01-27,2025-01-27:1,True,0,45,True,-0.13076923076923078,0.04924354978243998,-0.9766557824263136,True,0,0,0,True,-1.3410351355870733,75.0,405.0,1.0,0.0,0.0,0.0,0.0
2025-01-27 19:50:00+00:00,2025-01-27,2025-01-27:1,True,0,50,True,0.08781869688385269,0.08781869688385269,-0.47029871462103895,True,0,0,0,True,0.0,70.0,410.0,1.0,0.0,0.0,0.0,0.0
2025-01-27 19:55:00+00:00,2025-01-27,2025-01-27:1,True,3,5,True,-0.11913357400722022,0.04604627301517383,-0.9505985082733864,True,0,0,0,True,-1.0628014419061045,65.0,415.0,0.0,0.0,0.0,1.0,0.0
2025-01-27 20:00:00+00:00,2025-01-27,2025-01-27:1,True,0,5,True,0.25075528700906347,0.06430732894286324,1.3608039062044923,True,0,0,0,True,0.0,60.0,420.0,1.0,0.0,0.0,0.0,0.0
2025-01-27 20:05:00+00:00,2025-01-27,2025-01-27:1,True,0,10,True,0.027586206896551724,0.017733181440916762,0.44187835540048387,True,0,0,0,True,-0.988070040458485,55.0,425.0,1.0,0.0,0.0,0.0,0.0
2025-01-27 20:10:00+00:00,2025-01-27,2025-01-27:1,True,0,15,True,0.30601092896174864,0.08261054333889854,1.3094835011665797,True,0,0,0,True,0.0,50.0,430.0,1.0,0.0,0.0,0.0,0.0
2025-01-27 20:15:00+00:00,2025-01-27,2025-01-27:1,True,0,20,True,0.028037383177570093,0.028037383177570093,-1.6180440541026615,True,0,0,0,True,-1.0337304273049446,45.0,435.0,1.0,0.0,0.0,0.0,0.0
2025-01-27 20:20:00+00:00,2025-01-27,2025-01-27:1,True,0,25,True,-0.3436293436293436,0.3436293436293436,0.23054967610826682,True,0,0,0,True,0.0,40.0,440.0,1.0,0.0,0.0,0.0,0.0
2025-01-27 20:25:00+00:00,2025-01-27,2025-01-27:1,True,2,5,True,-0.01639344262295082,0.01639344262295082,0.0,True,0,0,0,True,0.0,35.0,445.0,0.0,0.0,1.0,0.0,0.0
2025-01-27 20:30:00+00:00,2025-01-27,2025-01-27:1,True,0,5,True,0.006097560975609756,0.0023299920161410008,0.9620240101351268,True,0,0,0,True,0.0,30.0,450.0,1.0,0.0,0.0,0.0,0.0
2025-01-27 20:35:00+00:00,2025-01-27,2025-01-27:1,True,0,10,True,-0.03636363636363636,0.03636363636363636,0.4858792986930373,True,0,0,0,True,1.0864591407375563,25.0,455.0,1.0,0.0,0.0,0.0,0.0
2025-01-27 20:40:00+00:00,2025-01-27,2025-01-27:1,True,0,15,True,-0.10367892976588629,0.0640899076778787,-0.4810120050689306,True,0,0,0,True,0.0,20.0,460.0,1.0,0.0,0.0,0.0,0.0
2025-01-27 20:45:00+00:00,2025-01-27,2025-01-27:1,True,0,20,True,0.12052117263843648,0.12052117263843648,-0.4907304010656781,True,0,0,0,True,0.0,15.0,465.0,1.0,0.0,0.0,0.0,0.0
2025-01-27 20:50:00+00:00,2025-01-27,2025-01-27:1,True,0,25,True,0.028391167192429023,0.028391167192429023,0.0,True,0,0,0,True,0.0,10.0,470.0,1.0,0.0,0.0,0.0,0.0
2025-01-27 20:55:00+00:00,2025-01-27,2025-01-27:1,True,0,30,True,-0.1174785100286533,0.06946157324024377,-0.5254817268385846,True,0,0,0,True,-1.175012862145051,5.0,475.0,1.0,0.0,0.0,0.0,0.0
2025-01-27 21:00:00+00:00,2025-01-27,2025-01-27:1,True,0,35,True,0.1760797342192691,0.1760797342192691,0.0,True,0,0,0,True,-0.5887498327358415,0.0,480.0,1.0,0.0,0.0,0.0,0.0
2025-01-28 13:00:00+00:00,2025-01-28,2025-01-28:1,False,-1,0,False,,,,False,0,0,0,False,,480.0,0.0,,,,,
2025-01-28 13:05:00+00:00,2025-01-28,2025-01-28:1,False,-1,0,True,-0.09090909090909091,,,False,0,0,0,False,,475.0,5.0,,,,,
2025-01-28 13:10:00+00:00,2025-01-28,2025-01-28:1,False,-1,0,True,-0.2732919254658385,,,False,0,0,0,False,,470.0,10.0,,,,,
2025-01-28 13:15:00+00:00,2025-01-28,2025-01-28:1,False,-1,0,True,-0.044386422976501305,,,False,0,0,0,False,,465.0,15.0,,,,,
2025-01-28 13:20:00+00:00,2025-01-28,2025-01-28:1,False,-1,0,True,0.10469314079422383,,,False,0,0,0,False,,460.0,20.0,,,,,
2025-01-28 13:25:00+00:00,2025-01-28,2025-01-28:1,False,-1,0,True,-0.15555555555555556,,,False,0,0,0,False,,455.0,25.0,,,,,
2025-01-28 13:30:00+00:00,2025-01-28,2025-01-28:1,False,-1,0,True,-0.31,,,False,0,0,0,False,,450.0,30.0,,,,,
2025-01-28 13:35:00+00:00,2025-01-28,2025-01-28:1,False,-1,0,True,0.06583072100313479,,,False,0,0,0,False,,445.0,35.0,,,,,
2025-01-28 13:40:00+00:00,2025-01-28,2025-01-28:1,False,-1,0,True,0.06711409395973154,,,False,0,0,0,False,,440.0,40.0,,,,,
2025-01-28 13:45:00+00:00,2025-01-28,2025-01-28:1,False,-1,0,True,-0.04126984126984127,,,False,0,0,0,False,,435.0,45.0,,,,,
2025-01-28 13:50:00+00:00,2025-01-28,2025-01-28:1,False,-1,0,True,-0.01694915254237288,,,False,0,0,0,False,,430.0,50.0,,,,,
2025-01-28 13:55:00+00:00,2025-01-28,2025-01-28:1,False,-1,0,True,0.0547945205479452,,,False,0,0,0,False,,425.0,55.0,,,,,
2025-01-28 14:00:00+00:00,2025-01-28,2025-01-28:1,False,-1,0,True,0.08280254777070063,,,False,0,0,0,False,,420.0,60.0,,,,,
2025-01-28 14:05:00+00:00,2025-01-28,2025-01-28:1,True,0,5,True,-0.010238907849829351,0.0023210998353081027,-1.4841538183460452,True,0,0,0,False,,415.0,65.0,1.0,0.0,0.0,0.0,0.0
2025-01-28 14:10:00+00:00,2025-01-28,2025-01-28:1,True,0,10,True,-0.18584070796460178,0.18584070796460178,0.0,True,0,0,0,False,,410.0,70.0,1.0,0.0,0.0,0.0,0.0
2025-01-28 14:15:00+00:00,2025-01-28,2025-01-28:1,True,3,5,True,-0.13915857605177995,0.09514932407016363,-0.3801666278953565,True,0,0,0,False,,405.0,75.0,0.0,0.0,0.0,1.0,0.0
2025-01-28 14:20:00+00:00,2025-01-28,2025-01-28:1,True,0,5,True,0.14516129032258066,0.0687630174027667,0.7471794086096617,True,0,0,0,False,,400.0,80.0,1.0,0.0,0.0,0.0,0.0
2025-01-28 14:25:00+00:00,2025-01-28,2025-01-28:1,True,0,10,True,-0.020689655172413793,0.020689655172413793,1.127456671322151,True,0,0,0,False,,395.0,85.0,1.0,0.0,0.0,0.0,0.0
2025-01-28 14:30:00+00:00,2025-01-28,2025-01-28:1,True,0,15,True,0.09025270758122744,0.07470987600238457,0.1890013053957864,True,0,0,0,False,,390.0,90.0,1.0,0.0,0.0,0.0,0.0
2025-01-28 14:35:00+00:00,2025-01-28,2025-01-28:1,True,1,5,True,-0.029177718832891247,0.029177718832891247,0.43284079185982527,True,0,0,0,False,,385.0,95.0,0.0,1.0,0.0,0.0,0.0
2025-01-28 14:40:00+00:00,2025-01-28,2025-01-28:1,True,2,5,True,0.06461538461538462,0.06461538461538462,-0.4332996743548453,True,0,0,0,False,,380.0,100.0,0.0,0.0,1.0,0.0,0.0
2025-01-28 14:45:00+00:00,2025-01-28,2025-01-28:1,True,0,5,True,0.22128851540616246,0.22128851540616246,-0.8966144065774184,True,0,0,0,False,,375.0,105.0,1.0,0.0,0.0,0.0,0.0
2025-01-28 14:50:00+00:00,2025-01-28,2025-01-28:1,True,0,10,True,0.3944954128440367,0.3944954128440367,0.0,True,0,0,0,False,,370.0,110.0,1.0,0.0,0.0,0.0,0.0
2025-01-28 14:55:00+00:00,2025-01-28,2025-01-28:1,True,0,15,True,-0.13043478260869565,0.07892123325117703,-0.5024230440899798,True,0,0,0,False,,365.0,115.0,1.0,0.0,0.0,0.0,0.0
2025-01-28 15:00:00+00:00,2025-01-28,2025-01-28:1,True,0,20,True,-0.0932475884244373,0.0932475884244373,0.9740755538047151,True,0,0,0,False,,360.0,120.0,1.0,0.0,0.0,0.0,0.0
2025-01-28 15:05:00+00:00,2025-01-28,2025-01-28:1,True,0,25,True,-0.45387453874538747,0.45387453874538747,0.0,True,0,0,0,True,1.1246556715866418,355.0,125.0,1.0,0.0,0.0,0.0,0.0
2025-01-28 15:10:00+00:00,2025-01-28,2025-01-28:1,True,0,30,True,-0.009174311926605505,0.003393265075510251,-0.9946147897730693,True,0,0,0,True,-0.762394116042553,350.0,130.0,1.0,0.0,0.0,0.0,0.0
2025-01-28 15:15:00+00:00,2025-01-28,2025-01-28:1,True,3,5,True,0.2138364779874214,0.2138364779874214,-1.5253225411058058,True,0,0,0,True,-1.136908296507356,345.0,135.0,0.0,0.0,0.0,1.0,0.0
2025-01-28 15:20:00+00:00,2025-01-28,2025-01-28:1,True,4,5,True,0.25067385444743934,0.25067385444743934,0.0,True,0,0,0,True,0.0,340.0,140.0,0.0,0.0,0.0,0.0,1.0
2025-01-28 15:25:00+00:00,2025-01-28,2025-01-28:1,True,4,10,True,0.0949367088607595,0.0949367088607595,0.0,True,0,0,0,True,-0.36041440624506715,335.0,145.0,0.0,0.0,0.0,0.0,1.0
2025-01-28 15:30:00+00:00,2025-01-28,2025-01-28:1,True,4,15,True,0.0855614973262032,0.0855614973262032,0.0,True,0,0,0,True,-1.3777239652394482,330.0,150.0,0.0,0.0,0.0,0.0,1.0
2025-01-28 15:35:00+00:00,2025-01-28,2025-01-28:1,True,3,5,True,-0.23204419889502761,0.004572895667063864,-3.926781236571155,True,0,0,0,True,-1.4824494190514266,325.0,155.0,0.0,0.0,0.0,1.0,0.0
2025-01-28 15:40:00+00:00,2025-01-28,2025-01-28:1,True,4,5,True,0.0647887323943662,0.031451033659485345,0.7226998560732305,True,1,0,0,True,-1.6170142014145656,320.0,160.0,0.0,0.0,0.0,0.0,1.0
2025-01-28 15:45:00+00:00,2025-01-28,2025-01-28:1,True,4,10,True,0.052307692307692305,0.034064529330988476,0.42888679337020325,True,1,0,0,True,-0.9590200246276807,315.0,165.0,0.0,0.0,0.0,0.0,1.0
2025-01-28 15:50:00+00:00,2025-01-28,2025-01-28:1,True,3,5,True,-0.057034220532319393,0.005130485210050988,-2.4084512103406377,True,0,1,1,True,-0.330785611119624,310.0,170.0,0.0,0.0,0.0,1.0,0.0
2025-01-28 15:55:00+00:00,2025-01-28,2025-01-28:1,True,4,5,True,-0.06930693069306931,0.06930693069306931,0.7973913462902221,True,1,0,1,True,2.0837260176934596,305.0,175.0,0.0,0.0,0.0,0.0,1.0
2025-01-28 16:00:00+00:00,2025-01-28,2025-01-28:1,True,0,5,True,0.12359550561797752,0.018863266644964117,1.8797977149121299,True,1,0,1,True,1.078785810707637,300.0,180.0,1.0,0.0,0.0,0.0,0.0
2025-01-28 16:05:00+00:00,2025-01-28,2025-01-28:1,True,1,5,True,-0.021806853582554516,0.021806853582554516,1.0568419876469997,True,1,0,1,True,0.0,295.0,185.0,0.0,1.0,0.0,0.0,0.0
2025-01-28 16:10:00+00:00,2025-01-28,2025-01-28:1,True,1,10,True,-0.06583072100313479,0.06583072100313479,0.7077318204507606,True,1,0,1,True,0.1539196073111702,290.0,190.0,0.0,1.0,0.0,0.0,0.0
2025-01-28 16:15:00+00:00,2025-01-28,2025-01-28:1,True,2,5,True,0.061068702290076333,0.061068702290076333,0.0,True,1,0,1,True,0.39879417511475473,285.0,195.0,0.0,0.0,1.0,0.0,0.0
2025-01-28 16:20:00+00:00,2025-01-28,2025-01-28:1,True,1,5,True,-0.32432432432432434,0.32432432432432434,0.7168551654644374,True,0,0,1,True,0.0,280.0,200.0,0.0,1.0,0.0,0.0,0.0
2025-01-28 16:25:00+00:00,2025-01-28,2025-01-28:1,True,2,5,True,-0.21830985915492956,0.15227464761584608,-0.3602296432762053,True,0,0,1,True,-0.6762471171506801,275.0,205.0,0.0,0.0,1.0,0.0,0.0
2025-01-28 16:30:00+00:00,2025-01-28,2025-01-28:1,True,1,5,True,0.06461538461538462,0.021786012173464354,1.0871844139410827,True,0,0,1,True,1.5140597336857824,270.0,210.0,0.0,1.0,0.0,0.0,0.0
2025-01-28 16:35:00+00:00,2025-01-28,2025-01-28:1,True,1,10,True,0.31986531986531985,0.11923318244355756,0.9868189396838533,True,0,0,1,True,-0.13071619383484526,265.0,215.0,0.0,1.0,0.0,0.0,0.0
2025-01-28 16:40:00+00:00,2025-01-28,2025-01-28:1,True,1,15,True,-0.032640949554896145,0.032640949554896145,1.8379828512137113,True,0,0,1,True,1.826602043017842,260.0,220.0,0.0,1.0,0.0,0.0,0.0
2025-01-28 16:45:00+00:00,2025-01-28,2025-01-28:1,True,2,5,True,-0.24414715719063546,0.15851413402532413,-0.43192738373689005,True,0,0,1,True,-0.8507143307538175,255.0,225.0,0.0,0.0,1.0,0.0,0.0
2025-01-28 16:50:00+00:00,2025-01-28,2025-01-28:1,True,1,5,True,-0.006289308176100629,0.006289308176100629,1.3972136137157773,True,0,0,1,True,0.0,250.0,230.0,0.0,1.0,0.0,0.0,0.0
2025-01-28 16:55:00+00:00,2025-01-28,2025-01-28:1,True,2,5,True,-0.15789473684210525,0.15789473684210525,0.49106457230027545,True,0,0,1,True,-1.098053765008397,245.0,235.0,0.0,0.0,1.0,0.0,0.0
2025-01-28 17:00:00+00:00,2025-01-28,2025-01-28:1,True,1,5,True,0.07909604519774012,0.028137084417227676,1.033574439611822,True,0,0,1,True,0.0,240.0,240.0,0.0,1.0,0.0,0.0,0.0
2025-01-28 17:05:00+00:00,2025-01-28,2025-01-28:1,True,2,5,True,0.04861111111111111,0.04861111111111111,0.0,True,0,0,1,True,-1.230230585586132,235.0,245.0,0.0,0.0,1.0,0.0,0.0
2025-01-28 17:10:00+00:00,2025-01-28,2025-01-28:1,True,0,5,True,0.09933774834437085,0.09933774834437085,-1.5319795448915545,True,0,0,1,True,-1.9719408444632072,230.0,250.0,1.0,0.0,0.0,0.0,0.0
2025-01-28 17:15:00+00:00,2025-01-28,2025-01-28:1,True,0,10,True,0.23024054982817868,0.23024054982817868,-1.010263574229102,True,0,0,1,True,-1.8631061009503995,225.0,255.0,1.0,0.0,0.0,0.0,0.0
2025-01-28 17:20:00+00:00,2025-01-28,2025-01-28:1,True,0,15,True,-0.18867924528301888,0.18867924528301888,2.223230402102478,True,0,0,1,True,0.9942588617479362,220.0,260.0,1.0,0.0,0.0,0.0,0.0
2025-01-28 17:25:00+00:00,2025-01-28,2025-01-28:1,True,0,20,True,0.10596026490066225,0.10596026490066225,-2.0553208205578675,True,0,0,1,True,0.0,215.0,265.0,1.0,0.0,0.0,0.0,0.0
2025-01-28 17:30:00+00:00,2025-01-28,2025-01-28:1,True,0,25,True,0.13015873015873017,0.05892358898395999,0.7925132042912153,True,0,0,1,True,0.23063167457484837,210.0,270.0,1.0,0.0,0.0,0.0,0.0
2025-01-28 17:35:00+00:00,2025-01-28,2025-01-28:1,True,0,30,True,0.22012578616352202,0.22012578616352202,0.0,True,0,0,1,True,-0.27846108465842306,205.0,275.0,1.0,0.0,0.0,0.0,0.0
2025-01-28 17:40:00+00:00,2025-01-28,2025-01-28:1,True,0,35,True,0.17567567567567569,0.17567567567567569,-0.7876372253049899,True,0,0,1,True,-2.0597401529791206,200.0,280.0,1.0,0.0,0.0,0.0,0.0
2025-01-28 17:45:00+00:00,2025-01-28,2025-01-28:1,True,1,5,True,-0.041237113402061855,0.041237113402061855,2.7984490297309095,True,0,0,1,True,0.275376116317002,195.0,285.0,0.0,1.0,0.0,0.0,0.0
2025-01-28 17:50:00+00:00,2025-01-28,2025-01-28:1,True,0,5,True,-0.08609271523178808,0.08609271523178808,0.0,True,0,0,1,True,-1.5808597481252578,190.0,290.0,1.0,0.0,0.0,0.0,0.0
2025-01-28 17:55:00+00:00,2025-01-28,2025-01-28:1,True,2,5,True,0.0072992700729927005,0.0072992700729927005,-0.8513785334767756,True,0,0,1,True,0.31209606711236426,185.0,295.0,0.0,0.0,1.0,0.0,0.0
2025-01-28 18:00:00+00:00,2025-01-28,2025-01-28:1,True,0,5,True,0.2631578947368421,0.18820306790328076,0.33523268393871075,True,0,0,1,True,0.6888590074520112,180.0,300.0,1.0,0.0,0.0,0.0,0.0
2025-01-28 18:05:00+00:00,2025-01-28,2025-01-28:1,True,0,10,True,0.0165016501650165,0.0165016501650165,-1.8900726560699461,True,0,0,1,True,-0.7043884902323314,175.0,305.0,1.0,0.0,0.0,0.0,0.0
2025-01-28 18:10:00+00:00,2025-01-28,2025-01-28:1,True,0,15,True,0.0196078431372549,0.0196078431372549,-0.6331377746863,True,0,0,1,True,0.7078695516607562,170.0,310.0,1.0,0.0,0.0,0.0,0.0
2025-01-28 18:15:00+00:00,2025-01-28,2025-01-28:1,True,3,5,True,0.3753581661891118,0.3753581661891118,-1.5343124561895418,True,0,0,1,True,-0.99776681992209,165.0,315.0,0.0,0.0,0.0,1.0,0.0
2025-01-28 18:20:00+00:00,2025-01-28,2025-01-28:1,True,3,10,True,-0.06070287539936102,0.010214505094825146,-1.7821822893793713,True,0,0,1,True,-0.9029737087886617,160.0,320.0,0.0,0.0,0.0,1.0,0.0
2025-01-28 18:25:00+00:00,2025-01-28,2025-01-28:1,True,4,5,True,0.032467532467532464,0.01796433325388755,0.5918522827419097,True,1,0,1,True,-1.0839104740285594,155.0,325.0,0.0,0.0,0.0,0.0,1.0
2025-01-28 18:30:00+00:00,2025-01-28,2025-01-28:1,True,4,10,True,-0.3313253012048193,0.25046510113416787,-0.27978108186830536,True,1,0,1,True,-1.446848610664624,150.0,330.0,0.0,0.0,0.0,0.0,1.0
2025-01-28 18:35:00+00:00,2025-01-28,2025-01-28:1,True,3,5,True,0.44598337950138506,0.44598337950138506,-0.5439115309195297,True,0,1,2,True,2.058757864196131,145.0,335.0,0.0,0.0,0.0,1.0,0.0
2025-01-28 18:40:00+00:00,2025-01-28,2025-01-28:1,True,3,10,True,-0.15824915824915825,0.10648269398535422,-0.3961882677343138,True,0,0,2,True,0.0882903381285694,140.0,340.0,0.0,0.0,0.0,1.0,0.0
2025-01-28 18:45:00+00:00,2025-01-28,2025-01-28:1,True,3,15,True,-0.17981072555205047,0.057008773177537136,-1.1486996015532271,True,0,0,2,True,-0.6421425987008973,135.0,345.0,0.0,0.0,0.0,1.0,0.0
2025-01-28 18:50:00+00:00,2025-01-28,2025-01-28:1,True,0,5,True,0.09510086455331412,0.053789819343081594,0.569853842781801,True,0,0,2,True,0.3993890805333762,130.0,350.0,1.0,0.0,0.0,0.0,0.0
2025-01-28 18:55:00+00:00,2025-01-28,2025-01-28:1,True,3,5,True,-0.15584415584415584,0.1167923693218682,-0.288458769804888,True,0,0,2,True,0.4047924338682528,125.0,355.0,0.0,0.0,0.0,1.0,0.0
2025-01-28 19:00:00+00:00,2025-01-28,2025-01-28:1,True,3,10,True,0.10559006211180125,0.10559006211180125,-0.88454310406399,True,0,0,2,True,0.0,120.0,360.0,0.0,0.0,0.0,1.0,0.0
2025-01-28 19:05:00+00:00,2025-01-28,2025-01-28:1,True,3,15,True,0.2122905027932961,0.2122905027932961,-0.3044426408236455,True,0,0,2,True,-0.680754440131224,115.0,365.0,0.0,0.0,0.0,1.0,0.0
2025-01-28 19:10:00+00:00,2025-01-28,2025-01-28:1,True,3,20,True,-0.09316770186335403,0.0686924388147981,-0.30476198284869727,True,0,0,2,True,0.6814685106073121,110.0,370.0,0.0,0.0,0.0,1.0,0.0
2025-01-28 19:15:00+00:00,2025-01-28,2025-01-28:1,True,0,5,True,-0.04823151125401929,0.04823151125401929,0.9343587122284509,True,0,0,2,True,1.3928597306086468,105.0,375.0,1.0,0.0,0.0,0.0,0.0
2025-01-28 19:20:00+00:00,2025-01-28,2025-01-28:1,True,0,10,True,-0.040268456375838924,0.040268456375838924,1.1059383815792088,True,0,0,2,True,0.706558114324344,100.0,380.0,1.0,0.0,0.0,0.0,0.0
2025-01-28 19:25:00+00:00,2025-01-28,2025-01-28:1,True,0,15,True,-0.21301775147928995,0.1813067252666916,-0.16118529075569837,True,0,0,2,True,1.2378550940436597,95.0,385.0,1.0,0.0,0.0,0.0,0.0
2025-01-28 19:30:00+00:00,2025-01-28,2025-01-28:1,True,1,5,True,0.024390243902439025,0.0032190275140957865,2.0251039125929693,True,0,0,2,True,0.7769761904632403,90.0,390.0,0.0,1.0,0.0,0.0,0.0
2025-01-28 19:35:00+00:00,2025-01-28,2025-01-28:1,True,2,5,True,0.2549019607843137,0.2549019607843137,0.0,True,0,0,2,True,1.343906359536174,85.0,395.0,0.0,0.0,1.0,0.0,0.0
2025-01-28 19:40:00+00:00,2025-01-28,2025-01-28:1,True,2,10,True,0.15819209039548024,0.15819209039548024,-2.108562010811233,True,0,0,2,True,0.7858146651571828,80.0,400.0,0.0,0.0,1.0,0.0,0.0
2025-01-28 19:45:00+00:00,2025-01-28,2025-01-28:1,True,0,5,True,-0.1888111888111888,0.0448878380230072,-1.4365806247542077,True,0,0,2,True,-1.6061459660536215,75.0,405.0,1.0,0.0,0.0,0.0,0.0
2025-01-28 19:50:00+00:00,2025-01-28,2025-01-28:1,True,3,5,True,-0.14893617021276595,0.07071814929936661,-0.7448155777498375,True,0,0,2,True,-1.3898859245835236,70.0,410.0,0.0,0.0,0.0,1.0,0.0
2025-01-28 19:55:00+00:00,2025-01-28,2025-01-28:1,True,4,5,True,0.0,0.0,0.36991625584089266,True,1,0,2,True,1.1235442140666576,65.0,415.0,0.0,0.0,0.0,0.0,1.0
2025-01-28 20:00:00+00:00,2025-01-28,2025-01-28:1,True,3,5,True,-0.02456140350877193,0.0115727822939903,-0.752520260624748,True,0,1,3,True,0.0,60.0,420.0,0.0,0.0,0.0,1.0,0.0
2025-01-28 20:05:00+00:00,2025-01-28,2025-01-28:1,True,4,5,True,-0.2555205047318612,0.2555205047318612,0.0,True,0,0,3,True,-0.8673126277295352,55.0,425.0,0.0,0.0,0.0,0.0,1.0
2025-01-28 20:10:00+00:00,2025-01-28,2025-01-28:1,True,3,5,True,-0.03007518796992481,0.02035763353116479,-0.39024455823207355,True,0,0,3,True,-1.7452267201101035,50.0,430.0,0.0,0.0,0.0,1.0,0.0
2025-01-28 20:15:00+00:00,2025-01-28,2025-01-28:1,True,0,5,True,0.04234527687296417,0.01959451861783163,0.770607024088343,True,0,0,3,True,0.5603973131614088,45.0,435.0,1.0,0.0,0.0,0.0,0.0
2025-01-28 20:20:00+00:00,2025-01-28,2025-01-28:1,True,3,5,True,0.3333333333333333,0.3333333333333333,-2.107589826488043,True,0,0,3,True,0.0,40.0,440.0,0.0,0.0,0.0,1.0,0.0
2025-01-28 20:25:00+00:00,2025-01-28,2025-01-28:1,True,3,10,True,0.0051813471502590676,0.0051813471502590676,-0.4345691660677503,True,0,0,3,True,0.0,35.0,445.0,0.0,0.0,0.0,1.0,0.0
2025-01-28 20:30:00+00:00,2025-01-28,2025-01-28:1,True,3,15,True,0.17058823529411765,0.17058823529411765,-0.4870377769023011,True,0,0,3,True,-2.17809915353094,30.0,450.0,0.0,0.0,0.0,1.0,0.0
2025-01-28 20:35:00+00:00,2025-01-28,2025-01-28:1,True,3,20,True,0.18681318681318682,0.18681318681318682,-0.9985905560301624,True,0,0,3,True,0.0,25.0,455.0,0.0,0.0,0.0,1.0,0.0
2025-01-28 20:40:00+00:00,2025-01-28,2025-01-28:1,True,4,5,True,-0.012578616352201259,0.012578616352201259,0.5167872198067022,True,1,0,3,True,-0.6694923523674955,20.0,460.0,0.0,0.0,0.0,0.0,1.0
2025-01-28 20:45:00+00:00,2025-01-28,2025-01-28:1,True,4,10,True,-0.16875,0.16875,0.47590705394224997,True,1,0,3,True,1.0641605235865303,15.0,465.0,0.0,0.0,0.0,0.0,1.0
2025-01-28 20:50:00+00:00,2025-01-28,2025-01-28:1,True,3,5,True,0.019736842105263157,0.019736842105263157,-0.9451853756395691,True,0,1,4,True,-0.6675606716663067,10.0,470.0,0.0,0.0,0.0,1.0,0.0
2025-01-28 20:55:00+00:00,2025-01-28,2025-01-28:1,True,3,10,True,-0.11038961038961038,0.016789620503752586,-1.8832551523069399,True,0,0,4,True,0.0,5.0,475.0,0.0,0.0,0.0,1.0,0.0
2025-01-28 21:00:00+00:00,2025-01-28,2025-01-28:1,True,4,5,True,-0.009900990099009901,0.009900990099009901,0.44784659453614417,True,1,0,4,True,-1.0014154288774504,0.0,480.0,0.0,0.0,0.0,0.0,1.0
2025-01-29 13:00:00+00:00,2025-01-29,2025-01-29:1,False,-1,0,False,,,,False,0,0,0,False,,480.0,0.0,,,,,
2025-01-29 13:05:00+00:00,2025-01-29,2025-01-29:1,False,-1,0,True,-0.05956112852664577,,,False,0,0,0,False,,475.0,5.0,,,,,
2025-01-29 13:10:00+00:00,2025-01-29,2025-01-29:1,False,-1,0,True,-0.07849829351535836,,,False,0,0,0,False,,470.0,10.0,,,,,
2025-01-29 13:15:00+00:00,2025-01-29,2025-01-29:1,False,-1,0,True,-0.13043478260869565,,,False,0,0,0,False,,465.0,15.0,,,,,
2025-01-29 13:20:00+00:00,2025-01-29,2025-01-29:1,False,-1,0,True,-0.11182108626198083,,,False,0,0,0,False,,460.0,20.0,,,,,
2025-01-29 13:25:00+00:00,2025-01-29,2025-01-29:1,False,-1,0,True,-0.12693498452012383,,,False,0,0,0,False,,455.0,25.0,,,,,
2025-01-29 13:30:00+00:00,2025-01-29,2025-01-29:1,False,-1,0,True,0.2727272727272727,,,False,0,0,0,False,,450.0,30.0,,,,,
2025-01-29 13:35:00+00:00,2025-01-29,2025-01-29:1,False,-1,0,True,0.036231884057971016,,,False,0,0,0,False,,445.0,35.0,,,,,
2025-01-29 13:40:00+00:00,2025-01-29,2025-01-29:1,False,-1,0,True,0.06666666666666667,,,False,0,0,0,False,,440.0,40.0,,,,,
2025-01-29 13:45:00+00:00,2025-01-29,2025-01-29:1,False,-1,0,True,-0.030508474576271188,,,False,0,0,0,False,,435.0,45.0,,,,,
2025-01-29 13:50:00+00:00,2025-01-29,2025-01-29:1,False,-1,0,True,0.1643835616438356,,,False,0,0,0,False,,430.0,50.0,,,,,
2025-01-29 13:55:00+00:00,2025-01-29,2025-01-29:1,False,-1,0,True,0.05392156862745098,,,False,0,0,0,False,,425.0,55.0,,,,,
2025-01-29 14:00:00+00:00,2025-01-29,2025-01-29:1,False,-1,0,True,0.1746987951807229,,,False,0,0,0,False,,420.0,60.0,,,,,
2025-01-29 14:05:00+00:00,2025-01-29,2025-01-29:1,True,0,5,True,-0.023076923076923078,0.015176380248229577,-0.41909282898301564,True,0,0,0,False,,415.0,65.0,1.0,0.0,0.0,0.0,0.0
2025-01-29 14:10:00+00:00,2025-01-29,2025-01-29:1,True,0,10,True,0.07418397626112759,0.07418397626112759,-0.4205034801565574,True,0,0,0,False,,410.0,70.0,1.0,0.0,0.0,0.0,0.0
2025-01-29 14:15:00+00:00,2025-01-29,2025-01-29:1,True,0,15,True,0.22818791946308725,0.14799178948312938,0.43301270189294233,True,0,0,0,False,,405.0,75.0,1.0,0.0,0.0,0.0,0.0
2025-01-29 14:20:00+00:00,2025-01-29,2025-01-29:1,True,0,20,True,0.22077922077922077,0.22077922077922077,0.0,True,0,0,0,False,,400.0,80.0,1.0,0.0,0.0,0.0,0.0
2025-01-29 14:25:00+00:00,2025-01-29,2025-01-29:1,True,0,25,True,0.08904109589041095,0.0337804126560529,0.9692168874429413,True,0,0,0,False,,395.0,85.0,1.0,0.0,0.0,0.0,0.0
2025-01-29 14:30:00+00:00,2025-01-29,2025-01-29:1,True,0,30,True,-0.29651162790697677,0.14748014605057522,-0.6983928712198862,True,0,0,0,False,,390.0,90.0,1.0,0.0,0.0,0.0,0.0
2025-01-29 14:35:00+00:00,2025-01-29,2025-01-29:1,True,0,35,True,0.013157894736842105,0.013157894736842105,0.0,True,0,0,0,False,,385.0,95.0,1.0,0.0,0.0,0.0,0.0
2025-01-29 14:40:00+00:00,2025-01-29,2025-01-29:1,True,1,5,True,0.23178807947019867,0.07652568960591885,1.1081970073542364,True,0,0,0,False,,380.0,100.0,0.0,1.0,0.0,0.0,0.0
2025-01-29 14:45:00+00:00,2025-01-29,2025-01-29:1,True,1,10,True,0.4336283185840708,0.14923282936719612,1.0666800588419625,True,0,0,0,False,,375.0,105.0,0.0,1.0,0.0,0.0,0.0
2025-01-29 14:50:00+00:00,2025-01-29,2025-01-29:1,True,1,15,True,0.09497206703910614,0.031748563480472135,1.0957353375920091,True,0,0,0,False,,370.0,110.0,0.0,1.0,0.0,0.0,0.0
2025-01-29 14:55:00+00:00,2025-01-29,2025-01-29:1,True,0,5,True,-0.2911392405063291,0.006565885633279694,-3.79191424153671,True,0,0,0,False,,365.0,115.0,1.0,0.0,0.0,0.0,0.0
2025-01-29 15:00:00+00:00,2025-01-29,2025-01-29:1,True,3,5,True,0.07216494845360824,0.07216494845360824,-1.780762525906487,True,0,0,0,False,,360.0,120.0,0.0,0.0,0.0,1.0,0.0
2025-01-29 15:05:00+00:00,2025-01-29,2025-01-29:1,True,4,5,True,0.03132530120481928,0.03132530120481928,0.0,True,0,0,0,True,0.9325225548811278,355.0,125.0,0.0,0.0,0.0,0.0,1.0
2025-01-29 15:10:00+00:00,2025-01-29,2025-01-29:1,True,4,10,True,0.12074303405572756,0.0723277939696111,0.512456121014541,True,1,0,0,True,0.9653600193115176,350.0,130.0,0.0,0.0,0.0,0.0,1.0
2025-01-29 15:15:00+00:00,2025-01-29,2025-01-29:1,True,4,15,True,0.1791907514450867,0.049084768235449196,1.294902121534258,True,1,0,0,True,1.5290500161557912,345.0,135.0,0.0,0.0,0.0,0.0,1.0
2025-01-29 15:20:00+00:00,2025-01-29,2025-01-29:1,True,4,20,True,0.0915032679738562,0.02680834598676374,1.2276614307519305,True,0,0,0,True,1.823768451587402,340.0,140.0,0.0,0.0,0.0,0.0,1.0
2025-01-29 15:25:00+00:00,2025-01-29,2025-01-29:1,True,1,5,True,0.2972972972972973,0.08349520702243027,1.2699434098559488,True,0,0,0,True,0.0,335.0,145.0,0.0,1.0,0.0,0.0,0.0
2025-01-29 15:30:00+00:00,2025-01-29,2025-01-29:1,True,1,10,True,-0.0106951871657754,0.0106951871657754,8.377451861225666,True,0,0,0,True,19.4526076640483,330.0,150.0,0.0,1.0,0.0,0.0,0.0
2025-01-29 15:35:00+00:00,2025-01-29,2025-01-29:1,True,2,5,True,-0.00641025641025641,0.00641025641025641,0.07320053714538066,True,0,0,0,True,-0.181199654285839,325.0,155.0,0.0,0.0,1.0,0.0,0.0
2025-01-29 15:40:00+00:00,2025-01-29,2025-01-29:1,True,2,10,True,0.2727272727272727,0.2727272727272727,-0.3578449599971514,True,0,0,0,True,0.0,320.0,160.0,0.0,0.0,1.0,0.0,0.0
2025-01-29 15:45:00+00:00,2025-01-29,2025-01-29:1,True,2,15,True,-0.07924528301886792,0.036375752238399346,-0.7786454853480586,True,0,0,0,True,-0.31656440647450473,315.0,165.0,0.0,0.0,1.0,0.0,0.0
2025-01-29 15:50:00+00:00,2025-01-29,2025-01-29:1,True,0,5,True,0.011494252873563218,0.011494252873563218,-0.7030987249169454,True,0,0,0,True,0.0,310.0,170.0,1.0,0.0,0.0,0.0,0.0
2025-01-29 15:55:00+00:00,2025-01-29,2025-01-29:1,True,0,10,True,0.10034602076124567,0.10034602076124567,-0.565184723835032,True,0,0,0,True,-0.6318957311702377,305.0,175.0,1.0,0.0,0.0,0.0,0.0
2025-01-29 16:00:00+00:00,2025-01-29,2025-01-29:1,True,3,5,True,-0.14114114114114115,0.10639314312947595,-0.28261926015267175,True,0,0,0,True,0.31597793872693386,300.0,180.0,0.0,0.0,0.0,1.0,0.0
2025-01-29 16:05:00+00:00,2025-01-29,2025-01-29:1,True,4,5,True,-0.07255520504731862,0.07255520504731862,0.27608193596326874,True,0,0,0,True,-0.48578593359516636,295.0,185.0,0.0,0.0,0.0,0.0,1.0
2025-01-29 16:10:00+00:00,2025-01-29,2025-01-29:1,True,4,10,True,0.14195583596214512,0.14195583596214512,-0.13682197862155385,True,0,0,0,True,0.0,290.0,190.0,0.0,0.0,0.0,0.0,1.0
2025-01-29 16:15:00+00:00,2025-01-29,2025-01-29:1,True,0,5,True,0.15570934256055363,0.06868665011055554,0.8184362218294506,True,0,0,0,True,-0.5723686887371447,285.0,195.0,1.0,0.0,0.0,0.0,0.0
2025-01-29 16:20:00+00:00,2025-01-29,2025-01-29:1,True,0,10,True,0.1076923076923077,0.1076923076923077,-0.6779534480289441,True,0,0,0,True,0.0,280.0,200.0,1.0,0.0,0.0,0.0,0.0
2025-01-29 16:25:00+00:00,2025-01-29,2025-01-29:1,True,0,15,True,-0.10091743119266056,0.08800405631478901,-0.13691976164923694,True,0,0,0,True,-0.42579524861295975,275.0,205.0,1.0,0.0,0.0,0.0,0.0
2025-01-29 16:30:00+00:00,2025-01-29,2025-01-29:1,True,0,20,True,-0.18309859154929578,0.18309859154929578,0.13721300511054038,True,0,0,0,True,-0.4099922350580426,270.0,210.0,1.0,0.0,0.0,0.0,0.0
2025-01-29 16:35:00+00:00,2025-01-29,2025-01-29:1,True,0,25,True,-0.11913357400722022,0.06516688611519914,-0.6032938760129761,True,0,0,0,True,0.21975454651222734,265.0,215.0,1.0,0.0,0.0,0.0,0.0
2025-01-29 16:40:00+00:00,2025-01-29,2025-01-29:1,True,0,30,True,0.14545454545454545,0.14545454545454545,-0.32293991077264717,True,0,0,0,True,0.94302627488118,260.0,220.0,1.0,0.0,0.0,0.0,0.0
2025-01-29 16:45:00+00:00,2025-01-29,2025-01-29:1,True,0,35,True,-0.05847953216374269,0.05847953216374269,0.9117775328171009,True,0,0,0,True,0.5159820233107735,255.0,225.0,1.0,0.0,0.0,0.0,0.0
2025-01-29 16:50:00+00:00,2025-01-29,2025-01-29:1,True,0,40,True,-0.0136986301369863,0.004674548256005394,-1.0751633094935154,True,0,0,0,True,-1.5332512832906053,250.0,230.0,1.0,0.0,0.0,0.0,0.0
2025-01-29 16:55:00+00:00,2025-01-29,2025-01-29:1,True,0,45,True,0.0650887573964497,0.035509297765059004,0.6059572657933042,True,0,0,0,True,-0.8132891735170792,245.0,235.0,1.0,0.0,0.0,0.0,0.0
2025-01-29 17:00:00+00:00,2025-01-29,2025-01-29:1,True,0,50,True,0.2090032154340836,0.2090032154340836,-1.150863274392437,True,0,0,0,True,-0.08550155454636812,240.0,240.0,1.0,0.0,0.0,0.0,0.0
2025-01-29 17:05:00+00:00,2025-01-29,2025-01-29:1,True,3,5,True,0.11764705882352941,0.11764705882352941,-0.9571877280938639,True,0,0,0,True,-0.7134456090835067,235.0,245.0,0.0,0.0,0.0,1.0,0.0
2025-01-29 17:10:00+00:00,2025-01-29,2025-01-29:1,True,3,10,True,0.06312292358803986,0.06312292358803986,-1.2295080217081251,True,0,0,0,True,0.0,230.0,250.0,0.0,0.0,0.0,1.0,0.0
2025-01-29 17:15:00+00:00,2025-01-29,2025-01-29:1,True,3,15,True,0.16967509025270758,0.16967509025270758,-0.7065318214990306,True,0,0,0,True,0.6450911633304236,225.0,255.0,0.0,0.0,0.0,1.0,0.0
2025-01-29 17:20:00+00:00,2025-01-29,2025-01-29:1,True,4,5,True,0.14893617021276595,0.11721105176042353,0.23954165533315533,True,1,0,0,True,0.41307033866557985,220.0,260.0,0.0,0.0,0.0,0.0,1.0
2025-01-29 17:25:00+00:00,2025-01-29,2025-01-29:1,True,4,10,True,-0.3978494623655914,0.3978494623655914,0.23608465152384847,True,1,0,0,True,0.0,215.0,265.0,0.0,0.0,0.0,0.0,1.0
2025-01-29 17:30:00+00:00,2025-01-29,2025-01-29:1,True,0,5,True,-0.08070175438596491,0.08070175438596491,0.6944964614367166,True,1,0,0,True,0.7764706489520443,210.0,270.0,1.0,0.0,0.0,0.0,0.0
2025-01-29 17:35:00+00:00,2025-01-29,2025-01-29:1,True,0,10,True,-0.1760797342192691,0.11111994308701258,-0.46032674151533864,True,1,0,0,True,1.477514861643682,205.0,275.0,1.0,0.0,0.0,0.0,0.0
2025-01-29 17:40:00+00:00,2025-01-29,2025-01-29:1,True,0,15,True,0.06397306397306397,0.05105251777036461,0.22560725625765543,True,1,0,0,True,-0.16613706525294572,200.0,280.0,1.0,0.0,0.0,0.0,0.0
2025-01-29 17:45:00+00:00,2025-01-29,2025-01-29:1,True,0,20,True,-0.14121037463976946,0.14121037463976946,0.7109666546383404,True,0,0,0,True,1.4734599737426783,195.0,285.0,1.0,0.0,0.0,0.0,0.0
2025-01-29 17:50:00+00:00,2025-01-29,2025-01-29:1,True,1,5,True,-0.07348242811501597,0.07348242811501597,0.6519624475533999,True,0,0,0,True,-0.0984517449888422,190.0,290.0,0.0,1.0,0.0,0.0,0.0
2025-01-29 17:55:00+00:00,2025-01-29,2025-01-29:1,True,1,10,True,-0.17647058823529413,0.17647058823529413,1.601629604904046,True,0,0,0,True,0.19642111984437868,185.0,295.0,0.0,1.0,0.0,0.0,0.0
2025-01-29 18:00:00+00:00,2025-01-29,2025-01-29:1,True,1,15,True,-0.2821917808219178,0.2821917808219178,0.4930840375957344,True,0,0,0,True,-0.1568360450716804,180.0,300.0,0.0,1.0,0.0,0.0,0.0
2025-01-29 18:05:00+00:00,2025-01-29,2025-01-29:1,True,2,5,True,-0.09897610921501707,0.055599417668075905,-0.5767057723456126,True,0,0,0,True,0.4298511033273063,175.0,305.0,0.0,0.0,1.0,0.0,0.0
2025-01-29 18:10:00+00:00,2025-01-29,2025-01-29:1,True,2,10,True,-0.2403560830860534,0.2403560830860534,0.1138270256029276,True,0,0,0,True,0.6134237528731876,170.0,310.0,0.0,0.0,1.0,0.0,0.0
2025-01-29 18:15:00+00:00,2025-01-29,2025-01-29:1,True,0,5,True,0.15634218289085547,0.15634218289085547,-0.8312765098367663,True,0,0,0,True,0.7966246217542623,165.0,315.0,1.0,0.0,0.0,0.0,0.0
2025-01-29 18:20:00+00:00,2025-01-29,2025-01-29:1,True,0,10,True,0.34824281150159747,0.34824281150159747,-0.7995741900845104,True,0,0,0,True,-0.7628427919129952,160.0,320.0,1.0,0.0,0.0,0.0,0.0
2025-01-29 18:25:00+00:00,2025-01-29,2025-01-29:1,True,0,15,True,-0.32571428571428573,0.32571428571428573,1.8071981392763734,True,0,0,0,True,1.139014293901301,155.0,325.0,1.0,0.0,0.0,0.0,0.0
2025-01-29 18:30:00+00:00,2025-01-29,2025-01-29:1,True,0,20,True,0.0659025787965616,0.0659025787965616,-0.4442005218020433,True,0,0,0,True,-0.38363435640030835,150.0,330.0,1.0,0.0,0.0,0.0,0.0
2025-01-29 18:35:00+00:00,2025-01-29,2025-01-29:1,True,0,25,True,0.14545454545454545,0.14545454545454545,-0.988762098998318,True,0,0,0,True,0.4913198370964932,145.0,335.0,1.0,0.0,0.0,0.0,0.0
2025-01-29 18:40:00+00:00,2025-01-29,2025-01-29:1,True,3,5,True,0.13609467455621302,0.13609467455621302,-1.3212243793900453,True,0,0,0,True,0.0,140.0,340.0,0.0,0.0,0.0,1.0,0.0
2025-01-29 18:45:00+00:00,2025-01-29,2025-01-29:1,True,3,10,True,0.08280254777070063,0.08280254777070063,-0.2202512078582587,True,0,0,0,True,0.0,135.0,345.0,0.0,0.0,0.0,1.0,0.0
2025-01-29 18:50:00+00:00,2025-01-29,2025-01-29:1,True,0,5,True,-0.04895104895104895,0.04895104895104895,0.47746083344813384,True,0,0,0,True,0.0,130.0,350.0,1.0,0.0,0.0,0.0,0.0
2025-01-29 18:55:00+00:00,2025-01-29,2025-01-29:1,True,3,5,True,-0.11974110032362459,0.06069595778019955,-0.6794548122875295,True,0,0,0,True,-0.6077228591667465,125.0,355.0,0.0,0.0,0.0,1.0,0.0
2025-01-29 19:00:00+00:00,2025-01-29,2025-01-29:1,True,3,10,True,-0.1492063492063492,0.09499081106370456,-0.45155008058946383,True,0,0,0,True,0.5433596638102471,120.0,360.0,0.0,0.0,0.0,1.0,0.0
2025-01-29 19:05:00+00:00,2025-01-29,2025-01-29:1,True,4,5,True,-0.18446601941747573,0.18446601941747573,0.0,True,0,0,0,True,0.0,115.0,365.0,0.0,0.0,0.0,0.0,1.0
2025-01-29 19:10:00+00:00,2025-01-29,2025-01-29:1,True,0,5,True,0.05172413793103448,0.05172413793103448,-0.6588168321896972,True,0,0,0,True,0.5131337788206349,110.0,370.0,1.0,0.0,0.0,0.0,0.0
2025-01-29 19:15:00+00:00,2025-01-29,2025-01-29:1,True,0,10,True,-0.009836065573770493,0.007024831192628719,-0.3366046056307827,True,0,0,0,True,0.0,105.0,375.0,1.0,0.0,0.0,0.0,0.0
2025-01-29 19:20:00+00:00,2025-01-29,2025-01-29:1,True,4,5,True,0.15853658536585366,0.11038617178921675,0.3620005187140119,True,1,0,0,True,-0.8094577677370159,100.0,380.0,0.0,0.0,0.0,0.0,1.0
2025-01-29 19:25:00+00:00,2025-01-29,2025-01-29:1,True,0,5,True,-0.2628398791540785,0.2628398791540785,0.38734962901733694,True,1,0,0,True,-0.2920191412563672,95.0,385.0,1.0,0.0,0.0,0.0,0.0
2025-01-29 19:30:00+00:00,2025-01-29,2025-01-29:1,True,0,10,True,-0.27631578947368424,0.27631578947368424,0.8380037741315444,True,1,0,0,True,0.3429887947816082,90.0,390.0,1.0,0.0,0.0,0.0,0.0
2025-01-29 19:35:00+00:00,2025-01-29,2025-01-29:1,True,0,15,True,-0.1513353115727003,0.1513353115727003,0.44279517986373035,True,1,0,0,True,0.990120122284547,85.0,395.0,1.0,0.0,0.0,0.0,0.0
2025-01-29 19:40:00+00:00,2025-01-29,2025-01-29:1,True,2,5,True,-0.3183279742765273,0.3183279742765273,0.0,True,1,0,0,True,0.6773720672009605,80.0,400.0,0.0,0.0,1.0,0.0,0.0
2025-01-29 19:45:00+00:00,2025-01-29,2025-01-29:1,True,2,10,True,0.3885350318471338,0.3885350318471338,0.0,True,0,0,0,True,-1.0919343600598748,75.0,405.0,0.0,0.0,1.0,0.0,0.0
2025-01-29 19:50:00+00:00,2025-01-29,2025-01-29:1,True,1,5,True,0.09375,0.05752984022577863,0.48832789121229425,True,0,0,0,True,0.0,70.0,410.0,0.0,1.0,0.0,0.0,0.0
2025-01-29 19:55:00+00:00,2025-01-29,2025-01-29:1,True,0,5,True,0.27586206896551724,0.27586206896551724,-0.49455101501328547,True,0,0,0,True,0.0,65.0,415.0,1.0,0.0,0.0,0.0,0.0
2025-01-29 20:00:00+00:00,2025-01-29,2025-01-29:1,True,0,10,True,-0.16607773851590105,0.039743476106876154,-1.4300102785157416,True,0,0,0,True,0.6783617750993793,60.0,420.0,1.0,0.0,0.0,0.0,0.0
2025-01-29 20:05:00+00:00,2025-01-29,2025-01-29:1,True,0,15,True,0.047619047619047616,0.047619047619047616,0.0,True,0,0,0,True,0.0,55.0,425.0,1.0,0.0,0.0,0.0,0.0
2025-01-29 20:10:00+00:00,2025-01-29,2025-01-29:1,True,3,5,True,0.24691358024691357,0.24691358024691357,-0.9438464801245245,True,0,0,0,True,0.0,50.0,430.0,0.0,0.0,0.0,1.0,0.0
2025-01-29 20:15:00+00:00,2025-01-29,2025-01-29:1,True,4,5,True,0.037037037037037035,0.037037037037037035,0.0,True,0,0,0,True,1.0974931997858715,45.0,435.0,0.0,0.0,0.0,0.0,1.0
2025-01-29 20:20:00+00:00,2025-01-29,2025-01-29:1,True,4,10,True,0.08045977011494253,0.03103229496264517,0.952728874178065,True,1,0,0,True,0.0,40.0,440.0,0.0,0.0,0.0,0.0,1.0
2025-01-29 20:25:00+00:00,2025-01-29,2025-01-29:1,True,3,5,True,-0.049689440993788817,0.012927915894873498,-1.3464034595763756,True,0,1,1,True,1.0035498869197903,35.0,445.0,0.0,0.0,0.0,1.0,0.0
2025-01-29 20:30:00+00:00,2025-01-29,2025-01-29:1,True,0,5,True,0.19298245614035087,0.19298245614035087,0.0,True,0,0,1,True,0.0,30.0,450.0,1.0,0.0,0.0,0.0,0.0
2025-01-29 20:35:00+00:00,2025-01-29,2025-01-29:1,True,0,10,True,-0.05084745762711865,0.05084745762711865,0.4737147931289342,True,0,0,1,True,1.7503834700982184,25.0,455.0,1.0,0.0,0.0,0.0,0.0
2025-01-29 20:40:00+00:00,2025-01-29,2025-01-29:1,True,0,15,True,0.2046783625730994,0.2046783625730994,-0.9401569715140193,True,0,0,1,True,-1.0511274489143343,20.0,460.0,1.0,0.0,0.0,0.0,0.0
2025-01-29 20:45:00+00:00,2025-01-29,2025-01-29:1,True,3,5,True,0.0,0.0,-1.4157697201863237,True,0,0,1,True,0.0,15.0,465.0,0.0,0.0,0.0,1.0,0.0
2025-01-29 20:50:00+00:00,2025-01-29,2025-01-29:1,True,4,5,True,0.24203821656050956,0.1476718341586453,0.49410315829313667,True,1,0,1,True,0.0,10.0,470.0,0.0,0.0,0.0,0.0,1.0
2025-01-29 20:55:00+00:00,2025-01-29,2025-01-29:1,True,0,5,True,-0.08483290488431877,0.08483290488431877,0.0,True,1,0,1,True,0.0,5.0,475.0,1.0,0.0,0.0,0.0,0.0
2025-01-29 21:00:00+00:00,2025-01-29,2025-01-29:1,True,3,5,True,-0.13011152416356878,0.025194230897809748,-1.6417769251880052,True,0,1,2,True,-1.7974582660671394,0.0,480.0,0.0,0.0,0.0,1.0,0.0
2025-01-30 13:00:00+00:00,2025-01-30,2025-01-30:1,False,-1,0,False,,,,False,0,0,0,False,,480.0,0.0,,,,,
2025-01-30 13:05:00+00:00,2025-01-30,2025-01-30:1,False,-1,0,True,-0.0035587188612099642,,,False,0,0,0,False,,475.0,5.0,,,,,
2025-01-30 13:10:00+00:00,2025-01-30,2025-01-30:1,False,-1,0,True,0.16825396825396827,,,False,0,0,0,False,,470.0,10.0,,,,,
2025-01-30 13:15:00+00:00,2025-01-30,2025-01-30:1,False,-1,0,True,-0.23976608187134502,,,False,0,0,0,False,,465.0,15.0,,,,,
2025-01-30 13:20:00+00:00,2025-01-30,2025-01-30:1,False,-1,0,True,0.06802721088435375,,,False,0,0,0,False,,460.0,20.0,,,,,
2025-01-30 13:25:00+00:00,2025-01-30,2025-01-30:1,False,-1,0,True,-0.027692307692307693,,,False,0,0,0,False,,455.0,25.0,,,,,
2025-01-30 13:30:00+00:00,2025-01-30,2025-01-30:1,False,-1,0,True,-0.23115577889447236,,,False,0,0,0,False,,450.0,30.0,,,,,
2025-01-30 13:35:00+00:00,2025-01-30,2025-01-30:1,False,-1,0,True,0.23417721518987342,,,False,0,0,0,False,,445.0,35.0,,,,,
2025-01-30 13:40:00+00:00,2025-01-30,2025-01-30:1,False,-1,0,True,0.23961661341853036,,,False,0,0,0,False,,440.0,40.0,,,,,
2025-01-30 13:45:00+00:00,2025-01-30,2025-01-30:1,False,-1,0,True,0.5645161290322581,,,False,0,0,0,False,,435.0,45.0,,,,,
2025-01-30 13:50:00+00:00,2025-01-30,2025-01-30:1,False,-1,0,True,-0.0996309963099631,,,False,0,0,0,False,,430.0,50.0,,,,,
2025-01-30 13:55:00+00:00,2025-01-30,2025-01-30:1,False,-1,0,True,0.0064516129032258064,,,False,0,0,0,False,,425.0,55.0,,,,,
2025-01-30 14:00:00+00:00,2025-01-30,2025-01-30:1,False,-1,0,True,0.16434540389972144,,,False,0,0,0,False,,420.0,60.0,,,,,
2025-01-30 14:05:00+00:00,2025-01-30,2025-01-30:1,True,0,5,True,0.09192200557103064,0.09192200557103064,-0.5752476390921786,True,0,0,0,False,,415.0,65.0,1.0,0.0,0.0,0.0,0.0
2025-01-30 14:10:00+00:00,2025-01-30,2025-01-30:1,True,0,10,True,0.20625,0.14067663696348776,0.38262512347132416,True,0,0,0,False,,410.0,70.0,1.0,0.0,0.0,0.0,0.0
2025-01-30 14:15:00+00:00,2025-01-30,2025-01-30:1,True,0,15,True,-0.2702702702702703,0.11861906161292209,-0.8235052638199587,True,0,0,0,False,,405.0,75.0,1.0,0.0,0.0,0.0,0.0
2025-01-30 14:20:00+00:00,2025-01-30,2025-01-30:1,True,0,20,True,-0.01060070671378092,0.01060070671378092,0.42794278038023154,True,0,0,0,False,,400.0,80.0,1.0,0.0,0.0,0.0,0.0
2025-01-30 14:25:00+00:00,2025-01-30,2025-01-30:1,True,0,25,True,0.13414634146341464,0.05939197469590355,0.8147721934048804,True,0,0,0,False,,395.0,85.0,1.0,0.0,0.0,0.0,0.0
2025-01-30 14:30:00+00:00,2025-01-30,2025-01-30:1,True,0,30,True,-0.09923664122137404,0.030487328673608295,-1.1801961692781169,True,0,0,0,False,,390.0,90.0,1.0,0.0,0.0,0.0,0.0
2025-01-30 14:35:00+00:00,2025-01-30,2025-01-30:1,True,0,35,True,0.11911357340720222,0.08083161590856867,0.3877092613510342,True,0,0,0,False,,385.0,95.0,1.0,0.0,0.0,0.0,0.0
2025-01-30 14:40:00+00:00,2025-01-30,2025-01-30:1,True,0,40,True,-0.012738853503184714,0.012738853503184714,0.3871036015978982,True,0,0,0,False,,380.0,100.0,1.0,0.0,0.0,0.0,0.0
2025-01-30 14:45:00+00:00,2025-01-30,2025-01-30:1,True,0,45,True,0.1365079365079365,0.1365079365079365,-0.7873139152163546,True,0,0,0,False,,375.0,105.0,1.0,0.0,0.0,0.0,0.0
2025-01-30 14:50:00+00:00,2025-01-30,2025-01-30:1,True,0,50,True,0.28488372093023256,0.28488372093023256,-0.4069689431468502,True,0,0,0,False,,370.0,110.0,1.0,0.0,0.0,0.0,0.0
2025-01-30 14:55:00+00:00,2025-01-30,2025-01-30:1,True,0,55,True,0.18051575931232092,0.11794541608471262,0.42559614127993683,True,0,0,0,False,,365.0,115.0,1.0,0.0,0.0,0.0,0.0
2025-01-30 15:00:00+00:00,2025-01-30,2025-01-30:1,True,0,60,True,0.28205128205128205,0.28205128205128205,-0.43609860022895375,True,0,0,0,False,,360.0,120.0,1.0,0.0,0.0,0.0,0.0
2025-01-30 15:05:00+00:00,2025-01-30,2025-01-30:1,True,0,65,True,-0.009523809523809525,0.006128863184255923,-0.4407856472564322,True,0,0,0,True,0.4848163738426282,355.0,125.0,1.0,0.0,0.0,0.0,0.0
2025-01-30 15:10:00+00:00,2025-01-30,2025-01-30:1,True,3,5,True,-0.11746031746031746,0.020771687114909586,-1.7325096897614107,True,0,0,0,True,-0.9685023594952082,350.0,130.0,0.0,0.0,0.0,1.0,0.0
2025-01-30 15:15:00+00:00,2025-01-30,2025-01-30:1,True,3,10,True,-0.07210031347962383,0.045868086708952295,-0.45228879555031576,True,0,0,0,True,-1.0113484923120104,345.0,135.0,0.0,0.0,0.0,1.0,0.0
2025-01-30 15:20:00+00:00,2025-01-30,2025-01-30:1,True,3,15,True,-0.13076923076923078,0.08301653963374829,-0.4543943119425768,True,0,0,0,True,1.0160565700928463,340.0,140.0,0.0,0.0,0.0,1.0,0.0
2025-01-30 15:25:00+00:00,2025-01-30,2025-01-30:1,True,3,20,True,0.17365269461077845,0.17365269461077845,-0.5082321227061419,True,0,0,0,True,-1.136441574719948,335.0,145.0,0.0,0.0,0.0,1.0,0.0
2025-01-30 15:30:00+00:00,2025-01-30,2025-01-30:1,True,3,25,True,-0.02425876010781671,0.008386047515956535,-1.062208478873402,True,0,0,0,True,-3.5627555475546773,330.0,150.0,0.0,0.0,0.0,1.0,0.0
2025-01-30 15:35:00+00:00,2025-01-30,2025-01-30:1,True,4,5,True,0.07027027027027027,0.07027027027027027,0.0,True,0,0,0,True,1.1632759815156828,325.0,155.0,0.0,0.0,0.0,0.0,1.0
2025-01-30 15:40:00+00:00,2025-01-30,2025-01-30:1,True,3,5,True,0.23024054982817868,0.23024054982817868,-1.5431026923966529,True,0,0,0,True,1.1501608388195317,320.0,160.0,0.0,0.0,0.0,1.0,0.0
2025-01-30 15:45:00+00:00,2025-01-30,2025-01-30:1,True,0,5,True,0.22437673130193905,0.023135191865071077,2.2719715597154666,True,0,0,0,True,-1.0160565700928463,315.0,165.0,1.0,0.0,0.0,0.0,0.0
2025-01-30 15:50:00+00:00,2025-01-30,2025-01-30:1,True,0,10,True,-0.11827956989247312,0.11827956989247312,0.4392813576759234,True,0,0,0,True,1.9645259540263194,310.0,170.0,1.0,0.0,0.0,0.0,0.0
2025-01-30 15:55:00+00:00,2025-01-30,2025-01-30:1,True,1,5,True,-0.30513595166163143,0.30513595166163143,1.8720368911237146,True,0,0,0,True,3.25577913495392,305.0,175.0,0.0,1.0,0.0,0.0,0.0
2025-01-30 16:00:00+00:00,2025-01-30,2025-01-30:1,True,0,5,True,0.05517241379310345,0.05517241379310345,-0.6283531222963061,True,0,0,0,True,0.37221725114768733,300.0,180.0,1.0,0.0,0.0,0.0,0.0
2025-01-30 16:05:00+00:00,2025-01-30,2025-01-30:1,True,0,10,True,-0.06529209621993128,0.03491034599276471,-0.6260877589162802,True,0,0,0,True,0.0,295.0,185.0,1.0,0.0,0.0,0.0,0.0
2025-01-30 16:10:00+00:00,2025-01-30,2025-01-30:1,True,0,15,True,-0.028037383177570093,0.013321726798586873,-0.7441424369450266,True,0,0,0,True,0.9478402713151567,290.0,190.0,1.0,0.0,0.0,0.0,0.0
2025-01-30 16:15:00+00:00,2025-01-30,2025-01-30:1,True,0,20,True,0.01466275659824047,0.004738823885474327,1.1295217346412996,True,0,0,0,True,0.24350761922191946,285.0,195.0,1.0,0.0,0.0,0.0,0.0
2025-01-30 16:20:00+00:00,2025-01-30,2025-01-30:1,True,0,25,True,0.1534090909090909,0.1534090909090909,-1.0828992600674054,True,0,0,0,True,-0.6053590895745958,280.0,200.0,1.0,0.0,0.0,0.0,0.0
2025-01-30 16:25:00+00:00,2025-01-30,2025-01-30:1,True,3,5,True,0.12052117263843648,0.12052117263843648,-0.2687018672299188,True,0,0,0,True,-0.6008356408072215,275.0,205.0,0.0,0.0,0.0,1.0,0.0
2025-01-30 16:30:00+00:00,2025-01-30,2025-01-30:1,True,0,5,True,0.14098360655737704,0.10785640617365365,0.2678428480759478,True,0,0,0,True,-0.5989148155866704,270.0,210.0,1.0,0.0,0.0,0.0,0.0
2025-01-30 16:35:00+00:00,2025-01-30,2025-01-30:1,True,0,10,True,-0.0473186119873817,0.027465043007440234,-0.5439896735138278,True,0,0,0,True,-0.44540907447797384,265.0,215.0,1.0,0.0,0.0,0.0,0.0
2025-01-30 16:40:00+00:00,2025-01-30,2025-01-30:1,True,0,15,True,0.04,0.030414853822611124,0.27394835244812765,True,0,0,0,True,0.0,260.0,220.0,1.0,0.0,0.0,0.0,0.0
2025-01-30 16:45:00+00:00,2025-01-30,2025-01-30:1,True,3,5,True,-0.10835913312693499,0.03613946800508874,-1.0980654525836187,True,0,0,0,True,-0.2707316522804457,255.0,225.0,0.0,0.0,0.0,1.0,0.0
2025-01-30 16:50:00+00:00,2025-01-30,2025-01-30:1,True,3,10,True,-0.07407407407407407,0.04289763151936797,-0.5462489784666155,True,0,0,0,True,0.0,250.0,230.0,0.0,0.0,0.0,1.0,0.0
2025-01-30 16:55:00+00:00,2025-01-30,2025-01-30:1,True,3,15,True,-0.0657439446366782,0.04980651858037428,-0.27762169938332726,True,0,0,0,True,0.6207809918501311,245.0,235.0,0.0,0.0,0.0,1.0,0.0
2025-01-30 17:00:00+00:00,2025-01-30,2025-01-30:1,True,3,20,True,0.017964071856287425,0.017964071856287425,-0.34071889083823786,True,0,0,0,True,0.0,240.0,240.0,0.0,0.0,0.0,1.0,0.0
2025-01-30 17:05:00+00:00,2025-01-30,2025-01-30:1,True,0,5,True,-0.3611940298507463,0.3611940298507463,0.8629048444162761,True,0,0,0,True,1.9295138902286735,235.0,245.0,1.0,0.0,0.0,0.0,0.0
2025-01-30 17:10:00+00:00,2025-01-30,2025-01-30:1,True,3,5,True,0.30919220055710306,0.30919220055710306,-1.262540476312566,True,0,0,0,True,-0.8066075226815977,230.0,250.0,0.0,0.0,0.0,1.0,0.0
2025-01-30 17:15:00+00:00,2025-01-30,2025-01-30:1,True,3,10,True,-0.18950437317784258,0.12801368971197052,-0.3922748926362846,True,0,0,0,True,-0.8771533258011641,225.0,255.0,0.0,0.0,0.0,1.0,0.0
2025-01-30 17:20:00+00:00,2025-01-30,2025-01-30:1,True,0,5,True,-0.048484848484848485,0.048484848484848485,0.0,True,0,0,0,True,0.0,220.0,260.0,1.0,0.0,0.0,0.0,0.0
2025-01-30 17:25:00+00:00,2025-01-30,2025-01-30:1,True,0,10,True,-0.1761006289308176,0.1761006289308176,0.44224440131767845,True,0,0,0,True,0.0,215.0,265.0,1.0,0.0,0.0,0.0,0.0
2025-01-30 17:30:00+00:00,2025-01-30,2025-01-30:1,True,0,15,True,-0.3811074918566775,0.3811074918566775,1.3201849880321797,True,0,0,0,True,0.0,210.0,270.0,1.0,0.0,0.0,0.0,0.0
2025-01-30 17:35:00+00:00,2025-01-30,2025-01-30:1,True,0,20,True,0.021406727828746176,0.008320055530126944,0.9450363280352487,True,0,0,0,True,-0.8437052141036697,205.0,275.0,1.0,0.0,0.0,0.0,0.0
2025-01-30 17:40:00+00:00,2025-01-30,2025-01-30:1,True,2,5,True,0.04318936877076412,0.04318936877076412,-0.4870989792131858,True,0,0,0,True,-1.0891864292914404,200.0,280.0,0.0,0.0,1.0,0.0,0.0
2025-01-30 17:45:00+00:00,2025-01-30,2025-01-30:1,True,2,10,True,0.3649851632047478,0.3649851632047478,-0.5449585908776631,True,0,0,0,True,0.0,195.0,285.0,0.0,0.0,1.0,0.0,0.0
2025-01-30 17:50:00+00:00,2025-01-30,2025-01-30:1,True,2,15,True,0.16374269005847952,0.16374269005847952,0.0,True,0,0,0,True,1.2302305855867686,190.0,290.0,0.0,0.0,1.0,0.0,0.0
2025-01-30 17:55:00+00:00,2025-01-30,2025-01-30:1,True,0,5,True,-0.3136094674556213,0.3136094674556213,0.0,True,0,0,0,True,-1.0024716305137382,185.0,295.0,1.0,0.0,0.0,0.0,0.0
2025-01-30 18:00:00+00:00,2025-01-30,2025-01-30:1,True,0,10,True,-0.2691358024691358,0.2691358024691358,1.3980362299866602,True,0,0,0,True,-0.3404862986041088,180.0,300.0,1.0,0.0,0.0,0.0,0.0
2025-01-30 18:05:00+00:00,2025-01-30,2025-01-30:1,True,0,15,True,0.05154639175257732,0.05154639175257732,-1.5078068185930424,True,0,0,0,True,-0.9102648273622475,175.0,305.0,1.0,0.0,0.0,0.0,0.0
2025-01-30 18:10:00+00:00,2025-01-30,2025-01-30:1,True,0,20,True,-0.0749185667752443,0.0749185667752443,0.5235708315423191,True,0,0,0,True,-1.1707399703647166,170.0,310.0,1.0,0.0,0.0,0.0,0.0
2025-01-30 18:15:00+00:00,2025-01-30,2025-01-30:1,True,0,25,True,-0.009584664536741214,0.009584664536741214,0.0,True,0,0,0,True,1.4964695603536395,165.0,315.0,1.0,0.0,0.0,0.0,0.0
2025-01-30 18:20:00+00:00,2025-01-30,2025-01-30:1,True,3,5,True,-0.08333333333333333,0.00899074501500595,-2.2266529126196857,True,0,0,0,True,-0.4978947274912687,160.0,320.0,0.0,0.0,0.0,1.0,0.0
2025-01-30 18:25:00+00:00,2025-01-30,2025-01-30:1,True,3,10,True,-0.25333333333333335,0.03968994452505529,-1.853608275524108,True,0,0,0,True,-0.1152660830352489,155.0,325.0,0.0,0.0,0.0,1.0,0.0
2025-01-30 18:30:00+00:00,2025-01-30,2025-01-30:1,True,3,15,True,-0.10485933503836317,0.04742864183523243,-0.7933934813632134,True,0,0,0,True,0.0,150.0,330.0,0.0,0.0,0.0,1.0,0.0
2025-01-30 18:35:00+00:00,2025-01-30,2025-01-30:1,True,4,5,True,0.019498607242339833,0.019498607242339833,0.0,True,0,0,0,True,1.3968884492118596,145.0,335.0,0.0,0.0,0.0,0.0,1.0
2025-01-30 18:40:00+00:00,2025-01-30,2025-01-30:1,True,4,10,True,-0.08761329305135952,0.08761329305135952,0.3461462522651309,True,1,0,0,True,-0.7740065502216233,140.0,340.0,0.0,0.0,0.0,0.0,1.0
2025-01-30 18:45:00+00:00,2025-01-30,2025-01-30:1,True,3,5,True,-0.13793103448275862,0.09802287255499832,-0.3415529652586383,True,1,0,0,True,-1.0339840651451075,135.0,345.0,0.0,0.0,0.0,1.0,0.0
2025-01-30 18:50:00+00:00,2025-01-30,2025-01-30:1,True,0,5,True,-0.13872832369942195,0.13872832369942195,1.158603410787691,True,1,0,0,True,-0.11899087148483375,130.0,350.0,1.0,0.0,0.0,0.0,0.0
2025-01-30 18:55:00+00:00,2025-01-30,2025-01-30:1,True,0,10,True,0.13043478260869565,0.038470888363261214,1.2209715428590464,True,1,0,0,True,-1.7656411233866265,125.0,355.0,1.0,0.0,0.0,0.0,0.0
2025-01-30 19:00:00+00:00,2025-01-30,2025-01-30:1,True,2,5,True,-0.04843304843304843,0.04843304843304843,0.0,True,1,0,0,True,-0.6726147635511361,120.0,360.0,0.0,0.0,1.0,0.0,0.0
2025-01-30 19:05:00+00:00,2025-01-30,2025-01-30:1,True,1,5,True,0.10726643598615918,0.03169148114723861,1.2192678841125366,True,0,0,0,True,0.6815914679140076,115.0,365.0,0.0,1.0,0.0,0.0,0.0
2025-01-30 19:10:00+00:00,2025-01-30,2025-01-30:1,True,2,5,True,0.1951219512195122,0.1951219512195122,0.0,True,0,0,0,True,-1.119725089827332,110.0,370.0,0.0,0.0,1.0,0.0,0.0
2025-01-30 19:15:00+00:00,2025-01-30,2025-01-30:1,True,0,5,True,-0.12267657992565056,0.01015258691012311,-2.4918229198398865,True,0,0,0,True,1.0595933973178493,105.0,375.0,1.0,0.0,0.0,0.0,0.0
2025-01-30 19:20:00+00:00,2025-01-30,2025-01-30:1,True,0,10,True,-0.135,0.0331408933365609,-1.4045068103591276,True,0,0,0,True,0.27216374103282975,100.0,380.0,1.0,0.0,0.0,0.0,0.0
2025-01-30 19:25:00+00:00,2025-01-30,2025-01-30:1,True,3,5,True,-0.2733118971061093,0.06626591351024443,-1.4169379833430147,True,0,0,0,True,0.24226392913158426,95.0,385.0,0.0,0.0,0.0,1.0,0.0
2025-01-30 19:30:00+00:00,2025-01-30,2025-01-30:1,True,3,10,True,0.12280701754385964,0.12280701754385964,-0.9718478825822967,True,0,0,0,True,0.3104454184630692,90.0,390.0,0.0,0.0,0.0,1.0,0.0
2025-01-30 19:35:00+00:00,2025-01-30,2025-01-30:1,True,4,5,True,0.07076923076923076,0.053053889673164586,0.288116129320343,True,1,0,0,True,0.0,85.0,395.0,0.0,0.0,0.0,0.0,1.0
2025-01-30 19:40:00+00:00,2025-01-30,2025-01-30:1,True,4,10,True,0.23255813953488372,0.23255813953488372,0.0,True,1,0,0,True,0.0,80.0,400.0,0.0,0.0,0.0,0.0,1.0
2025-01-30 19:45:00+00:00,2025-01-30,2025-01-30:1,True,4,15,True,-0.2326283987915408,0.17448960543885264,-0.28757715327615946,True,1,0,0,True,0.4494808851995735,75.0,405.0,0.0,0.0,0.0,0.0,1.0
2025-01-30 19:50:00+00:00,2025-01-30,2025-01-30:1,True,4,20,True,0.11974110032362459,0.11974110032362459,0.0,True,1,0,0,True,0.2061836084647957,70.0,410.0,0.0,0.0,0.0,0.0,1.0
2025-01-30 19:55:00+00:00,2025-01-30,2025-01-30:1,True,0,5,True,0.1507537688442211,0.1507537688442211,0.0,True,1,0,0,True,0.0,65.0,415.0,1.0,0.0,0.0,0.0,0.0
2025-01-30 20:00:00+00:00,2025-01-30,2025-01-30:1,True,0,10,True,-0.22641509433962265,0.22641509433962265,1.1542421116269914,True,0,0,0,True,0.6452409560222548,60.0,420.0,1.0,0.0,0.0,0.0,0.0
2025-01-30 20:05:00+00:00,2025-01-30,2025-01-30:1,True,0,15,True,0.10263929618768329,0.043125323728865066,0.8671104811083943,True,0,0,0,True,-0.4411997569783341,55.0,425.0,1.0,0.0,0.0,0.0,0.0
2025-01-30 20:10:00+00:00,2025-01-30,2025-01-30:1,True,1,5,True,0.01928374655647383,0.014270995727174942,0.3010333870605326,True,0,0,0,True,1.1313806414773993,50.0,430.0,0.0,1.0,0.0,0.0,0.0
2025-01-30 20:15:00+00:00,2025-01-30,2025-01-30:1,True,2,5,True,-0.09271523178807947,0.09271523178807947,0.0,True,0,0,0,True,0.7348920764908796,45.0,435.0,0.0,0.0,1.0,0.0,0.0
2025-01-30 20:20:00+00:00,2025-01-30,2025-01-30:1,True,1,5,True,0.03496503496503497,0.01803801575281204,0.6618670441006306,True,0,0,0,True,-0.477547641546679,40.0,440.0,0.0,1.0,0.0,0.0,0.0
2025-01-30 20:25:00+00:00,2025-01-30,2025-01-30:1,True,1,10,True,0.1,0.05159928463621003,0.6616623772360161,True,0,0,0,True,0.0,35.0,445.0,0.0,1.0,0.0,0.0,0.0
2025-01-30 20:30:00+00:00,2025-01-30,2025-01-30:1,True,1,15,True,-0.043243243243243246,0.043243243243243246,0.5252086783779994,True,0,0,0,True,-0.7829348714862459,30.0,450.0,0.0,1.0,0.0,0.0,0.0
2025-01-30 20:35:00+00:00,2025-01-30,2025-01-30:1,True,0,5,True,-0.23529411764705882,0.11771832496299055,-0.6925416017743776,True,0,0,0,True,0.0,25.0,455.0,1.0,0.0,0.0,0.0,0.0
2025-01-30 20:40:00+00:00,2025-01-30,2025-01-30:1,True,0,10,True,-0.31901840490797545,0.31901840490797545,0.3653290168344048,True,0,0,0,True,0.3778924392685272,20.0,460.0,1.0,0.0,0.0,0.0,0.0
2025-01-30 20:45:00+00:00,2025-01-30,2025-01-30:1,True,1,5,True,-0.16042780748663102,0.16042780748663102,0.3539050334778332,True,0,0,0,True,-0.4259168202945376,15.0,465.0,0.0,1.0,0.0,0.0,0.0
2025-01-30 20:50:00+00:00,2025-01-30,2025-01-30:1,True,0,5,True,-0.023121387283236993,0.01622986416520454,-0.3539050334778652,True,0,0,0,True,0.0,10.0,470.0,1.0,0.0,0.0,0.0,0.0
2025-01-30 20:55:00+00:00,2025-01-30,2025-01-30:1,True,1,5,True,-0.17073170731707318,0.17073170731707318,1.7516437103402036,True,0,0,0,True,0.0,5.0,475.0,0.0,1.0,0.0,0.0,0.0
2025-01-30 21:00:00+00:00,2025-01-30,2025-01-30:1,True,1,10,True,0.003134796238244514,0.0006542956113839361,1.5667602006715828,True,0,0,0,True,-0.8758455782850955,0.0,480.0,0.0,1.0,0.0,0.0,0.0
2025-01-31 13:00:00+00:00,2025-01-31,2025-01-31:1,False,-1,0,False,,,,False,0,0,0,False,,480.0,0.0,,,,,
2025-01-31 13:05:00+00:00,2025-01-31,2025-01-31:1,False,-1,0,True,-0.2934131736526946,,,False,0,0,0,False,,475.0,5.0,,,,,
2025-01-31 13:10:00+00:00,2025-01-31,2025-01-31:1,False,-1,0,True,0.16759776536312848,,,False,0,0,0,False,,470.0,10.0,,,,,
2025-01-31 13:15:00+00:00,2025-01-31,2025-01-31:1,False,-1,0,True,-0.19732441471571907,,,False,0,0,0,False,,465.0,15.0,,,,,
2025-01-31 13:20:00+00:00,2025-01-31,2025-01-31:1,False,-1,0,True,0.5206611570247934,,,False,0,0,0,False,,460.0,20.0,,,,,
2025-01-31 13:25:00+00:00,2025-01-31,2025-01-31:1,False,-1,0,True,-0.011764705882352941,,,False,0,0,0,False,,455.0,25.0,,,,,
2025-01-31 13:30:00+00:00,2025-01-31,2025-01-31:1,False,-1,0,True,0.06234413965087282,,,False,0,0,0,False,,450.0,30.0,,,,,
2025-01-31 13:35:00+00:00,2025-01-31,2025-01-31:1,False,-1,0,True,0.05434782608695652,,,False,0,0,0,False,,445.0,35.0,,,,,
2025-01-31 13:40:00+00:00,2025-01-31,2025-01-31:1,False,-1,0,True,-0.2777777777777778,,,False,0,0,0,False,,440.0,40.0,,,,,
2025-01-31 13:45:00+00:00,2025-01-31,2025-01-31:1,False,-1,0,True,0.21153846153846154,,,False,0,0,0,False,,435.0,45.0,,,,,
2025-01-31 13:50:00+00:00,2025-01-31,2025-01-31:1,False,-1,0,True,0.012738853503184714,,,False,0,0,0,False,,430.0,50.0,,,,,
2025-01-31 13:55:00+00:00,2025-01-31,2025-01-31:1,False,-1,0,True,-0.06134969325153374,,,False,0,0,0,False,,425.0,55.0,,,,,
2025-01-31 14:00:00+00:00,2025-01-31,2025-01-31:1,False,-1,0,True,0.3518987341772152,,,False,0,0,0,False,,420.0,60.0,,,,,
2025-01-31 14:05:00+00:00,2025-01-31,2025-01-31:1,True,1,5,True,0.35714285714285715,0.025262726095026593,2.648805829283418,True,0,0,0,False,,415.0,65.0,0.0,1.0,0.0,0.0,0.0
2025-01-31 14:10:00+00:00,2025-01-31,2025-01-31:1,True,2,5,True,-0.09868421052631579,0.09868421052631579,0.0,True,0,0,0,False,,410.0,70.0,0.0,0.0,1.0,0.0,0.0
2025-01-31 14:15:00+00:00,2025-01-31,2025-01-31:1,True,1,5,True,0.03731343283582089,0.0243628984257134,0.42629197270838365,True,0,0,0,False,,405.0,75.0,0.0,1.0,0.0,0.0,0.0
2025-01-31 14:20:00+00:00,2025-01-31,2025-01-31:1,True,2,5,True,0.12345679012345678,0.12345679012345678,0.0,True,0,0,0,False,,400.0,80.0,0.0,0.0,1.0,0.0,0.0
2025-01-31 14:25:00+00:00,2025-01-31,2025-01-31:1,True,0,5,True,-0.18543046357615894,0.03967246359259601,-1.5420226175867358,True,0,0,0,False,,395.0,85.0,1.0,0.0,0.0,0.0,0.0
2025-01-31 14:30:00+00:00,2025-01-31,2025-01-31:1,True,0,10,True,0.005847953216374269,0.005847953216374269,-0.7589980976835917,True,0,0,0,False,,390.0,90.0,1.0,0.0,0.0,0.0,0.0
2025-01-31 14:35:00+00:00,2025-01-31,2025-01-31:1,True,3,5,True,-0.1617161716171617,0.10817467956578984,-0.40209544766042604,True,0,0,0,False,,385.0,95.0,0.0,0.0,0.0,1.0,0.0
2025-01-31 14:40:00+00:00,2025-01-31,2025-01-31:1,True,3,10,True,0.04819277108433735,0.04819277108433735,-0.40209544766044203,True,0,0,0,False,,380.0,100.0,0.0,0.0,0.0,1.0,0.0
2025-01-31 14:45:00+00:00,2025-01-31,2025-01-31:1,True,3,15,True,0.28173374613003094,0.28173374613003094,-0.8100389583195348,True,0,0,0,False,,375.0,105.0,0.0,0.0,0.0,1.0,0.0
2025-01-31 14:50:00+00:00,2025-01-31,2025-01-31:1,True,3,20,True,-0.0738255033557047,0.023130701009921702,-1.1605434626613493,True,0,0,0,False,,370.0,110.0,0.0,0.0,0.0,1.0,0.0
2025-01-31 14:55:00+00:00,2025-01-31,2025-01-31:1,True,4,5,True,0.006493506493506494,0.004348583379907195,0.40095254429803,True,1,0,0,False,,365.0,115.0,0.0,0.0,0.0,0.0,1.0
2025-01-31 15:00:00+00:00,2025-01-31,2025-01-31:1,True,0,5,True,-0.13573407202216067,0.13573407202216067,1.6128075228090224,True,1,0,0,False,,360.0,120.0,1.0,0.0,0.0,0.0,0.0
2025-01-31 15:05:00+00:00,2025-01-31,2025-01-31:1,True,0,10,True,0.3005464480874317,0.19787501094845936,0.4179667378418324,True,0,0,0,True,-0.9346020381481712,355.0,125.0,1.0,0.0,0.0,0.0,0.0
2025-01-31 15:10:00+00:00,2025-01-31,2025-01-31:1,True,0,15,True,-0.36075949367088606,0.36075949367088606,0.8462274465734723,True,0,0,0,True,-0.5933282876243602,350.0,130.0,1.0,0.0,0.0,0.0,0.0
2025-01-31 15:15:00+00:00,2025-01-31,2025-01-31:1,True,1,5,True,0.1977715877437326,0.12870202536435982,0.42961291596010653,True,0,0,0,True,0.0,345.0,135.0,0.0,1.0,0.0,0.0,0.0
2025-01-31 15:20:00+00:00,2025-01-31,2025-01-31:1,True,1,10,True,-0.10273972602739725,0.10273972602739725,0.902104818438186,True,0,0,0,True,-0.5882314546374205,340.0,140.0,0.0,1.0,0.0,0.0,0.0
2025-01-31 15:25:00+00:00,2025-01-31,2025-01-31:1,True,1,15,True,0.1518624641833811,0.09249544909275459,0.49581582602101026,True,0,0,0,True,1.108677891303188,335.0,145.0,0.0,1.0,0.0,0.0,0.0
2025-01-31 15:30:00+00:00,2025-01-31,2025-01-31:1,True,3,5,True,0.0891566265060241,0.0891566265060241,-7.027509949230021,True,0,0,0,True,-16.295989587146195,330.0,150.0,0.0,0.0,0.0,1.0,0.0
2025-01-31 15:35:00+00:00,2025-01-31,2025-01-31:1,True,0,5,True,-0.11258278145695365,0.11258278145695365,1.2826365835687532,True,0,0,0,True,-0.17964549761508744,325.0,155.0,1.0,0.0,0.0,0.0,0.0
2025-01-31 15:40:00+00:00,2025-01-31,2025-01-31:1,True,0,10,True,-0.40268456375838924,0.14205937203994018,-1.0419084520850581,True,0,0,0,True,0.0,320.0,160.0,1.0,0.0,0.0,0.0,0.0
2025-01-31 15:45:00+00:00,2025-01-31,2025-01-31:1,True,0,15,True,-0.07540983606557378,0.07540983606557378,1.4165531419067527,True,0,0,0,True,0.30036954504542474,315.0,165.0,1.0,0.0,0.0,0.0,0.0
2025-01-31 15:50:00+00:00,2025-01-31,2025-01-31:1,True,0,20,True,-0.08539944903581267,0.08539944903581267,0.6133342317101314,True,0,0,0,True,0.6125042171351165,310.0,170.0,1.0,0.0,0.0,0.0,0.0
2025-01-31 15:55:00+00:00,2025-01-31,2025-01-31:1,True,0,25,True,0.19367588932806323,0.10663657894871312,0.596759493385285,True,0,0,0,True,-0.03246609911626521,305.0,175.0,1.0,0.0,0.0,0.0,0.0
2025-01-31 16:00:00+00:00,2025-01-31,2025-01-31:1,True,2,5,True,-0.2183288409703504,0.2183288409703504,0.19497162119871655,True,0,0,0,True,0.0,300.0,180.0,0.0,0.0,1.0,0.0,0.0
2025-01-31 16:05:00+00:00,2025-01-31,2025-01-31:1,True,2,10,True,0.17966101694915254,0.16290856392763559,0.0978827502823671,True,0,0,0,True,0.4377449669120192,295.0,185.0,0.0,0.0,1.0,0.0,0.0
2025-01-31 16:10:00+00:00,2025-01-31,2025-01-31:1,True,1,5,True,-0.3543859649122807,0.3543859649122807,0.3855385325890193,True,0,0,0,True,-0.21552259170333504,290.0,190.0,0.0,1.0,0.0,0.0,0.0
2025-01-31 16:15:00+00:00,2025-01-31,2025-01-31:1,True,0,5,True,0.3546325878594249,0.3546325878594249,-0.1913125617356251,True,0,0,0,True,-0.28711436006743407,285.0,195.0,1.0,0.0,0.0,0.0,0.0
2025-01-31 16:20:00+00:00,2025-01-31,2025-01-31:1,True,0,10,True,-0.12359550561797752,0.12359550561797752,0.1918089883362674,True,0,0,0,True,0.4288979366153582,280.0,200.0,1.0,0.0,0.0,0.0,0.0
2025-01-31 16:25:00+00:00,2025-01-31,2025-01-31:1,True,0,15,True,-0.043478260869565216,0.043478260869565216,0.09490191333090908,True,0,0,0,True,-0.15574279429867197,275.0,205.0,1.0,0.0,0.0,0.0,0.0
2025-01-31 16:30:00+00:00,2025-01-31,2025-01-31:1,True,0,20,True,0.18666666666666668,0.18666666666666668,-1.1966682249161822,True,0,0,0,True,0.0,270.0,210.0,1.0,0.0,0.0,0.0,0.0
2025-01-31 16:35:00+00:00,2025-01-31,2025-01-31:1,True,3,5,True,0.005988023952095809,0.005988023952095809,-2.1001874827309406,True,0,0,0,True,-0.41564995291474116,265.0,215.0,0.0,0.0,0.0,1.0,0.0
2025-01-31 16:40:00+00:00,2025-01-31,2025-01-31:1,True,4,5,True,-0.3602693602693603,0.26962491998159643,-0.28982016670871463,True,0,0,0,True,0.6480575940091655,260.0,220.0,0.0,0.0,0.0,0.0,1.0
2025-01-31 16:45:00+00:00,2025-01-31,2025-01-31:1,True,4,10,True,-0.3236151603498542,0.3236151603498542,0.0,True,0,0,0,True,-0.6654563277141944,255.0,225.0,0.0,0.0,0.0,0.0,1.0
2025-01-31 16:50:00+00:00,2025-01-31,2025-01-31:1,True,0,5,True,-0.11724137931034483,0.11724137931034483,2.7731996937454793,True,0,0,0,True,0.8073141122548719,250.0,230.0,1.0,0.0,0.0,0.0,0.0
2025-01-31 16:55:00+00:00,2025-01-31,2025-01-31:1,True,3,5,True,-0.013850415512465374,0.0025568074784328527,-1.6895558315788337,True,0,0,0,True,-0.4866789481514972,245.0,235.0,0.0,0.0,0.0,1.0,0.0
2025-01-31 17:00:00+00:00,2025-01-31,2025-01-31:1,True,0,5,True,-0.07303370786516854,0.07303370786516854,0.9750385493123594,True,0,0,0,True,-0.1556481163005533,240.0,240.0,1.0,0.0,0.0,0.0,0.0
2025-01-31 17:05:00+00:00,2025-01-31,2025-01-31:1,True,1,5,True,-0.05555555555555555,0.05555555555555555,0.6923604667547154,True,0,0,0,True,0.4658300788325936,235.0,245.0,0.0,1.0,0.0,0.0,0.0
2025-01-31 17:10:00+00:00,2025-01-31,2025-01-31:1,True,2,5,True,0.1056338028169014,0.1056338028169014,-0.5721546982493156,True,0,0,0,True,0.0,230.0,250.0,0.0,0.0,1.0,0.0,0.0
2025-01-31 17:15:00+00:00,2025-01-31,2025-01-31:1,True,0,5,True,-0.0440251572327044,0.014023012974710095,-1.1440614618281715,True,0,0,0,True,0.0,225.0,255.0,1.0,0.0,0.0,0.0,0.0
2025-01-31 17:20:00+00:00,2025-01-31,2025-01-31:1,True,3,5,True,-0.1144578313253012,0.04270435567175468,-0.9859055483954726,True,0,0,0,True,0.8049671885955096,220.0,260.0,0.0,0.0,0.0,1.0,0.0
2025-01-31 17:25:00+00:00,2025-01-31,2025-01-31:1,True,0,5,True,-0.056856187290969896,0.056856187290969896,1.895466181812565,True,0,0,0,True,-0.30274223082724494,215.0,265.0,1.0,0.0,0.0,0.0,0.0
2025-01-31 17:30:00+00:00,2025-01-31,2025-01-31:1,True,0,10,True,-0.13986013986013987,0.07888503563930983,-0.5726513747787351,True,0,0,0,True,-0.6402437007078899,210.0,270.0,1.0,0.0,0.0,0.0,0.0
2025-01-31 17:35:00+00:00,2025-01-31,2025-01-31:1,True,0,15,True,0.09090909090909091,0.09090909090909091,0.0,True,0,0,0,True,0.15727812069496847,205.0,275.0,1.0,0.0,0.0,0.0,0.0
2025-01-31 17:40:00+00:00,2025-01-31,2025-01-31:1,True,3,5,True,-0.009404388714733543,0.0011846379573594511,-2.0717392581750755,True,0,0,0,True,-0.20859212908292749,200.0,280.0,0.0,0.0,0.0,1.0,0.0
2025-01-31 17:45:00+00:00,2025-01-31,2025-01-31:1,True,3,10,True,-0.2601880877742947,0.19266860574175168,-0.30043313963671314,True,0,0,0,True,0.3358944614625979,195.0,285.0,0.0,0.0,0.0,1.0,0.0
2025-01-31 17:50:00+00:00,2025-01-31,2025-01-31:1,True,0,5,True,-0.2792207792207792,0.2792207792207792,0.6745057675381131,True,0,0,0,True,0.1570034346576867,190.0,290.0,1.0,0.0,0.0,0.0,0.0
2025-01-31 17:55:00+00:00,2025-01-31,2025-01-31:1,True,4,5,True,0.312280701754386,0.15491558064871636,0.7010221408731747,True,1,0,0,True,-0.39188329018065626,185.0,295.0,0.0,0.0,0.0,0.0,1.0
2025-01-31 18:00:00+00:00,2025-01-31,2025-01-31:1,True,3,5,True,0.1553133514986376,0.1553133514986376,-0.7578427901523543,True,0,1,1,True,-1.6945879950387728,180.0,300.0,0.0,0.0,0.0,1.0,0.0
2025-01-31 18:05:00+00:00,2025-01-31,2025-01-31:1,True,3,10,True,0.23692307692307693,0.23692307692307693,-2.163758669473465,True,0,0,1,True,-0.806385245309389,175.0,305.0,0.0,0.0,0.0,1.0,0.0
2025-01-31 18:10:00+00:00,2025-01-31,2025-01-31:1,True,0,5,True,0.2235294117647059,0.07613251103215897,1.0770676134063608,True,0,0,1,True,0.0,170.0,310.0,1.0,0.0,0.0,0.0,0.0
2025-01-31 18:15:00+00:00,2025-01-31,2025-01-31:1,True,0,10,True,-0.28619528619528617,0.28619528619528617,0.0,True,0,0,1,True,0.0,165.0,315.0,1.0,0.0,0.0,0.0,0.0
2025-01-31 18:20:00+00:00,2025-01-31,2025-01-31:1,True,0,15,True,0.15083798882681565,0.12554194260576462,0.18356643237760276,True,0,0,1,True,0.41046702118343814,160.0,320.0,1.0,0.0,0.0,0.0,0.0
2025-01-31 18:25:00+00:00,2025-01-31,2025-01-31:1,True,3,5,True,-0.48044692737430167,0.2672196258130963,-0.5866458805303985,True,0,0,1,True,0.7407158879938248,155.0,325.0,0.0,0.0,0.0,1.0,0.0
2025-01-31 18:30:00+00:00,2025-01-31,2025-01-31:1,True,0,5,True,0.07598784194528875,0.011623434835902762,1.8775500484478298,True,0,0,1,True,0.8396659078989062,150.0,330.0,1.0,0.0,0.0,0.0,0.0
2025-01-31 18:35:00+00:00,2025-01-31,2025-01-31:1,True,2,5,True,-0.15,0.15,0.0,True,0,0,1,True,-1.4677808464913027,145.0,335.0,0.0,0.0,1.0,0.0,0.0
2025-01-31 18:40:00+00:00,2025-01-31,2025-01-31:1,True,0,5,True,-0.12131147540983607,0.12131147540983607,0.0,True,0,0,1,True,0.8165734747072932,140.0,340.0,1.0,0.0,0.0,0.0,0.0
2025-01-31 18:45:00+00:00,2025-01-31,2025-01-31:1,True,0,10,True,0.12663755458515283,0.12663755458515283,-0.7531417347257288,True,0,0,1,True,0.0,135.0,345.0,1.0,0.0,0.0,0.0,0.0
2025-01-31 18:50:00+00:00,2025-01-31,2025-01-31:1,True,0,15,True,-0.020527859237536656,0.020527859237536656,0.0,True,0,0,1,True,0.0,130.0,350.0,1.0,0.0,0.0,0.0,0.0
2025-01-31 18:55:00+00:00,2025-01-31,2025-01-31:1,True,0,20,True,-0.07473309608540925,0.07473309608540925,0.37336896094742866,True,0,0,1,True,-0.6339010188546951,125.0,355.0,1.0,0.0,0.0,0.0,0.0
2025-01-31 19:00:00+00:00,2025-01-31,2025-01-31:1,True,0,25,True,0.1686746987951807,0.1399174696392171,0.1869192545934751,True,0,0,1,True,0.41796415957460015,120.0,360.0,1.0,0.0,0.0,0.0,0.0
2025-01-31 19:05:00+00:00,2025-01-31,2025-01-31:1,True,0,30,True,0.16151202749140894,0.09051635366389116,0.5790490756713172,True,0,0,1,True,0.0,115.0,365.0,1.0,0.0,0.0,0.0,0.0
2025-01-31 19:10:00+00:00,2025-01-31,2025-01-31:1,True,0,35,True,-0.31536388140161725,0.31536388140161725,0.38795644611381097,True,0,0,1,True,-0.6173888084821257,110.0,370.0,1.0,0.0,0.0,0.0,0.0
2025-01-31 19:15:00+00:00,2025-01-31,2025-01-31:1,True,1,5,True,0.16770186335403728,0.07803635307504128,0.765012996822368,True,0,0,1,True,-1.4631997015983265,105.0,375.0,0.0,1.0,0.0,0.0,0.0
2025-01-31 19:20:00+00:00,2025-01-31,2025-01-31:1,True,0,5,True,0.2112676056338028,0.2112676056338028,-1.1352686692830485,True,0,0,1,True,-0.8461793057467396,100.0,380.0,1.0,0.0,0.0,0.0,0.0
2025-01-31 19:25:00+00:00,2025-01-31,2025-01-31:1,True,0,10,True,0.18559556786703602,0.08469191603408863,0.7845497852737391,True,0,0,1,True,0.8771533258037186,95.0,385.0,1.0,0.0,0.0,0.0,0.0
2025-01-31 19:30:00+00:00,2025-01-31,2025-01-31:1,True,0,15,True,0.1246684350132626,0.1246684350132626,-0.4066717596694851,True,0,0,1,True,0.0,90.0,390.0,1.0,0.0,0.0,0.0,0.0
2025-01-31 19:35:00+00:00,2025-01-31,2025-01-31:1,True,0,20,True,0.026615969581749048,0.01698167071784079,0.4493768265399427,True,0,0,1,True,0.0,85.0,395.0,1.0,0.0,0.0,0.0,0.0
2025-01-31 19:40:00+00:00,2025-01-31,2025-01-31:1,True,0,25,True,0.20215633423180593,0.12616149732928714,0.4714785188319928,True,0,0,1,True,0.0,80.0,400.0,1.0,0.0,0.0,0.0,0.0
2025-01-31 19:45:00+00:00,2025-01-31,2025-01-31:1,True,1,5,True,0.11956521739130435,0.011586067008080873,2.3340587185349304,True,0,0,1,True,2.0876455832486545,75.0,405.0,0.0,1.0,0.0,0.0,0.0
2025-01-31 19:50:00+00:00,2025-01-31,2025-01-31:1,True,2,5,True,-0.06229508196721312,0.024757523052167926,-0.9227530770097114,True,0,0,1,True,-0.37206174608004594,70.0,410.0,0.0,0.0,1.0,0.0,0.0
2025-01-31 19:55:00+00:00,2025-01-31,2025-01-31:1,True,0,5,True,-0.26993865030674846,0.10769480961377645,-0.9188933220937602,True,0,0,1,True,0.0,65.0,415.0,1.0,0.0,0.0,0.0,0.0
2025-01-31 20:00:00+00:00,2025-01-31,2025-01-31:1,True,0,10,True,0.21407624633431085,0.21407624633431085,0.0,True,0,0,1,True,0.9992945325389867,60.0,420.0,1.0,0.0,0.0,0.0,0.0
2025-01-31 20:05:00+00:00,2025-01-31,2025-01-31:1,True,0,15,True,-0.4659090909090909,0.4659090909090909,0.0,True,0,0,1,True,-1.039671116525979,55.0,425.0,1.0,0.0,0.0,0.0,0.0
2025-01-31 20:10:00+00:00,2025-01-31,2025-01-31:1,True,0,20,True,0.2934472934472934,0.2934472934472934,-0.4677484665237631,True,0,0,1,True,0.0,50.0,430.0,1.0,0.0,0.0,0.0,0.0
2025-01-31 20:15:00+00:00,2025-01-31,2025-01-31:1,True,3,5,True,-0.13402061855670103,0.049119950830141035,-1.003728375116949,True,0,0,1,True,0.0,45.0,435.0,0.0,0.0,0.0,1.0,0.0
2025-01-31 20:20:00+00:00,2025-01-31,2025-01-31:1,True,4,5,True,-0.15853658536585366,0.15853658536585366,0.0,True,0,0,1,True,0.0,40.0,440.0,0.0,0.0,0.0,0.0,1.0
2025-01-31 20:25:00+00:00,2025-01-31,2025-01-31:1,True,0,5,True,0.23870967741935484,0.08162054031407708,1.073167124877842,True,0,0,1,True,1.1998373212207252,35.0,445.0,1.0,0.0,0.0,0.0,0.0
2025-01-31 20:30:00+00:00,2025-01-31,2025-01-31:1,True,0,10,True,0.1705685618729097,0.1705685618729097,0.0,True,0,0,1,True,-0.5385832925417283,30.0,450.0,1.0,0.0,0.0,0.0,0.0
2025-01-31 20:35:00+00:00,2025-01-31,2025-01-31:1,True,0,15,True,0.07947019867549669,0.07947019867549669,0.0,True,0,0,1,True,-1.186168297722614,25.0,455.0,1.0,0.0,0.0,0.0,0.0
2025-01-31 20:40:00+00:00,2025-01-31,2025-01-31:1,True,0,20,True,0.1111111111111111,0.1111111111111111,-1.5387959502770117,True,0,0,1,True,0.0,20.0,460.0,1.0,0.0,0.0,0.0,0.0
2025-01-31 20:45:00+00:00,2025-01-31,2025-01-31:1,True,0,25,True,-0.05740181268882175,0.05740181268882175,2.0046062599763963,True,0,0,1,True,-2.334573434412917,15.0,465.0,1.0,0.0,0.0,0.0,0.0
2025-01-31 20:50:00+00:00,2025-01-31,2025-01-31:1,True,0,30,True,0.03283582089552239,0.03283582089552239,-1.538795950277109,True,0,0,1,True,-0.5868199820660882,10.0,470.0,1.0,0.0,0.0,0.0,0.0
2025-01-31 20:55:00+00:00,2025-01-31,2025-01-31:1,True,0,35,True,-0.15857605177993528,0.09655123485101251,-0.49616050164555064,True,0,0,1,True,-2.218897218862849,5.0,475.0,1.0,0.0,0.0,0.0,0.0
2025-01-31 21:00:00+00:00,2025-01-31,2025-01-31:1,True,0,40,True,-0.258160237388724,0.258160237388724,0.9722450036541035,True,0,0,1,True,1.0870029594790982,0.0,480.0,1.0,0.0,0.0,0.0,0.0
2025-02-03 13:00:00+00:00,2025-02-03,2025-02-03:1,False,-1,0,False,,,,False,0,0,0,False,,480.0,0.0,,,,,
2025-02-03 13:05:00+00:00,2025-02-03,2025-02-03:1,False,-1,0,True,-0.0967741935483871,,,False,0,0,0,False,,475.0,5.0,,,,,
2025-02-03 13:10:00+00:00,2025-02-03,2025-02-03:1,False,-1,0,True,-0.13915857605177995,,,False,0,0,0,False,,470.0,10.0,,,,,
2025-02-03 13:15:00+00:00,2025-02-03,2025-02-03:1,False,-1,0,True,-0.06501547987616099,,,False,0,0,0,False,,465.0,15.0,,,,,
2025-02-03 13:20:00+00:00,2025-02-03,2025-02-03:1,False,-1,0,True,-0.26649076517150394,,,False,0,0,0,False,,460.0,20.0,,,,,
2025-02-03 13:25:00+00:00,2025-02-03,2025-02-03:1,False,-1,0,True,0.21839080459770116,,,False,0,0,0,False,,455.0,25.0,,,,,
2025-02-03 13:30:00+00:00,2025-02-03,2025-02-03:1,False,-1,0,True,0.3181818181818182,,,False,0,0,0,False,,450.0,30.0,,,,,
2025-02-03 13:35:00+00:00,2025-02-03,2025-02-03:1,False,-1,0,True,-0.0035087719298245615,,,False,0,0,0,False,,445.0,35.0,,,,,
2025-02-03 13:40:00+00:00,2025-02-03,2025-02-03:1,False,-1,0,True,0.18243243243243243,,,False,0,0,0,False,,440.0,40.0,,,,,
2025-02-03 13:45:00+00:00,2025-02-03,2025-02-03:1,False,-1,0,True,-0.05322128851540616,,,False,0,0,0,False,,435.0,45.0,,,,,
2025-02-03 13:50:00+00:00,2025-02-03,2025-02-03:1,False,-1,0,True,0.20125786163522014,,,False,0,0,0,False,,430.0,50.0,,,,,
2025-02-03 13:55:00+00:00,2025-02-03,2025-02-03:1,False,-1,0,True,-0.21022727272727273,,,False,0,0,0,False,,425.0,55.0,,,,,
2025-02-03 14:00:00+00:00,2025-02-03,2025-02-03:1,False,-1,0,True,-0.11475409836065574,,,False,0,0,0,False,,420.0,60.0,,,,,
2025-02-03 14:05:00+00:00,2025-02-03,2025-02-03:1,True,0,5,True,-0.012987012987012988,0.012987012987012988,0.5903481621023265,True,0,0,0,False,,415.0,65.0,1.0,0.0,0.0,0.0,0.0
2025-02-03 14:10:00+00:00,2025-02-03,2025-02-03:1,True,0,10,True,-0.4895833333333333,0.4895833333333333,0.29127516593272185,True,0,0,0,False,,410.0,70.0,1.0,0.0,0.0,0.0,0.0
2025-02-03 14:15:00+00:00,2025-02-03,2025-02-03:1,True,0,15,True,0.09243697478991597,0.09243697478991597,-1.0131093388891392,True,0,0,0,False,,405.0,75.0,1.0,0.0,0.0,0.0,0.0
2025-02-03 14:20:00+00:00,2025-02-03,2025-02-03:1,True,0,20,True,0.027210884353741496,0.006424741705052768,1.443460624898319,True,0,0,0,False,,400.0,80.0,1.0,0.0,0.0,0.0,0.0
2025-02-03 14:25:00+00:00,2025-02-03,2025-02-03:1,True,1,5,True,0.003484320557491289,0.0022434706036335655,0.4402490197790429,True,0,0,0,False,,395.0,85.0,0.0,1.0,0.0,0.0,0.0
2025-02-03 14:30:00+00:00,2025-02-03,2025-02-03:1,True,1,10,True,0.1737704918032787,0.05280787232270864,1.1910751393074905,True,0,0,0,False,,390.0,90.0,0.0,1.0,0.0,0.0,0.0
2025-02-03 14:35:00+00:00,2025-02-03,2025-02-03:1,True,1,15,True,0.14376996805111822,0.10460135761852057,0.31805804752115335,True,0,0,0,False,,385.0,95.0,0.0,1.0,0.0,0.0,0.0
2025-02-03 14:40:00+00:00,2025-02-03,2025-02-03:1,True,2,5,True,0.12052117263843648,0.12052117263843648,0.0,True,0,0,0,False,,380.0,100.0,0.0,0.0,1.0,0.0,0.0
2025-02-03 14:45:00+00:00,2025-02-03,2025-02-03:1,True,2,10,True,-0.08794788273615635,0.08794788273615635,0.0,True,0,0,0,False,,375.0,105.0,0.0,0.0,1.0,0.0,0.0
2025-02-03 14:50:00+00:00,2025-02-03,2025-02-03:1,True,0,5,True,0.3032258064516129,0.3032258064516129,-0.5263491980238049,True,0,0,0,False,,370.0,110.0,1.0,0.0,0.0,0.0,0.0
2025-02-03 14:55:00+00:00,2025-02-03,2025-02-03:1,True,0,10,True,-0.010380622837370242,0.0027138577560990138,-1.3415697306633467,True,0,0,0,False,,365.0,115.0,1.0,0.0,0.0,0.0,0.0
2025-02-03 15:00:00+00:00,2025-02-03,2025-02-03:1,True,0,15,True,0.12149532710280374,0.12149532710280374,0.0,True,0,0,0,False,,360.0,120.0,1.0,0.0,0.0,0.0,0.0
2025-02-03 15:05:00+00:00,2025-02-03,2025-02-03:1,True,0,20,True,-0.07507507507507508,0.07507507507507508,1.116166528743728,True,0,0,0,True,-0.8222599106537332,355.0,125.0,1.0,0.0,0.0,0.0,0.0
2025-02-03 15:10:00+00:00,2025-02-03,2025-02-03:1,True,0,25,True,-0.167192429022082,0.167192429022082,0.5521638719265178,True,0,0,0,True,-0.6173379761753455,350.0,130.0,1.0,0.0,0.0,0.0,0.0
2025-02-03 15:15:00+00:00,2025-02-03,2025-02-03:1,True,0,30,True,0.13953488372093023,0.0911898538838611,0.4253709928986787,True,0,0,0,True,-0.6341056371841491,345.0,135.0,1.0,0.0,0.0,0.0,0.0
2025-02-03 15:20:00+00:00,2025-02-03,2025-02-03:1,True,0,35,True,0.2,0.09872777176547289,0.705951084150567,True,0,0,0,True,1.2628436903606326,340.0,140.0,1.0,0.0,0.0,0.0,0.0
2025-02-03 15:25:00+00:00,2025-02-03,2025-02-03:1,True,0,40,True,0.1832797427652733,0.1832797427652733,-0.9861127889645014,True,0,0,0,True,-1.1134062996932361,335.0,145.0,1.0,0.0,0.0,0.0,0.0
2025-02-03 15:30:00+00:00,2025-02-03,2025-02-03:1,True,0,45,True,-0.055,0.04791104475114435,-0.13798712803910348,True,0,0,0,True,0.9256457949409463,330.0,150.0,1.0,0.0,0.0,0.0,0.0
2025-02-03 15:35:00+00:00,2025-02-03,2025-02-03:1,True,1,5,True,0.032467532467532464,0.006042169793665127,1.6814774042044005,True,0,0,0,True,0.3973459454425481,325.0,155.0,0.0,1.0,0.0,0.0,0.0
2025-02-03 15:40:00+00:00,2025-02-03,2025-02-03:1,True,1,10,True,0.009345794392523364,0.0024891725533806746,1.3229760971493603,True,0,0,0,True,-0.22596549934165652,320.0,160.0,0.0,1.0,0.0,0.0,0.0
2025-02-03 15:45:00+00:00,2025-02-03,2025-02-03:1,True,1,15,True,-0.1189710610932476,0.1189710610932476,1.3086895829374359,True,0,0,0,True,0.8039550096031297,315.0,165.0,0.0,1.0,0.0,0.0,0.0
2025-02-03 15:50:00+00:00,2025-02-03,2025-02-03:1,True,1,20,True,-0.039755351681957186,0.039755351681957186,0.401947591267933,True,0,0,0,True,-0.8987821374656961,310.0,170.0,0.0,1.0,0.0,0.0,0.0
2025-02-03 15:55:00+00:00,2025-02-03,2025-02-03:1,True,1,25,True,-0.23699421965317918,0.23699421965317918,0.8218123910826615,True,0,0,0,True,0.6125427904035774,305.0,175.0,0.0,1.0,0.0,0.0,0.0
2025-02-03 16:00:00+00:00,2025-02-03,2025-02-03:1,True,2,5,True,0.1044776119402985,0.1044776119402985,-0.8637915439397503,True,0,0,0,True,0.0,300.0,180.0,0.0,0.0,1.0,0.0,0.0
2025-02-03 16:05:00+00:00,2025-02-03,2025-02-03:1,True,1,5,True,0.1329479768786127,0.013642958271558791,2.2767343894346195,True,0,0,0,True,0.727276123069022,295.0,185.0,0.0,1.0,0.0,0.0,0.0
2025-02-03 16:10:00+00:00,2025-02-03,2025-02-03:1,True,2,5,True,-0.06840390879478828,0.06840390879478828,0.33404838130618114,True,0,0,0,True,0.0,290.0,190.0,0.0,0.0,1.0,0.0,0.0
2025-02-03 16:15:00+00:00,2025-02-03,2025-02-03:1,True,1,5,True,-0.2535211267605634,0.2535211267605634,1.0005497310661096,True,0,0,0,True,0.7457657378457312,285.0,195.0,0.0,1.0,0.0,0.0,0.0
2025-02-03 16:20:00+00:00,2025-02-03,2025-02-03:1,True,2,5,True,-0.023529411764705882,0.006097857503878474,-1.3503137224401887,True,0,0,0,True,-0.754848318582834,280.0,200.0,0.0,0.0,1.0,0.0,0.0
2025-02-03 16:25:00+00:00,2025-02-03,2025-02-03:1,True,0,5,True,-0.006535947712418301,0.006535947712418301,0.34498057711772284,True,0,0,0,True,0.7714000213523368,275.0,205.0,1.0,0.0,0.0,0.0,0.0
2025-02-03 16:30:00+00:00,2025-02-03,2025-02-03:1,True,1,5,True,0.0859375,0.041316080252423976,0.7323685113129301,True,0,0,0,True,-0.818812887940345,270.0,210.0,0.0,1.0,0.0,0.0,0.0
2025-02-03 16:35:00+00:00,2025-02-03,2025-02-03:1,True,0,5,True,0.14285714285714285,0.14285714285714285,0.0,True,0,0,0,True,0.17605685166070797,265.0,215.0,1.0,0.0,0.0,0.0,0.0
2025-02-03 16:40:00+00:00,2025-02-03,2025-02-03:1,True,0,10,True,0.16498316498316498,0.16498316498316498,-1.5123538520936717,True,0,0,0,True,-0.6727502237205442,260.0,220.0,1.0,0.0,0.0,0.0,0.0
2025-02-03 16:45:00+00:00,2025-02-03,2025-02-03:1,True,0,15,True,-0.29518072289156627,0.29518072289156627,0.36671422116605706,True,0,0,0,True,1.4758503636168299,255.0,225.0,1.0,0.0,0.0,0.0,0.0
2025-02-03 16:50:00+00:00,2025-02-03,2025-02-03:1,True,0,20,True,-0.03283582089552239,0.011016977551559325,-1.0920825232178768,True,0,0,0,True,-0.8139902529864307,250.0,230.0,1.0,0.0,0.0,0.0,0.0
2025-02-03 16:55:00+00:00,2025-02-03,2025-02-03:1,True,3,5,True,0.02821316614420063,0.02821316614420063,-0.7323685113128118,True,0,0,0,True,0.0,245.0,235.0,0.0,0.0,0.0,1.0,0.0
2025-02-03 17:00:00+00:00,2025-02-03,2025-02-03:1,True,3,10,True,-0.057692307692307696,0.027502815148723263,-0.7408354805911647,True,0,0,0,True,0.659957552456003,240.0,240.0,0.0,0.0,0.0,1.0,0.0
2025-02-03 17:05:00+00:00,2025-02-03,2025-02-03:1,True,4,5,True,0.10622710622710622,0.10622710622710622,0.0,True,0,0,0,True,0.8472939975180058,235.0,245.0,0.0,0.0,0.0,0.0,1.0
2025-02-03 17:10:00+00:00,2025-02-03,2025-02-03:1,True,3,5,True,-0.024054982817869417,0.016396739450973953,-0.3832596597669242,True,0,0,0,True,0.8569946522747195,230.0,250.0,0.0,0.0,0.0,1.0,0.0
2025-02-03 17:15:00+00:00,2025-02-03,2025-02-03:1,True,3,10,True,-0.28484848484848485,0.1944624202859795,-0.38171847429821487,True,0,0,0,True,-0.8535484567983149,225.0,255.0,0.0,0.0,0.0,1.0,0.0
2025-02-03 17:20:00+00:00,2025-02-03,2025-02-03:1,True,4,5,True,-0.14195583596214512,0.14195583596214512,0.0,True,0,0,0,True,0.8754425472884104,220.0,260.0,0.0,0.0,0.0,0.0,1.0
2025-02-03 17:25:00+00:00,2025-02-03,2025-02-03:1,True,0,5,True,0.031578947368421054,0.00984545334020578,1.165480917257911,True,0,0,0,True,0.868698185821676,215.0,265.0,1.0,0.0,0.0,0.0,0.0
2025-02-03 17:30:00+00:00,2025-02-03,2025-02-03:1,True,0,10,True,-0.12627986348122866,0.12627986348122866,0.7807410632438854,True,0,0,0,True,0.0,210.0,270.0,1.0,0.0,0.0,0.0,0.0
2025-02-03 17:35:00+00:00,2025-02-03,2025-02-03:1,True,0,15,True,0.18694362017804153,0.18694362017804153,-0.8005429250713545,True,0,0,0,True,0.8950341996817628,205.0,275.0,1.0,0.0,0.0,0.0,0.0
2025-02-03 17:40:00+00:00,2025-02-03,2025-02-03:1,True,0,20,True,-0.20348837209302326,0.20348837209302326,0.4209768721786057,True,0,0,0,True,0.9413329031466023,200.0,280.0,1.0,0.0,0.0,0.0,0.0
2025-02-03 17:45:00+00:00,2025-02-03,2025-02-03:1,True,1,5,True,0.2,0.08407573651806687,0.866599348709502,True,0,0,0,True,0.9688875264857455,195.0,285.0,0.0,1.0,0.0,0.0,0.0
2025-02-03 17:50:00+00:00,2025-02-03,2025-02-03:1,True,1,10,True,0.26732673267326734,0.17027575632887987,0.45105240921955647,True,0,0,0,True,0.0,190.0,290.0,0.0,1.0,0.0,0.0,0.0
2025-02-03 17:55:00+00:00,2025-02-03,2025-02-03:1,True,0,5,True,0.10326086956521739,0.10326086956521739,-0.467748466524943,True,0,0,0,True,-0.7350238011848226,185.0,295.0,1.0,0.0,0.0,0.0,0.0
2025-02-03 18:00:00+00:00,2025-02-03,2025-02-03:1,True,0,10,True,0.04909560723514212,0.024906785203770175,0.678629300625629,True,0,0,0,True,-2.8344992136580163,180.0,300.0,1.0,0.0,0.0,0.0,0.0
2025-02-03 18:05:00+00:00,2025-02-03,2025-02-03:1,True,0,15,True,0.041666666666666664,0.041666666666666664,-0.6530961444800315,True,0,0,0,True,0.1628042583380652,175.0,305.0,1.0,0.0,0.0,0.0,0.0
2025-02-03 18:10:00+00:00,2025-02-03,2025-02-03:1,True,0,20,True,0.04126984126984127,0.04126984126984127,-1.8165474505446657,True,0,0,0,True,-2.7079490558487285,170.0,310.0,1.0,0.0,0.0,0.0,0.0
2025-02-03 18:15:00+00:00,2025-02-03,2025-02-03:1,True,0,25,True,0.2283464566929134,0.034085284115252405,1.9019982822377888,True,0,0,0,True,0.6104459527462128,165.0,315.0,1.0,0.0,0.0,0.0,0.0
2025-02-03 18:20:00+00:00,2025-02-03,2025-02-03:1,True,0,30,True,-0.25316455696202533,0.08407612231198218,-1.1023170935936337,True,0,0,0,True,-0.6897571314720837,160.0,320.0,1.0,0.0,0.0,0.0,0.0
2025-02-03 18:25:00+00:00,2025-02-03,2025-02-03:1,True,3,5,True,-0.07023411371237458,0.013569340742984201,-1.644021252594869,True,0,0,0,True,-0.735228655450878,155.0,325.0,0.0,0.0,0.0,1.0,0.0
2025-02-03 18:30:00+00:00,2025-02-03,2025-02-03:1,True,4,5,True,-0.010676156583629894,0.010676156583629894,0.3216631363483187,True,0,0,0,True,0.08296010321733231,150.0,330.0,0.0,0.0,0.0,0.0,1.0
2025-02-03 18:35:00+00:00,2025-02-03,2025-02-03:1,True,3,5,True,-0.10559006211180125,0.007845230396296268,-2.5996585037473987,True,0,0,0,True,-1.8987578575591897,145.0,335.0,0.0,0.0,0.0,1.0,0.0
2025-02-03 18:40:00+00:00,2025-02-03,2025-02-03:1,True,4,5,True,-0.059880239520958084,0.059880239520958084,0.3035054113823059,True,1,0,0,True,1.149085386484484,140.0,340.0,0.0,0.0,0.0,0.0,1.0
2025-02-03 18:45:00+00:00,2025-02-03,2025-02-03:1,True,4,10,True,0.06329113924050633,0.025163454970319656,0.9223525965794894,True,0,0,0,True,0.0,135.0,345.0,0.0,0.0,0.0,0.0,1.0
2025-02-03 18:50:00+00:00,2025-02-03,2025-02-03:1,True,4,15,True,-0.09342560553633218,0.09342560553633218,0.5960977242564591,True,0,0,0,True,0.0,130.0,350.0,0.0,0.0,0.0,0.0,1.0
2025-02-03 18:55:00+00:00,2025-02-03,2025-02-03:1,True,0,5,True,0.0915032679738562,0.0915032679738562,0.0,True,0,0,0,True,-0.6699975963401367,125.0,355.0,1.0,0.0,0.0,0.0,0.0
2025-02-03 19:00:00+00:00,2025-02-03,2025-02-03:1,True,0,10,True,0.06666666666666667,0.06666666666666667,-0.9189846588389387,True,0,0,0,True,-1.856444046946653,120.0,360.0,1.0,0.0,0.0,0.0,0.0
2025-02-03 19:05:00+00:00,2025-02-03,2025-02-03:1,True,0,15,True,-0.29577464788732394,0.29577464788732394,0.30830099732300664,True,0,0,0,True,0.6893819875452235,115.0,365.0,1.0,0.0,0.0,0.0,0.0
2025-02-03 19:10:00+00:00,2025-02-03,2025-02-03:1,True,0,20,True,-0.054441260744985676,0.054441260744985676,0.29614600418123044,True,0,0,0,True,0.0,110.0,370.0,1.0,0.0,0.0,0.0,0.0
2025-02-03 19:15:00+00:00,2025-02-03,2025-02-03:1,True,0,25,True,0.13725490196078433,0.13725490196078433,-0.784239627930771,True,0,0,0,True,-0.35072262374206425,105.0,375.0,1.0,0.0,0.0,0.0,0.0
2025-02-03 19:20:00+00:00,2025-02-03,2025-02-03:1,True,0,30,True,0.033707865168539325,0.033707865168539325,-0.48529530353973815,True,0,0,0,True,0.7234355252508325,100.0,380.0,1.0,0.0,0.0,0.0,0.0
2025-02-03 19:25:00+00:00,2025-02-03,2025-02-03:1,True,3,5,True,0.12693498452012383,0.12693498452012383,-1.4229389835823045,True,0,0,0,True,-1.0982922550200136,95.0,385.0,0.0,0.0,0.0,1.0,0.0
2025-02-03 19:30:00+00:00,2025-02-03,2025-02-03:1,True,3,10,True,-0.027932960893854747,0.013330151366828415,-0.7397788960983677,True,0,0,0,True,-0.8270979499966767,90.0,390.0,0.0,0.0,0.0,1.0,0.0
2025-02-03 19:35:00+00:00,2025-02-03,2025-02-03:1,True,3,15,True,0.0,0.0,-0.7757479973399778,True,0,0,0,True,-0.8673126277319908,85.0,395.0,0.0,0.0,0.0,1.0,0.0
2025-02-03 19:40:00+00:00,2025-02-03,2025-02-03:1,True,4,5,True,0.0364963503649635,0.0364963503649635,-0.38611399571591376,True,0,0,0,True,1.4229504390250112,80.0,400.0,0.0,0.0,0.0,0.0,1.0
2025-02-03 19:45:00+00:00,2025-02-03,2025-02-03:1,True,4,10,True,-0.20253164556962025,0.20253164556962025,0.38936614608503395,True,1,0,0,True,-0.34208830428096515,75.0,405.0,0.0,0.0,0.0,0.0,1.0
2025-02-03 19:50:00+00:00,2025-02-03,2025-02-03:1,True,3,5,True,-0.0847457627118644,0.01746543838310354,-1.579431768902351,True,0,1,1,True,0.0,70.0,410.0,0.0,0.0,0.0,1.0,0.0
2025-02-03 19:55:00+00:00,2025-02-03,2025-02-03:1,True,4,5,True,-0.0972972972972973,0.0972972972972973,0.0,True,0,0,1,True,-0.8829292002714715,65.0,415.0,0.0,0.0,0.0,0.0,1.0
2025-02-03 20:00:00+00:00,2025-02-03,2025-02-03:1,True,3,5,True,-0.18134715025906736,0.08298516490786374,-0.7817512957950931,True,0,0,1,True,-1.2245584743313511,60.0,420.0,0.0,0.0,0.0,1.0,0.0
2025-02-03 20:05:00+00:00,2025-02-03,2025-02-03:1,True,3,10,True,-0.24806201550387597,0.1363944875305312,-0.5981274468265354,True,0,0,1,True,-0.8916357535416828,55.0,425.0,0.0,0.0,0.0,1.0,0.0
2025-02-03 20:10:00+00:00,2025-02-03,2025-02-03:1,True,4,5,True,-0.13494809688581316,0.13494809688581316,0.0,True,0,0,1,True,0.0,50.0,430.0,0.0,0.0,0.0,0.0,1.0
2025-02-03 20:15:00+00:00,2025-02-03,2025-02-03:1,True,4,10,True,-0.13099041533546327,0.13099041533546327,0.23138500375693957,True,1,0,1,True,1.0347851947491222,45.0,435.0,0.0,0.0,0.0,0.0,1.0
2025-02-03 20:20:00+00:00,2025-02-03,2025-02-03:1,True,0,5,True,-0.2897727272727273,0.2897727272727273,1.6745030295697574,True,1,0,1,True,0.0,40.0,440.0,1.0,0.0,0.0,0.0,0.0
2025-02-03 20:25:00+00:00,2025-02-03,2025-02-03:1,True,0,10,True,-0.0036363636363636364,0.0036363636363636364,0.8460937423416807,True,1,0,1,True,0.9459615616052508,35.0,445.0,1.0,0.0,0.0,0.0,0.0
2025-02-03 20:30:00+00:00,2025-02-03,2025-02-03:1,True,2,5,True,0.08681672025723473,0.08681672025723473,0.0,True,1,0,1,True,0.9632840290251109,30.0,450.0,0.0,0.0,1.0,0.0,0.0
2025-02-03 20:35:00+00:00,2025-02-03,2025-02-03:1,True,2,10,True,0.19205298013245034,0.19205298013245034,0.0,True,1,0,1,True,-0.4642817463396141,25.0,455.0,0.0,0.0,1.0,0.0,0.0
2025-02-03 20:40:00+00:00,2025-02-03,2025-02-03:1,True,1,5,True,0.27848101265822783,0.11021212225343545,0.9269429869046494,True,0,0,1,True,1.0363537649942194,20.0,460.0,0.0,1.0,0.0,0.0,0.0
2025-02-03 20:45:00+00:00,2025-02-03,2025-02-03:1,True,1,10,True,0.1456953642384106,0.0908647213972499,0.47214607311432244,True,0,0,1,True,-0.3947648481918289,15.0,465.0,0.0,1.0,0.0,0.0,0.0
2025-02-03 20:50:00+00:00,2025-02-03,2025-02-03:1,True,1,15,True,0.09722222222222222,0.03527960298030359,1.0136943313388798,True,0,0,1,True,0.0,10.0,470.0,0.0,1.0,0.0,0.0,0.0
2025-02-03 20:55:00+00:00,2025-02-03,2025-02-03:1,True,2,5,True,-0.060498220640569395,0.060498220640569395,0.0,True,0,0,1,True,0.0,5.0,475.0,0.0,0.0,1.0,0.0,0.0
2025-02-03 21:00:00+00:00,2025-02-03,2025-02-03:1,True,2,10,True,-0.09565217391304348,0.09565217391304348,0.0,True,0,0,1,True,-1.2047466597348104,0.0,480.0,0.0,0.0,1.0,0.0,0.0
2025-02-04 13:00:00+00:00,2025-02-04,2025-02-04:1,False,-1,0,False,,,,False,0,0,0,False,,480.0,0.0,,,,,
2025-02-04 13:05:00+00:00,2025-02-04,2025-02-04:1,False,-1,0,True,-0.09971509971509972,,,False,0,0,0,False,,475.0,5.0,,,,,
2025-02-04 13:10:00+00:00,2025-02-04,2025-02-04:1,False,-1,0,True,-0.15,,,False,0,0,0,False,,470.0,10.0,,,,,
2025-02-04 13:15:00+00:00,2025-02-04,2025-02-04:1,False,-1,0,True,0.16607773851590105,,,False,0,0,0,False,,465.0,15.0,,,,,
2025-02-04 13:20:00+00:00,2025-02-04,2025-02-04:1,False,-1,0,True,-0.13274336283185842,,,False,0,0,0,False,,460.0,20.0,,,,,
2025-02-04 13:25:00+00:00,2025-02-04,2025-02-04:1,False,-1,0,True,-0.2905405405405405,,,False,0,0,0,False,,455.0,25.0,,,,,
2025-02-04 13:30:00+00:00,2025-02-04,2025-02-04:1,False,-1,0,True,0.0049504950495049506,,,False,0,0,0,False,,450.0,30.0,,,,,
2025-02-04 13:35:00+00:00,2025-02-04,2025-02-04:1,False,-1,0,True,0.28368794326241137,,,False,0,0,0,False,,445.0,35.0,,,,,
2025-02-04 13:40:00+00:00,2025-02-04,2025-02-04:1,False,-1,0,True,-0.32063492063492066,,,False,0,0,0,False,,440.0,40.0,,,,,
2025-02-04 13:45:00+00:00,2025-02-04,2025-02-04:1,False,-1,0,True,0.2914572864321608,,,False,0,0,0,False,,435.0,45.0,,,,,
2025-02-04 13:50:00+00:00,2025-02-04,2025-02-04:1,False,-1,0,True,-0.12020460358056266,,,False,0,0,0,False,,430.0,50.0,,,,,
2025-02-04 13:55:00+00:00,2025-02-04,2025-02-04:1,False,-1,0,True,0.25,,,False,0,0,0,False,,425.0,55.0,,,,,
2025-02-04 14:00:00+00:00,2025-02-04,2025-02-04:1,False,-1,0,True,0.10077519379844961,,,False,0,0,0,False,,420.0,60.0,,,,,
2025-02-04 14:05:00+00:00,2025-02-04,2025-02-04:1,True,4,5,True,0.06810035842293907,0.027347482390494084,0.9123580032320897,True,1,0,0,False,,415.0,65.0,0.0,0.0,0.0,0.0,1.0
2025-02-04 14:10:00+00:00,2025-02-04,2025-02-04:1,True,3,5,True,0.0176678445229682,0.0176678445229682,-0.9087444554029691,True,0,1,1,False,,410.0,70.0,0.0,0.0,0.0,1.0,0.0
2025-02-04 14:15:00+00:00,2025-02-04,2025-02-04:1,True,3,10,True,-0.24,0.13197661968046756,-0.5980141400766851,True,0,0,1,False,,405.0,75.0,0.0,0.0,0.0,1.0,0.0
2025-02-04 14:20:00+00:00,2025-02-04,2025-02-04:1,True,0,5,True,0.11864406779661017,0.011357126253307015,2.346282573500794,True,0,0,1,False,,400.0,80.0,1.0,0.0,0.0,0.0,0.0
2025-02-04 14:25:00+00:00,2025-02-04,2025-02-04:1,True,0,10,True,0.00641025641025641,0.0023596960564708763,0.9993664506201626,True,0,0,1,False,,395.0,85.0,1.0,0.0,0.0,0.0,0.0
2025-02-04 14:30:00+00:00,2025-02-04,2025-02-04:1,True,2,5,True,-0.10324483775811209,0.059787074636381665,-0.5463137387011433,True,0,0,1,False,,390.0,90.0,0.0,0.0,1.0,0.0,0.0
2025-02-04 14:35:00+00:00,2025-02-04,2025-02-04:1,True,1,5,True,0.2,0.09067787133913324,0.7910040156093227,True,0,0,1,False,,385.0,95.0,0.0,1.0,0.0,0.0,0.0
2025-02-04 14:40:00+00:00,2025-02-04,2025-02-04:1,True,2,5,True,-0.10025706940874037,0.10025706940874037,0.0,True,0,0,1,False,,380.0,100.0,0.0,0.0,1.0,0.0,0.0
2025-02-04 14:45:00+00:00,2025-02-04,2025-02-04:1,True,0,5,True,-0.21543408360128619,0.016660288492188157,-2.559627033147228,True,0,0,1,False,,375.0,105.0,1.0,0.0,0.0,0.0,0.0
2025-02-04 14:50:00+00:00,2025-02-04,2025-02-04:1,True,0,10,True,0.06172839506172839,0.019093407598862785,1.173400913161839,True,0,0,1,False,,370.0,110.0,1.0,0.0,0.0,0.0,0.0
2025-02-04 14:55:00+00:00,2025-02-04,2025-02-04:1,True,3,5,True,-0.07744107744107744,0.015226882886808743,-1.626454879432866,True,0,0,1,False,,365.0,115.0,0.0,0.0,0.0,1.0,0.0
2025-02-04 15:00:00+00:00,2025-02-04,2025-02-04:1,True,0,5,True,0.140893470790378,0.0937497119272258,0.40737548644541144,True,0,0,1,False,,360.0,120.0,1.0,0.0,0.0,0.0,0.0
2025-02-04 15:05:00+00:00,2025-02-04,2025-02-04:1,True,3,5,True,-0.1927710843373494,0.08403211995217647,-0.8303042872877011,True,0,0,1,True,-0.9283084141932866,355.0,125.0,0.0,0.0,0.0,1.0,0.0
2025-02-04 15:10:00+00:00,2025-02-04,2025-02-04:1,True,4,5,True,0.3772455089820359,0.3772455089820359,-0.28591214881644617,True,0,0,1,True,0.0,350.0,130.0,0.0,0.0,0.0,0.0,1.0
2025-02-04 15:15:00+00:00,2025-02-04,2025-02-04:1,True,3,5,True,0.07801418439716312,0.07801418439716312,-1.152734858481375,True,0,0,1,True,-1.3081997639956775,345.0,135.0,0.0,0.0,0.0,1.0,0.0
2025-02-04 15:20:00+00:00,2025-02-04,2025-02-04:1,True,4,5,True,0.1873015873015873,0.13918261075337898,0.2969332667141149,True,1,0,1,True,0.0,340.0,140.0,0.0,0.0,0.0,0.0,1.0
2025-02-04 15:25:00+00:00,2025-02-04,2025-02-04:1,True,0,5,True,0.34782608695652173,0.13495700997380988,0.9467463216470997,True,1,0,1,True,-0.014295536173441606,335.0,145.0,1.0,0.0,0.0,0.0,0.0
2025-02-04 15:30:00+00:00,2025-02-04,2025-02-04:1,True,1,5,True,0.2478134110787172,0.0015055598558092451,5.103511262064039,True,0,0,1,True,4.208829329760696,330.0,150.0,0.0,1.0,0.0,0.0,0.0
2025-02-04 15:35:00+00:00,2025-02-04,2025-02-04:1,True,1,10,True,-0.007874015748031496,0.007874015748031496,0.48132670055838533,True,0,0,1,True,0.6319057907009735,325.0,155.0,0.0,1.0,0.0,0.0,0.0
2025-02-04 15:40:00+00:00,2025-02-04,2025-02-04:1,True,2,5,True,-0.03910614525139665,0.012263028026615141,-1.1596907379578556,True,0,0,1,True,-0.608815621611133,320.0,160.0,0.0,0.0,1.0,0.0,0.0
2025-02-04 15:45:00+00:00,2025-02-04,2025-02-04:1,True,1,5,True,-0.12131147540983607,0.12131147540983607,0.4635594036774182,True,0,0,1,True,0.07304236238832015,315.0,165.0,0.0,1.0,0.0,0.0,0.0
2025-02-04 15:50:00+00:00,2025-02-04,2025-02-04:1,True,2,5,True,0.22151898734177214,0.17702219595357938,0.2242331818651061,True,0,0,1,True,-0.5511979026564207,310.0,170.0,0.0,0.0,1.0,0.0,0.0
2025-02-04 15:55:00+00:00,2025-02-04,2025-02-04:1,True,1,5,True,-0.3076923076923077,0.3076923076923077,0.8968133174034195,True,0,0,1,True,1.0026677704205706,305.0,175.0,0.0,1.0,0.0,0.0,0.0
2025-02-04 16:00:00+00:00,2025-02-04,2025-02-04:1,True,0,5,True,0.2777777777777778,0.2777777777777778,-0.2209334655533956,True,0,0,1,True,0.49402224748059664,300.0,180.0,1.0,0.0,0.0,0.0,0.0
2025-02-04 16:05:00+00:00,2025-02-04,2025-02-04:1,True,0,10,True,-0.1016949152542373,0.05334383858314805,-0.6452188237014493,True,0,0,1,True,1.442753150158893,295.0,185.0,1.0,0.0,0.0,0.0,0.0
2025-02-04 16:10:00+00:00,2025-02-04,2025-02-04:1,True,0,15,True,-0.10625,0.08610219136406291,-0.21025994531187753,True,0,0,1,True,-0.6314873205850619,290.0,190.0,1.0,0.0,0.0,0.0,0.0
2025-02-04 16:15:00+00:00,2025-02-04,2025-02-04:1,True,0,20,True,-0.11182108626198083,0.044411221535098536,-0.9234079751489097,True,0,0,1,True,-0.458845111866021,285.0,195.0,1.0,0.0,0.0,0.0,0.0
2025-02-04 16:20:00+00:00,2025-02-04,2025-02-04:1,True,0,25,True,0.3118279569892473,0.3118279569892473,0.0,True,0,0,1,True,0.37157575428323214,280.0,200.0,1.0,0.0,0.0,0.0,0.0
2025-02-04 16:25:00+00:00,2025-02-04,2025-02-04:1,True,3,5,True,-0.09333333333333334,0.061753416961883634,-0.4130280051088814,True,0,0,1,True,-1.2841375159577197,275.0,205.0,0.0,0.0,0.0,1.0,0.0
2025-02-04 16:30:00+00:00,2025-02-04,2025-02-04:1,True,3,10,True,0.0410958904109589,0.0410958904109589,-0.43198430241458197,True,0,0,1,True,0.0,270.0,210.0,0.0,0.0,0.0,1.0,0.0
2025-02-04 16:35:00+00:00,2025-02-04,2025-02-04:1,True,0,5,True,-0.036231884057971016,0.036231884057971016,1.0844298803392793,True,0,0,1,True,1.4309786019343185,265.0,215.0,1.0,0.0,0.0,0.0,0.0
2025-02-04 16:40:00+00:00,2025-02-04,2025-02-04:1,True,0,10,True,0.09747292418772563,0.09747292418772563,0.0,True,0,0,1,True,0.40531182980771385,260.0,220.0,1.0,0.0,0.0,0.0,0.0
2025-02-04 16:45:00+00:00,2025-02-04,2025-02-04:1,True,0,15,True,-0.1908831908831909,0.06194043145888531,-1.1254885346311085,True,0,0,1,True,-0.6291672178324992,255.0,225.0,1.0,0.0,0.0,0.0,0.0
2025-02-04 16:50:00+00:00,2025-02-04,2025-02-04:1,True,0,20,True,0.2765957446808511,0.2765957446808511,-0.3201230087446625,True,0,0,1,True,-0.4752246067435839,250.0,230.0,1.0,0.0,0.0,0.0,0.0
2025-02-04 16:55:00+00:00,2025-02-04,2025-02-04:1,True,0,25,True,0.04126984126984127,0.04126984126984127,-0.33326142733295794,True,0,0,1,True,0.7451952057951005,245.0,235.0,1.0,0.0,0.0,0.0,0.0
2025-02-04 17:00:00+00:00,2025-02-04,2025-02-04:1,True,0,30,True,0.2802547770700637,0.2802547770700637,-0.7133847076710781,True,0,0,1,True,0.0,240.0,240.0,1.0,0.0,0.0,0.0,0.0
2025-02-04 17:05:00+00:00,2025-02-04,2025-02-04:1,True,4,5,True,-0.21379310344827587,0.21379310344827587,0.0,True,0,0,1,True,0.0,235.0,245.0,0.0,0.0,0.0,0.0,1.0
2025-02-04 17:10:00+00:00,2025-02-04,2025-02-04:1,True,4,10,True,-0.15654952076677317,0.15654952076677317,0.0,True,0,0,1,True,0.0,230.0,250.0,0.0,0.0,0.0,0.0,1.0
2025-02-04 17:15:00+00:00,2025-02-04,2025-02-04:1,True,0,5,True,0.2222222222222222,0.13859164576734279,0.4721460731156197,True,0,0,1,True,-0.6523504906917083,225.0,255.0,1.0,0.0,0.0,0.0,0.0
2025-02-04 17:20:00+00:00,2025-02-04,2025-02-04:1,True,0,10,True,-0.19667590027700832,0.19667590027700832,0.0,True,0,0,1,True,1.055750714795949,220.0,260.0,1.0,0.0,0.0,0.0,0.0
2025-02-04 17:25:00+00:00,2025-02-04,2025-02-04:1,True,0,15,True,-0.04216867469879518,0.04216867469879518,0.44880115319169944,True,0,0,1,True,-1.0035498869169368,215.0,265.0,1.0,0.0,0.0,0.0,0.0
2025-02-04 17:30:00+00:00,2025-02-04,2025-02-04:1,True,0,20,True,-0.10778443113772455,0.10778443113772455,0.4632607128023262,True,0,0,1,True,0.0,210.0,270.0,1.0,0.0,0.0,0.0,0.0
2025-02-04 17:35:00+00:00,2025-02-04,2025-02-04:1,True,1,5,True,0.03870967741935484,0.009883973535484867,1.365175020678803,True,0,0,1,True,1.2368668639252813,205.0,275.0,0.0,1.0,0.0,0.0,0.0
2025-02-04 17:40:00+00:00,2025-02-04,2025-02-04:1,True,1,10,True,0.05338078291814947,0.021484551249010993,0.9101166804529209,True,0,0,1,True,1.0175413824731467,200.0,280.0,0.0,1.0,0.0,0.0,0.0
2025-02-04 17:45:00+00:00,2025-02-04,2025-02-04:1,True,1,15,True,-0.06484641638225255,0.06484641638225255,0.47759060240396134,True,0,0,1,True,0.0,195.0,285.0,0.0,1.0,0.0,0.0,0.0
2025-02-04 17:50:00+00:00,2025-02-04,2025-02-04:1,True,1,20,True,0.19218241042345277,0.07475027035630481,0.944292146229651,True,0,0,1,True,0.581030022805533,190.0,290.0,0.0,1.0,0.0,0.0,0.0
2025-02-04 17:55:00+00:00,2025-02-04,2025-02-04:1,True,2,5,True,-0.16463414634146342,0.16463414634146342,0.0,True,0,0,1,True,0.0,185.0,295.0,0.0,0.0,1.0,0.0,0.0
2025-02-04 18:00:00+00:00,2025-02-04,2025-02-04:1,True,1,5,True,-0.175,0.175,2.8692434786069465,True,0,0,1,True,4.783219267787262,180.0,300.0,0.0,1.0,0.0,0.0,0.0
2025-02-04 18:05:00+00:00,2025-02-04,2025-02-04:1,True,2,5,True,-0.12101910828025478,0.12101910828025478,0.38849363908554513,True,0,0,1,True,0.8686981858215481,175.0,305.0,0.0,0.0,1.0,0.0,0.0
2025-02-04 18:10:00+00:00,2025-02-04,2025-02-04:1,True,1,5,True,-0.1437308868501529,0.1437308868501529,0.7821733849652446,True,0,0,1,True,-0.8744964294854567,170.0,310.0,0.0,1.0,0.0,0.0,0.0
2025-02-04 18:15:00+00:00,2025-02-04,2025-02-04:1,True,2,5,True,0.04411764705882353,0.04411764705882353,-0.3980260085894215,True,0,0,1,True,-0.8900132120188617,165.0,315.0,0.0,0.0,1.0,0.0,0.0
2025-02-04 18:20:00+00:00,2025-02-04,2025-02-04:1,True,0,5,True,0.050746268656716415,0.050746268656716415,-1.4585348619968788,True,0,0,1,True,0.0,160.0,320.0,1.0,0.0,0.0,0.0,0.0
2025-02-04 18:25:00+00:00,2025-02-04,2025-02-04:1,True,0,10,True,-0.34492753623188405,0.34492753623188405,0.18444638772203711,True,0,0,1,True,-0.4180345147596272,155.0,325.0,1.0,0.0,0.0,0.0,0.0
2025-02-04 18:30:00+00:00,2025-02-04,2025-02-04:1,True,0,15,True,0.03806228373702422,0.03806228373702422,-0.49558644093998244,True,0,0,1,True,-0.7387766471126571,150.0,330.0,1.0,0.0,0.0,0.0,0.0
2025-02-04 18:35:00+00:00,2025-02-04,2025-02-04:1,True,3,5,True,0.2870662460567823,0.2870662460567823,-0.8270779715448472,True,0,0,1,True,-1.2417086176899896,145.0,335.0,0.0,0.0,0.0,1.0,0.0
2025-02-04 18:40:00+00:00,2025-02-04,2025-02-04:1,True,0,5,True,0.09764309764309764,0.026428863875076463,1.3068622286606888,True,0,0,1,True,0.0,140.0,340.0,1.0,0.0,0.0,0.0,0.0
2025-02-04 18:45:00+00:00,2025-02-04,2025-02-04:1,True,3,5,True,-0.3824561403508772,0.10918564689366377,-1.2535643649733617,True,0,0,1,True,0.0,135.0,345.0,0.0,0.0,0.0,1.0,0.0
2025-02-04 18:50:00+00:00,2025-02-04,2025-02-04:1,True,3,10,True,0.11377245508982035,0.11377245508982035,-1.25408637535031,True,0,0,1,True,0.0,130.0,350.0,0.0,0.0,0.0,1.0,0.0
2025-02-04 18:55:00+00:00,2025-02-04,2025-02-04:1,True,0,5,True,0.06134969325153374,0.02442867682491114,0.9208324492613346,True,0,0,1,True,0.6133249547183358,125.0,355.0,1.0,0.0,0.0,0.0,0.0
2025-02-04 19:00:00+00:00,2025-02-04,2025-02-04:1,True,0,10,True,0.10091743119266056,0.10091743119266056,-0.1534082934763919,True,0,0,1,True,0.6860627450508997,120.0,360.0,1.0,0.0,0.0,0.0,0.0
2025-02-04 19:05:00+00:00,2025-02-04,2025-02-04:1,True,0,15,True,-0.12320916905444126,0.12320916905444126,1.3724448702412413,True,0,0,1,True,0.7672200063086637,115.0,365.0,1.0,0.0,0.0,0.0,0.0
2025-02-04 19:10:00+00:00,2025-02-04,2025-02-04:1,True,0,20,True,-0.17391304347826086,0.061620477739517274,-1.0375611780399723,True,0,0,1,True,-0.195729351159808,110.0,370.0,1.0,0.0,0.0,0.0,0.0
2025-02-04 19:15:00+00:00,2025-02-04,2025-02-04:1,True,0,25,True,0.2,0.05317476458240816,1.3247334326947018,True,0,0,1,True,0.5893841555877938,105.0,375.0,1.0,0.0,0.0,0.0,0.0
2025-02-04 19:20:00+00:00,2025-02-04,2025-02-04:1,True,1,5,True,0.16845878136200718,0.06006236779766486,1.0313076132222023,True,0,0,1,True,0.0,100.0,380.0,0.0,1.0,0.0,0.0,0.0
2025-02-04 19:25:00+00:00,2025-02-04,2025-02-04:1,True,1,10,True,0.043209876543209874,0.021703663761886358,0.6885880095567184,True,0,0,1,True,0.0,95.0,385.0,0.0,1.0,0.0,0.0,0.0
2025-02-04 19:30:00+00:00,2025-02-04,2025-02-04:1,True,2,5,True,0.02064896755162242,0.02064896755162242,-1.175547879576428,True,0,0,1,True,-0.13334382323326596,90.0,390.0,0.0,0.0,1.0,0.0,0.0
2025-02-04 19:35:00+00:00,2025-02-04,2025-02-04:1,True,0,5,True,-0.03225806451612903,0.03225806451612903,0.0,True,0,0,1,True,0.0,85.0,395.0,1.0,0.0,0.0,0.0,0.0
2025-02-04 19:40:00+00:00,2025-02-04,2025-02-04:1,True,2,5,True,-0.06,0.03975467475438254,-0.41161712415271695,True,0,0,1,True,-1.8408077406142753,80.0,400.0,0.0,0.0,1.0,0.0,0.0
2025-02-04 19:45:00+00:00,2025-02-04,2025-02-04:1,True,0,5,True,-0.3037542662116041,0.3037542662116041,0.0,True,0,0,1,True,-0.919743806490458,75.0,405.0,1.0,0.0,0.0,0.0,0.0
2025-02-04 19:50:00+00:00,2025-02-04,2025-02-04:1,True,0,10,True,0.08626198083067092,0.08626198083067092,-0.7693376719771411,True,0,0,1,True,0.13335206430454036,70.0,410.0,1.0,0.0,0.0,0.0,0.0
2025-02-04 19:55:00+00:00,2025-02-04,2025-02-04:1,True,0,15,True,0.11428571428571428,0.05101345508883978,0.806612155412687,True,0,0,1,True,-1.666200887015126,65.0,415.0,1.0,0.0,0.0,0.0,0.0
2025-02-04 20:00:00+00:00,2025-02-04,2025-02-04:1,True,0,20,True,0.3378839590443686,0.3378839590443686,0.0,True,0,0,1,True,-0.8873367726210434,60.0,420.0,1.0,0.0,0.0,0.0,0.0
2025-02-04 20:05:00+00:00,2025-02-04,2025-02-04:1,True,0,25,True,-0.10726643598615918,0.10726643598615918,0.3947275758741428,True,0,0,1,True,0.0,55.0,425.0,1.0,0.0,0.0,0.0,0.0
2025-02-04 20:10:00+00:00,2025-02-04,2025-02-04:1,True,0,30,True,0.17834394904458598,0.17834394904458598,-0.7940998189009624,True,0,0,1,True,-0.6391604755525434,50.0,430.0,1.0,0.0,0.0,0.0,0.0
2025-02-04 20:15:00+00:00,2025-02-04,2025-02-04:1,True,0,35,True,-0.05501618122977346,0.03636614019356735,-0.413989218878313,True,0,0,1,True,-2.44133044940086,45.0,435.0,1.0,0.0,0.0,0.0,0.0
2025-02-04 20:20:00+00:00,2025-02-04,2025-02-04:1,True,0,40,True,0.28611898016997167,0.28611898016997167,-0.7316068173882465,True,0,0,1,True,0.8179612882400348,40.0,440.0,1.0,0.0,0.0,0.0,0.0
2025-02-04 20:25:00+00:00,2025-02-04,2025-02-04:1,True,0,45,True,-0.05637982195845697,0.05637982195845697,1.4599063102191896,True,0,0,1,True,0.8161124376071711,35.0,445.0,1.0,0.0,0.0,0.0,0.0
2025-02-04 20:30:00+00:00,2025-02-04,2025-02-04:1,True,0,50,True,0.0,0.0,1.6847426871024729,True,0,0,1,True,0.25835969131238845,30.0,450.0,1.0,0.0,0.0,0.0,0.0
2025-02-04 20:35:00+00:00,2025-02-04,2025-02-04:1,True,0,55,True,-0.11347517730496454,0.11347517730496454,0.33146590500723244,True,0,0,1,True,-0.7411802958217664,25.0,455.0,1.0,0.0,0.0,0.0,0.0
2025-02-04 20:40:00+00:00,2025-02-04,2025-02-04:1,True,0,60,True,-0.23508771929824562,0.061890587967513205,-1.3345906021961245,True,0,0,1,True,0.0,20.0,460.0,1.0,0.0,0.0,0.0,0.0
2025-02-04 20:45:00+00:00,2025-02-04,2025-02-04:1,True,1,5,True,0.05194805194805195,0.013769026657343784,1.3278225937473274,True,0,0,1,True,-0.5264527147789314,15.0,465.0,0.0,1.0,0.0,0.0,0.0
2025-02-04 20:50:00+00:00,2025-02-04,2025-02-04:1,True,1,10,True,0.21008403361344538,0.14744940936595605,0.3540224811419987,True,0,0,1,True,0.7916183333966464,10.0,470.0,0.0,1.0,0.0,0.0,0.0
2025-02-04 20:55:00+00:00,2025-02-04,2025-02-04:1,True,1,15,True,-0.1742627345844504,0.1742627345844504,1.347794149681431,True,0,0,1,True,0.5387336681555381,5.0,475.0,0.0,1.0,0.0,0.0,0.0
2025-02-04 21:00:00+00:00,2025-02-04,2025-02-04:1,True,1,20,True,-0.23961661341853036,0.23961661341853036,1.0106025523582534,True,0,0,1,True,1.5065173368726106,0.0,480.0,0.0,1.0,0.0,0.0,0.0
2025-02-05 13:00:00+00:00,2025-02-05,2025-02-05:1,False,-1,0,False,,,,False,0,0,0,False,,480.0,0.0,,,,,
2025-02-05 13:05:00+00:00,2025-02-05,2025-02-05:1,False,-1,0,True,-0.2727272727272727,,,False,0,0,0,False,,475.0,5.0,,,,,
2025-02-05 13:10:00+00:00,2025-02-05,2025-02-05:1,False,-1,0,True,-0.18971061093247588,,,False,0,0,0,False,,470.0,10.0,,,,,
2025-02-05 13:15:00+00:00,2025-02-05,2025-02-05:1,False,-1,0,True,0.09027777777777778,,,False,0,0,0,False,,465.0,15.0,,,,,
2025-02-05 13:20:00+00:00,2025-02-05,2025-02-05:1,False,-1,0,True,0.07453416149068323,,,False,0,0,0,False,,460.0,20.0,,,,,
2025-02-05 13:25:00+00:00,2025-02-05,2025-02-05:1,False,-1,0,True,0.12661498708010335,,,False,0,0,0,False,,455.0,25.0,,,,,
2025-02-05 13:30:00+00:00,2025-02-05,2025-02-05:1,False,-1,0,True,-0.2761394101876676,,,False,0,0,0,False,,450.0,30.0,,,,,
2025-02-05 13:35:00+00:00,2025-02-05,2025-02-05:1,False,-1,0,True,-0.24,,,False,0,0,0,False,,445.0,35.0,,,,,
2025-02-05 13:40:00+00:00,2025-02-05,2025-02-05:1,False,-1,0,True,-0.19230769230769232,,,False,0,0,0,False,,440.0,40.0,,,,,
2025-02-05 13:45:00+00:00,2025-02-05,2025-02-05:1,False,-1,0,True,0.07216494845360824,,,False,0,0,0,False,,435.0,45.0,,,,,
2025-02-05 13:50:00+00:00,2025-02-05,2025-02-05:1,False,-1,0,True,0.051094890510948905,,,False,0,0,0,False,,430.0,50.0,,,,,
2025-02-05 13:55:00+00:00,2025-02-05,2025-02-05:1,False,-1,0,True,-0.22330097087378642,,,False,0,0,0,False,,425.0,55.0,,,,,
2025-02-05 14:00:00+00:00,2025-02-05,2025-02-05:1,False,-1,0,True,0.08745247148288973,,,False,0,0,0,False,,420.0,60.0,,,,,
2025-02-05 14:05:00+00:00,2025-02-05,2025-02-05:1,True,4,5,True,-0.05539358600583091,0.03862259106677489,-0.3606264449128821,True,0,0,0,False,,415.0,65.0,0.0,0.0,0.0,0.0,1.0
2025-02-05 14:10:00+00:00,2025-02-05,2025-02-05:1,True,4,10,True,-0.06521739130434782,0.06521739130434782,0.0,True,0,0,0,False,,410.0,70.0,0.0,0.0,0.0,0.0,1.0
2025-02-05 14:15:00+00:00,2025-02-05,2025-02-05:1,True,4,15,True,0.31054131054131057,0.15207452633967253,0.7139462321930279,True,1,0,0,False,,405.0,75.0,0.0,0.0,0.0,0.0,1.0
2025-02-05 14:20:00+00:00,2025-02-05,2025-02-05:1,True,3,5,True,0.16913946587537093,0.16913946587537093,-0.7040832538170017,True,1,0,0,False,,400.0,80.0,0.0,0.0,0.0,1.0,0.0
2025-02-05 14:25:00+00:00,2025-02-05,2025-02-05:1,True,0,5,True,0.2099644128113879,0.09484259657620395,0.794719414239451,True,1,0,0,False,,395.0,85.0,1.0,0.0,0.0,0.0,0.0
2025-02-05 14:30:00+00:00,2025-02-05,2025-02-05:1,True,0,10,True,0.03225806451612903,0.0214166283284687,0.4096004295017845,True,1,0,0,False,,390.0,90.0,1.0,0.0,0.0,0.0,0.0
2025-02-05 14:35:00+00:00,2025-02-05,2025-02-05:1,True,0,15,True,-0.30357142857142855,0.09515747448840242,-1.1600837868549039,True,0,1,1,False,,385.0,95.0,1.0,0.0,0.0,0.0,0.0
2025-02-05 14:40:00+00:00,2025-02-05,2025-02-05:1,True,0,20,True,-0.03546099290780142,0.03546099290780142,1.147282428916247,True,0,0,1,False,,380.0,100.0,1.0,0.0,0.0,0.0,0.0
2025-02-05 14:45:00+00:00,2025-02-05,2025-02-05:1,True,0,25,True,-0.3700787401574803,0.3700787401574803,0.0,True,0,0,1,False,,375.0,105.0,1.0,0.0,0.0,0.0,0.0
2025-02-05 14:50:00+00:00,2025-02-05,2025-02-05:1,True,0,30,True,0.18072289156626506,0.14916247758761497,0.19192870684680935,True,0,0,1,False,,370.0,110.0,1.0,0.0,0.0,0.0,0.0
2025-02-05 14:55:00+00:00,2025-02-05,2025-02-05:1,True,0,35,True,0.17220543806646527,0.17220543806646527,-0.6041788482388468,True,0,0,1,False,,365.0,115.0,1.0,0.0,0.0,0.0,0.0
2025-02-05 15:00:00+00:00,2025-02-05,2025-02-05:1,True,0,40,True,-0.20116618075801748,0.20116618075801748,0.8656815837207724,True,0,0,1,False,,360.0,120.0,1.0,0.0,0.0,0.0,0.0
2025-02-05 15:05:00+00:00,2025-02-05,2025-02-05:1,True,0,45,True,-0.23809523809523808,0.10153614793772822,-0.8522558812952947,True,0,0,1,True,0.9528510423987812,355.0,125.0,1.0,0.0,0.0,0.0,0.0
2025-02-05 15:10:00+00:00,2025-02-05,2025-02-05:1,True,0,50,True,0.24539877300613497,0.15560066232233136,0.455591663983826,True,0,0,1,True,-0.7543562234467935,350.0,130.0,1.0,0.0,0.0,0.0,0.0
2025-02-05 15:15:00+00:00,2025-02-05,2025-02-05:1,True,0,55,True,-0.17757009345794392,0.043646365932111096,-1.403245399572284,True,0,0,1,True,-3.137752102557481,345.0,135.0,1.0,0.0,0.0,0.0,0.0
2025-02-05 15:20:00+00:00,2025-02-05,2025-02-05:1,True,0,60,True,0.056105610561056105,0.03651951285816882,0.4293891009336569,True,0,0,1,True,0.9601432184851753,340.0,140.0,1.0,0.0,0.0,0.0,0.0
2025-02-05 15:25:00+00:00,2025-02-05,2025-02-05:1,True,0,65,True,-0.22839506172839505,0.22839506172839505,0.0,True,0,0,1,True,-0.13050455383856494,335.0,145.0,1.0,0.0,0.0,0.0,0.0
2025-02-05 15:30:00+00:00,2025-02-05,2025-02-05:1,True,1,5,True,-0.07542579075425791,0.07542579075425791,4.165315777157251,True,0,0,1,True,10.200970104094543,330.0,150.0,0.0,1.0,0.0,0.0,0.0
2025-02-05 15:35:00+00:00,2025-02-05,2025-02-05:1,True,1,10,True,-0.5015974440894568,0.5015974440894568,0.22143783689543853,True,0,0,1,True,-0.7747274723791585,325.0,155.0,0.0,1.0,0.0,0.0,0.0
2025-02-05 15:40:00+00:00,2025-02-05,2025-02-05:1,True,2,5,True,-0.19844357976653695,0.19844357976653695,0.0,True,0,0,1,True,-0.20052302022832616,320.0,160.0,0.0,0.0,1.0,0.0,0.0
2025-02-05 15:45:00+00:00,2025-02-05,2025-02-05:1,True,2,10,True,-0.0963855421686747,0.0963855421686747,0.0,True,0,0,1,True,0.19847394581922678,315.0,165.0,0.0,0.0,1.0,0.0,0.0
2025-02-05 15:50:00+00:00,2025-02-05,2025-02-05:1,True,0,5,True,-0.18831168831168832,0.09092340217003225,-0.7280810888906978,True,0,0,1,True,-0.63391146856857,310.0,170.0,1.0,0.0,0.0,0.0,0.0
2025-02-05 15:55:00+00:00,2025-02-05,2025-02-05:1,True,1,5,True,-0.0033444816053511705,0.0033444816053511705,0.8154714072187513,True,0,0,1,True,0.29544503671082434,305.0,175.0,0.0,1.0,0.0,0.0,0.0
2025-02-05 16:00:00+00:00,2025-02-05,2025-02-05:1,True,0,5,True,0.014084507042253521,0.009374556960028783,0.4070760887979523,True,0,0,1,True,0.9102498065669622,300.0,180.0,1.0,0.0,0.0,0.0,0.0
2025-02-05 16:05:00+00:00,2025-02-05,2025-02-05:1,True,0,10,True,0.002898550724637681,0.002898550724637681,-0.20359165956094805,True,0,0,1,True,0.29536267224514945,295.0,185.0,1.0,0.0,0.0,0.0,0.0
2025-02-05 16:10:00+00:00,2025-02-05,2025-02-05:1,True,0,15,True,-0.07903780068728522,0.03504490368159943,-0.8132960262119014,True,0,0,1,True,-0.45464630010974255,290.0,190.0,1.0,0.0,0.0,0.0,0.0
2025-02-05 16:15:00+00:00,2025-02-05,2025-02-05:1,True,0,20,True,0.18181818181818182,0.12256052169901838,0.3944022240778991,True,0,0,1,True,0.16336173290492917,285.0,195.0,1.0,0.0,0.0,0.0,0.0
2025-02-05 16:20:00+00:00,2025-02-05,2025-02-05:1,True,0,25,True,-0.22968197879858657,0.22968197879858657,0.2019839366398168,True,0,0,1,True,-0.4516498126883572,280.0,200.0,1.0,0.0,0.0,0.0,0.0
2025-02-05 16:25:00+00:00,2025-02-05,2025-02-05:1,True,0,30,True,-0.025069637883008356,0.025069637883008356,0.0,True,0,0,1,True,-0.28344642696522976,275.0,205.0,1.0,0.0,0.0,0.0,0.0
2025-02-05 16:30:00+00:00,2025-02-05,2025-02-05:1,True,0,35,True,-0.13986013986013987,0.13986013986013987,0.20413015197477355,True,0,0,1,True,0.16436495379514895,270.0,210.0,1.0,0.0,0.0,0.0,0.0
2025-02-05 16:35:00+00:00,2025-02-05,2025-02-05:1,True,0,40,True,-0.02,0.02,0.31391408198974163,True,0,0,1,True,1.4038664528470095,265.0,215.0,1.0,0.0,0.0,0.0,0.0
2025-02-05 16:40:00+00:00,2025-02-05,2025-02-05:1,True,0,45,True,0.14534883720930233,0.14534883720930233,-0.3264695456417247,True,0,0,1,True,1.4600161932788083,260.0,220.0,1.0,0.0,0.0,0.0,0.0
2025-02-05 16:45:00+00:00,2025-02-05,2025-02-05:1,True,0,50,True,0.1551155115511551,0.1551155115511551,0.0,True,0,0,1,True,1.459796451968307,255.0,225.0,1.0,0.0,0.0,0.0,0.0
2025-02-05 16:50:00+00:00,2025-02-05,2025-02-05:1,True,0,55,True,0.01060070671378092,0.003764559384471385,1.0352898449604917,True,0,0,1,True,0.2608473810214752,250.0,230.0,1.0,0.0,0.0,0.0,0.0
2025-02-05 16:55:00+00:00,2025-02-05,2025-02-05:1,True,0,60,True,-0.03323262839879154,0.027570250866508005,-0.18679485215240887,True,0,0,1,True,-0.5505392262390912,245.0,235.0,1.0,0.0,0.0,0.0,0.0
2025-02-05 17:00:00+00:00,2025-02-05,2025-02-05:1,True,0,65,True,0.0,0.0,-0.755414689145873,True,0,0,1,True,0.0,240.0,240.0,1.0,0.0,0.0,0.0,0.0
2025-02-05 17:05:00+00:00,2025-02-05,2025-02-05:1,True,0,70,True,0.310126582278481,0.310126582278481,-0.38808021591963315,True,0,0,1,True,-1.9070203397587677,235.0,245.0,1.0,0.0,0.0,0.0,0.0
2025-02-05 17:10:00+00:00,2025-02-05,2025-02-05:1,True,0,75,True,-0.0979381443298969,0.0332364501333461,-1.0806889298266857,True,0,0,1,True,-1.4553290391109288,230.0,250.0,1.0,0.0,0.0,0.0,0.0
2025-02-05 17:15:00+00:00,2025-02-05,2025-02-05:1,True,0,80,True,0.2,0.08068563871083242,0.9077567660822865,True,0,0,1,True,1.0221812094745668,225.0,255.0,1.0,0.0,0.0,0.0,0.0
2025-02-05 17:20:00+00:00,2025-02-05,2025-02-05:1,True,0,85,True,-0.09152542372881356,0.09152542372881356,0.17465044762316007,True,0,0,1,True,0.781060546372305,220.0,260.0,1.0,0.0,0.0,0.0,0.0
2025-02-05 17:25:00+00:00,2025-02-05,2025-02-05:1,True,0,90,True,0.23183391003460208,0.08341803539671293,1.0221566725158633,True,0,0,1,True,0.7618706011349307,215.0,265.0,1.0,0.0,0.0,0.0,0.0
2025-02-05 17:30:00+00:00,2025-02-05,2025-02-05:1,True,0,95,True,0.17834394904458598,0.17834394904458598,0.0,True,0,0,1,True,0.0,210.0,270.0,1.0,0.0,0.0,0.0,0.0
2025-02-05 17:35:00+00:00,2025-02-05,2025-02-05:1,True,0,100,True,0.10126582278481013,0.05005130932233207,0.7047003024895412,True,0,0,1,True,-0.17088609361254806,205.0,275.0,1.0,0.0,0.0,0.0,0.0
2025-02-05 17:40:00+00:00,2025-02-05,2025-02-05:1,True,1,5,True,0.12179487179487179,0.059165521861508766,0.7219992796584407,True,0,0,1,True,0.6561439130393384,200.0,280.0,0.0,1.0,0.0,0.0,0.0
2025-02-05 17:45:00+00:00,2025-02-05,2025-02-05:1,True,0,5,True,-0.10580204778156997,0.03505830517795866,-1.1045573367428387,True,0,0,1,True,-1.48229785660399,195.0,285.0,1.0,0.0,0.0,0.0,0.0
2025-02-05 17:50:00+00:00,2025-02-05,2025-02-05:1,True,0,10,True,-0.17054263565891473,0.06817143182223745,-0.9169597391245374,True,0,0,1,True,0.4100768618621216,190.0,290.0,1.0,0.0,0.0,0.0,0.0
2025-02-05 17:55:00+00:00,2025-02-05,2025-02-05:1,True,0,15,True,0.18950437317784258,0.18950437317784258,-0.3603948180480641,True,0,0,1,True,0.40293365594706976,185.0,295.0,1.0,0.0,0.0,0.0,0.0
2025-02-05 18:00:00+00:00,2025-02-05,2025-02-05:1,True,0,20,True,-0.1506849315068493,0.1506849315068493,2.0067826213061255,True,0,0,1,True,4.281904980046614,180.0,300.0,1.0,0.0,0.0,0.0,0.0
2025-02-05 18:05:00+00:00,2025-02-05,2025-02-05:1,True,0,25,True,0.012987012987012988,0.004294654995744568,1.1065786318698236,True,0,0,1,True,0.49262034291436213,175.0,305.0,1.0,0.0,0.0,0.0,0.0
2025-02-05 18:10:00+00:00,2025-02-05,2025-02-05:1,True,0,30,True,-0.1893939393939394,0.10672767745362988,-0.5735486615265213,True,0,0,1,True,-1.2824937955773201,170.0,310.0,1.0,0.0,0.0,0.0,0.0
2025-02-05 18:15:00+00:00,2025-02-05,2025-02-05:1,True,1,5,True,0.28654970760233917,0.15863098283392538,0.591331378425677,True,0,0,1,True,0.8094185822627538,165.0,315.0,0.0,1.0,0.0,0.0,0.0
2025-02-05 18:20:00+00:00,2025-02-05,2025-02-05:1,True,2,5,True,-0.19637462235649547,0.14538354071375048,-0.3006488148518823,True,0,0,1,True,-0.6722711873635572,160.0,320.0,0.0,0.0,1.0,0.0,0.0
2025-02-05 18:25:00+00:00,2025-02-05,2025-02-05:1,True,2,10,True,-0.26881720430107525,0.26881720430107525,0.0,True,0,0,1,True,1.5217265372335582,155.0,325.0,0.0,0.0,1.0,0.0,0.0
2025-02-05 18:30:00+00:00,2025-02-05,2025-02-05:1,True,0,5,True,-0.21495327102803738,0.06545807057812325,-1.1890108666331745,True,0,0,1,True,-0.6646772809439564,150.0,330.0,1.0,0.0,0.0,0.0,0.0
2025-02-05 18:35:00+00:00,2025-02-05,2025-02-05:1,True,3,5,True,-0.2742857142857143,0.05393112467264194,-1.6264625525303216,True,0,0,1,True,-2.143677921356411,145.0,335.0,0.0,0.0,0.0,1.0,0.0
2025-02-05 18:40:00+00:00,2025-02-05,2025-02-05:1,True,3,10,True,0.036855036855036855,0.036855036855036855,-0.5673224446667654,True,0,0,1,True,0.5075580565684584,140.0,340.0,0.0,0.0,0.0,1.0,0.0
2025-02-05 18:45:00+00:00,2025-02-05,2025-02-05:1,True,4,5,True,0.20606060606060606,0.13447263488571162,0.4268096094550291,True,0,0,1,True,0.49396421260645407,135.0,345.0,0.0,0.0,0.0,0.0,1.0
2025-02-05 18:50:00+00:00,2025-02-05,2025-02-05:1,True,3,5,True,-0.2546583850931677,0.1912744151618302,-0.28621385516641573,True,0,0,1,True,0.639993636252566,130.0,350.0,0.0,0.0,0.0,1.0,0.0
2025-02-05 18:55:00+00:00,2025-02-05,2025-02-05:1,True,3,10,True,-0.23134328358208955,0.015533126058099408,-2.700927775041092,True,0,0,1,True,-5.393807401240211,125.0,355.0,0.0,0.0,0.0,1.0,0.0
2025-02-05 19:00:00+00:00,2025-02-05,2025-02-05:1,True,4,5,True,-0.015105740181268883,0.015105740181268883,0.0,True,0,0,1,True,0.44824731963693787,120.0,360.0,0.0,0.0,0.0,0.0,1.0
2025-02-05 19:05:00+00:00,2025-02-05,2025-02-05:1,True,4,10,True,-0.08641975308641975,0.08641975308641975,0.0,True,0,0,1,True,-1.1118311030711374,115.0,365.0,0.0,0.0,0.0,0.0,1.0
2025-02-05 19:10:00+00:00,2025-02-05,2025-02-05:1,True,4,15,True,-0.12540192926045016,0.12540192926045016,0.0,True,0,0,1,True,0.9512201846026274,110.0,370.0,0.0,0.0,0.0,0.0,1.0
2025-02-05 19:15:00+00:00,2025-02-05,2025-02-05:1,True,0,5,True,-0.05740181268882175,0.05740181268882175,1.1155649097823384,True,0,0,1,True,-2.3592573225660143,105.0,375.0,1.0,0.0,0.0,0.0,0.0
2025-02-05 19:20:00+00:00,2025-02-05,2025-02-05:1,True,0,10,True,0.1509433962264151,0.1509433962264151,-0.21877221806973315,True,0,0,1,True,0.4891895511909408,100.0,380.0,1.0,0.0,0.0,0.0,0.0
2025-02-05 19:25:00+00:00,2025-02-05,2025-02-05:1,True,0,15,True,0.02912621359223301,0.02912621359223301,-1.2663128923902534,True,0,0,1,True,0.0,95.0,385.0,1.0,0.0,0.0,0.0,0.0
2025-02-05 19:30:00+00:00,2025-02-05,2025-02-05:1,True,0,20,True,-0.005917159763313609,0.005917159763313609,0.2131818981631051,True,0,0,1,True,-0.11677311295857674,90.0,390.0,1.0,0.0,0.0,0.0,0.0
2025-02-05 19:35:00+00:00,2025-02-05,2025-02-05:1,True,0,25,True,-0.22344322344322345,0.22344322344322345,0.64197644497444,True,0,0,1,True,0.8830646026329985,85.0,395.0,1.0,0.0,0.0,0.0,0.0
2025-02-05 19:40:00+00:00,2025-02-05,2025-02-05:1,True,0,30,True,-0.125,0.11243405808107804,-0.10594683790154168,True,0,0,1,True,-0.35940297062236487,80.0,400.0,1.0,0.0,0.0,0.0,0.0
2025-02-05 19:45:00+00:00,2025-02-05,2025-02-05:1,True,0,35,True,0.3169230769230769,0.16829303078400898,0.632952394025684,True,0,0,1,True,-0.47177485985377354,75.0,405.0,1.0,0.0,0.0,0.0,0.0
2025-02-05 19:50:00+00:00,2025-02-05,2025-02-05:1,True,0,40,True,-0.1836734693877551,0.1836734693877551,0.4217561783512517,True,0,0,1,True,0.47153774236196194,70.0,410.0,1.0,0.0,0.0,0.0,0.0
2025-02-05 19:55:00+00:00,2025-02-05,2025-02-05:1,True,1,5,True,-0.058823529411764705,0.058823529411764705,0.6339946282316703,True,0,0,1,True,0.12952434041749492,65.0,415.0,0.0,1.0,0.0,0.0,0.0
2025-02-05 20:00:00+00:00,2025-02-05,2025-02-05:1,True,2,5,True,-0.21714285714285714,0.16609724277798366,-0.2679820480748578,True,0,0,1,True,0.0,60.0,420.0,0.0,0.0,1.0,0.0,0.0
2025-02-05 20:05:00+00:00,2025-02-05,2025-02-05:1,True,0,5,True,-0.032490974729241874,0.014350913798989555,-0.8171487305807384,True,0,0,1,True,-0.4210789273747669,55.0,425.0,1.0,0.0,0.0,0.0,0.0
2025-02-05 20:10:00+00:00,2025-02-05,2025-02-05:1,True,0,10,True,-0.031007751937984496,0.01366756615224504,-0.8192116438520067,True,0,0,1,True,1.0147201702625444,50.0,430.0,1.0,0.0,0.0,0.0,0.0
2025-02-05 20:15:00+00:00,2025-02-05,2025-02-05:1,True,0,15,True,-0.023411371237458192,0.023411371237458192,0.6408957073772167,True,0,0,1,True,0.2526584640171225,45.0,435.0,1.0,0.0,0.0,0.0,0.0
2025-02-05 20:20:00+00:00,2025-02-05,2025-02-05:1,True,0,20,True,0.045714285714285714,0.03237993526064564,0.3448718978533638,True,0,0,1,True,0.28483643928375363,40.0,440.0,1.0,0.0,0.0,0.0,0.0
2025-02-05 20:25:00+00:00,2025-02-05,2025-02-05:1,True,0,25,True,-0.24661246612466126,0.24661246612466126,1.6659115594894314,True,0,0,1,True,-0.539492541323064,35.0,445.0,1.0,0.0,0.0,0.0,0.0
2025-02-05 20:30:00+00:00,2025-02-05,2025-02-05:1,True,0,30,True,-0.14675767918088736,0.10125164773612519,-0.3711738058673638,True,0,0,1,True,-0.5048098943626023,30.0,450.0,1.0,0.0,0.0,0.0,0.0
2025-02-05 20:35:00+00:00,2025-02-05,2025-02-05:1,True,1,5,True,0.013513513513513514,0.005239208819434092,0.9475196875025675,True,0,0,1,True,0.32795119405607676,25.0,455.0,0.0,1.0,0.0,0.0,0.0
2025-02-05 20:40:00+00:00,2025-02-05,2025-02-05:1,True,2,5,True,0.22598870056497175,0.22598870056497175,-0.42235348240128845,True,0,0,1,True,0.0,20.0,460.0,0.0,0.0,1.0,0.0,0.0
2025-02-05 20:45:00+00:00,2025-02-05,2025-02-05:1,True,1,5,True,-0.13978494623655913,0.13978494623655913,1.2223015593517748,True,0,0,1,True,2.7331493757145626,15.0,465.0,0.0,1.0,0.0,0.0,0.0
2025-02-05 20:50:00+00:00,2025-02-05,2025-02-05:1,True,2,5,True,-0.2919254658385093,0.19780842556636627,-0.3891995010341765,True,0,0,1,True,0.32630490340590323,10.0,470.0,0.0,0.0,1.0,0.0,0.0
2025-02-05 20:55:00+00:00,2025-02-05,2025-02-05:1,True,0,5,True,0.12686567164179105,0.05765868690184095,0.7885879042575351,True,0,0,1,True,0.0,5.0,475.0,1.0,0.0,0.0,0.0,0.0
2025-02-05 21:00:00+00:00,2025-02-05,2025-02-05:1,True,2,5,True,0.20136518771331058,0.20136518771331058,0.0,True,0,0,1,True,0.0,0.0,480.0,0.0,0.0,1.0,0.0,0.0
2025-02-06 13:00:00+00:00,2025-02-06,2025-02-06:1,False,-1,0,False,,,,False,0,0,0,False,,480.0,0.0,,,,,
2025-02-06 13:05:00+00:00,2025-02-06,2025-02-06:1,False,-1,0,True,-0.13623188405797101,,,False,0,0,0,False,,475.0,5.0,,,,,
2025-02-06 13:10:00+00:00,2025-02-06,2025-02-06:1,False,-1,0,True,-0.007575757575757576,,,False,0,0,0,False,,470.0,10.0,,,,,
2025-02-06 13:15:00+00:00,2025-02-06,2025-02-06:1,False,-1,0,True,-0.09206349206349207,,,False,0,0,0,False,,465.0,15.0,,,,,
2025-02-06 13:20:00+00:00,2025-02-06,2025-02-06:1,False,-1,0,True,0.12080536912751678,,,False,0,0,0,False,,460.0,20.0,,,,,
2025-02-06 13:25:00+00:00,2025-02-06,2025-02-06:1,False,-1,0,True,-0.0036900369003690036,,,False,0,0,0,False,,455.0,25.0,,,,,
2025-02-06 13:30:00+00:00,2025-02-06,2025-02-06:1,False,-1,0,True,0.14006514657980457,,,False,0,0,0,False,,450.0,30.0,,,,,
2025-02-06 13:35:00+00:00,2025-02-06,2025-02-06:1,False,-1,0,True,0.087248322147651,,,False,0,0,0,False,,445.0,35.0,,,,,
2025-02-06 13:40:00+00:00,2025-02-06,2025-02-06:1,False,-1,0,True,0.36904761904761907,,,False,0,0,0,False,,440.0,40.0,,,,,
2025-02-06 13:45:00+00:00,2025-02-06,2025-02-06:1,False,-1,0,True,0.13479623824451412,,,False,0,0,0,False,,435.0,45.0,,,,,
2025-02-06 13:50:00+00:00,2025-02-06,2025-02-06:1,False,-1,0,True,0.09392265193370165,,,False,0,0,0,False,,430.0,50.0,,,,,
2025-02-06 13:55:00+00:00,2025-02-06,2025-02-06:1,False,-1,0,True,-0.1625,,,False,0,0,0,False,,425.0,55.0,,,,,
2025-02-06 14:00:00+00:00,2025-02-06,2025-02-06:1,False,-1,0,True,-0.012195121951219513,,,False,0,0,0,False,,420.0,60.0,,,,,
2025-02-06 14:05:00+00:00,2025-02-06,2025-02-06:1,True,0,5,True,0.06321839080459771,0.06321839080459771,-0.3382255311722884,True,0,0,0,False,,415.0,65.0,1.0,0.0,0.0,0.0,0.0
2025-02-06 14:10:00+00:00,2025-02-06,2025-02-06:1,True,0,10,True,-0.04375,0.04375,0.9648307965822968,True,0,0,0,False,,410.0,70.0,1.0,0.0,0.0,0.0,0.0
2025-02-06 14:15:00+00:00,2025-02-06,2025-02-06:1,True,0,15,True,-0.013793103448275862,0.013793103448275862,0.9591723258511676,True,0,0,0,False,,405.0,75.0,1.0,0.0,0.0,0.0,0.0
2025-02-06 14:20:00+00:00,2025-02-06,2025-02-06:1,True,1,5,True,0.1511627906976744,0.10935633540826784,0.3237456577701991,True,0,0,0,False,,400.0,80.0,0.0,1.0,0.0,0.0,0.0
2025-02-06 14:25:00+00:00,2025-02-06,2025-02-06:1,True,1,10,True,0.15942028985507245,0.11434568021467155,0.3323179043001553,True,0,0,0,False,,395.0,85.0,0.0,1.0,0.0,0.0,0.0
2025-02-06 14:30:00+00:00,2025-02-06,2025-02-06:1,True,2,5,True,0.006097560975609756,0.006097560975609756,0.0,True,0,0,0,False,,390.0,90.0,0.0,0.0,1.0,0.0,0.0
2025-02-06 14:35:00+00:00,2025-02-06,2025-02-06:1,True,0,5,True,0.3142857142857143,0.3142857142857143,-1.4037248126874704,True,0,0,0,False,,385.0,95.0,1.0,0.0,0.0,0.0,0.0
2025-02-06 14:40:00+00:00,2025-02-06,2025-02-06:1,True,0,10,True,0.20766773162939298,0.20766773162939298,-0.862542569483162,True,0,0,0,False,,380.0,100.0,1.0,0.0,0.0,0.0,0.0
2025-02-06 14:45:00+00:00,2025-02-06,2025-02-06:1,True,3,5,True,-0.25903614457831325,0.18985867318919264,-0.31068763625401896,True,0,0,0,False,,375.0,105.0,0.0,0.0,0.0,1.0,0.0
2025-02-06 14:50:00+00:00,2025-02-06,2025-02-06:1,True,3,10,True,0.33559322033898303,0.33559322033898303,-0.30759977328917204,True,0,0,0,False,,370.0,110.0,0.0,0.0,0.0,1.0,0.0
2025-02-06 14:55:00+00:00,2025-02-06,2025-02-06:1,True,3,15,True,-0.5264797507788161,0.39367469924346543,-0.2906879389406512,True,0,0,0,False,,365.0,115.0,0.0,0.0,0.0,1.0,0.0
2025-02-06 15:00:00+00:00,2025-02-06,2025-02-06:1,True,3,20,True,-0.06976744186046512,0.021279200612222254,-1.1874373534039506,True,0,0,0,False,,360.0,120.0,0.0,0.0,0.0,1.0,0.0
2025-02-06 15:05:00+00:00,2025-02-06,2025-02-06:1,True,3,25,True,0.1787709497206704,0.1787709497206704,-1.8257896145099162,True,0,0,0,True,-2.0412948453286544,355.0,125.0,0.0,0.0,0.0,1.0,0.0
2025-02-06 15:10:00+00:00,2025-02-06,2025-02-06:1,True,4,5,True,0.017857142857142856,0.013192462975635762,0.3027579084239042,True,1,0,0,True,0.35820491559979684,350.0,130.0,0.0,0.0,0.0,0.0,1.0
2025-02-06 15:15:00+00:00,2025-02-06,2025-02-06:1,True,4,10,True,-0.07395498392282958,0.07395498392282958,0.7645044442673402,True,1,0,0,True,0.3087423035372785,345.0,135.0,0.0,0.0,0.0,0.0,1.0
2025-02-06 15:20:00+00:00,2025-02-06,2025-02-06:1,True,4,15,True,0.24050632911392406,0.178096872163836,0.3004187777870084,True,1,0,0,True,0.3181974723069814,340.0,140.0,0.0,0.0,0.0,0.0,1.0
2025-02-06 15:25:00+00:00,2025-02-06,2025-02-06:1,True,0,5,True,-0.12195121951219512,0.12195121951219512,0.15290088885330894,True,1,0,0,True,0.0,335.0,145.0,1.0,0.0,0.0,0.0,0.0
2025-02-06 15:30:00+00:00,2025-02-06,2025-02-06:1,True,1,5,True,-0.26256983240223464,0.26256983240223464,12.77217783487814,True,0,0,0,True,27.49840411333413,330.0,150.0,0.0,1.0,0.0,0.0,0.0
2025-02-06 15:35:00+00:00,2025-02-06,2025-02-06:1,True,2,5,True,-0.0847457627118644,0.0518329022988878,-0.49163062037099936,True,0,0,0,True,-0.27159348764283936,325.0,155.0,0.0,0.0,1.0,0.0,0.0
2025-02-06 15:40:00+00:00,2025-02-06,2025-02-06:1,True,2,10,True,0.19601328903654486,0.19601328903654486,-0.08202014542842799,True,0,0,0,True,-0.0917013103511918,320.0,160.0,0.0,0.0,1.0,0.0,0.0
2025-02-06 15:45:00+00:00,2025-02-06,2025-02-06:1,True,2,15,True,-0.01466275659824047,0.01466275659824047,0.16325627877145127,True,0,0,0,True,0.0,315.0,165.0,0.0,0.0,1.0,0.0,0.0
2025-02-06 15:50:00+00:00,2025-02-06,2025-02-06:1,True,2,20,True,-0.15822784810126583,0.0702247921731551,-0.8123346572798764,True,0,0,0,True,0.0004535204836511205,310.0,170.0,0.0,0.0,1.0,0.0,0.0
2025-02-06 15:55:00+00:00,2025-02-06,2025-02-06:1,True,2,25,True,0.23809523809523808,0.23809523809523808,-0.24403155916636057,True,0,0,0,True,-0.18189038498357574,305.0,175.0,0.0,0.0,1.0,0.0,0.0
2025-02-06 16:00:00+00:00,2025-02-06,2025-02-06:1,True,0,5,True,0.10541310541310542,0.10541310541310542,-0.12206784064031163,True,0,0,0,True,-0.18196799302556552,300.0,180.0,1.0,0.0,0.0,0.0,0.0
2025-02-06 16:05:00+00:00,2025-02-06,2025-02-06:1,True,0,10,True,-0.36363636363636365,0.36363636363636365,0.08114134717745546,True,0,0,0,True,0.1814375680747011,295.0,185.0,1.0,0.0,0.0,0.0,0.0
2025-02-06 16:10:00+00:00,2025-02-06,2025-02-06:1,True,0,15,True,0.049689440993788817,0.02819634436101965,0.566600118724428,True,0,0,0,True,0.18099376878946336,290.0,190.0,1.0,0.0,0.0,0.0,0.0
2025-02-06 16:15:00+00:00,2025-02-06,2025-02-06:1,True,0,20,True,-0.03571428571428571,0.01604454653310334,-0.800181756838118,True,0,0,0,True,-0.14776491592397586,285.0,195.0,1.0,0.0,0.0,0.0,0.0
2025-02-06 16:20:00+00:00,2025-02-06,2025-02-06:1,True,0,25,True,-0.11182108626198083,0.11182108626198083,0.19946341015384472,True,0,0,0,True,0.4768995056524916,280.0,200.0,1.0,0.0,0.0,0.0,0.0
2025-02-06 16:25:00+00:00,2025-02-06,2025-02-06:1,True,0,30,True,-0.23636363636363636,0.18609755879179538,-0.23910040537179034,True,0,0,0,True,-0.17821491995285754,275.0,205.0,1.0,0.0,0.0,0.0,0.0
2025-02-06 16:30:00+00:00,2025-02-06,2025-02-06:1,True,0,35,True,0.17478510028653296,0.17478510028653296,-0.15920612854658367,True,0,0,0,True,0.0,270.0,210.0,1.0,0.0,0.0,0.0,0.0
2025-02-06 16:35:00+00:00,2025-02-06,2025-02-06:1,True,0,40,True,-0.008264462809917356,0.008264462809917356,0.0,True,0,0,0,True,0.06236346643557175,265.0,215.0,1.0,0.0,0.0,0.0,0.0
2025-02-06 16:40:00+00:00,2025-02-06,2025-02-06:1,True,4,5,True,0.0,0.0,0.0,True,0,0,0,True,0.0643448883852898,260.0,220.0,0.0,0.0,0.0,0.0,1.0
2025-02-06 16:45:00+00:00,2025-02-06,2025-02-06:1,True,0,5,True,0.31563421828908556,0.31563421828908556,-1.0683984329863832,True,0,0,0,True,0.5972528808025273,255.0,225.0,1.0,0.0,0.0,0.0,0.0
2025-02-06 16:50:00+00:00,2025-02-06,2025-02-06:1,True,3,5,True,-0.19875776397515527,0.06788580564004619,-1.0742598520974331,True,0,0,0,True,-0.6005295136967559,250.0,230.0,0.0,0.0,0.0,1.0,0.0
2025-02-06 16:55:00+00:00,2025-02-06,2025-02-06:1,True,3,10,True,-0.12422360248447205,0.0427056024956615,-1.0677530699364501,True,0,0,0,True,0.10206240001012332,245.0,235.0,0.0,0.0,0.0,1.0,0.0
2025-02-06 17:00:00+00:00,2025-02-06,2025-02-06:1,True,4,5,True,-0.16094986807387862,0.16094986807387862,0.26644597420689964,True,1,0,0,True,-0.6941949632284905,240.0,240.0,0.0,0.0,0.0,0.0,1.0
2025-02-06 17:05:00+00:00,2025-02-06,2025-02-06:1,True,4,10,True,-0.3333333333333333,0.3333333333333333,0.836573052140136,True,1,0,0,True,1.1088008622228995,235.0,245.0,0.0,0.0,0.0,0.0,1.0
2025-02-06 17:10:00+00:00,2025-02-06,2025-02-06:1,True,3,5,True,0.28939828080229224,0.28939828080229224,-1.4591981600862103,True,0,1,1,True,0.16666990821226996,230.0,250.0,0.0,0.0,0.0,1.0,0.0
2025-02-06 17:15:00+00:00,2025-02-06,2025-02-06:1,True,4,5,True,-0.00641025641025641,0.005433668888106196,-0.16528469594782083,True,0,0,1,True,0.7391756315615238,225.0,255.0,0.0,0.0,0.0,0.0,1.0
2025-02-06 17:20:00+00:00,2025-02-06,2025-02-06:1,True,3,5,True,-0.1661631419939577,0.08448958724806505,-0.6763417899011398,True,0,0,1,True,-1.5123462182428293,220.0,260.0,0.0,0.0,0.0,1.0,0.0
2025-02-06 17:25:00+00:00,2025-02-06,2025-02-06:1,True,3,10,True,0.20496894409937888,0.20496894409937888,-2.2350454584097132,True,0,0,1,True,0.22225520989712308,215.0,265.0,0.0,0.0,0.0,1.0,0.0
2025-02-06 17:30:00+00:00,2025-02-06,2025-02-06:1,True,3,15,True,0.11643835616438356,0.11643835616438356,-0.9795376726296392,True,0,0,1,True,-0.8638037026297617,210.0,270.0,0.0,0.0,0.0,1.0,0.0
2025-02-06 17:35:00+00:00,2025-02-06,2025-02-06:1,True,3,20,True,-0.04436860068259386,0.01260470370137323,-1.2584619734990825,True,0,0,1,True,0.02057757536894942,205.0,275.0,0.0,0.0,0.0,1.0,0.0
2025-02-06 17:40:00+00:00,2025-02-06,2025-02-06:1,True,4,5,True,0.2532467532467532,0.2170552006488426,0.15421262063677985,True,1,0,1,True,0.00485471208667232,200.0,280.0,0.0,0.0,0.0,0.0,1.0
2025-02-06 17:45:00+00:00,2025-02-06,2025-02-06:1,True,4,10,True,0.2906666666666667,0.10907442678352715,0.9801466714957308,True,1,0,1,True,0.3652790975637555,195.0,285.0,0.0,0.0,0.0,0.0,1.0
2025-02-06 17:50:00+00:00,2025-02-06,2025-02-06:1,True,4,15,True,-0.027586206896551724,0.027586206896551724,1.433721572294958,True,1,0,1,True,0.7122439120636956,190.0,290.0,0.0,0.0,0.0,0.0,1.0
2025-02-06 17:55:00+00:00,2025-02-06,2025-02-06:1,True,0,5,True,0.30407523510971785,0.30407523510971785,-0.3297117504634907,True,1,0,1,True,0.0,185.0,295.0,1.0,0.0,0.0,0.0,0.0
2025-02-06 18:00:00+00:00,2025-02-06,2025-02-06:1,True,0,10,True,0.13230769230769232,0.13230769230769232,-1.99018571013834,True,0,1,2,True,0.322255152628138,180.0,300.0,1.0,0.0,0.0,0.0,0.0
2025-02-06 18:05:00+00:00,2025-02-06,2025-02-06:1,True,0,15,True,0.14195583596214512,0.08824636130899952,0.4753835315378847,True,0,0,2,True,2.1259797838032366,175.0,305.0,1.0,0.0,0.0,0.0,0.0
2025-02-06 18:10:00+00:00,2025-02-06,2025-02-06:1,True,0,20,True,0.16339869281045752,0.16339869281045752,0.0,True,0,0,2,True,-0.7019698659125893,170.0,310.0,1.0,0.0,0.0,0.0,0.0
2025-02-06 18:15:00+00:00,2025-02-06,2025-02-06:1,True,0,25,True,-0.06859205776173286,0.06859205776173286,0.6180974441294274,True,0,0,2,True,0.691053950896139,165.0,315.0,1.0,0.0,0.0,0.0,0.0
2025-02-06 18:20:00+00:00,2025-02-06,2025-02-06:1,True,0,30,True,-0.3466666666666667,0.3466666666666667,0.9450363280347918,True,0,0,2,True,0.8108391375673388,160.0,320.0,1.0,0.0,0.0,0.0,0.0
2025-02-06 18:25:00+00:00,2025-02-06,2025-02-06:1,True,0,35,True,0.04180064308681672,0.02976085708141895,0.33971771493539155,True,0,0,2,True,0.7021385802816266,155.0,325.0,1.0,0.0,0.0,0.0,0.0
2025-02-06 18:30:00+00:00,2025-02-06,2025-02-06:1,True,0,40,True,0.012121212121212121,0.012121212121212121,-1.6565584947451613,True,0,0,2,True,-1.5202308063308,150.0,330.0,1.0,0.0,0.0,0.0,0.0
2025-02-06 18:35:00+00:00,2025-02-06,2025-02-06:1,True,0,45,True,0.25316455696202533,0.25316455696202533,0.0,True,0,0,2,True,-1.4468142916654223,145.0,335.0,1.0,0.0,0.0,0.0,0.0
2025-02-06 18:40:00+00:00,2025-02-06,2025-02-06:1,True,0,50,True,0.2840909090909091,0.14729687917527604,0.6568441529896614,True,0,0,2,True,0.0,140.0,340.0,1.0,0.0,0.0,0.0,0.0
2025-02-06 18:45:00+00:00,2025-02-06,2025-02-06:1,True,1,5,True,0.3443526170798898,0.06607725219791996,1.6508416366327197,True,0,0,2,True,1.476557647838268,135.0,345.0,0.0,1.0,0.0,0.0,0.0
2025-02-06 18:50:00+00:00,2025-02-06,2025-02-06:1,True,0,5,True,0.2138364779874214,0.2138364779874214,-0.3333137179899098,True,0,0,2,True,0.0,130.0,350.0,1.0,0.0,0.0,0.0,0.0
2025-02-06 18:55:00+00:00,2025-02-06,2025-02-06:1,True,0,10,True,-0.2275449101796407,0.11720675391431404,-0.6634081235540027,True,0,0,2,True,0.0,125.0,355.0,1.0,0.0,0.0,0.0,0.0
2025-02-06 19:00:00+00:00,2025-02-06,2025-02-06:1,True,1,5,True,0.06426735218508997,0.017044860606217564,1.327203032662114,True,0,0,2,True,0.030397807584441314,120.0,360.0,0.0,1.0,0.0,0.0,0.0
2025-02-06 19:05:00+00:00,2025-02-06,2025-02-06:1,True,2,5,True,0.05,0.05,-0.34908288990915576,True,0,0,2,True,0.7805730716189476,115.0,365.0,0.0,0.0,1.0,0.0,0.0
2025-02-06 19:10:00+00:00,2025-02-06,2025-02-06:1,True,1,5,True,-0.36,0.36,1.5465742438988188,True,0,0,2,True,1.782886128163026,110.0,370.0,0.0,1.0,0.0,0.0,0.0
2025-02-06 19:15:00+00:00,2025-02-06,2025-02-06:1,True,0,5,True,0.07100591715976332,0.07100591715976332,-1.747671938461459,True,0,0,2,True,0.009506807371156991,105.0,375.0,1.0,0.0,0.0,0.0,0.0
2025-02-06 19:20:00+00:00,2025-02-06,2025-02-06:1,True,0,10,True,0.2996632996632997,0.2996632996632997,-0.694233762762528,True,0,0,2,True,0.0,100.0,380.0,1.0,0.0,0.0,0.0,0.0
2025-02-06 19:25:00+00:00,2025-02-06,2025-02-06:1,True,0,15,True,-0.04487179487179487,0.03154273722554495,-0.3524660571738959,True,0,0,2,True,-0.7881380636021587,95.0,385.0,1.0,0.0,0.0,0.0,0.0
2025-02-06 19:30:00+00:00,2025-02-06,2025-02-06:1,True,0,20,True,0.006535947712418301,0.0031550574398936148,0.7283106557737847,True,0,0,2,True,0.8142760675249734,90.0,390.0,1.0,0.0,0.0,0.0,0.0
2025-02-06 19:35:00+00:00,2025-02-06,2025-02-06:1,True,3,5,True,-0.27956989247311825,0.07775438755681792,-1.279697342784278,True,0,0,2,True,-1.9076601660591899,85.0,395.0,0.0,0.0,0.0,1.0,0.0
2025-02-06 19:40:00+00:00,2025-02-06,2025-02-06:1,True,4,5,True,-0.12380952380952381,0.12380952380952381,0.3891162587048572,True,1,0,2,True,-0.870090405614455,80.0,400.0,0.0,0.0,0.0,0.0,1.0
2025-02-06 19:45:00+00:00,2025-02-06,2025-02-06:1,True,3,5,True,-0.3732193732193732,0.17194232650538396,-0.7750072691484876,True,0,1,3,True,0.1395928931004008,75.0,405.0,0.0,0.0,0.0,1.0,0.0
2025-02-06 19:50:00+00:00,2025-02-06,2025-02-06:1,True,0,5,True,0.04065040650406504,0.04065040650406504,-0.4043174979061487,True,0,0,3,True,0.19411792685595844,70.0,410.0,1.0,0.0,0.0,0.0,0.0
2025-02-06 19:55:00+00:00,2025-02-06,2025-02-06:1,True,0,10,True,-0.2772585669781931,0.2772585669781931,0.5966386290131948,True,0,0,3,True,0.8253347120615677,65.0,415.0,1.0,0.0,0.0,0.0,0.0
2025-02-06 20:00:00+00:00,2025-02-06,2025-02-06:1,True,3,5,True,0.033112582781456956,0.033112582781456956,-1.3619069054683184,True,0,0,3,True,-0.8700904056170635,60.0,420.0,0.0,0.0,0.0,1.0,0.0
2025-02-06 20:05:00+00:00,2025-02-06,2025-02-06:1,True,0,5,True,-0.10429447852760736,0.10429447852760736,0.39100223363507947,True,0,0,3,True,-0.6980931502146861,55.0,425.0,1.0,0.0,0.0,0.0,0.0
2025-02-06 20:10:00+00:00,2025-02-06,2025-02-06:1,True,0,10,True,-0.053691275167785234,0.053691275167785234,2.2042739234071376,True,0,0,3,True,-1.4082589525041491,50.0,430.0,1.0,0.0,0.0,0.0,0.0
2025-02-06 20:15:00+00:00,2025-02-06,2025-02-06:1,True,0,15,True,-0.3161764705882353,0.3161764705882353,0.0,True,0,0,3,True,1.6188753010321393,45.0,435.0,1.0,0.0,0.0,0.0,0.0
2025-02-06 20:20:00+00:00,2025-02-06,2025-02-06:1,True,0,20,True,0.08411214953271028,0.08411214953271028,-0.6657270373535211,True,0,0,3,True,-0.46436311031089694,40.0,440.0,1.0,0.0,0.0,0.0,0.0
2025-02-06 20:25:00+00:00,2025-02-06,2025-02-06:1,True,0,25,True,-0.04411764705882353,0.023293712486959103,-0.638676388663744,True,0,0,3,True,0.5318295079069902,35.0,445.0,1.0,0.0,0.0,0.0,0.0
2025-02-06 20:30:00+00:00,2025-02-06,2025-02-06:1,True,1,5,True,0.12544802867383512,0.03540951235309338,1.2649110640673062,True,0,0,3,True,1.0135317333567277,30.0,450.0,0.0,1.0,0.0,0.0,0.0
2025-02-06 20:35:00+00:00,2025-02-06,2025-02-06:1,True,1,10,True,0.1377245508982036,0.06745450204599479,0.7138023556487171,True,0,0,3,True,-0.2800898301695355,25.0,455.0,0.0,1.0,0.0,0.0,0.0
2025-02-06 20:40:00+00:00,2025-02-06,2025-02-06:1,True,0,5,True,-0.13953488372093023,0.07671827573404591,-0.5981746769848598,True,0,0,3,True,-0.9413171289672021,20.0,460.0,1.0,0.0,0.0,0.0,0.0
2025-02-06 20:45:00+00:00,2025-02-06,2025-02-06:1,True,0,10,True,-0.3641304347826087,0.3641304347826087,0.5911945267827217,True,0,0,3,True,0.0,15.0,465.0,1.0,0.0,0.0,0.0,0.0
2025-02-06 20:50:00+00:00,2025-02-06,2025-02-06:1,True,0,15,True,0.11585365853658537,0.07477395350123914,0.43785822120902224,True,0,0,3,True,0.0,10.0,470.0,1.0,0.0,0.0,0.0,0.0
2025-02-06 20:55:00+00:00,2025-02-06,2025-02-06:1,True,0,20,True,-0.34050179211469533,0.1893843350045404,-0.5866419199592271,True,0,0,3,True,0.0,5.0,475.0,1.0,0.0,0.0,0.0,0.0
2025-02-06 21:00:00+00:00,2025-02-06,2025-02-06:1,True,0,25,True,-0.0297029702970297,0.02206227311816491,-0.29737799976427304,True,0,0,3,True,0.42414554299962326,0.0,480.0,1.0,0.0,0.0,0.0,0.0
2025-02-07 13:00:00+00:00,2025-02-07,2025-02-07:1,False,-1,0,False,,,,False,0,0,0,False,,480.0,0.0,,,,,
2025-02-07 13:05:00+00:00,2025-02-07,2025-02-07:1,False,-1,0,True,0.16911764705882354,,,False,0,0,0,False,,475.0,5.0,,,,,
2025-02-07 13:10:00+00:00,2025-02-07,2025-02-07:1,False,-1,0,True,0.17964071856287425,,,False,0,0,0,False,,470.0,10.0,,,,,
2025-02-07 13:15:00+00:00,2025-02-07,2025-02-07:1,False,-1,0,True,0.09283819628647215,,,False,0,0,0,False,,465.0,15.0,,,,,
2025-02-07 13:20:00+00:00,2025-02-07,2025-02-07:1,False,-1,0,True,-0.11272727272727273,,,False,0,0,0,False,,460.0,20.0,,,,,
2025-02-07 13:25:00+00:00,2025-02-07,2025-02-07:1,False,-1,0,True,-0.32646048109965636,,,False,0,0,0,False,,455.0,25.0,,,,,
2025-02-07 13:30:00+00:00,2025-02-07,2025-02-07:1,False,-1,0,True,0.1218274111675127,,,False,0,0,0,False,,450.0,30.0,,,,,
2025-02-07 13:35:00+00:00,2025-02-07,2025-02-07:1,False,-1,0,True,-0.25075528700906347,,,False,0,0,0,False,,445.0,35.0,,,,,
2025-02-07 13:40:00+00:00,2025-02-07,2025-02-07:1,False,-1,0,True,0.0847457627118644,,,False,0,0,0,False,,440.0,40.0,,,,,
2025-02-07 13:45:00+00:00,2025-02-07,2025-02-07:1,False,-1,0,True,0.13636363636363635,,,False,0,0,0,False,,435.0,45.0,,,,,
2025-02-07 13:50:00+00:00,2025-02-07,2025-02-07:1,False,-1,0,True,0.08206686930091185,,,False,0,0,0,False,,430.0,50.0,,,,,
2025-02-07 13:55:00+00:00,2025-02-07,2025-02-07:1,False,-1,0,True,-0.15789473684210525,,,False,0,0,0,False,,425.0,55.0,,,,,
2025-02-07 14:00:00+00:00,2025-02-07,2025-02-07:1,False,-1,0,True,-0.23705722070844687,,,False,0,0,0,False,,420.0,60.0,,,,,
2025-02-07 14:05:00+00:00,2025-02-07,2025-02-07:1,True,0,5,True,0.0,0.0,1.5020400387577706,True,0,0,0,False,,415.0,65.0,1.0,0.0,0.0,0.0,0.0
2025-02-07 14:10:00+00:00,2025-02-07,2025-02-07:1,True,0,10,True,-0.010752688172043012,0.007257428154297058,-0.39313026847248994,True,0,0,0,False,,410.0,70.0,1.0,0.0,0.0,0.0,0.0
2025-02-07 14:15:00+00:00,2025-02-07,2025-02-07:1,True,1,5,True,-0.11246200607902736,0.11246200607902736,2.742053182689457,True,0,0,0,False,,405.0,75.0,0.0,1.0,0.0,0.0,0.0
2025-02-07 14:20:00+00:00,2025-02-07,2025-02-07:1,True,2,5,True,-0.1987179487179487,0.089841926592722,-0.7938347213077646,True,0,0,0,False,,400.0,80.0,0.0,0.0,1.0,0.0,0.0
2025-02-07 14:25:00+00:00,2025-02-07,2025-02-07:1,True,1,5,True,-0.19607843137254902,0.19607843137254902,0.7817512957950016,True,0,0,0,False,,395.0,85.0,0.0,1.0,0.0,0.0,0.0
2025-02-07 14:30:00+00:00,2025-02-07,2025-02-07:1,True,1,10,True,0.057692307692307696,0.03980618288048675,0.3711016000878474,True,0,0,0,False,,390.0,90.0,0.0,1.0,0.0,0.0,0.0
2025-02-07 14:35:00+00:00,2025-02-07,2025-02-07:1,True,0,5,True,-0.07598784194528875,0.01813606519098227,-1.4326708453238763,True,0,0,0,False,,385.0,95.0,1.0,0.0,0.0,0.0,0.0
2025-02-07 14:40:00+00:00,2025-02-07,2025-02-07:1,True,0,10,True,-0.13898305084745763,0.09004965554765863,-0.4339907428551449,True,0,0,0,False,,380.0,100.0,1.0,0.0,0.0,0.0,0.0
2025-02-07 14:45:00+00:00,2025-02-07,2025-02-07:1,True,0,15,True,-0.24924924924924924,0.24924924924924924,2.5657292431774636,True,0,0,0,False,,375.0,105.0,1.0,0.0,0.0,0.0,0.0
2025-02-07 14:50:00+00:00,2025-02-07,2025-02-07:1,True,1,5,True,-0.15112540192926044,0.15112540192926044,1.0001130135052267,True,0,0,0,False,,370.0,110.0,0.0,1.0,0.0,0.0,0.0
2025-02-07 14:55:00+00:00,2025-02-07,2025-02-07:1,True,0,5,True,0.05917159763313609,0.05917159763313609,-0.5773653710133447,True,0,0,0,False,,365.0,115.0,1.0,0.0,0.0,0.0,0.0
2025-02-07 15:00:00+00:00,2025-02-07,2025-02-07:1,True,1,5,True,-0.08305647840531562,0.08305647840531562,1.5017783495372383,True,0,0,0,False,,360.0,120.0,0.0,1.0,0.0,0.0,0.0
2025-02-07 15:05:00+00:00,2025-02-07,2025-02-07:1,True,2,5,True,0.0,0.0,-0.7196189467840429,True,0,0,0,True,-1.028593304197094,355.0,125.0,0.0,0.0,1.0,0.0,0.0
2025-02-07 15:10:00+00:00,2025-02-07,2025-02-07:1,True,2,10,True,-0.16109422492401215,0.06755480486818725,-0.8690502493492237,True,0,0,0,True,0.0,350.0,130.0,0.0,0.0,1.0,0.0,0.0
2025-02-07 15:15:00+00:00,2025-02-07,2025-02-07:1,True,0,5,True,-0.3136094674556213,0.3136094674556213,1.3413566308709017,True,0,0,0,True,-0.5640182147746534,345.0,135.0,1.0,0.0,0.0,0.0,0.0
2025-02-07 15:20:00+00:00,2025-02-07,2025-02-07:1,True,0,10,True,-0.37037037037037035,0.37037037037037035,0.32804746467443036,True,0,0,0,True,-0.7335364308564023,340.0,140.0,1.0,0.0,0.0,0.0,0.0
2025-02-07 15:25:00+00:00,2025-02-07,2025-02-07:1,True,0,15,True,0.06354515050167224,0.045997112409302925,0.3231720639499539,True,0,0,0,True,-0.7226347034210062,335.0,145.0,1.0,0.0,0.0,0.0,0.0
2025-02-07 15:30:00+00:00,2025-02-07,2025-02-07:1,True,0,20,True,0.09455587392550144,0.06816548556578815,0.3272525582448063,True,0,0,0,True,0.7317589660460961,330.0,150.0,1.0,0.0,0.0,0.0,0.0
2025-02-07 15:35:00+00:00,2025-02-07,2025-02-07:1,True,1,5,True,0.13043478260869565,0.04705930309010396,1.019464777496601,True,0,0,0,True,0.582191063762546,325.0,155.0,0.0,1.0,0.0,0.0,0.0
2025-02-07 15:40:00+00:00,2025-02-07,2025-02-07:1,True,2,5,True,-0.28903654485049834,0.07753529189793142,-1.315819920854096,True,0,0,0,True,0.3677828486470076,320.0,160.0,0.0,0.0,1.0,0.0,0.0
2025-02-07 15:45:00+00:00,2025-02-07,2025-02-07:1,True,1,5,True,-0.08816120906801007,0.08816120906801007,1.5432308517501037,True,0,0,0,True,0.7668375754413229,315.0,165.0,0.0,1.0,0.0,0.0,0.0
2025-02-07 15:50:00+00:00,2025-02-07,2025-02-07:1,True,2,5,True,0.1394658753709199,0.1394658753709199,0.0,True,0,0,0,True,-0.3803044513690437,310.0,170.0,0.0,0.0,1.0,0.0,0.0
2025-02-07 15:55:00+00:00,2025-02-07,2025-02-07:1,True,1,5,True,-0.16376306620209058,0.16376306620209058,0.5131333015158356,True,0,0,0,True,-0.3824669812353768,305.0,175.0,0.0,1.0,0.0,0.0,0.0
2025-02-07 16:00:00+00:00,2025-02-07,2025-02-07:1,True,0,5,True,-0.11784511784511785,0.08337385189031299,-0.3460364679589052,True,0,0,0,True,0.7737610650478408,300.0,180.0,1.0,0.0,0.0,0.0,0.0
2025-02-07 16:05:00+00:00,2025-02-07,2025-02-07:1,True,0,10,True,0.11038961038961038,0.06569095985500345,0.5190547019378661,True,0,0,0,True,0.1225080682704223,295.0,185.0,1.0,0.0,0.0,0.0,0.0
2025-02-07 16:10:00+00:00,2025-02-07,2025-02-07:1,True,2,5,True,0.029508196721311476,0.029508196721311476,0.0,True,0,0,0,True,-1.5951767004592368,290.0,190.0,0.0,0.0,1.0,0.0,0.0
2025-02-07 16:15:00+00:00,2025-02-07,2025-02-07:1,True,0,5,True,-0.46745562130177515,0.46745562130177515,0.17202823438553386,True,0,0,0,True,0.5170547268333467,285.0,195.0,1.0,0.0,0.0,0.0,0.0
2025-02-07 16:20:00+00:00,2025-02-07,2025-02-07:1,True,0,10,True,-0.0273972602739726,0.0273972602739726,0.5075946603039152,True,0,0,0,True,1.513354887273958,280.0,200.0,1.0,0.0,0.0,0.0,0.0
2025-02-07 16:25:00+00:00,2025-02-07,2025-02-07:1,True,0,15,True,-0.041666666666666664,0.012732870362270922,-1.1855145813347345,True,0,0,0,True,0.757397483479862,275.0,205.0,1.0,0.0,0.0,0.0,0.0
2025-02-07 16:30:00+00:00,2025-02-07,2025-02-07:1,True,0,20,True,0.019230769230769232,0.013675760302921326,0.3408866156183364,True,0,0,0,True,0.1432244781526468,270.0,210.0,1.0,0.0,0.0,0.0,0.0
2025-02-07 16:35:00+00:00,2025-02-07,2025-02-07:1,True,0,25,True,0.15358361774744028,0.15358361774744028,-1.0106025523585427,True,0,0,0,True,-1.5065173368709006,265.0,215.0,1.0,0.0,0.0,0.0,0.0
2025-02-07 16:40:00+00:00,2025-02-07,2025-02-07:1,True,0,30,True,0.032,0.032,-0.3342064421397909,True,0,0,0,True,0.0,260.0,220.0,1.0,0.0,0.0,0.0,0.0
2025-02-07 16:45:00+00:00,2025-02-07,2025-02-07:1,True,0,35,True,0.22485207100591717,0.16022075999800645,0.33889010954445326,True,0,0,0,True,0.0,255.0,225.0,1.0,0.0,0.0,0.0,0.0
2025-02-07 16:50:00+00:00,2025-02-07,2025-02-07:1,True,3,5,True,0.11178247734138973,0.11178247734138973,-0.3429117094222376,True,0,0,0,True,0.0,250.0,230.0,0.0,0.0,0.0,1.0,0.0
2025-02-07 16:55:00+00:00,2025-02-07,2025-02-07:1,True,3,10,True,-0.05466237942122187,0.019126967164465276,-1.0500764781633747,True,0,0,0,True,0.0,245.0,235.0,0.0,0.0,0.0,1.0,0.0
2025-02-07 17:00:00+00:00,2025-02-07,2025-02-07:1,True,3,15,True,-0.4154929577464789,0.20588140349540143,-0.7021653734697046,True,0,0,0,True,-2.355134259786065,240.0,240.0,0.0,0.0,0.0,1.0,0.0
2025-02-07 17:05:00+00:00,2025-02-07,2025-02-07:1,True,3,20,True,-0.01607717041800643,0.011215195859445143,-0.36013064735623485,True,0,0,0,True,0.0,235.0,245.0,0.0,0.0,0.0,1.0,0.0
2025-02-07 17:10:00+00:00,2025-02-07,2025-02-07:1,True,3,25,True,0.27906976744186046,0.27906976744186046,-1.4710541088055835,True,0,0,0,True,-0.36801366413551767,230.0,250.0,0.0,0.0,0.0,1.0,0.0
2025-02-07 17:15:00+00:00,2025-02-07,2025-02-07:1,True,3,30,True,-0.008695652173913044,0.004712489514752711,-0.6126068228333952,True,0,0,0,True,0.0,225.0,255.0,0.0,0.0,0.0,1.0,0.0
2025-02-07 17:20:00+00:00,2025-02-07,2025-02-07:1,True,3,35,True,-0.06944444444444445,0.006263955199542246,-2.405715265789899,True,0,0,0,True,1.7931142896059122,220.0,260.0,0.0,0.0,0.0,1.0,0.0
2025-02-07 17:25:00+00:00,2025-02-07,2025-02-07:1,True,3,40,True,0.06338028169014084,0.06338028169014084,-1.5804762516154147,True,0,0,0,True,0.8887432158736059,215.0,265.0,0.0,0.0,0.0,1.0,0.0
2025-02-07 17:30:00+00:00,2025-02-07,2025-02-07:1,True,3,45,True,0.15960912052117263,0.15960912052117263,-0.71298442893679,True,0,0,0,True,-0.3618648058426919,210.0,270.0,0.0,0.0,0.0,1.0,0.0
2025-02-07 17:35:00+00:00,2025-02-07,2025-02-07:1,True,4,5,True,-0.2727272727272727,0.1950610824470331,-0.33515954202045617,True,0,0,0,True,-1.4664195834945377,205.0,275.0,0.0,0.0,0.0,0.0,1.0
2025-02-07 17:40:00+00:00,2025-02-07,2025-02-07:1,True,4,10,True,0.010169491525423728,0.010169491525423728,-0.28376201945012486,True,0,0,0,True,-0.4751017749881228,200.0,280.0,0.0,0.0,0.0,0.0,1.0
2025-02-07 17:45:00+00:00,2025-02-07,2025-02-07:1,True,3,5,True,-0.3656716417910448,0.16323116268694288,-0.8065684050034037,True,0,0,0,True,0.6011805940298279,195.0,285.0,0.0,0.0,0.0,1.0,0.0
2025-02-07 17:50:00+00:00,2025-02-07,2025-02-07:1,True,4,5,True,0.2585669781931464,0.2585669781931464,0.0,True,0,0,0,True,-1.1173068120954885,190.0,290.0,0.0,0.0,0.0,0.0,1.0
2025-02-07 17:55:00+00:00,2025-02-07,2025-02-07:1,True,0,5,True,-0.18688524590163935,0.18688524590163935,0.9626238708137467,True,0,0,0,True,-0.5381231029770255,185.0,295.0,1.0,0.0,0.0,0.0,0.0
2025-02-07 18:00:00+00:00,2025-02-07,2025-02-07:1,True,0,10,True,0.13142857142857142,0.08162630369980346,0.47631196169877504,True,0,0,0,True,-0.20448738188052615,180.0,300.0,1.0,0.0,0.0,0.0,0.0
2025-02-07 18:05:00+00:00,2025-02-07,2025-02-07:1,True,0,15,True,0.020134228187919462,0.009883380491948474,0.71156665341119,True,0,0,0,True,1.060740938366805,175.0,305.0,1.0,0.0,0.0,0.0,0.0
2025-02-07 18:10:00+00:00,2025-02-07,2025-02-07:1,True,0,20,True,0.017241379310344827,0.017241379310344827,-1.3455065945931208,True,0,0,0,True,0.5014407016136031,170.0,310.0,1.0,0.0,0.0,0.0,0.0
2025-02-07 18:15:00+00:00,2025-02-07,2025-02-07:1,True,0,25,True,-0.060810810810810814,0.031822547023828994,-0.647592518101656,True,0,0,0,True,-0.13028497588125937,165.0,315.0,1.0,0.0,0.0,0.0,0.0
2025-02-07 18:20:00+00:00,2025-02-07,2025-02-07:1,True,0,30,True,0.22981366459627328,0.22981366459627328,-0.8579686524520811,True,0,0,0,True,-0.25028544875100667,160.0,320.0,1.0,0.0,0.0,0.0,0.0
2025-02-07 18:25:00+00:00,2025-02-07,2025-02-07:1,True,0,35,True,-0.3475609756097561,0.3475609756097561,0.0,True,0,0,0,True,0.0,155.0,325.0,1.0,0.0,0.0,0.0,0.0
2025-02-07 18:30:00+00:00,2025-02-07,2025-02-07:1,True,0,40,True,0.007407407407407408,0.004933194445490737,0.40649376177911617,True,0,0,0,True,0.17539751401610246,150.0,330.0,1.0,0.0,0.0,0.0,0.0
2025-02-07 18:35:00+00:00,2025-02-07,2025-02-07:1,True,4,5,True,0.03184713375796178,0.025911848156924263,0.20624706416805194,True,1,0,0,True,0.2808806834734494,145.0,335.0,0.0,0.0,0.0,0.0,1.0
2025-02-07 18:40:00+00:00,2025-02-07,2025-02-07:1,True,0,5,True,-0.03184713375796178,0.03184713375796178,1.3250870188806336,True,1,0,0,True,0.3838940908220507,140.0,340.0,1.0,0.0,0.0,0.0,0.0
2025-02-07 18:45:00+00:00,2025-02-07,2025-02-07:1,True,0,10,True,0.34097421203438394,0.34097421203438394,-0.22863523284693288,True,1,0,0,True,0.19026864973196067,135.0,345.0,1.0,0.0,0.0,0.0,0.0
2025-02-07 18:50:00+00:00,2025-02-07,2025-02-07:1,True,1,5,True,-0.02857142857142857,0.02857142857142857,0.4785019574618786,True,1,0,0,True,0.4734039997897742,130.0,350.0,0.0,1.0,0.0,0.0,0.0
2025-02-07 18:55:00+00:00,2025-02-07,2025-02-07:1,True,2,5,True,-0.006493506493506494,0.006493506493506494,0.0,True,1,0,0,True,0.33942037684742854,125.0,355.0,0.0,0.0,1.0,0.0,0.0
2025-02-07 19:00:00+00:00,2025-02-07,2025-02-07:1,True,0,5,True,-0.010526315789473684,0.007251813362501842,-0.3726268308237752,True,0,0,0,True,0.9119497234808205,120.0,360.0,1.0,0.0,0.0,0.0,0.0
2025-02-07 19:05:00+00:00,2025-02-07,2025-02-07:1,True,0,10,True,0.07356948228882834,0.07356948228882834,0.0,True,0,0,0,True,0.0,115.0,365.0,1.0,0.0,0.0,0.0,0.0
2025-02-07 19:10:00+00:00,2025-02-07,2025-02-07:1,True,0,15,True,-0.031446540880503145,0.013914515573981876,-0.8153564080485891,True,0,0,0,True,0.0,110.0,370.0,1.0,0.0,0.0,0.0,0.0
2025-02-07 19:15:00+00:00,2025-02-07,2025-02-07:1,True,0,20,True,0.08011869436201781,0.08011869436201781,-0.4354800307053812,True,0,0,0,True,-0.6491753010012338,105.0,375.0,1.0,0.0,0.0,0.0,0.0
2025-02-07 19:20:00+00:00,2025-02-07,2025-02-07:1,True,3,5,True,-0.21839080459770116,0.13754604893829234,-0.46232737708491517,True,0,0,0,True,-1.1397266767861283,100.0,380.0,0.0,0.0,0.0,1.0,0.0
2025-02-07 19:25:00+00:00,2025-02-07,2025-02-07:1,True,0,5,True,0.18971061093247588,0.03421320915454793,1.7128880086195486,True,0,0,0,True,-0.2525304059801815,95.0,385.0,1.0,0.0,0.0,0.0,0.0
2025-02-07 19:30:00+00:00,2025-02-07,2025-02-07:1,True,0,10,True,0.2087227414330218,0.2087227414330218,0.0,True,0,0,0,True,0.0,90.0,390.0,1.0,0.0,0.0,0.0,0.0
2025-02-07 19:35:00+00:00,2025-02-07,2025-02-07:1,True,0,15,True,-0.016129032258064516,0.016129032258064516,1.3188470018550484,True,0,0,0,True,0.0,85.0,395.0,1.0,0.0,0.0,0.0,0.0
2025-02-07 19:40:00+00:00,2025-02-07,2025-02-07:1,True,0,20,True,0.2413793103448276,0.2413793103448276,-1.201413770891584,True,0,0,0,True,-1.5840312887408414,80.0,400.0,1.0,0.0,0.0,0.0,0.0
2025-02-07 19:45:00+00:00,2025-02-07,2025-02-07:1,True,0,25,True,0.15,0.10765287170904636,0.33172339429198044,True,0,0,0,True,-1.8694675821039624,75.0,405.0,1.0,0.0,0.0,0.0,0.0
2025-02-07 19:50:00+00:00,2025-02-07,2025-02-07:1,True,1,5,True,-0.08411214953271028,0.08411214953271028,1.3039167407597918,True,0,0,0,True,1.0285596774908536,70.0,410.0,0.0,1.0,0.0,0.0,0.0
2025-02-07 19:55:00+00:00,2025-02-07,2025-02-07:1,True,0,5,True,0.27696793002915454,0.27696793002915454,-0.9630736820361376,True,0,0,0,True,0.25450953220121336,65.0,415.0,1.0,0.0,0.0,0.0,0.0
2025-02-07 20:00:00+00:00,2025-02-07,2025-02-07:1,True,0,10,True,0.16891891891891891,0.07659365304840388,0.7909046151485505,True,0,0,0,True,-0.4709955661444487,60.0,420.0,1.0,0.0,0.0,0.0,0.0
2025-02-07 20:05:00+00:00,2025-02-07,2025-02-07:1,True,0,15,True,0.15853658536585366,0.15853658536585366,-0.15708828057409605,True,0,0,0,True,0.0,55.0,425.0,1.0,0.0,0.0,0.0,0.0
2025-02-07 20:10:00+00:00,2025-02-07,2025-02-07:1,True,1,5,True,-0.345679012345679,0.345679012345679,1.247008156396187,True,0,0,0,True,0.0,50.0,430.0,0.0,1.0,0.0,0.0,0.0
2025-02-07 20:15:00+00:00,2025-02-07,2025-02-07:1,True,0,5,True,-0.14733542319749215,0.08054657213894495,-0.603876224882687,True,0,0,0,True,0.7841522382086251,45.0,435.0,1.0,0.0,0.0,0.0,0.0
2025-02-07 20:20:00+00:00,2025-02-07,2025-02-07:1,True,0,10,True,0.3311897106109325,0.18596719723686886,0.5771210558139694,True,0,0,0,True,-2.361947068316097,40.0,440.0,1.0,0.0,0.0,0.0,0.0
2025-02-07 20:25:00+00:00,2025-02-07,2025-02-07:1,True,1,5,True,0.20121951219512196,0.036514421729889744,1.7066891141863099,True,0,0,0,True,0.7938717691896763,35.0,445.0,0.0,1.0,0.0,0.0,0.0
2025-02-07 20:30:00+00:00,2025-02-07,2025-02-07:1,True,2,5,True,0.24324324324324326,0.24324324324324326,-0.3065110839526414,True,0,0,0,True,0.6853796195771992,30.0,450.0,0.0,0.0,1.0,0.0,0.0
2025-02-07 20:35:00+00:00,2025-02-07,2025-02-07:1,True,2,10,True,0.022364217252396165,0.022364217252396165,-0.32041880946266643,True,0,0,0,True,0.2677733979483659,25.0,455.0,0.0,0.0,1.0,0.0,0.0
2025-02-07 20:40:00+00:00,2025-02-07,2025-02-07:1,True,0,5,True,0.050314465408805034,0.050314465408805034,-0.6458679294060075,True,0,0,0,True,-0.722102297319434,20.0,460.0,1.0,0.0,0.0,0.0,0.0
2025-02-07 20:45:00+00:00,2025-02-07,2025-02-07:1,True,1,5,True,0.23219814241486067,0.11662959518230155,0.688588009555715,True,0,0,0,True,1.2851758330511343,15.0,465.0,0.0,1.0,0.0,0.0,0.0
2025-02-07 20:50:00+00:00,2025-02-07,2025-02-07:1,True,0,5,True,0.14857142857142858,0.08849458442954523,0.518124485825077,True,0,0,0,True,2.3171231422218015,10.0,470.0,1.0,0.0,0.0,0.0,0.0
2025-02-07 20:55:00+00:00,2025-02-07,2025-02-07:1,True,0,10,True,0.17721518987341772,0.17721518987341772,-0.6482114173196426,True,0,0,0,True,-0.7247223964580729,5.0,475.0,1.0,0.0,0.0,0.0,0.0
2025-02-07 21:00:00+00:00,2025-02-07,2025-02-07:1,True,0,15,True,-0.15263157894736842,0.12950249830611188,-0.16432686391553175,True,0,0,0,True,-0.36744603824448624,0.0,480.0,1.0,0.0,0.0,0.0,0.0
2025-02-10 13:00:00+00:00,2025-02-10,2025-02-10:1,False,-1,0,False,,,,False,0,0,0,False,,480.0,0.0,,,,,
2025-02-10 13:05:00+00:00,2025-02-10,2025-02-10:1,False,-1,0,True,0.08045977011494253,,,False,0,0,0,False,,475.0,5.0,,,,,
2025-02-10 13:10:00+00:00,2025-02-10,2025-02-10:1,False,-1,0,True,0.42433234421364985,,,False,0,0,0,False,,470.0,10.0,,,,,
2025-02-10 13:15:00+00:00,2025-02-10,2025-02-10:1,False,-1,0,True,-0.21264367816091953,,,False,0,0,0,False,,465.0,15.0,,,,,
2025-02-10 13:20:00+00:00,2025-02-10,2025-02-10:1,False,-1,0,True,-0.15824915824915825,,,False,0,0,0,False,,460.0,20.0,,,,,
2025-02-10 13:25:00+00:00,2025-02-10,2025-02-10:1,False,-1,0,True,0.2026578073089701,,,False,0,0,0,False,,455.0,25.0,,,,,
2025-02-10 13:30:00+00:00,2025-02-10,2025-02-10:1,False,-1,0,True,0.06965174129353234,,,False,0,0,0,False,,450.0,30.0,,,,,
2025-02-10 13:35:00+00:00,2025-02-10,2025-02-10:1,False,-1,0,True,-0.1310344827586207,,,False,0,0,0,False,,445.0,35.0,,,,,
2025-02-10 13:40:00+00:00,2025-02-10,2025-02-10:1,False,-1,0,True,-0.13738019169329074,,,False,0,0,0,False,,440.0,40.0,,,,,
2025-02-10 13:45:00+00:00,2025-02-10,2025-02-10:1,False,-1,0,True,0.013793103448275862,,,False,0,0,0,False,,435.0,45.0,,,,,
2025-02-10 13:50:00+00:00,2025-02-10,2025-02-10:1,False,-1,0,True,-0.0914826498422713,,,False,0,0,0,False,,430.0,50.0,,,,,
2025-02-10 13:55:00+00:00,2025-02-10,2025-02-10:1,False,-1,0,True,-0.07958477508650519,,,False,0,0,0,False,,425.0,55.0,,,,,
2025-02-10 14:00:00+00:00,2025-02-10,2025-02-10:1,False,-1,0,True,-0.18032786885245902,,,False,0,0,0,False,,420.0,60.0,,,,,
2025-02-10 14:05:00+00:00,2025-02-10,2025-02-10:1,True,0,5,True,0.21052631578947367,0.1491105621865488,0.3449226020592214,True,0,0,0,False,,415.0,65.0,1.0,0.0,0.0,0.0,0.0
2025-02-10 14:10:00+00:00,2025-02-10,2025-02-10:1,True,0,10,True,0.18466898954703834,0.02416972025737289,2.0334643560868004,True,0,0,0,False,,410.0,70.0,1.0,0.0,0.0,0.0,0.0
2025-02-10 14:15:00+00:00,2025-02-10,2025-02-10:1,True,1,5,True,-0.07878787878787878,0.07878787878787878,1.1860541349007523,True,0,0,0,False,,405.0,75.0,0.0,1.0,0.0,0.0,0.0
2025-02-10 14:20:00+00:00,2025-02-10,2025-02-10:1,True,2,5,True,0.01775147928994083,0.01775147928994083,-0.8903010165038004,True,0,0,0,False,,400.0,80.0,0.0,0.0,1.0,0.0,0.0
2025-02-10 14:25:00+00:00,2025-02-10,2025-02-10:1,True,1,5,True,0.018867924528301886,0.007742456597429606,0.8907443383370962,True,0,0,0,False,,395.0,85.0,0.0,1.0,0.0,0.0,0.0
2025-02-10 14:30:00+00:00,2025-02-10,2025-02-10:1,True,2,5,True,0.0695970695970696,0.0695970695970696,-0.591440928193136,True,0,0,0,False,,390.0,90.0,0.0,0.0,1.0,0.0,0.0
2025-02-10 14:35:00+00:00,2025-02-10,2025-02-10:1,True,2,10,True,0.07886435331230283,0.07886435331230283,-0.2981611145435879,True,0,0,0,False,,385.0,95.0,0.0,0.0,1.0,0.0,0.0
2025-02-10 14:40:00+00:00,2025-02-10,2025-02-10:1,True,0,5,True,-0.37572254335260113,0.37572254335260113,0.0,True,0,0,0,False,,380.0,100.0,1.0,0.0,0.0,0.0,0.0
2025-02-10 14:45:00+00:00,2025-02-10,2025-02-10:1,True,0,10,True,0.08626198083067092,0.06330003215008814,0.30950311739602465,True,0,0,0,False,,375.0,105.0,1.0,0.0,0.0,0.0,0.0
2025-02-10 14:50:00+00:00,2025-02-10,2025-02-10:1,True,0,15,True,-0.08536585365853659,0.08536585365853659,0.3242320105640479,True,0,0,0,False,,370.0,110.0,1.0,0.0,0.0,0.0,0.0
2025-02-10 14:55:00+00:00,2025-02-10,2025-02-10:1,True,0,20,True,-0.2789473684210526,0.14729519518420994,-0.638584416689007,True,0,0,0,False,,365.0,115.0,1.0,0.0,0.0,0.0,0.0
2025-02-10 15:00:00+00:00,2025-02-10,2025-02-10:1,True,0,25,True,-0.015772870662460567,0.015772870662460567,0.654060059882951,True,0,0,0,False,,360.0,120.0,1.0,0.0,0.0,0.0,0.0
2025-02-10 15:05:00+00:00,2025-02-10,2025-02-10:1,True,0,30,True,-0.013986013986013986,0.007040394276994257,-0.6863936554255938,True,0,0,0,True,0.0,355.0,125.0,1.0,0.0,0.0,0.0,0.0
2025-02-10 15:10:00+00:00,2025-02-10,2025-02-10:1,True,3,5,True,-0.21495327102803738,0.029035951153693104,-2.00188590329528,True,0,0,0,True,-0.9121179336535945,350.0,130.0,0.0,0.0,0.0,1.0,0.0
2025-02-10 15:15:00+00:00,2025-02-10,2025-02-10:1,True,4,5,True,0.20930232558139536,0.09316512624331305,0.8094062708954797,True,1,0,0,True,0.904943721569737,345.0,135.0,0.0,0.0,0.0,0.0,1.0
2025-02-10 15:20:00+00:00,2025-02-10,2025-02-10:1,True,4,10,True,-0.2348993288590604,0.2348993288590604,0.0,True,1,0,0,True,0.9275059647816672,340.0,140.0,0.0,0.0,0.0,0.0,1.0
2025-02-10 15:25:00+00:00,2025-02-10,2025-02-10:1,True,0,5,True,0.10465116279069768,0.04391205529005583,0.8684436697076545,True,1,0,0,True,0.9709495400478454,335.0,145.0,1.0,0.0,0.0,0.0,0.0
2025-02-10 15:30:00+00:00,2025-02-10,2025-02-10:1,True,3,5,True,-0.0136986301369863,6.945620758934984e-05,-5.284354669473808,True,0,1,1,True,-12.50504790726196,330.0,150.0,0.0,0.0,0.0,1.0,0.0
2025-02-10 15:35:00+00:00,2025-02-10,2025-02-10:1,True,3,10,True,0.296969696969697,0.296969696969697,-0.598073051549855,True,0,0,1,True,-1.8722647982860885,325.0,155.0,0.0,0.0,0.0,1.0,0.0
2025-02-10 15:40:00+00:00,2025-02-10,2025-02-10:1,True,4,5,True,-0.23692307692307693,0.23692307692307693,0.11561820974730874,True,1,0,1,True,0.7630293292059308,320.0,160.0,0.0,0.0,0.0,0.0,1.0
2025-02-10 15:45:00+00:00,2025-02-10,2025-02-10:1,True,4,10,True,0.13297872340425532,0.13297872340425532,0.0,True,1,0,1,True,0.0,315.0,165.0,0.0,0.0,0.0,0.0,1.0
2025-02-10 15:50:00+00:00,2025-02-10,2025-02-10:1,True,4,15,True,-0.1926605504587156,0.1926605504587156,0.0,True,1,0,1,True,0.0,310.0,170.0,0.0,0.0,0.0,0.0,1.0
2025-02-10 15:55:00+00:00,2025-02-10,2025-02-10:1,True,4,20,True,0.14461538461538462,0.11487930209104553,0.23019566819376286,True,1,0,1,True,0.0,305.0,175.0,0.0,0.0,0.0,0.0,1.0
2025-02-10 16:00:00+00:00,2025-02-10,2025-02-10:1,True,0,5,True,-0.03492063492063492,0.03492063492063492,0.3484670027779215,True,1,0,1,True,0.1861503335265242,300.0,180.0,1.0,0.0,0.0,0.0,0.0
2025-02-10 16:05:00+00:00,2025-02-10,2025-02-10:1,True,0,10,True,-0.23782234957020057,0.23782234957020057,0.3488361434163349,True,0,0,1,True,0.5200142197918604,295.0,185.0,1.0,0.0,0.0,0.0,0.0
2025-02-10 16:10:00+00:00,2025-02-10,2025-02-10:1,True,0,15,True,-0.11326860841423948,0.11326860841423948,0.233226480641666,True,0,0,1,True,0.521510264867804,290.0,190.0,1.0,0.0,0.0,0.0,0.0
2025-02-10 16:15:00+00:00,2025-02-10,2025-02-10:1,True,1,5,True,-0.08484848484848485,0.08484848484848485,0.9288117899235335,True,0,0,1,True,0.2962976829085836,285.0,195.0,0.0,1.0,0.0,0.0,0.0
2025-02-10 16:20:00+00:00,2025-02-10,2025-02-10:1,True,1,10,True,-0.05806451612903226,0.05806451612903226,0.6932382196640093,True,0,0,1,True,1.0334185225135937,280.0,200.0,0.0,1.0,0.0,0.0,0.0
2025-02-10 16:25:00+00:00,2025-02-10,2025-02-10:1,True,0,5,True,0.1901840490797546,0.1901840490797546,-1.1389791599611159,True,0,0,1,True,-0.20854191496816912,275.0,205.0,1.0,0.0,0.0,0.0,0.0
2025-02-10 16:30:00+00:00,2025-02-10,2025-02-10:1,True,0,10,True,0.344,0.273810339800023,0.22820598117065125,True,0,0,1,True,-0.3027816825760595,270.0,210.0,1.0,0.0,0.0,0.0,0.0
2025-02-10 16:35:00+00:00,2025-02-10,2025-02-10:1,True,1,5,True,0.13261648745519714,0.06097562118791349,0.7769872781712479,True,0,0,1,True,0.0,265.0,215.0,0.0,1.0,0.0,0.0,0.0
2025-02-10 16:40:00+00:00,2025-02-10,2025-02-10:1,True,1,10,True,0.2732919254658385,0.11358777209479767,0.8779646874330698,True,0,0,1,True,-1.552826696268208,260.0,220.0,0.0,1.0,0.0,0.0,0.0
2025-02-10 16:45:00+00:00,2025-02-10,2025-02-10:1,True,0,5,True,0.11326860841423948,0.11326860841423948,-0.9194417514607269,True,0,0,1,True,0.0,255.0,225.0,1.0,0.0,0.0,0.0,0.0
2025-02-10 16:50:00+00:00,2025-02-10,2025-02-10:1,True,0,10,True,0.0481283422459893,0.0481283422459893,-0.4625601820632815,True,0,0,1,True,0.0,250.0,230.0,1.0,0.0,0.0,0.0,0.0
2025-02-10 16:55:00+00:00,2025-02-10,2025-02-10:1,True,0,15,True,-0.1771117166212534,0.1771117166212534,0.48030619103364836,True,0,0,1,True,-0.4583108223057754,245.0,235.0,1.0,0.0,0.0,0.0,0.0
2025-02-10 17:00:00+00:00,2025-02-10,2025-02-10:1,True,0,20,True,-0.11560693641618497,0.07088245493489101,-0.48917301725537005,True,0,0,1,True,0.0,240.0,240.0,1.0,0.0,0.0,0.0,0.0
2025-02-10 17:05:00+00:00,2025-02-10,2025-02-10:1,True,0,25,True,0.10919540229885058,0.025768655681045017,1.443980101674513,True,0,0,1,True,0.629320603044961,235.0,245.0,1.0,0.0,0.0,0.0,0.0
2025-02-10 17:10:00+00:00,2025-02-10,2025-02-10:1,True,0,30,True,-0.11053984575835475,0.11053984575835475,0.0,True,0,0,1,True,-1.1368564101326761,230.0,250.0,1.0,0.0,0.0,0.0,0.0
2025-02-10 17:15:00+00:00,2025-02-10,2025-02-10:1,True,0,35,True,-0.2029520295202952,0.12008547277060434,-0.5247658810105787,True,0,0,1,True,0.0,225.0,255.0,1.0,0.0,0.0,0.0,0.0
2025-02-10 17:20:00+00:00,2025-02-10,2025-02-10:1,True,0,40,True,-0.016216216216216217,0.009420354475844002,-0.5431390245595863,True,0,0,1,True,0.0,220.0,260.0,1.0,0.0,0.0,0.0,0.0
2025-02-10 17:25:00+00:00,2025-02-10,2025-02-10:1,True,3,5,True,0.24528301886792453,0.24528301886792453,-2.9455849314244875,True,0,0,1,True,-2.634611256064187,215.0,265.0,0.0,0.0,0.0,1.0,0.0
2025-02-10 17:30:00+00:00,2025-02-10,2025-02-10:1,True,4,5,True,-0.26582278481012656,0.26582278481012656,0.0,True,0,0,1,True,-0.5006278849370247,210.0,270.0,0.0,0.0,0.0,0.0,1.0
2025-02-10 17:35:00+00:00,2025-02-10,2025-02-10:1,True,4,10,True,-0.05161290322580645,0.05161290322580645,1.0528128384462563,True,1,0,1,True,2.354161074350333,205.0,275.0,0.0,0.0,0.0,0.0,1.0
2025-02-10 17:40:00+00:00,2025-02-10,2025-02-10:1,True,3,5,True,-0.2721311475409836,0.15981425863053236,-0.5322718528439312,True,1,0,1,True,0.4612300077924475,200.0,280.0,0.0,0.0,0.0,1.0,0.0
2025-02-10 17:45:00+00:00,2025-02-10,2025-02-10:1,True,0,5,True,-0.09965635738831616,0.09965635738831616,1.5034546949831071,True,1,0,1,True,-0.6717322375980428,195.0,285.0,1.0,0.0,0.0,0.0,0.0
2025-02-10 17:50:00+00:00,2025-02-10,2025-02-10:1,True,0,10,True,-0.07547169811320754,0.07547169811320754,0.49581582602115687,True,1,0,1,True,1.108677891303516,190.0,290.0,1.0,0.0,0.0,0.0,0.0
2025-02-10 17:55:00+00:00,2025-02-10,2025-02-10:1,True,1,5,True,0.03188405797101449,0.019707820047027716,0.4810906210697581,True,0,0,1,True,0.0,185.0,295.0,0.0,1.0,0.0,0.0,0.0
2025-02-10 18:00:00+00:00,2025-02-10,2025-02-10:1,True,1,10,True,-0.03804347826086957,0.03804347826086957,2.3833504641950483,True,0,0,1,True,3.373828245383231,180.0,300.0,0.0,1.0,0.0,0.0,0.0
2025-02-10 18:05:00+00:00,2025-02-10,2025-02-10:1,True,1,15,True,-0.05362776025236593,0.05362776025236593,0.8064037614044006,True,0,0,1,True,1.0859084546714945,175.0,305.0,0.0,1.0,0.0,0.0,0.0
2025-02-10 18:10:00+00:00,2025-02-10,2025-02-10:1,True,2,5,True,-0.1111111111111111,0.1111111111111111,0.0,True,0,0,1,True,-0.8730829867816169,170.0,310.0,0.0,0.0,1.0,0.0,0.0
2025-02-10 18:15:00+00:00,2025-02-10,2025-02-10:1,True,1,5,True,-0.1111111111111111,0.1111111111111111,0.39163701228710424,True,0,0,1,True,-0.669955654038898,165.0,315.0,0.0,1.0,0.0,0.0,0.0
2025-02-10 18:20:00+00:00,2025-02-10,2025-02-10:1,True,2,5,True,-0.11888111888111888,0.08035762463727207,-0.39163701228710424,True,0,0,1,True,-0.6666560944760965,160.0,320.0,0.0,0.0,1.0,0.0,0.0
2025-02-10 18:25:00+00:00,2025-02-10,2025-02-10:1,True,1,5,True,-0.15789473684210525,0.15789473684210525,0.8008148024512824,True,0,0,1,True,0.8953381678345664,155.0,325.0,0.0,1.0,0.0,0.0,0.0
2025-02-10 18:30:00+00:00,2025-02-10,2025-02-10:1,True,0,5,True,0.07692307692307693,0.07692307692307693,-1.217883501597839,True,0,0,1,True,0.0,150.0,330.0,1.0,0.0,0.0,0.0,0.0
2025-02-10 18:35:00+00:00,2025-02-10,2025-02-10:1,True,3,5,True,-0.13355048859934854,0.027089861666015378,-1.5953200484746626,True,0,0,1,True,0.8918110185637677,145.0,335.0,0.0,0.0,0.0,1.0,0.0
2025-02-10 18:40:00+00:00,2025-02-10,2025-02-10:1,True,0,5,True,0.046875,0.013954336398504585,1.2116941713885683,True,0,0,1,True,0.25688507477091704,140.0,340.0,1.0,0.0,0.0,0.0,0.0
2025-02-10 18:45:00+00:00,2025-02-10,2025-02-10:1,True,0,10,True,-0.08868501529051988,0.08868501529051988,0.0,True,0,0,1,True,0.0,135.0,345.0,1.0,0.0,0.0,0.0,0.0
2025-02-10 18:50:00+00:00,2025-02-10,2025-02-10:1,True,3,5,True,-0.4152046783625731,0.11742983226430155,-1.2629306165336371,True,0,0,1,True,-0.9413329031440857,130.0,350.0,0.0,0.0,0.0,1.0,0.0
2025-02-10 18:55:00+00:00,2025-02-10,2025-02-10:1,True,4,5,True,0.22699386503067484,0.15093039639490183,0.40810421130239816,True,0,0,1,True,0.6551040575894663,125.0,355.0,0.0,0.0,0.0,0.0,1.0
2025-02-10 19:00:00+00:00,2025-02-10,2025-02-10:1,True,0,5,True,0.06382978723404255,0.06382978723404255,-0.4107701618105694,True,0,0,1,True,0.0,120.0,360.0,1.0,0.0,0.0,0.0,0.0
2025-02-10 19:05:00+00:00,2025-02-10,2025-02-10:1,True,0,10,True,0.15436241610738255,0.15436241610738255,0.0,True,0,0,1,True,1.135820172190818,115.0,365.0,1.0,0.0,0.0,0.0,0.0
2025-02-10 19:10:00+00:00,2025-02-10,2025-02-10:1,True,3,5,True,0.2529411764705882,0.2529411764705882,-1.0485126999658811,True,0,0,1,True,0.7713298638807795,110.0,370.0,0.0,0.0,0.0,1.0,0.0
2025-02-10 19:15:00+00:00,2025-02-10,2025-02-10:1,True,0,5,True,-0.03409090909090909,0.03409090909090909,0.9978880652252935,True,0,0,1,True,-0.7081959458009245,105.0,375.0,1.0,0.0,0.0,0.0,0.0
2025-02-10 19:20:00+00:00,2025-02-10,2025-02-10:1,True,0,10,True,-0.33532934131736525,0.1261704735228274,-0.9774792003138905,True,0,0,1,True,-1.0928549692485496,100.0,380.0,1.0,0.0,0.0,0.0,0.0
2025-02-10 19:25:00+00:00,2025-02-10,2025-02-10:1,True,0,15,True,0.0,0.0,2.4826616549038967,True,0,0,1,True,1.3804774627038041,95.0,385.0,1.0,0.0,0.0,0.0,0.0
2025-02-10 19:30:00+00:00,2025-02-10,2025-02-10:1,True,1,5,True,0.16498316498316498,0.06904892595593976,0.8710281131402442,True,0,0,1,True,0.0,90.0,390.0,0.0,1.0,0.0,0.0,0.0
2025-02-10 19:35:00+00:00,2025-02-10,2025-02-10:1,True,0,5,True,0.20125786163522014,0.20125786163522014,-0.6549180170430924,True,0,0,1,True,-0.2996631639728471,85.0,395.0,1.0,0.0,0.0,0.0,0.0
2025-02-10 19:40:00+00:00,2025-02-10,2025-02-10:1,True,1,5,True,0.058823529411764705,0.012046955930547092,1.585729926774642,True,0,0,1,True,0.8864499775572258,80.0,400.0,0.0,1.0,0.0,0.0,0.0
2025-02-10 19:45:00+00:00,2025-02-10,2025-02-10:1,True,2,5,True,0.01718213058419244,0.01718213058419244,-0.7928649633872337,True,0,0,1,True,-1.7728999551117366,75.0,405.0,0.0,0.0,1.0,0.0,0.0
2025-02-10 19:50:00+00:00,2025-02-10,2025-02-10:1,True,1,5,True,0.1974921630094044,0.0929416571723942,0.7537269485293653,True,0,0,1,True,-0.06637575543618823,70.0,410.0,0.0,1.0,0.0,0.0,0.0
2025-02-10 19:55:00+00:00,2025-02-10,2025-02-10:1,True,1,10,True,-0.0547945205479452,0.0547945205479452,0.748934676148302,True,0,0,1,True,0.0,65.0,415.0,0.0,1.0,0.0,0.0,0.0
2025-02-10 20:00:00+00:00,2025-02-10,2025-02-10:1,True,0,5,True,0.07142857142857142,0.07142857142857142,-0.3774317532613583,True,0,0,1,True,-0.8439630571593252,60.0,420.0,1.0,0.0,0.0,0.0,0.0
2025-02-10 20:05:00+00:00,2025-02-10,2025-02-10:1,True,0,10,True,0.1524390243902439,0.1524390243902439,-0.3700951235345428,True,0,0,1,True,0.47395519042271145,55.0,425.0,1.0,0.0,0.0,0.0,0.0
2025-02-10 20:10:00+00:00,2025-02-10,2025-02-10:1,True,0,15,True,0.33974358974358976,0.15916857791195138,0.7582273062803617,True,0,0,1,True,0.43942339063200386,50.0,430.0,1.0,0.0,0.0,0.0,0.0
2025-02-10 20:15:00+00:00,2025-02-10,2025-02-10:1,True,0,20,True,0.08831908831908832,0.08831908831908832,-0.38688871172983835,True,0,0,1,True,-0.8651094591552387,45.0,435.0,1.0,0.0,0.0,0.0,0.0
2025-02-10 20:20:00+00:00,2025-02-10,2025-02-10:1,True,0,25,True,0.07348242811501597,0.03419882722315501,0.7648549526111623,True,0,0,1,True,-0.37222650254837153,40.0,440.0,1.0,0.0,0.0,0.0,0.0
2025-02-10 20:25:00+00:00,2025-02-10,2025-02-10:1,True,0,30,True,-0.05161290322580645,0.035131665253295606,-0.38466883598966517,True,0,0,1,True,-0.39134067179478677,35.0,445.0,1.0,0.0,0.0,0.0,0.0
2025-02-10 20:30:00+00:00,2025-02-10,2025-02-10:1,True,0,35,True,0.13194444444444445,0.08875230871055724,0.396531516915319,True,0,0,1,True,1.2844489789991025,30.0,450.0,1.0,0.0,0.0,0.0,0.0
2025-02-10 20:35:00+00:00,2025-02-10,2025-02-10:1,True,0,40,True,0.13131313131313133,0.13131313131313133,-1.5584660620480897,True,0,0,1,True,-1.742418027682967,25.0,455.0,1.0,0.0,0.0,0.0,0.0
2025-02-10 20:40:00+00:00,2025-02-10,2025-02-10:1,True,0,45,True,-0.005847953216374269,0.00384346265174554,-0.419718029970703,True,0,0,1,True,0.0,20.0,460.0,1.0,0.0,0.0,0.0,0.0
2025-02-10 20:45:00+00:00,2025-02-10,2025-02-10:1,True,0,50,True,-0.021897810218978103,0.021897810218978103,1.0472450647607008,True,0,0,1,True,0.936684461564036,15.0,465.0,1.0,0.0,0.0,0.0,0.0
2025-02-10 20:50:00+00:00,2025-02-10,2025-02-10:1,True,3,5,True,0.02912621359223301,0.02912621359223301,-1.7675435122101226,True,0,0,1,True,-0.8782994325548454,10.0,470.0,0.0,0.0,0.0,1.0,0.0
2025-02-10 20:55:00+00:00,2025-02-10,2025-02-10:1,True,4,5,True,-0.09422492401215805,0.09422492401215805,0.40459785215195915,True,0,0,1,True,0.0,5.0,475.0,0.0,0.0,0.0,0.0,1.0
2025-02-10 21:00:00+00:00,2025-02-10,2025-02-10:1,True,3,5,True,-0.25882352941176473,0.11625483658144423,-0.8003618272464642,True,0,0,1,True,0.0,0.0,480.0,0.0,0.0,0.0,1.0,0.0
2025-02-11 13:00:00+00:00,2025-02-11,2025-02-11:1,False,-1,0,False,,,,False,0,0,0,False,,480.0,0.0,,,,,
2025-02-11 13:05:00+00:00,2025-02-11,2025-02-11:1,False,-1,0,True,0.008955223880597015,,,False,0,0,0,False,,475.0,5.0,,,,,
2025-02-11 13:10:00+00:00,2025-02-11,2025-02-11:1,False,-1,0,True,0.35737704918032787,,,False,0,0,0,False,,470.0,10.0,,,,,
2025-02-11 13:15:00+00:00,2025-02-11,2025-02-11:1,False,-1,0,True,0.18159806295399517,,,False,0,0,0,False,,465.0,15.0,,,,,
2025-02-11 13:20:00+00:00,2025-02-11,2025-02-11:1,False,-1,0,True,0.19093851132686085,,,False,0,0,0,False,,460.0,20.0,,,,,
2025-02-11 13:25:00+00:00,2025-02-11,2025-02-11:1,False,-1,0,True,-0.06164383561643835,,,False,0,0,0,False,,455.0,25.0,,,,,
2025-02-11 13:30:00+00:00,2025-02-11,2025-02-11:1,False,-1,0,True,0.08157099697885196,,,False,0,0,0,False,,450.0,30.0,,,,,
2025-02-11 13:35:00+00:00,2025-02-11,2025-02-11:1,False,-1,0,True,0.06093189964157706,,,False,0,0,0,False,,445.0,35.0,,,,,
2025-02-11 13:40:00+00:00,2025-02-11,2025-02-11:1,False,-1,0,True,0.0650887573964497,,,False,0,0,0,False,,440.0,40.0,,,,,
2025-02-11 13:45:00+00:00,2025-02-11,2025-02-11:1,False,-1,0,True,0.1485148514851485,,,False,0,0,0,False,,435.0,45.0,,,,,
2025-02-11 13:50:00+00:00,2025-02-11,2025-02-11:1,False,-1,0,True,-0.18272425249169436,,,False,0,0,0,False,,430.0,50.0,,,,,
2025-02-11 13:55:00+00:00,2025-02-11,2025-02-11:1,False,-1,0,True,0.14583333333333334,,,False,0,0,0,False,,425.0,55.0,,,,,
2025-02-11 14:00:00+00:00,2025-02-11,2025-02-11:1,False,-1,0,True,-0.16521739130434782,,,False,0,0,0,False,,420.0,60.0,,,,,
2025-02-11 14:05:00+00:00,2025-02-11,2025-02-11:1,True,4,5,True,-0.09433962264150944,0.08008503860614795,-0.16381222517931696,True,0,0,0,False,,415.0,65.0,0.0,0.0,0.0,0.0,1.0
2025-02-11 14:10:00+00:00,2025-02-11,2025-02-11:1,True,0,5,True,-0.10192837465564739,0.10192837465564739,0.9773326626912278,True,0,0,0,False,,410.0,70.0,1.0,0.0,0.0,0.0,0.0
2025-02-11 14:15:00+00:00,2025-02-11,2025-02-11:1,True,0,10,True,-0.018726591760299626,0.018726591760299626,0.3236498466826023,True,0,0,0,False,,405.0,75.0,1.0,0.0,0.0,0.0,0.0
2025-02-11 14:20:00+00:00,2025-02-11,2025-02-11:1,True,0,15,True,0.0,0.0,-0.9720287329350139,True,0,0,0,False,,400.0,80.0,1.0,0.0,0.0,0.0,0.0
2025-02-11 14:25:00+00:00,2025-02-11,2025-02-11:1,True,0,20,True,-0.1317365269461078,0.09688823425516858,-0.3072458299144544,True,0,0,0,False,,395.0,85.0,1.0,0.0,0.0,0.0,0.0
2025-02-11 14:30:00+00:00,2025-02-11,2025-02-11:1,True,0,25,True,0.0064516129032258064,0.0064516129032258064,0.0,True,0,0,0,False,,390.0,90.0,1.0,0.0,0.0,0.0,0.0
2025-02-11 14:35:00+00:00,2025-02-11,2025-02-11:1,True,0,30,True,0.3894736842105263,0.18934922989802835,0.7212032127682607,True,0,0,0,False,,385.0,95.0,1.0,0.0,0.0,0.0,0.0
2025-02-11 14:40:00+00:00,2025-02-11,2025-02-11:1,True,0,35,True,0.1465798045602606,0.07391256383502372,0.6846871963620131,True,0,0,0,False,,380.0,100.0,1.0,0.0,0.0,0.0,0.0
2025-02-11 14:45:00+00:00,2025-02-11,2025-02-11:1,True,0,40,True,-0.019230769230769232,0.019230769230769232,0.0,True,0,0,0,False,,375.0,105.0,1.0,0.0,0.0,0.0,0.0
2025-02-11 14:50:00+00:00,2025-02-11,2025-02-11:1,True,0,45,True,0.054313099041533544,0.054313099041533544,-0.31198231797758913,True,0,0,0,False,,370.0,110.0,1.0,0.0,0.0,0.0,0.0
2025-02-11 14:55:00+00:00,2025-02-11,2025-02-11:1,True,0,50,True,0.06842105263157895,0.06842105263157895,0.0,True,0,0,0,False,,365.0,115.0,1.0,0.0,0.0,0.0,0.0
2025-02-11 15:00:00+00:00,2025-02-11,2025-02-11:1,True,0,55,True,0.22676579925650558,0.13775006323714706,0.49847685644884265,True,0,0,0,False,,360.0,120.0,1.0,0.0,0.0,0.0,0.0
2025-02-11 15:05:00+00:00,2025-02-11,2025-02-11:1,True,1,5,True,0.3624161073825503,0.08380053810945418,1.4643535907796632,True,0,0,0,True,0.7276431493520903,355.0,125.0,0.0,1.0,0.0,0.0,0.0
2025-02-11 15:10:00+00:00,2025-02-11,2025-02-11:1,True,1,10,True,-0.04950495049504951,0.04950495049504951,0.9701604125077591,True,0,0,0,True,0.0,350.0,130.0,0.0,1.0,0.0,0.0,0.0
2025-02-11 15:15:00+00:00,2025-02-11,2025-02-11:1,True,2,5,True,-0.08250825082508251,0.05996844559105829,-0.3190797812720565,True,0,0,0,True,-0.7134840811700827,345.0,135.0,0.0,0.0,1.0,0.0,0.0
2025-02-11 15:20:00+00:00,2025-02-11,2025-02-11:1,True,1,5,True,0.27058823529411763,0.14089503346668458,0.6525830687771534,True,0,0,0,True,0.729610051374531,340.0,140.0,0.0,1.0,0.0,0.0,0.0
2025-02-11 15:25:00+00:00,2025-02-11,2025-02-11:1,True,2,5,True,-0.39375,0.09884816455827837,-1.382131208644229,True,0,0,0,True,0.0,335.0,145.0,0.0,0.0,1.0,0.0,0.0
2025-02-11 15:30:00+00:00,2025-02-11,2025-02-11:1,True,3,5,True,0.18811881188118812,0.18811881188118812,-5.856921824464505,True,0,0,0,True,-10.632280960533969,330.0,150.0,0.0,0.0,0.0,1.0,0.0
2025-02-11 15:35:00+00:00,2025-02-11,2025-02-11:1,True,4,5,True,-0.30337078651685395,0.30337078651685395,0.7394976053944903,True,1,0,0,True,0.17897962768949346,325.0,155.0,0.0,0.0,0.0,0.0,1.0
2025-02-11 15:40:00+00:00,2025-02-11,2025-02-11:1,True,3,5,True,0.0949367088607595,0.0949367088607595,-0.7385311655824294,True,1,0,0,True,-0.08660182656839811,320.0,160.0,0.0,0.0,0.0,1.0,0.0
2025-02-11 15:45:00+00:00,2025-02-11,2025-02-11:1,True,4,5,True,-0.010830324909747292,0.008246022514282124,-0.27261909685423824,True,0,1,1,True,-0.1305624159847657,315.0,165.0,0.0,0.0,0.0,0.0,1.0
2025-02-11 15:50:00+00:00,2025-02-11,2025-02-11:1,True,4,10,True,-0.16083916083916083,0.16083916083916083,0.5427277374968389,True,1,0,1,True,-0.08990695085617507,310.0,170.0,0.0,0.0,0.0,0.0,1.0
2025-02-11 15:55:00+00:00,2025-02-11,2025-02-11:1,True,3,5,True,-0.027522935779816515,0.014629411351355702,-0.6319857069226975,True,1,0,1,True,-0.9157952922342899,305.0,175.0,0.0,0.0,0.0,1.0,0.0
2025-02-11 16:00:00+00:00,2025-02-11,2025-02-11:1,True,0,5,True,0.08421052631578947,0.08421052631578947,0.0,True,1,0,1,True,-0.2950421225624201,300.0,180.0,1.0,0.0,0.0,0.0,0.0
2025-02-11 16:05:00+00:00,2025-02-11,2025-02-11:1,True,0,10,True,-0.018404907975460124,0.010666949045467979,-0.5454672800496485,True,0,1,2,True,0.40656730589841333,295.0,185.0,1.0,0.0,0.0,0.0,0.0
2025-02-11 16:10:00+00:00,2025-02-11,2025-02-11:1,True,0,15,True,0.12,0.12,0.0,True,0,0,2,True,-0.30821298513816076,290.0,190.0,1.0,0.0,0.0,0.0,0.0
2025-02-11 16:15:00+00:00,2025-02-11,2025-02-11:1,True,0,20,True,-0.07602339181286549,0.07602339181286549,0.7272897067326924,True,0,0,2,True,0.4065673058972578,285.0,195.0,1.0,0.0,0.0,0.0,0.0
2025-02-11 16:20:00+00:00,2025-02-11,2025-02-11:1,True,0,25,True,0.05501618122977346,0.05501618122977346,-0.36139066083674587,True,0,0,2,True,0.4040470420316933,280.0,200.0,1.0,0.0,0.0,0.0,0.0
2025-02-11 16:25:00+00:00,2025-02-11,2025-02-11:1,True,0,30,True,-0.2,0.2,0.9708160060770545,True,0,0,2,True,0.2856461006273319,275.0,205.0,1.0,0.0,0.0,0.0,0.0
2025-02-11 16:30:00+00:00,2025-02-11,2025-02-11:1,True,0,35,True,-0.17288135593220338,0.11113538400449968,-0.44185642153827437,True,0,0,2,True,0.2944863400318944,270.0,210.0,1.0,0.0,0.0,0.0,0.0
2025-02-11 16:35:00+00:00,2025-02-11,2025-02-11:1,True,0,40,True,0.011695906432748537,0.011695906432748537,-0.4518393411044689,True,0,0,2,True,-0.9955385368295355,265.0,215.0,1.0,0.0,0.0,0.0,0.0
2025-02-11 16:40:00+00:00,2025-02-11,2025-02-11:1,True,0,45,True,-0.015479876160990712,0.0060164930525271176,-0.9450363280347888,True,0,0,2,True,-1.1858912059605733,260.0,220.0,1.0,0.0,0.0,0.0,0.0
2025-02-11 16:45:00+00:00,2025-02-11,2025-02-11:1,True,0,50,True,-0.21076233183856502,0.21076233183856502,1.4306309481784154,True,0,0,2,True,0.7997470127099108,255.0,225.0,1.0,0.0,0.0,0.0,0.0
2025-02-11 16:50:00+00:00,2025-02-11,2025-02-11:1,True,0,55,True,-0.08641975308641975,0.02525999116245767,-1.2299945063058444,True,0,0,2,True,0.526456927371959,250.0,230.0,1.0,0.0,0.0,0.0,0.0
2025-02-11 16:55:00+00:00,2025-02-11,2025-02-11:1,True,0,60,True,0.11178247734138973,0.041703857593161815,0.9859611834938652,True,0,0,2,True,-0.7348920764887793,245.0,235.0,1.0,0.0,0.0,0.0,0.0
2025-02-11 17:00:00+00:00,2025-02-11,2025-02-11:1,True,0,65,True,0.06164383561643835,0.06164383561643835,-0.9917081756877557,True,0,0,2,True,-0.7391756315593417,240.0,240.0,1.0,0.0,0.0,0.0,0.0
2025-02-11 17:05:00+00:00,2025-02-11,2025-02-11:1,True,0,70,True,0.32894736842105265,0.17003951342388587,0.6598669216166443,True,0,0,2,True,-0.9497457071007436,235.0,245.0,1.0,0.0,0.0,0.0,0.0
2025-02-11 17:10:00+00:00,2025-02-11,2025-02-11:1,True,0,75,True,-0.24752475247524752,0.21062687022519225,-0.16142240653443296,True,0,0,2,True,0.7219029482010932,230.0,250.0,1.0,0.0,0.0,0.0,0.0
2025-02-11 17:15:00+00:00,2025-02-11,2025-02-11:1,True,0,80,True,-0.1419939577039275,0.1419939577039275,0.6544185065518049,True,0,0,2,True,1.6798841540261795,225.0,255.0,1.0,0.0,0.0,0.0,0.0
2025-02-11 17:20:00+00:00,2025-02-11,2025-02-11:1,True,0,85,True,0.2077562326869806,0.11339519440030481,0.6054864212122194,True,0,0,2,True,0.4872974523183945,220.0,260.0,1.0,0.0,0.0,0.0,0.0
2025-02-11 17:25:00+00:00,2025-02-11,2025-02-11:1,True,1,5,True,-0.07641196013289037,0.07641196013289037,1.5611192739472255,True,0,0,2,True,-0.11525098638550771,215.0,265.0,0.0,1.0,0.0,0.0,0.0
2025-02-11 17:30:00+00:00,2025-02-11,2025-02-11:1,True,0,5,True,-0.047021943573667714,0.005741284310561719,-2.102931444511143,True,0,0,2,True,-1.1561475810653736,210.0,270.0,1.0,0.0,0.0,0.0,0.0
2025-02-11 17:35:00+00:00,2025-02-11,2025-02-11:1,True,0,10,True,-0.10457516339869281,0.019003837270011058,-1.7052651594750072,True,0,0,2,True,-0.40625331292247935,205.0,275.0,1.0,0.0,0.0,0.0,0.0
2025-02-11 17:40:00+00:00,2025-02-11,2025-02-11:1,True,0,15,True,0.0670926517571885,0.0670926517571885,0.0,True,0,0,2,True,0.3807887838049639,200.0,280.0,1.0,0.0,0.0,0.0,0.0
2025-02-11 17:45:00+00:00,2025-02-11,2025-02-11:1,True,0,20,True,0.12455516014234876,0.12455516014234876,-0.13975154993927716,True,0,0,2,True,0.6249879312503607,195.0,285.0,1.0,0.0,0.0,0.0,0.0
2025-02-11 17:50:00+00:00,2025-02-11,2025-02-11:1,True,4,5,True,-0.05625,0.05625,0.28591214881652544,True,1,0,2,True,0.6393190003467869,190.0,290.0,0.0,0.0,0.0,0.0,1.0
2025-02-11 17:55:00+00:00,2025-02-11,2025-02-11:1,True,4,10,True,0.05647840531561462,0.041830115256302106,0.3002418174888888,True,1,0,2,True,0.6713611135932406,185.0,295.0,0.0,0.0,0.0,0.0,1.0
2025-02-11 18:00:00+00:00,2025-02-11,2025-02-11:1,True,3,5,True,0.30198019801980197,0.30198019801980197,-1.3132783440777536,True,0,1,3,True,-1.5193632904417542,180.0,300.0,0.0,0.0,0.0,1.0,0.0
2025-02-11 18:05:00+00:00,2025-02-11,2025-02-11:1,True,3,10,True,-0.0626865671641791,0.017408047961769625,-1.281214559053954,True,0,0,3,True,-0.5729765695623892,175.0,305.0,0.0,0.0,0.0,1.0,0.0
2025-02-11 18:10:00+00:00,2025-02-11,2025-02-11:1,True,3,15,True,-0.003861003861003861,0.00048286493202103473,-2.078945525568585,True,0,0,3,True,-1.1100664528734825,170.0,310.0,0.0,0.0,0.0,1.0,0.0
2025-02-11 18:15:00+00:00,2025-02-11,2025-02-11:1,True,4,5,True,-0.40153452685422,0.40153452685422,1.1891971396741656,True,1,0,3,True,1.2382158262235778,165.0,315.0,0.0,0.0,0.0,0.0,1.0
2025-02-11 18:20:00+00:00,2025-02-11,2025-02-11:1,True,4,10,True,-0.04659498207885305,0.04659498207885305,0.0,True,1,0,3,True,-0.7343077370294641,160.0,320.0,0.0,0.0,0.0,0.0,1.0
2025-02-11 18:25:00+00:00,2025-02-11,2025-02-11:1,True,4,15,True,-0.07643312101910828,0.07643312101910828,0.0,True,1,0,3,True,0.0,155.0,325.0,0.0,0.0,0.0,0.0,1.0
2025-02-11 18:30:00+00:00,2025-02-11,2025-02-11:1,True,3,5,True,-0.036011080332409975,0.02147403234929028,-0.5169822706600901,True,1,0,3,True,-1.1560075003581565,150.0,330.0,0.0,0.0,0.0,1.0,0.0
2025-02-11 18:35:00+00:00,2025-02-11,2025-02-11:1,True,0,5,True,0.023255813953488372,0.023255813953488372,-0.1336930174988029,True,1,0,3,True,-0.6713971873261526,145.0,335.0,1.0,0.0,0.0,0.0,0.0
2025-02-11 18:40:00+00:00,2025-02-11,2025-02-11:1,True,0,10,True,0.050505050505050504,0.022644460133328607,0.8021581049935774,True,0,0,3,True,0.5978933504887844,140.0,340.0,1.0,0.0,0.0,0.0,0.0
2025-02-11 18:45:00+00:00,2025-02-11,2025-02-11:1,True,0,15,True,0.03188405797101449,0.03188405797101449,-0.8038951825349245,True,0,0,3,True,-0.04247865425923779,135.0,345.0,1.0,0.0,0.0,0.0,0.0
2025-02-11 18:50:00+00:00,2025-02-11,2025-02-11:1,True,0,20,True,0.00964630225080386,0.00964630225080386,-0.13094500253411984,True,0,0,3,True,-0.6090122548275412,130.0,350.0,1.0,0.0,0.0,0.0,0.0
2025-02-11 18:55:00+00:00,2025-02-11,2025-02-11:1,True,0,25,True,0.06666666666666667,0.06666666666666667,-0.2591185382074164,True,0,0,3,True,-0.5794066656621597,125.0,355.0,1.0,0.0,0.0,0.0,0.0
2025-02-11 19:00:00+00:00,2025-02-11,2025-02-11:1,True,0,30,True,-0.08454810495626822,0.03824359754030023,-0.7933445001078006,True,0,0,3,True,-0.6252669056868382,120.0,360.0,1.0,0.0,0.0,0.0,0.0
2025-02-11 19:05:00+00:00,2025-02-11,2025-02-11:1,True,3,5,True,0.1945392491467577,0.1945392491467577,-0.8878196053576359,True,0,0,3,True,0.6973137723312219,115.0,365.0,0.0,0.0,0.0,1.0,0.0
2025-02-11 19:10:00+00:00,2025-02-11,2025-02-11:1,True,4,5,True,-0.08923076923076922,0.08923076923076922,0.28879413032761814,True,1,0,3,True,1.9122138320870463,110.0,370.0,0.0,0.0,0.0,0.0,1.0
2025-02-11 19:15:00+00:00,2025-02-11,2025-02-11:1,True,0,5,True,0.022950819672131147,0.0074669195349764675,1.122871115519113,True,1,0,3,True,0.7173760412199192,105.0,375.0,1.0,0.0,0.0,0.0,0.0
2025-02-11 19:20:00+00:00,2025-02-11,2025-02-11:1,True,0,10,True,0.025495750708215296,0.025495750708215296,0.0,True,1,0,3,True,0.0,100.0,380.0,1.0,0.0,0.0,0.0,0.0
2025-02-11 19:25:00+00:00,2025-02-11,2025-02-11:1,True,0,15,True,-0.2967741935483871,0.2967741935483871,0.0,True,1,0,3,True,0.7286813804354711,95.0,385.0,1.0,0.0,0.0,0.0,0.0
2025-02-11 19:30:00+00:00,2025-02-11,2025-02-11:1,True,0,20,True,0.08484848484848485,0.08484848484848485,-0.6710648006023223,True,1,0,3,True,0.0,90.0,390.0,1.0,0.0,0.0,0.0,0.0
2025-02-11 19:35:00+00:00,2025-02-11,2025-02-11:1,True,0,25,True,0.07744107744107744,0.07744107744107744,-0.33899322953936833,True,0,0,3,True,-0.7580119051622173,85.0,395.0,1.0,0.0,0.0,0.0,0.0
2025-02-11 19:40:00+00:00,2025-02-11,2025-02-11:1,True,0,30,True,-0.012195121951219513,0.00855925839734924,-0.35402248114102,True,0,0,3,True,0.0,80.0,400.0,1.0,0.0,0.0,0.0,0.0
2025-02-11 19:45:00+00:00,2025-02-11,2025-02-11:1,True,0,35,True,-0.16,0.1117236776558739,-0.35914515618921977,True,0,0,3,True,0.8030729830265922,75.0,405.0,1.0,0.0,0.0,0.0,0.0
2025-02-11 19:50:00+00:00,2025-02-11,2025-02-11:1,True,0,40,True,-0.005988023952095809,0.005988023952095809,0.37248988433145874,True,0,0,3,True,0.7771222767322482,70.0,410.0,1.0,0.0,0.0,0.0,0.0
2025-02-11 19:55:00+00:00,2025-02-11,2025-02-11:1,True,0,45,True,-0.12582781456953643,0.12582781456953643,1.1370236250026131,True,0,0,3,True,-0.05498300082685046,65.0,415.0,1.0,0.0,0.0,0.0,0.0
2025-02-11 20:00:00+00:00,2025-02-11,2025-02-11:1,True,0,50,True,0.06109324758842444,0.06109324758842444,-0.7449797686619029,True,0,0,3,True,0.0,60.0,420.0,1.0,0.0,0.0,0.0,0.0
2025-02-11 20:05:00+00:00,2025-02-11,2025-02-11:1,True,0,55,True,0.08227848101265822,0.08227848101265822,0.0,True,0,0,3,True,0.9373817021227384,55.0,425.0,1.0,0.0,0.0,0.0,0.0
2025-02-11 20:10:00+00:00,2025-02-11,2025-02-11:1,True,0,60,True,0.029850746268656716,0.019693538581209317,0.41591924900947835,True,0,0,3,True,1.8600474278717116,50.0,430.0,1.0,0.0,0.0,0.0,0.0
2025-02-11 20:15:00+00:00,2025-02-11,2025-02-11:1,True,0,65,True,0.024054982817869417,0.024054982817869417,-1.2877062925740426,True,0,0,3,True,-1.2261785637616178,45.0,435.0,1.0,0.0,0.0,0.0,0.0
2025-02-11 20:20:00+00:00,2025-02-11,2025-02-11:1,True,0,70,True,0.17684887459807075,0.17684887459807075,-0.4258004437826039,True,0,0,3,True,-0.9521187371474801,40.0,440.0,1.0,0.0,0.0,0.0,0.0
2025-02-11 20:25:00+00:00,2025-02-11,2025-02-11:1,True,3,5,True,-0.09090909090909091,0.03873016657165311,-0.8532412118232583,True,0,0,3,True,1.1855735633521503,35.0,445.0,0.0,0.0,0.0,1.0,0.0
2025-02-11 20:30:00+00:00,2025-02-11,2025-02-11:1,True,4,5,True,0.056105610561056105,0.056105610561056105,0.0,True,0,0,3,True,0.9701747431112577,30.0,450.0,0.0,0.0,0.0,0.0,1.0
2025-02-11 20:35:00+00:00,2025-02-11,2025-02-11:1,True,3,5,True,0.014285714285714285,0.014285714285714285,-0.8542299678232603,True,0,0,3,True,-0.9550581382351341,25.0,455.0,0.0,0.0,0.0,1.0,0.0
2025-02-11 20:40:00+00:00,2025-02-11,2025-02-11:1,True,3,10,True,0.009287925696594427,0.009287925696594427,-0.4271149839128275,True,0,0,3,True,0.0,20.0,460.0,0.0,0.0,0.0,1.0,0.0
2025-02-11 20:45:00+00:00,2025-02-11,2025-02-11:1,True,4,5,True,-0.26804123711340205,0.26804123711340205,0.4041775391547078,True,1,0,3,True,-0.6577635690835001,15.0,465.0,0.0,0.0,0.0,0.0,1.0
2025-02-11 20:50:00+00:00,2025-02-11,2025-02-11:1,True,0,5,True,0.03283582089552239,0.03283582089552239,0.0,True,1,0,3,True,0.0,10.0,470.0,1.0,0.0,0.0,0.0,0.0
2025-02-11 20:55:00+00:00,2025-02-11,2025-02-11:1,True,0,10,True,-0.1781818181818182,0.1781818181818182,0.4246601230055437,True,1,0,3,True,-0.9495689023738181,5.0,475.0,1.0,0.0,0.0,0.0,0.0
2025-02-11 21:00:00+00:00,2025-02-11,2025-02-11:1,True,0,15,True,-0.13138686131386862,0.13138686131386862,0.0,True,1,0,3,True,0.6770145492656089,0.0,480.0,1.0,0.0,0.0,0.0,0.0
2025-02-12 13:00:00+00:00,2025-02-12,2025-02-12:1,False,-1,0,False,,,,False,0,0,0,False,,480.0,0.0,,,,,
2025-02-12 13:05:00+00:00,2025-02-12,2025-02-12:1,False,-1,0,True,-0.03067484662576687,,,False,0,0,0,False,,475.0,5.0,,,,,
2025-02-12 13:10:00+00:00,2025-02-12,2025-02-12:1,False,-1,0,True,-0.2422062350119904,,,False,0,0,0,False,,470.0,10.0,,,,,
2025-02-12 13:15:00+00:00,2025-02-12,2025-02-12:1,False,-1,0,True,0.36658354114713215,,,False,0,0,0,False,,465.0,15.0,,,,,
2025-02-12 13:20:00+00:00,2025-02-12,2025-02-12:1,False,-1,0,True,0.12531969309462915,,,False,0,0,0,False,,460.0,20.0,,,,,
2025-02-12 13:25:00+00:00,2025-02-12,2025-02-12:1,False,-1,0,True,-0.006666666666666667,,,False,0,0,0,False,,455.0,25.0,,,,,
2025-02-12 13:30:00+00:00,2025-02-12,2025-02-12:1,False,-1,0,True,0.04155124653739612,,,False,0,0,0,False,,450.0,30.0,,,,,
2025-02-12 13:35:00+00:00,2025-02-12,2025-02-12:1,False,-1,0,True,-0.22857142857142856,,,False,0,0,0,False,,445.0,35.0,,,,,
2025-02-12 13:40:00+00:00,2025-02-12,2025-02-12:1,False,-1,0,True,0.0736196319018405,,,False,0,0,0,False,,440.0,40.0,,,,,
2025-02-12 13:45:00+00:00,2025-02-12,2025-02-12:1,False,-1,0,True,0.17032967032967034,,,False,0,0,0,False,,435.0,45.0,,,,,
2025-02-12 13:50:00+00:00,2025-02-12,2025-02-12:1,False,-1,0,True,0.08357348703170028,,,False,0,0,0,False,,430.0,50.0,,,,,
2025-02-12 13:55:00+00:00,2025-02-12,2025-02-12:1,False,-1,0,True,-0.08923076923076922,,,False,0,0,0,False,,425.0,55.0,,,,,
2025-02-12 14:00:00+00:00,2025-02-12,2025-02-12:1,False,-1,0,True,0.16094986807387862,,,False,0,0,0,False,,420.0,60.0,,,,,
2025-02-12 14:05:00+00:00,2025-02-12,2025-02-12:1,True,0,5,True,0.181058495821727,0.181058495821727,-0.3734700864020297,True,0,0,0,False,,415.0,65.0,1.0,0.0,0.0,0.0,0.0
2025-02-12 14:10:00+00:00,2025-02-12,2025-02-12:1,True,1,5,True,0.003484320557491289,0.0016609102339822297,0.7409072774098328,True,0,0,0,False,,410.0,70.0,0.0,1.0,0.0,0.0,0.0
2025-02-12 14:15:00+00:00,2025-02-12,2025-02-12:1,True,2,5,True,0.006993006993006993,0.006993006993006993,-0.3762977544442404,True,0,0,0,False,,405.0,75.0,0.0,0.0,1.0,0.0,0.0
2025-02-12 14:20:00+00:00,2025-02-12,2025-02-12:1,True,2,10,True,0.09036144578313253,0.09036144578313253,-0.40501947915918224,True,0,0,0,False,,400.0,80.0,0.0,0.0,1.0,0.0,0.0
2025-02-12 14:25:00+00:00,2025-02-12,2025-02-12:1,True,0,5,True,-0.13357400722021662,0.13357400722021662,0.3975814356711963,True,0,0,0,False,,395.0,85.0,1.0,0.0,0.0,0.0,0.0
2025-02-12 14:30:00+00:00,2025-02-12,2025-02-12:1,True,0,10,True,0.18769230769230769,0.18769230769230769,-0.4106233970246447,True,0,0,0,False,,390.0,90.0,1.0,0.0,0.0,0.0,0.0
2025-02-12 14:35:00+00:00,2025-02-12,2025-02-12:1,True,0,15,True,-0.3503184713375796,0.3503184713375796,0.0,True,0,0,0,False,,385.0,95.0,1.0,0.0,0.0,0.0,0.0
2025-02-12 14:40:00+00:00,2025-02-12,2025-02-12:1,True,0,20,True,0.036585365853658534,0.008694616645178718,1.4369442626628313,True,0,0,0,False,,380.0,100.0,1.0,0.0,0.0,0.0,0.0
2025-02-12 14:45:00+00:00,2025-02-12,2025-02-12:1,True,0,25,True,-0.09904153354632587,0.09904153354632587,0.47567885586917735,True,0,0,0,False,,375.0,105.0,1.0,0.0,0.0,0.0,0.0
2025-02-12 14:50:00+00:00,2025-02-12,2025-02-12:1,True,2,5,True,0.22972972972972974,0.22972972972972974,0.0,True,0,0,0,False,,370.0,110.0,0.0,0.0,1.0,0.0,0.0
2025-02-12 14:55:00+00:00,2025-02-12,2025-02-12:1,True,0,5,True,-0.18996415770609318,0.049574961101473906,-1.343349520947303,True,0,0,0,False,,365.0,115.0,1.0,0.0,0.0,0.0,0.0
2025-02-12 15:00:00+00:00,2025-02-12,2025-02-12:1,True,0,10,True,-0.03728813559322034,0.023744794725697852,-0.451311858425471,True,0,0,0,False,,360.0,120.0,1.0,0.0,0.0,0.0,0.0
2025-02-12 15:05:00+00:00,2025-02-12,2025-02-12:1,True,0,15,True,-0.23624595469255663,0.23624595469255663,1.4032453995728382,True,0,0,0,True,0.23014181787197618,355.0,125.0,1.0,0.0,0.0,0.0,0.0
2025-02-12 15:10:00+00:00,2025-02-12,2025-02-12:1,True,1,5,True,-0.26245847176079734,0.26245847176079734,2.111235547646409,True,0,0,0,True,-0.7316152837740955,350.0,130.0,0.0,1.0,0.0,0.0,0.0
2025-02-12 15:15:00+00:00,2025-02-12,2025-02-12:1,True,0,5,True,0.047619047619047616,0.047619047619047616,-0.8130586853168479,True,0,0,0,True,-1.818054490065082,345.0,135.0,1.0,0.0,0.0,0.0,0.0
2025-02-12 15:20:00+00:00,2025-02-12,2025-02-12:1,True,1,5,True,0.32732732732732733,0.10009561673155372,1.184834774763991,True,0,0,0,True,0.0,340.0,140.0,0.0,1.0,0.0,0.0,0.0
2025-02-12 15:25:00+00:00,2025-02-12,2025-02-12:1,True,2,5,True,0.015479876160990712,0.015479876160990712,0.0,True,0,0,0,True,-0.8994208983933896,335.0,145.0,0.0,0.0,1.0,0.0,0.0
2025-02-12 15:30:00+00:00,2025-02-12,2025-02-12:1,True,0,5,True,-0.05670103092783505,0.0021220074071044664,-3.285429861907321,True,0,0,0,True,-9.320975661514584,330.0,150.0,1.0,0.0,0.0,0.0,0.0
2025-02-12 15:35:00+00:00,2025-02-12,2025-02-12:1,True,0,10,True,0.13402061855670103,0.11907483950330126,0.11824145911653633,True,0,0,0,True,0.9503275722188046,325.0,155.0,1.0,0.0,0.0,0.0,0.0
2025-02-12 15:40:00+00:00,2025-02-12,2025-02-12:1,True,3,5,True,-0.07142857142857142,0.02777086410416721,-0.9447105320696483,True,0,0,0,True,-0.6626899019277338,320.0,160.0,0.0,0.0,0.0,1.0,0.0
2025-02-12 15:45:00+00:00,2025-02-12,2025-02-12:1,True,0,5,True,0.0029850746268656717,0.0018592835577846336,0.47343351762112373,True,0,0,0,True,-0.38634597399352166,315.0,165.0,1.0,0.0,0.0,0.0,0.0
2025-02-12 15:50:00+00:00,2025-02-12,2025-02-12:1,True,4,5,True,0.04093567251461988,0.025472768165731043,0.4743919050673692,True,0,0,0,True,-0.37928549325839933,310.0,170.0,0.0,0.0,0.0,0.0,1.0
2025-02-12 15:55:00+00:00,2025-02-12,2025-02-12:1,True,0,5,True,0.06790123456790123,0.04188471175059654,0.4831333308904304,True,0,0,0,True,0.27007974251787675,305.0,175.0,1.0,0.0,0.0,0.0,0.0
2025-02-12 16:00:00+00:00,2025-02-12,2025-02-12:1,True,0,10,True,-0.10508474576271186,0.10508474576271186,0.361013484122188,True,0,0,0,True,0.7172019037089871,300.0,180.0,1.0,0.0,0.0,0.0,0.0
2025-02-12 16:05:00+00:00,2025-02-12,2025-02-12:1,True,0,15,True,-0.04509283819628647,0.03552996543172491,-0.23834699848991175,True,0,0,0,True,0.0,295.0,185.0,1.0,0.0,0.0,0.0,0.0
2025-02-12 16:10:00+00:00,2025-02-12,2025-02-12:1,True,1,5,True,0.3592814371257485,0.21841608019530814,0.4977041603591925,True,0,0,0,True,0.5564501676238054,290.0,190.0,0.0,1.0,0.0,0.0,0.0
2025-02-12 16:15:00+00:00,2025-02-12,2025-02-12:1,True,1,10,True,-0.07692307692307693,0.07692307692307693,0.25076766782551424,True,0,0,0,True,0.5607335518169367,285.0,195.0,0.0,1.0,0.0,0.0,0.0
2025-02-12 16:20:00+00:00,2025-02-12,2025-02-12:1,True,0,5,True,0.010380622837370242,0.010380622837370242,-0.2542465341560733,True,0,0,0,True,0.4050734642855354,280.0,200.0,1.0,0.0,0.0,0.0,0.0
2025-02-12 16:25:00+00:00,2025-02-12,2025-02-12:1,True,0,10,True,-0.14285714285714285,0.11076262751584583,-0.2544557092993916,True,0,0,0,True,0.0,275.0,205.0,1.0,0.0,0.0,0.0,0.0
2025-02-12 16:30:00+00:00,2025-02-12,2025-02-12:1,True,0,15,True,0.02735562310030395,0.02735562310030395,-0.12922727517767674,True,0,0,0,True,0.23908802756871209,270.0,210.0,1.0,0.0,0.0,0.0,0.0
2025-02-12 16:35:00+00:00,2025-02-12,2025-02-12:1,True,0,20,True,0.1095890410958904,0.1095890410958904,0.0,True,0,0,0,True,0.0,265.0,215.0,1.0,0.0,0.0,0.0,0.0
2025-02-12 16:40:00+00:00,2025-02-12,2025-02-12:1,True,0,25,True,-0.061488673139158574,0.061488673139158574,1.0262931088772718,True,0,0,0,True,1.147430578146217,260.0,220.0,1.0,0.0,0.0,0.0,0.0
2025-02-12 16:45:00+00:00,2025-02-12,2025-02-12:1,True,0,30,True,-0.06428571428571428,0.06428571428571428,0.5140794837036742,True,0,0,0,True,-1.149516671399411,255.0,225.0,1.0,0.0,0.0,0.0,0.0
2025-02-12 16:50:00+00:00,2025-02-12,2025-02-12:1,True,0,35,True,-0.02631578947368421,0.02631578947368421,1.0136943313388491,True,0,0,0,True,-0.6895991706171328,250.0,230.0,1.0,0.0,0.0,0.0,0.0
2025-02-12 16:55:00+00:00,2025-02-12,2025-02-12:1,True,0,40,True,-0.04487179487179487,0.016079036003310957,-1.0262931088770195,True,0,0,0,True,-2.1985614155709032,245.0,235.0,1.0,0.0,0.0,0.0,0.0
2025-02-12 17:00:00+00:00,2025-02-12,2025-02-12:1,True,1,5,True,0.04498269896193772,0.017923539250564263,0.9201630574639056,True,0,0,0,True,1.0287735734381311,240.0,240.0,0.0,1.0,0.0,0.0,0.0
2025-02-12 17:05:00+00:00,2025-02-12,2025-02-12:1,True,1,10,True,0.20212765957446807,0.0311824028143629,1.8690455525381027,True,0,0,0,True,1.0448282271319402,235.0,245.0,0.0,1.0,0.0,0.0,0.0
2025-02-12 17:10:00+00:00,2025-02-12,2025-02-12:1,True,2,5,True,0.16475095785440613,0.16475095785440613,0.0,True,0,0,0,True,-1.0576255325585944,230.0,250.0,0.0,0.0,1.0,0.0,0.0
2025-02-12 17:15:00+00:00,2025-02-12,2025-02-12:1,True,0,5,True,0.0,0.0,-2.146177154289948,True,0,0,0,True,-0.9597996017515126,225.0,255.0,1.0,0.0,0.0,0.0,0.0
2025-02-12 17:20:00+00:00,2025-02-12,2025-02-12:1,True,0,10,True,0.2640449438202247,0.2640449438202247,0.0,True,0,0,0,True,0.9585531891695578,220.0,260.0,1.0,0.0,0.0,0.0,0.0
2025-02-12 17:25:00+00:00,2025-02-12,2025-02-12:1,True,0,15,True,0.1452991452991453,0.1452991452991453,-1.2758096042285785,True,0,0,0,True,0.5979938574286886,215.0,265.0,1.0,0.0,0.0,0.0,0.0
2025-02-12 17:30:00+00:00,2025-02-12,2025-02-12:1,True,0,20,True,0.2,0.2,0.0,True,0,0,0,True,0.0,210.0,270.0,1.0,0.0,0.0,0.0,0.0
2025-02-12 17:35:00+00:00,2025-02-12,2025-02-12:1,True,4,5,True,-0.06521739130434782,0.05251381794838903,-0.21664983717742464,True,0,0,0,True,-2.422218816217667,205.0,275.0,0.0,0.0,0.0,0.0,1.0
2025-02-12 17:40:00+00:00,2025-02-12,2025-02-12:1,True,4,10,True,-0.0033444816053511705,0.0027287052628832153,-0.2034844715728386,True,0,0,0,True,-0.9667020142301831,200.0,280.0,0.0,0.0,0.0,0.0,1.0
2025-02-12 17:45:00+00:00,2025-02-12,2025-02-12:1,True,0,5,True,0.0425531914893617,0.034823611706914094,0.20045920380172308,True,0,0,0,True,0.8964808128322742,195.0,285.0,1.0,0.0,0.0,0.0,0.0
2025-02-12 17:50:00+00:00,2025-02-12,2025-02-12:1,True,0,10,True,0.053824362606232294,0.04375281667534243,0.20717020933335062,True,0,0,0,True,0.450908113928069,190.0,290.0,1.0,0.0,0.0,0.0,0.0
2025-02-12 17:55:00+00:00,2025-02-12,2025-02-12:1,True,0,15,True,0.13864306784660768,0.13864306784660768,-0.38031222053277874,True,0,0,0,True,-1.287452228134092,185.0,295.0,1.0,0.0,0.0,0.0,0.0
2025-02-12 18:00:00+00:00,2025-02-12,2025-02-12:1,True,0,20,True,0.036211699164345405,0.01646483504116533,0.7881553509342959,True,0,0,0,True,-0.8811844707583918,180.0,300.0,1.0,0.0,0.0,0.0,0.0
2025-02-12 18:05:00+00:00,2025-02-12,2025-02-12:1,True,0,25,True,0.08280254777070063,0.08280254777070063,0.0,True,0,0,0,True,0.37628457508038354,175.0,305.0,1.0,0.0,0.0,0.0,0.0
2025-02-12 18:10:00+00:00,2025-02-12,2025-02-12:1,True,0,30,True,-0.39634146341463417,0.1238442642816474,-1.1632512780061561,True,0,0,0,True,0.0,170.0,310.0,1.0,0.0,0.0,0.0,0.0
2025-02-12 18:15:00+00:00,2025-02-12,2025-02-12:1,True,0,35,True,-0.02976190476190476,0.02976190476190476,0.8326271998046001,True,0,0,0,True,0.9309055093391928,165.0,315.0,1.0,0.0,0.0,0.0,0.0
2025-02-12 18:20:00+00:00,2025-02-12,2025-02-12:1,True,0,40,True,-0.14124293785310735,0.14124293785310735,0.4120487503470488,True,0,0,0,True,-0.516744202154135,160.0,320.0,1.0,0.0,0.0,0.0,0.0
2025-02-12 18:25:00+00:00,2025-02-12,2025-02-12:1,True,0,45,True,-0.07303370786516854,0.009695515126305738,-2.0192576656755326,True,0,0,0,True,-0.4331344623587431,155.0,325.0,1.0,0.0,0.0,0.0,0.0
2025-02-12 18:30:00+00:00,2025-02-12,2025-02-12:1,True,0,50,True,-0.1393939393939394,0.1393939393939394,0.7708495185687075,True,0,0,0,True,-0.4921930698395966,150.0,330.0,1.0,0.0,0.0,0.0,0.0
2025-02-12 18:35:00+00:00,2025-02-12,2025-02-12:1,True,0,55,True,-0.2396694214876033,0.2396694214876033,0.0,True,0,0,0,True,0.8583312706887686,145.0,335.0,1.0,0.0,0.0,0.0,0.0
2025-02-12 18:40:00+00:00,2025-02-12,2025-02-12:1,True,0,60,True,0.12101910828025478,0.05480407748341025,0.7921838549827618,True,0,0,0,True,0.8856884752096453,140.0,340.0,1.0,0.0,0.0,0.0,0.0
2025-02-12 18:45:00+00:00,2025-02-12,2025-02-12:1,True,0,65,True,-0.16296296296296298,0.16296296296296298,1.1801961692779956,True,0,0,0,True,-0.8796662870984825,135.0,345.0,1.0,0.0,0.0,0.0,0.0
2025-02-12 18:50:00+00:00,2025-02-12,2025-02-12:1,True,0,70,True,0.12452830188679245,0.12452830188679245,-1.1485881152029223,True,0,0,0,True,-0.5124688801737168,130.0,350.0,1.0,0.0,0.0,0.0,0.0
2025-02-12 18:55:00+00:00,2025-02-12,2025-02-12:1,True,1,5,True,0.16387959866220736,0.04715259907880245,1.2457428725193285,True,0,0,0,True,0.9285219151454781,125.0,355.0,0.0,1.0,0.0,0.0,0.0
2025-02-12 19:00:00+00:00,2025-02-12,2025-02-12:1,True,0,5,True,0.18490566037735848,0.18490566037735848,-1.2933986319008477,True,0,0,0,True,-0.45645233312679817,120.0,360.0,1.0,0.0,0.0,0.0,0.0
2025-02-12 19:05:00+00:00,2025-02-12,2025-02-12:1,True,0,10,True,-0.12062256809338522,0.12062256809338522,0.44727677464860177,True,0,0,0,True,-0.5022449447464927,115.0,365.0,1.0,0.0,0.0,0.0,0.0
2025-02-12 19:10:00+00:00,2025-02-12,2025-02-12:1,True,1,5,True,0.2706766917293233,0.018067977000328885,2.7067839443755277,True,0,0,0,True,0.44129230933861524,110.0,370.0,0.0,1.0,0.0,0.0,0.0
2025-02-12 19:15:00+00:00,2025-02-12,2025-02-12:1,True,1,10,True,-0.1989389920424403,0.1989389920424403,1.219274415141676,True,0,0,0,True,-1.5579317002735191,105.0,375.0,0.0,1.0,0.0,0.0,0.0
2025-02-12 19:20:00+00:00,2025-02-12,2025-02-12:1,True,2,5,True,-0.029315960912052116,0.029315960912052116,0.1652368838873166,True,0,0,0,True,0.7389618095266596,100.0,380.0,0.0,0.0,1.0,0.0,0.0
2025-02-12 19:25:00+00:00,2025-02-12,2025-02-12:1,True,1,5,True,-0.05263157894736842,0.05263157894736842,0.3271597829265451,True,0,0,0,True,-0.5011531601205452,95.0,385.0,0.0,1.0,0.0,0.0,0.0
2025-02-12 19:30:00+00:00,2025-02-12,2025-02-12:1,True,2,5,True,-0.08695652173913043,0.0522959222355645,-0.5084898443090309,True,0,0,0,True,-0.5085699425731947,90.0,390.0,0.0,0.0,1.0,0.0,0.0
2025-02-12 19:35:00+00:00,2025-02-12,2025-02-12:1,True,1,5,True,0.020134228187919462,0.01195616193636911,0.5211744730147406,True,0,0,0,True,-0.5229935110929673,85.0,395.0,0.0,1.0,0.0,0.0,0.0
2025-02-12 19:40:00+00:00,2025-02-12,2025-02-12:1,True,0,5,True,-0.16025641025641027,0.033620894204845826,-1.5616273715663673,True,0,0,0,True,-1.064619597137798,80.0,400.0,1.0,0.0,0.0,0.0,0.0
2025-02-12 19:45:00+00:00,2025-02-12,2025-02-12:1,True,0,10,True,0.10231023102310231,0.10231023102310231,0.0,True,0,0,0,True,0.2923124525148162,75.0,405.0,1.0,0.0,0.0,0.0,0.0
2025-02-12 19:50:00+00:00,2025-02-12,2025-02-12:1,True,0,15,True,-0.05982905982905983,0.05982905982905983,0.0,True,0,0,0,True,-0.7733524416365255,70.0,410.0,1.0,0.0,0.0,0.0,0.0
2025-02-12 19:55:00+00:00,2025-02-12,2025-02-12:1,True,0,20,True,0.09363295880149813,0.06662929780201561,0.3402380576972631,True,0,0,0,True,-0.7607954255435759,65.0,415.0,1.0,0.0,0.0,0.0,0.0
2025-02-12 20:00:00+00:00,2025-02-12,2025-02-12:1,True,0,25,True,-0.3188854489164087,0.22954157406651876,-0.32874778027766877,True,0,0,0,True,0.0,60.0,420.0,1.0,0.0,0.0,0.0,0.0
2025-02-12 20:05:00+00:00,2025-02-12,2025-02-12:1,True,0,30,True,-0.0026666666666666666,0.00192068523809362,-0.3281472358034234,True,0,0,0,True,0.45697339625107664,55.0,425.0,1.0,0.0,0.0,0.0,0.0
2025-02-12 20:10:00+00:00,2025-02-12,2025-02-12:1,True,0,35,True,0.12023460410557185,0.06020303751709363,0.6917220602664905,True,0,0,0,True,0.0,50.0,430.0,1.0,0.0,0.0,0.0,0.0
2025-02-12 20:15:00+00:00,2025-02-12,2025-02-12:1,True,0,40,True,-0.058823529411764705,0.058823529411764705,0.0,True,0,0,0,True,-0.557833214265164,45.0,435.0,1.0,0.0,0.0,0.0,0.0
2025-02-12 20:20:00+00:00,2025-02-12,2025-02-12:1,True,0,45,True,-0.16614420062695925,0.16614420062695925,0.8349040639578682,True,0,0,0,True,-0.9334511208489861,40.0,440.0,1.0,0.0,0.0,0.0,0.0
2025-02-12 20:25:00+00:00,2025-02-12,2025-02-12:1,True,0,50,True,0.10828025477707007,0.10828025477707007,-0.452435883998895,True,0,0,0,True,0.0,35.0,445.0,1.0,0.0,0.0,0.0,0.0
2025-02-12 20:30:00+00:00,2025-02-12,2025-02-12:1,True,0,55,True,-0.11042944785276074,0.11042944785276074,0.0,True,0,0,0,True,0.9880700404587165,30.0,450.0,1.0,0.0,0.0,0.0,0.0
2025-02-12 20:35:00+00:00,2025-02-12,2025-02-12:1,True,0,60,True,0.14556962025316456,0.0944999191995355,0.4320554824163588,True,0,0,0,True,0.5972855786847142,25.0,455.0,1.0,0.0,0.0,0.0,0.0
2025-02-12 20:40:00+00:00,2025-02-12,2025-02-12:1,True,0,65,True,-0.13099041533546327,0.08526252738901997,-0.4293891009337803,True,0,0,0,True,0.0,20.0,460.0,1.0,0.0,0.0,0.0,0.0
2025-02-12 20:45:00+00:00,2025-02-12,2025-02-12:1,True,0,70,True,-0.02040816326530612,0.008466968500318268,-0.8797624465066727,True,0,0,0,True,0.0,15.0,465.0,1.0,0.0,0.0,0.0,0.0
2025-02-12 20:50:00+00:00,2025-02-12,2025-02-12:1,True,0,75,True,-0.027190332326283987,0.027190332326283987,0.918072515031139,True,0,0,0,True,0.4151798734188394,10.0,470.0,1.0,0.0,0.0,0.0,0.0
2025-02-12 20:55:00+00:00,2025-02-12,2025-02-12:1,True,0,80,True,0.25831202046035806,0.25831202046035806,0.0,True,0,0,0,True,0.0,5.0,475.0,1.0,0.0,0.0,0.0,0.0
2025-02-12 21:00:00+00:00,2025-02-12,2025-02-12:1,True,1,5,True,0.14641744548286603,0.018701560378628856,2.0578547944753622,True,0,0,0,True,0.4668097279131218,0.0,480.0,0.0,1.0,0.0,0.0,0.0
2025-02-13 13:00:00+00:00,2025-02-13,2025-02-13:1,False,-1,0,False,,,,False,0,0,0,False,,480.0,0.0,,,,,
2025-02-13 13:05:00+00:00,2025-02-13,2025-02-13:1,False,-1,0,True,-0.0684931506849315,,,False,0,0,0,False,,475.0,5.0,,,,,
2025-02-13 13:10:00+00:00,2025-02-13,2025-02-13:1,False,-1,0,True,0.37293729372937295,,,False,0,0,0,False,,470.0,10.0,,,,,
2025-02-13 13:15:00+00:00,2025-02-13,2025-02-13:1,False,-1,0,True,0.21107266435986158,,,False,0,0,0,False,,465.0,15.0,,,,,
2025-02-13 13:20:00+00:00,2025-02-13,2025-02-13:1,False,-1,0,True,0.014598540145985401,,,False,0,0,0,False,,460.0,20.0,,,,,
2025-02-13 13:25:00+00:00,2025-02-13,2025-02-13:1,False,-1,0,True,0.09375,,,False,0,0,0,False,,455.0,25.0,,,,,
2025-02-13 13:30:00+00:00,2025-02-13,2025-02-13:1,False,-1,0,True,0.14357682619647355,,,False,0,0,0,False,,450.0,30.0,,,,,
2025-02-13 13:35:00+00:00,2025-02-13,2025-02-13:1,False,-1,0,True,0.26813880126182965,,,False,0,0,0,False,,445.0,35.0,,,,,
2025-02-13 13:40:00+00:00,2025-02-13,2025-02-13:1,False,-1,0,True,0.305993690851735,,,False,0,0,0,False,,440.0,40.0,,,,,
2025-02-13 13:45:00+00:00,2025-02-13,2025-02-13:1,False,-1,0,True,0.08441558441558442,,,False,0,0,0,False,,435.0,45.0,,,,,
2025-02-13 13:50:00+00:00,2025-02-13,2025-02-13:1,False,-1,0,True,-0.18429003021148035,,,False,0,0,0,False,,430.0,50.0,,,,,
2025-02-13 13:55:00+00:00,2025-02-13,2025-02-13:1,False,-1,0,True,-0.34210526315789475,,,False,0,0,0,False,,425.0,55.0,,,,,
2025-02-13 14:00:00+00:00,2025-02-13,2025-02-13:1,False,-1,0,True,0.013192612137203167,,,False,0,0,0,False,,420.0,60.0,,,,,
2025-02-13 14:05:00+00:00,2025-02-13,2025-02-13:1,True,3,5,True,-0.16853932584269662,0.07451203736834264,-0.8162084226045996,True,0,0,0,False,,415.0,65.0,0.0,0.0,0.0,1.0,0.0
2025-02-13 14:10:00+00:00,2025-02-13,2025-02-13:1,True,4,5,True,-0.3,0.3,1.1979712580576665,True,1,0,0,False,,410.0,70.0,0.0,0.0,0.0,0.0,1.0
2025-02-13 14:15:00+00:00,2025-02-13,2025-02-13:1,True,0,5,True,0.18125,0.08110027876483243,0.8041908953217605,True,0,0,0,False,,405.0,75.0,1.0,0.0,0.0,0.0,0.0
2025-02-13 14:20:00+00:00,2025-02-13,2025-02-13:1,True,0,10,True,-0.22297297297297297,0.14688687597454675,-0.41738782735584457,True,0,0,0,False,,400.0,80.0,1.0,0.0,0.0,0.0,0.0
2025-02-13 14:25:00+00:00,2025-02-13,2025-02-13:1,True,0,15,True,-0.16783216783216784,0.07243515169323518,-0.8402727768807112,True,0,0,0,False,,395.0,85.0,1.0,0.0,0.0,0.0,0.0
2025-02-13 14:30:00+00:00,2025-02-13,2025-02-13:1,True,0,20,True,0.2994350282485876,0.19679831645634782,0.419718029970596,True,0,0,0,False,,390.0,90.0,1.0,0.0,0.0,0.0,0.0
2025-02-13 14:35:00+00:00,2025-02-13,2025-02-13:1,True,0,25,True,0.006993006993006993,0.006993006993006993,-0.44445994516578147,True,0,0,0,False,,385.0,95.0,1.0,0.0,0.0,0.0,0.0
2025-02-13 14:40:00+00:00,2025-02-13,2025-02-13:1,True,0,30,True,-0.2334293948126801,0.2334293948126801,0.9551812048095485,True,0,0,0,False,,380.0,100.0,1.0,0.0,0.0,0.0,0.0
2025-02-13 14:45:00+00:00,2025-02-13,2025-02-13:1,True,0,35,True,0.16049382716049382,0.10011627311697094,0.4719232400617948,True,0,0,0,False,,375.0,105.0,1.0,0.0,0.0,0.0,0.0
2025-02-13 14:50:00+00:00,2025-02-13,2025-02-13:1,True,0,40,True,0.034013605442176874,0.034013605442176874,-0.48172093987393916,True,0,0,0,False,,370.0,110.0,1.0,0.0,0.0,0.0,0.0
2025-02-13 14:55:00+00:00,2025-02-13,2025-02-13:1,True,1,5,True,-0.1419939577039275,0.1419939577039275,0.9829664958863319,True,0,0,0,False,,365.0,115.0,0.0,1.0,0.0,0.0,0.0
2025-02-13 15:00:00+00:00,2025-02-13,2025-02-13:1,True,0,5,True,-0.016722408026755852,0.010019952744475315,-0.5121712385001811,True,0,0,0,False,,360.0,120.0,1.0,0.0,0.0,0.0,0.0
2025-02-13 15:05:00+00:00,2025-02-13,2025-02-13:1,True,0,10,True,-0.010362694300518135,0.006131542745338584,-0.5247658810090192,True,0,0,0,True,0.0,355.0,125.0,1.0,0.0,0.0,0.0,0.0
2025-02-13 15:10:00+00:00,2025-02-13,2025-02-13:1,True,0,15,True,0.04797047970479705,0.009888441580038574,1.5792192576703625,True,0,0,0,True,-1.1770805371747803,350.0,130.0,1.0,0.0,0.0,0.0,0.0
2025-02-13 15:15:00+00:00,2025-02-13,2025-02-13:1,True,3,5,True,-0.13043478260869565,0.0059229655606560195,-3.0920360889533844,True,0,0,0,True,-1.0636927513502012,345.0,135.0,0.0,0.0,0.0,1.0,0.0
2025-02-13 15:20:00+00:00,2025-02-13,2025-02-13:1,True,0,5,True,0.16101694915254236,0.16101694915254236,-0.22536436303499546,True,0,0,0,True,1.0078600709072458,340.0,140.0,1.0,0.0,0.0,0.0,0.0
2025-02-13 15:25:00+00:00,2025-02-13,2025-02-13:1,True,0,10,True,-0.03343465045592705,0.03343465045592705,0.8691383321329418,True,0,0,0,True,-0.9717261962500239,335.0,145.0,1.0,0.0,0.0,0.0,0.0
2025-02-13 15:30:00+00:00,2025-02-13,2025-02-13:1,True,3,5,True,0.05421686746987952,0.05421686746987952,-6.7454640572062505,True,0,0,0,True,-14.077761760249347,330.0,150.0,0.0,0.0,0.0,1.0,0.0
2025-02-13 15:35:00+00:00,2025-02-13,2025-02-13:1,True,4,5,True,-0.145985401459854,0.145985401459854,1.299167134243755,True,1,0,0,True,1.1271787573633083,325.0,155.0,0.0,0.0,0.0,0.0,1.0
2025-02-13 15:40:00+00:00,2025-02-13,2025-02-13:1,True,4,10,True,0.14,0.14,0.0,True,1,0,0,True,0.0,320.0,160.0,0.0,0.0,0.0,0.0,1.0
2025-02-13 15:45:00+00:00,2025-02-13,2025-02-13:1,True,0,5,True,0.18796992481203006,0.18796992481203006,-0.21482746012690512,True,1,0,0,True,0.0,315.0,165.0,1.0,0.0,0.0,0.0,0.0
2025-02-13 15:50:00+00:00,2025-02-13,2025-02-13:1,True,0,10,True,-0.1407942238267148,0.1407942238267148,0.21449216311282746,True,1,0,0,True,-0.10321445983417009,310.0,170.0,1.0,0.0,0.0,0.0,0.0
2025-02-13 15:55:00+00:00,2025-02-13,2025-02-13:1,True,4,5,True,-0.024193548387096774,0.024193548387096774,0.0,True,1,0,0,True,0.3778914189881855,305.0,175.0,0.0,0.0,0.0,0.0,1.0
2025-02-13 16:00:00+00:00,2025-02-13,2025-02-13:1,True,0,5,True,-0.18155619596541786,0.18155619596541786,0.41876830799759746,True,0,0,0,True,0.0,300.0,180.0,1.0,0.0,0.0,0.0,0.0
2025-02-13 16:05:00+00:00,2025-02-13,2025-02-13:1,True,0,10,True,0.14685314685314685,0.14685314685314685,-0.5183971222327629,True,0,0,0,True,-1.2608315196084594,295.0,185.0,1.0,0.0,0.0,0.0,0.0
2025-02-13 16:10:00+00:00,2025-02-13,2025-02-13:1,True,0,15,True,0.15527950310559005,0.04607150718043815,1.215032045444748,True,0,0,0,True,0.0,290.0,190.0,1.0,0.0,0.0,0.0,0.0
2025-02-13 16:15:00+00:00,2025-02-13,2025-02-13:1,True,1,5,True,-0.0759493670886076,0.0759493670886076,1.0085838484278475,True,0,0,0,True,0.5086945739059938,285.0,195.0,0.0,1.0,0.0,0.0,0.0
2025-02-13 16:20:00+00:00,2025-02-13,2025-02-13:1,True,0,5,True,0.2302158273381295,0.2302158273381295,-0.6999999999993392,True,0,0,0,True,0.0642114899734368,280.0,200.0,1.0,0.0,0.0,0.0,0.0
2025-02-13 16:25:00+00:00,2025-02-13,2025-02-13:1,True,0,10,True,-0.1263537906137184,0.1263537906137184,0.0,True,0,0,0,True,-0.22546952040396537,275.0,205.0,1.0,0.0,0.0,0.0,0.0
2025-02-13 16:30:00+00:00,2025-02-13,2025-02-13:1,True,1,5,True,-0.16025641025641027,0.16025641025641027,1.0021893724856985,True,0,0,0,True,0.7470487649272661,270.0,210.0,0.0,1.0,0.0,0.0,0.0
2025-02-13 16:35:00+00:00,2025-02-13,2025-02-13:1,True,1,10,True,0.32786885245901637,0.09062554004302666,1.2858776161102667,True,0,0,0,True,-2.2552609685337566,265.0,215.0,0.0,1.0,0.0,0.0,0.0
2025-02-13 16:40:00+00:00,2025-02-13,2025-02-13:1,True,2,5,True,-0.03550295857988166,0.03550295857988166,0.0,True,0,0,0,True,-0.6784380939361551,260.0,220.0,0.0,0.0,1.0,0.0,0.0
2025-02-13 16:45:00+00:00,2025-02-13,2025-02-13:1,True,0,5,True,-0.2277992277992278,0.1689636973236808,-0.29878077807556275,True,0,0,0,True,-0.07203171283831977,255.0,225.0,1.0,0.0,0.0,0.0,0.0
2025-02-13 16:50:00+00:00,2025-02-13,2025-02-13:1,True,2,5,True,0.22796352583586627,0.22796352583586627,0.0,True,0,0,0,True,0.0,250.0,230.0,0.0,0.0,1.0,0.0,0.0
2025-02-13 16:55:00+00:00,2025-02-13,2025-02-13:1,True,1,5,True,-0.06741573033707865,0.06741573033707865,0.9384013080368493,True,0,0,0,True,0.0,245.0,235.0,0.0,1.0,0.0,0.0,0.0
2025-02-13 17:00:00+00:00,2025-02-13,2025-02-13:1,True,1,10,True,-0.0033444816053511705,0.0033444816053511705,0.3159823947366007,True,0,0,0,True,0.6794930444434149,240.0,240.0,0.0,1.0,0.0,0.0,0.0
2025-02-13 17:05:00+00:00,2025-02-13,2025-02-13:1,True,0,5,True,0.14857142857142858,0.14857142857142858,-0.947947184210665,True,0,0,0,True,0.0,235.0,245.0,1.0,0.0,0.0,0.0,0.0
2025-02-13 17:10:00+00:00,2025-02-13,2025-02-13:1,True,0,10,True,-0.136986301369863,0.136986301369863,1.0482640470772404,True,0,0,0,True,0.7813298892105095,230.0,250.0,1.0,0.0,0.0,0.0,0.0
2025-02-13 17:15:00+00:00,2025-02-13,2025-02-13:1,True,0,15,True,-0.043701799485861184,0.021575840408496,-0.7058150903239606,True,0,0,0,True,-0.789125260754765,225.0,255.0,1.0,0.0,0.0,0.0,0.0
2025-02-13 17:20:00+00:00,2025-02-13,2025-02-13:1,True,0,20,True,0.13183279742765272,0.13183279742765272,-0.37938330674148796,True,0,0,0,True,-0.8483268634026214,220.0,260.0,1.0,0.0,0.0,0.0,0.0
2025-02-13 17:25:00+00:00,2025-02-13,2025-02-13:1,True,0,25,True,-0.0759493670886076,0.0759493670886076,0.3735897043057196,True,0,0,0,True,0.835371974521635,215.0,265.0,1.0,0.0,0.0,0.0,0.0
2025-02-13 17:30:00+00:00,2025-02-13,2025-02-13:1,True,0,30,True,-0.171875,0.171875,0.3815712612637069,True,0,0,0,True,0.7328462108778716,210.0,270.0,1.0,0.0,0.0,0.0,0.0
2025-02-13 17:35:00+00:00,2025-02-13,2025-02-13:1,True,0,35,True,-0.17791411042944785,0.17791411042944785,0.46326071280232745,True,0,0,0,True,0.0,205.0,275.0,1.0,0.0,0.0,0.0,0.0
2025-02-13 17:40:00+00:00,2025-02-13,2025-02-13:1,True,0,40,True,-0.14285714285714285,0.14285714285714285,1.1060407469483553,True,0,0,0,True,-0.24494089435242714,200.0,280.0,1.0,0.0,0.0,0.0,0.0
2025-02-13 17:45:00+00:00,2025-02-13,2025-02-13:1,True,1,5,True,-0.12258064516129032,0.12258064516129032,0.5773502691891252,True,0,0,0,True,0.0,195.0,285.0,0.0,1.0,0.0,0.0,0.0
2025-02-13 17:50:00+00:00,2025-02-13,2025-02-13:1,True,2,5,True,0.07792207792207792,0.07792207792207792,-0.5773502691891252,True,0,0,0,True,0.0,190.0,290.0,0.0,0.0,1.0,0.0,0.0
2025-02-13 17:55:00+00:00,2025-02-13,2025-02-13:1,True,1,5,True,-0.2313167259786477,0.2313167259786477,0.5914409281922554,True,0,0,0,True,0.0,185.0,295.0,0.0,1.0,0.0,0.0,0.0
2025-02-13 18:00:00+00:00,2025-02-13,2025-02-13:1,True,0,5,True,-0.04178272980501393,0.01838624383687704,-0.8208803241475348,True,0,0,0,True,0.1954888413458449,180.0,300.0,1.0,0.0,0.0,0.0,0.0
2025-02-13 18:05:00+00:00,2025-02-13,2025-02-13:1,True,0,10,True,0.39800995024875624,0.39800995024875624,-1.1706077825834185,True,0,0,0,True,1.5349830126129642,175.0,305.0,1.0,0.0,0.0,0.0,0.0
2025-02-13 18:10:00+00:00,2025-02-13,2025-02-13:1,True,0,15,True,0.05956112852664577,0.005768355990182473,2.334616039154074,True,0,0,0,True,0.16658400322932498,170.0,310.0,1.0,0.0,0.0,0.0,0.0
2025-02-13 18:15:00+00:00,2025-02-13,2025-02-13:1,True,1,5,True,-0.03389830508474576,0.03389830508474576,2.3155946021848695,True,0,0,0,True,1.6713017619366886,165.0,315.0,0.0,1.0,0.0,0.0,0.0
2025-02-13 18:20:00+00:00,2025-02-13,2025-02-13:1,True,2,5,True,0.04375,0.03741442255572578,0.15643535288697066,True,0,0,0,True,2.098800498838595,160.0,320.0,0.0,0.0,1.0,0.0,0.0
2025-02-13 18:25:00+00:00,2025-02-13,2025-02-13:1,True,0,5,True,-0.329073482428115,0.02273804078046869,-2.67224174947222,True,0,0,0,True,-2.86117893375869,155.0,325.0,1.0,0.0,0.0,0.0,0.0
2025-02-13 18:30:00+00:00,2025-02-13,2025-02-13:1,True,0,10,True,0.11782477341389729,0.11782477341389729,-1.4820060779642927,True,0,0,0,True,-3.86617738896149,150.0,330.0,1.0,0.0,0.0,0.0,0.0
2025-02-13 18:35:00+00:00,2025-02-13,2025-02-13:1,True,0,15,True,-0.12258064516129032,0.05252002040832163,-0.8475747032129063,True,0,0,0,True,0.3558781569398547,145.0,335.0,1.0,0.0,0.0,0.0,0.0
2025-02-13 18:40:00+00:00,2025-02-13,2025-02-13:1,True,4,5,True,0.030534351145038167,0.030534351145038167,-0.21135820960573012,True,0,0,0,True,-0.22723842523511448,140.0,340.0,0.0,0.0,0.0,0.0,1.0
2025-02-13 18:45:00+00:00,2025-02-13,2025-02-13:1,True,4,10,True,0.23563218390804597,0.23563218390804597,0.0,True,0,0,0,True,-0.4737185468580773,135.0,345.0,0.0,0.0,0.0,0.0,1.0
2025-02-13 18:50:00+00:00,2025-02-13,2025-02-13:1,True,4,15,True,0.06312292358803986,0.02454871907401272,0.9444243167316926,True,0,0,0,True,0.0,130.0,350.0,0.0,0.0,0.0,0.0,1.0
2025-02-13 18:55:00+00:00,2025-02-13,2025-02-13:1,True,0,5,True,0.09215017064846416,0.09215017064846416,0.0,True,0,0,0,True,-0.3385357517693719,125.0,355.0,1.0,0.0,0.0,0.0,0.0
2025-02-13 19:00:00+00:00,2025-02-13,2025-02-13:1,True,0,10,True,0.036231884057971016,0.036231884057971016,-0.8868576344994625,True,0,0,0,True,-0.5236237908238569,120.0,360.0,1.0,0.0,0.0,0.0,0.0
2025-02-13 19:05:00+00:00,2025-02-13,2025-02-13:1,True,0,15,True,-0.30978260869565216,0.30978260869565216,0.32943015526692027,True,0,0,0,True,-0.4910854806762975,115.0,365.0,1.0,0.0,0.0,0.0,0.0
2025-02-13 19:10:00+00:00,2025-02-13,2025-02-13:1,True,0,20,True,0.0036900369003690036,0.0036900369003690036,-1.39365555956693,True,0,0,0,True,-1.2043082724958427,110.0,370.0,1.0,0.0,0.0,0.0,0.0
2025-02-13 19:15:00+00:00,2025-02-13,2025-02-13:1,True,0,25,True,-0.0990990990990991,0.0990990990990991,0.0,True,0,0,0,True,-0.16550767952828463,105.0,375.0,1.0,0.0,0.0,0.0,0.0
2025-02-13 19:20:00+00:00,2025-02-13,2025-02-13:1,True,0,30,True,0.14006514657980457,0.03173922946097592,1.4845542088767316,True,0,0,0,True,0.510702173435214,100.0,380.0,1.0,0.0,0.0,0.0,0.0
2025-02-13 19:25:00+00:00,2025-02-13,2025-02-13:1,True,0,35,True,-0.009230769230769232,0.008147291890957862,-0.12485679660412592,True,0,0,0,True,0.558376569319381,95.0,385.0,1.0,0.0,0.0,0.0,0.0
2025-02-13 19:30:00+00:00,2025-02-13,2025-02-13:1,True,0,40,True,-0.09933774834437085,0.03523194443945996,-1.0365724597212016,True,0,0,0,True,-0.7102291908115101,90.0,390.0,1.0,0.0,0.0,0.0,0.0
2025-02-13 19:35:00+00:00,2025-02-13,2025-02-13:1,True,0,45,True,0.34210526315789475,0.06028302396411051,1.736067938920108,True,0,0,0,True,0.3529059931819426,85.0,395.0,1.0,0.0,0.0,0.0,0.0
2025-02-13 19:40:00+00:00,2025-02-13,2025-02-13:1,True,2,5,True,0.1786833855799373,0.1786833855799373,-0.15931096256529037,True,0,0,0,True,0.48956729164087676,80.0,400.0,0.0,0.0,1.0,0.0,0.0
2025-02-13 19:45:00+00:00,2025-02-13,2025-02-13:1,True,1,5,True,0.10638297872340426,0.07818680967470398,0.3079446306185344,True,0,0,0,True,1.1460895692152506,75.0,405.0,0.0,1.0,0.0,0.0,0.0
2025-02-13 19:50:00+00:00,2025-02-13,2025-02-13:1,True,0,5,True,-0.005813953488372093,0.002317593135793486,-0.9197315964736744,True,0,0,0,True,0.0,70.0,410.0,1.0,0.0,0.0,0.0,0.0
2025-02-13 19:55:00+00:00,2025-02-13,2025-02-13:1,True,0,10,True,-0.012422360248447204,0.012422360248447204,0.7655162293110231,True,0,0,0,True,-0.45244380613283325,65.0,415.0,1.0,0.0,0.0,0.0,0.0
2025-02-13 20:00:00+00:00,2025-02-13,2025-02-13:1,True,1,5,True,-0.028169014084507043,0.028169014084507043,0.5909757616476792,True,0,0,0,True,0.09322804620606544,60.0,420.0,0.0,1.0,0.0,0.0,0.0
2025-02-13 20:05:00+00:00,2025-02-13,2025-02-13:1,True,0,5,True,-0.17177914110429449,0.17177914110429449,0.2846374049490934,True,0,0,0,True,0.22427980535788308,55.0,425.0,1.0,0.0,0.0,0.0,0.0
2025-02-13 20:10:00+00:00,2025-02-13,2025-02-13:1,True,0,10,True,-0.1048158640226629,0.022404131690623538,-1.5429597423667027,True,0,0,0,True,0.0,50.0,430.0,1.0,0.0,0.0,0.0,0.0
2025-02-13 20:15:00+00:00,2025-02-13,2025-02-13:1,True,0,15,True,0.04180064308681672,0.04180064308681672,-0.8458562023322577,True,0,0,0,True,-0.2409865979834452,45.0,435.0,1.0,0.0,0.0,0.0,0.0
2025-02-13 20:20:00+00:00,2025-02-13,2025-02-13:1,True,0,20,True,0.07161803713527852,0.03953016234133986,0.5942829734500356,True,0,0,0,True,0.6644285632524911,40.0,440.0,1.0,0.0,0.0,0.0,0.0
2025-02-13 20:25:00+00:00,2025-02-13,2025-02-13:1,True,3,5,True,0.030303030303030304,0.030303030303030304,-1.5813280440519775,True,0,0,0,True,-0.6429012729500321,35.0,445.0,0.0,0.0,0.0,1.0,0.0
2025-02-13 20:30:00+00:00,2025-02-13,2025-02-13:1,True,4,5,True,0.15358361774744028,0.06346671076711055,0.8837296311865407,True,1,0,0,True,0.0,30.0,450.0,0.0,0.0,0.0,0.0,1.0
2025-02-13 20:35:00+00:00,2025-02-13,2025-02-13:1,True,4,10,True,-0.08038585209003216,0.08038585209003216,0.30239110388684826,True,1,0,0,True,-0.6761670640821936,25.0,455.0,0.0,0.0,0.0,0.0,1.0
2025-02-13 20:40:00+00:00,2025-02-13,2025-02-13:1,True,0,5,True,-0.20118343195266272,0.20118343195266272,0.5976463373679105,True,1,0,0,True,-0.41479903049710487,20.0,460.0,1.0,0.0,0.0,0.0,0.0
2025-02-13 20:45:00+00:00,2025-02-13,2025-02-13:1,True,0,10,True,0.119533527696793,0.119533527696793,0.0,True,1,0,0,True,0.24545169726992264,15.0,465.0,1.0,0.0,0.0,0.0,0.0
2025-02-13 20:50:00+00:00,2025-02-13,2025-02-13:1,True,0,15,True,0.13793103448275862,0.13793103448275862,-0.31018058051123143,True,1,0,0,True,0.21021605759283005,10.0,470.0,1.0,0.0,0.0,0.0,0.0
2025-02-13 20:55:00+00:00,2025-02-13,2025-02-13:1,True,1,5,True,-0.020080321285140562,0.020080321285140562,0.4559482566733423,True,0,0,0,True,0.2953054747657027,5.0,475.0,0.0,1.0,0.0,0.0,0.0
2025-02-13 21:00:00+00:00,2025-02-13,2025-02-13:1,True,0,5,True,-0.14124293785310735,0.14124293785310735,0.4710678589520999,True,0,0,0,True,-0.7022265030901147,0.0,480.0,1.0,0.0,0.0,0.0,0.0
2025-02-14 13:00:00+00:00,2025-02-14,2025-02-14:1,False,-1,0,False,,,,False,0,0,0,False,,480.0,0.0,,,,,
2025-02-14 13:05:00+00:00,2025-02-14,2025-02-14:1,False,-1,0,True,0.06824925816023739,,,False,0,0,0,False,,475.0,5.0,,,,,
2025-02-14 13:10:00+00:00,2025-02-14,2025-02-14:1,False,-1,0,True,0.08401084010840108,,,False,0,0,0,False,,470.0,10.0,,,,,
2025-02-14 13:15:00+00:00,2025-02-14,2025-02-14:1,False,-1,0,True,0.27635327635327633,,,False,0,0,0,False,,465.0,15.0,,,,,
2025-02-14 13:20:00+00:00,2025-02-14,2025-02-14:1,False,-1,0,True,0.05625,,,False,0,0,0,False,,460.0,20.0,,,,,
2025-02-14 13:25:00+00:00,2025-02-14,2025-02-14:1,False,-1,0,True,-0.13157894736842105,,,False,0,0,0,False,,455.0,25.0,,,,,
2025-02-14 13:30:00+00:00,2025-02-14,2025-02-14:1,False,-1,0,True,-0.046632124352331605,,,False,0,0,0,False,,450.0,30.0,,,,,
2025-02-14 13:35:00+00:00,2025-02-14,2025-02-14:1,False,-1,0,True,0.0670926517571885,,,False,0,0,0,False,,445.0,35.0,,,,,
2025-02-14 13:40:00+00:00,2025-02-14,2025-02-14:1,False,-1,0,True,0.27170868347338933,,,False,0,0,0,False,,440.0,40.0,,,,,
2025-02-14 13:45:00+00:00,2025-02-14,2025-02-14:1,False,-1,0,True,0.2926829268292683,,,False,0,0,0,False,,435.0,45.0,,,,,
2025-02-14 13:50:00+00:00,2025-02-14,2025-02-14:1,False,-1,0,True,-0.13573407202216067,,,False,0,0,0,False,,430.0,50.0,,,,,
2025-02-14 13:55:00+00:00,2025-02-14,2025-02-14:1,False,-1,0,True,-0.13564668769716087,,,False,0,0,0,False,,425.0,55.0,,,,,
2025-02-14 14:00:00+00:00,2025-02-14,2025-02-14:1,False,-1,0,True,-0.003436426116838488,,,False,0,0,0,False,,420.0,60.0,,,,,
2025-02-14 14:05:00+00:00,2025-02-14,2025-02-14:1,True,4,5,True,-0.1168091168091168,0.1168091168091168,0.40246324599722294,True,1,0,0,False,,415.0,65.0,0.0,0.0,0.0,0.0,1.0
2025-02-14 14:10:00+00:00,2025-02-14,2025-02-14:1,True,0,5,True,-0.08125,0.08125,0.0,True,1,0,0,False,,410.0,70.0,1.0,0.0,0.0,0.0,0.0
2025-02-14 14:15:00+00:00,2025-02-14,2025-02-14:1,True,0,10,True,0.09034267912772585,0.09034267912772585,-0.3995037498791293,True,1,0,0,False,,405.0,75.0,1.0,0.0,0.0,0.0,0.0
2025-02-14 14:20:00+00:00,2025-02-14,2025-02-14:1,True,0,15,True,0.06451612903225806,0.06451612903225806,-0.8064037614044929,True,0,1,1,False,,400.0,80.0,1.0,0.0,0.0,0.0,0.0
2025-02-14 14:25:00+00:00,2025-02-14,2025-02-14:1,True,3,5,True,-0.08823529411764706,0.01788192083216146,-1.5962168499670046,True,0,0,1,False,,395.0,85.0,0.0,0.0,0.0,1.0,0.0
2025-02-14 14:30:00+00:00,2025-02-14,2025-02-14:1,True,4,5,True,-0.039755351681957186,0.039755351681957186,0.39377548516876243,True,1,0,1,False,,390.0,90.0,0.0,0.0,0.0,0.0,1.0
2025-02-14 14:35:00+00:00,2025-02-14,2025-02-14:1,True,4,10,True,0.0,0.0,0.0,True,1,0,1,False,,385.0,95.0,0.0,0.0,0.0,0.0,1.0
2025-02-14 14:40:00+00:00,2025-02-14,2025-02-14:1,True,4,15,True,-0.06802721088435375,0.055422190159899354,-0.20492772723818806,True,1,0,1,False,,380.0,100.0,0.0,0.0,0.0,0.0,1.0
2025-02-14 14:45:00+00:00,2025-02-14,2025-02-14:1,True,4,20,True,-0.19662921348314608,0.19662921348314608,0.21949117185803418,True,1,0,1,False,,375.0,105.0,0.0,0.0,0.0,0.0,1.0
2025-02-14 14:50:00+00:00,2025-02-14,2025-02-14:1,True,0,5,True,0.052941176470588235,0.03361989595491639,0.4540633860301774,True,1,0,1,False,,370.0,110.0,1.0,0.0,0.0,0.0,0.0
2025-02-14 14:55:00+00:00,2025-02-14,2025-02-14:1,True,1,5,True,0.09342560553633218,0.012667580843011263,1.9981194166033396,True,0,0,1,False,,365.0,115.0,0.0,1.0,0.0,0.0,0.0
2025-02-14 15:00:00+00:00,2025-02-14,2025-02-14:1,True,0,5,True,0.010238907849829351,0.010238907849829351,-0.3986621096065808,True,0,0,1,False,,360.0,120.0,1.0,0.0,0.0,0.0,0.0
2025-02-14 15:05:00+00:00,2025-02-14,2025-02-14:1,True,0,10,True,0.08947368421052632,0.08947368421052632,0.0,True,0,0,1,True,1.59260302598371,355.0,125.0,1.0,0.0,0.0,0.0,0.0
2025-02-14 15:10:00+00:00,2025-02-14,2025-02-14:1,True,1,5,True,-0.314878892733564,0.314878892733564,2.333033719800466,True,0,0,1,True,-0.5482560051800266,350.0,130.0,0.0,1.0,0.0,0.0,0.0
2025-02-14 15:15:00+00:00,2025-02-14,2025-02-14:1,True,1,10,True,-0.08196721311475409,0.08196721311475409,0.5724277103319589,True,0,0,1,True,0.2688665368473364,345.0,135.0,0.0,1.0,0.0,0.0,0.0
2025-02-14 15:20:00+00:00,2025-02-14,2025-02-14:1,True,2,5,True,0.08759124087591241,0.08759124087591241,-0.14310692758277502,True,0,0,1,True,0.31999681812804365,340.0,140.0,0.0,0.0,1.0,0.0,0.0
2025-02-14 15:25:00+00:00,2025-02-14,2025-02-14:1,True,2,10,True,0.13479623824451412,0.13479623824451412,-0.2846822018396087,True,0,0,1,True,0.0,335.0,145.0,0.0,0.0,1.0,0.0,0.0
2025-02-14 15:30:00+00:00,2025-02-14,2025-02-14:1,True,2,15,True,0.09090909090909091,0.09090909090909091,0.0,True,0,0,1,True,-0.9550963065128325,330.0,150.0,0.0,0.0,1.0,0.0,0.0
2025-02-14 15:35:00+00:00,2025-02-14,2025-02-14:1,True,1,5,True,-0.01090909090909091,0.01090909090909091,0.4268584253541513,True,0,0,1,True,0.0,325.0,155.0,0.0,1.0,0.0,0.0,0.0
2025-02-14 15:40:00+00:00,2025-02-14,2025-02-14:1,True,0,5,True,0.17302052785923755,0.17302052785923755,0.0,True,0,0,1,True,0.0,320.0,160.0,1.0,0.0,0.0,0.0,0.0
2025-02-14 15:45:00+00:00,2025-02-14,2025-02-14:1,True,3,5,True,0.058419243986254296,0.058419243986254296,-2.104313463884314,True,0,0,1,True,-0.2144612097636613,315.0,165.0,0.0,0.0,0.0,1.0,0.0
2025-02-14 15:50:00+00:00,2025-02-14,2025-02-14:1,True,4,5,True,0.2476489028213166,0.2476489028213166,0.0,True,0,0,1,True,-0.5748455132672174,310.0,170.0,0.0,0.0,0.0,0.0,1.0
2025-02-14 15:55:00+00:00,2025-02-14,2025-02-14:1,True,0,5,True,-0.21107266435986158,0.21107266435986158,0.9973293280590828,True,0,0,1,True,0.0,305.0,175.0,1.0,0.0,0.0,0.0,0.0
2025-02-14 16:00:00+00:00,2025-02-14,2025-02-14:1,True,0,10,True,-0.08960573476702509,0.032391214863928236,-1.0175320821725133,True,0,0,1,True,-0.31660151351064736,300.0,180.0,1.0,0.0,0.0,0.0,0.0
2025-02-14 16:05:00+00:00,2025-02-14,2025-02-14:1,True,3,5,True,0.002638522427440633,0.002638522427440633,-0.801218093408989,True,0,0,1,True,-0.5971927072228901,295.0,185.0,0.0,0.0,0.0,1.0,0.0
2025-02-14 16:10:00+00:00,2025-02-14,2025-02-14:1,True,3,10,True,-0.10493827160493827,0.0432585748409864,-0.8861768118600984,True,0,0,1,True,0.9132278235500563,290.0,190.0,0.0,0.0,0.0,1.0,0.0
2025-02-14 16:15:00+00:00,2025-02-14,2025-02-14:1,True,0,5,True,0.03722084367245657,0.03722084367245657,0.0,True,0,0,1,True,0.409648627070685,285.0,195.0,1.0,0.0,0.0,0.0,0.0
2025-02-14 16:20:00+00:00,2025-02-14,2025-02-14:1,True,0,10,True,0.19287833827893175,0.16669066718824352,0.1459198160093247,True,0,0,1,True,-0.6525732557185148,280.0,200.0,1.0,0.0,0.0,0.0,0.0
2025-02-14 16:25:00+00:00,2025-02-14,2025-02-14:1,True,4,5,True,0.012121212121212121,0.0068305713570336645,0.5735486615263231,True,1,0,1,True,1.0306136582577048,275.0,205.0,0.0,0.0,0.0,0.0,1.0
2025-02-14 16:30:00+00:00,2025-02-14,2025-02-14:1,True,3,5,True,-0.13432835820895522,0.013683295462813008,-2.284111457339406,True,0,1,2,True,-0.6008739396242843,270.0,210.0,0.0,0.0,0.0,1.0,0.0
2025-02-14 16:35:00+00:00,2025-02-14,2025-02-14:1,True,0,5,True,0.03426791277258567,0.011628693483285463,1.0807338086467646,True,0,0,2,True,0.1192036165389507,265.0,215.0,1.0,0.0,0.0,0.0,0.0
2025-02-14 16:40:00+00:00,2025-02-14,2025-02-14:1,True,0,10,True,0.16455696202531644,0.16455696202531644,-0.13464819906914727,True,0,0,2,True,0.0,260.0,220.0,1.0,0.0,0.0,0.0,0.0
2025-02-14 16:45:00+00:00,2025-02-14,2025-02-14:1,True,0,15,True,0.046052631578947366,0.046052631578947366,-0.4041516368128837,True,0,0,2,True,0.7259300818384005,255.0,225.0,1.0,0.0,0.0,0.0,0.0
2025-02-14 16:50:00+00:00,2025-02-14,2025-02-14:1,True,0,20,True,-0.06354515050167224,0.03657468453310929,-0.5523943630943882,True,0,0,2,True,0.0,250.0,230.0,1.0,0.0,0.0,0.0,0.0
2025-02-14 16:55:00+00:00,2025-02-14,2025-02-14:1,True,0,25,True,0.02857142857142857,0.013905371291192084,0.7201320281717671,True,0,0,2,True,0.5415686506870251,245.0,235.0,1.0,0.0,0.0,0.0,0.0
2025-02-14 17:00:00+00:00,2025-02-14,2025-02-14:1,True,0,30,True,0.2891246684350133,0.14574786439908172,0.6849798011334531,True,0,0,2,True,-0.45716284742541774,240.0,240.0,1.0,0.0,0.0,0.0,0.0
2025-02-14 17:05:00+00:00,2025-02-14,2025-02-14:1,True,0,35,True,0.13432835820895522,0.06854288594917884,0.6728276153098949,True,0,0,2,True,1.2035906279779447,235.0,245.0,1.0,0.0,0.0,0.0,0.0
2025-02-14 17:10:00+00:00,2025-02-14,2025-02-14:1,True,0,40,True,0.36156351791530944,0.36156351791530944,-0.2755300197166243,True,0,0,2,True,0.3080519269645524,230.0,250.0,1.0,0.0,0.0,0.0,0.0
2025-02-14 17:15:00+00:00,2025-02-14,2025-02-14:1,True,0,45,True,-0.027972027972027972,0.027972027972027972,0.28047578623963304,True,0,0,2,True,0.4221216334931917,225.0,255.0,1.0,0.0,0.0,0.0,0.0
2025-02-14 17:20:00+00:00,2025-02-14,2025-02-14:1,True,1,5,True,-0.15476190476190477,0.15476190476190477,0.9745045887841635,True,0,0,2,True,0.2424992421480037,220.0,260.0,0.0,1.0,0.0,0.0,0.0
2025-02-14 17:25:00+00:00,2025-02-14,2025-02-14:1,True,1,10,True,-0.1167192429022082,0.1167192429022082,0.5787569766953884,True,0,0,2,True,1.170206476539983,215.0,265.0,0.0,1.0,0.0,0.0,0.0
2025-02-14 17:30:00+00:00,2025-02-14,2025-02-14:1,True,2,5,True,0.019230769230769232,0.019230769230769232,0.0,True,0,0,2,True,0.0,210.0,270.0,0.0,0.0,1.0,0.0,0.0
2025-02-14 17:35:00+00:00,2025-02-14,2025-02-14:1,True,0,5,True,0.09146341463414634,0.09146341463414634,0.0,True,0,0,2,True,0.0,205.0,275.0,1.0,0.0,0.0,0.0,0.0
2025-02-14 17:40:00+00:00,2025-02-14,2025-02-14:1,True,2,5,True,-0.13230769230769232,0.11326446339661214,-0.15540474402595067,True,0,0,2,True,-0.5573914394638962,200.0,280.0,0.0,0.0,1.0,0.0,0.0
2025-02-14 17:45:00+00:00,2025-02-14,2025-02-14:1,True,0,5,True,-0.00625,0.0031184661559915516,-0.695240199479389,True,0,0,2,True,0.0,195.0,285.0,1.0,0.0,0.0,0.0,0.0
2025-02-14 17:50:00+00:00,2025-02-14,2025-02-14:1,True,0,10,True,-0.030303030303030304,0.030303030303030304,0.0,True,0,0,2,True,-0.7963015129905819,190.0,290.0,1.0,0.0,0.0,0.0,0.0
2025-02-14 17:55:00+00:00,2025-02-14,2025-02-14:1,True,0,15,True,0.11746031746031746,0.11746031746031746,-0.3675792483485731,True,0,0,2,True,0.6494576744022359,185.0,295.0,1.0,0.0,0.0,0.0,0.0
2025-02-14 18:00:00+00:00,2025-02-14,2025-02-14:1,True,0,20,True,-0.45893719806763283,0.45893719806763283,0.0,True,0,0,2,True,-0.7555076486815815,180.0,300.0,1.0,0.0,0.0,0.0,0.0
2025-02-14 18:05:00+00:00,2025-02-14,2025-02-14:1,True,3,5,True,0.1702127659574468,0.1702127659574468,-1.0946661383134555,True,0,0,2,True,-1.9581983183466327,175.0,305.0,0.0,0.0,0.0,1.0,0.0
2025-02-14 18:10:00+00:00,2025-02-14,2025-02-14:1,True,3,10,True,-0.0778816199376947,0.023872536264895747,-1.1824612927716733,True,0,0,2,True,-0.23772066746164133,170.0,310.0,0.0,0.0,0.0,1.0,0.0
2025-02-14 18:15:00+00:00,2025-02-14,2025-02-14:1,True,4,5,True,-0.2727272727272727,0.2727272727272727,0.9600260349579491,True,1,0,2,True,1.3165417776832815,165.0,315.0,0.0,0.0,0.0,0.0,1.0
2025-02-14 18:20:00+00:00,2025-02-14,2025-02-14:1,True,3,5,True,0.028169014084507043,0.028169014084507043,-1.4122755620232375,True,0,1,3,True,0.0,160.0,320.0,0.0,0.0,0.0,1.0,0.0
2025-02-14 18:25:00+00:00,2025-02-14,2025-02-14:1,True,3,10,True,0.04815864022662889,0.04815864022662889,-0.9513957196783942,True,0,0,3,True,0.4293548258789948,155.0,325.0,0.0,0.0,0.0,1.0,0.0
2025-02-14 18:30:00+00:00,2025-02-14,2025-02-14:1,True,4,5,True,0.3149171270718232,0.3149171270718232,0.0,True,0,0,3,True,0.0,150.0,330.0,0.0,0.0,0.0,0.0,1.0
2025-02-14 18:35:00+00:00,2025-02-14,2025-02-14:1,True,0,5,True,-0.15087719298245614,0.15087719298245614,1.0328441874497045,True,0,0,3,True,0.0,145.0,335.0,1.0,0.0,0.0,0.0,0.0
2025-02-14 18:40:00+00:00,2025-02-14,2025-02-14:1,True,0,10,True,-0.05138339920948617,0.05138339920948617,0.0,True,0,0,3,True,1.1224021012421679,140.0,340.0,1.0,0.0,0.0,0.0,0.0
2025-02-14 18:45:00+00:00,2025-02-14,2025-02-14:1,True,3,5,True,-0.11400651465798045,0.04455976601305748,-0.9394242483325795,True,0,0,3,True,2.83490486839439,135.0,345.0,0.0,0.0,0.0,1.0,0.0
2025-02-14 18:50:00+00:00,2025-02-14,2025-02-14:1,True,0,5,True,0.1519434628975265,0.1519434628975265,-0.20000564995670395,True,0,0,3,True,-1.5115870156016815,130.0,350.0,1.0,0.0,0.0,0.0,0.0
2025-02-14 18:55:00+00:00,2025-02-14,2025-02-14:1,True,0,10,True,-0.20141342756183744,0.13703104902778993,-0.3851521137838684,True,0,0,3,True,-0.8612263080984633,125.0,355.0,1.0,0.0,0.0,0.0,0.0
2025-02-14 19:00:00+00:00,2025-02-14,2025-02-14:1,True,0,15,True,0.11038961038961038,0.11038961038961038,-0.955698604417791,True,0,0,3,True,-1.6425589575551636,120.0,360.0,1.0,0.0,0.0,0.0,0.0
2025-02-14 19:05:00+00:00,2025-02-14,2025-02-14:1,True,3,5,True,0.0755813953488372,0.0755813953488372,-0.5516848130745837,True,0,0,3,True,0.822403162791131,115.0,365.0,0.0,0.0,0.0,1.0,0.0
2025-02-14 19:10:00+00:00,2025-02-14,2025-02-14:1,True,3,10,True,0.03614457831325301,0.03614457831325301,-0.320680492183791,True,0,0,3,True,-0.33241953921813583,110.0,370.0,0.0,0.0,0.0,1.0,0.0
2025-02-14 19:15:00+00:00,2025-02-14,2025-02-14:1,True,3,15,True,0.33134328358208953,0.33134328358208953,-0.7666338460080728,True,0,0,3,True,-1.096315454442773,105.0,375.0,0.0,0.0,0.0,1.0,0.0
2025-02-14 19:20:00+00:00,2025-02-14,2025-02-14:1,True,4,5,True,-0.08539944903581267,0.08539944903581267,0.0,True,0,0,3,True,-0.22012532322031086,100.0,380.0,0.0,0.0,0.0,0.0,1.0
2025-02-14 19:25:00+00:00,2025-02-14,2025-02-14:1,True,3,5,True,0.028391167192429023,0.028391167192429023,-0.6038762248825211,True,0,0,3,True,-0.675154144417593,95.0,385.0,0.0,0.0,0.0,1.0,0.0
2025-02-14 19:30:00+00:00,2025-02-14,2025-02-14:1,True,0,5,True,0.1903114186851211,0.05598313883124456,1.2236112230036178,True,0,0,3,True,1.7019811701595327,90.0,390.0,1.0,0.0,0.0,0.0,0.0
2025-02-14 19:35:00+00:00,2025-02-14,2025-02-14:1,True,0,10,True,-0.2484076433121019,0.2484076433121019,0.5574322774201216,True,0,0,3,True,0.29180866495401897,85.0,395.0,1.0,0.0,0.0,0.0,0.0
2025-02-14 19:40:00+00:00,2025-02-14,2025-02-14:1,True,0,15,True,-0.06354515050167224,0.02397582338334704,-0.9747047211642613,True,0,0,3,True,-0.7672286363563308,80.0,400.0,1.0,0.0,0.0,0.0,0.0
2025-02-14 19:45:00+00:00,2025-02-14,2025-02-14:1,True,0,20,True,-0.10778443113772455,0.0814845953314528,-0.2797192364181933,True,0,0,3,True,0.0,75.0,405.0,1.0,0.0,0.0,0.0,0.0
2025-02-14 19:50:00+00:00,2025-02-14,2025-02-14:1,True,0,25,True,0.14666666666666667,0.14666666666666667,-0.14882848738881901,True,0,0,3,True,0.7022709098247919,70.0,410.0,1.0,0.0,0.0,0.0,0.0
2025-02-14 19:55:00+00:00,2025-02-14,2025-02-14:1,True,0,30,True,-0.029411764705882353,0.02188969842872292,-0.29537861959476835,True,0,0,3,True,-0.17062604388272698,65.0,415.0,1.0,0.0,0.0,0.0,0.0
2025-02-14 20:00:00+00:00,2025-02-14,2025-02-14:1,True,0,35,True,0.006172839506172839,0.002598799180259336,0.8651094591560179,True,0,0,3,True,-0.3224072597748502,60.0,420.0,1.0,0.0,0.0,0.0,0.0
2025-02-14 20:05:00+00:00,2025-02-14,2025-02-14:1,True,0,40,True,0.0472972972972973,0.0472972972972973,-0.579511437565723,True,0,0,3,True,-0.5132753859210135,55.0,425.0,1.0,0.0,0.0,0.0,0.0
2025-02-14 20:10:00+00:00,2025-02-14,2025-02-14:1,True,0,45,True,-0.14666666666666667,0.14666666666666667,0.4876531151735171,True,0,0,3,True,-0.36347517165583954,50.0,430.0,1.0,0.0,0.0,0.0,0.0
2025-02-14 20:15:00+00:00,2025-02-14,2025-02-14:1,True,0,50,True,0.028871391076115485,0.010440429656383081,1.017165440220185,True,0,0,3,True,0.0,45.0,435.0,1.0,0.0,0.0,0.0,0.0
2025-02-14 20:20:00+00:00,2025-02-14,2025-02-14:1,True,0,55,True,-0.17681159420289855,0.17681159420289855,0.0,True,0,0,3,True,-1.5768642060600055,40.0,440.0,1.0,0.0,0.0,0.0,0.0
2025-02-14 20:25:00+00:00,2025-02-14,2025-02-14:1,True,0,60,True,-0.12,0.07263731054577736,-0.5020130335993,True,0,0,3,True,0.0,35.0,445.0,1.0,0.0,0.0,0.0,0.0
2025-02-14 20:30:00+00:00,2025-02-14,2025-02-14:1,True,0,65,True,-0.2090032154340836,0.2090032154340836,0.0,True,0,0,3,True,0.7452390463967425,30.0,450.0,1.0,0.0,0.0,0.0,0.0
2025-02-14 20:35:00+00:00,2025-02-14,2025-02-14:1,True,1,5,True,-0.24600638977635783,0.24600638977635783,1.1345804190415132,True,0,0,3,True,0.6868154170138838,25.0,455.0,0.0,1.0,0.0,0.0,0.0
2025-02-14 20:40:00+00:00,2025-02-14,2025-02-14:1,True,1,10,True,-0.13993174061433447,0.13993174061433447,0.3681064959277987,True,0,0,3,True,0.0,20.0,460.0,0.0,1.0,0.0,0.0,0.0
2025-02-14 20:45:00+00:00,2025-02-14,2025-02-14:1,True,0,5,True,0.38461538461538464,0.38461538461538464,0.0,True,0,0,3,True,0.0,15.0,465.0,1.0,0.0,0.0,0.0,0.0
2025-02-14 20:50:00+00:00,2025-02-14,2025-02-14:1,True,0,10,True,0.02280130293159609,0.02280130293159609,-0.796966494236641,True,0,0,3,True,-0.7367249237019621,10.0,470.0,1.0,0.0,0.0,0.0,0.0
2025-02-14 20:55:00+00:00,2025-02-14,2025-02-14:1,True,1,5,True,-0.013422818791946308,0.013422818791946308,1.1806801802491043,True,0,0,3,True,1.6333994976939834,5.0,475.0,0.0,1.0,0.0,0.0,0.0
2025-02-14 21:00:00+00:00,2025-02-14,2025-02-14:1,True,0,5,True,-0.11926605504587157,0.052635491462638975,-0.8179661193716097,True,0,0,3,True,0.0,0.0,480.0,1.0,0.0,0.0,0.0,0.0
2025-02-17 13:00:00+00:00,2025-02-17,2025-02-17:1,False,-1,0,False,,,,False,0,0,0,False,,480.0,0.0,,,,,
2025-02-17 13:05:00+00:00,2025-02-17,2025-02-17:1,False,-1,0,True,0.2282958199356913,,,False,0,0,0,False,,475.0,5.0,,,,,
2025-02-17 13:10:00+00:00,2025-02-17,2025-02-17:1,False,-1,0,True,-0.013422818791946308,,,False,0,0,0,False,,470.0,10.0,,,,,
2025-02-17 13:15:00+00:00,2025-02-17,2025-02-17:1,False,-1,0,True,-0.20930232558139536,,,False,0,0,0,False,,465.0,15.0,,,,,
2025-02-17 13:20:00+00:00,2025-02-17,2025-02-17:1,False,-1,0,True,0.24610591900311526,,,False,0,0,0,False,,460.0,20.0,,,,,
2025-02-17 13:25:00+00:00,2025-02-17,2025-02-17:1,False,-1,0,True,-0.1103202846975089,,,False,0,0,0,False,,455.0,25.0,,,,,
2025-02-17 13:30:00+00:00,2025-02-17,2025-02-17:1,False,-1,0,True,0.17339667458432304,,,False,0,0,0,False,,450.0,30.0,,,,,
2025-02-17 13:35:00+00:00,2025-02-17,2025-02-17:1,False,-1,0,True,0.3103448275862069,,,False,0,0,0,False,,445.0,35.0,,,,,
2025-02-17 13:40:00+00:00,2025-02-17,2025-02-17:1,False,-1,0,True,-0.02666666666666667,,,False,0,0,0,False,,440.0,40.0,,,,,
2025-02-17 13:45:00+00:00,2025-02-17,2025-02-17:1,False,-1,0,True,0.2084592145015106,,,False,0,0,0,False,,435.0,45.0,,,,,
2025-02-17 13:50:00+00:00,2025-02-17,2025-02-17:1,False,-1,0,True,0.1821561338289963,,,False,0,0,0,False,,430.0,50.0,,,,,
2025-02-17 13:55:00+00:00,2025-02-17,2025-02-17:1,False,-1,0,True,0.47157190635451507,,,False,0,0,0,False,,425.0,55.0,,,,,
2025-02-17 14:00:00+00:00,2025-02-17,2025-02-17:1,False,-1,0,True,0.11784511784511785,,,False,0,0,0,False,,420.0,60.0,,,,,
2025-02-17 14:05:00+00:00,2025-02-17,2025-02-17:1,True,0,5,True,0.17763157894736842,0.07098960139962544,0.9171782169852694,True,0,0,0,False,,415.0,65.0,1.0,0.0,0.0,0.0,0.0
2025-02-17 14:10:00+00:00,2025-02-17,2025-02-17:1,True,0,10,True,0.047021943573667714,0.047021943573667714,-0.7906252521306453,True,0,0,0,False,,410.0,70.0,1.0,0.0,0.0,0.0,0.0
2025-02-17 14:15:00+00:00,2025-02-17,2025-02-17:1,True,0,15,True,0.08280254777070063,0.03563011262806797,0.8432676904366454,True,0,0,0,False,,405.0,75.0,1.0,0.0,0.0,0.0,0.0
2025-02-17 14:20:00+00:00,2025-02-17,2025-02-17:1,True,0,20,True,0.13804713804713806,0.13804713804713806,-1.27496768621635,True,0,0,0,False,,400.0,80.0,1.0,0.0,0.0,0.0,0.0
2025-02-17 14:25:00+00:00,2025-02-17,2025-02-17:1,True,0,25,True,0.05454545454545454,0.039597749087774796,0.32026210699067237,True,0,0,0,False,,395.0,85.0,1.0,0.0,0.0,0.0,0.0
2025-02-17 14:30:00+00:00,2025-02-17,2025-02-17:1,True,0,30,True,-0.18208955223880596,0.18208955223880596,0.3520031183235346,True,0,0,0,False,,390.0,90.0,1.0,0.0,0.0,0.0,0.0
2025-02-17 14:35:00+00:00,2025-02-17,2025-02-17:1,True,0,35,True,-0.06744868035190615,0.04619835206519834,-0.37842288976070315,True,0,0,0,False,,385.0,95.0,1.0,0.0,0.0,0.0,0.0
2025-02-17 14:40:00+00:00,2025-02-17,2025-02-17:1,True,0,40,True,-0.20540540540540542,0.20540540540540542,0.3916370122870265,True,0,0,0,False,,380.0,100.0,1.0,0.0,0.0,0.0,0.0
2025-02-17 14:45:00+00:00,2025-02-17,2025-02-17:1,True,3,5,True,-0.09904153354632587,0.02950037928157324,-1.2111361726615237,True,0,0,0,False,,375.0,105.0,0.0,0.0,0.0,1.0,0.0
2025-02-17 14:50:00+00:00,2025-02-17,2025-02-17:1,True,0,5,True,-0.24260355029585798,0.24260355029585798,0.39824885503691165,True,0,0,0,False,,370.0,110.0,1.0,0.0,0.0,0.0,0.0
2025-02-17 14:55:00+00:00,2025-02-17,2025-02-17:1,True,0,10,True,-0.2607260726072607,0.11119925867738019,-0.8521466107158511,True,0,0,0,False,,365.0,115.0,1.0,0.0,0.0,0.0,0.0
2025-02-17 15:00:00+00:00,2025-02-17,2025-02-17:1,True,0,15,True,-0.17551020408163265,0.17551020408163265,0.3297813826892704,True,0,0,0,False,,360.0,120.0,1.0,0.0,0.0,0.0,0.0
2025-02-17 15:05:00+00:00,2025-02-17,2025-02-17:1,True,0,20,True,0.19672131147540983,0.19672131147540983,-0.9490855381779894,True,0,0,0,True,0.5420745487911309,355.0,125.0,1.0,0.0,0.0,0.0,0.0
2025-02-17 15:10:00+00:00,2025-02-17,2025-02-17:1,True,0,25,True,-0.0375,0.0375,0.645155601044808,True,0,0,0,True,0.17996014438198435,350.0,130.0,1.0,0.0,0.0,0.0,0.0
2025-02-17 15:15:00+00:00,2025-02-17,2025-02-17:1,True,0,30,True,-0.13253012048192772,0.06926058718813018,-0.6489339270188585,True,0,0,0,True,-0.7255301868610587,345.0,135.0,1.0,0.0,0.0,0.0,0.0
2025-02-17 15:20:00+00:00,2025-02-17,2025-02-17:1,True,0,35,True,-0.009230769230769232,0.006548094850902196,-0.3433682404397176,True,0,0,0,True,0.0,340.0,140.0,1.0,0.0,0.0,0.0,0.0
2025-02-17 15:25:00+00:00,2025-02-17,2025-02-17:1,True,0,40,True,0.028938906752411574,0.02024141949205746,0.35745596917227024,True,0,0,0,True,-0.14916861906282142,335.0,145.0,1.0,0.0,0.0,0.0,0.0
2025-02-17 15:30:00+00:00,2025-02-17,2025-02-17:1,True,1,5,True,0.04477611940298507,0.0010727332952255246,3.731465075408506,True,0,0,0,True,3.934210288944069,330.0,150.0,0.0,1.0,0.0,0.0,0.0
2025-02-17 15:35:00+00:00,2025-02-17,2025-02-17:1,True,2,5,True,0.10780669144981413,0.10780669144981413,-0.28405291660567683,True,0,0,0,True,-0.5558611452049045,325.0,155.0,0.0,0.0,1.0,0.0,0.0
2025-02-17 15:40:00+00:00,2025-02-17,2025-02-17:1,True,0,5,True,-0.02564102564102564,0.01280550028470029,-0.6943188444835,True,0,0,0,True,0.7009144839385565,320.0,160.0,1.0,0.0,0.0,0.0,0.0
2025-02-17 15:45:00+00:00,2025-02-17,2025-02-17:1,True,0,10,True,-0.006060606060606061,0.0027236160339973456,-0.7998493834119427,True,0,0,0,True,0.0,315.0,165.0,1.0,0.0,0.0,0.0,0.0
2025-02-17 15:50:00+00:00,2025-02-17,2025-02-17:1,True,0,15,True,-0.48860759493670886,0.2874615504396793,-0.5304705892932815,True,0,0,0,True,0.05077245141499715,310.0,170.0,1.0,0.0,0.0,0.0,0.0
2025-02-17 15:55:00+00:00,2025-02-17,2025-02-17:1,True,0,20,True,-0.13690476190476192,0.10485888572722059,-0.26667001471019597,True,0,0,0,True,-0.5962922804528671,305.0,175.0,1.0,0.0,0.0,0.0,0.0
2025-02-17 16:00:00+00:00,2025-02-17,2025-02-17:1,True,3,5,True,-0.1746987951807229,0.12928949180028923,-0.3010093080495239,True,0,0,0,True,-0.059058648345195974,300.0,180.0,0.0,0.0,0.0,1.0,0.0
2025-02-17 16:05:00+00:00,2025-02-17,2025-02-17:1,True,3,10,True,-0.233201581027668,0.12503340678136254,-0.6233222783131906,True,0,0,0,True,-1.3055214727105342,295.0,185.0,0.0,0.0,0.0,1.0,0.0
2025-02-17 16:10:00+00:00,2025-02-17,2025-02-17:1,True,3,15,True,0.174496644295302,0.174496644295302,-0.3081924069470914,True,0,0,0,True,0.0,290.0,190.0,0.0,0.0,0.0,1.0,0.0
2025-02-17 16:15:00+00:00,2025-02-17,2025-02-17:1,True,0,5,True,0.12915129151291513,0.07028141110042802,0.6084771782100338,True,0,0,0,True,-0.09172905283939624,285.0,195.0,1.0,0.0,0.0,0.0,0.0
2025-02-17 16:20:00+00:00,2025-02-17,2025-02-17:1,True,0,10,True,0.011049723756906077,0.009450802765619314,0.15630574163576072,True,0,0,0,True,0.0,280.0,200.0,1.0,0.0,0.0,0.0,0.0
2025-02-17 16:25:00+00:00,2025-02-17,2025-02-17:1,True,0,15,True,0.08536585365853659,0.08536585365853659,-0.15534381812702677,True,0,0,0,True,-1.042078011649188,275.0,205.0,1.0,0.0,0.0,0.0,0.0
2025-02-17 16:30:00+00:00,2025-02-17,2025-02-17:1,True,0,20,True,0.2755417956656347,0.2755417956656347,-1.246901182263647,True,0,0,0,True,-0.6970389511910973,270.0,210.0,1.0,0.0,0.0,0.0,0.0
2025-02-17 16:35:00+00:00,2025-02-17,2025-02-17:1,True,3,5,True,-0.12299465240641712,0.03515563021067771,-1.2523560959362539,True,0,0,0,True,-0.15863473803770642,265.0,215.0,0.0,0.0,0.0,1.0,0.0
2025-02-17 16:40:00+00:00,2025-02-17,2025-02-17:1,True,3,10,True,0.31070496083550914,0.31070496083550914,-0.41779924966237914,True,0,0,0,True,-1.07444610284883,260.0,220.0,0.0,0.0,0.0,1.0,0.0
2025-02-17 16:45:00+00:00,2025-02-17,2025-02-17:1,True,0,5,True,0.018404907975460124,0.001966457092842497,2.2363838732395984,True,0,0,0,True,2.0747353723453843,255.0,225.0,1.0,0.0,0.0,0.0,0.0
2025-02-17 16:50:00+00:00,2025-02-17,2025-02-17:1,True,0,10,True,-0.11974110032362459,0.11974110032362459,0.41135879859943025,True,0,0,0,True,0.0,250.0,230.0,1.0,0.0,0.0,0.0,0.0
2025-02-17 16:55:00+00:00,2025-02-17,2025-02-17:1,True,0,15,True,-0.0695970695970696,0.047333429876116696,-0.38550565439627865,True,0,0,0,True,0.0,245.0,235.0,1.0,0.0,0.0,0.0,0.0
2025-02-17 17:00:00+00:00,2025-02-17,2025-02-17:1,True,0,20,True,0.05670103092783505,0.05670103092783505,-0.40652934265835877,True,0,0,0,True,-0.8395562626691533,240.0,240.0,1.0,0.0,0.0,0.0,0.0
2025-02-17 17:05:00+00:00,2025-02-17,2025-02-17:1,True,0,25,True,0.04398826979472141,0.029248222175285516,0.40810421130228325,True,0,0,0,True,0.0,235.0,245.0,1.0,0.0,0.0,0.0,0.0
2025-02-17 17:10:00+00:00,2025-02-17,2025-02-17:1,True,1,5,True,0.2986111111111111,0.24328032222274298,0.20492772723811353,True,0,0,0,True,-0.07099094002520014,230.0,250.0,0.0,1.0,0.0,0.0,0.0
2025-02-17 17:15:00+00:00,2025-02-17,2025-02-17:1,True,0,5,True,0.18394648829431437,0.1496647550736111,0.20624706416801797,True,0,0,0,True,0.0,225.0,255.0,1.0,0.0,0.0,0.0,0.0
2025-02-17 17:20:00+00:00,2025-02-17,2025-02-17:1,True,0,10,True,-0.06976744186046512,0.06976744186046512,0.8292088117083978,True,0,0,0,True,0.12399463195769703,220.0,260.0,1.0,0.0,0.0,0.0,0.0
2025-02-17 17:25:00+00:00,2025-02-17,2025-02-17:1,True,0,15,True,0.06909090909090909,0.04599139056475391,0.40696894314562043,True,0,0,0,True,-0.9100102216074408,215.0,265.0,1.0,0.0,0.0,0.0,0.0
2025-02-17 17:30:00+00:00,2025-02-17,2025-02-17:1,True,1,5,True,0.08441558441558442,0.055779789886220926,0.4143404186678263,True,0,0,0,True,0.05997114099954419,210.0,270.0,0.0,1.0,0.0,0.0,0.0
2025-02-17 17:35:00+00:00,2025-02-17,2025-02-17:1,True,1,10,True,0.07042253521126761,0.024550160726708344,1.05379491324306,True,0,0,0,True,0.0,205.0,275.0,0.0,1.0,0.0,0.0,0.0
2025-02-17 17:40:00+00:00,2025-02-17,2025-02-17:1,True,2,5,True,-0.0949367088607595,0.0949367088607595,0.0,True,0,0,0,True,-1.1693339350033742,200.0,280.0,0.0,0.0,1.0,0.0,0.0
2025-02-17 17:45:00+00:00,2025-02-17,2025-02-17:1,True,0,5,True,-0.1617161716171617,0.03141226260099921,-1.6386444262114273,True,0,0,0,True,-0.270642195467618,195.0,285.0,1.0,0.0,0.0,0.0,0.0
2025-02-17 17:50:00+00:00,2025-02-17,2025-02-17:1,True,0,10,True,-0.07236842105263158,0.029634796515970254,-0.8928208020594828,True,0,0,0,True,-0.2897699379076144,190.0,290.0,1.0,0.0,0.0,0.0,0.0
2025-02-17 17:55:00+00:00,2025-02-17,2025-02-17:1,True,0,15,True,-0.46703296703296704,0.28696552066688275,-0.48703777690225936,True,0,0,0,True,1.8539584570635765,185.0,295.0,1.0,0.0,0.0,0.0,0.0
2025-02-17 18:00:00+00:00,2025-02-17,2025-02-17:1,True,3,5,True,-0.1340782122905028,0.01863553790029856,-1.9733529059197668,True,0,0,0,True,-2.522815835460591,180.0,300.0,0.0,0.0,0.0,1.0,0.0
2025-02-17 18:05:00+00:00,2025-02-17,2025-02-17:1,True,4,5,True,0.34196891191709844,0.025874402768806853,2.5814656621832923,True,1,0,0,True,1.924110900742028,175.0,305.0,0.0,0.0,0.0,0.0,1.0
2025-02-17 18:10:00+00:00,2025-02-17,2025-02-17:1,True,3,5,True,0.04516129032258064,0.04516129032258064,-0.6041269376376432,True,1,0,0,True,0.0,170.0,310.0,0.0,0.0,0.0,1.0,0.0
2025-02-17 18:15:00+00:00,2025-02-17,2025-02-17:1,True,0,5,True,0.10674157303370786,0.03219784285476639,1.1985112496382002,True,1,0,0,True,0.8933175419955656,165.0,315.0,1.0,0.0,0.0,0.0,0.0
2025-02-17 18:20:00+00:00,2025-02-17,2025-02-17:1,True,0,10,True,-0.10476190476190476,0.04848061164821506,-0.7705262434354265,True,0,1,1,True,0.8614745293870308,160.0,320.0,1.0,0.0,0.0,0.0,0.0
2025-02-17 18:25:00+00:00,2025-02-17,2025-02-17:1,True,0,15,True,0.10429447852760736,0.07094857369994582,0.38526312171772703,True,0,0,1,True,-1.7229490587716747,155.0,325.0,1.0,0.0,0.0,0.0,0.0
2025-02-17 18:30:00+00:00,2025-02-17,2025-02-17:1,True,1,5,True,-0.008356545961002786,0.008356545961002786,1.1144977627423425,True,0,0,1,True,1.6613951721763274,150.0,330.0,0.0,1.0,0.0,0.0,0.0
2025-02-17 18:35:00+00:00,2025-02-17,2025-02-17:1,True,0,5,True,-0.043478260869565216,0.03014124862029931,-0.3663664433637119,True,0,0,1,True,1.6384405440745013,145.0,335.0,1.0,0.0,0.0,0.0,0.0
2025-02-17 18:40:00+00:00,2025-02-17,2025-02-17:1,True,1,5,True,-0.07540983606557378,0.07540983606557378,0.8874354697738405,True,0,0,1,True,0.3968732072117534,140.0,340.0,0.0,1.0,0.0,0.0,0.0
2025-02-17 18:45:00+00:00,2025-02-17,2025-02-17:1,True,0,5,True,0.010452961672473868,0.010452961672473868,-0.31509492663166483,True,0,0,1,True,-1.8718548921554192,135.0,345.0,1.0,0.0,0.0,0.0,0.0
2025-02-17 18:50:00+00:00,2025-02-17,2025-02-17:1,True,0,10,True,-0.006944444444444444,0.005969311376425217,-0.1513104059871002,True,0,0,1,True,0.33834035349024716,130.0,350.0,1.0,0.0,0.0,0.0,0.0
2025-02-17 18:55:00+00:00,2025-02-17,2025-02-17:1,True,0,15,True,-0.15172413793103448,0.06291387638440464,-0.8802972402994385,True,0,0,1,True,0.45269608458310867,125.0,355.0,1.0,0.0,0.0,0.0,0.0
2025-02-17 19:00:00+00:00,2025-02-17,2025-02-17:1,True,0,20,True,-0.3972602739726027,0.3972602739726027,0.0,True,0,0,1,True,1.7456375164721767,120.0,360.0,1.0,0.0,0.0,0.0,0.0
2025-02-17 19:05:00+00:00,2025-02-17,2025-02-17:1,True,0,25,True,0.3929712460063898,0.3929712460063898,-0.307066759851349,True,0,0,1,True,-0.6866221486582197,115.0,365.0,1.0,0.0,0.0,0.0,0.0
2025-02-17 19:10:00+00:00,2025-02-17,2025-02-17:1,True,0,30,True,-0.13972602739726028,0.13972602739726028,0.0,True,0,0,1,True,-0.45001264640968486,110.0,370.0,1.0,0.0,0.0,0.0,0.0
2025-02-17 19:15:00+00:00,2025-02-17,2025-02-17:1,True,0,35,True,-0.09570957095709572,0.09570957095709572,0.6392636456557365,True,0,0,1,True,0.2546560228262586,105.0,375.0,1.0,0.0,0.0,0.0,0.0
2025-02-17 19:20:00+00:00,2025-02-17,2025-02-17:1,True,0,40,True,0.058823529411764705,0.024003498743413426,0.8963423342274297,True,0,0,1,True,-0.6680941301490557,100.0,380.0,1.0,0.0,0.0,0.0,0.0
2025-02-17 19:25:00+00:00,2025-02-17,2025-02-17:1,True,0,45,True,0.2347266881028939,0.2347266881028939,0.0,True,0,0,1,True,0.20023520190021754,95.0,385.0,1.0,0.0,0.0,0.0,0.0
2025-02-17 19:30:00+00:00,2025-02-17,2025-02-17:1,True,1,5,True,-0.12852664576802508,0.12852664576802508,1.3871450004168282,True,0,0,1,True,0.34463894617523155,90.0,390.0,0.0,1.0,0.0,0.0,0.0
2025-02-17 19:35:00+00:00,2025-02-17,2025-02-17:1,True,0,5,True,-0.21978021978021978,0.053880766263351865,-1.4058544729124685,True,0,0,1,True,-1.397149407957739,85.0,395.0,1.0,0.0,0.0,0.0,0.0
2025-02-17 19:40:00+00:00,2025-02-17,2025-02-17:1,True,1,5,True,0.1111111111111111,0.037883834828468944,1.076006202220061,True,0,0,1,True,0.3437175731962125,80.0,400.0,0.0,1.0,0.0,0.0,0.0
2025-02-17 19:45:00+00:00,2025-02-17,2025-02-17:1,True,1,10,True,-0.046511627906976744,0.046511627906976744,1.0568419876468889,True,0,0,1,True,0.20874555877217094,75.0,405.0,0.0,1.0,0.0,0.0,0.0
2025-02-17 19:50:00+00:00,2025-02-17,2025-02-17:1,True,2,5,True,-0.0749185667752443,0.052149142267067294,-0.3622940134321793,True,0,0,1,True,0.20937956604347555,70.0,410.0,0.0,0.0,1.0,0.0,0.0
2025-02-17 19:55:00+00:00,2025-02-17,2025-02-17:1,True,0,5,True,-0.07210031347962383,0.02323409273009873,-1.132437677905191,True,0,0,1,True,-0.84406920935854,65.0,415.0,1.0,0.0,0.0,0.0,0.0
2025-02-17 20:00:00+00:00,2025-02-17,2025-02-17:1,True,0,10,True,0.15483870967741936,0.15483870967741936,-0.5543389456514971,True,0,0,1,True,-0.4218097392127551,60.0,420.0,1.0,0.0,0.0,0.0,0.0
2025-02-17 20:05:00+00:00,2025-02-17,2025-02-17:1,True,0,15,True,0.15862068965517243,0.06158747537848576,0.9460572244017418,True,0,0,1,True,0.7125632437827881,55.0,425.0,1.0,0.0,0.0,0.0,0.0
2025-02-17 20:10:00+00:00,2025-02-17,2025-02-17:1,True,0,20,True,-0.14583333333333334,0.10350909093929998,-0.342804973119099,True,0,0,1,True,-1.7863918072127685,50.0,430.0,1.0,0.0,0.0,0.0,0.0
2025-02-17 20:15:00+00:00,2025-02-17,2025-02-17:1,True,0,25,True,0.08997429305912596,0.07632850859782417,0.1644774901066083,True,0,0,1,True,-0.053890421848993224,45.0,435.0,1.0,0.0,0.0,0.0,0.0
2025-02-17 20:20:00+00:00,2025-02-17,2025-02-17:1,True,0,30,True,-0.3588235294117647,0.3588235294117647,0.5341752940908875,True,0,0,1,True,0.0,40.0,440.0,1.0,0.0,0.0,0.0,0.0
2025-02-17 20:25:00+00:00,2025-02-17,2025-02-17:1,True,0,35,True,-0.11036789297658862,0.04702972170339685,-0.8530394885457233,True,0,0,1,True,0.0,35.0,445.0,1.0,0.0,0.0,0.0,0.0
2025-02-17 20:30:00+00:00,2025-02-17,2025-02-17:1,True,0,40,True,0.34074074074074073,0.1418200458537986,0.8765629258330825,True,0,0,1,True,1.7038585398395147,30.0,450.0,1.0,0.0,0.0,0.0,0.0
2025-02-17 20:35:00+00:00,2025-02-17,2025-02-17:1,True,0,45,True,-0.034482758620689655,0.034482758620689655,1.2185484812268008,True,0,0,1,True,-1.7029732736886662,25.0,455.0,1.0,0.0,0.0,0.0,0.0
2025-02-17 20:40:00+00:00,2025-02-17,2025-02-17:1,True,0,50,True,-0.09202453987730061,0.02292871709575383,-1.3896651326971714,True,0,0,1,True,-1.068465413546666,20.0,460.0,1.0,0.0,0.0,0.0,0.0
2025-02-17 20:45:00+00:00,2025-02-17,2025-02-17:1,True,0,55,True,0.25748502994011974,0.25748502994011974,-0.7053555290112622,True,0,0,1,True,-0.4807364515161231,15.0,465.0,1.0,0.0,0.0,0.0,0.0
2025-02-17 20:50:00+00:00,2025-02-17,2025-02-17:1,True,0,60,True,0.17791411042944785,0.17791411042944785,-0.1390627563099781,True,0,0,1,True,0.4966912622117726,10.0,470.0,1.0,0.0,0.0,0.0,0.0
2025-02-17 20:55:00+00:00,2025-02-17,2025-02-17:1,True,0,65,True,-0.10126582278481013,0.10126582278481013,0.2808074909964316,True,0,0,1,True,-0.3414110338161375,5.0,475.0,1.0,0.0,0.0,0.0,0.0
2025-02-17 21:00:00+00:00,2025-02-17,2025-02-17:1,True,0,70,True,0.005917159763313609,0.005917159763313609,-0.2686470804280068,True,0,0,1,True,0.11613849074526306,0.0,480.0,1.0,0.0,0.0,0.0,0.0
2025-02-18 13:00:00+00:00,2025-02-18,2025-02-18:1,False,-1,0,False,,,,False,0,0,0,False,,480.0,0.0,,,,,
2025-02-18 13:05:00+00:00,2025-02-18,2025-02-18:1,False,-1,0,True,-0.16568047337278108,,,False,0,0,0,False,,475.0,5.0,,,,,
2025-02-18 13:10:00+00:00,2025-02-18,2025-02-18:1,False,-1,0,True,-0.057750759878419454,,,False,0,0,0,False,,470.0,10.0,,,,,
2025-02-18 13:15:00+00:00,2025-02-18,2025-02-18:1,False,-1,0,True,0.2664576802507837,,,False,0,0,0,False,,465.0,15.0,,,,,
2025-02-18 13:20:00+00:00,2025-02-18,2025-02-18:1,False,-1,0,True,-0.006289308176100629,,,False,0,0,0,False,,460.0,20.0,,,,,
2025-02-18 13:25:00+00:00,2025-02-18,2025-02-18:1,False,-1,0,True,-0.09915014164305949,,,False,0,0,0,False,,455.0,25.0,,,,,
2025-02-18 13:30:00+00:00,2025-02-18,2025-02-18:1,False,-1,0,True,0.03133903133903134,,,False,0,0,0,False,,450.0,30.0,,,,,
2025-02-18 13:35:00+00:00,2025-02-18,2025-02-18:1,False,-1,0,True,0.0297029702970297,,,False,0,0,0,False,,445.0,35.0,,,,,
2025-02-18 13:40:00+00:00,2025-02-18,2025-02-18:1,False,-1,0,True,-0.03870967741935484,,,False,0,0,0,False,,440.0,40.0,,,,,
2025-02-18 13:45:00+00:00,2025-02-18,2025-02-18:1,False,-1,0,True,0.16666666666666666,,,False,0,0,0,False,,435.0,45.0,,,,,
2025-02-18 13:50:00+00:00,2025-02-18,2025-02-18:1,False,-1,0,True,-0.10559006211180125,,,False,0,0,0,False,,430.0,50.0,,,,,
2025-02-18 13:55:00+00:00,2025-02-18,2025-02-18:1,False,-1,0,True,-0.18466898954703834,,,False,0,0,0,False,,425.0,55.0,,,,,
2025-02-18 14:00:00+00:00,2025-02-18,2025-02-18:1,False,-1,0,True,-0.2727272727272727,,,False,0,0,0,False,,420.0,60.0,,,,,
2025-02-18 14:05:00+00:00,2025-02-18,2025-02-18:1,True,0,5,True,0.08666666666666667,0.06062950767135268,0.35728764251194356,True,0,0,0,False,,415.0,65.0,1.0,0.0,0.0,0.0,0.0
2025-02-18 14:10:00+00:00,2025-02-18,2025-02-18:1,True,0,10,True,-0.03289473684210526,0.02031008097118497,-0.4821953082212144,True,0,0,0,False,,410.0,70.0,1.0,0.0,0.0,0.0,0.0
2025-02-18 14:15:00+00:00,2025-02-18,2025-02-18:1,True,0,15,True,-0.18059299191374664,0.18059299191374664,0.0,True,0,0,0,False,,405.0,75.0,1.0,0.0,0.0,0.0,0.0
2025-02-18 14:20:00+00:00,2025-02-18,2025-02-18:1,True,0,20,True,-0.07333333333333333,0.0437448626700686,-0.5166410764595927,True,0,0,0,False,,400.0,80.0,1.0,0.0,0.0,0.0,0.0
2025-02-18 14:25:00+00:00,2025-02-18,2025-02-18:1,True,0,25,True,-0.20615384615384616,0.20615384615384616,0.7795766880718283,True,0,0,0,False,,395.0,85.0,1.0,0.0,0.0,0.0,0.0
2025-02-18 14:30:00+00:00,2025-02-18,2025-02-18:1,True,0,30,True,-0.008264462809917356,0.006335597921155988,-0.265780540300417,True,0,0,0,False,,390.0,90.0,1.0,0.0,0.0,0.0,0.0
2025-02-18 14:35:00+00:00,2025-02-18,2025-02-18:1,True,0,35,True,-0.10943396226415095,0.10943396226415095,0.2663658581480477,True,0,0,0,False,,385.0,95.0,1.0,0.0,0.0,0.0,0.0
2025-02-18 14:40:00+00:00,2025-02-18,2025-02-18:1,True,0,40,True,0.15358361774744028,0.15358361774744028,-0.2758741155664024,True,0,0,0,False,,380.0,100.0,1.0,0.0,0.0,0.0,0.0
2025-02-18 14:45:00+00:00,2025-02-18,2025-02-18:1,True,0,45,True,0.029197080291970802,0.029197080291970802,0.0,True,0,0,0,False,,375.0,105.0,1.0,0.0,0.0,0.0,0.0
2025-02-18 14:50:00+00:00,2025-02-18,2025-02-18:1,True,0,50,True,0.3577981651376147,0.3577981651376147,0.0,True,0,0,0,False,,370.0,110.0,1.0,0.0,0.0,0.0,0.0
2025-02-18 14:55:00+00:00,2025-02-18,2025-02-18:1,True,0,55,True,0.21904761904761905,0.14358430587683318,0.42236678466358796,True,0,0,0,False,,365.0,115.0,1.0,0.0,0.0,0.0,0.0
2025-02-18 15:00:00+00:00,2025-02-18,2025-02-18:1,True,0,60,True,0.15151515151515152,0.09240070559577002,0.49455101501341797,True,0,0,0,False,,360.0,120.0,1.0,0.0,0.0,0.0,0.0
2025-02-18 15:05:00+00:00,2025-02-18,2025-02-18:1,True,0,65,True,0.025454545454545455,0.025454545454545455,-1.5551352908487326,True,0,0,0,True,-1.1591294081844206,355.0,125.0,1.0,0.0,0.0,0.0,0.0
2025-02-18 15:10:00+00:00,2025-02-18,2025-02-18:1,True,0,70,True,0.03927492447129909,0.03927492447129909,0.0,True,0,0,0,True,0.0,350.0,130.0,1.0,0.0,0.0,0.0,0.0
2025-02-18 15:15:00+00:00,2025-02-18,2025-02-18:1,True,0,75,True,0.057750759878419454,0.018660778322509314,1.129712602088469,True,0,0,0,True,0.8769702638161304,345.0,135.0,1.0,0.0,0.0,0.0,0.0
2025-02-18 15:20:00+00:00,2025-02-18,2025-02-18:1,True,0,80,True,-0.16129032258064516,0.16129032258064516,0.5746510946620429,True,0,0,0,True,0.0,340.0,140.0,1.0,0.0,0.0,0.0,0.0
2025-02-18 15:25:00+00:00,2025-02-18,2025-02-18:1,True,0,85,True,-0.17684887459807075,0.17684887459807075,1.1493021893259021,True,0,0,0,True,0.0,335.0,145.0,1.0,0.0,0.0,0.0,0.0
2025-02-18 15:30:00+00:00,2025-02-18,2025-02-18:1,True,3,5,True,-0.24653739612188366,0.0015515771062752973,-5.068241788820666,True,0,0,0,True,-12.749549811982652,330.0,150.0,0.0,0.0,0.0,1.0,0.0
2025-02-18 15:35:00+00:00,2025-02-18,2025-02-18:1,True,0,5,True,0.09933774834437085,0.09933774834437085,0.0,True,0,0,0,True,0.0,325.0,155.0,1.0,0.0,0.0,0.0,0.0
2025-02-18 15:40:00+00:00,2025-02-18,2025-02-18:1,True,3,5,True,-0.13380281690140844,0.03639840074300494,-1.3018423625015523,True,0,0,0,True,-0.9690637317381604,320.0,160.0,0.0,0.0,0.0,1.0,0.0
2025-02-18 15:45:00+00:00,2025-02-18,2025-02-18:1,True,3,10,True,-0.06397306397306397,0.04656249141172803,-0.317666807652226,True,0,0,0,True,-0.7103245761057279,315.0,165.0,0.0,0.0,0.0,1.0,0.0
2025-02-18 15:50:00+00:00,2025-02-18,2025-02-18:1,True,4,5,True,-0.020771513353115726,0.020771513353115726,0.314039771130797,True,1,0,0,True,0.4716873081649684,310.0,170.0,0.0,0.0,0.0,0.0,1.0
2025-02-18 15:55:00+00:00,2025-02-18,2025-02-18:1,True,3,5,True,-0.03289473684210526,0.009364173130677547,-1.2564216321462238,True,0,1,1,True,-0.3154489813866428,305.0,175.0,0.0,0.0,0.0,1.0,0.0
2025-02-18 16:00:00+00:00,2025-02-18,2025-02-18:1,True,4,5,True,-0.12418300653594772,0.12418300653594772,0.31230449181090153,True,1,0,1,True,-0.698334073369687,300.0,180.0,0.0,0.0,0.0,0.0,1.0
2025-02-18 16:05:00+00:00,2025-02-18,2025-02-18:1,True,4,10,True,-0.45454545454545453,0.45454545454545453,0.31314683748780037,True,1,0,1,True,0.0,295.0,185.0,0.0,0.0,0.0,0.0,1.0
2025-02-18 16:10:00+00:00,2025-02-18,2025-02-18:1,True,0,5,True,-0.05846153846153846,0.05846153846153846,0.6247380928629253,True,1,0,1,True,0.6984784218875386,290.0,190.0,1.0,0.0,0.0,0.0,0.0
2025-02-18 16:15:00+00:00,2025-02-18,2025-02-18:1,True,0,10,True,-0.1382636655948553,0.1382636655948553,1.513104059873007,True,1,0,1,True,-0.3282419412142384,285.0,195.0,1.0,0.0,0.0,0.0,0.0
2025-02-18 16:20:00+00:00,2025-02-18,2025-02-18:1,True,0,15,True,-0.12941176470588237,0.07066520455407654,-0.6050459997728369,True,1,0,1,True,0.6764619925022315,280.0,200.0,1.0,0.0,0.0,0.0,0.0
2025-02-18 16:25:00+00:00,2025-02-18,2025-02-18:1,True,2,5,True,-0.43973941368078173,0.43973941368078173,0.0,True,0,0,1,True,0.6780414882139849,275.0,205.0,0.0,0.0,1.0,0.0,0.0
2025-02-18 16:30:00+00:00,2025-02-18,2025-02-18:1,True,1,5,True,-0.006369426751592357,0.006369426751592357,0.6004071938035419,True,0,0,1,True,-0.33529983625501075,270.0,210.0,0.0,1.0,0.0,0.0,0.0
2025-02-18 16:35:00+00:00,2025-02-18,2025-02-18:1,True,2,5,True,-0.09375,0.03477852201638197,-0.9916316520434901,True,0,0,1,True,-1.1086778913032556,265.0,215.0,0.0,0.0,1.0,0.0,0.0
2025-02-18 16:40:00+00:00,2025-02-18,2025-02-18:1,True,0,5,True,-0.3115942028985507,0.18978386717732104,-0.49581582602104046,True,0,0,1,True,0.0,260.0,220.0,1.0,0.0,0.0,0.0,0.0
2025-02-18 16:45:00+00:00,2025-02-18,2025-02-18:1,True,0,10,True,0.15987460815047022,0.15987460815047022,0.0,True,0,0,1,True,0.5222825990777743,255.0,225.0,1.0,0.0,0.0,0.0,0.0
2025-02-18 16:50:00+00:00,2025-02-18,2025-02-18:1,True,0,15,True,0.10364145658263306,0.03587340564931629,1.0609411785854095,True,0,0,1,True,1.825439426379429,250.0,230.0,1.0,0.0,0.0,0.0,0.0
2025-02-18 16:55:00+00:00,2025-02-18,2025-02-18:1,True,0,20,True,0.08679245283018867,0.08679245283018867,0.0,True,0,0,1,True,0.0,245.0,235.0,1.0,0.0,0.0,0.0,0.0
2025-02-18 17:00:00+00:00,2025-02-18,2025-02-18:1,True,0,25,True,-0.17562724014336917,0.06128597088662218,-1.0528128384462585,True,0,0,1,True,-1.1770805371751691,240.0,240.0,1.0,0.0,0.0,0.0,0.0
2025-02-18 17:05:00+00:00,2025-02-18,2025-02-18:1,True,0,30,True,0.1554054054054054,0.1554054054054054,0.0,True,0,0,1,True,1.1469507827730914,235.0,245.0,1.0,0.0,0.0,0.0,0.0
2025-02-18 17:10:00+00:00,2025-02-18,2025-02-18:1,True,0,35,True,-0.12094395280235988,0.07285564900770239,-0.5068471656689922,True,0,0,1,True,-0.579214654174091,230.0,250.0,1.0,0.0,0.0,0.0,0.0
2025-02-18 17:15:00+00:00,2025-02-18,2025-02-18:1,True,0,40,True,0.04081632653061224,0.04081632653061224,0.0,True,0,0,1,True,0.0,225.0,255.0,1.0,0.0,0.0,0.0,0.0
2025-02-18 17:20:00+00:00,2025-02-18,2025-02-18:1,True,0,45,True,-0.24855491329479767,0.24855491329479767,0.8809268709665844,True,0,0,1,True,-1.3132082444583124,220.0,260.0,1.0,0.0,0.0,0.0,0.0
2025-02-18 17:25:00+00:00,2025-02-18,2025-02-18:1,True,0,50,True,0.0,0.0,-0.2978807209694411,True,0,0,1,True,-0.6660815412743175,215.0,265.0,1.0,0.0,0.0,0.0,0.0
2025-02-18 17:30:00+00:00,2025-02-18,2025-02-18:1,True,0,55,True,-0.08814589665653495,0.08814589665653495,0.3063485217118262,True,0,0,1,True,-0.6850161193542136,210.0,270.0,1.0,0.0,0.0,0.0,0.0
2025-02-18 17:35:00+00:00,2025-02-18,2025-02-18:1,True,0,60,True,0.14457831325301204,0.14457831325301204,-1.2042684295431672,True,0,0,1,True,0.0,205.0,275.0,1.0,0.0,0.0,0.0,0.0
2025-02-18 17:40:00+00:00,2025-02-18,2025-02-18:1,True,0,65,True,-0.10714285714285714,0.043303439201940214,-0.9059309983242386,True,0,0,1,True,0.0,200.0,280.0,1.0,0.0,0.0,0.0,0.0
2025-02-18 17:45:00+00:00,2025-02-18,2025-02-18:1,True,0,70,True,0.06354515050167224,0.03410962723053338,0.6221710168381409,True,0,0,1,True,-1.3912166872842036,195.0,285.0,1.0,0.0,0.0,0.0,0.0
2025-02-18 17:50:00+00:00,2025-02-18,2025-02-18:1,True,3,5,True,-0.1838006230529595,0.10047386067420173,-0.6039539988827195,True,0,0,1,True,0.0,190.0,290.0,0.0,0.0,0.0,1.0,0.0
2025-02-18 17:55:00+00:00,2025-02-18,2025-02-18:1,True,4,5,True,-0.05846153846153846,0.05846153846153846,0.0,True,0,0,1,True,0.0,185.0,295.0,0.0,0.0,0.0,0.0,1.0
2025-02-18 18:00:00+00:00,2025-02-18,2025-02-18:1,True,3,5,True,0.11507936507936507,0.11507936507936507,-1.2903112020904448,True,0,0,1,True,-2.8852647204712434,180.0,300.0,0.0,0.0,0.0,1.0,0.0
2025-02-18 18:05:00+00:00,2025-02-18,2025-02-18:1,True,0,5,True,0.0783132530120482,0.04390387785760534,0.5787141980209863,True,0,0,1,True,1.2940442863191999,175.0,305.0,1.0,0.0,0.0,0.0,0.0
2025-02-18 18:10:00+00:00,2025-02-18,2025-02-18:1,True,0,10,True,0.2770448548812665,0.08443671952801168,1.1881770515711065,True,0,0,1,True,1.3284223283091339,170.0,310.0,1.0,0.0,0.0,0.0,0.0
2025-02-18 18:15:00+00:00,2025-02-18,2025-02-18:1,True,0,15,True,-0.2415902140672783,0.2415902140672783,0.0,True,0,0,1,True,0.0,165.0,315.0,1.0,0.0,0.0,0.0,0.0
2025-02-18 18:20:00+00:00,2025-02-18,2025-02-18:1,True,1,5,True,-0.13432835820895522,0.13432835820895522,2.166808138020418,True,0,0,1,True,-1.2112825727059324,160.0,320.0,0.0,1.0,0.0,0.0,0.0
2025-02-18 18:25:00+00:00,2025-02-18,2025-02-18:1,True,1,10,True,-0.12131147540983607,0.12131147540983607,2.070372924144749,True,0,0,1,True,2.3147472985813375,155.0,325.0,0.0,1.0,0.0,0.0,0.0
2025-02-18 18:30:00+00:00,2025-02-18,2025-02-18:1,True,2,5,True,0.2052980132450331,0.13204353249889886,0.441330986776979,True,0,0,1,True,1.6707794830862748,150.0,330.0,0.0,0.0,1.0,0.0,0.0
2025-02-18 18:35:00+00:00,2025-02-18,2025-02-18:1,True,2,10,True,0.05637982195845697,0.05637982195845697,-1.6989109718722997,True,0,0,1,True,0.0,145.0,335.0,0.0,0.0,1.0,0.0,0.0
2025-02-18 18:40:00+00:00,2025-02-18,2025-02-18:1,True,0,5,True,0.3184713375796178,0.3184713375796178,-0.42476833045462803,True,0,0,1,True,-0.9498108615856425,140.0,340.0,1.0,0.0,0.0,0.0,0.0
2025-02-18 18:45:00+00:00,2025-02-18,2025-02-18:1,True,0,10,True,0.10954063604240283,0.10954063604240283,-0.4201363884396869,True,0,0,1,True,-0.265304996124246,135.0,345.0,1.0,0.0,0.0,0.0,0.0
2025-02-18 18:50:00+00:00,2025-02-18,2025-02-18:1,True,0,15,True,-0.1524390243902439,0.1524390243902439,0.4123455085767484,True,0,0,1,True,-0.9220325873969527,130.0,350.0,1.0,0.0,0.0,0.0,0.0
2025-02-18 18:55:00+00:00,2025-02-18,2025-02-18:1,True,0,20,True,0.14012738853503184,0.06214642173707031,0.8130586853176808,True,0,0,1,True,0.9090272450321805,125.0,355.0,1.0,0.0,0.0,0.0,0.0
2025-02-18 19:00:00+00:00,2025-02-18,2025-02-18:1,True,0,25,True,-0.09734513274336283,0.06593347093874326,-0.38961651551126975,True,0,0,1,True,0.8712090138422764,120.0,360.0,1.0,0.0,0.0,0.0,0.0
2025-02-18 19:05:00+00:00,2025-02-18,2025-02-18:1,True,0,30,True,-0.09897610921501707,0.09897610921501707,0.0,True,0,0,1,True,0.9168726336122677,115.0,365.0,1.0,0.0,0.0,0.0,0.0
2025-02-18 19:10:00+00:00,2025-02-18,2025-02-18:1,True,0,35,True,-0.2316715542521994,0.2316715542521994,0.3968290685019514,True,0,0,1,True,-0.3069921434202266,110.0,370.0,1.0,0.0,0.0,0.0,0.0
2025-02-18 19:15:00+00:00,2025-02-18,2025-02-18:1,True,0,40,True,0.044444444444444446,0.024793104786611616,0.5836743880570289,True,0,0,1,True,-0.43504520280950904,105.0,375.0,1.0,0.0,0.0,0.0,0.0
2025-02-18 19:20:00+00:00,2025-02-18,2025-02-18:1,True,0,45,True,0.2661064425770308,0.17803372521582844,0.4019233889530004,True,0,0,1,True,0.0,100.0,380.0,1.0,0.0,0.0,0.0,0.0
2025-02-18 19:25:00+00:00,2025-02-18,2025-02-18:1,True,0,50,True,0.1832797427652733,0.1832797427652733,-0.41440322702031557,True,0,0,1,True,-0.5932625048947524,95.0,385.0,1.0,0.0,0.0,0.0,0.0
2025-02-18 19:30:00+00:00,2025-02-18,2025-02-18:1,True,0,55,True,0.022857142857142857,0.011546432220230926,0.6828871756110411,True,0,0,1,True,-1.0179880970841542,90.0,390.0,1.0,0.0,0.0,0.0,0.0
2025-02-18 19:35:00+00:00,2025-02-18,2025-02-18:1,True,1,5,True,0.03492063492063492,0.013660803518718352,0.9385472377956354,True,0,0,1,True,1.0493277119043416,85.0,395.0,0.0,1.0,0.0,0.0,0.0
2025-02-18 19:40:00+00:00,2025-02-18,2025-02-18:1,True,2,5,True,-0.39933993399339934,0.39933993399339934,0.0,True,0,0,1,True,0.392956038375467,80.0,400.0,0.0,0.0,1.0,0.0,0.0
2025-02-18 19:45:00+00:00,2025-02-18,2025-02-18:1,True,0,5,True,0.07575757575757576,0.07575757575757576,-0.46774846652484353,True,0,0,1,True,-2.0918347350386974,75.0,405.0,1.0,0.0,0.0,0.0,0.0
2025-02-18 19:50:00+00:00,2025-02-18,2025-02-18:1,True,0,10,True,0.014492753623188406,0.014492753623188406,-1.6424935880988316,True,0,0,1,True,0.0,70.0,410.0,1.0,0.0,0.0,0.0,0.0
2025-02-18 19:55:00+00:00,2025-02-18,2025-02-18:1,True,0,15,True,-0.20821114369501467,0.17124383735292095,-0.1954641885054376,True,0,0,1,True,-0.874142425329983,65.0,415.0,1.0,0.0,0.0,0.0,0.0
2025-02-18 20:00:00+00:00,2025-02-18,2025-02-18:1,True,0,20,True,-0.20652173913043478,0.13969721131193766,-0.39092837701197225,True,0,0,1,True,-0.8741424253324361,60.0,420.0,1.0,0.0,0.0,0.0,0.0
2025-02-18 20:05:00+00:00,2025-02-18,2025-02-18:1,True,3,5,True,0.40860215053763443,0.40860215053763443,-0.38370771303903334,True,0,0,1,True,-3.0802093583464787,55.0,425.0,0.0,0.0,0.0,1.0,0.0
2025-02-18 20:10:00+00:00,2025-02-18,2025-02-18:1,True,0,5,True,0.07471264367816093,0.023102011311440268,1.1737296537324295,True,0,0,1,True,-1.5219118157975173,50.0,430.0,1.0,0.0,0.0,0.0,0.0
2025-02-18 20:15:00+00:00,2025-02-18,2025-02-18:1,True,0,10,True,-0.1678832116788321,0.09599176142792852,-0.559006199757018,True,0,0,1,True,1.1047333697652502,45.0,435.0,1.0,0.0,0.0,0.0,0.0
2025-02-18 20:20:00+00:00,2025-02-18,2025-02-18:1,True,0,15,True,0.03571428571428571,0.03571428571428571,-1.6492060157357435,True,0,0,1,True,0.1609682337721939,40.0,440.0,1.0,0.0,0.0,0.0,0.0
2025-02-18 20:25:00+00:00,2025-02-18,2025-02-18:1,True,3,5,True,-0.08896797153024912,0.03070659417373516,-1.0637990090556133,True,0,0,1,True,0.6148805822842923,35.0,445.0,0.0,0.0,0.0,1.0,0.0
2025-02-18 20:30:00+00:00,2025-02-18,2025-02-18:1,True,3,10,True,-0.0196078431372549,0.00414338551903556,-1.5544164343815183,True,0,0,1,True,1.1585936042071876,30.0,450.0,0.0,0.0,0.0,1.0,0.0
2025-02-18 20:35:00+00:00,2025-02-18,2025-02-18:1,True,4,5,True,-0.08571428571428572,0.08571428571428572,1.2491869917834153,True,1,0,1,True,1.9879969793875945,25.0,455.0,0.0,0.0,0.0,0.0,1.0
2025-02-18 20:40:00+00:00,2025-02-18,2025-02-18:1,True,4,10,True,-0.058419243986254296,0.058419243986254296,0.5981939501039227,True,1,0,1,True,-0.5350409344655079,20.0,460.0,0.0,0.0,0.0,0.0,1.0
2025-02-18 20:45:00+00:00,2025-02-18,2025-02-18:1,True,0,5,True,-0.2549019607843137,0.2549019607843137,0.23657637127754777,True,1,0,1,True,-1.5172561380406941,15.0,465.0,1.0,0.0,0.0,0.0,0.0
2025-02-18 20:50:00+00:00,2025-02-18,2025-02-18:1,True,3,5,True,0.06142506142506143,0.06142506142506143,-1.5152301736483684,True,0,1,2,True,-0.34879475236725294,10.0,470.0,0.0,0.0,0.0,1.0,0.0
2025-02-18 20:55:00+00:00,2025-02-18,2025-02-18:1,True,0,5,True,0.10897435897435898,0.06269030884367174,0.5529057439929536,True,0,0,2,True,0.2737560615613661,5.0,475.0,1.0,0.0,0.0,0.0,0.0
2025-02-18 21:00:00+00:00,2025-02-18,2025-02-18:1,True,0,10,True,-0.01910828025477707,0.01910828025477707,0.0,True,0,0,2,True,0.4881018943220282,0.0,480.0,1.0,0.0,0.0,0.0,0.0
